ID,TestNo,PlayTime,LoadValue,PositionValue,DeformValue,ExtDevValue,PercentWatch,YBValue,YLValue,DeformSwitch,CtrlStep,ExtendDevice1,ExtendDevice2,ExtendDevice3,ExtendDevice4,ExtendDevice5,ExtendDevice6,Engineering Strain,Engineering Stress,Ture Strain,Ture Stress
31847,8994,0.1333333,82.045,0.0006,6.9e-05,-1.298026,0,0,0,0,0,0,0,0,0,0,0,1.38e-06,3.31922364404652,1.37999904785166e-06,3.31922822457515
31848,8994,0.2,83.12,0.00267,0.000103,-1.302899,0,0,0,0,0,0,0,0,0,0,0,2.06e-06,3.36271398980007,2.05999787811782e-06,3.36272091699089
31849,8994,0.2666667,86.34,0.00497,0.000185,-1.305961,0,0,0,0,0,0,0,0,0,0,0,3.7e-06,3.49298274638279,3.69999315495675e-06,3.49299567041896
31850,8994,0.3333333,90.72,0.00732,0.000287,-1.303513,0,0,0,0,0,0,0,0,0,0,0,5.74e-06,3.67018062024377,5.73998352623936e-06,3.67020168708053
31851,8994,0.4,94.975,0.00956,0.000382,-1.305266,0,0,0,0,0,0,0,0,0,0,0,7.64e-06,3.84232147715666,7.63997081532409e-06,3.84235083249274
31852,8994,0.4666667,99.84,0.0118,0.000484,-1.313071,0,0,0,0,0,0,0,0,0,0,0,9.68e-06,4.03914057677621,9.67995314911425e-06,4.039179675657
31853,8994,0.5333334,104.705,0.01412,0.000597,-1.299602,0,0,0,0,0,0,0,0,0,0,0,1.194e-05,4.23595967639577,1.1939928718811e-05,4.2360102537543
31854,8994,0.6,109.955,0.01632,0.000709,-1.300262,0,0,0,0,0,0,0,0,0,0,0,1.418e-05,4.44835438821543,1.41798994647252e-05,4.44841746588065
31855,8994,0.6666667,116.115,0.01852,0.000827,-1.305139,0,0,0,0,0,0,0,0,0,0,0,1.654e-05,4.69756418341717,1.65398632157731e-05,4.69764188112876
31856,8994,0.7333333,122.96,0.02084,0.000963,-1.304401,0,0,0,0,0,0,0,0,0,0,0,1.926e-05,4.97448643149442,1.92598145285469e-05,4.97458224010309
31857,8994,0.8,130.055,0.023,0.001083,-1.308145,0,0,0,0,0,0,0,0,0,0,0,2.166e-05,5.26152271346785,2.16597654256217e-05,5.26163667804983
31858,8994,0.8666667,136.86,0.02514,0.001224,-1.302588,0,0,0,0,0,0,0,0,0,0,0,2.448e-05,5.53682671612172,2.44797003696834e-05,5.53696225763973
31859,8994,0.9333333,143.02,0.02746,0.001347,-1.290616,0,0,0,0,0,0,0,0,0,0,0,2.694e-05,5.78603651132346,2.6939637124637e-05,5.78619238714707
31860,8994,1,149.15,0.0297,0.001472,-1.293819,0,0,0,0,0,0,0,0,0,0,0,2.944e-05,6.03403262245765,2.94395666517524e-05,6.03421026437806
31861,8994,1.066667,154.905,0.03186,0.001572,-1.300218,0,0,0,0,0,0,0,0,0,0,0,3.144e-05,6.26685768274759,3.14395057736637e-05,6.26705471275313
31862,8994,1.133333,159.895,0.03412,0.001677,-1.299676,0,0,0,0,0,0,0,0,0,0,0,3.354e-05,6.46873379931523,3.3539437546775e-05,6.46895076064686
31863,8994,1.2,164.16,0.03636,0.001741,-1.295175,0,0,0,0,0,0,0,0,0,0,0,3.482e-05,6.64127921758396,3.48193937978629e-05,6.64151046692632
31864,8994,1.266667,167.79,0.03856,0.001825,-1.29065,0,0,0,0,0,0,0,0,0,0,0,3.65e-05,6.78813498975642,3.64993338912035e-05,6.78838275668354
31865,8994,1.333333,170.625,0.04078,0.001907,-1.291052,0,0,0,0,0,0,0,0,0,0,0,3.814e-05,6.90282813413903,3.81392726887129e-05,6.90309140800407
31866,8994,1.4,173.06,0.043,0.001956,-1.299943,0,0,0,0,0,0,0,0,0,0,0,3.912e-05,7.00133882428777,3.91192348328146e-05,7.00161271666258
31867,8994,1.466667,175.335,0.0452,0.002027,-1.293928,0,0,0,0,0,0,0,0,0,0,0,4.054e-05,7.09337653274296,4.05391782764972e-05,7.0936640982276
31868,8994,1.533333,177.505,0.04742,0.002089,-1.295291,0,0,0,0,0,0,0,0,0,0,0,4.178e-05,7.18116634696175,4.17791272402115e-05,7.18146637609173
31869,8994,1.6,179.575,0.0497,0.002102,-1.295917,0,0,0,0,0,0,0,0,0,0,0,4.204e-05,7.26491054762208,4.20391163440423e-05,7.2652159644615
31870,8994,1.666667,181.65,0.05192,0.002137,-1.296519,0,0,0,0,0,0,0,0,0,0,0,4.274e-05,7.34885702896033,4.27390866722647e-05,7.34917111910974
31871,8994,1.733333,183.575,0.0541,0.002163,-1.299985,0,0,0,0,0,0,0,0,0,0,0,4.326e-05,7.42673508996087,4.32590643131745e-05,7.42705637052086
31872,8994,1.8,185.33,0.05638,0.002207,-1.30365,0,0,0,0,0,0,0,0,0,0,0,4.414e-05,7.49773560791201,4.41390258588359e-05,7.49806655796175
31873,8994,1.866667,187.375,0.0586,0.002253,-1.296303,0,0,0,0,0,0,0,0,0,0,0,4.506e-05,7.58046840518272,4.50589848286258e-05,7.58080998108906
31874,8994,1.933333,189.36,0.06078,0.002294,-1.294218,0,0,0,0,0,0,0,0,0,0,0,4.588e-05,7.66077383431834,4.58789475450446e-05,7.66112531062186
31875,8994,2,191.195,0.06306,0.00235,-1.299239,0,0,0,0,0,0,0,0,0,0,0,4.7e-05,7.73501084311626,4.69988955345147e-05,7.73537438862589
31876,8994,2.066667,193.13,0.06528,0.002388,-1.303054,0,0,0,0,0,0,0,0,0,0,0,4.776e-05,7.81329346547265,4.77588595274648e-05,7.81366662836857
31877,8994,2.133333,194.995,0.06743,0.00246,-1.299261,0,0,0,0,0,0,0,0,0,0,0,4.92e-05,7.88874415833812,4.91987897197795e-05,7.88913228455071
31878,8994,2.2,196.59,0.06974,0.002493,-1.293556,0,0,0,0,0,0,0,0,0,0,0,4.986e-05,7.95327169459571,4.98587570315843e-05,7.9536682447224
31879,8994,2.266667,198.48,0.07195999,0.002542,-1.297858,0,0,0,0,0,0,0,0,0,0,0,5.084e-05,8.02973379085079,5.08387076911079e-05,8.03014202251671
31880,8994,2.333333,199.845,0.07409,0.002562,-1.300058,0,0,0,0,0,0,0,0,0,0,0,5.124e-05,8.0849564159239,5.12386872759394e-05,8.08537068909065
31881,8994,2.4,165.3,0.07638,0.002086,-1.299651,0,0,0,0,0,0,0,0,0,0,0,4.172e-05,6.68739921215052,4.17191297450275e-05,6.68767821044565
31882,8994,2.466667,102.82,0.07866,0.001306,-1.301856,0,0,0,0,0,0,0,0,0,0,0,2.612e-05,4.15969986081861,2.61196588787584e-05,4.15980851217898
31883,8994,2.533333,98.965,0.08079,0.001316,-1.308679,0,0,0,0,0,0,0,0,0,0,0,2.632e-05,4.0037414581396,2.63196536347906e-05,4.00384683661478
31884,8994,2.6,104.37,0.08303,0.00148,-1.308423,0,0,0,0,0,0,0,0,0,0,0,2.96e-05,4.22240687097489,2.95995619286076e-05,4.22253185421827
31885,8994,2.666667,110.285,0.08528,0.001631,-1.308165,0,0,0,0,0,0,0,0,0,0,0,3.262e-05,4.46170491295838,3.26194679794084e-05,4.46185045377264
31886,8994,2.733333,116.855,0.08745,0.001756,-1.312943,0,0,0,0,0,0,0,0,0,0,0,3.512e-05,4.72750172374984,3.51193833071829e-05,4.72766775361038
31887,8994,2.8,123.53,0.08969,0.001894,-1.319975,0,0,0,0,0,0,0,0,0,0,0,3.788e-05,4.9975464287777,3.78792825709631e-05,4.99773573583642
31888,8994,2.866667,130.115,0.09195,0.002053,-1.317655,0,0,0,0,0,0,0,0,0,0,0,4.106e-05,5.26395008160293,4.10591570613111e-05,5.26416621939328
31889,8994,2.933333,137.325,0.09415,0.002186,-1.318218,0,0,0,0,0,0,0,0,0,0,0,4.372e-05,5.5556388191686,4.37190443087355e-05,5.55588171169778
31890,8994,3,144.2,0.09638999,0.002314,-1.320519,0,0,0,0,0,0,0,0,0,0,0,4.628e-05,5.8337747513134,4.62789291139054e-05,5.83404473840889
31891,8994,3.066667,150.89,0.09866,0.002414,-1.32883,0,0,0,0,0,0,0,0,0,0,0,4.828e-05,6.10442629837503,4.82788345582122e-05,6.10472102007671
31892,8994,3.133333,157.905,0.10083,0.002578,-1.339599,0,0,0,0,0,0,0,0,0,0,0,5.156e-05,6.38822608950168,5.15586708288384e-05,6.38855546643885
31893,8994,3.2,164.65,0.10303,0.00269,-1.337775,0,0,0,0,0,0,0,0,0,0,0,5.38e-05,6.66110272402047,5.37985528320086e-05,6.66146109134702
31894,8994,3.266667,171.065,0.10531,0.00279,-1.330323,0,0,0,0,0,0,0,0,0,0,0,5.58e-05,6.9206288337963,5.57984432378505e-05,6.92101500488523
31895,8994,3.333333,177.65,0.10747,0.002918,-1.323351,0,0,0,0,0,0,0,0,0,0,0,5.836e-05,7.18703248662154,5.8358297121377e-05,7.18745192183745
31896,8994,3.4,183.835,0.10971,0.003049,-1.327992,0,0,0,0,0,0,0,0,0,0,0,6.098e-05,7.43725368521289,6.09781407953707e-05,7.43770720894261
31897,8994,3.466667,189.605,0.11201,0.003154,-1.325478,0,0,0,0,0,0,0,0,0,0,0,6.308e-05,7.6706855875366,6.30780105405671e-05,7.67116945438346
31898,8994,3.533333,195.07,0.11419,0.003228,-1.319088,0,0,0,0,0,0,0,0,0,0,0,6.456e-05,7.89177836850697,6.45579160928822e-05,7.89228786171844
31899,8994,3.6,199.63,0.11637,0.003322,-1.32334,0,0,0,0,0,0,0,0,0,0,0,6.644e-05,8.07625834677319,6.64377929608465e-05,8.07679493337775
31900,8994,3.666667,202.955,0.11867,0.003404,-1.324904,0,0,0,0,0,0,0,0,0,0,0,6.808e-05,8.21077499759231,6.80776826618905e-05,8.21133398715414
31901,8994,3.733333,205.43,0.12083,0.003463,-1.327143,0,0,0,0,0,0,0,0,0,0,0,6.926e-05,8.31090393316444,6.92576016370107e-05,8.31147954637085
31902,8994,3.8,206.64,0.12297,0.003479,-1.313421,0,0,0,0,0,0,0,0,0,0,0,6.958e-05,8.35985585722192,6.95775794239843e-05,8.36043753599246
31903,8994,3.866667,207.76,0.12529,0.003499,-1.322075,0,0,0,0,0,0,0,0,0,0,0,6.998e-05,8.40516672907678,6.99775515139434e-05,8.40575492264448
31904,8994,3.933333,209.49,0.12753,0.003563,-1.324336,0,0,0,0,0,0,0,0,0,0,0,7.126e-05,8.47515584363831,7.12574611267191e-05,8.47575978324373
31905,8994,4,211.21,0.12973,0.003599,-1.329234,0,0,0,0,0,0,0,0,0,0,0,7.198e-05,8.54474039684399,7.19774095640772e-05,8.54535544725775
31906,8994,4.066667,212.915,0.13197,0.003642,-1.328431,0,0,0,0,0,0,0,0,0,0,0,7.284e-05,8.6137181080159,7.28373472960885e-05,8.61434553124289
31907,8994,4.133333,214.725,0.13421,0.003673,-1.31986,0,0,0,0,0,0,0,0,0,0,0,7.346e-05,8.6869437134242,7.34573019464126e-05,8.68758185630939
31908,8994,4.2,216.15,0.13641,0.003681,-1.332964,0,0,0,0,0,0,0,0,0,0,0,7.362e-05,8.7445937066324,7.36172901807936e-05,8.74523748362108
31909,8994,4.266667,217.595,0.13863,0.003701,-1.334681,0,0,0,0,0,0,0,0,0,0,0,7.402e-05,8.80305282255228,7.40172606549847e-05,8.80370442452221
31910,8994,4.333333,218.98,0.14085,0.00375,-1.326151,0,0,0,0,0,0,0,0,0,0,0,7.5e-05,8.85908457033709,7.49971876406643e-05,8.85974900167986
31911,8994,4.4,220.725,0.14307,0.003793,-1.320719,0,0,0,0,0,0,0,0,0,0,0,7.586e-05,8.92968052693239,7.58571227756376e-05,8.93035793249716
31912,8994,4.466667,222.575,0.14529,0.003822,-1.319633,0,0,0,0,0,0,0,0,0,0,0,7.644e-05,9.00452437776408,7.64370786120284e-05,9.00521268360751
31913,8994,4.533333,224.755,0.14755,0.003873,-1.314177,0,0,0,0,0,0,0,0,0,0,0,7.746e-05,9.09271875333872,7.7457000129086e-05,9.09342307533335
31914,8994,4.6,226.84,0.14977,0.003934,-1.31674,0,0,0,0,0,0,0,0,0,0,0,7.868e-05,9.17706979603281,7.86769048912564e-05,9.17779184788436
31915,8994,4.666667,228.705,0.15195,0.00398,-1.316506,0,0,0,0,0,0,0,0,0,0,0,7.96e-05,9.25252048889827,7.95968320881779e-05,9.25325698952919
31916,8994,4.733333,230.6,0.15423,0.003993,-1.307419,0,0,0,0,0,0,0,0,0,0,0,7.986e-05,9.32918486583127,7.98568113600047e-05,9.32992989453466
31917,8994,4.8,232.63,0.15643,0.004042,-1.316006,0,0,0,0,0,0,0,0,0,0,0,8.084e-05,9.41131082106821,8.08367326233706e-05,9.41207163143499
31918,8994,4.866667,234.68,0.15861,0.004118,-1.31458,0,0,0,0,0,0,0,0,0,0,0,8.236e-05,9.49424589901684,8.23566086013572e-05,9.49502784510909
31919,8994,4.933333,236.65,0.16087,0.004154,-1.324497,0,0,0,0,0,0,0,0,0,0,0,8.308e-05,9.5739444861187,8.30765490479486e-05,9.5747398894266
31920,8994,5,238.835,0.16311,0.004185,-1.341253,0,0,0,0,0,0,0,0,0,0,0,8.37e-05,9.66234114237126,8.36964973504663e-05,9.66314988032488
31921,8994,5.066667,241,0.16527,0.004241,-1.329078,0,0,0,0,0,0,0,0,0,0,0,8.482e-05,9.74992867591213,8.48164029872941e-05,9.75075566486242
31922,8994,5.133333,242.915,0.16755,0.00429,-1.321372,0,0,0,0,0,0,0,0,0,0,0,8.58e-05,9.82740217555683,8.57963193904431e-05,9.82824536666349
31923,8994,5.2,245.08,0.16981,0.004326,-1.323085,0,0,0,0,0,0,0,0,0,0,0,8.652e-05,9.9149897090977,8.65162573606527e-05,9.91584755400733
31924,8994,5.266667,247.265,0.17193,0.004344,-1.317772,0,0,0,0,0,0,0,0,0,0,0,8.688e-05,10.0033863653503,8.68762261513911e-05,10.0042554595577
31925,8994,5.333333,249.245,0.17421,0.004372,-1.321425,0,0,0,0,0,0,0,0,0,0,0,8.744e-05,10.083489513808,8.74361773459723e-05,10.084371214131
31926,8994,5.4,251.45,0.17651,0.004436,-1.320356,0,0,0,0,0,0,0,0,0,0,0,8.872e-05,10.1726952927722,8.87160646134944e-05,10.1735978142986
31927,8994,5.466667,253.65,0.17865,0.004487,-1.320263,0,0,0,0,0,0,0,0,0,0,0,8.974e-05,10.2616987910586,8.97359736070332e-05,10.2626196759081
31928,8994,5.533333,255.58,0.18087,0.004528,-1.32512,0,0,0,0,0,0,0,0,0,0,0,9.056e-05,10.339779132737,9.05558996908203e-05,10.3407155031353
31929,8994,5.6,257.585,0.18315,0.004533,-1.320291,0,0,0,0,0,0,0,0,0,0,0,9.066e-05,10.4208936845843,9.06558906304776e-05,10.4218384428058
31930,8994,5.666667,259.98,0.18533,0.004589,-1.331402,0,0,0,0,0,0,0,0,0,0,0,9.178e-05,10.5177861293097,9.17757884734731e-05,10.5187514517206
31931,8994,5.733333,262.025,0.18753,0.004641,-1.335128,0,0,0,0,0,0,0,0,0,0,0,9.282e-05,10.6005189265804,9.28156924904511e-05,10.6015028667472
31932,8994,5.8,264.065,0.18981,0.004679,-1.335481,0,0,0,0,0,0,0,0,0,0,0,9.358e-05,10.6830494431732,9.35756216648741e-05,10.6840491629401
31933,8994,5.866667,266.38,0.19199,0.00471,-1.33571,0,0,0,0,0,0,0,0,0,0,0,9.42e-05,10.7767053970518,9.41955634585458e-05,10.7777205627002
31934,8994,5.933333,268.545,0.19421,0.004746,-1.333673,0,0,0,0,0,0,0,0,0,0,0,9.492e-05,10.8642929305926,9.49154953818483e-05,10.8653241692776
31935,8994,6,270.69,0.19651,0.004789,-1.333233,0,0,0,0,0,0,0,0,0,0,0,9.578e-05,10.9510713414218,9.57754133887689e-05,10.9521202350349
31936,8994,6.066667,272.95,0.19869,0.004838,-1.330929,0,0,0,0,0,0,0,0,0,0,0,9.676e-05,11.0425022078432,9.67553190530679e-05,11.0435706803568
31937,8994,6.133333,275.015,0.20085,0.004856,-1.327763,0,0,0,0,0,0,0,0,0,0,0,9.712e-05,11.1260441278256,9.71152841580832e-05,11.1271246892313
31938,8994,6.2,277.19,0.20315,0.004925,-1.33457,0,0,0,0,0,0,0,0,0,0,0,9.85e-05,11.2140362227223,9.8495149193535e-05,11.2151408052903
31939,8994,6.266667,279.48,0.20533,0.004961,-1.327671,0,0,0,0,0,0,0,0,0,0,0,9.922e-05,11.3066807732113,9.92150780214363e-05,11.3078026220776
31940,8994,6.333333,281.715,0.20751,0.005017,-1.325378,0,0,0,0,0,0,0,0,0,0,0,0.00010034,11.3971002362431,0.000100334966278841,11.3982438212808
31941,8994,6.4,283.77,0.20985,0.005081,-1.334453,0,0,0,0,0,0,0,0,0,0,0,0.00010162,11.4802375948696,0.000101614837037484,11.481404216614
31942,8994,6.466667,286.18,0.21205,0.005122,-1.342064,0,0,0,0,0,0,0,0,0,0,0,0.00010244,11.5777368816288,0.000102434753381543,11.5789229049949
31943,8994,6.533333,288.255,0.21421,0.005173,-1.337472,0,0,0,0,0,0,0,0,0,0,0,0.00010346,11.661683362967,0.000103454648383371,11.6628898807278
31944,8994,6.6,290.385,0.21651,0.005193,-1.327962,0,0,0,0,0,0,0,0,0,0,0,0.00010386,11.7478549317624,0.00010385460692368,11.7490750639756
31945,8994,6.666667,292.54,0.21873,0.005224,-1.324575,0,0,0,0,0,0,0,0,0,0,0,0.00010448,11.8350379039474,0.000104474542345014,11.8362744287077
31946,8994,6.733333,294.84,0.22085,0.00527,-1.329109,0,0,0,0,0,0,0,0,0,0,0,0.0001054,11.9280870157923,0.000105394445810304,11.9293442361637
31947,8994,6.8,296.785,0.22313,0.005309,-1.326014,0,0,0,0,0,0,0,0,0,0,0,0.00010618,12.0067741995045,0.000106174363302755,12.008049078789
31948,8994,6.866667,299.14,0.22539,0.005342,-1.316975,0,0,0,0,0,0,0,0,0,0,0,0.00010684,12.1020483988065,0.000106834293013627,12.1033413816574
31949,8994,6.933333,301.4,0.22757,0.005385,-1.313648,0,0,0,0,0,0,0,0,0,0,0,0.0001077,12.1934792652279,0.000107694200771425,12.1947925029447
31950,8994,7,303.63,0.22981,0.005431,-1.322753,0,0,0,0,0,0,0,0,0,0,0,0.00010862,12.2836964475817,0.000108614101274946,12.2850307026899
31951,8994,7.066667,305.665,0.23207,0.005495,-1.323869,0,0,0,0,0,0,0,0,0,0,0,0.0001099,12.3660246834966,0.000109893961437417,12.3673837096093
31952,8994,7.133333,307.955,0.23427,0.005508,-1.330934,0,0,0,0,0,0,0,0,0,0,0,0.00011016,12.4586692339856,0.000110153932832739,12.4600416809884
31953,8994,7.2,310.05,0.23647,0.005542,-1.330599,0,0,0,0,0,0,0,0,0,0,0,0.00011084,12.5434248380355,0.000110833857701127,12.5448151512446
31954,8994,7.266667,312.075,0.23871,0.005608,-1.336249,0,0,0,0,0,0,0,0,0,0,0,0.00011216,12.6253485125945,0.000112153710537507,12.6267645716837
31955,8994,7.333333,314.055,0.24091,0.005641,-1.341923,0,0,0,0,0,0,0,0,0,0,0,0.00011282,12.7054516610522,0.000112813636302444,12.7068850901086
31956,8994,7.4,316.255,0.24311,0.005667,-1.341147,0,0,0,0,0,0,0,0,0,0,0,0.00011334,12.7944551593386,0.000113333577507441,12.7959052828863
31957,8994,7.466667,318.295,0.24539,0.005736,-1.34825,0,0,0,0,0,0,0,0,0,0,0,0.00011472,12.8769856759313,0.000114713420164034,12.8784629237281
31958,8994,7.533333,320.48,0.24763,0.005785,-1.338464,0,0,0,0,0,0,0,0,0,0,0,0.0001157,12.9653823321839,0.000115693307271279,12.9668824269197
31959,8994,7.6,322.36,0.24979,0.00582,-1.337832,0,0,0,0,0,0,0,0,0,0,0,0.0001164,13.0414398670831,0.00011639322604567,13.0429578906837
31960,8994,7.666667,324.405,0.25207,0.005856,-1.344808,0,0,0,0,0,0,0,0,0,0,0,0.00011712,13.1241726643538,0.00011711314198835,13.1257097674563
31961,8994,7.733333,326.365,0.25429,0.00591,-1.337808,0,0,0,0,0,0,0,0,0,0,0,0.0001182,13.2034666900998,0.000118193014930375,13.2050273398626
31962,8994,7.8,328.54,0.25645,0.005951,-1.331666,0,0,0,0,0,0,0,0,0,0,0,0.00011902,13.2914587849966,0.000119012917681833,13.2930407344212
31963,8994,7.866667,330.43,0.25873,0.005974,-1.331728,0,0,0,0,0,0,0,0,0,0,0,0.00011948,13.3679208812516,0.000119472862833243,13.3695180804385
31964,8994,7.933333,332.615,0.26097,0.006012,-1.33649,0,0,0,0,0,0,0,0,0,0,0,0.00012024,13.4563175375042,0.000120232771750604,13.4579355251249
31965,8994,8,334.545,0.26311,0.006061,-1.339398,0,0,0,0,0,0,0,0,0,0,0,0.00012122,13.5343978791827,0.000121212653449526,13.5360385188936
31966,8994,8.066667,336.495,0.26537,0.006097,-1.342036,0,0,0,0,0,0,0,0,0,0,0,0.00012194,13.6132873435728,0.000121932565922633,13.6149473478315
31967,8994,8.133333,338.31,0.26767,0.006138,-1.343086,0,0,0,0,0,0,0,0,0,0,0,0.00012276,13.6867152296591,0.000122752465607808,13.6883954108207
31968,8994,8.2,340.485,0.26979,0.006197,-1.345099,0,0,0,0,0,0,0,0,0,0,0,0.00012394,13.7747073245558,0.000123932320072694,13.7764145617816
31969,8994,8.266666,342.275,0.27203,0.006204,-1.338096,0,0,0,0,0,0,0,0,0,0,0,0.00012408,13.8471238072524,0.000124072302713484,13.8488419583744
31970,8994,8.333333,344.155,0.27435,0.006263,-1.345958,0,0,0,0,0,0,0,0,0,0,0,0.00012526,13.9231813421516,0.000125252155621156,13.9249253598465
31971,8994,8.4,346.08,0.27651,0.006312,-1.351598,0,0,0,0,0,0,0,0,0,0,0,0.00012624,14.0010594031522,0.00012623203240169,14.0028268968912
31972,8994,8.466666,347.83,0.27868,0.006317,-1.338986,0,0,0,0,0,0,0,0,0,0,0,0.00012634,14.0718576404254,0.000126332019774343,14.0736354789197
31973,8994,8.533334,349.345,0.28099,0.006355,-1.343228,0,0,0,0,0,0,0,0,0,0,0,0.0001271,14.1331486858362,0.00012709192347939,14.1349450090342
31974,8994,8.6,351.34,0.28319,0.006412,-1.349864,0,0,0,0,0,0,0,0,0,0,0,0.00012824,14.2138586763277,0.000128231777954124,14.2156814615643
31975,8994,8.666667,352.92,0.28536,0.006419,-1.349499,0,0,0,0,0,0,0,0,0,0,0,0.00012838,14.2777793705515,0.000128371759993066,14.2796123518671
31976,8994,8.733334,354.59,0.28765,0.00645,-1.349868,0,0,0,0,0,0,0,0,0,0,0,0.000129,14.3453411169779,0.00012899168021554,14.347191665982
31977,8994,8.8,356.22,0.28985,0.006486,-1.354306,0,0,0,0,0,0,0,0,0,0,0,0.00012972,14.411284617981,0.000129711587088452,14.4131540498216
31978,8994,8.866667,357.845,0.29206,0.006512,-1.346574,0,0,0,0,0,0,0,0,0,0,0,0.00013024,14.4770258383061,0.000130231519507584,14.4789113261513
31979,8994,8.933333,359.405,0.29437,0.00654,-1.342232,0,0,0,0,0,0,0,0,0,0,0,0.0001308,14.5401374098183,0.00013079144642585,14.5420392597915
31980,8994,9,361.215,0.29655,0.00657,-1.347077,0,0,0,0,0,0,0,0,0,0,0,0.0001314,14.6133630152266,0.000131391367776067,14.6152832111268
31981,8994,9.066667,362.755,0.2987,0.006611,-1.357948,0,0,0,0,0,0,0,0,0,0,0,0.00013222,14.675665464027,0.000132211259706235,14.6776058805146
31982,8994,9.133333,364.42,0.301,0.006637,-1.353413,0,0,0,0,0,0,0,0,0,0,0,0.00013274,14.7430249297755,0.000132731190825709,14.7449819189047
31983,8994,9.2,366.08,0.30318,0.00667,-1.350955,0,0,0,0,0,0,0,0,0,0,0,0.0001334,14.8101821148461,0.00013339110301118,14.8121577931402
31984,8994,9.266666,367.75,0.30538,0.006683,-1.350008,0,0,0,0,0,0,0,0,0,0,0,0.00013366,14.8777438612726,0.00013365106829799,14.8797324205171
31985,8994,9.333333,369.285,0.30768,0.006742,-1.34981,0,0,0,0,0,0,0,0,0,0,0,0.00013484,14.9398440293951,0.00013483090990441,14.941858517964
31986,8994,9.4,371.145,0.30988,0.006803,-1.349049,0,0,0,0,0,0,0,0,0,0,0,0.00013606,15.0150924415826,0.000136050744677703,15.0171353950602
31987,8994,9.466666,372.665,0.31206,0.006826,-1.347549,0,0,0,0,0,0,0,0,0,0,0,0.00013652,15.0765857676713,0.000136510681992938,15.0786440231604
31988,8994,9.533334,374.32,0.31436,0.00687,-1.338366,0,0,0,0,0,0,0,0,0,0,0,0.0001374,15.143540672064,0.000137390561484623,15.1456213945524
31989,8994,9.6,375.85,0.31658,0.006903,-1.328492,0,0,0,0,0,0,0,0,0,0,0,0.00013806,15.2054385595086,0.000138050470595327,15.2075378223561
31990,8994,9.666667,377.6,0.3187,0.006965,-1.332276,0,0,0,0,0,0,0,0,0,0,0,0.0001393,15.2762367967818,0.000139290298655985,15.2783647765676
31991,8994,9.733334,378.985,0.32096,0.006985,-1.333517,0,0,0,0,0,0,0,0,0,0,0,0.0001397,15.3322685445666,0.00013969024286378,15.3344104624823
31992,8994,9.8,380.795,0.32324,0.007044,-1.332627,0,0,0,0,0,0,0,0,0,0,0,0.00014088,15.4054941499749,0.000140870077344735,15.4076644759908
31993,8994,9.866667,382.455,0.32542,0.007082,-1.332328,0,0,0,0,0,0,0,0,0,0,0,0.00014164,15.4726513350455,0.000141629970002342,15.4748428813806
31994,8994,9.933333,384.16,0.32764,0.007146,-1.329005,0,0,0,0,0,0,0,0,0,0,0,0.00014292,15.5416290462174,0.000142909787909843,15.5438502558407
31995,8994,10,385.685,0.32992,0.007159,-1.332916,0,0,0,0,0,0,0,0,0,0,0,0.00014318,15.6033246529841,0.000143169750722137,15.6055587370079
31996,8994,10.06667,387.46,0.33212,0.00718,-1.335,0,0,0,0,0,0,0,0,0,0,0,0.0001436,15.6751342936469,0.000143589690506861,15.6773852429315
31997,8994,10.13333,388.85,0.33432,0.007218,-1.333193,0,0,0,0,0,0,0,0,0,0,0,0.00014436,15.7313683221097,0.000144349581097858,15.7336393024407
31998,8994,10.2,390.235,0.33656,0.007259,-1.333249,0,0,0,0,0,0,0,0,0,0,0,0.00014518,15.7874000698945,0.000145169462403765,15.7896920846366
31999,8994,10.26667,391.035,0.33876,0.007251,-1.331234,0,0,0,0,0,0,0,0,0,0,0,0.00014502,15.8197649783622,0.000145009485616259,15.8220591606794
32000,8994,10.33333,391.82,0.34098,0.007264,-1.325679,0,0,0,0,0,0,0,0,0,0,0,0.00014528,15.8515230447962,0.00014526944788271,15.8538259540642
32001,8994,10.4,392.21,0.34324,0.007231,-1.321679,0,0,0,0,0,0,0,0,0,0,0,0.00014462,15.8673009376743,0.000144609543535859,15.8695956667359
32002,8994,10.46667,392.605,0.34548,0.007251,-1.323922,0,0,0,0,0,0,0,0,0,0,0,0.00014502,15.8832811112302,0.000145009485616259,15.885584504657
32003,8994,10.53333,392.795,0.34764,0.007261,-1.334816,0,0,0,0,0,0,0,0,0,0,0,0.00014522,15.8909677769913,0.000145209456596587,15.8932754633319
32004,8994,10.6,393.12,0.3499,0.007292,-1.332157,0,0,0,0,0,0,0,0,0,0,0,0.00014584,15.9041160210563,0.000145829366381122,15.9064354773368
32005,8994,10.66667,393.345,0.35212,0.007274,-1.331764,0,0,0,0,0,0,0,0,0,0,0,0.00014548,15.9132186515629,0.000145469418811053,15.9155337066123
32006,8994,10.73333,393.625,0.35432,0.007295,-1.331757,0,0,0,0,0,0,0,0,0,0,0,0.0001459,15.9245463695266,0.000145889357630056,15.9268697608419
32007,8994,10.8,393.77,0.35656,0.0073,-1.327338,0,0,0,0,0,0,0,0,0,0,0,0.000146,15.9304125091864,0.000145989343037245,15.9327383494127
32008,8994,10.86667,394.3,0.3588,0.007313,-1.337337,0,0,0,0,0,0,0,0,0,0,0,0.00014626,15.9518542610463,0.00014624930504897,15.9541873792505
32009,8994,10.93333,394.5,0.36098,0.007318,-1.332971,0,0,0,0,0,0,0,0,0,0,0,0.00014636,15.9599454881632,0.000146349290420169,15.9622813857849
32010,8994,11,395.02,0.3632,0.007338,-1.328138,0,0,0,0,0,0,0,0,0,0,0,0.00014676,15.9809826786673,0.000146749231804771,15.9833280476852
32011,8994,11.06667,395.29,0.36552,0.007331,-1.334362,0,0,0,0,0,0,0,0,0,0,0,0.00014662,15.9919058352751,0.000146609252338321,15.9942505685087
32012,8994,11.13333,395.84,0.36768,0.007343,-1.340551,0,0,0,0,0,0,0,0,0,0,0,0.00014686,16.0141567098467,0.000146849217125984,16.0165085489011
32013,8994,11.2,396.115,0.36986,0.007333,-1.340226,0,0,0,0,0,0,0,0,0,0,0,0.00014666,16.0252821471325,0.00014664924647356,16.0276324150122
32014,8994,11.26667,396.8,0.3722,0.007366,-1.33826,0,0,0,0,0,0,0,0,0,0,0,0.00014732,16.052994600008,0.000147309149474404,16.0553595271725
32015,8994,11.33333,397.14,0.3744,0.007389,-1.332043,0,0,0,0,0,0,0,0,0,0,0,0.00014778,16.0667496861068,0.000147769081611508,16.0691240303754
32016,8994,11.4,397.605,0.37652,0.007425,-1.330681,0,0,0,0,0,0,0,0,0,0,0,0.0001485,16.0855617891537,0.000148488974966572,16.0879504950794
32017,8994,11.46667,398.025,0.37882,0.007412,-1.332899,0,0,0,0,0,0,0,0,0,0,0,0.00014824,16.1025533660993,0.000148229013536853,16.1049404086103
32018,8994,11.53333,398.695,0.38106,0.007446,-1.334494,0,0,0,0,0,0,0,0,0,0,0,0.00014892,16.129658976941,0.000148908912517548,16.1320610057559
32019,8994,11.6,398.985,0.38318,0.007466,-1.334329,0,0,0,0,0,0,0,0,0,0,0,0.00014932,16.1413912562606,0.000149308852878453,16.143801488803
32020,8994,11.66667,399.58,0.3855,0.007484,-1.342819,0,0,0,0,0,0,0,0,0,0,0,0.00014968,16.1654626569335,0.000149668799066531,16.167882303384
32021,8994,11.73333,400.04,0.38774,0.007507,-1.341704,0,0,0,0,0,0,0,0,0,0,0,0.00015014,16.1840724793024,0.000150128730118136,16.1865023559445
32022,8994,11.8,400.605,0.38988,0.00752,-1.33778,0,0,0,0,0,0,0,0,0,0,0,0.0001504,16.2069301959078,0.000150388691054002,16.2093677182093
32023,8994,11.86667,401.095,0.3922,0.00752,-1.332799,0,0,0,0,0,0,0,0,0,0,0,0.0001504,16.2267537023443,0.000150388691054002,16.2291942061011
32024,8994,11.93333,401.7,0.39442,0.007543,-1.325266,0,0,0,0,0,0,0,0,0,0,0,0.00015086,16.251229664373,0.000150848621774507,16.2536813248802
32025,8994,12,402.105,0.39654,0.00753,-1.322249,0,0,0,0,0,0,0,0,0,0,0,0.0001506,16.2676143992848,0.000150588660958426,16.2700643020134
32026,8994,12.06667,402.745,0.39884,0.00754,-1.328592,0,0,0,0,0,0,0,0,0,0,0,0.0001508,16.293506326059,0.000150788630822862,16.295963386813
32027,8994,12.13333,403.21,0.40108,0.007561,-1.327234,0,0,0,0,0,0,0,0,0,0,0,0.00015122,16.3123184291059,0.000151208567408351,16.3147851778988
32028,8994,12.2,403.755,0.40324,0.007558,-1.32549,0,0,0,0,0,0,0,0,0,0,0,0.00015116,16.3343670229996,0.0001511485764783,16.3368361259188
32029,8994,12.26667,404.215,0.40552,0.007563,-1.330325,0,0,0,0,0,0,0,0,0,0,0,0.00015126,16.3529768453686,0.000151248561359644,16.3554503966462
32030,8994,12.33333,404.92,0.40776,0.007602,-1.336903,0,0,0,0,0,0,0,0,0,0,0,0.00015204,16.3814984209558,0.000152028443090502,16.3839890639757
32031,8994,12.4,405.355,0.40992,0.007602,-1.345309,0,0,0,0,0,0,0,0,0,0,0,0.00015204,16.3990968399351,0.000152028443090502,16.4015901586187
32032,8994,12.46667,405.935,0.41218,0.00761,-1.3563,0,0,0,0,0,0,0,0,0,0,0,0.0001522,16.4225613985742,0.000152188418755142,16.4250609124191
32033,8994,12.53333,406.42,0.41448,0.007627,-1.358927,0,0,0,0,0,0,0,0,0,0,0,0.00015254,16.4421826243328,0.000152528366957167,16.4446907148703
32034,8994,12.6,406.945,0.4166,0.00765,-1.354354,0,0,0,0,0,0,0,0,0,0,0,0.000153,16.4634220955148,0.000152988296693792,16.4659409990954
32035,8994,12.66667,407.32,0.41878,0.007668,-1.35332,0,0,0,0,0,0,0,0,0,0,0,0.00015336,16.478593146359,0.00015334824155747,16.481120303404
32036,8994,12.73333,408.165,0.4211,0.007699,-1.350706,0,0,0,0,0,0,0,0,0,0,0,0.00015398,16.5127785809281,0.000153968146296716,16.515321218574
32037,8994,12.8,408.605,0.4233,0.007697,-1.341877,0,0,0,0,0,0,0,0,0,0,0,0.00015394,16.5305792805854,0.000153928152453967,16.5331239979598
32038,8994,12.86667,409.145,0.42548,0.007712,-1.345658,0,0,0,0,0,0,0,0,0,0,0,0.00015424,16.5524255938011,0.000154228106234264,16.5549786399247
32039,8994,12.93333,409.61,0.42776,0.007748,-1.350958,0,0,0,0,0,0,0,0,0,0,0,0.00015496,16.571237696848,0.000154947994939313,16.5738055758415
32040,8994,13,410.235,0.43,0.007801,-1.341783,0,0,0,0,0,0,0,0,0,0,0,0.00015602,16.5965227815884,0.000156007830145534,16.5991121710728
32041,8994,13.06667,410.615,0.43216,0.007801,-1.337761,0,0,0,0,0,0,0,0,0,0,0,0.00015602,16.6118961131106,0.000156007830145534,16.6144879011422
32042,8994,13.13333,411.28,0.4344,0.007799,-1.338254,0,0,0,0,0,0,0,0,0,0,0,0.00015598,16.6387994432744,0.000155967836384582,16.6413947632116
32043,8994,13.2,411.735,0.43662,0.007822,-1.341144,0,0,0,0,0,0,0,0,0,0,0,0.00015644,16.6572069849655,0.000156427764539296,16.6598128384262
32044,8994,13.26667,412.24,0.4388,0.00784,-1.341903,0,0,0,0,0,0,0,0,0,0,0,0.0001568,16.6776373334358,0.000156787708164958,16.6802523869696
32045,8994,13.33333,412.75,0.44108,0.007822,-1.339697,0,0,0,0,0,0,0,0,0,0,0,0.00015644,16.698269962584,0.000156427764539296,16.7008822399369
32046,8994,13.4,413.44,0.44332,0.007837,-1.343895,0,0,0,0,0,0,0,0,0,0,0,0.00015674,16.7261846961374,0.000156727717569604,16.7288063583267
32047,8994,13.46667,413.835,0.4455,0.007863,-1.346384,0,0,0,0,0,0,0,0,0,0,0,0.00015726,16.7421648696933,0.000157247635942368,16.7447977425408
32048,8994,13.53333,414.46,0.44774,0.007883,-1.353874,0,0,0,0,0,0,0,0,0,0,0,0.00015766,16.7674499544338,0.000157647572968295,16.7700935105936
32049,8994,13.6,414.955,0.44998,0.007891,-1.349091,0,0,0,0,0,0,0,0,0,0,0,0.00015782,16.7874757415482,0.000157807547734013,16.7901251409697
32050,8994,13.66667,415.56,0.45218,0.007889,-1.351248,0,0,0,0,0,0,0,0,0,0,0,0.00015778,16.811951703577,0.000157767554045039,16.8146042933167
32051,8994,13.73333,415.99,0.45442,0.007909,-1.349492,0,0,0,0,0,0,0,0,0,0,0,0.00015818,16.8293478418784,0.00015816749086281,16.83200990812
32052,8994,13.8,416.595,0.45666,0.007937,-1.352722,0,0,0,0,0,0,0,0,0,0,0,0.00015874,16.8538238039071,0.000158727402139418,16.8564991798977
32053,8994,13.86667,416.88,0.45886,0.007924,-1.351806,0,0,0,0,0,0,0,0,0,0,0,0.00015848,16.8653538025487,0.000158467443371504,16.8680266238194
32054,8994,13.93333,417.455,0.46106,0.00795,-1.347862,0,0,0,0,0,0,0,0,0,0,0,0.000159,16.88861608051,0.000158987360839753,16.8913013704668
32055,8994,14,418.015,0.46336,0.00795,-1.351506,0,0,0,0,0,0,0,0,0,0,0,0.000159,16.9112715164374,0.000158987360839753,16.9139604086085
32056,8994,14.06667,418.64,0.46552,0.007978,-1.35357,0,0,0,0,0,0,0,0,0,0,0,0.00015956,16.9365566011778,0.000159547271657086,16.9392589981491
32057,8994,14.13333,418.915,0.46768,0.007983,-1.353993,0,0,0,0,0,0,0,0,0,0,0,0.00015966,16.9476820384636,0.000159647255698691,16.9503879053779
32058,8994,14.2,419.525,0.47002,0.008019,-1.355344,0,0,0,0,0,0,0,0,0,0,0,0.00016038,16.9723602811703,0.00016036714050279,16.9750823083122
32059,8994,14.26667,419.945,0.47224,0.008029,-1.363656,0,0,0,0,0,0,0,0,0,0,0,0.00016058,16.9893518581158,0.000160567108411835,16.9920800082372
32060,8994,14.33333,420.4,0.47438,0.008011,-1.357185,0,0,0,0,0,0,0,0,0,0,0,0.00016022,17.0077593998069,0.000160207166146542,17.0104843830179
32061,8994,14.4,420.835,0.47666,0.008029,-1.362392,0,0,0,0,0,0,0,0,0,0,0,0.00016058,17.0253578187862,0.000160567108411835,17.0280917507448
32062,8994,14.46667,421.375,0.4789,0.008073,-1.36173,0,0,0,0,0,0,0,0,0,0,0,0.00016146,17.047204132002,0.000161446966737028,17.0499565735811
32063,8994,14.53333,421.725,0.48106,0.00808,-1.35838,0,0,0,0,0,0,0,0,0,0,0,0.0001616,17.0613637794566,0.000161586944126518,17.0641208958434
32064,8994,14.6,422.34,0.48332,0.008078,-1.356473,0,0,0,0,0,0,0,0,0,0,0,0.00016156,17.0862443028412,0.000161546950588695,17.0890047564708
32065,8994,14.66667,422.88,0.48554,0.008078,-1.350661,0,0,0,0,0,0,0,0,0,0,0,0.00016156,17.1080906160569,0.000161546950588695,17.1108545991769
32066,8994,14.73333,423.49,0.48774,0.008093,-1.341265,0,0,0,0,0,0,0,0,0,0,0,0.00016186,17.1327688587636,0.000161846902083492,17.1355419687311
32067,8994,14.8,424.07,0.49002,0.008111,-1.34685,0,0,0,0,0,0,0,0,0,0,0,0.00016222,17.1562334174027,0.000162206843758575,17.1590165015877
32068,8994,14.86667,424.715,0.49226,0.008132,-1.356518,0,0,0,0,0,0,0,0,0,0,0,0.00016264,17.1823276248549,0.000162626775549166,17.1851221586198
32069,8994,14.93333,425.205,0.49442,0.008165,-1.353926,0,0,0,0,0,0,0,0,0,0,0,0.0001633,17.2021511312914,0.000163286668006478,17.2049602425711
32070,8994,15,425.905,0.49666,0.008155,-1.342049,0,0,0,0,0,0,0,0,0,0,0,0.0001631,17.2304704262006,0.000163086700641036,17.2332807159272
32071,8994,15.06667,426.58,0.4989,0.00818,-1.339593,0,0,0,0,0,0,0,0,0,0,0,0.0001636,17.2577783177203,0.000163586618979445,17.2606016902531
32072,8994,15.13333,427.175,0.50109,0.008247,-1.345591,0,0,0,0,0,0,0,0,0,0,0,0.00016494,17.2818497183932,0.000164926398893648,17.2847001866858
32073,8994,15.2,427.79,0.50334,0.008252,-1.342124,0,0,0,0,0,0,0,0,0,0,0,0.00016504,17.3067302417778,0.000165026382397429,17.3095865445369
32074,8994,15.26667,428.46,0.50558,0.008298,-1.34147,0,0,0,0,0,0,0,0,0,0,0,0.00016596,17.3338358526196,0.000165946230162583,17.3367125760176
32075,8994,15.33333,428.995,0.50777,0.008301,-1.344664,0,0,0,0,0,0,0,0,0,0,0,0.00016602,17.3554798851574,0.000166006220204916,17.3583612419279
32076,8994,15.4,429.625,0.51003,0.008298,-1.345861,0,0,0,0,0,0,0,0,0,0,0,0.00016596,17.3809672505757,0.000165946230162583,17.3838517959006
32077,8994,15.46667,430.425,0.51228,0.008313,-1.336885,0,0,0,0,0,0,0,0,0,0,0,0.00016626,17.4133321590435,0.000166246180338035,17.4162272996482
32078,8994,15.53333,430.96,0.51443,0.008352,-1.332448,0,0,0,0,0,0,0,0,0,0,0,0.00016704,17.4349761915813,0.000167026050372616,17.4378885300043
32079,8994,15.6,431.575,0.51663,0.008362,-1.335449,0,0,0,0,0,0,0,0,0,0,0,0.00016724,17.4598567149659,0.000167226016950097,17.4627767014029
32080,8994,15.66667,432.305,0.51893,0.008395,-1.341176,0,0,0,0,0,0,0,0,0,0,0,0.0001679,17.4893896939427,0.000167885906372634,17.4923261624723
32081,8994,15.73333,432.97,0.52113,0.008416,-1.339328,0,0,0,0,0,0,0,0,0,0,0,0.00016832,17.5162930241065,0.000168305835778192,17.5192413665484
32082,8994,15.8,433.545,0.52333,0.008403,-1.339236,0,0,0,0,0,0,0,0,0,0,0,0.00016806,17.5395553020677,0.000168045879500264,17.5425029997318
32083,8994,15.86667,434.24,0.52561,0.008421,-1.337051,0,0,0,0,0,0,0,0,0,0,0,0.00016842,17.5676723162991,0.000168405818944085,17.5706310636706
32084,8994,15.93333,434.9,0.52781,0.008446,-1.338066,0,0,0,0,0,0,0,0,0,0,0,0.00016892,17.594373365785,0.000168905734623155,17.597345407334
32085,8994,16,435.48,0.53005,0.008475,-1.327233,0,0,0,0,0,0,0,0,0,0,0,0.0001695,17.6178379244241,0.000169485636497986,17.6208241479523
32086,8994,16.06667,436.165,0.53227,0.008472,-1.332212,0,0,0,0,0,0,0,0,0,0,0,0.00016944,17.6455503772996,0.000169425646664606,17.6485402393556
32087,8994,16.13333,436.82,0.53445,0.008503,-1.338684,0,0,0,0,0,0,0,0,0,0,0,0.00017006,17.6720491461076,0.000170045541437475,17.6750544547854
32088,8994,16.2,437.415,0.53667,0.008551,-1.335451,0,0,0,0,0,0,0,0,0,0,0,0.00017102,17.6961205467805,0.00017100537774693,17.6991469373164
32089,8994,16.26667,438.055,0.53893,0.008549,-1.337621,0,0,0,0,0,0,0,0,0,0,0,0.00017098,17.7220124735547,0.000170965384585781,17.7250425832475
32090,8994,16.33333,438.815,0.54115,0.008544,-1.348366,0,0,0,0,0,0,0,0,0,0,0,0.00017088,17.7527591365991,0.000170865401675802,17.7557927280804
32091,8994,16.4,439.445,0.54337,0.008585,-1.338437,0,0,0,0,0,0,0,0,0,0,0,0.0001717,17.7782465020175,0.00017168526124218,17.7812990269419
32092,8994,16.46667,440.11,0.54559,0.008623,-1.328931,0,0,0,0,0,0,0,0,0,0,0,0.00017246,17.8051498321813,0.000172445130483703,17.8082205083213
32093,8994,16.53333,440.705,0.54783,0.008646,-1.321295,0,0,0,0,0,0,0,0,0,0,0,0.00017292,17.8292212328542,0.00017290505106011,17.8323042617898
32094,8994,16.6,441.335,0.55005,0.008672,-1.325218,0,0,0,0,0,0,0,0,0,0,0,0.00017344,17.8547085982725,0.000173424961022051,17.8578053189318
32095,8994,16.66667,441.905,0.55225,0.008664,-1.34249,0,0,0,0,0,0,0,0,0,0,0,0.00017328,17.8777685955558,0.000173264988754927,17.880866455298
32096,8994,16.73333,442.575,0.55449,0.008708,-1.340568,0,0,0,0,0,0,0,0,0,0,0,0.00017416,17.9048742063976,0.000174144835907861,17.9079925192893
32097,8994,16.8,443.125,0.55671,0.008697,-1.333244,0,0,0,0,0,0,0,0,0,0,0,0.00017394,17.9271250809691,0.000173924874192202,17.9302433251057
32098,8994,16.86667,443.655,0.55889,0.00871,-1.337722,0,0,0,0,0,0,0,0,0,0,0,0.0001742,17.948566832829,0.000174184828941853,17.9516934731713
32099,8994,16.93333,444.305,0.56119,0.00872,-1.345452,0,0,0,0,0,0,0,0,0,0,0,0.0001744,17.9748633209591,0.000174384794087823,17.9779981371223
32100,8994,17,444.975,0.56339,0.008733,-1.351187,0,0,0,0,0,0,0,0,0,0,0,0.00017466,18.0019689318008,0.000174644748718138,18.0051131556945
32101,8994,17.06667,445.46,0.56553,0.008756,-1.335244,0,0,0,0,0,0,0,0,0,0,0,0.00017512,18.0215901575594,0.000175104668282674,18.0247460984278
32102,8994,17.13333,446.01,0.56785,0.008795,-1.327024,0,0,0,0,0,0,0,0,0,0,0,0.0001759,18.043841032131,0.000175884531408819,18.0470149437685
32103,8994,17.2,446.635,0.57013,0.0088,-1.326041,0,0,0,0,0,0,0,0,0,0,0,0.000176,18.0691261168714,0.000175984513816973,18.072306283068
32104,8994,17.26667,447.18,0.57225,0.008836,-1.331933,0,0,0,0,0,0,0,0,0,0,0,0.00017672,18.0911747107651,0.000176704386860228,18.09437178316
32105,8994,17.33333,447.775,0.57449,0.008851,-1.340056,0,0,0,0,0,0,0,0,0,0,0,0.00017702,18.115246111438,0.000177004333808564,18.1184528723046
32106,8994,17.4,448.49,0.57677,0.008856,-1.353933,0,0,0,0,0,0,0,0,0,0,0,0.00017712,18.144172248381,0.000177104316104758,18.1473859441697
32107,8994,17.46667,449.04,0.57891,0.008861,-1.354091,0,0,0,0,0,0,0,0,0,0,0,0.00017722,18.1664231229526,0.000177204298390954,18.1696425764585
32108,8994,17.53333,449.61,0.58117,0.008892,-1.35273,0,0,0,0,0,0,0,0,0,0,0,0.00017784,18.1894831202359,0.000177824188341898,18.192717937914
32109,8994,17.6,450.22,0.58343,0.008882,-1.358374,0,0,0,0,0,0,0,0,0,0,0,0.00017764,18.2141613629426,0.000177624223883464,18.2173969265671
32110,8994,17.66667,450.845,0.58561,0.008912,-1.352837,0,0,0,0,0,0,0,0,0,0,0,0.00017824,18.239446447683,0.000178224117138587,18.2426974466178
32111,8994,17.73333,451.55,0.58783,0.00894,-1.347407,0,0,0,0,0,0,0,0,0,0,0,0.0001788,18.2679680232702,0.000178784017185158,18.2712343359528
32112,8994,17.8,452.185,0.59013,0.008946,-1.347076,0,0,0,0,0,0,0,0,0,0,0,0.00017892,18.2936576693665,0.000178903995725733,18.2969307705967
32113,8994,17.86667,452.875,0.59227,0.008971,-1.349009,0,0,0,0,0,0,0,0,0,0,0,0.00017942,18.3215724029199,0.000179403906156851,18.3248596594405
32114,8994,17.93333,453.425,0.59447,0.009017,-1.346518,0,0,0,0,0,0,0,0,0,0,0,0.00018034,18.3438232774915,0.000180323740696973,18.3471314025814
32115,8994,18,454.05,0.59677,0.008979,-1.344401,0,0,0,0,0,0,0,0,0,0,0,0.00017958,18.369108362232,0.000179563877441921,18.3724070867117
32116,8994,18.06667,454.695,0.59895,0.008976,-1.33946,0,0,0,0,0,0,0,0,0,0,0,0.00017952,18.3952025696841,0.000179503888213129,18.3985048764494
32117,8994,18.13333,455.155,0.60115,0.009017,-1.334326,0,0,0,0,0,0,0,0,0,0,0,0.00018034,18.4138123920531,0.000180323740696973,18.4171331389798
32118,8994,18.2,455.84,0.60347,0.00903,-1.342684,0,0,0,0,0,0,0,0,0,0,0,0.0001806,18.4415248449286,0.000180583693783214,18.4448553843156
32119,8994,18.26667,456.44,0.60565,0.009043,-1.347186,0,0,0,0,0,0,0,0,0,0,0,0.00018086,18.4657985262794,0.000180843646801879,18.4691382506009
32120,8994,18.33333,457.025,0.60785,0.009076,-1.346659,0,0,0,0,0,0,0,0,0,0,0,0.00018152,18.4894653655964,0.000181503527238129,18.4928215733496
32121,8994,18.4,457.59,0.61017,0.009084,-1.34538,0,0,0,0,0,0,0,0,0,0,0,0.00018168,18.5123230822018,0.000181663498187542,18.5156864010594
32122,8994,18.46667,458.29,0.61233,0.009104,-1.344967,0,0,0,0,0,0,0,0,0,0,0,0.00018208,18.5406423771111,0.000182063425448783,18.5440182572751
32123,8994,18.53333,458.77,0.61445,0.009104,-1.343632,0,0,0,0,0,0,0,0,0,0,0,0.00018208,18.5600613221917,0.000182063425448783,18.5634407381573
32124,8994,18.6,459.54,0.61679,0.009109,-1.345909,0,0,0,0,0,0,0,0,0,0,0,0.00018218,18.591212546592,0.000182163407238936,18.5945994936937
32125,8994,18.66667,460.225,0.61901,0.009135,-1.34896,0,0,0,0,0,0,0,0,0,0,0,0.0001827,18.6189249994675,0.000182683312387611,18.6223266770649
32126,8994,18.73333,460.84,0.62117,0.009178,-1.349626,0,0,0,0,0,0,0,0,0,0,0,0.00018356,18.6438055228521,0.000183543154924528,18.6472277797938
32127,8994,18.8,461.355,0.62345,0.009161,-1.347805,0,0,0,0,0,0,0,0,0,0,0,0.00018322,18.6646404326782,0.000183203217265763,18.6680601680983
32128,8994,18.86667,462.15,0.62567,0.009189,-1.345001,0,0,0,0,0,0,0,0,0,0,0,0.00018378,18.696803060468,0.000183763114524544,18.7002391589345
32129,8994,18.93333,462.63,0.62787,0.009209,-1.350173,0,0,0,0,0,0,0,0,0,0,0,0.00018418,18.7162220055487,0.000184163040946092,18.7196691593177
32130,8994,19,463.315,0.63011,0.009209,-1.351156,0,0,0,0,0,0,0,0,0,0,0,0.00018418,18.7439344584242,0.000184163040946092,18.7473867162727
32131,8994,19.06667,463.945,0.63231,0.009248,-1.351986,0,0,0,0,0,0,0,0,0,0,0,0.00018496,18.7694218238425,0.000184942897007981,18.7728934161031
32132,8994,19.13333,464.48,0.63453,0.009253,-1.358815,0,0,0,0,0,0,0,0,0,0,0,0.00018506,18.7910658563804,0.000185042878510462,18.7945433310277
32133,8994,19.2,465.075,0.63675,0.00926,-1.357389,0,0,0,0,0,0,0,0,0,0,0,0.0001852,18.8151372570533,0.000185182852597096,18.8186218204733
32134,8994,19.26667,465.85,0.63901,0.009273,-1.357321,0,0,0,0,0,0,0,0,0,0,0,0.00018546,18.8464907621314,0.000185442804420199,18.8499860323081
32135,8994,19.33333,466.43,0.64123,0.009289,-1.364143,0,0,0,0,0,0,0,0,0,0,0,0.00018578,18.8699553207705,0.000185762745032876,18.87346098107
32136,8994,19.4,467.13,0.64343,0.009289,-1.372315,0,0,0,0,0,0,0,0,0,0,0,0.00018578,18.8982746156798,0.000185762745032876,18.9017855371379
32137,8994,19.46667,467.775,0.64569,0.009301,-1.368263,0,0,0,0,0,0,0,0,0,0,0,0.00018602,18.9243688231319,0.000186002700425043,18.9278891342204
32138,8994,19.53333,468.355,0.64789,0.009324,-1.362332,0,0,0,0,0,0,0,0,0,0,0,0.00018648,18.9478333817711,0.000186462614766088,18.9513667737401
32139,8994,19.6,468.995,0.65009,0.009337,-1.366905,0,0,0,0,0,0,0,0,0,0,0,0.00018674,18.9737253085453,0.000186722566256514,18.9772684620094
32140,8994,19.66667,469.65,0.65235,0.009324,-1.362892,0,0,0,0,0,0,0,0,0,0,0,0.00018648,19.0002240773532,0.000186462614766088,19.0037672391392
32141,8994,19.73333,470.365,0.65457,0.009347,-1.363806,0,0,0,0,0,0,0,0,0,0,0,0.00018694,19.0291502142963,0.000186922528895611,19.0327075236374
32142,8994,19.8,470.955,0.65675,0.009358,-1.368934,0,0,0,0,0,0,0,0,0,0,0,0.00018716,19.0530193342913,0.000187142487752302,19.0565852973899
32143,8994,19.86667,471.605,0.65903,0.009391,-1.362836,0,0,0,0,0,0,0,0,0,0,0,0.00018782,19.0793158224213,0.000187802364032084,19.0828992995191
32144,8994,19.93333,472.22,0.66127,0.009417,-1.363575,0,0,0,0,0,0,0,0,0,0,0,0.00018834,19.1041963458059,0.000188322266248824,19.1077944301457
32145,8994,20,472.785,0.66339,0.009432,-1.36909,0,0,0,0,0,0,0,0,0,0,0,0.00018864,19.1270540624113,0.000188622209712434,19.1306621898896
32146,8994,20.06667,473.38,0.66567,0.00946,-1.367561,0,0,0,0,0,0,0,0,0,0,0,0.0001892,19.1511254630842,0.000189182103937144,19.1547488560218
32147,8994,20.13333,474.115,0.66795,0.00945,-1.366328,0,0,0,0,0,0,0,0,0,0,0,0.000189,19.1808607227389,0.000188982141750099,19.1844859054155
32148,8994,20.2,474.675,0.67009,0.009463,-1.365445,0,0,0,0,0,0,0,0,0,0,0,0.00018926,19.2035161586663,0.000189242092585571,19.2071506161345
32149,8994,20.26667,475.185,0.67231,0.009473,-1.369699,0,0,0,0,0,0,0,0,0,0,0,0.00018946,19.2241487878145,0.000189442054720858,19.2277909950439
32150,8994,20.33333,475.86,0.67457,0.009483,-1.362469,0,0,0,0,0,0,0,0,0,0,0,0.00018966,19.2514566793342,0.000189642016815938,19.255107910608
32151,8994,20.4,476.445,0.67677,0.009488,-1.36526,0,0,0,0,0,0,0,0,0,0,0,0.00018976,19.2751235186513,0.000189741997848595,19.2787811660902
32152,8994,20.46667,477.025,0.67899,0.009491,-1.364915,0,0,0,0,0,0,0,0,0,0,0,0.00018982,19.2985880772904,0.000189801986463213,19.3022513352792
32153,8994,20.53333,477.56,0.68127,0.009514,-1.357041,0,0,0,0,0,0,0,0,0,0,0,0.00019028,19.3202321098282,0.000190261899056916,19.3239083635941
32154,8994,20.6,478.145,0.68345,0.009521,-1.360593,0,0,0,0,0,0,0,0,0,0,0,0.00019042,19.3438989491453,0.000190401872413025,19.3475824143831
32155,8994,20.66667,478.805,0.68567,0.009537,-1.359883,0,0,0,0,0,0,0,0,0,0,0,0.00019074,19.3705999986312,0.000190721811439099,19.3742947468749
32156,8994,20.73333,479.43,0.68797,0.009552,-1.355972,0,0,0,0,0,0,0,0,0,0,0,0.00019104,19.3958850833716,0.000191021754182981,19.3995904732579
32157,8994,20.8,480.085,0.69015,0.00957,-1.368449,0,0,0,0,0,0,0,0,0,0,0,0.0001914,19.4223838521796,0.000191381685356975,19.4261012964489
32158,8994,20.86667,480.735,0.69233,0.00958,-1.370367,0,0,0,0,0,0,0,0,0,0,0,0.0001916,19.4486803403096,0.000191581647064203,19.4524067074628
32159,8994,20.93333,481.32,0.69461,0.009591,-1.366583,0,0,0,0,0,0,0,0,0,0,0,0.00019182,19.4723471796267,0.000191801604896082,19.4760823652627
32160,8994,21,481.88,0.69677,0.009629,-1.356253,0,0,0,0,0,0,0,0,0,0,0,0.00019258,19.4950026155541,0.000192561458852196,19.4987569631578
32161,8994,21.06667,482.385,0.69899,0.009629,-1.3637,0,0,0,0,0,0,0,0,0,0,0,0.00019258,19.5154329640244,0.000192561458852196,19.5191912461046
32162,8994,21.13333,483.03,0.70129,0.009642,-1.358369,0,0,0,0,0,0,0,0,0,0,0,0.00019284,19.5415271714765,0.000192821408757224,19.5452955595762
32163,8994,21.2,483.62,0.70347,0.009662,-1.357102,0,0,0,0,0,0,0,0,0,0,0,0.00019324,19.5653962914715,0.000193221331556138,19.5691771086508
32164,8994,21.26667,484.205,0.70569,0.009683,-1.355887,0,0,0,0,0,0,0,0,0,0,0,0.00019366,19.5890631307885,0.000193641250322965,19.5928567487544
32165,8994,21.33333,484.815,0.70799,0.009708,-1.357593,0,0,0,0,0,0,0,0,0,0,0,0.00019416,19.6137413734952,0.000194141153386609,19.6175495775203
32166,8994,21.4,485.4,0.71015,0.009729,-1.35576,0,0,0,0,0,0,0,0,0,0,0,0.00019458,19.6374082128122,0.000194561071767186,19.6412292597023
32167,8994,21.46667,485.995,0.71232,0.009719,-1.364223,0,0,0,0,0,0,0,0,0,0,0,0.00019438,19.6614796134851,0.000194361110655506,19.6653014118924
32168,8994,21.53333,486.555,0.7146,0.009729,-1.362792,0,0,0,0,0,0,0,0,0,0,0,0.00019458,19.6841350494126,0.000194561071767186,19.6879651884105
32169,8994,21.6,487.19,0.71683,0.009767,-1.357481,0,0,0,0,0,0,0,0,0,0,0,0.00019534,19.7098246955088,0.000195320923626511,19.7136748126649
32170,8994,21.66667,487.735,0.71904,0.009772,-1.358621,0,0,0,0,0,0,0,0,0,0,0,0.00019544,19.7318732894025,0.000195420904091165,19.7357296867182
32171,8994,21.73333,488.33,0.72128,0.009813,-1.364982,0,0,0,0,0,0,0,0,0,0,0,0.00019626,19.7559446900754,0.000196240743525735,19.7598219917803
32172,8994,21.8,488.955,0.7235,0.009813,-1.359977,0,0,0,0,0,0,0,0,0,0,0,0.00019626,19.7812297748158,0.000196240743525735,19.7851120389714
32173,8994,21.86667,489.495,0.72572,0.009823,-1.368298,0,0,0,0,0,0,0,0,0,0,0,0.00019646,19.8030760880316,0.00019644070426134,19.8069666003598
32174,8994,21.93333,490.175,0.72796,0.009841,-1.367531,0,0,0,0,0,0,0,0,0,0,0,0.00019682,19.8305862602292,0.00019680063348489,19.8344893162169
32175,8994,22,490.775,0.73018,0.009846,-1.361712,0,0,0,0,0,0,0,0,0,0,0,0.00019692,19.85485994158,0.000196900613801823,19.8587697605997
32176,8994,22.06667,491.315,0.7324,0.009839,-1.356231,0,0,0,0,0,0,0,0,0,0,0,0.00019678,19.8767062547957,0.000196760641355362,19.8806175930525
32177,8994,22.13333,491.87,0.7346,0.009877,-1.354712,0,0,0,0,0,0,0,0,0,0,0,0.00019754,19.8991594100452,0.000197520491543343,19.9030902899951
32178,8994,22.2,492.44,0.73686,0.009893,-1.351691,0,0,0,0,0,0,0,0,0,0,0,0.00019786,19.9222194073285,0.000197840428291901,19.9261612176604
32179,8994,22.26667,492.98,0.73908,0.009903,-1.350879,0,0,0,0,0,0,0,0,0,0,0,0.00019806,19.9440657205442,0.000198040388707632,19.9480158422009
32180,8994,22.33333,493.57,0.74128,0.009934,-1.357153,0,0,0,0,0,0,0,0,0,0,0,0.00019868,19.9679348405392,0.000198660265742632,19.9719020698333
32181,8994,22.4,494.19,0.74354,0.009931,-1.356836,0,0,0,0,0,0,0,0,0,0,0,0.00019862,19.9930176446017,0.000198600277659185,19.9969886577663
32182,8994,22.46667,494.78,0.74574,0.009923,-1.34723,0,0,0,0,0,0,0,0,0,0,0,0.00019846,20.0168867645967,0.000198440309419363,20.020859315944
32183,8994,22.53333,495.31,0.74794,0.009916,-1.345917,0,0,0,0,0,0,0,0,0,0,0,0.00019832,20.0383285164566,0.000198300337188417,20.042302517768
32184,8994,22.6,495.9,0.7502,0.009946,-1.34778,0,0,0,0,0,0,0,0,0,0,0,0.00019892,20.0621976364516,0.00019890021804021,20.0661884088054
32185,8994,22.66667,496.455,0.75242,0.009949,-1.344938,0,0,0,0,0,0,0,0,0,0,0,0.00019898,20.0846507917011,0.000198960206105442,20.0886472355156
32186,8994,22.73333,496.995,0.7546,0.009987,-1.351154,0,0,0,0,0,0,0,0,0,0,0,0.00019974,20.1064971049168,0.000199720054622086,20.1105131766485
32187,8994,22.8,497.575,0.75686,0.00999,-1.357458,0,0,0,0,0,0,0,0,0,0,0,0.0001998,20.1299616635559,0.00019978004263836,20.1339836298963
32188,8994,22.86667,498.24,0.75912,0.00999,-1.365634,0,0,0,0,0,0,0,0,0,0,0,0.0001998,20.1568649937198,0.00019978004263836,20.1608923353455
32189,8994,22.93333,498.785,0.76126,0.01,-1.368923,0,0,0,0,0,0,0,0,0,0,0,0.0002,20.1789135876134,0.000199980002666245,20.1829493703309
32190,8994,23,499.325,0.7635,0.009992,-1.364909,0,0,0,0,0,0,0,0,0,0,0,0.00019984,20.2007599008291,0.000199820034647135,20.2047968206877
32191,8994,23.06667,500,0.76582,0.010023,-1.357227,0,0,0,0,0,0,0,0,0,0,0,0.00020046,20.2280677923488,0.000200439910578974,20.2321227108185
32192,8994,23.13333,500.97,0.76798,0.010082,-1.359382,0,0,0,0,0,0,0,0,0,0,0,0.00020164,20.267310243866,0.000201619673387596,20.2713969443036
32193,8994,23.2,502.14,0.77016,0.01009,-1.355322,0,0,0,0,0,0,0,0,0,0,0,0.0002018,20.3146439225001,0.000201779641118821,20.3187434176436
32194,8994,23.26667,503.55,0.77246,0.01011,-1.358857,0,0,0,0,0,0,0,0,0,0,0,0.0002022,20.3716870736745,0.000202179560335151,20.3758062288008
32195,8994,23.33333,505.065,0.77466,0.010143,-1.360914,0,0,0,0,0,0,0,0,0,0,0,0.00020286,20.4329781190853,0.000202839426692403,20.4371231530265
32196,8994,23.4,506.47,0.77682,0.010172,-1.360301,0,0,0,0,0,0,0,0,0,0,0,0.00020344,20.4898189895818,0.000203419308889362,20.4939874383571
32197,8994,23.46667,507.905,0.77912,0.01021,-1.362624,0,0,0,0,0,0,0,0,0,0,0,0.0002042,20.5478735441459,0.000204179154017772,20.5520694199236
32198,8994,23.53333,509.47,0.78132,0.010241,-1.353565,0,0,0,0,0,0,0,0,0,0,0,0.00020482,20.6111873963359,0.000204799027247505,20.6154089797384
32199,8994,23.6,510.88,0.7835,0.010261,-1.343728,0,0,0,0,0,0,0,0,0,0,0,0.00020522,20.6682305475103,0.000205198945256326,20.6724720817833
32200,8994,23.66667,512.355,0.78584,0.010312,-1.346191,0,0,0,0,0,0,0,0,0,0,0,0.00020624,20.7279033474978,0.000206218735454907,20.7321782702841
32201,8994,23.73333,513.9,0.78802,0.010328,-1.335809,0,0,0,0,0,0,0,0,0,0,0,0.00020656,20.7904080769761,0.00020653866942059,20.7947025436685
32202,8994,23.8,515.305,0.79016,0.010384,-1.32803,0,0,0,0,0,0,0,0,0,0,0,0.00020768,20.8472489474726,0.000207658437494082,20.851578504134
32203,8994,23.86667,516.735,0.79246,0.010412,-1.339049,0,0,0,0,0,0,0,0,0,0,0,0.00020824,20.9051012213587,0.000208218321060844,20.9094544996371
32204,8994,23.93333,518.365,0.79464,0.010433,-1.347654,0,0,0,0,0,0,0,0,0,0,0,0.00020866,20.9710447223618,0.00020863823352998,20.9754205405536
32205,8994,24,519.805,0.79682,0.010463,-1.347934,0,0,0,0,0,0,0,0,0,0,0,0.00020926,21.0293015576038,0.000209238108180301,21.0337021492477
32206,8994,24.06667,521.25,0.79916,0.010509,-1.347255,0,0,0,0,0,0,0,0,0,0,0,0.00021018,21.0877606735236,0.000210157915278317,21.092192899062
32207,8994,24.13333,522.84,0.80134,0.010553,-1.340044,0,0,0,0,0,0,0,0,0,0,0,0.00021106,21.1520859291033,0.000211037729971727,21.1565502883595
32208,8994,24.2,524.3,0.80352,0.010581,-1.333425,0,0,0,0,0,0,0,0,0,0,0,0.00021162,21.211151887057,0.000211597611646261,21.2156405910193
32209,8994,24.26667,525.695,0.80584,0.010637,-1.332714,0,0,0,0,0,0,0,0,0,0,0,0.00021274,21.2675881961976,0.00021271737405515,21.2721126629105
32210,8994,24.33333,527.415,0.80804,0.010676,-1.34023,0,0,0,0,0,0,0,0,0,0,0,0.00021352,21.3371727494033,0.000213497207849096,21.3417286625288
32211,8994,24.4,528.915,0.81016,0.010678,-1.34156,0,0,0,0,0,0,0,0,0,0,0,0.00021356,21.3978569527803,0.000213537199309299,21.4024266791112
32212,8994,24.46667,530.195,0.81244,0.010724,-1.348954,0,0,0,0,0,0,0,0,0,0,0,0.00021448,21.4496408063288,0.00021445700245299,21.4542413252889
32213,8994,24.53333,510.935,0.81472,0.00944,-1.35069,0,0,0,0,0,0,0,0,0,0,0,0.0001888,20.6704556349675,0.000188782179523069,20.6743582169914
32214,8994,24.6,441.76,0.81688,0.004702,-1.34832,0,0,0,0,0,0,0,0,0,0,0,9.404e-05,17.871902455896,9.40355785164128e-05,17.873583129603
32215,8994,24.66667,435.35,0.8191,0.003816,-1.348663,0,0,0,0,0,0,0,0,0,0,0,7.632e-05,17.6125786267981,7.63170877769916e-05,17.6139228187989
32216,8994,24.73333,445.735,0.82138,0.004039,-1.347385,0,0,0,0,0,0,0,0,0,0,0,8.078e-05,18.0327155948452,8.07767374714994e-05,18.034172277611
32217,8994,24.8,455.815,0.82358,0.004221,-1.343152,0,0,0,0,0,0,0,0,0,0,0,8.442e-05,18.440513441539,8.44164368324186e-05,18.4420701896837
32218,8994,24.86667,465.105,0.82578,0.004408,-1.341724,0,0,0,0,0,0,0,0,0,0,0,8.816e-05,18.8163509411208,8.81561141355873e-05,18.8180097906198
32219,8994,24.93333,472.98,0.82802,0.004579,-1.348284,0,0,0,0,0,0,0,0,0,0,0,9.158e-05,19.1349430088503,9.15758068078974e-05,19.136695386931
32220,8994,25,478.95,0.83022,0.00471,-1.351592,0,0,0,0,0,0,0,0,0,0,0,9.42e-05,19.3764661382909,9.41955634585458e-05,19.3782914014012
32221,8994,25.06667,482.88,0.83242,0.004779,-1.356534,0,0,0,0,0,0,0,0,0,0,0,9.558e-05,19.5354587511388,9.55754325228213e-05,19.5373259502862
32222,8994,25.13333,486.435,0.8347,0.004817,-1.351003,0,0,0,0,0,0,0,0,0,0,0,9.634e-05,19.6792803131424,9.63353596002631e-05,19.6811762150078
32223,8994,25.2,489.905,0.83692,0.004876,-1.346591,0,0,0,0,0,0,0,0,0,0,0,9.752e-05,19.8196631036213,9.75152452338828e-05,19.8215959171672
32224,8994,25.26667,493.415,0.83912,0.004963,-1.340551,0,0,0,0,0,0,0,0,0,0,0,9.926e-05,19.9616641395236,9.92550740522091e-05,19.9636455343061
32225,8994,25.33333,497.055,0.84138,0.005027,-1.33456,0,0,0,0,0,0,0,0,0,0,0,0.00010054,20.1089244730519,0.000100534946192975,20.1109462243184
32226,8994,25.4,500.565,0.84358,0.005106,-1.34346,0,0,0,0,0,0,0,0,0,0,0,0.00010212,20.2509255089542,0.000102114786107742,20.2529935334671
32227,8994,25.46667,503.93,0.8458,0.005191,-1.347749,0,0,0,0,0,0,0,0,0,0,0,0.00010382,20.3870604051967,0.00010381461107687,20.389176989808
32228,8994,25.53333,507.265,0.84806,0.00526,-1.34594,0,0,0,0,0,0,0,0,0,0,0,0.0001052,20.5219816173716,0.00010519446686797,20.5241405298378
32229,8994,25.6,510.59,0.85026,0.005347,-1.343846,0,0,0,0,0,0,0,0,0,0,0,0.00010694,20.6564982681908,0.000106934282325828,20.6587072741156
32230,8994,25.66667,513.85,0.85246,0.005393,-1.344819,0,0,0,0,0,0,0,0,0,0,0,0.00010786,20.7883852701969,0.000107854183528399,20.7906275054321
32231,8994,25.73333,517.085,0.8547,0.005429,-1.353473,0,0,0,0,0,0,0,0,0,0,0,0.00010858,20.9192608688134,0.000108574105618496,20.9215322821585
32232,8994,25.8,520.495,0.85696,0.005524,-1.348186,0,0,0,0,0,0,0,0,0,0,0,0.00011048,21.0572162911572,0.000110473897534287,21.059542692413
32233,8994,25.86667,523.645,0.8591,0.005611,-1.348494,0,0,0,0,0,0,0,0,0,0,0,0.00011222,21.184653118249,0.000112213703806942,21.1870304600219
32234,8994,25.93333,526.585,0.86134,0.005641,-1.356297,0,0,0,0,0,0,0,0,0,0,0,0.00011282,21.303594156868,0.000112813636302444,21.3059976283608
32235,8994,26,529.205,0.86364,0.005685,-1.361781,0,0,0,0,0,0,0,0,0,0,0,0.0001137,21.4095892320999,0.000113693536644912,21.4120235023956
32236,8994,26.06667,531.87,0.86582,0.005741,-1.361313,0,0,0,0,0,0,0,0,0,0,0,0.00011482,21.5174048334331,0.000114813408688409,21.5198754618561
32237,8994,26.13333,534.125,0.868,0.005797,-1.347585,0,0,0,0,0,0,0,0,0,0,0,0.00011594,21.6086334191766,0.000115933279477572,21.6111387241352
32238,8994,26.2,536.58,0.87028,0.005844,-1.343641,0,0,0,0,0,0,0,0,0,0,0,0.00011688,21.7079532320371,0.000116873170064969,21.7104904576108
32239,8994,26.26667,539.05,0.87248,0.005918,-1.347805,0,0,0,0,0,0,0,0,0,0,0,0.00011836,21.8078798869313,0.000118352996007951,21.8104610675947
32240,8994,26.33333,541.605,0.87468,0.005987,-1.359633,0,0,0,0,0,0,0,0,0,0,0,0.00011974,21.9112453133502,0.000119732831738337,21.913868965864
32241,8994,26.4,543.95,0.87696,0.006028,-1.355582,0,0,0,0,0,0,0,0,0,0,0,0.00012056,22.0061149512963,0.000120552733227296,22.0087680085148
32242,8994,26.46667,546.38,0.87916,0.006084,-1.353007,0,0,0,0,0,0,0,0,0,0,0,0.00012168,22.1044233607671,0.000121672597589179,22.1071130270016
32243,8994,26.53333,548.68,0.88138,0.00613,-1.348197,0,0,0,0,0,0,0,0,0,0,0,0.0001226,22.1974724726119,0.000122592485234284,22.200193882737
32244,8994,26.6,551.03,0.88366,0.006179,-1.346826,0,0,0,0,0,0,0,0,0,0,0,0.00012358,22.2925443912359,0.000123572364620748,22.2952993038718
32245,8994,26.66667,553.375,0.88584,0.006227,-1.345328,0,0,0,0,0,0,0,0,0,0,0,0.00012454,22.3874140291821,0.000124532245538082,22.3902021577252
32246,8994,26.73333,555.765,0.88802,0.006279,-1.347386,0,0,0,0,0,0,0,0,0,0,0,0.00012558,22.4841041932295,0.000125572115491843,22.4869277470341
32247,8994,26.8,558.21,0.8903,0.006325,-1.356531,0,0,0,0,0,0,0,0,0,0,0,0.0001265,22.5830194447341,0.000126491999549616,22.5858761966938
32248,8994,26.86667,560.99,0.89248,0.006389,-1.358904,0,0,0,0,0,0,0,0,0,0,0,0.00012778,22.6954875016595,0.000127771836831096,22.6983875310525
32249,8994,26.93333,563.68,0.89468,0.006476,-1.352805,0,0,0,0,0,0,0,0,0,0,0,0.00012952,22.8043145063824,0.000129511613008975,22.8072681211972
32250,8994,27,566.345,0.89698,0.006509,-1.357885,0,0,0,0,0,0,0,0,0,0,0,0.00013018,22.9121301077156,0.000130171527319088,22.915112808813
32251,8994,27.06667,569.19,0.89918,0.006558,-1.351447,0,0,0,0,0,0,0,0,0,0,0,0.00013116,23.0272278134541,0.000131151399279258,23.0302480646541
32252,8994,27.13333,571.85,0.90138,0.006619,-1.351494,0,0,0,0,0,0,0,0,0,0,0,0.00013238,23.1348411341093,0.000132371238540951,23.1379037243787
32253,8994,27.2,574.375,0.90364,0.006665,-1.360364,0,0,0,0,0,0,0,0,0,0,0,0.0001333,23.2369928764607,0.000133291116344344,23.2400903676111
32254,8994,27.26667,577.15,0.90588,0.006724,-1.365044,0,0,0,0,0,0,0,0,0,0,0,0.00013448,23.3492586527082,0.000134470958375451,23.3523986610119
32255,8994,27.33333,579.805,0.90802,0.006806,-1.362928,0,0,0,0,0,0,0,0,0,0,0,0.00013612,23.4566696926856,0.000136110736513494,23.4598626145642
32256,8994,27.4,582.325,0.91026,0.006831,-1.365612,0,0,0,0,0,0,0,0,0,0,0,0.00013662,23.5586191543591,0.000136610668337639,23.5618377329079
32257,8994,27.46667,585.04,0.91254,0.006906,-1.361691,0,0,0,0,0,0,0,0,0,0,0,0.00013812,23.6684575624715,0.000138110462310929,23.67172664983
32258,8994,27.53333,588.005,0.91472,0.006952,-1.352595,0,0,0,0,0,0,0,0,0,0,0,0.00013904,23.7884100044801,0.000139030334835176,23.7917175450072
32259,8994,27.6,590.605,0.91696,0.007,-1.359401,0,0,0,0,0,0,0,0,0,0,0,0.00014,23.8935959570004,0.0001399902009146,23.8969410604343
32260,8994,27.66667,593.37,0.91922,0.007075,-1.357293,0,0,0,0,0,0,0,0,0,0,0,0.0001415,24.005457171892,0.000141489989819299,24.0088539440819
32261,8994,27.73333,596.145,0.92144,0.007136,-1.359311,0,0,0,0,0,0,0,0,0,0,0,0.00014272,24.1177229481396,0.000142709816469647,24.1211650295587
32262,8994,27.8,598.99,0.92364,0.007208,-1.35345,0,0,0,0,0,0,0,0,0,0,0,0.00014416,24.232820653878,0.000144149609945801,24.2363140573035
32263,8994,27.86667,601.705,0.92586,0.007241,-1.355623,0,0,0,0,0,0,0,0,0,0,0,0.00014482,24.3426590619905,0.000144809514596164,24.3461843658758
32264,8994,27.93333,604.605,0.92805,0.007331,-1.347814,0,0,0,0,0,0,0,0,0,0,0,0.00014662,24.4599818551861,0.000146609252338321,24.4635681777257
32265,8994,28,607.41,0.93031,0.007387,-1.345467,0,0,0,0,0,0,0,0,0,0,0,0.00014774,24.5734613155012,0.000147729087521056,24.5770917986759
32266,8994,28.06667,610.19,0.93255,0.007453,-1.351141,0,0,0,0,0,0,0,0,0,0,0,0.00014906,24.6859293724267,0.000149048891662093,24.6896090570589
32267,8994,28.13333,612.92,0.93477,0.007507,-1.349663,0,0,0,0,0,0,0,0,0,0,0,0.00015014,24.7963746225729,0.000150128730118136,24.8000975502587
32268,8994,28.2,615.81,0.93699,0.007546,-1.354528,0,0,0,0,0,0,0,0,0,0,0,0.00015092,24.9132928544126,0.000150908612722552,24.9170527685702
32269,8994,28.26667,618.505,0.93921,0.00761,-1.365088,0,0,0,0,0,0,0,0,0,0,0,0.0001522,25.0223221398134,0.000152188418755142,25.0261305372431
32270,8994,28.33333,621.24,0.94143,0.007653,-1.359502,0,0,0,0,0,0,0,0,0,0,0,0.00015306,25.1329696706376,0.000153048287513254,25.1368165229753
32271,8994,28.4,624.045,0.9436499,0.007725,-1.348559,0,0,0,0,0,0,0,0,0,0,0,0.0001545,25.2464491309526,0.000154488066104233,25.2503497073434
32272,8994,28.46667,626.76,0.9458899,0.007789,-1.348486,0,0,0,0,0,0,0,0,0,0,0,0.00015578,25.3562875390651,0.000155767867555828,25.3602375415379
32273,8994,28.53333,629.395,0.94809,0.00786,-1.33774,0,0,0,0,0,0,0,0,0,0,0,0.0001572,25.4628894563308,0.000157187645374827,25.4668922225533
32274,8994,28.6,632.045,0.95031,0.007904,-1.336764,0,0,0,0,0,0,0,0,0,0,0,0.00015808,25.5700982156302,0.000158067506673473,25.5741403367561
32275,8994,28.66667,634.58,0.95253,0.007953,-1.335112,0,0,0,0,0,0,0,0,0,0,0,0.00015906,25.6726545193374,0.00015904735129955,25.6767380117653
32276,8994,28.73333,637.23,0.95481,0.008016,-1.328447,0,0,0,0,0,0,0,0,0,0,0,0.00016032,25.7798632786369,0.000160307150122168,25.7839963063177
32277,8994,28.8,639.885,0.95697,0.00806,-1.344875,0,0,0,0,0,0,0,0,0,0,0,0.0001612,25.8872743186142,0.000161187008676088,25.8914473472344
32278,8994,28.86667,642.325,0.95917,0.008134,-1.35613,0,0,0,0,0,0,0,0,0,0,0,0.00016268,25.9859872894409,0.000162666769043803,25.9902146898532
32279,8994,28.93333,644.685,0.96151,0.008157,-1.35201,0,0,0,0,0,0,0,0,0,0,0,0.00016314,26.0814637694208,0.000163126694117279,26.0857186994201
32280,8994,29,647.295,0.96371,0.008206,-1.349728,0,0,0,0,0,0,0,0,0,0,0,0.00016412,26.1870542832969,0.000164106533786153,26.1913521026458
32281,8994,29.06667,649.74,0.96585,0.008242,-1.346479,0,0,0,0,0,0,0,0,0,0,0,0.00016484,26.2859695348014,0.000164826415380094,26.2903025140196
32282,8994,29.13333,651.865,0.96813,0.008298,-1.346063,0,0,0,0,0,0,0,0,0,0,0,0.00016596,26.3719388229189,0.000165946230162583,26.376315509886
32283,8994,29.2,654.36,0.97035,0.008349,-1.350972,0,0,0,0,0,0,0,0,0,0,0,0.00016698,26.4728768812027,0.000166966060391463,26.4772973221844
32284,8994,29.26667,656.815,0.97249,0.008375,-1.345402,0,0,0,0,0,0,0,0,0,0,0,0.0001675,26.5721966940632,0.000167485973441375,26.5766475370094
32285,8994,29.33333,658.885,0.97479,0.008416,-1.345756,0,0,0,0,0,0,0,0,0,0,0,0.00016832,26.6559408947235,0.000168305835778192,26.6604276226949
32286,8994,29.4,661.175,0.97703,0.008477,-1.343281,0,0,0,0,0,0,0,0,0,0,0,0.00016954,26.7485854452125,0.000169525629718315,26.7531204003888
32287,8994,29.46667,663.69,0.97921,0.008498,-1.327538,0,0,0,0,0,0,0,0,0,0,0,0.00016996,26.850332626208,0.000169945558435527,26.8548961087411
32288,8994,29.53333,666.02,0.98151,0.008567,-1.32517,0,0,0,0,0,0,0,0,0,0,0,0.00017134,26.9445954221203,0.000171325322978759,26.9492121090999
32289,8994,29.6,668.485,0.98373,0.008626,-1.331377,0,0,0,0,0,0,0,0,0,0,0,0.00017252,27.0443197963366,0.000172505120136167,27.0489854823879
32290,8994,29.66667,671.205,0.98587,0.008651,-1.321269,0,0,0,0,0,0,0,0,0,0,0,0.00017302,27.154360485127,0.00017300503376616,27.1590587325781
32291,8994,29.73333,673.945,0.98813,0.008695,-1.320353,0,0,0,0,0,0,0,0,0,0,0,0.0001739,27.265210296629,0.000173884881147814,27.2699517166996
32292,8994,29.8,662.18,0.99037,0.008562,-1.325778,0,0,0,0,0,0,0,0,0,0,0,0.00017124,26.7892438614751,0.000171225340104767,26.7938312515939
32293,8994,29.86667,623.425,0.99253,0.007904,-1.331618,0,0,0,0,0,0,0,0,0,0,0,0.00015808,25.2213663268901,0.000158067506673473,25.2253533204791
32294,8994,29.93333,626.37,0.99483,0.007937,-1.329682,0,0,0,0,0,0,0,0,0,0,0,0.00015874,25.3405096461871,0.000158727402139418,25.3445321986883
32295,8994,30,638.72,0.99705,0.008178,-1.323658,0,0,0,0,0,0,0,0,0,0,0,0.00016356,25.8401429206581,0.000163546625521596,25.8443693344342
32296,8994,30.06667,649.87,0.99923,0.008377,-1.329205,0,0,0,0,0,0,0,0,0,0,0,0.00016754,26.2912288324275,0.000167525966741677,26.295633664906
32297,8994,30.13333,659.265,1.00149,0.00859,-1.32829,0,0,0,0,0,0,0,0,0,0,0,0.0001718,26.6713142262457,0.000171785244069966,26.6758963580298
32298,8994,30.2,667.81,1.00377,0.008766,-1.332736,0,0,0,0,0,0,0,0,0,0,0,0.00017532,27.0170119048169,0.00017530463324493,27.0217485273441
32299,8994,30.26667,675.415,1.00589,0.008912,-1.326435,0,0,0,0,0,0,0,0,0,0,0,0.00017824,27.3246808159386,0.000178224117138587,27.3295511670472
32300,8994,30.33333,680.645,1.00809,0.00903,-1.323834,0,0,0,0,0,0,0,0,0,0,0,0.0001806,27.5362664050465,0.000180583693783214,27.5412394547593
32301,8994,30.4,684.47,1.01039,0.009089,-1.326195,0,0,0,0,0,0,0,0,0,0,0,0.00018178,27.691011123658,0.000181763480017681,27.6960447956601
32302,8994,30.46667,688.21,1.01261,0.009145,-1.323426,0,0,0,0,0,0,0,0,0,0,0,0.0001829,27.8423170707448,0.000182883275834188,27.847409430537
32303,8994,30.53333,691.505,1.01479,0.009217,-1.32737,0,0,0,0,0,0,0,0,0,0,0,0.00018434,27.9756200374963,0.000184323011469839,27.980777063294
32304,8994,30.6,694.705,1.01707,0.009273,-1.331521,0,0,0,0,0,0,0,0,0,0,0,0.00018546,28.1050796713674,0.000185442804420199,28.1102920394432
32305,8994,30.66667,698.1,1.01929,0.009332,-1.324764,0,0,0,0,0,0,0,0,0,0,0,0.00018664,28.2424282516774,0.000186622584921971,28.2476994184863
32306,8994,30.73333,701.38,1.02149,0.009378,-1.326534,0,0,0,0,0,0,0,0,0,0,0,0.00018756,28.3751243763952,0.000187542412822353,28.3804464147233
32307,8994,30.8,704.435,1.02373,0.00946,-1.331783,0,0,0,0,0,0,0,0,0,0,0,0.0001892,28.4987178706065,0.000189182103937144,28.5041098280276
32308,8994,30.86667,707.57,1.02591,0.009555,-1.337323,0,0,0,0,0,0,0,0,0,0,0,0.0001911,28.6255478556645,0.000191081742721051,28.6310181978597
32309,8994,30.93333,710.725,1.02813,0.009598,-1.341956,0,0,0,0,0,0,0,0,0,0,0,0.00019196,28.7531869634342,0.000191941578036673,28.7587064252037
32310,8994,31,713.735,1.03039,0.009637,-1.347873,0,0,0,0,0,0,0,0,0,0,0,0.00019274,28.8749599315442,0.000192721428032449,28.8805252913214
32311,8994,31.06667,716.795,1.03263,0.009703,-1.343079,0,0,0,0,0,0,0,0,0,0,0,0.00019406,28.9987557064333,0.000194041172794006,29.0043832049657
32312,8994,31.13333,719.86,1.03481,0.009759,-1.338364,0,0,0,0,0,0,0,0,0,0,0,0.00019518,29.1227537620004,0.000195160954861875,29.1284379410797
32313,8994,31.2,722.685,1.03705,0.009806,-1.335428,0,0,0,0,0,0,0,0,0,0,0,0.00019612,29.2370423450272,0.00019610077098691,29.2427763137719
32314,8994,31.26667,725.62,1.03929,0.009841,-1.331442,0,0,0,0,0,0,0,0,0,0,0,0.00019682,29.3557811029683,0.00019680063348489,29.361558907805
32315,8994,31.33333,728.505,1.04151,0.00991,-1.331374,0,0,0,0,0,0,0,0,0,0,0,0.0001982,29.4724970541302,0.000198180360974964,29.4783385030463
32316,8994,31.4,731.26,1.04371,0.009962,-1.334338,0,0,0,0,0,0,0,0,0,0,0,0.00019924,29.583953707666,0.000199220154347122,29.5898480146027
32317,8994,31.46667,733.805,1.04595,0.010015,-1.334302,0,0,0,0,0,0,0,0,0,0,0,0.0002003,29.686914572729,0.000200279942633213,29.692860861718
32318,8994,31.53333,736.48,1.04817,0.010079,-1.332372,0,0,0,0,0,0,0,0,0,0,0,0.00020158,29.7951347354181,0.000201559685481678,29.8011408386781
32319,8994,31.6,738.97,1.05037,0.010141,-1.333258,0,0,0,0,0,0,0,0,0,0,0,0.00020282,29.895870513024,0.000202799434804379,29.9019339934815
32320,8994,31.66667,741.475,1.05267,0.010159,-1.339227,0,0,0,0,0,0,0,0,0,0,0,0.00020318,29.9972131326637,0.000203159361739243,30.003307966428
32321,8994,31.73333,744.185,1.05485,0.010225,-1.341252,0,0,0,0,0,0,0,0,0,0,0,0.0002045,30.1068492600982,0.000204479092725251,30.1130061107719
32322,8994,31.8,746.645,1.05701,0.010271,-1.34564,0,0,0,0,0,0,0,0,0,0,0,0.00020542,30.2063713536366,0.000205398904200651,30.21257634644
32323,8994,31.86667,748.875,1.05933,0.010315,-1.343979,0,0,0,0,0,0,0,0,0,0,0,0.0002063,30.2965885359904,0.000206278723081339,30.3028387222054
32324,8994,31.93333,751.525,1.06155,0.010376,-1.33852,0,0,0,0,0,0,0,0,0,0,0,0.00020752,30.4037972952899,0.000207498470703272,30.4101066913046
32325,8994,32,754.065,1.06369,0.010399,-1.331462,0,0,0,0,0,0,0,0,0,0,0,0.00020798,30.506555879675,0.000207958375158212,30.5129006331669
32326,8994,32.06667,756.36,1.06597,0.010471,-1.324106,0,0,0,0,0,0,0,0,0,0,0,0.00020942,30.5994027108419,0.000209398074692828,30.6058108377576
32327,8994,32.13334,758.865,1.06821,0.01052,-1.329821,0,0,0,0,0,0,0,0,0,0,0,0.0002104,30.7007453304816,0.000210377869024239,30.7072047672991
32328,8994,32.2,761.285,1.07037,0.010548,-1.334577,0,0,0,0,0,0,0,0,0,0,0,0.00021096,30.7986491785965,0.000210937751068217,30.8051464616273
32329,8994,32.26667,763.51,1.07261,0.010604,-1.337651,0,0,0,0,0,0,0,0,0,0,0,0.00021208,30.8886640802725,0.000212057514215993,30.8952149481506
32330,8994,32.33333,765.84,1.07485,0.010632,-1.335961,0,0,0,0,0,0,0,0,0,0,0,0.00021264,30.9829268761848,0.000212617395319569,30.9895150857558
32331,8994,32.4,768.345,1.07707,0.010676,-1.333724,0,0,0,0,0,0,0,0,0,0,0,0.00021352,31.0842694958245,0.000213497207849096,31.0909066090473
32332,8994,32.46667,770.63,1.07933,0.010737,-1.336094,0,0,0,0,0,0,0,0,0,0,0,0.00021474,31.1767117656355,0.000214716946666558,31.1834066527201
32333,8994,32.53333,773.035,1.08157,0.010745,-1.339154,0,0,0,0,0,0,0,0,0,0,0,0.0002149,31.2740087717167,0.000214876912302656,31.2807295562018
32334,8994,32.6,775.57,1.08373,0.010791,-1.344095,0,0,0,0,0,0,0,0,0,0,0,0.00021582,31.3765650754239,0.000215796714214076,31.3833367656985
32335,8994,32.66667,777.785,1.08597,0.010834,-1.340244,0,0,0,0,0,0,0,0,0,0,0,0.00021668,31.4661754157441,0.000216656528279387,31.4729935066331
32336,8994,32.73333,780.2,1.08821,0.010904,-1.340541,0,0,0,0,0,0,0,0,0,0,0,0.00021808,31.5638769831811,0.000218056224013458,31.5707604334736
32337,8994,32.8,782.775,1.09039,0.010934,-1.32944,0,0,0,0,0,0,0,0,0,0,0,0.00021868,31.6680515323117,0.000218656093013972,31.6749767018208
32338,8994,32.86666,785.15,1.09265,0.010998,-1.329248,0,0,0,0,0,0,0,0,0,0,0,0.00021996,31.7641348543253,0.000219935812345921,31.7711216934279
32339,8994,32.93333,787.615,1.09489,0.011026,-1.331245,0,0,0,0,0,0,0,0,0,0,0,0.00022052,31.8638592285416,0.000220495689038827,31.8708858467787
32340,8994,33,790.22,1.09707,0.01107,-1.333261,0,0,0,0,0,0,0,0,0,0,0,0.0002214,31.9692474617398,0.000221375494636963,31.9763254531278
32341,8994,33.06667,792.65,1.09931,0.011113,-1.331274,0,0,0,0,0,0,0,0,0,0,0,0.00022226,32.0675558712106,0.000222235303905354,32.0746832061785
32342,8994,33.13334,795.125,1.10159,0.011183,-1.343175,0,0,0,0,0,0,0,0,0,0,0,0.00022366,32.1676848067827,0.000223634991831085,32.1748794311666
32343,8994,33.2,797.64,1.10373,0.011229,-1.348062,0,0,0,0,0,0,0,0,0,0,0,0.00022458,32.2694319877782,0.000224554785686846,32.276679056814
32344,8994,33.26667,800,1.10591,0.011262,-1.344258,0,0,0,0,0,0,0,0,0,0,0,0.00022524,32.3649084677581,0.00022521463727961,32.3721983397414
32345,8994,33.33333,802.255,1.10823,0.0113,-1.345595,0,0,0,0,0,0,0,0,0,0,0,0.000226,32.4561370535016,0.000225974465847133,32.4634721404757
32346,8994,33.4,804.765,1.11045,0.011341,-1.346847,0,0,0,0,0,0,0,0,0,0,0,0.00022682,32.5576819538192,0.000226794280232859,32.56506668724
32347,8994,33.46667,807.125,1.11265,0.011369,-1.340911,0,0,0,0,0,0,0,0,0,0,0,0.00022738,32.6531584337991,0.000227354153085884,32.6605831089638
32348,8994,33.53333,809.015,1.11489,0.011405,-1.344262,0,0,0,0,0,0,0,0,0,0,0,0.0002281,32.7296205300542,0.000228073989150261,32.7370861564971
32349,8994,33.6,810.825,1.11711,0.011436,-1.345702,0,0,0,0,0,0,0,0,0,0,0,0.00022872,32.8028461354625,0.000228693847568407,32.8103488024306
32350,8994,33.66667,812.96,1.11933,0.011472,-1.342021,0,0,0,0,0,0,0,0,0,0,0,0.00022944,32.8892199849358,0.000229413682668647,32.8967660875691
32351,8994,33.73333,815.275,1.12157,0.01149,-1.341107,0,0,0,0,0,0,0,0,0,0,0,0.0002298,32.9828759388144,0.000229773600024457,32.9904554037051
32352,8994,33.8,817.72,1.12377,0.011536,-1.347143,0,0,0,0,0,0,0,0,0,0,0,0.00023072,33.081791190319,0.000230693388233983,33.0894238211824
32353,8994,33.86666,820.21,1.12599,0.0116,-1.348858,0,0,0,0,0,0,0,0,0,0,0,0.000232,33.1825269679249,0.000231973092161675,33.1902253141814
32354,8994,33.93333,822.62,1.12821,0.01162,-1.354553,0,0,0,0,0,0,0,0,0,0,0,0.0002324,33.280026254684,0.000232372999303248,33.2877605327856
32355,8994,34,825.125,1.13045,0.011656,-1.346338,0,0,0,0,0,0,0,0,0,0,0,0.00023312,33.3813688743236,0.000233092831755112,33.3891507390356
32356,8994,34.06667,827.655,1.13267,0.011705,-1.343982,0,0,0,0,0,0,0,0,0,0,0,0.0002341,33.4837228973529,0.000234072602870599,33.4915614368832
32357,8994,34.13334,830.235,1.13489,0.011758,-1.341883,0,0,0,0,0,0,0,0,0,0,0,0.00023516,33.5880997271614,0.000235132354221137,33.5959983046933
32358,8994,34.2,832.765,1.13713,0.011817,-1.338308,0,0,0,0,0,0,0,0,0,0,0,0.00023634,33.6904537501907,0.00023631207610186,33.69841615203
32359,8994,34.26667,835.415,1.13935,0.011881,-1.339111,0,0,0,0,0,0,0,0,0,0,0,0.00023762,33.7976625094902,0.00023759177283932,33.8056935100557
32360,8994,34.33333,837.92,1.14154,0.01192,-1.345332,0,0,0,0,0,0,0,0,0,0,0,0.0002384,33.8990051291298,0.000238371587235618,33.9070866519526
32361,8994,34.4,840.4,1.14378,0.012009,-1.346589,0,0,0,0,0,0,0,0,0,0,0,0.00024018,33.9993363453799,0.000240151161401378,34.0075023059833
32362,8994,34.46667,842.945,1.14602,0.01206,-1.351074,0,0,0,0,0,0,0,0,0,0,0,0.0002412,34.102297210443,0.000241170915956673,34.1105226845301
32363,8994,34.53333,845.535,1.1482,0.012055,-1.352921,0,0,0,0,0,0,0,0,0,0,0,0.0002411,34.2070786016073,0.0002410709400658,34.2153259282582
32364,8994,34.6,847.925,1.1505,0.012096,-1.346796,0,0,0,0,0,0,0,0,0,0,0,0.00024192,34.3037687656547,0.000241890742075319,34.3120675333945
32365,8994,34.66667,850.535,1.15272,0.01217,-1.337319,0,0,0,0,0,0,0,0,0,0,0,0.0002434,34.4093592795308,0.000243370383025755,34.4177345175794
32366,8994,34.73333,853.15,1.15484,0.012206,-1.338596,0,0,0,0,0,0,0,0,0,0,0,0.00024412,34.5151520740848,0.000244090207561391,34.5235779130091
32367,8994,34.8,855.53,1.15716,0.012252,-1.339463,0,0,0,0,0,0,0,0,0,0,0,0.00024504,34.6114376767764,0.000245009982602772,34.6199188634647
32368,8994,34.86666,858.29,1.15943,0.012324,-1.337228,0,0,0,0,0,0,0,0,0,0,0,0.00024648,34.7230966109901,0.000246449628795232,34.7316551598428
32369,8994,34.93333,861.175,1.16156,0.012365,-1.340246,0,0,0,0,0,0,0,0,0,0,0,0.0002473,34.839812562152,0.000247269426395526,34.8484284477986
32370,8994,35,863.535,1.1638,0.012419,-1.341137,0,0,0,0,0,0,0,0,0,0,0,0.00024838,34.9352890421319,0.000248349158794524,34.9439662692242
32371,8994,35.06667,866.13,1.16608,0.012457,-1.340612,0,0,0,0,0,0,0,0,0,0,0,0.00024914,35.0402727139742,0.000249108969783986,35.0490026475181
32372,8994,35.13334,868.98,1.16824,0.012519,-1.334117,0,0,0,0,0,0,0,0,0,0,0,0.00025038,35.1555727003906,0.000250348660158932,35.1643749526833
32373,8994,35.2,871.585,1.17046,0.012567,-1.333341,0,0,0,0,0,0,0,0,0,0,0,0.00025134,35.2609609335887,0.000251308419393669,35.2698234235097
32374,8994,35.26667,874.225,1.17274,0.012618,-1.328937,0,0,0,0,0,0,0,0,0,0,0,0.00025236,35.3677651315323,0.000252328162571368,35.3766905407409
32375,8994,35.33333,877.05,1.17492,0.01268,-1.3359,0,0,0,0,0,0,0,0,0,0,0,0.0002536,35.4820537145591,0.00025356784895552,35.4910519633811
32376,8994,35.4,879.685,1.17714,0.012749,-1.342501,0,0,0,0,0,0,0,0,0,0,0,0.00025498,35.5886556318247,0.000254947498124584,35.5977300272377
32377,8994,35.46667,882.29,1.17944,0.012772,-1.34583,0,0,0,0,0,0,0,0,0,0,0,0.00025544,35.6940438650229,0.000255407380758028,35.7031615515878
32378,8994,35.53333,885.085,1.1816,0.012792,-1.339847,0,0,0,0,0,0,0,0,0,0,0,0.00025584,35.8071187639821,0.000255807278527952,35.8162796572467
32379,8994,35.6,887.675,1.18378,0.01289,-1.343094,0,0,0,0,0,0,0,0,0,0,0,0.0002578,35.9119001551465,0.000257766775290072,35.9211582430065
32380,8994,35.66667,890.225,1.18608,0.012956,-1.337651,0,0,0,0,0,0,0,0,0,0,0,0.00025912,36.0150633008875,0.000259086434210999,36.02439552409
32381,8994,35.73333,893.12,1.18826,0.012997,-1.340048,0,0,0,0,0,0,0,0,0,0,0,0.00025994,36.1321838134052,0.00025990622145174,36.1415760132656
32382,8994,35.8,895.76,1.19046,0.013033,-1.340441,0,0,0,0,0,0,0,0,0,0,0,0.00026066,36.2389880113488,0.000260626034084355,36.2484340659638
32383,8994,35.86666,898.235,1.19276,0.013061,-1.339785,0,0,0,0,0,0,0,0,0,0,0,0.00026122,36.3391169469209,0.000261185887996224,36.3486094510498
32384,8994,35.93333,901.16,1.19496,0.013107,-1.339061,0,0,0,0,0,0,0,0,0,0,0,0.00026214,36.4574511435061,0.000262105647313566,36.4670080997489
32385,8994,36,903.845,1.19714,0.013161,-1.345595,0,0,0,0,0,0,0,0,0,0,0,0.00026322,36.566075867551,0.000263185363693543,36.5757007900409
32386,8994,36.06667,906.37,1.19946,0.013199,-1.345727,0,0,0,0,0,0,0,0,0,0,0,0.00026398,36.6682276099024,0.000263945163410382,36.6779072886269
32387,8994,36.13334,909.125,1.20164,0.013253,-1.346927,0,0,0,0,0,0,0,0,0,0,0,0.00026506,36.7796842634382,0.000265024877804428,36.7894330865491
32388,8994,36.2,911.82,1.20376,0.013317,-1.345415,0,0,0,0,0,0,0,0,0,0,0,0.00026634,36.888713548839,0.00026630453779876,36.8985384888056
32389,8994,36.26667,914.235,1.20608,0.013312,-1.347441,0,0,0,0,0,0,0,0,0,0,0,0.00026624,36.986415116276,0.000266204564420613,36.9962623794366
32390,8994,36.33333,917.095,1.20832,0.013371,-1.343707,0,0,0,0,0,0,0,0,0,0,0,0.00026742,37.1021196640483,0.000267384249645138,37.1120415128888
32391,8994,36.4,919.93,1.21048,0.01343,-1.336916,0,0,0,0,0,0,0,0,0,0,0,0.0002686,37.2168128084309,0.000268563933478231,37.2268092443512
32392,8994,36.46667,922.475,1.21274,0.013471,-1.33948,0,0,0,0,0,0,0,0,0,0,0,0.00026942,37.319773673494,0.000269383712949257,37.3298283669171
32393,8994,36.53333,925.175,1.215,0.013496,-1.337662,0,0,0,0,0,0,0,0,0,0,0,0.00026992,37.4290052395726,0.000269883578150678,37.4391080766669
32394,8994,36.6,927.98,1.21718,0.013545,-1.333553,0,0,0,0,0,0,0,0,0,0,0,0.0002709,37.5424846998877,0.000270863313220557,37.5526549589929
32395,8994,36.66667,930.59,1.2194,0.013614,-1.342523,0,0,0,0,0,0,0,0,0,0,0,0.00027228,37.6480752137638,0.000272242938527948,37.658326031683
32396,8994,36.73333,933.195,1.22164,0.013675,-1.344099,0,0,0,0,0,0,0,0,0,0,0,0.0002735,37.7534634469619,0.000273462605693111,37.7637890192147
32397,8994,36.8,935.96,1.22386,0.013724,-1.338672,0,0,0,0,0,0,0,0,0,0,0,0.00027448,37.8653246618536,0.000274442337256499,37.8757179361668
32398,8994,36.86666,938.655,1.22606,0.013775,-1.340912,0,0,0,0,0,0,0,0,0,0,0,0.0002755,37.9743539472544,0.000275462056843828,37.9848158817668
32399,8994,36.93333,941.32,1.22832,0.013832,-1.340552,0,0,0,0,0,0,0,0,0,0,0,0.00027664,38.0821695485876,0.000276601742210844,38.0927045999715
32400,8994,37,943.985,1.23056,0.013867,-1.33998,0,0,0,0,0,0,0,0,0,0,0,0.00027734,38.1899851499208,0.0002773015483715,38.2005767604023
32401,8994,37.06667,946.71,1.23272,0.013885,-1.343731,0,0,0,0,0,0,0,0,0,0,0,0.0002777,38.3002281193891,0.000277661448492051,38.3108640927379
32402,8994,37.13334,949.275,1.235,0.013926,-1.351345,0,0,0,0,0,0,0,0,0,0,0,0.00027852,38.4039981071639,0.000278481220505158,38.4146943887167
32403,8994,37.2,952,1.2372,0.013988,-1.353095,0,0,0,0,0,0,0,0,0,0,0,0.00027976,38.5142410766322,0.000279720874468165,38.5250158207158
32404,8994,37.26667,954.69,1.23938,0.014054,-1.352802,0,0,0,0,0,0,0,0,0,0,0,0.00028108,38.623068081355,0.000281040504417506,38.6339242533313
32405,8994,37.33333,957.285,1.24168,0.014093,-1.353092,0,0,0,0,0,0,0,0,0,0,0,0.00028186,38.7280517531973,0.000281820284932829,38.7389676418644
32406,8994,37.4,960.03,1.2439,0.014128,-1.354581,0,0,0,0,0,0,0,0,0,0,0,0.00028256,38.8391038453773,0.000282520087441527,38.8500782225598
32407,8994,37.46667,962.7,1.24604,0.014172,-1.346292,0,0,0,0,0,0,0,0,0,0,0,0.00028344,38.9471217273884,0.000283399838471967,38.9581608995708
32408,8994,37.53333,965.06,1.24832,0.014226,-1.35149,0,0,0,0,0,0,0,0,0,0,0,0.00028452,39.0425982073683,0.000284479531860514,39.0537066074103
32409,8994,37.6,967.675,1.25058,0.014287,-1.356353,0,0,0,0,0,0,0,0,0,0,0,0.00028574,39.1483910019223,0.000285699184101206,39.1595772631672
32410,8994,37.66667,970.39,1.25272,0.014326,-1.362286,0,0,0,0,0,0,0,0,0,0,0,0.00028652,39.2582294100347,0.000286478960983569,39.2694776779253
32411,8994,37.73333,972.83,1.25498,0.014374,-1.35949,0,0,0,0,0,0,0,0,0,0,0,0.00028748,39.3569423808614,0.000287438685542559,39.3682567146571
32412,8994,37.8,975.465,1.25728,0.014428,-1.361586,0,0,0,0,0,0,0,0,0,0,0,0.00028856,39.4635442981271,0.000288518374570623,39.4749318984697
32413,8994,37.86666,978.38,1.25942,0.014494,-1.356612,0,0,0,0,0,0,0,0,0,0,0,0.00028988,39.5814739333565,0.000289837992910579,39.5929478110203
32414,8994,37.93333,980.84,1.2616,0.014543,-1.344738,0,0,0,0,0,0,0,0,0,0,0,0.00029086,39.6809960268948,0.000290817708430622,39.6925376413992
32415,8994,38,983.27,1.26392,0.014579,-1.340112,0,0,0,0,0,0,0,0,0,0,0,0.00029158,39.7793044363656,0.000291537498813332,39.7909032859532
32416,8994,38.06667,986.145,1.2661,0.014615,-1.339195,0,0,0,0,0,0,0,0,0,0,0,0.0002923,39.8956158261716,0.000292257288677722,39.9072773146776
32417,8994,38.13334,988.85,1.2683,0.014648,-1.341959,0,0,0,0,0,0,0,0,0,0,0,0.00029296,40.0050496729283,0.000292917095598409,40.0167695522804
32418,8994,38.2,991.195,1.27058,0.014715,-1.33388,0,0,0,0,0,0,0,0,0,0,0,0.0002943,40.0999193108744,0.00029425670224978,40.1117207171276
32419,8994,38.26667,993.9,1.27278,0.014768,-1.337084,0,0,0,0,0,0,0,0,0,0,0,0.00029536,40.209353157631,0.00029531638982209,40.2212293921796
32420,8994,38.33333,996.55,1.27498,0.014832,-1.34104,0,0,0,0,0,0,0,0,0,0,0,0.00029664,40.3165619169304,0.000296596011054198,40.3285214218575
32421,8994,38.4,999.075,1.27728,0.014876,-1.341577,0,0,0,0,0,0,0,0,0,0,0,0.00029752,40.4187136592818,0.000297475749701422,40.4307390349697
32422,8994,38.46667,1001.84,1.27946,0.014901,-1.344481,0,0,0,0,0,0,0,0,0,0,0,0.00029802,40.5305748741735,0.000297975600860812,40.5426537960975
32423,8994,38.53333,1004.42,1.28164,0.014932,-1.336245,0,0,0,0,0,0,0,0,0,0,0,0.00029864,40.634951703982,0.000298595415951383,40.6470869259589
32424,8994,38.6,1006.935,1.28392,0.015014,-1.32948,0,0,0,0,0,0,0,0,0,0,0,0.00030028,40.7366988849775,0.000300234924984033,40.7489313009187
32425,8994,38.66667,1009.73,1.2861,0.015047,-1.328702,0,0,0,0,0,0,0,0,0,0,0,0.00030094,40.8497737839367,0.000300894726641043,40.8620671148593
32426,8994,38.73333,1012.545,1.2883,0.015083,-1.337636,0,0,0,0,0,0,0,0,0,0,0,0.00030166,40.9636578056077,0.000301614509770451,40.9760149026213
32427,8994,38.8,1015.22,1.2906,0.015129,-1.338736,0,0,0,0,0,0,0,0,0,0,0,0.00030258,41.0718779682967,0.00030253423190396,41.0843054971324
32428,8994,38.86666,1018.16,1.29278,0.015203,-1.338768,0,0,0,0,0,0,0,0,0,0,0,0.00030406,41.1908190069157,0.00030401378312637,41.203343487343
32429,8994,38.93333,1020.915,1.29498,0.015244,-1.334903,0,0,0,0,0,0,0,0,0,0,0,0.00030488,41.3022756604516,0.000304833533537086,41.3148678982549
32430,8994,39,1023.635,1.29726,0.015303,-1.336567,0,0,0,0,0,0,0,0,0,0,0,0.00030606,41.412316349242,0.000306013173192495,41.4249910027838
32431,8994,39.06667,1026.475,1.29948,0.015352,-1.327939,0,0,0,0,0,0,0,0,0,0,0,0.00030704,41.5272117743025,0.0003069928728656,41.5399622894057
32432,8994,39.13334,1029.35,1.30162,0.01538,-1.326769,0,0,0,0,0,0,0,0,0,0,0,0.0003076,41.6435231641085,0.0003075527008192,41.6563327118338
32433,8994,39.2,1032.025,1.3039,0.015424,-1.330951,0,0,0,0,0,0,0,0,0,0,0,0.00030848,41.7517433267976,0.000308432429827457,41.764622904579
32434,8994,39.26667,1034.92,1.30616,0.015485,-1.331912,0,0,0,0,0,0,0,0,0,0,0,0.0003097,41.8688638393153,0.000309652052854311,41.8818306264463
32435,8994,39.33333,1037.995,1.30834,0.015534,-1.319027,0,0,0,0,0,0,0,0,0,0,0,0.00031068,41.9932664562382,0.000310631748962193,42.0063129242608
32436,8994,39.4,1040.85,1.31056,0.01559,-1.322952,0,0,0,0,0,0,0,0,0,0,0,0.0003118,42.1087687233325,0.000311751400481931,42.1218982374205
32437,8994,39.46667,1043.75,1.31282,0.015659,-1.315662,0,0,0,0,0,0,0,0,0,0,0,0.00031318,42.2260915165282,0.000313130969380497,42.2393158838693
32438,8994,39.53333,1046.745,1.31506,0.015713,-1.31743,0,0,0,0,0,0,0,0,0,0,0,0.00031426,42.3472576426043,0.000314210630669033,42.3605656917911
32439,8994,39.6,1049.67,1.31724,0.015756,-1.322039,0,0,0,0,0,0,0,0,0,0,0,0.00031512,42.4655918391896,0.000315070360120874,42.4789735964899
32440,8994,39.66667,1052.41,1.31946,0.01581,-1.315341,0,0,0,0,0,0,0,0,0,0,0,0.0003162,42.5764416506916,0.00031615001931575,42.5899043215416
32441,8994,39.73333,1055.22,1.32168,0.015879,-1.313265,0,0,0,0,0,0,0,0,0,0,0,0.00031758,42.6901233916846,0.000317529582145914,42.7036809210714
32442,8994,39.8,1058.15,1.3239,0.015935,-1.31647,0,0,0,0,0,0,0,0,0,0,0,0.0003187,42.8086598689478,0.000318649225942513,42.822302988848
32443,8994,39.86666,1061.095,1.32616,0.015981,-1.320706,0,0,0,0,0,0,0,0,0,0,0,0.00031962,42.9278031882447,0.000319568932408957,42.9415237726998
32444,8994,39.93333,1064.105,1.3284,0.016035,-1.320714,0,0,0,0,0,0,0,0,0,0,0,0.0003207,43.0495761563547,0.000320648586746922,43.063382155428
32445,8994,40,1067.09,1.33056,0.016074,-1.317476,0,0,0,0,0,0,0,0,0,0,0,0.00032148,43.170337721075,0.000321428336377036,43.1842161212456
32446,8994,40.06667,1069.87,1.33282,0.016109,-1.330609,0,0,0,0,0,0,0,0,0,0,0,0.00032218,43.2828057780005,0.00032212811116848,43.296750632366
32447,8994,40.13334,1072.755,1.33504,0.016166,-1.334148,0,0,0,0,0,0,0,0,0,0,0,0.00032332,43.3995217291623,0.000323267743352148,43.4135536625278
32448,8994,40.2,1075.74,1.33723,0.016222,-1.336052,0,0,0,0,0,0,0,0,0,0,0,0.00032444,43.5202832938826,0.000324387380724072,43.5344030145945
32449,8994,40.26667,1078.755,1.3395,0.016271,-1.329411,0,0,0,0,0,0,0,0,0,0,0,0.00032542,43.6422585426705,0.000325367062396146,43.6564606064455
32450,8994,40.33333,1081.755,1.34174,0.016322,-1.326566,0,0,0,0,0,0,0,0,0,0,0,0.00032644,43.7636269494246,0.000326386730055884,43.777913147806
32451,8994,40.4,1084.845,1.34391,0.016378,-1.331881,0,0,0,0,0,0,0,0,0,0,0,0.00032756,43.8886364083813,0.00032750636393546,43.9030125701232
32452,8994,40.46667,1087.77,1.34615,0.016424,-1.335163,0,0,0,0,0,0,0,0,0,0,0,0.00032848,44.0069706049665,0.000328426062256199,44.0214260146709
32453,8994,40.53333,1090.59,1.34842,0.016488,-1.335088,0,0,0,0,0,0,0,0,0,0,0,0.00032976,44.1210569073154,0.000329705641121195,44.1356062670412
32454,8994,40.6,1093.815,1.35057,0.016568,-1.330861,0,0,0,0,0,0,0,0,0,0,0,0.00033136,44.251527944576,0.000331305112399794,44.2661911308758
32455,8994,40.66667,1096.66,1.35283,0.016598,-1.33656,0,0,0,0,0,0,0,0,0,0,0,0.00033196,44.3666256503145,0.000331904913469899,44.3813535953654
32456,8994,40.73333,1099.505,1.35514,0.01666,-1.336225,0,0,0,0,0,0,0,0,0,0,0,0.0003332,44.481723356053,0.000333144501207823,44.4965446662752
32457,8994,40.8,1102.88,1.35727,0.016716,-1.337504,0,0,0,0,0,0,0,0,0,0,0,0.00033432,44.6182628136513,0.000334264127521421,44.6331795912752
32458,8994,40.86666,1105.895,1.35945,0.016742,-1.331985,0,0,0,0,0,0,0,0,0,0,0,0.00033484,44.7402380624392,0.000334783953597961,44.755218883752
32459,8994,40.93333,1108.63,1.36176,0.016795,-1.333191,0,0,0,0,0,0,0,0,0,0,0,0.0003359,44.8508855932633,0.00033584359822494,44.8659510057341
32460,8994,41,1111.885,1.36397,0.016877,-1.335204,0,0,0,0,0,0,0,0,0,0,0,0.00033754,44.9825703145915,0.000337483046190046,44.9977537313755
32461,8994,41.06667,1115.04,1.36613,0.016913,-1.336972,0,0,0,0,0,0,0,0,0,0,0,0.00033826,45.1102094223613,0.000338202802984069,45.1254684018005
32462,8994,41.13334,1117.81,1.36845,0.016969,-1.33812,0,0,0,0,0,0,0,0,0,0,0,0.00033938,45.2222729179309,0.000339322423634277,45.2376204529138
32463,8994,41.2,1120.985,1.37063,0.017021,-1.338642,0,0,0,0,0,0,0,0,0,0,0,0.00034042,45.3507211484123,0.000340362070258286,45.3661594409056
32464,8994,41.26667,1124.29,1.37281,0.017085,-1.338574,0,0,0,0,0,0,0,0,0,0,0,0.0003417,45.4844286765197,0.00034164163385032,45.4999707057985
32465,8994,41.33333,1127.315,1.37513,0.017138,-1.328856,0,0,0,0,0,0,0,0,0,0,0,0.00034276,45.6068084866634,0.000342701271210845,45.6224406763403
32466,8994,41.4,1130.625,1.37733,0.017233,-1.324426,0,0,0,0,0,0,0,0,0,0,0,0.00034466,45.7407182954488,0.000344600618386227,45.7564832914165
32467,8994,41.46667,1133.945,1.37947,0.017282,-1.328561,0,0,0,0,0,0,0,0,0,0,0,0.00034564,45.87503266559,0.00034558028025575,45.8908889118805
32468,8994,41.53333,1136.84,1.38177,0.017315,-1.32422,0,0,0,0,0,0,0,0,0,0,0,0.0003463,45.9921531781077,0.000346240051994507,46.0080802607532
32469,8994,41.6,1140.015,1.38397,0.017376,-1.318523,0,0,0,0,0,0,0,0,0,0,0,0.00034752,46.1206014085891,0.000347459628911214,46.1366292399906
32470,8994,41.66667,1143.295,1.38611,0.017422,-1.324848,0,0,0,0,0,0,0,0,0,0,0,0.00034844,46.2532975333069,0.000348379308880938,46.2694140322994
32471,8994,41.73333,1146.36,1.38847,0.017486,-1.324406,0,0,0,0,0,0,0,0,0,0,0,0.00034972,46.377295588874,0.000349658862214453,46.3935146566873
32472,8994,41.8,1149.685,1.39067,0.017532,-1.317139,0,0,0,0,0,0,0,0,0,0,0,0.00035064,46.5118122396931,0.00035057854016159,46.5281211415368
32473,8994,41.86666,1153.08,1.39283,0.017584,-1.323591,0,0,0,0,0,0,0,0,0,0,0,0.00035168,46.6491608200031,0.000351618175083509,46.6655663968803
32474,8994,41.93333,1156.09,1.39513,0.017648,-1.320787,0,0,0,0,0,0,0,0,0,0,0,0.00035296,46.7709337881131,0.000352897724272732,46.7874420569029
32475,8994,42,1159.34,1.39735,0.017701,-1.310752,0,0,0,0,0,0,0,0,0,0,0,0.00035402,46.9024162287634,0.000353957349705735,46.9190206221567
32476,8994,42.06667,1162.67,1.39947,0.017765,-1.300354,0,0,0,0,0,0,0,0,0,0,0,0.0003553,47.0371351602604,0.000355236895901873,47.0538474543828
32477,8994,42.13334,1165.555,1.40173,0.017817,-1.301241,0,0,0,0,0,0,0,0,0,0,0,0.00035634,47.1538511114223,0.000356276525980595,47.1706539147273
32478,8994,42.2,1168.69,1.40403,0.017824,-1.310729,0,0,0,0,0,0,0,0,0,0,0,0.00035648,47.2806810964803,0.00035641647610101,47.2975357136776
32479,8994,42.26667,1172.28,1.40619,0.017916,-1.317183,0,0,0,0,0,0,0,0,0,0,0,0.00035832,47.4259186232293,0.000358255818719879,47.4429122783904
32480,8994,42.33333,1175.485,1.40841,0.017988,-1.327337,0,0,0,0,0,0,0,0,0,0,0,0.00035976,47.5555805377783,0.000359695301887972,47.5726891334326
32481,8994,42.4,1178.475,1.41069,0.018011,-1.327129,0,0,0,0,0,0,0,0,0,0,0,0.00036022,47.6765443831765,0.000360155136352032,47.6937184279942
32482,8994,42.46667,1181.875,1.41291,0.01807,-1.318925,0,0,0,0,0,0,0,0,0,0,0,0.0003614,47.8140952441645,0.00036133471074995,47.8313752581858
32483,8994,42.53333,1185.195,1.41509,0.018121,-1.318566,0,0,0,0,0,0,0,0,0,0,0,0.00036242,47.9484096143057,0.000362354341735319,47.9657870769181
32484,8994,42.6,1188.255,1.41735,0.01818,-1.317141,0,0,0,0,0,0,0,0,0,0,0,0.0003636,48.0722053891949,0.000363533913538892,48.0896844430744
32485,8994,42.66667,1191.375,1.41953,0.018234,-1.316479,0,0,0,0,0,0,0,0,0,0,0,0.00036468,48.1984285322191,0.000364613520410722,48.2160055351363
32486,8994,42.73333,1194.49,1.42171,0.018259,-1.32121,0,0,0,0,0,0,0,0,0,0,0,0.00036518,48.3244493945655,0.000365113338012354,48.3420965169954
32487,8994,42.8,1197.55,1.42401,0.018326,-1.327075,0,0,0,0,0,0,0,0,0,0,0,0.00036652,48.4482451694547,0.000366452847952715,48.4660024202742
32488,8994,42.86666,1200.835,1.42627,0.01839,-1.322111,0,0,0,0,0,0,0,0,0,0,0,0.0003678,48.5811435748504,0.000367732378160396,48.5990117194572
32489,8994,42.93333,1204.19,1.42841,0.018446,-1.321514,0,0,0,0,0,0,0,0,0,0,0,0.00036892,48.7168739097371,0.000368851965749189,48.7348465388598
32490,8994,43,1207.2,1.43069,0.018503,-1.314453,0,0,0,0,0,0,0,0,0,0,0,0.00037006,48.838646877847,0.000369991544686123,48.8567201075106
32491,8994,43.06667,1210.35,1.43291,0.018526,-1.30908,0,0,0,0,0,0,0,0,0,0,0,0.00037052,48.9660837049388,0.000370451374415641,48.9842266182731
32492,8994,43.13334,1213.68,1.43509,0.018574,-1.306713,0,0,0,0,0,0,0,0,0,0,0,0.00037148,49.1008026364358,0.000371411018387888,49.1190426025992
32493,8994,43.2,1216.74,1.43737,0.01863,-1.30568,0,0,0,0,0,0,0,0,0,0,0,0.0003726,49.224598411325,0.000372530601857909,49.2429394966931
32494,8994,43.26667,1219.975,1.43959,0.018666,-1.315561,0,0,0,0,0,0,0,0,0,0,0,0.00037332,49.3554740099415,0.000373250333426888,49.3738993954989
32495,8994,43.33333,1223.495,1.44175,0.018733,-1.31188,0,0,0,0,0,0,0,0,0,0,0,0.00037466,49.4978796071996,0.000374589832467714,49.5164244827733
32496,8994,43.4,1226.73,1.44401,0.018787,-1.304858,0,0,0,0,0,0,0,0,0,0,0,0.00037574,49.6287552058161,0.000375669427403569,49.6474027142972
32497,8994,43.46667,1229.975,1.44629,0.018843,-1.300722,0,0,0,0,0,0,0,0,0,0,0,0.00037686,49.7600353657885,0.00037678900610618,49.7787879327164
32498,8994,43.53333,1233.6,1.44843,0.018912,-1.295442,0,0,0,0,0,0,0,0,0,0,0,0.00037824,49.906688857283,0.000378168485283868,49.9255655632764
32499,8994,43.6,1236.805,1.45065,0.018986,-1.298515,0,0,0,0,0,0,0,0,0,0,0,0.00037972,50.036350771832,0.000379647924605841,50.055350574947
32500,8994,43.66667,1239.98,1.45299,0.019022,-1.296645,0,0,0,0,0,0,0,0,0,0,0,0.00038044,50.1647990023134,0.000380367651052278,50.1838836984458
32501,8994,43.73333,1243.81,1.45515,0.019076,-1.301026,0,0,0,0,0,0,0,0,0,0,0,0.00038152,50.3197460016028,0.000381447239750452,50.3389439910973
32502,8994,43.8,1247.275,1.45731,0.019163,-1.304549,0,0,0,0,0,0,0,0,0,0,0,0.00038326,50.4599265114038,0.000383186574646265,50.4792657828385
32503,8994,43.86666,1250.3,1.45959,0.019209,-1.297938,0,0,0,0,0,0,0,0,0,0,0,0.00038418,50.5823063215475,0.000384106221759234,50.6017390319901
32504,8994,43.93333,1253.845,1.46181,0.019263,-1.286188,0,0,0,0,0,0,0,0,0,0,0,0.00038526,50.7257233221952,0.000385185806421521,50.7452659143623
32505,8994,44,1257.425,1.46397,0.01936,-1.289466,0,0,0,0,0,0,0,0,0,0,0,0.0003872,50.8705562875884,0.000387125057424585,50.890253366983
32506,8994,44.06667,1260.63,1.46627,0.019396,-1.302418,0,0,0,0,0,0,0,0,0,0,0,0.00038792,51.0002182021374,0.000387844778489554,51.0200022067824
32507,8994,44.13334,1264.135,1.46847,0.019447,-1.302871,0,0,0,0,0,0,0,0,0,0,0,0.00038894,51.1420169573617,0.000388864382444586,51.1619081334371
32508,8994,44.2,1267.775,1.47067,0.019521,-1.299323,0,0,0,0,0,0,0,0,0,0,0,0.00039042,51.28927729089,0.000390343805942947,51.30930165053
32509,8994,44.26667,1271.17,1.47297,0.019554,-1.303391,0,0,0,0,0,0,0,0,0,0,0,0.00039108,51.4266258712001,0.000391003548148665,51.4467377960458
32510,8994,44.33333,1274.83,1.47519,0.019603,-1.297873,0,0,0,0,0,0,0,0,0,0,0,0.00039206,51.5746953274401,0.000391983164560306,51.5949157024902
32511,8994,44.4,1278.455,1.47731,0.019685,-1.294605,0,0,0,0,0,0,0,0,0,0,0,0.0003937,51.7213488189346,0.000393622520490174,51.7417115139646
32512,8994,44.46667,1281.65,1.47961,0.019746,-1.301017,0,0,0,0,0,0,0,0,0,0,0,0.00039492,51.8506061721277,0.000394842039621498,51.8710830135172
32513,8994,44.53333,1285.03,1.48181,0.019782,-1.305893,0,0,0,0,0,0,0,0,0,0,0,0.00039564,51.987347910404,0.000395561755132416,52.0079161847313
32514,8994,44.6,1288.585,1.48399,0.019856,-1.299598,0,0,0,0,0,0,0,0,0,0,0,0.00039712,52.1311694724076,0.000397041168722345,52.1518718024285
32515,8994,44.66667,1291.895,1.48631,0.019933,-1.301803,0,0,0,0,0,0,0,0,0,0,0,0.00039866,52.265079281193,0.000398580556215644,52.2859152776992
32516,8994,44.73333,1295.475,1.48851,0.019992,-1.307073,0,0,0,0,0,0,0,0,0,0,0,0.00039984,52.4099122465862,0.000399760085288596,52.4308678258988
32517,8994,44.8,1299.1,1.49069,0.020048,-1.304631,0,0,0,0,0,0,0,0,0,0,0,0.00040096,52.5565657380807,0.000400879637019937,52.577638818679
32518,8994,44.86666,1302.405,1.49295,0.020079,-1.303409,0,0,0,0,0,0,0,0,0,0,0,0.00040158,52.6902732661881,0.000401499388332335,52.7114326261264
32519,8994,44.93333,1305.8,1.49519,0.020153,-1.297032,0,0,0,0,0,0,0,0,0,0,0,0.00040306,52.8276218464982,0.000402978793138303,52.8489145477596
32520,8994,45,1309.41,1.49733,0.020217,-1.301659,0,0,0,0,0,0,0,0,0,0,0,0.00040434,52.9736684959589,0.000404258276610818,52.9950878690786
32521,8994,45.06667,1312.67,1.49955,0.020253,-1.301637,0,0,0,0,0,0,0,0,0,0,0,0.00040506,53.105555497965,0.000404977985344758,53.1270664342751
32522,8994,45.13334,1316.06,1.50185,0.020307,-1.30353,0,0,0,0,0,0,0,0,0,0,0,0.00040614,53.2427017975972,0.000406057547474234,53.2643257885052
32523,8994,45.2,1319.91,1.50405,0.020394,-1.311445,0,0,0,0,0,0,0,0,0,0,0,0.00040788,53.3984579195983,0.000407796839565044,53.4202380826145
32524,8994,45.26667,1323.415,1.50625,0.020448,-1.309755,0,0,0,0,0,0,0,0,0,0,0,0.00040896,53.5402566748226,0.000408876398651398,53.5621524981924
32525,8994,45.33333,1326.74,1.50851,0.020532,-1.301434,0,0,0,0,0,0,0,0,0,0,0,0.00041064,53.6747733256417,0.000410555710469419,53.6968143345602
32526,8994,45.4,1330.26,1.51073,0.020573,-1.305573,0,0,0,0,0,0,0,0,0,0,0,0.00041146,53.8171789228999,0.000411375373547035,53.8393225393395
32527,8994,45.46667,1333.8,1.51295,0.020627,-1.319555,0,0,0,0,0,0,0,0,0,0,0,0.00041254,53.9603936428697,0.000412454928770158,53.9826544636631
32528,8994,45.53333,1337.255,1.51517,0.020675,-1.323202,0,0,0,0,0,0,0,0,0,0,0,0.0004135,54.1001695913148,0.000413414532434814,54.1225400114409
32529,8994,45.6,1340.79,1.51737,0.020734,-1.319612,0,0,0,0,0,0,0,0,0,0,0,0.00041468,54.2431820306067,0.000414594044010799,54.2656755933312
32530,8994,45.66667,1344.265,1.51959,0.020778,-1.325382,0,0,0,0,0,0,0,0,0,0,0,0.00041556,54.3837671017636,0.000415473678856763,54.4063668200204
32531,8994,45.73333,1347.765,1.52185,0.020867,-1.321375,0,0,0,0,0,0,0,0,0,0,0,0.00041734,54.52536357631,0.000417252937884404,54.548119191545
32532,8994,45.8,1351.32,1.52407,0.020921,-1.31465,0,0,0,0,0,0,0,0,0,0,0,0.00041842,54.6691851383136,0.000418332486762394,54.6920598187592
32533,8994,45.86666,1354.87,1.52627,0.020988,-1.315648,0,0,0,0,0,0,0,0,0,0,0,0.00041976,54.8128044196393,0.000419671925417121,54.8358126424225
32534,8994,45.93333,1358.38,1.52853,0.021016,-1.313393,0,0,0,0,0,0,0,0,0,0,0,0.00042032,54.9548054555416,0.000420231690293409,54.9779040593707
32535,8994,46,1361.82,1.53075,0.021057,-1.315797,0,0,0,0,0,0,0,0,0,0,0,0.00042114,55.0939745619529,0.000421051345440023,55.1171768384
32536,8994,46.06667,1365.365,1.53295,0.021154,-1.309228,0,0,0,0,0,0,0,0,0,0,0,0.00042308,55.2373915626007,0.000422990526892119,55.260761398223
32537,8994,46.13334,1368.865,1.53517,0.021195,-1.313807,0,0,0,0,0,0,0,0,0,0,0,0.0004239,55.3789880371471,0.00042381017977722,55.4024631901761
32538,8994,46.2,1372.23,1.53739,0.021239,-1.310294,0,0,0,0,0,0,0,0,0,0,0,0.00042478,55.5151229333896,0.000424689806516391,55.5387046473093
32539,8994,46.26667,1375.915,1.53961,0.021282,-1.315755,0,0,0,0,0,0,0,0,0,0,0,0.00042564,55.6642037930192,0.000425549440991318,55.6878967047217
32540,8994,46.33333,1379.365,1.54183,0.021354,-1.313731,0,0,0,0,0,0,0,0,0,0,0,0.00042708,55.8037774607865,0.000426988827294482,55.8276101380644
32541,8994,46.4,1382.8,1.54413,0.021407,-1.31378,0,0,0,0,0,0,0,0,0,0,0,0.00042814,55.9427442865199,0.000428048374221618,55.9666956130587
32542,8994,46.46667,1386.6,1.54631,0.021466,-1.31397,0,0,0,0,0,0,0,0,0,0,0,0.00042932,56.0964776017417,0.000429227868537176,56.1205609415057
32543,8994,46.53333,1390.155,1.54848,0.021528,-1.310944,0,0,0,0,0,0,0,0,0,0,0,0.00043056,56.2402991637453,0.000430467335640703,56.2645139869533
32544,8994,46.6,1393.415,1.55079,0.021576,-1.313212,0,0,0,0,0,0,0,0,0,0,0,0.00043152,56.3721861657515,0.000431426922020529,56.3965118915257
32545,8994,46.66667,1397.19,1.55301,0.021617,-1.32031,0,0,0,0,0,0,0,0,0,0,0,0.00043234,56.5249080775837,0.000432246567990747,56.549346056342
32546,8994,46.73333,1400.915,1.55516,0.021699,-1.320536,0,0,0,0,0,0,0,0,0,0,0,0.00043398,56.6756071826367,0.000433885857915948,56.7002032626418
32547,8994,46.8,1404.16,1.55745,0.021753,-1.321559,0,0,0,0,0,0,0,0,0,0,0,0.00043506,56.806887342609,0.000434965388838269,56.8316017470163
32548,8994,46.86666,1407.82,1.55967,0.021797,-1.322164,0,0,0,0,0,0,0,0,0,0,0,0.00043594,56.954956798849,0.000435845005765079,56.9797857427159
32549,8994,46.93333,1411.685,1.56184,0.021871,-1.32759,0,0,0,0,0,0,0,0,0,0,0,0.00043742,57.1113197628839,0.000437324359760663,57.1363013963746
32550,8994,47,1415.085,1.56411,0.021922,-1.32076,0,0,0,0,0,0,0,0,0,0,0,0.00043844,57.2488706238719,0.000438343913267614,57.2739708187082
32551,8994,47.06667,1418.77,1.56633,0.021976,-1.320013,0,0,0,0,0,0,0,0,0,0,0,0.00043952,57.3979514835015,0.00043942343937734,57.4231790311375
32552,8994,47.13334,1422.625,1.56852,0.022055,-1.317304,0,0,0,0,0,0,0,0,0,0,0,0.0004411,57.5539098861805,0.000441002743993671,57.5792969158313
32553,8994,47.2,1426.06,1.57081,0.022116,-1.326204,0,0,0,0,0,0,0,0,0,0,0,0.00044232,57.6928767119139,0.000442222205345532,57.7183954251411
32554,8994,47.26667,1429.735,1.57305,0.022183,-1.329868,0,0,0,0,0,0,0,0,0,0,0,0.00044366,57.8415530101877,0.000443561612001628,57.8672149935962
32555,8994,47.33333,1433.565,1.57518,0.022224,-1.325778,0,0,0,0,0,0,0,0,0,0,0,0.00044448,57.9965000094771,0.000444381248025982,58.0222782938013
32556,8994,47.4,1436.895,1.57744,0.022265,-1.319177,0,0,0,0,0,0,0,0,0,0,0,0.0004453,58.1312189409741,0.000445200883378311,58.1571047727685
32557,8994,47.46667,1440.46,1.57968,0.022296,-1.316374,0,0,0,0,0,0,0,0,0,0,0,0.00044592,58.2754450643336,0.000445820607223176,58.3014312507966
32558,8994,47.53333,1444.465,1.58184,0.022378,-1.317461,0,0,0,0,0,0,0,0,0,0,0,0.00044756,58.4374718873503,0.00044745987489676,58.4636261622682
32559,8994,47.6,1447.99,1.58414,0.022467,-1.32419,0,0,0,0,0,0,0,0,0,0,0,0.00044934,58.5800797652863,0.000449239077013634,58.6064021383281
32560,8994,47.66667,1451.73,1.58638,0.022544,-1.312929,0,0,0,0,0,0,0,0,0,0,0,0.00045088,58.7313857123731,0.000450778384156063,58.7578665195631
32561,8994,47.73333,1455.74,1.58854,0.022608,-1.306437,0,0,0,0,0,0,0,0,0,0,0,0.00045216,58.8936148160677,0.000452057806471292,58.920244152943
32562,8994,47.8,1459.25,1.5908,0.022672,-1.315276,0,0,0,0,0,0,0,0,0,0,0,0.00045344,59.03561585197,0.000453337227149601,59.0623849616219
32563,8994,47.86666,1462.775,1.59306,0.022718,-1.323722,0,0,0,0,0,0,0,0,0,0,0,0.00045436,59.1782237299061,0.000454256809751018,59.20511194764
32564,8994,47.93333,1466.705,1.5952,0.022787,-1.321412,0,0,0,0,0,0,0,0,0,0,0,0.00045574,59.3372163427539,0.000455636182067696,59.36425868573
32565,8994,48,1470.165,1.5974,0.022854,-1.318155,0,0,0,0,0,0,0,0,0,0,0,0.00045708,59.477194571877,0.000456975570757377,59.5043804079719
32566,8994,48.06667,1473.605,1.59972,0.022889,-1.316132,0,0,0,0,0,0,0,0,0,0,0,0.00045778,59.6163636782884,0.000457675250702744,59.643654857253
32567,8994,48.13334,1477.68,1.60192,0.022959,-1.313354,0,0,0,0,0,0,0,0,0,0,0,0.00045918,59.781222430796,0.000459074609124824,59.8086727725118
32568,8994,48.2,1481.53,1.6041,0.02302,-1.314603,0,0,0,0,0,0,0,0,0,0,0,0.0004604,59.9369785527971,0.000460294048438735,59.9645735377228
32569,8994,48.26667,1484.875,1.60638,0.023084,-1.317321,0,0,0,0,0,0,0,0,0,0,0,0.00046168,60.0723043263279,0.000461573458579476,60.1000385077893
32570,8994,48.33333,1488.53,1.6086,0.023168,-1.317307,0,0,0,0,0,0,0,0,0,0,0,0.00046336,60.22017150189,0.000463252681905108,60.2480751205571
32571,8994,48.4,1492.29,1.6108,0.023225,-1.310692,0,0,0,0,0,0,0,0,0,0,0,0.0004645,60.3722865716884,0.000464392153270335,60.400329498801
32572,8994,48.46667,1495.755,1.61304,0.023271,-1.315862,0,0,0,0,0,0,0,0,0,0,0,0.00046542,60.5124670814894,0.000465311725705895,60.5406307939185
32573,8994,48.53333,1499.425,1.61522,0.023345,-1.312814,0,0,0,0,0,0,0,0,0,0,0,0.0004669,60.6609410990853,0.000466791036110444,60.6892636924844
32574,8994,48.6,1503.105,1.61744,0.023406,-1.317117,0,0,0,0,0,0,0,0,0,0,0,0.00046812,60.8098196780369,0.000468010466014905,60.8382859708246
32575,8994,48.66667,1506.765,1.61968,0.023447,-1.313676,0,0,0,0,0,0,0,0,0,0,0,0.00046894,60.9578891342769,0.000468830082000129,60.9864747268076
32576,8994,48.73333,1510.485,1.62194,0.023509,-1.309479,0,0,0,0,0,0,0,0,0,0,0,0.00047018,61.108385958652,0.000470069500019017,61.137117899562
32577,8994,48.8,1514.42,1.62412,0.02357,-1.304632,0,0,0,0,0,0,0,0,0,0,0,0.0004714,61.2675808521778,0.000471288925925408,61.2964623897915
32578,8994,48.86666,1518.115,1.62636,0.023644,-1.297088,0,0,0,0,0,0,0,0,0,0,0,0.00047288,61.4170662731633,0.000472768227488078,61.4461091754625
32579,8994,48.93333,1521.7,1.6286,0.023711,-1.296415,0,0,0,0,0,0,0,0,0,0,0,0.00047422,61.5621015192344,0.000474107593231502,61.5912954990169
32580,8994,49,1525.635,1.63082,0.02378,-1.296189,0,0,0,0,0,0,0,0,0,0,0,0.0004756,61.7212964127602,0.000475486938166628,61.7506510613341
32581,8994,49.06667,1529.285,1.63302,0.023839,-1.293938,0,0,0,0,0,0,0,0,0,0,0,0.00047678,61.8689613076443,0.00047666637653003,61.8984591910166
32582,8994,49.13334,1532.78,1.63528,0.023911,-1.290981,0,0,0,0,0,0,0,0,0,0,0,0.00047822,62.0103555015128,0.00047810568925811,62.0400100937208
32583,8994,49.2,1536.685,1.6375,0.02398,-1.29389,0,0,0,0,0,0,0,0,0,0,0,0.0004796,62.1683367109711,0.000479485028678719,62.1981526452577
32584,8994,49.26667,1540.395,1.63968,0.024049,-1.289231,0,0,0,0,0,0,0,0,0,0,0,0.00048098,62.3184289739903,0.000480864366196754,62.3484028919582
32585,8994,49.33333,1543.97,1.64198,0.024105,-1.281903,0,0,0,0,0,0,0,0,0,0,0,0.0004821,62.4630596587056,0.00048198382713139,62.4931730997671
32586,8994,49.4,1547.87,1.64418,0.024187,-1.289818,0,0,0,0,0,0,0,0,0,0,0,0.00048374,62.6208385874859,0.000483623035524898,62.6511307919442
32587,8994,49.46667,1551.685,1.6463,0.024233,-1.280455,0,0,0,0,0,0,0,0,0,0,0,0.00048466,62.7751787447416,0.000484542590276447,62.805603362872
32588,8994,49.53333,1555.035,1.64864,0.024274,-1.289289,0,0,0,0,0,0,0,0,0,0,0,0.00048548,62.9107067989503,0.000485362192712017,62.9412486888871
32589,8994,49.6,1558.935,1.65088,0.02433,-1.287033,0,0,0,0,0,0,0,0,0,0,0,0.0004866,63.0684857277306,0.000486481648611527,63.0991748528857
32590,8994,49.66667,1563.1,1.653,0.024407,-1.286642,0,0,0,0,0,0,0,0,0,0,0,0.00048814,63.2369855324409,0.000488020898427533,63.2678540345587
32591,8994,49.73333,1566.595,1.65526,0.024484,-1.294198,0,0,0,0,0,0,0,0,0,0,0,0.00048968,63.3783797263094,0.000489560145874031,63.4094148512938
32592,8994,49.8,1570.295,1.65752,0.024561,-1.294013,0,0,0,0,0,0,0,0,0,0,0,0.00049122,63.5280674279728,0.000491099390951249,63.5592736852548
32593,8994,49.86666,1574.46,1.65968,0.02464,-1.294313,0,0,0,0,0,0,0,0,0,0,0,0.0004928,63.696567232683,0.000492678613957684,63.7279569010153
32594,8994,49.93333,1578.125,1.66192,0.024684,-1.302673,0,0,0,0,0,0,0,0,0,0,0,0.00049368,63.844838969601,0.000493558180120451,63.8763578897035
32595,8994,50,1581.84,1.66418,0.024742,-1.307525,0,0,0,0,0,0,0,0,0,0,0,0.00049484,63.9951335132981,0.000494717607062146,64.0268008651658
32596,8994,50.06667,1586.05,1.66638,0.024817,-1.309434,0,0,0,0,0,0,0,0,0,0,0,0.00049634,64.1654538441097,0.000496216864045366,64.1973017254707
32597,8994,50.13334,1589.905,1.66864,0.024868,-1.307365,0,0,0,0,0,0,0,0,0,0,0,0.00049736,64.3214122467887,0.000497236357510056,64.3534031443838
32598,8994,50.2,1593.97,1.6709,0.024965,-1.293094,0,0,0,0,0,0,0,0,0,0,0,0.0004993,64.4858664379405,0.00049917539123136,64.518064231053
32599,8994,50.26667,1598.195,1.67304,0.025062,-1.292493,0,0,0,0,0,0,0,0,0,0,0,0.00050124,64.6567936107858,0.00050111442119282,64.6892021820153
32600,8994,50.33333,1601.845,1.67526,0.025101,-1.292267,0,0,0,0,0,0,0,0,0,0,0,0.00050202,64.80445850567,0.00050189403011774,64.836991639929
32601,8994,50.4,1605.505,1.67754,0.025142,-1.290088,0,0,0,0,0,0,0,0,0,0,0,0.00050284,64.95252796191,0.000502713618331935,64.9851886910703
32602,8994,50.46667,1609.64,1.6797,0.025231,-1.287547,0,0,0,0,0,0,0,0,0,0,0,0.00050462,65.1198140825527,0.000504492722144034,65.152674843135
32603,8994,50.53333,1613.545,1.68194,0.025293,-1.282915,0,0,0,0,0,0,0,0,0,0,0,0.00050586,65.2777952920109,0.00050573209596282,65.3108167175374
32604,8994,50.6,1617.575,1.68422,0.025359,-1.283163,0,0,0,0,0,0,0,0,0,0,0,0.00050718,65.4408335184173,0.000507051427694882,65.4740238003612
32605,8994,50.66667,1621.91,1.6864,0.025431,-1.288604,0,0,0,0,0,0,0,0,0,0,0,0.00050862,65.6162108661769,0.000508490696690068,65.6495845833477
32606,8994,50.73333,1625.89,1.68862,0.025505,-1.281021,0,0,0,0,0,0,0,0,0,0,0,0.0005101,65.777226285804,0.000509969943221165,65.8107792489324
32607,8994,50.8,1629.735,1.6909,0.025551,-1.288789,0,0,0,0,0,0,0,0,0,0,0,0.00051102,65.9327801271272,0.00051088947374562,65.9664730964278
32608,8994,50.86666,1634.04,1.69306,0.025633,-1.290442,0,0,0,0,0,0,0,0,0,0,0,0.00051266,66.1069437908193,0.000512528634757473,66.1408341766231
32609,8994,50.93333,1637.98,1.69522,0.025702,-1.288283,0,0,0,0,0,0,0,0,0,0,0,0.00051404,66.266340965023,0.000513907926698006,66.3004045149327
32610,8994,51,1641.645,1.69754,0.025756,-1.282501,0,0,0,0,0,0,0,0,0,0,0,0.00051512,66.414612701941,0.000514987371237311,66.448824197236
32611,8994,51.06667,1646,1.69974,0.025846,-1.282689,0,0,0,0,0,0,0,0,0,0,0,0.00051692,66.5907991724123,0.000516786442880303,66.6252212883205
32612,8994,51.13334,1650.27,1.70196,0.025943,-1.290603,0,0,0,0,0,0,0,0,0,0,0,0.00051886,66.763546871359,0.00051872543869374,66.7981878052886
32613,8994,51.2,1654.17,1.7042,0.025966,-1.287343,0,0,0,0,0,0,0,0,0,0,0,0.00051932,66.9213258001393,0.000519185200036315,66.9560793830538
32614,8994,51.26667,1658.185,1.70642,0.026027,-1.282466,0,0,0,0,0,0,0,0,0,0,0,0.00052054,67.0837571845119,0.000520404566051256,67.1186769634767
32615,8994,51.33333,1662.425,1.70864,0.026112,-1.284427,0,0,0,0,0,0,0,0,0,0,0,0.00052224,67.255291199391,0.000522103680150261,67.2904146026669
32616,8994,51.4,1666.575,1.71086,0.026176,-1.293663,0,0,0,0,0,0,0,0,0,0,0,0.00052352,67.4231841620675,0.000523383011213627,67.45848154744
32617,8994,51.46667,1670.72,1.71306,0.026263,-1.292671,0,0,0,0,0,0,0,0,0,0,0,0.00052526,67.590874844066,0.000525122099253334,67.6263776269866
32618,8994,51.53333,1675.025,1.7153,0.026347,-1.285125,0,0,0,0,0,0,0,0,0,0,0,0.00052694,67.7650385077582,0.000526801215870086,67.8007466171494
32619,8994,51.6,1679.375,1.71752,0.026409,-1.286168,0,0,0,0,0,0,0,0,0,0,0,0.00052818,67.9410226975516,0.000528040562040634,67.97690778692
32620,8994,51.66667,1683.855,1.71976,0.02647,-1.274376,0,0,0,0,0,0,0,0,0,0,0,0.0005294,68.122266184971,0.000529259917257702,68.1583301126894
32621,8994,51.73333,1688.405,1.722,0.026567,-1.267702,0,0,0,0,0,0,0,0,0,0,0,0.00053134,68.3063416018814,0.000531198888885298,68.3426354934282
32622,8994,51.8,1692.73,1.72418,0.026616,-1.27369,0,0,0,0,0,0,0,0,0,0,0,0.00053232,68.4813143882852,0.000532178367968977,68.5177683615604
32623,8994,51.86666,1696.925,1.72644,0.026713,-1.279485,0,0,0,0,0,0,0,0,0,0,0,0.00053426,68.651027877063,0.000534117333937794,68.6877053752166
32624,8994,51.93333,1701.46,1.72866,0.026798,-1.292706,0,0,0,0,0,0,0,0,0,0,0,0.00053596,68.8344964519396,0.000535816424737199,68.871388988658
32625,8994,52,1705.905,1.73084,0.026864,-1.298686,0,0,0,0,0,0,0,0,0,0,0,0.00053728,69.0143239746136,0.000537135716778897,69.0514039905987
32626,8994,52.06667,1710.185,1.7331,0.026928,-1.29905,0,0,0,0,0,0,0,0,0,0,0,0.00053856,69.1874762349161,0.000538415028611469,69.2247378421172
32627,8994,52.13334,1714.715,1.73534,0.027013,-1.295749,0,0,0,0,0,0,0,0,0,0,0,0.00054026,69.3707425291148,0.000540114112108722,69.4082207664736
32628,8994,52.2,1719.07,1.7375,0.027077,-1.289071,0,0,0,0,0,0,0,0,0,0,0,0.00054154,69.5469289995862,0.000541393420131006,69.5845914435166
32629,8994,52.26667,1723.175,1.73978,0.027138,-1.288754,0,0,0,0,0,0,0,0,0,0,0,0.00054276,69.7130014361613,0.000542612759066537,69.7508388648208
32630,8994,52.33333,1727.615,1.74202,0.027225,-1.281225,0,0,0,0,0,0,0,0,0,0,0,0.0005445,69.8926266781574,0.000544351813664148,69.9306832133837
32631,8994,52.4,1732.215,1.74416,0.027289,-1.283783,0,0,0,0,0,0,0,0,0,0,0,0.00054578,70.078724901847,0.00054563111626512,70.1169724683239
32632,8994,52.46667,1736.48,1.74648,0.027371,-1.28174,0,0,0,0,0,0,0,0,0,0,0,0.00054742,70.2512703201158,0.000547270220330863,70.2897272705144
32633,8994,52.53333,1740.955,1.74876,0.027458,-1.276166,0,0,0,0,0,0,0,0,0,0,0,0.00054916,70.4323115268573,0.000549009266829142,70.4709901350554
32634,8994,52.6,1745.96,1.75086,0.027542,-1.280269,0,0,0,0,0,0,0,0,0,0,0,0.00055084,70.6347944854587,0.000550688343337067,70.6737029556531
32635,8994,52.66667,1750.125,1.75308,0.027612,-1.295115,0,0,0,0,0,0,0,0,0,0,0,0.00055224,70.8032942901689,0.000552087571606637,70.8423947014078
32636,8994,52.73333,1754.22,1.75538,0.027681,-1.294715,0,0,0,0,0,0,0,0,0,0,0,0.00055362,70.9689621653883,0.000553466808984965,71.0082520022223
32637,8994,52.8,1759.145,1.75754,0.027775,-1.292886,0,0,0,0,0,0,0,0,0,0,0,0.0005555,71.1682086331429,0.000555345766989913,71.2077425730386
32638,8994,52.86666,1763.8,1.75976,0.027862,-1.286913,0,0,0,0,0,0,0,0,0,0,0,0.00055724,71.3565319442897,0.00055708479944451,71.3962946581503
32639,8994,52.93333,1768.185,1.76204,0.027939,-1.291222,0,0,0,0,0,0,0,0,0,0,0,0.00055878,71.5339320988286,0.000558623940588327,71.5739038294068
32640,8994,53,1773.175,1.76422,0.028039,-1.297432,0,0,0,0,0,0,0,0,0,0,0,0.00056078,71.7358082153962,0.000560622821654742,71.7760362219273
32641,8994,53.06667,1777.815,1.76643,0.028126,-1.295288,0,0,0,0,0,0,0,0,0,0,0,0.00056252,71.9235246845092,0.00056236184493218,71.9639831056148
32642,8994,53.13334,1782.195,1.76874,0.028203,-1.291297,0,0,0,0,0,0,0,0,0,0,0,0.00056406,72.1007225583702,0.000563900977954128,72.1413916919365
32643,8994,53.2,1787.23,1.77092,0.028292,-1.287483,0,0,0,0,0,0,0,0,0,0,0,0.00056584,72.3044192010392,0.000565679972910768,72.3453319335999
32644,8994,53.26667,1791.945,1.77309,0.028356,-1.281436,0,0,0,0,0,0,0,0,0,0,0,0.00056712,72.495169880321,0.00056695924822688,72.5362833410635
32645,8994,53.33333,1796.245,1.7754,0.028423,-1.278754,0,0,0,0,0,0,0,0,0,0,0,0.00056846,72.6691312633352,0.000568298487820103,72.7104407576932
32646,8994,53.4,1801.24,1.77757,0.02853,-1.287999,0,0,0,0,0,0,0,0,0,0,0,0.0005706,72.8712096605808,0.000570437269719744,72.9127899728131
32647,8994,53.46667,1806.045,1.77977,0.028592,-1.284236,0,0,0,0,0,0,0,0,0,0,0,0.00057184,73.0656013920652,0.000571676561811329,73.1073832255653
32648,8994,53.53333,1810.585,1.78208,0.028656,-1.278821,0,0,0,0,0,0,0,0,0,0,0,0.00057312,73.2492722476198,0.00057295582945618,73.2912528705303
32649,8994,53.6,1815.655,1.78429,0.028735,-1.288805,0,0,0,0,0,0,0,0,0,0,0,0.0005747,73.4543848550342,0.000574534923198436,73.4965990900104
32650,8994,53.66667,1820.56,1.78645,0.028835,-1.282189,0,0,0,0,0,0,0,0,0,0,0,0.0005767,73.6528222000771,0.000576533772460974,73.6952977826399
32651,8994,53.73333,1824.975,1.78878,0.028904,-1.275341,0,0,0,0,0,0,0,0,0,0,0,0.00057808,73.8314360386836,0.000577912976122401,73.8741165152288
32652,8994,53.8,1829.9,1.79097,0.029014,-1.289645,0,0,0,0,0,0,0,0,0,0,0,0.00058028,74.0306825064382,0.000580111702664138,74.0736410308831
32653,8994,53.86666,1834.715,1.79307,0.029109,-1.287936,0,0,0,0,0,0,0,0,0,0,0,0.00058218,74.2254787992785,0.000582010598968638,74.2686913885259
32654,8994,53.93333,1838.88,1.79539,0.029175,-1.287414,0,0,0,0,0,0,0,0,0,0,0,0.0005835,74.3939786039888,0.000583329830067956,74.4373874905042
32655,8994,54,1843.79,1.79763,0.02926,-1.285509,0,0,0,0,0,0,0,0,0,0,0,0.0005852,74.5926182297097,0.00058502883725299,74.6362698298977
32656,8994,54.06667,1849.015,1.79979,0.029326,-1.286852,0,0,0,0,0,0,0,0,0,0,0,0.00058652,74.8040015381397,0.000586348064370562,74.8478755811218
32657,8994,54.13334,1853.605,1.80205,0.029401,-1.286607,0,0,0,0,0,0,0,0,0,0,0,0.00058802,74.9896952004735,0.000587847183982576,75.0337906410452
32658,8994,54.2,1858.29,1.80431,0.029488,-1.281454,0,0,0,0,0,0,0,0,0,0,0,0.00058976,75.1792321956878,0.000589586159917122,75.2235698996675
32659,8994,54.26667,1863.435,1.80651,0.029616,-1.288331,0,0,0,0,0,0,0,0,0,0,0,0.00059232,75.387379013271,0.00059214464774846,75.4320324656082
32660,8994,54.33333,1868.295,1.80871,0.02968,-1.293307,0,0,0,0,0,0,0,0,0,0,0,0.0005936,75.5839958322127,0.000593423889209436,75.6288624921387
32661,8994,54.4,1872.9,1.81095,0.029767,-1.286208,0,0,0,0,0,0,0,0,0,0,0,0.00059534,75.7702963365802,0.000595162855446261,75.8154054248012
32662,8994,54.46667,1877.6,1.81315,0.029854,-1.289182,0,0,0,0,0,0,0,0,0,0,0,0.00059708,75.9604401738283,0.000596901818658865,76.0057946334473
32663,8994,54.53333,1882.33,1.81535,0.029936,-1.292208,0,0,0,0,0,0,0,0,0,0,0,0.00059872,76.1517976951439,0.000598540838688815,76.1973912994599
32664,8994,54.6,1887.04,1.81763,0.030025,-1.290887,0,0,0,0,0,0,0,0,0,0,0,0.0006005,76.3423460937478,0.000600319772022661,76.3881896725771
32665,8994,54.66667,1892.005,1.81985,0.030115,-1.29319,0,0,0,0,0,0,0,0,0,0,0,0.0006023,76.5432108069259,0.000602118690153239,76.5893127827949
32666,8994,54.73333,1896.935,1.82203,0.030207,-1.294256,0,0,0,0,0,0,0,0,0,0,0,0.00060414,76.7426595553584,0.000603957580897706,76.7890228657022
32667,8994,54.8,1901.5,1.82431,0.030296,-1.289952,0,0,0,0,0,0,0,0,0,0,0,0.00060592,76.9273418143026,0.000605736504595342,76.9739536292547
32668,8994,54.86666,1906.415,1.82653,0.030363,-1.281679,0,0,0,0,0,0,0,0,0,0,0,0.00060726,77.1261837207013,0.00060707569225757,77.1730193670276
32669,8994,54.93333,1911.325,1.82871,0.030458,-1.277138,0,0,0,0,0,0,0,0,0,0,0,0.00060916,77.3248233464222,0.000608974537360989,77.3719265358119
32670,8994,55,1915.925,1.83097,0.030545,-1.275386,0,0,0,0,0,0,0,0,0,0,0,0.0006109,77.5109215701118,0.000610713476555996,77.558272992099
32671,8994,55.06667,1920.745,1.83319,0.030647,-1.284772,0,0,0,0,0,0,0,0,0,0,0,0.00061294,77.7059201436301,0.000612752229002414,77.7535492103229
32672,8994,55.13334,1925.585,1.83535,0.030729,-1.285216,0,0,0,0,0,0,0,0,0,0,0,0.00061458,77.90172783986,0.000614391223053451,77.9496046837558
32673,8994,55.2,1930.255,1.83763,0.030798,-1.28851,0,0,0,0,0,0,0,0,0,0,0,0.00061596,78.0906579930405,0.000615770374502989,78.1387587147379
32674,8994,55.26667,1935.25,1.83989,0.030875,-1.293705,0,0,0,0,0,0,0,0,0,0,0,0.0006175,78.2927363902861,0.000617309425324143,78.3410821550071
32675,8994,55.33333,1940.45,1.84201,0.031013,-1.287696,0,0,0,0,0,0,0,0,0,0,0,0.00062026,78.5031082953265,0.000620067718271907,78.5518006332778
32676,8994,55.4,1945.05,1.84429,0.031077,-1.293074,0,0,0,0,0,0,0,0,0,0,0,0.00062154,78.6892065190161,0.000621346924013055,78.738115008436
32677,8994,55.46667,1949.74,1.84659,0.031154,-1.288544,0,0,0,0,0,0,0,0,0,0,0,0.00062308,78.8789457949084,0.000622885966251647,78.9280936884543
32678,8994,55.53333,1955.155,1.84873,0.031259,-1.294715,0,0,0,0,0,0,0,0,0,0,0,0.00062518,79.0980157690995,0.000624984656396061,79.147466266598
32679,8994,55.6,1959.96,1.85093,0.031338,-1.29877,0,0,0,0,0,0,0,0,0,0,0,0.00062676,79.292407500584,0.000626563667982347,79.342104809909
32680,8994,55.66667,1964.535,1.85321,0.031438,-1.287296,0,0,0,0,0,0,0,0,0,0,0,0.00062876,79.477494320884,0.000628562413249853,79.5274665902132
32681,8994,55.73333,1969.8,1.85539,0.031522,-1.282673,0,0,0,0,0,0,0,0,0,0,0,0.00063044,79.6904958747374,0.000630241356187384,79.7407359509567
32682,8994,55.8,1974.94,1.85761,0.03163,-1.285557,0,0,0,0,0,0,0,0,0,0,0,0.0006326,79.8984404116428,0.000632399992965283,79.9489841650472
32683,8994,55.86666,1979.72,1.85989,0.031719,-1.279192,0,0,0,0,0,0,0,0,0,0,0,0.00063438,80.0918207397376,0.000634178866066802,80.1426293889785
32684,8994,55.93333,1984.8,1.86207,0.031809,-1.273431,0,0,0,0,0,0,0,0,0,0,0,0.00063618,80.2973379085079,0.000635977723288949,80.3484214689385
32685,8994,56,1989.72,1.86429,0.031888,-1.2751,0,0,0,0,0,0,0,0,0,0,0,0.00063776,80.4963820955846,0.000637556717516942,80.5477194682299
32686,8994,56.06667,1994.545,1.86659,0.031991,-1.272934,0,0,0,0,0,0,0,0,0,0,0,0.00063982,80.6915829497808,0.000639615402449509,80.7432110383837
32687,8994,56.13334,1999.57,1.86875,0.032093,-1.273398,0,0,0,0,0,0,0,0,0,0,0,0.00064186,80.8948750310938,0.000641654095973189,80.9467982155813
32688,8994,56.2,2004.18,1.87095,0.032208,-1.279213,0,0,0,0,0,0,0,0,0,0,0,0.00064416,81.0813778161393,0.000643952618000551,81.1336071964733
32689,8994,56.26667,2008.555,1.87323,0.032262,-1.27863,0,0,0,0,0,0,0,0,0,0,0,0.00064524,81.2583734093224,0.000645031922173249,81.310804562181
32690,8994,56.33333,2013.42,1.87539,0.032336,-1.277302,0,0,0,0,0,0,0,0,0,0,0,0.00064672,81.4551925089419,0.000646510966739927,81.5078712110413
32691,8994,56.4,2018.19,1.87761,0.032436,-1.27973,0,0,0,0,0,0,0,0,0,0,0,0.00064872,81.6481682756809,0.000648509672138525,81.7011350754047
32692,8994,56.46667,2022.795,1.87993,0.032564,-1.276779,0,0,0,0,0,0,0,0,0,0,0,0.00065128,81.8344687800485,0.000651068009219408,81.8877659328755
32693,8994,56.53333,2027.79,1.88209,0.032654,-1.27044,0,0,0,0,0,0,0,0,0,0,0,0.00065308,82.036547177294,0.00065286683606046,82.0901236055246
32694,8994,56.6,2032.55,1.88431,0.032725,-1.266525,0,0,0,0,0,0,0,0,0,0,0,0.0006545,82.2291183826772,0.000654285908285261,82.2829373406586
32695,8994,56.66667,2037.17,1.88659,0.032825,-1.266434,0,0,0,0,0,0,0,0,0,0,0,0.0006565,82.4160257290785,0.000656284598144116,82.4701318499696
32696,8994,56.73333,2042.18,1.88879,0.032928,-1.270035,0,0,0,0,0,0,0,0,0,0,0,0.00065856,82.6187109683578,0.000658343244522279,82.6731203466531
32697,8994,56.8,2046.965,1.89093,0.033004,-1.276718,0,0,0,0,0,0,0,0,0,0,0,0.00066008,82.8122935771306,0.00065986224301628,82.866956315875
32698,8994,56.86666,2051.345,1.89321,0.033068,-1.277985,0,0,0,0,0,0,0,0,0,0,0,0.00066136,82.9894914509916,0.000661141397853089,83.0443773810576
32699,8994,56.93333,2056.26,1.89545,0.033171,-1.274675,0,0,0,0,0,0,0,0,0,0,0,0.00066342,83.1883333573904,0.000663200034232853,83.2435221615063
32700,8994,57,2061.445,1.89765,0.033276,-1.26677,0,0,0,0,0,0,0,0,0,0,0,0.00066552,83.398098420397,0.000665298639772547,83.4536015228578
32701,8994,57.06667,2066.335,1.89989,0.033381,-1.266804,0,0,0,0,0,0,0,0,0,0,0,0.00066762,83.5959289234062,0.000667397240907883,83.651739237474
32702,8994,57.13334,2071.33,1.90213,0.03348,-1.266796,0,0,0,0,0,0,0,0,0,0,0,0.0006696,83.7980073206517,0.000669375917944587,83.8541184663537
32703,8994,57.2,2076.44,1.90435,0.033557,-1.259469,0,0,0,0,0,0,0,0,0,0,0,0.00067114,84.0047381734896,0.00067091488626636,84.0611171134673
32704,8994,57.26667,2081.33,1.90657,0.033652,-1.264488,0,0,0,0,0,0,0,0,0,0,0,0.00067304,84.2025686764987,0.000672813610153022,84.2592403733208
32705,8994,57.33333,2086.24,1.90879,0.033749,-1.270184,0,0,0,0,0,0,0,0,0,0,0,0.00067498,84.4012083022196,0.000674752303454551,84.4581774297994
32706,8994,57.4,2091.165,1.91099,0.033841,-1.278322,0,0,0,0,0,0,0,0,0,0,0,0.00067682,84.6004547699742,0.000676591060638491,84.6577140497717
32707,8994,57.46667,2095.955,1.91323,0.033933,-1.282015,0,0,0,0,0,0,0,0,0,0,0,0.00067866,84.7942396594249,0.000678429814441408,84.8517861181122
32708,8994,57.53333,2100.965,1.91547,0.034008,-1.278603,0,0,0,0,0,0,0,0,0,0,0,0.00068016,84.9969248987043,0.000679928796018323,85.0547364071434
32709,8994,57.6,2105.995,1.91769,0.034105,-1.279482,0,0,0,0,0,0,0,0,0,0,0,0.0006821,85.2004192606953,0.000681867475525529,85.258534466673
32710,8994,57.66667,2111.055,1.91989,0.034182,-1.276667,0,0,0,0,0,0,0,0,0,0,0,0.00068364,85.4051273067539,0.000683406424623547,85.4635136679859
32711,8994,57.73333,2116.08,1.92215,0.034289,-1.275181,0,0,0,0,0,0,0,0,0,0,0,0.00068578,85.608419388067,0.000685544960346626,85.6671279299149
32712,8994,57.8,2121.08,1.92433,0.034399,-1.280502,0,0,0,0,0,0,0,0,0,0,0,0.00068798,85.8107000659905,0.000687743450247836,85.8697361114219
32713,8994,57.86666,2126.155,1.92655,0.034496,-1.281103,0,0,0,0,0,0,0,0,0,0,0,0.00068992,86.0160149540828,0.000689682114605006,86.0753591231199
32714,8994,57.93333,2131.085,1.92881,0.034599,-1.280804,0,0,0,0,0,0,0,0,0,0,0,0.00069198,86.2154637025154,0.000691740692230933,86.2751230790882
32715,8994,58,2136.125,1.93103,0.034671,-1.278431,0,0,0,0,0,0,0,0,0,0,0,0.00069342,86.4193626258622,0.000693179695433323,86.4792875402943
32716,8994,58.06667,2141.14,1.93321,0.034747,-1.283013,0,0,0,0,0,0,0,0,0,0,0,0.00069494,86.6222501458195,0.00069469864101177,86.6824474123358
32717,8994,58.13334,2146.175,1.93547,0.034842,-1.287519,0,0,0,0,0,0,0,0,0,0,0,0.00069684,86.8259467884885,0.000696597319740229,86.8864505812486
32718,8994,58.2,2151.2,1.93773,0.03495,-1.293663,0,0,0,0,0,0,0,0,0,0,0,0.000699,87.0292388698015,0.000698755813284389,87.0900723077715
32719,8994,58.26667,2156.51,1.93987,0.035044,-1.295387,0,0,0,0,0,0,0,0,0,0,0,0.00070088,87.2440609497563,0.000700634498317486,87.3052085671948
32720,8994,58.33333,2161.395,1.94209,0.035131,-1.305682,0,0,0,0,0,0,0,0,0,0,0,0.00070262,87.4416891720875,0.000702373278128837,87.5031274517336
32721,8994,58.4,2166.17,1.94441,0.035226,-1.295334,0,0,0,0,0,0,0,0,0,0,0,0.00070452,87.6348672195045,0.000704271942285696,87.696607736158
32722,8994,58.46667,2171.715,1.94659,0.035339,-1.286526,0,0,0,0,0,0,0,0,0,0,0,0.00070678,87.8591964913216,0.000706530348641284,87.9212936142178
32723,8994,58.53333,2176.895,1.94879,0.035436,-1.287888,0,0,0,0,0,0,0,0,0,0,0,0.00070872,88.0687592736504,0.000708468976577341,88.1311753647228
32724,8994,58.6,2181.355,1.95107,0.035505,-1.291126,0,0,0,0,0,0,0,0,0,0,0,0.0007101,88.2491936383581,0.000709847998285602,88.3118593907607
32725,8994,58.66667,2186.405,1.95327,0.035574,-1.289133,0,0,0,0,0,0,0,0,0,0,0,0.00071148,88.4534971230608,0.000711227018092164,88.516430017194
32726,8994,58.73333,2191.515,1.95541,0.035669,-1.287788,0,0,0,0,0,0,0,0,0,0,0,0.00071338,88.6602279758986,0.000713125665438835,88.7234764093321
32727,8994,58.8,2196.225,1.95773,0.035774,-1.284341,0,0,0,0,0,0,0,0,0,0,0,0.00071548,88.8507763745026,0.000715224166206826,88.914347327983
32728,8994,58.86666,2201.535,1.95993,0.035873,-1.289668,0,0,0,0,0,0,0,0,0,0,0,0.00071746,89.0655984544573,0.000717202748611848,89.1294994587244
32729,8994,58.93333,2206.995,1.96213,0.035989,-1.284298,0,0,0,0,0,0,0,0,0,0,0,0.00071978,89.2864889547498,0.000719521082610781,89.3507555837696
32730,8994,59,2212.02,1.96445,0.036068,-1.284466,0,0,0,0,0,0,0,0,0,0,0,0.00072136,89.4897810360629,0.000721099944929906,89.554335384511
32731,8994,59.06667,2217.35,1.96663,0.036173,-1.291152,0,0,0,0,0,0,0,0,0,0,0,0.00072346,89.7054122387293,0.00072319842896395,89.7703105162675
32732,8994,59.13334,2222.67,1.96876,0.03627,-1.292272,0,0,0,0,0,0,0,0,0,0,0,0.0007254,89.9206388800399,0.000725137024587323,89.9858673114835
32733,8994,59.2,2227.3,1.97107,0.03635,-1.288412,0,0,0,0,0,0,0,0,0,0,0,0.000727,90.1079507877971,0.000726735863510321,90.1734592680198
32734,8994,59.26667,2232.405,1.97327,0.036442,-1.291346,0,0,0,0,0,0,0,0,0,0,0,0.00072884,90.3144793599569,0.000728574525111911,90.3803041650936
32735,8994,59.33333,2237.88,1.97544,0.036572,-1.287262,0,0,0,0,0,0,0,0,0,0,0,0.00073144,90.5359767022832,0.000731172628132936,90.6021983370823
32736,8994,59.4,2242.805,1.97777,0.036649,-1.278537,0,0,0,0,0,0,0,0,0,0,0,0.00073298,90.7352231700378,0.000732711501354541,90.801730273917
32737,8994,59.46667,2248.115,1.97997,0.036754,-1.279663,0,0,0,0,0,0,0,0,0,0,0,0.00073508,90.9500452499925,0.000734809961022308,91.0169008092549
32738,8994,59.53333,2253.525,1.98214,0.036872,-1.282112,0,0,0,0,0,0,0,0,0,0,0,0.00073744,91.1689129435057,0.000737168224726942,91.2361445466668
32739,8994,59.6,2258.375,1.98445,0.036954,-1.282153,0,0,0,0,0,0,0,0,0,0,0,0.00073908,91.3651252010915,0.000738807014873754,91.4326513378251
32740,8994,59.66667,2263.66,1.98667,0.037046,-1.281303,0,0,0,0,0,0,0,0,0,0,0,0.00074092,91.5789358776566,0.000740645654280513,91.6467885428271
32741,8994,59.73333,2269.165,1.9888,0.037169,-1.277454,0,0,0,0,0,0,0,0,0,0,0,0.00074338,91.8016469040504,0.000743103829945593,91.869890412326
32742,8994,59.8,2273.86,1.99106,0.037238,-1.270015,0,0,0,0,0,0,0,0,0,0,0,0.00074476,91.9915884606206,0.000744482803892277,92.0601001160425
32743,8994,59.86666,2278.89,1.99333,0.037327,-1.274257,0,0,0,0,0,0,0,0,0,0,0,0.00074654,92.1950828226116,0.000746261477624272,92.263910139742
32744,8994,59.93333,2284.535,1.99552,0.037445,-1.2872,0,0,0,0,0,0,0,0,0,0,0,0.0007489,92.4234577079872,0.000748619714323618,92.4926736354647
32745,8994,60,2289.69,1.99774,0.03755,-1.285932,0,0,0,0,0,0,0,0,0,0,0,0.000751,92.6320090869263,0.00075071814060872,92.7015757257506
32746,8994,60.06667,2294.69,2,0.037627,-1.29758,0,0,0,0,0,0,0,0,0,0,0,0.00075254,92.8342897648498,0.000752256983752577,92.9041512812695
32747,8994,60.13334,2299.925,2.0022,0.037737,-1.310965,0,0,0,0,0,0,0,0,0,0,0,0.00075474,93.0460776346357,0.000754455326993352,93.1163032312697
32748,8994,60.2,2305.1,2.0044,0.037837,-1.315074,0,0,0,0,0,0,0,0,0,0,0,0.00075674,93.2554381362865,0.000756453816654611,93.3260082565418
32749,8994,60.26667,2310.135,2.00664,0.037921,-1.305077,0,0,0,0,0,0,0,0,0,0,0,0.00075842,93.4591347789555,0.000758132544883684,93.5300160559545
32750,8994,60.33333,2315.22,2.00882,0.038036,-1.295645,0,0,0,0,0,0,0,0,0,0,0,0.00076072,93.6648542284037,0.000760430799198665,93.7361069563123
32751,8994,60.4,2320.355,2.01106,0.038139,-1.304358,0,0,0,0,0,0,0,0,0,0,0,0.00076278,93.8725964846311,0.000762489231188235,93.9442006237776
32752,8994,60.46667,2325.555,2.01332,0.038231,-1.297415,0,0,0,0,0,0,0,0,0,0,0,0.00076462,94.0829683896715,0.000764327827052494,94.1549061089616
32753,8994,60.53333,2330.86,2.01554,0.03831,-1.29264,0,0,0,0,0,0,0,0,0,0,0,0.0007662,94.2975881889483,0.000765906618629579,94.3698390010187
32754,8994,60.6,2336.17,2.01774,0.038435,-1.288785,0,0,0,0,0,0,0,0,0,0,0,0.0007687,94.5124102689031,0.000768404701476027,94.5850619586768
32755,8994,60.66667,2341.315,2.02002,0.038528,-1.288376,0,0,0,0,0,0,0,0,0,0,0,0.00077056,94.7205570864864,0.000770263271065135,94.7935449589549
32756,8994,60.73333,2346.6,2.02222,0.038617,-1.280758,0,0,0,0,0,0,0,0,0,0,0,0.00077234,94.9343677630515,0.000772041898942499,95.0076893726496
32757,8994,60.8,2352.05,2.02442,0.038717,-1.280183,0,0,0,0,0,0,0,0,0,0,0,0.00077434,95.1548537019881,0.000774040353457743,95.2285359114037
32758,8994,60.86666,2357.14,2.02668,0.038819,-1.283499,0,0,0,0,0,0,0,0,0,0,0,0.00077638,95.3607754321142,0.000776078772948843,95.4348116309442
32759,8994,60.93333,2362.25,2.02888,0.038914,-1.284272,0,0,0,0,0,0,0,0,0,0,0,0.00077828,95.567506284952,0.000777977297169011,95.6418845637434
32760,8994,61,2367.595,2.03108,0.039001,-1.279333,0,0,0,0,0,0,0,0,0,0,0,0.00078002,95.7837443296522,0.000779715942503582,95.8584575659042
32761,8994,61.06667,2372.755,2.03334,0.039124,-1.284686,0,0,0,0,0,0,0,0,0,0,0,0.00078248,95.9924979892693,0.000782174022128803,96.0676101990959
32762,8994,61.13334,2377.94,2.0356,0.039219,-1.286943,0,0,0,0,0,0,0,0,0,0,0,0.00078438,96.2022630522759,0.000784072534777038,96.2777221833688
32763,8994,61.2,2383.415,2.03774,0.03929,-1.291426,0,0,0,0,0,0,0,0,0,0,0,0.0007858,96.4237603946021,0.000785491420823822,96.4995301855202
32764,8994,61.26667,2388.565,2.03994,0.039372,-1.293375,0,0,0,0,0,0,0,0,0,0,0,0.00078744,96.6321094928633,0.000787130131781034,96.7082014811624
32765,8994,61.33333,2393.385,2.04226,0.039477,-1.281334,0,0,0,0,0,0,0,0,0,0,0,0.00078954,96.8271080663816,0.000789228477256505,96.9035569412843
32766,8994,61.4,2398.995,2.04444,0.039597,-1.280949,0,0,0,0,0,0,0,0,0,0,0,0.00079194,97.0540669870117,0.000791626580980036,97.1309279848214
32767,8994,61.46667,2404.465,2.0466,0.039697,-1.288835,0,0,0,0,0,0,0,0,0,0,0,0.00079394,97.27536204866,0.000793624996356606,97.3525928496049
32768,8994,61.53333,2409.27,2.04888,0.039771,-1.291186,0,0,0,0,0,0,0,0,0,0,0,0.00079542,97.4697537801445,0.000795103821163995,97.5472831716963
32769,8994,61.6,2414.475,2.0511,0.039835,-1.287588,0,0,0,0,0,0,0,0,0,0,0,0.0007967,97.6803279658628,0.000796382803017694,97.7581498831532
32770,8994,61.66667,2420,2.05328,0.039963,-1.284735,0,0,0,0,0,0,0,0,0,0,0,0.00079926,97.9038481149683,0.000798940761817716,97.9820987446127
32771,8994,61.73333,2425.235,2.05556,0.040076,-1.282303,0,0,0,0,0,0,0,0,0,0,0,0.00080152,98.1156359847542,0.000801198954383002,98.1942776293087
32772,8994,61.8,2430.605,2.05778,0.040171,-1.287883,0,0,0,0,0,0,0,0,0,0,0,0.00080342,98.332885432844,0.000803097430912541,98.4118880396585
32773,8994,61.86666,2436.095,2.06,0.040281,-1.284528,0,0,0,0,0,0,0,0,0,0,0,0.00080562,98.554989617204,0.000805295662391305,98.6343874879394
32774,8994,61.93333,2441.355,2.0623,0.040396,-1.281274,0,0,0,0,0,0,0,0,0,0,0,0.00080792,98.7677888903795,0.000807593808316129,98.8475853623798
32775,8994,62,2446.885,2.06448,0.040493,-1.273277,0,0,0,0,0,0,0,0,0,0,0,0.00080986,98.9915113201629,0.000809532240337829,99.0716805855206
32776,8994,62.06667,2452.355,2.06664,0.040578,-1.25966,0,0,0,0,0,0,0,0,0,0,0,0.00081156,99.2128063818112,0.000811230863247355,99.2933235269584
32777,8994,62.13334,2457.175,2.06892,0.040678,-1.261059,0,0,0,0,0,0,0,0,0,0,0,0.00081356,99.4078049553294,0.000813229239446849,99.4886791691289
32778,8994,62.2,2462.29,2.0711,0.04079,-1.270653,0,0,0,0,0,0,0,0,0,0,0,0.0008158,99.6147380888451,0.000815467416049066,99.696003792178
32779,8994,62.26667,2467.735,2.0733,0.040895,-1.274353,0,0,0,0,0,0,0,0,0,0,0,0.0008179,99.8350217471038,0.00081756570206403,99.9166768113908
32780,8994,62.33333,2472.83,2.07562,0.040992,-1.275385,0,0,0,0,0,0,0,0,0,0,0,0.00081984,100.041145757908,0.000819504114756007,100.123163490846
32781,8994,62.4,2478.235,2.0778,0.041108,-1.279061,0,0,0,0,0,0,0,0,0,0,0,0.00082216,100.259811170743,0.000821822211598612,100.342240777095
32782,8994,62.46667,2483.77,2.08,0.041189,-1.277626,0,0,0,0,0,0,0,0,0,0,0,0.00082378,100.483735881204,0.000823440879483427,100.566512373149
32783,8994,62.53333,2488.675,2.08228,0.041271,-1.272735,0,0,0,0,0,0,0,0,0,0,0,0.00082542,100.682173226247,0.000825079528253677,100.765278305672
32784,8994,62.6,2493.875,2.0845,0.041363,-1.277709,0,0,0,0,0,0,0,0,0,0,0,0.00082726,100.892545131288,0.000826918009043603,100.976009498173
32785,8994,62.66667,2499.295,2.08664,0.041468,-1.275727,0,0,0,0,0,0,0,0,0,0,0,0.00082936,101.111817386157,0.00082901627103211,101.195675483024
32786,8994,62.73333,2504.34,2.08888,0.041599,-1.271699,0,0,0,0,0,0,0,0,0,0,0,0.00083198,101.315918590182,0.000831634096483108,101.40021140813
32787,8994,62.8,2509.485,2.09116,0.041706,-1.27433,0,0,0,0,0,0,0,0,0,0,0,0.00083412,101.524065407765,0.000833772315239847,101.608748661203
32788,8994,62.86666,2515.24,2.09336,0.04177,-1.282218,0,0,0,0,0,0,0,0,0,0,0,0.0008354,101.756890468055,0.00083505124763823,101.841898174352
32789,8994,62.93333,2520.605,2.0956,0.041852,-1.279816,0,0,0,0,0,0,0,0,0,0,0,0.00083704,101.973937635467,0.00083668987738329,102.059293900225
32790,8994,63,2525.87,2.09784,0.041993,-1.269779,0,0,0,0,0,0,0,0,0,0,0,0.00083986,102.18693918932,0.000839507514935046,102.272761912068
32791,8994,63.06667,2531.3,2.10004,0.04208,-1.271774,0,0,0,0,0,0,0,0,0,0,0,0.0008416,102.406616005545,0.000841246053293775,102.492801413575
32792,8994,63.13334,2536.745,2.10228,0.042177,-1.275443,0,0,0,0,0,0,0,0,0,0,0,0.00084354,102.626899663804,0.000843184420084047,102.713469558746
32793,8994,63.2,2542.15,2.1045,0.04228,-1.276375,0,0,0,0,0,0,0,0,0,0,0,0.0008456,102.845565076639,0.000845242681737918,102.932531286468
32794,8994,63.26667,2547.435,2.10668,0.04238,-1.272706,0,0,0,0,0,0,0,0,0,0,0,0.0008476,103.059375753204,0.000847240989970227,103.146728880093
32795,8994,63.33333,2552.69,2.10892,0.042472,-1.271895,0,0,0,0,0,0,0,0,0,0,0,0.00084944,103.271972745702,0.00084907943001722,103.359696090231
32796,8994,63.4,2558.05,2.11116,0.042569,-1.269991,0,0,0,0,0,0,0,0,0,0,0,0.00085138,103.488817632436,0.000851017781623609,103.576925941992
32797,8994,63.46667,2563.43,2.11338,0.042679,-1.271054,0,0,0,0,0,0,0,0,0,0,0,0.00085358,103.706471641881,0.000853215907764989,103.794993411946
32798,8994,63.53333,2568.985,2.1156,0.042802,-1.276239,0,0,0,0,0,0,0,0,0,0,0,0.00085604,103.931205475054,0.000855673806728304,104.020174744189
32799,8994,63.6,2574.31,2.11782,0.04293,-1.265258,0,0,0,0,0,0,0,0,0,0,0,0.0008586,104.146634397043,0.000858231613869073,104.236054697336
32800,8994,63.66667,2579.475,2.12004,0.043012,-1.272382,0,0,0,0,0,0,0,0,0,0,0,0.00086024,104.355590337338,0.000859870205630566,104.44536119037
32801,8994,63.73333,2584.905,2.12228,0.043104,-1.274998,0,0,0,0,0,0,0,0,0,0,0,0.00086208,104.575267153563,0.000861708622459672,104.665419399871
32802,8994,63.8,2590.23,2.1245,0.043191,-1.270598,0,0,0,0,0,0,0,0,0,0,0,0.00086382,104.790696075551,0.000863447122221165,104.881216374635
32803,8994,63.86666,2595.36,2.12672,0.04327,-1.284065,0,0,0,0,0,0,0,0,0,0,0,0.0008654,104.998236051101,0.00086502575731742,105.089101524579
32804,8994,63.93333,2600.74,2.12892,0.043385,-1.29084,0,0,0,0,0,0,0,0,0,0,0,0.0008677,105.215890060547,0.000867323765978027,105.307185888352
32805,8994,64,2605.995,2.13114,0.043467,-1.293246,0,0,0,0,0,0,0,0,0,0,0,0.00086934,105.428487053044,0.000868962342841275,105.520140253979
32806,8994,64.06667,2611.225,2.13344,0.04357,-1.288123,0,0,0,0,0,0,0,0,0,0,0,0.0008714,105.640072642152,0.000871020551438396,105.732127401452
32807,8994,64.13333,2616.805,2.13562,0.043657,-1.281653,0,0,0,0,0,0,0,0,0,0,0,0.00087314,105.865817878715,0.000872759035011191,105.958253558937
32808,8994,64.2,2622.42,2.1378,0.043757,-1.286666,0,0,0,0,0,0,0,0,0,0,0,0.00087514,106.092979080023,0.000874757288258156,106.185825289735
32809,8994,64.26667,2627.46,2.1401,0.043856,-1.282445,0,0,0,0,0,0,0,0,0,0,0,0.00087712,106.29687800337,0.000876735555039239,106.390113121004
32810,8994,64.33334,2633.01,2.14232,0.043959,-1.275474,0,0,0,0,0,0,0,0,0,0,0,0.00087918,106.521409555865,0.000878793747637546,106.615061048718
32811,8994,64.4,2638.7,2.14446,0.044076,-1.270013,0,0,0,0,0,0,0,0,0,0,0,0.00088152,106.751604967342,0.00088113168943048,106.845708642152
32812,8994,64.46667,2643.535,2.1467,0.044153,-1.273428,0,0,0,0,0,0,0,0,0,0,0,0.00088306,106.947210382894,0.000882670331901581,107.041651186494
32813,8994,64.53333,2648.685,2.14898,0.04423,-1.271798,0,0,0,0,0,0,0,0,0,0,0,0.0008846,107.155559481155,0.000884208972005265,107.250349289072
32814,8994,64.6,2654.405,2.15114,0.044366,-1.27438,0,0,0,0,0,0,0,0,0,0,0,0.00088732,107.386968576699,0.000886926564327073,107.482255181657
32815,8994,64.66666,2659.73,2.15342,0.044489,-1.2844,0,0,0,0,0,0,0,0,0,0,0,0.00088978,107.602397498688,0.000889384380434721,107.698139959934
32816,8994,64.73333,2665.09,2.15562,0.044578,-1.29099,0,0,0,0,0,0,0,0,0,0,0,0.00089156,107.819242385422,0.000891162796452767,107.915369709163
32817,8994,64.8,2670.71,2.15782,0.044688,-1.290925,0,0,0,0,0,0,0,0,0,0,0,0.00089376,108.046605867408,0.00089336083435243,108.143173601868
32818,8994,64.86667,2675.9,2.1601,0.044824,-1.281647,0,0,0,0,0,0,0,0,0,0,0,0.00089648,108.256573211092,0.000896078401803356,108.353623063845
32819,8994,64.93333,2681.28,2.16236,0.044921,-1.279882,0,0,0,0,0,0,0,0,0,0,0,0.00089842,108.474227220538,0.000898016662311442,108.571682635758
32820,8994,65,2687.195,2.1645,0.045029,-1.285252,0,0,0,0,0,0,0,0,0,0,0,0.00090058,108.713525262522,0.000900174721137502,108.811430489102
32821,8994,65.06667,2692.34,2.16674,0.045146,-1.283639,0,0,0,0,0,0,0,0,0,0,0,0.00090292,108.921672080105,0.000902512612943556,109.020019636259
32822,8994,65.13333,2697.44,2.169,0.045233,-1.27851,0,0,0,0,0,0,0,0,0,0,0,0.00090466,109.127998371587,0.000904251041769052,109.226722106594
32823,8994,65.2,2703.4,2.17116,0.045361,-1.284349,0,0,0,0,0,0,0,0,0,0,0,0.00090722,109.369116939672,0.000906808724661798,109.468338789942
32824,8994,65.26667,2708.775,2.17342,0.045474,-1.283877,0,0,0,0,0,0,0,0,0,0,0,0.00090948,109.586568668439,0.000909066673653864,109.686235460912
32825,8994,65.33334,2714.16,2.17568,0.045579,-1.278301,0,0,0,0,0,0,0,0,0,0,0,0.00091158,109.804424958563,0.000911164763280211,109.904520476267
32826,8994,65.4,2720.03,2.17784,0.045691,-1.280541,0,0,0,0,0,0,0,0,0,0,0,0.00091382,110.041902474445,0.000913402720696631,110.142460965764
32827,8994,65.46667,2725.375,2.1801,0.045799,-1.279349,0,0,0,0,0,0,0,0,0,0,0,0.00091598,110.258140519145,0.000915560746318963,110.359134770698
32828,8994,65.53333,2730.57,2.18238,0.045901,-1.275971,0,0,0,0,0,0,0,0,0,0,0,0.00091802,110.468310143508,0.000917598877352843,110.569722261586
32829,8994,65.6,2736.485,2.1845,0.04606,-1.281201,0,0,0,0,0,0,0,0,0,0,0,0.0009212,110.707608185491,0.000920775955679837,110.809592034152
32830,8994,65.66666,2741.845,2.18669,0.046129,-1.284666,0,0,0,0,0,0,0,0,0,0,0,0.00092258,110.924453072225,0.000922154684643221,111.026789754141
32831,8994,65.73333,2746.875,2.18902,0.046219,-1.289288,0,0,0,0,0,0,0,0,0,0,0,0.00092438,111.127947434216,0.000923953023913036,111.230671886266
32832,8994,65.8,2752.845,2.19122,0.046321,-1.295454,0,0,0,0,0,0,0,0,0,0,0,0.00092642,111.369470563657,0.000925991137842443,111.472645468577
32833,8994,65.86667,2758.695,2.19341,0.046439,-1.291439,0,0,0,0,0,0,0,0,0,0,0,0.00092878,111.606138956827,0.000928348950735073,111.709796506568
32834,8994,65.93333,2763.79,2.19568,0.04649,-1.28449,0,0,0,0,0,0,0,0,0,0,0,0.0009298,111.812262967631,0.000929368003739325,111.916226009739
32835,8994,66,2769.34,2.19792,0.046595,-1.272667,0,0,0,0,0,0,0,0,0,0,0,0.0009319,112.036794520127,0.000931466050772361,112.14120160894
32836,8994,66.06667,2775.06,2.20012,0.04671,-1.261383,0,0,0,0,0,0,0,0,0,0,0,0.0009342,112.268203615671,0.000933763906757845,112.373084571489
32837,8994,66.13333,2780.405,2.20234,0.046815,-1.268967,0,0,0,0,0,0,0,0,0,0,0,0.0009363,112.484441660371,0.000935861944567878,112.589760843098
32838,8994,66.2,2785.755,2.20455,0.04691,-1.268823,0,0,0,0,0,0,0,0,0,0,0,0.0009382,112.700881985749,0.000937760165460346,112.806617953228
32839,8994,66.26667,2791.175,2.20677,0.046997,-1.274511,0,0,0,0,0,0,0,0,0,0,0,0.00093994,112.920154240618,0.000939498533011613,113.026292410395
32840,8994,66.33334,2796.61,2.20899,0.047089,-1.283452,0,0,0,0,0,0,0,0,0,0,0,0.00094178,113.140033337521,0.000941336803456403,113.246586358118
32841,8994,66.4,2802.09,2.21123,0.047186,-1.278798,0,0,0,0,0,0,0,0,0,0,0,0.00094372,113.361732960525,0.000943274976243986,113.468714695155
32842,8994,66.46667,2807.895,2.21345,0.047304,-1.271945,0,0,0,0,0,0,0,0,0,0,0,0.00094608,113.596580827595,0.000945632748385181,113.704052280784
32843,8994,66.53333,2813.52,2.21567,0.047428,-1.271175,0,0,0,0,0,0,0,0,0,0,0,0.00094856,113.824146590258,0.000948110401255092,113.932115622748
32844,8994,66.6,2819.01,2.21791,0.047546,-1.275068,0,0,0,0,0,0,0,0,0,0,0,0.00095092,114.046250774618,0.000950468161995276,114.154699635405
32845,8994,66.66666,2824.635,2.22013,0.047631,-1.269848,0,0,0,0,0,0,0,0,0,0,0,0.00095262,114.273816537282,0.000952166545524889,114.382676060392
32846,8994,66.73333,2830.17,2.22235,0.047718,-1.271019,0,0,0,0,0,0,0,0,0,0,0,0.00095436,114.497741247744,0.000953904888032553,114.607013312081
32847,8994,66.8,2835.565,2.22457,0.047815,-1.269515,0,0,0,0,0,0,0,0,0,0,0,0.0009563,114.716002099223,0.000955843036461193,114.825705012031
32848,8994,66.86667,2841.15,2.22679,0.047945,-1.273134,0,0,0,0,0,0,0,0,0,0,0,0.0009589,114.941949616464,0.000958440549083294,115.052167451951
32849,8994,66.93333,2846.595,2.22899,0.048073,-1.27863,0,0,0,0,0,0,0,0,0,0,0,0.00096146,115.162233274722,0.000960998093380397,115.272957155527
32850,8994,67,2852.015,2.23127,0.048199,-1.272849,0,0,0,0,0,0,0,0,0,0,0,0.00096398,115.381505529591,0.000963515669659369,115.492730993292
32851,8994,67.06667,2857.86,2.23347,0.048301,-1.270714,0,0,0,0,0,0,0,0,0,0,0,0.00096602,115.617971642084,0.000965553702957052,115.72966091505
32852,8994,67.13333,2863.515,2.23563,0.048378,-1.2757,0,0,0,0,0,0,0,0,0,0,0,0.00096756,115.846751088815,0.000967092215538662,115.958839771299
32853,8994,67.2,2868.715,2.23795,0.048483,-1.273756,0,0,0,0,0,0,0,0,0,0,0,0.00096966,116.057122993856,0.000969190183425881,116.169658943738
32854,8994,67.26667,2874.53,2.24019,0.048603,-1.267395,0,0,0,0,0,0,0,0,0,0,0,0.00097206,116.292375422281,0.000971587855621923,116.405418588734
32855,8994,67.33334,2880.435,2.24233,0.048711,-1.276159,0,0,0,0,0,0,0,0,0,0,0,0.00097422,116.531268902909,0.000973745755683032,116.644795995699
32856,8994,67.4,2885.665,2.24457,0.048813,-1.271245,0,0,0,0,0,0,0,0,0,0,0,0.00097626,116.742854492017,0.000975783768131808,116.856825871143
32857,8994,67.46667,2891,2.24683,0.048887,-1.255833,0,0,0,0,0,0,0,0,0,0,0,0.00097774,116.958687975361,0.00097726232358302,117.073043162942
32858,8994,67.53333,2896.95,2.24899,0.049005,-1.245407,0,0,0,0,0,0,0,0,0,0,0,0.0009801,117.19940198209,0.00097962001559125,117.314269115972
32859,8994,67.6,2902.545,2.25123,0.049133,-1.254333,0,0,0,0,0,0,0,0,0,0,0,0.00098266,117.425754060686,0.000982177505721572,117.541143652171
32860,8994,67.66666,2907.995,2.25349,0.049251,-1.253421,0,0,0,0,0,0,0,0,0,0,0,0.00098502,117.646239999623,0.000984535186141138,117.762123898947
32861,8994,67.73333,2913.89,2.25569,0.049363,-1.247929,0,0,0,0,0,0,0,0,0,0,0,0.00098726,117.884728918895,0.000986772979363883,118.001111796367
32862,8994,67.8,2919.545,2.25793,0.049455,-1.248319,0,0,0,0,0,0,0,0,0,0,0,0.0009891,118.113508365626,0.000988611162907589,118.23033443675
32863,8994,67.86667,2925.085,2.26019,0.04953,-1.253313,0,0,0,0,0,0,0,0,0,0,0,0.0009906,118.337635356765,0.000990109679600828,118.45486061835
32864,8994,67.93333,2930.915,2.26237,0.049635,-1.260287,0,0,0,0,0,0,0,0,0,0,0,0.0009927,118.573494627224,0.000992207599198975,118.691202535341
32865,8994,68,2936.335,2.26457,0.049747,-1.255457,0,0,0,0,0,0,0,0,0,0,0,0.00099494,118.792766882093,0.00099444537525231,118.910958557575
32866,8994,68.06667,2941.675,2.26685,0.04985,-1.25421,0,0,0,0,0,0,0,0,0,0,0,0.000997,119.008802646115,0.000996503325595423,119.127454422354
32867,8994,68.13333,2947.585,2.26901,0.049965,-1.253217,0,0,0,0,0,0,0,0,0,0,0,0.0009993,119.247898407421,0.000998801032139647,119.3670628323
32868,8994,68.2,2953.14,2.27125,0.050052,-1.246854,0,0,0,0,0,0,0,0,0,0,0,0.00100104,119.472632240594,0.00100053929358278,119.592229124372
32869,8994,68.26667,2958.65,2.27353,0.050167,-1.244845,0,0,0,0,0,0,0,0,0,0,0,0.00100334,119.695545547666,0.00100283699085357,119.815640876335
32870,8994,68.33334,2964.715,2.27571,0.05029,-1.247482,0,0,0,0,0,0,0,0,0,0,0,0.0010058,119.940912009987,0.00100529452209134,120.061548579286
32871,8994,68.4,2970.275,2.27793,0.050397,-1.246731,0,0,0,0,0,0,0,0,0,0,0,0.00100794,120.165848123838,0.00100743236955696,120.286968088796
32872,8994,68.46667,2975.89,2.28023,0.050507,-1.244889,0,0,0,0,0,0,0,0,0,0,0,0.00101014,120.393009325146,0.00100963015190661,120.514623119586
32873,8994,68.53333,2981.78,2.28237,0.050615,-1.255475,0,0,0,0,0,0,0,0,0,0,0,0.0010123,120.63129596374,0.00101178796987789,120.753411024644
32874,8994,68.6,2987.34,2.28453,0.050745,-1.241668,0,0,0,0,0,0,0,0,0,0,0,0.0010149,120.856232077591,0.00101438533718635,120.978889067526
32875,8994,68.66666,2992.605,2.28683,0.05084,-1.23532,0,0,0,0,0,0,0,0,0,0,0,0.0010168,121.069233631444,0.00101628340903007,121.192336828201
32876,8994,68.73333,2998.565,2.28905,0.050955,-1.243166,0,0,0,0,0,0,0,0,0,0,0,0.0010191,121.310352199529,0.00101858107012597,121.433979579455
32877,8994,68.8,3004.61,2.29127,0.051088,-1.241951,0,0,0,0,0,0,0,0,0,0,0,0.00102176,121.554909539138,0.00102123835854919,121.679109483509
32878,8994,68.86667,3010.32,2.29351,0.051201,-1.241654,0,0,0,0,0,0,0,0,0,0,0,0.00102402,121.785914073327,0.00102349604918005,121.910625285056
32879,8994,68.93333,3016.225,2.29575,0.051316,-1.237858,0,0,0,0,0,0,0,0,0,0,0,0.00102632,122.024807553955,0.00102579369370383,122.150044054443
32880,8994,69,3022.155,2.29797,0.051395,-1.232761,0,0,0,0,0,0,0,0,0,0,0,0.0010279,122.264712437972,0.00102737207253509,122.390388335887
32881,8994,69.06667,3027.845,2.30019,0.051518,-1.23009,0,0,0,0,0,0,0,0,0,0,0,0.00103036,122.494907849449,0.00102982954347795,122.621121702701
32882,8994,69.13333,3033.38,2.30239,0.051613,-1.233792,0,0,0,0,0,0,0,0,0,0,0,0.00103226,122.71883255991,0.00103172758600771,122.845510302008
32883,8994,69.2,3038.84,2.30463,0.051708,-1.234892,0,0,0,0,0,0,0,0,0,0,0,0.00103416,122.939723060203,0.00103362562493491,123.066862404203
32884,8994,69.26667,3044.37,2.30683,0.051828,-1.234868,0,0,0,0,0,0,0,0,0,0,0,0.00103656,123.163445489986,0.00103602314264105,123.291111791043
32885,8994,69.33334,3049.995,2.30909,0.051943,-1.237686,0,0,0,0,0,0,0,0,0,0,0,0.00103886,123.39101125265,0.00103832075838223,123.5191972386
32886,8994,69.4,3055.765,2.31133,0.052053,-1.241496,0,0,0,0,0,0,0,0,0,0,0,0.00104106,123.624443154974,0.00104051847284704,123.753143617764
32887,8994,69.46667,3061.595,2.31351,0.052179,-1.241876,0,0,0,0,0,0,0,0,0,0,0,0.00104358,123.860302425432,0.00104303584893561,123.989560559837
32888,8994,69.53333,3067.07,2.31575,0.052268,-1.242895,0,0,0,0,0,0,0,0,0,0,0,0.00104536,124.081799767759,0.00104481399171888,124.211509917964
32889,8994,69.6,3072.755,2.31799,0.052386,-1.24985,0,0,0,0,0,0,0,0,0,0,0,0.00104772,124.311792898558,0.00104717152446665,124.442036850213
32890,8994,69.66666,3078.61,2.32015,0.052501,-1.243799,0,0,0,0,0,0,0,0,0,0,0,0.00105002,124.548663572406,0.0010494691145933,124.67944216013
32891,8994,69.73333,3084.22,2.32239,0.052614,-1.239133,0,0,0,0,0,0,0,0,0,0,0,0.00105228,124.775622493036,0.0010517267414886,124.906921385073
32892,8994,69.8,3089.875,2.32463,0.052721,-1.236352,0,0,0,0,0,0,0,0,0,0,0,0.00105442,125.004401939768,0.00105386448969163,125.136209081261
32893,8994,69.86667,3095.675,2.32681,0.052831,-1.232661,0,0,0,0,0,0,0,0,0,0,0,0.00105662,125.239047526159,0.00105606216999607,125.371377608556
32894,8994,69.93333,3101.3,2.32909,0.052962,-1.235083,0,0,0,0,0,0,0,0,0,0,0,0.00105924,125.466613288823,0.00105867940114878,125.599512544283
32895,8994,70,3106.94,2.33133,0.053074,-1.231376,0,0,0,0,0,0,0,0,0,0,0,0.00106148,125.69478589352,0.00106091702845822,125.828208394851
32896,8994,70.06667,3112.81,2.33345,0.053144,-1.23473,0,0,0,0,0,0,0,0,0,0,0,0.00106288,125.932263409403,0.00106231554298421,126.066114293535
32897,8994,70.13333,3118.09,2.33575,0.053249,-1.235697,0,0,0,0,0,0,0,0,0,0,0,0.00106498,126.14587180529,0.00106441331110567,126.280214635845
32898,8994,70.2,3123.685,2.33807,0.053338,-1.239122,0,0,0,0,0,0,0,0,0,0,0,0.00106676,126.372223883886,0.0010661914158772,126.507032717437
32899,8994,70.26667,3130.1,2.34019,0.05342,-1.246247,0,0,0,0,0,0,0,0,0,0,0,0.0010684,126.631749993662,0.00106782966691318,126.767043355355
32900,8994,70.33334,3135.71,2.34239,0.05353,-1.238319,0,0,0,0,0,0,0,0,0,0,0,0.0010706,126.858708914292,0.00107002731652687,126.994523848056
32901,8994,70.4,3140.98,2.34469,0.053658,-1.23492,0,0,0,0,0,0,0,0,0,0,0,0.00107316,127.071912748824,0.00107258457545216,127.208281242709
32902,8994,70.46667,3147.05,2.34683,0.053768,-1.244547,0,0,0,0,0,0,0,0,0,0,0,0.00107536,127.317481491823,0.00107478221461626,127.45439361872
32903,8994,70.53333,3152.745,2.34905,0.053863,-1.243213,0,0,0,0,0,0,0,0,0,0,0,0.00107726,127.547879183978,0.00107668017182594,127.685281412307
32904,8994,70.6,3158.18,2.35137,0.053957,-1.236446,0,0,0,0,0,0,0,0,0,0,0,0.00107914,127.76775828088,0.00107855814699324,127.905637579552
32905,8994,70.66666,3164.47,2.35355,0.054085,-1.230604,0,0,0,0,0,0,0,0,0,0,0,0.0010817,128.022227373708,0.0010811153841031,128.160709017058
32906,8994,70.73333,3170.305,2.35575,0.054201,-1.229962,0,0,0,0,0,0,0,0,0,0,0,0.00108402,128.258288924845,0.00108343287458525,128.397323475205
32907,8994,70.8,3175.885,2.35805,0.054316,-1.229678,0,0,0,0,0,0,0,0,0,0,0,0.00108632,128.484034161407,0.00108573038139979,128.623608937398
32908,8994,70.86667,3181.885,2.36021,0.054446,-1.235817,0,0,0,0,0,0,0,0,0,0,0,0.00108892,128.726770974916,0.00108832755666,128.866944130366
32909,8994,70.93333,3187.66,2.36237,0.054562,-1.241908,0,0,0,0,0,0,0,0,0,0,0,0.00109124,128.960405157917,0.00109064503042831,129.101131910442
32910,8994,71,3192.98,2.36469,0.054659,-1.232282,0,0,0,0,0,0,0,0,0,0,0,0.00109318,129.175631799228,0.00109258291385263,129.316844016398
32911,8994,71.06667,3199.14,2.36687,0.054777,-1.235697,0,0,0,0,0,0,0,0,0,0,0,0.00109554,129.42484159443,0.0010949403339862,129.56663168539
32912,8994,71.13333,3205,2.36905,0.054907,-1.247688,0,0,0,0,0,0,0,0,0,0,0,0.00109814,129.661914548956,0.00109753748532691,129.804301483799
32913,8994,71.2,3210.435,2.37139,0.055004,-1.239508,0,0,0,0,0,0,0,0,0,0,0,0.00110008,129.881793645859,0.00109947535539452,130.024674009413
32914,8994,71.26667,3216.605,2.37357,0.05513,-1.244861,0,0,0,0,0,0,0,0,0,0,0,0.0011026,130.131408002416,0.001101992583071,130.27489089288
32915,8994,71.33334,3222.46,2.37575,0.055242,-1.247063,0,0,0,0,0,0,0,0,0,0,0,0.00110484,130.368278676265,0.00110423011346389,130.512314765277
32916,8994,71.4,3227.805,2.37809,0.055375,-1.245692,0,0,0,0,0,0,0,0,0,0,0,0.0011075,130.584516720965,0.00110688717430294,130.729139073233
32917,8994,71.46667,3233.85,2.38025,0.055478,-1.247012,0,0,0,0,0,0,0,0,0,0,0,0.00110956,130.829074060574,0.00110894489325966,130.974236767989
32918,8994,71.53333,3239.815,2.38236,0.055588,-1.248225,0,0,0,0,0,0,0,0,0,0,0,0.00111176,131.070394909337,0.00111114245251845,131.216113731582
32919,8994,71.6,3245.16,2.38469,0.055693,-1.246552,0,0,0,0,0,0,0,0,0,0,0,0.00111386,131.286632954037,0.0011132401182152,131.43286788302
32920,8994,71.66666,3251.05,2.38693,0.055821,-1.243979,0,0,0,0,0,0,0,0,0,0,0,0.00111642,131.524919592631,0.0011157972666367,131.671756643363
32921,8994,71.73333,3257.435,2.38909,0.055928,-1.244718,0,0,0,0,0,0,0,0,0,0,0,0.00111856,131.78323201834,0.00111793487787761,131.930639470346
32922,8994,71.8,3263.17,2.39135,0.056031,-1.253276,0,0,0,0,0,0,0,0,0,0,0,0.00112062,132.015247955918,0.00111999257410141,132.163186883082
32923,8994,71.86667,3268.9,2.39361,0.056148,-1.254462,0,0,0,0,0,0,0,0,0,0,0,0.00112296,132.247061612818,0.00112232995205419,132.395569773127
32924,8994,71.93333,3274.93,2.39581,0.056261,-1.253913,0,0,0,0,0,0,0,0,0,0,0,0.00112522,132.491012110394,0.0011245874144633,132.640093647041
32925,8994,72,3280.72,2.39801,0.056371,-1.24558,0,0,0,0,0,0,0,0,0,0,0,0.00112742,132.725253135429,0.00112678493934703,132.874890240319
32926,8994,72.06667,3286.26,2.40025,0.056486,-1.248622,0,0,0,0,0,0,0,0,0,0,0,0.00112972,132.949380126568,0.00112908234656218,133.099575700285
32927,8994,72.13333,3292.175,2.40247,0.056619,-1.251946,0,0,0,0,0,0,0,0,0,0,0,0.00113238,133.188678168552,0.00113173934136825,133.339498363936
32928,8994,72.2,3298.02,2.40468,0.056737,-1.251509,0,0,0,0,0,0,0,0,0,0,0,0.00113474,133.425144281045,0.00113409666919558,133.576547129266
32929,8994,72.26667,3303.86,2.40693,0.056822,-1.251799,0,0,0,0,0,0,0,0,0,0,0,0.00113644,133.661408112859,0.00113579474088246,133.813306283495
32930,8994,72.33334,3309.81,2.40917,0.056937,-1.254677,0,0,0,0,0,0,0,0,0,0,0,0.00113874,133.902122119588,0.00113809212739855,134.054601822131
32931,8994,72.4,3315.74,2.41134,0.05706,-1.2545,0,0,0,0,0,0,0,0,0,0,0,0.0011412,134.142027003605,0.00114054932626548,134.295109884822
32932,8994,72.46667,3321.39,2.41361,0.057129,-1.252893,0,0,0,0,0,0,0,0,0,0,0,0.00114258,134.370604169659,0.00114192775225468,134.524133334571
32933,8994,72.53333,3327.34,2.41583,0.057275,-1.250155,0,0,0,0,0,0,0,0,0,0,0,0.0011455,134.611318176388,0.00114484441547531,134.765515441359
32934,8994,72.6,3333.22,2.418,0.057385,-1.250155,0,0,0,0,0,0,0,0,0,0,0,0.0011477,134.849200253626,0.00114704189584427,135.003966680757
32935,8994,72.66666,3338.995,2.42029,0.057495,-1.249606,0,0,0,0,0,0,0,0,0,0,0,0.0011499,135.082834436627,0.00114923937138432,135.238166187946
32936,8994,72.73333,3344.8,2.42252,0.057625,-1.249422,0,0,0,0,0,0,0,0,0,0,0,0.0011525,135.317682303697,0.00115183638170601,135.473635932552
32937,8994,72.8,3350.815,2.42468,0.057728,-1.252451,0,0,0,0,0,0,0,0,0,0,0,0.00115456,135.561025959239,0.00115389400817229,135.71753929737
32938,8994,72.86667,3356.655,2.42696,0.05785,-1.255802,0,0,0,0,0,0,0,0,0,0,0,0.001157,135.797289791053,0.00115633119132479,135.954407255342
32939,8994,72.93333,3362.615,2.42921,0.05795,-1.256611,0,0,0,0,0,0,0,0,0,0,0,0.001159,136.038408359138,0.00115832887800345,136.196076874426
32940,8994,73,3368.97,2.43132,0.058086,-1.251447,0,0,0,0,0,0,0,0,0,0,0,0.00116172,136.295507100779,0.00116104572548244,136.453844317288
32941,8994,73.06667,3374.555,2.4336,0.058209,-1.247922,0,0,0,0,0,0,0,0,0,0,0,0.00116418,136.521454618019,0.00116350286794853,136.680390165057
32942,8994,73.13333,3380.065,2.4359,0.058321,-1.248737,0,0,0,0,0,0,0,0,0,0,0,0.00116642,136.744367925091,0.00116574026071468,136.903869290726
32943,8994,73.2,3386.565,2.43804,0.058401,-1.251461,0,0,0,0,0,0,0,0,0,0,0,0.00116802,137.007332806392,0.00116733839534002,137.167360111256
32944,8994,73.26667,3392.435,2.44022,0.058526,-1.255408,0,0,0,0,0,0,0,0,0,0,0,0.00117052,137.244810322274,0.00116983547557914,137.405458117652
32945,8994,73.33334,3397.75,2.44254,0.058657,-1.255191,0,0,0,0,0,0,0,0,0,0,0,0.00117314,137.459834682906,0.00117245240897792,137.621094313366
32946,8994,73.4,3403.875,2.44472,0.058779,-1.254344,0,0,0,0,0,0,0,0,0,0,0,0.00117558,137.707628513363,0.00117488954690068,137.86951484729
32947,8994,73.46667,3409.965,2.4469,0.058884,-1.262184,0,0,0,0,0,0,0,0,0,0,0,0.00117768,137.954006379073,0.00117698707888174,138.116472053306
32948,8994,73.53333,3415.65,2.44922,0.058964,-1.254967,0,0,0,0,0,0,0,0,0,0,0,0.00117928,138.183999509872,0.00117858519553305,138.346957136814
32949,8994,73.6,3421.985,2.45142,0.059081,-1.249903,0,0,0,0,0,0,0,0,0,0,0,0.00118162,138.440289128802,0.00118092243653712,138.603872943242
32950,8994,73.66666,3428.12,2.45362,0.059202,-1.251347,0,0,0,0,0,0,0,0,0,0,0,0.00118404,138.688487520614,0.00118333957747026,138.852700237378
32951,8994,73.73333,3433.895,2.45592,0.059307,-1.257584,0,0,0,0,0,0,0,0,0,0,0,0.00118614,138.922121703615,0.00118543709172699,139.086902789053
32952,8994,73.8,3440.045,2.45808,0.059442,-1.255309,0,0,0,0,0,0,0,0,0,0,0,0.00118884,139.170926937461,0.00118813388930685,139.336378902242
32953,8994,73.86667,3445.875,2.46022,0.059578,-1.256982,0,0,0,0,0,0,0,0,0,0,0,0.00119156,139.40678620792,0.00119085065581148,139.572897758094
32954,8994,73.93333,3451.265,2.46254,0.059696,-1.255423,0,0,0,0,0,0,0,0,0,0,0,0.00119392,139.624844778721,0.00119320784429836,139.7915456734
32955,8994,74,3457.355,2.46472,0.059844,-1.254202,0,0,0,0,0,0,0,0,0,0,0,0.00119688,139.871222644432,0.00119616431013909,140.038631713391
32956,8994,74.06667,3463.415,2.4669,0.059944,-1.258452,0,0,0,0,0,0,0,0,0,0,0,0.00119888,140.116386826076,0.00119816191724555,140.284369559914
32957,8994,74.13333,3469.115,2.46924,0.060082,-1.25446,0,0,0,0,0,0,0,0,0,0,0,0.00120164,140.346986798908,0.00120091860849918,140.515633352125
32958,8994,74.2,3475.32,2.47142,0.060197,-1.253405,0,0,0,0,0,0,0,0,0,0,0,0.00120394,140.598017120211,0.00120321584540562,140.767288696943
32959,8994,74.26667,3481.4,2.4736,0.060295,-1.257729,0,0,0,0,0,0,0,0,0,0,0,0.0012059,140.843990424566,0.00120517348660466,141.013834192619
32960,8994,74.33334,3487.025,2.4759,0.060405,-1.255649,0,0,0,0,0,0,0,0,0,0,0,0.0012081,141.07155618723,0.00120737083440582,141.24198473426
32961,8994,74.4,3493.12,2.4781,0.060522,-1.25039,0,0,0,0,0,0,0,0,0,0,0,0.00121044,141.318136333619,0.00120970800813174,141.489193458563
32962,8994,74.46667,3499.295,2.48022,0.06063,-1.252404,0,0,0,0,0,0,0,0,0,0,0,0.0012126,141.567952970855,0.00121186539441508,141.739618270627
32963,8994,74.53333,3504.92,2.48252,0.060745,-1.25762,0,0,0,0,0,0,0,0,0,0,0,0.0012149,141.795518733518,0.00121416260617432,141.967786109228
32964,8994,74.6,3510.805,2.48478,0.06085,-1.25215,0,0,0,0,0,0,0,0,0,0,0,0.001217,142.033603091434,0.00121626005578059,142.206457986397
32965,8994,74.66666,3517.16,2.48696,0.060965,-1.253474,0,0,0,0,0,0,0,0,0,0,0,0.0012193,142.290701833075,0.00121855725744439,142.46419688582
32966,8994,74.73333,3523.09,2.4892,0.061096,-1.255581,0,0,0,0,0,0,0,0,0,0,0,0.00122192,142.530606717092,0.00122117406334501,142.704767716052
32967,8994,74.8,3528.99,2.49146,0.061221,-1.256284,0,0,0,0,0,0,0,0,0,0,0,0.00122442,142.769297917042,0.00122367100915571,142.944107500798
32968,8994,74.86667,3535.1,2.49366,0.061295,-1.264242,0,0,0,0,0,0,0,0,0,0,0,0.0012259,143.016484905465,0.00122514919813758,143.19180881431
32969,8994,74.93333,3541.12,2.49586,0.061411,-1.265838,0,0,0,0,0,0,0,0,0,0,0,0.00122822,143.260030841684,0.00122746635484738,143.435985676765
32970,8994,75,3546.96,2.4981,0.061554,-1.264919,0,0,0,0,0,0,0,0,0,0,0,0.00123108,143.496294673499,0.00123032284236744,143.672950091946
32971,8994,75.06667,3552.875,2.5003,0.061684,-1.264386,0,0,0,0,0,0,0,0,0,0,0,0.00123368,143.735592715483,0.00123291964212333,143.912916441504
32972,8994,75.13333,3558.87,2.50252,0.061759,-1.265915,0,0,0,0,0,0,0,0,0,0,0,0.00123518,143.978127248313,0.00123441779276122,144.155966151527
32973,8994,75.2,3564.91,2.50478,0.061858,-1.258498,0,0,0,0,0,0,0,0,0,0,0,0.00123716,144.222482307244,0.00123639534816674,144.400908593456
32974,8994,75.26667,3571.035,2.507,0.061986,-1.263526,0,0,0,0,0,0,0,0,0,0,0,0.00123972,144.470276137701,0.00123895218168182,144.649378828434
32975,8994,75.33334,3577.16,2.5092,0.06212,-1.261114,0,0,0,0,0,0,0,0,0,0,0,0.0012424,144.718069968157,0.00124162885976365,144.897867698285
32976,8994,75.4,3583.025,2.51146,0.062235,-1.254268,0,0,0,0,0,0,0,0,0,0,0,0.0012447,144.955345203361,0.001243926003151,145.135771121536
32977,8994,75.46667,3588.9,2.51368,0.062337,-1.245231,0,0,0,0,0,0,0,0,0,0,0,0.00124674,145.193024999921,0.00124596346504401,145.37404295191
32978,8994,75.53333,3595.055,2.51586,0.062432,-1.250931,0,0,0,0,0,0,0,0,0,0,0,0.00124864,145.442032514445,0.00124786109738711,145.623637253924
32979,8994,75.6,3601.1,2.51812,0.062562,-1.247708,0,0,0,0,0,0,0,0,0,0,0,0.00125124,145.686589854055,0.00125045785160011,145.868878742744
32980,8994,75.66666,3607,2.52034,0.062685,-1.241251,0,0,0,0,0,0,0,0,0,0,0,0.0012537,145.925281054004,0.00125291477437797,146.108227578862
32981,8994,75.73333,3613.125,2.52252,0.062813,-1.24674,0,0,0,0,0,0,0,0,0,0,0,0.00125626,146.173074884461,0.00125547156565604,146.356706271515
32982,8994,75.8,3619.065,2.52476,0.06291,-1.253079,0,0,0,0,0,0,0,0,0,0,0,0.0012582,146.413384329834,0.0012574091296926,146.597601649998
32983,8994,75.86667,3624.84,2.52706,0.062995,-1.243046,0,0,0,0,0,0,0,0,0,0,0,0.0012599,146.647018512835,0.00125910699199895,146.83177909146
32984,8994,75.93333,3631.25,2.5292,0.063138,-1.247411,0,0,0,0,0,0,0,0,0,0,0,0.00126276,146.906342341933,0.00126196338913948,147.091849794789
32985,8994,76,3637.18,2.53142,0.063279,-1.246463,0,0,0,0,0,0,0,0,0,0,0,0.00126558,147.146247225951,0.00126477982868129,147.332472573515
32986,8994,76.06667,3642.645,2.53376,0.063376,-1.247077,0,0,0,0,0,0,0,0,0,0,0,0.00126752,147.367340006921,0.00126671737468238,147.554131057727
32987,8994,76.13333,3649.245,2.5359,0.063484,-1.239551,0,0,0,0,0,0,0,0,0,0,0,0.00126968,147.63435050178,0.00126887463797814,147.821798883925
32988,8994,76.2,3655.37,2.53806,0.063622,-1.233902,0,0,0,0,0,0,0,0,0,0,0,0.00127244,147.882144332236,0.0012716311343058,148.07031548797
32989,8994,76.26667,3660.73,2.54038,0.063717,-1.239933,0,0,0,0,0,0,0,0,0,0,0,0.00127434,148.09898921897,0.00127352871794177,148.287717684891
32990,8994,76.33334,3667.01,2.54256,0.063822,-1.238512,0,0,0,0,0,0,0,0,0,0,0,0.00127644,148.353053750442,0.00127562604303444,148.542417522371
32991,8994,76.4,3673.305,2.54472,0.063934,-1.248047,0,0,0,0,0,0,0,0,0,0,0,0.00127868,148.607725123948,0.00127786318495134,148.797746849909
32992,8994,76.46667,3678.825,2.54704,0.064026,-1.244335,0,0,0,0,0,0,0,0,0,0,0,0.00128052,148.831042992375,0.00127970083349619,149.021624119548
32993,8994,76.53333,3684.99,2.54926,0.064152,-1.235326,0,0,0,0,0,0,0,0,0,0,0,0.00128304,149.080455068255,0.00128221760754555,149.271731255326
32994,8994,76.6,3691.405,2.55144,0.064303,-1.232182,0,0,0,0,0,0,0,0,0,0,0,0.00128606,149.339981178031,0.00128523373318144,149.532041354225
32995,8994,76.66666,3697.32,2.55378,0.064403,-1.231182,0,0,0,0,0,0,0,0,0,0,0,0.00128806,149.579279220014,0.00128723116237029,149.771946306406
32996,8994,76.73333,3703.475,2.55596,0.06452,-1.223829,0,0,0,0,0,0,0,0,0,0,0,0.0012904,149.828286734538,0.00128956814945642,150.02162515574
32997,8994,76.8,3709.62,2.55806,0.064653,-1.226539,0,0,0,0,0,0,0,0,0,0,0,0.00129306,150.076889687706,0.00129222471788733,150.270948110686
32998,8994,76.86667,3714.895,2.56038,0.064751,-1.23162,0,0,0,0,0,0,0,0,0,0,0,0.00129502,150.290295802915,0.00129418218484664,150.484924741786
32999,8994,76.93333,3720.735,2.56258,0.064863,-1.236801,0,0,0,0,0,0,0,0,0,0,0,0.00129726,150.52655963473,0.00129641928525147,150.721831719482
33000,8994,77,3727.18,2.56474,0.064989,-1.239394,0,0,0,0,0,0,0,0,0,0,0,0.00129978,150.787299428573,0.00129893601722468,150.983289744625
33001,8994,77.06667,3732.99,2.56708,0.065124,-1.240499,0,0,0,0,0,0,0,0,0,0,0,0.00130248,151.02234957632,0.0013016325087387,151.219053166197
33002,8994,77.13333,3739.145,2.5693,0.06524,-1.246854,0,0,0,0,0,0,0,0,0,0,0,0.0013048,151.271357090844,0.00130394948823144,151.468735957576
33003,8994,77.2,3745.7,2.57144,0.065408,-1.240048,0,0,0,0,0,0,0,0,0,0,0,0.00130816,151.536547059602,0.00130730510418632,151.734781109003
33004,8994,77.26667,3751.415,2.57372,0.06549,-1.236372,0,0,0,0,0,0,0,0,0,0,0,0.0013098,151.767753874468,0.0013089429602655,151.966539278493
33005,8994,77.33334,3757.405,2.57598,0.065626,-1.238144,0,0,0,0,0,0,0,0,0,0,0,0.00131252,152.010086126621,0.00131165939858014,152.209602404864
33006,8994,77.4,3763.835,2.57808,0.06579,-1.240677,0,0,0,0,0,0,0,0,0,0,0,0.0013158,152.27021907843,0.00131493509379257,152.470576232694
33007,8994,77.46667,3769.56,2.58034,0.065905,-1.241735,0,0,0,0,0,0,0,0,0,0,0,0.0013181,152.501830454653,0.00131723206879136,152.702843117375
33008,8994,77.53333,3775.325,2.58264,0.066005,-1.238826,0,0,0,0,0,0,0,0,0,0,0,0.0013201,152.735060076299,0.00131922943406688,152.936685629105
33009,8994,77.6,3781.915,2.5848,0.066135,-1.234703,0,0,0,0,0,0,0,0,0,0,0,0.0013227,153.001666009802,0.00132182600296071,153.204041313433
33010,8994,77.66666,3788.095,2.58704,0.066281,-1.233293,0,0,0,0,0,0,0,0,0,0,0,0.00132562,153.251684927715,0.00132474214152669,153.454838426289
33011,8994,77.73333,3793.92,2.5893,0.066394,-1.22949,0,0,0,0,0,0,0,0,0,0,0,0.00132788,153.487341917496,0.00132699914704465,153.691154689081
33012,8994,77.8,3800.115,2.5915,0.066542,-1.23278,0,0,0,0,0,0,0,0,0,0,0,0.00133084,153.737967677443,0.00132995521736301,153.942568314347
33013,8994,77.86667,3806.335,2.5937,0.066634,-1.230846,0,0,0,0,0,0,0,0,0,0,0,0.00133268,153.98960484078,0.00133179277018358,154.194823707359
33014,8994,77.93333,3812.21,2.59596,0.066747,-1.228189,0,0,0,0,0,0,0,0,0,0,0,0.00133494,154.22728463734,0.00133404975978831,154.433168808694
33015,8994,78,3818.46,2.59816,0.06687,-1.228847,0,0,0,0,0,0,0,0,0,0,0,0.0013374,154.480135484745,0.00133650647719614,154.686737217942
33016,8994,78.06667,3824.515,2.60038,0.066998,-1.234422,0,0,0,0,0,0,0,0,0,0,0,0.00133996,154.72509738571,0.00133906305475688,154.932422827203
33017,8994,78.13333,3830.54,2.60262,0.067131,-1.239198,0,0,0,0,0,0,0,0,0,0,0,0.00134262,154.968845602608,0.00134171949170461,155.176909874091
33018,8994,78.2,3836.435,2.60486,0.067223,-1.234362,0,0,0,0,0,0,0,0,0,0,0,0.00134446,155.207334521879,0.00134355702290808,155.416004574851
33019,8994,78.26667,3842.665,2.60702,0.067336,-1.23198,0,0,0,0,0,0,0,0,0,0,0,0.00134672,155.459376246572,0.00134581398596097,155.668736497751
33020,8994,78.33334,3848.645,2.6093,0.067471,-1.233209,0,0,0,0,0,0,0,0,0,0,0,0.00134942,155.701303937369,0.00134851035107208,155.911410390928
33021,8994,78.4,3854.585,2.61152,0.067592,-1.233635,0,0,0,0,0,0,0,0,0,0,0,0.00135184,155.941613382742,0.00135092708695627,156.152421493377
33022,8994,78.46667,3860.815,2.61371,0.067707,-1.229636,0,0,0,0,0,0,0,0,0,0,0,0.00135414,156.193655107434,0.00135322397928371,156.405163183562
33023,8994,78.53333,3866.87,2.61594,0.067835,-1.223807,0,0,0,0,0,0,0,0,0,0,0,0.0013567,156.4386170084,0.00135578051410548,156.650857280095
33024,8994,78.6,3872.75,2.6182,0.067963,-1.238192,0,0,0,0,0,0,0,0,0,0,0,0.00135926,156.676499085638,0.00135833704239119,156.889463183785
33025,8994,78.66666,3879.1,2.62039,0.068096,-1.24761,0,0,0,0,0,0,0,0,0,0,0,0.00136192,156.933395546601,0.00136099342813913,157.147126276663
33026,8994,78.73333,3885.26,2.62259,0.068221,-1.239447,0,0,0,0,0,0,0,0,0,0,0,0.00136442,157.182605341802,0.00136349002485351,157.397068432183
33027,8994,78.8,3891.06,2.62492,0.068334,-1.229809,0,0,0,0,0,0,0,0,0,0,0,0.00136668,157.417250928194,0.00136574694291908,157.632389936692
33028,8994,78.86667,3897.535,2.62709,0.068467,-1.236808,0,0,0,0,0,0,0,0,0,0,0,0.00136934,157.679204406105,0.00136840330898379,157.895120847866
33029,8994,78.93333,3903.885,2.62927,0.06859,-1.231372,0,0,0,0,0,0,0,0,0,0,0,0.0013718,157.936100867067,0.00137085994199621,158.152757610237
33030,8994,79,3909.44,2.6316,0.068685,-1.22672,0,0,0,0,0,0,0,0,0,0,0,0.0013737,158.16083470024,0.00137275733734674,158.378100238868
33031,8994,79.06667,3915.825,2.63378,0.068795,-1.223499,0,0,0,0,0,0,0,0,0,0,0,0.0013759,158.419147125949,0.00137495431693915,158.637116030479
33032,8994,79.13333,3922.235,2.63593,0.068912,-1.225115,0,0,0,0,0,0,0,0,0,0,0,0.00137824,158.678470955047,0.00137729109902663,158.897167970856
33033,8994,79.2,3927.64,2.63821,0.069012,-1.219959,0,0,0,0,0,0,0,0,0,0,0,0.00138024,158.897136367882,0.00137928834434605,159.116452551382
33034,8994,79.26667,3933.62,2.64045,0.069145,-1.222479,0,0,0,0,0,0,0,0,0,0,0,0.0013829,159.139064058678,0.00138194467444013,159.359137470365
33035,8994,79.33334,3940.235,2.64259,0.069273,-1.223118,0,0,0,0,0,0,0,0,0,0,0,0.00138546,159.406681395571,0.00138450113583738,159.627532976377
33036,8994,79.4,3946.1,2.64487,0.069383,-1.227038,0,0,0,0,0,0,0,0,0,0,0,0.00138766,159.643956630775,0.00138669808962908,159.865488163634
33037,8994,79.46667,3952.185,2.64711,0.069527,-1.235242,0,0,0,0,0,0,0,0,0,0,0,0.00139054,159.890132215808,0.00138957409457066,160.11246584026
33038,8994,79.53333,3958.765,2.64929,0.069644,-1.234907,0,0,0,0,0,0,0,0,0,0,0,0.00139288,160.156333587956,0.0013919108424952,160.379412141884
33039,8994,79.6,3964.8,2.65159,0.069752,-1.234455,0,0,0,0,0,0,0,0,0,0,0,0.00139504,160.400486366209,0.00139406783573288,160.62425146071
33040,8994,79.66666,3970.955,2.65381,0.06989,-1.232981,0,0,0,0,0,0,0,0,0,0,0,0.0013978,160.649493880733,0.00139682398698802,160.874049743279
33041,8994,79.73333,3977.535,2.65593,0.07001,-1.231405,0,0,0,0,0,0,0,0,0,0,0,0.0014002,160.91569525288,0.00139922063407881,161.141009409373
33042,8994,79.8,3983.335,2.65821,0.070128,-1.232347,0,0,0,0,0,0,0,0,0,0,0,0.00140256,161.150340839272,0.00140157733145034,161.376363861319
33043,8994,79.86667,3989.33,2.66043,0.070261,-1.229869,0,0,0,0,0,0,0,0,0,0,0,0.00140522,161.392875372102,0.00140423360233825,161.619667868432
33044,8994,79.93333,3995.955,2.66263,0.070371,-1.226733,0,0,0,0,0,0,0,0,0,0,0,0.00140742,161.66089727035,0.00140643051277911,161.888422050387
33045,8994,80,4001.93,2.66491,0.070497,-1.2343,0,0,0,0,0,0,0,0,0,0,0,0.00140994,161.902622680469,0.00140894696789912,162.130895664291
33046,8994,80.06667,4008.155,2.66713,0.070617,-1.231658,0,0,0,0,0,0,0,0,0,0,0,0.00141234,162.154462124484,0.00141134358593539,162.383479357521
33047,8994,80.13333,4014.71,2.66931,0.070747,-1.231238,0,0,0,0,0,0,0,0,0,0,0,0.00141494,162.419652093241,0.00141393991566003,162.649466155774
33048,8994,80.2,4020.705,2.67157,0.070878,-1.23836,0,0,0,0,0,0,0,0,0,0,0,0.00141756,162.662186626072,0.00141655621033254,162.892770035345
33049,8994,80.26667,4026.665,2.67381,0.071021,-1.236067,0,0,0,0,0,0,0,0,0,0,0,0.00142042,162.903305194157,0.00141941215777185,163.13469630692
33050,8994,80.33334,4033.23,2.67595,0.071129,-1.235982,0,0,0,0,0,0,0,0,0,0,0,0.00142258,163.16889972427,0.00142156909169025,163.40102053764
33051,8994,80.4,4039.135,2.67817,0.071234,-1.234648,0,0,0,0,0,0,0,0,0,0,0,0.00142468,163.407793204898,0.00142366610631722,163.640597019721
33052,8994,80.46667,4044.85,2.68047,0.071372,-1.236511,0,0,0,0,0,0,0,0,0,0,0,0.00142744,163.639000019764,0.00142642217599659,163.872584873952
33053,8994,80.53333,4051.445,2.68265,0.071474,-1.242066,0,0,0,0,0,0,0,0,0,0,0,0.00142948,163.905808233945,0.00142845926609491,164.1401083087
33054,8994,80.6,4057.835,2.68489,0.071589,-1.246129,0,0,0,0,0,0,0,0,0,0,0,0.00143178,164.164322940332,0.00143075598034661,164.399370134631
33055,8994,80.66666,4063.82,2.68713,0.071715,-1.245259,0,0,0,0,0,0,0,0,0,0,0,0.0014343,164.406452911806,0.00143327237425349,164.642261087217
33056,8994,80.73333,4070.19,2.68935,0.071822,-1.247253,0,0,0,0,0,0,0,0,0,0,0,0.00143644,164.66415849548,0.00143540930696426,164.90068867931
33057,8994,80.8,4076.69,2.69159,0.071948,-1.252835,0,0,0,0,0,0,0,0,0,0,0,0.00143896,164.927123376781,0.00143792568916158,165.164446910235
33058,8994,80.86667,4083.03,2.69377,0.072091,-1.245311,0,0,0,0,0,0,0,0,0,0,0,0.00144182,165.183615276388,0.0014407815755713,165.421780316566
33059,8994,80.93333,4089.165,2.69599,0.072181,-1.243716,0,0,0,0,0,0,0,0,0,0,0,0.00144362,165.4318136682,0.00144257898241666,165.670634343048
33060,8994,81,4095.34,2.69823,0.072304,-1.245249,0,0,0,0,0,0,0,0,0,0,0,0.00144608,165.681630305436,0.00144503543321365,165.921219197388
33061,8994,81.06667,4101.625,2.70047,0.072465,-1.251882,0,0,0,0,0,0,0,0,0,0,0,0.0014493,165.935897117585,0.00144825077839056,166.176388013278
33062,8994,81.13333,4108.05,2.70269,0.072575,-1.248513,0,0,0,0,0,0,0,0,0,0,0,0.0014515,166.195827788717,0.00145044759213187,166.437061032752
33063,8994,81.2,4114.61,2.70491,0.072711,-1.241948,0,0,0,0,0,0,0,0,0,0,0,0.00145422,166.461220038153,0.00145316364608584,166.703291273557
33064,8994,81.26667,4120.73,2.70713,0.072836,-1.24524,0,0,0,0,0,0,0,0,0,0,0,0.00145672,166.708811587931,0.00145566001269904,166.951659647947
33065,8994,81.33334,4126.68,2.70937,0.072941,-1.247815,0,0,0,0,0,0,0,0,0,0,0,0.00145882,166.94952559466,0.00145775695583835,167.193074901588
33066,8994,81.4,4132.975,2.71159,0.073053,-1.253869,0,0,0,0,0,0,0,0,0,0,0,0.00146106,167.204196968166,0.00145999369034012,167.448492332188
33067,8994,81.46667,4139.175,2.71379,0.073158,-1.247464,0,0,0,0,0,0,0,0,0,0,0,0.00146316,167.455025008791,0.00146209062439176,167.700038503183
33068,8994,81.53333,4145.195,2.71603,0.073281,-1.247661,0,0,0,0,0,0,0,0,0,0,0,0.00146562,167.698570945011,0.00146454702726012,167.944353324559
33069,8994,81.6,4151.505,2.71825,0.073399,-1.25165,0,0,0,0,0,0,0,0,0,0,0,0.00146798,167.95384916055,0.00146690357068209,168.200402052041
33070,8994,81.66666,4157.805,2.72043,0.073504,-1.241959,0,0,0,0,0,0,0,0,0,0,0,0.00147008,168.208722814734,0.00146900049024447,168.456003093969
33071,8994,81.73333,4163.715,2.72273,0.073629,-1.234523,0,0,0,0,0,0,0,0,0,0,0,0.00147258,168.447818576039,0.00147149681732345,168.695871464718
33072,8994,81.8,4170.305,2.72493,0.073757,-1.233526,0,0,0,0,0,0,0,0,0,0,0,0.00147514,168.714424509542,0.00147405304979465,168.963301905713
33073,8994,81.86667,4176.94,2.72709,0.073862,-1.230869,0,0,0,0,0,0,0,0,0,0,0,0.00147724,168.982850969147,0.00147614995436521,169.232479195913
33074,8994,81.93333,4182.82,2.72941,0.073972,-1.232201,0,0,0,0,0,0,0,0,0,0,0,0.00147944,169.220733046385,0.00147834670681814,169.471084967683
33075,8994,82,4189.41,2.73165,0.074116,-1.239104,0,0,0,0,0,0,0,0,0,0,0,0.00148232,169.487338979888,0.0014812224481903,169.738573452205
33076,8994,82.06667,4196.275,2.73377,0.074259,-1.244241,0,0,0,0,0,0,0,0,0,0,0,0.00148518,169.765070350677,0.00148407821095224,170.01720203786
33077,8994,82.13333,4202.02,2.73605,0.074374,-1.237088,0,0,0,0,0,0,0,0,0,0,0,0.00148748,169.997490849611,0.00148637479746682,170.2503587173
33078,8994,82.2,4207.98,2.73831,0.074474,-1.235209,0,0,0,0,0,0,0,0,0,0,0,0.00148948,170.238609417696,0.00148837182493143,170.492176421651
33079,8994,82.26667,4214.8,2.74045,0.074617,-1.2335,0,0,0,0,0,0,0,0,0,0,0,0.00149234,170.514520262384,0.00149122756727655,170.768985901552
33080,8994,82.33334,4220.79,2.74271,0.074756,-1.235597,0,0,0,0,0,0,0,0,0,0,0,0.00149512,170.756852514536,0.0014940034209007,171.012154499867
33081,8994,82.4,4226.675,2.74497,0.074876,-1.235582,0,0,0,0,0,0,0,0,0,0,0,0.00149752,170.994936872452,0.00149639983509828,171.251005210317
33082,8994,82.46667,4233.365,2.74713,0.075032,-1.219791,0,0,0,0,0,0,0,0,0,0,0,0.00150064,171.265588419514,0.00149951516496949,171.522596412119
33083,8994,82.53333,4239.445,2.74941,0.075129,-1.22314,0,0,0,0,0,0,0,0,0,0,0,0.00150258,171.511561723868,0.00150145225621389,171.769271566283
33084,8994,82.6,4245.66,2.75167,0.075247,-1.229476,0,0,0,0,0,0,0,0,0,0,0,0.00150494,171.762996606527,0.00150380871266902,172.02148961064
33085,8994,82.66666,4252.53,2.75379,0.075383,-1.234451,0,0,0,0,0,0,0,0,0,0,0,0.00150766,172.040930257994,0.00150652462169515,172.300309486907
33086,8994,82.73333,4258.515,2.75603,0.075505,-1.236628,0,0,0,0,0,0,0,0,0,0,0,0.0015101,172.283060229469,0.00150896094557483,172.543224878721
33087,8994,82.8,4264.38,2.75829,0.075603,-1.239288,0,0,0,0,0,0,0,0,0,0,0,0.00151206,172.520335464673,0.00151091798832674,172.781196563116
33088,8994,82.86667,4271.155,2.76045,0.075751,-1.242198,0,0,0,0,0,0,0,0,0,0,0,0.00151502,172.794425783259,0.00151387351501887,173.056212794209
33089,8994,82.93333,4277.4,2.76271,0.0759,-1.246664,0,0,0,0,0,0,0,0,0,0,0,0.001518,173.047074349986,0.00151684900266199,173.309759808849
33090,8994,83,4283.64,2.76501,0.076022,-1.253877,0,0,0,0,0,0,0,0,0,0,0,0.00152044,173.299520636034,0.00151928530138828,173.56301215919
33091,8994,83.06667,4290.765,2.76717,0.076168,-1.254956,0,0,0,0,0,0,0,0,0,0,0,0.00152336,173.587770602075,0.00152220086419327,173.8522072683
33092,8994,83.13333,4297.02,2.76939,0.076255,-1.244574,0,0,0,0,0,0,0,0,0,0,0,0.0015251,173.840823730157,0.0015239382160695,174.105948370428
33093,8994,83.2,4302.94,2.77169,0.076365,-1.239827,0,0,0,0,0,0,0,0,0,0,0,0.0015273,174.080324052819,0.00152613486354608,174.346196931745
33094,8994,83.26667,4309.685,2.77383,0.076504,-1.241668,0,0,0,0,0,0,0,0,0,0,0,0.00153008,174.353200687338,0.00152891062027451,174.619975032645
33095,8994,83.33334,4315.835,2.77601,0.076611,-1.247767,0,0,0,0,0,0,0,0,0,0,0,0.00153222,174.602005921184,0.00153104734862299,174.869534606696
33096,8994,83.4,4321.575,2.77831,0.076737,-1.243919,0,0,0,0,0,0,0,0,0,0,0,0.00153474,174.83422413944,0.00153356349017026,175.102549216595
33097,8994,83.46667,4328.22,2.78055,0.07688,-1.250642,0,0,0,0,0,0,0,0,0,0,0,0.0015376,175.1030551604,0.00153641910346273,175.372293618015
33098,8994,83.53333,4334.82,2.78273,0.076987,-1.247505,0,0,0,0,0,0,0,0,0,0,0,0.00153974,175.370065655259,0.00153855581576748,175.640089960151
33099,8994,83.6,4340.955,2.78499,0.077113,-1.248834,0,0,0,0,0,0,0,0,0,0,0,0.00154226,175.618264047071,0.00154107193842247,175.88911307098
33100,8994,83.66666,4347.27,2.78723,0.077254,-1.245139,0,0,0,0,0,0,0,0,0,0,0,0.00154508,175.873744543289,0.00154388759198273,176.145483548507
33101,8994,83.73333,4353.71,2.78943,0.077384,-1.250181,0,0,0,0,0,0,0,0,0,0,0,0.00154768,176.134282056454,0.00154648357760245,176.406881562107
33102,8994,83.8,4359.89,2.79163,0.077494,-1.24931,0,0,0,0,0,0,0,0,0,0,0,0.00154988,176.384300974367,0.00154868017555542,176.657675474762
33103,8994,83.86667,4365.925,2.79383,0.077614,-1.250515,0,0,0,0,0,0,0,0,0,0,0,0.00155228,176.628453752621,0.00155107645872859,176.902630568812
33104,8994,83.93333,4372.33,2.79605,0.077737,-1.251197,0,0,0,0,0,0,0,0,0,0,0,0.00155474,176.887575301041,0.00155353264302166,177.162589489865
33105,8994,84,4378.555,2.79827,0.077835,-1.245908,0,0,0,0,0,0,0,0,0,0,0,0.0015567,177.139414745056,0.00155548959854689,177.415167671989
33106,8994,84.06667,4384.935,2.80055,0.077947,-1.243902,0,0,0,0,0,0,0,0,0,0,0,0.00155894,177.397524890086,0.0015577261144576,177.674076987538
33107,8994,84.13333,4391.675,2.80277,0.078103,-1.236522,0,0,0,0,0,0,0,0,0,0,0,0.00156206,177.670199243927,0.00156084125328338,177.947730755358
33108,8994,84.2,4398.225,2.80497,0.078218,-1.240051,0,0,0,0,0,0,0,0,0,0,0,0.00156436,177.935186932007,0.00156313766351196,178.213541621036
33109,8994,84.26667,4404.305,2.80723,0.078329,-1.2387,0,0,0,0,0,0,0,0,0,0,0,0.00156658,178.181160236362,0.00156535419360065,178.460295278365
33110,8994,84.33334,4410.88,2.80945,0.078444,-1.239484,0,0,0,0,0,0,0,0,0,0,0,0.00156888,178.447159327831,0.0015676505934657,178.727121507157
33111,8994,84.4,4417.295,2.81163,0.078574,-1.241591,0,0,0,0,0,0,0,0,0,0,0,0.00157148,178.706685437607,0.00157024651739783,178.987519419638
33112,8994,84.46667,4423.29,2.81389,0.0787,-1.246107,0,0,0,0,0,0,0,0,0,0,0,0.001574,178.949219970437,0.0015727625603165,179.230886042671
33113,8994,84.53333,4429.865,2.81613,0.078835,-1.239995,0,0,0,0,0,0,0,0,0,0,0,0.0015767,179.215219061907,0.00157545831356165,179.497787697801
33114,8994,84.6,4436.37,2.81828,0.078963,-1.230577,0,0,0,0,0,0,0,0,0,0,0,0.00157926,179.478386223885,0.00157801428029724,179.761829260113
33115,8994,84.66666,4442.535,2.82059,0.079109,-1.233362,0,0,0,0,0,0,0,0,0,0,0,0.00158218,179.727798299765,0.00158092967187948,180.012160027679
33116,8994,84.73333,4449.07,2.82281,0.079268,-1.236416,0,0,0,0,0,0,0,0,0,0,0,0.00158536,179.992179145811,0.00158410464345474,180.277531546941
33117,8994,84.8,4455.75,2.82492,0.079416,-1.229887,0,0,0,0,0,0,0,0,0,0,0,0.00158832,180.262426131516,0.00158705995384999,180.54874054819
33118,8994,84.86667,4461.575,2.82723,0.079498,-1.234715,0,0,0,0,0,0,0,0,0,0,0,0.00158996,180.498083121297,0.00158869735179545,180.785067853537
33119,8994,84.93333,4468.075,2.82951,0.079621,-1.236197,0,0,0,0,0,0,0,0,0,0,0,0.00159242,180.761048002598,0.00159115344368652,181.048895510658
33120,8994,85,4475.13,2.83162,0.07978,-1.233912,0,0,0,0,0,0,0,0,0,0,0,0.0015956,181.046466039148,0.00159432838280181,181.33534378036
33121,8994,85.06667,4481.335,2.83386,0.07991,-1.236365,0,0,0,0,0,0,0,0,0,0,0,0.0015982,181.297496360451,0.00159692423748166,181.587246019134
33122,8994,85.13333,4487.475,2.83613,0.08,-1.238391,0,0,0,0,0,0,0,0,0,0,0,0.0016,181.545897032941,0.00159872136369707,181.836370468194
33123,8994,85.2,4494.34,2.8383,0.080125,-1.244123,0,0,0,0,0,0,0,0,0,0,0,0.0016025,181.82362840373,0.00160121736697174,182.115000768247
33124,8994,85.26667,4500.71,2.84054,0.080253,-1.24917,0,0,0,0,0,0,0,0,0,0,0,0.00160506,182.081333987405,0.00160377326786898,182.373585453334
33125,8994,85.33334,4507.035,2.84281,0.080361,-1.256645,0,0,0,0,0,0,0,0,0,0,0,0.00160722,182.337219044978,0.00160592980416974,182.630275070171
33126,8994,85.4,4513.84,2.845,0.080481,-1.248356,0,0,0,0,0,0,0,0,0,0,0,0.00160962,182.612523047632,0.00160832595016068,182.90645981698
33127,8994,85.46667,4520.275,2.84724,0.080586,-1.247567,0,0,0,0,0,0,0,0,0,0,0,0.00161172,182.872858280119,0.00161042257319297,183.167598123266
33128,8994,85.53333,4526.555,2.84951,0.080709,-1.243479,0,0,0,0,0,0,0,0,0,0,0,0.00161418,183.126922811591,0.00161287861172555,183.422522627855
33129,8994,85.6,4533.365,2.85168,0.080829,-1.242653,0,0,0,0,0,0,0,0,0,0,0,0.00161658,183.402429094923,0.00161527474106621,183.698913793749
33130,8994,85.66666,4539.585,2.85388,0.080967,-1.240878,0,0,0,0,0,0,0,0,0,0,0,0.00161934,183.65406625826,0.00161803028270993,183.951464633914
33131,8994,85.73333,4545.63,2.85614,0.081106,-1.241281,0,0,0,0,0,0,0,0,0,0,0,0.00162212,183.898623597869,0.0016208057843711,184.19692923318
33132,8994,85.8,4552.35,2.85832,0.081262,-1.245474,0,0,0,0,0,0,0,0,0,0,0,0.00162524,184.170488828998,0.00162392072670168,184.469810074263
33133,8994,85.86667,4558.645,2.86056,0.08139,-1.239928,0,0,0,0,0,0,0,0,0,0,0,0.0016278,184.425160202504,0.00162647656957212,184.725367478282
33134,8994,85.93333,4564.945,2.86286,0.081525,-1.229266,0,0,0,0,0,0,0,0,0,0,0,0.0016305,184.680033856688,0.00162917217802164,184.981154651891
33135,8994,86,4571.97,2.86504,0.081656,-1.233973,0,0,0,0,0,0,0,0,0,0,0,0.00163312,184.96423820917,0.00163178790964446,185.266307005874
33136,8994,86.06667,4578.44,2.86722,0.081766,-1.237105,0,0,0,0,0,0,0,0,0,0,0,0.00163532,185.225989406403,0.00163398432022653,185.528893171399
33137,8994,86.13333,4584.585,2.86952,0.081881,-1.234335,0,0,0,0,0,0,0,0,0,0,0,0.00163762,185.474592359571,0.00163628056249474,185.778329261511
33138,8994,86.2,4591.5,2.87168,0.082019,-1.24001,0,0,0,0,0,0,0,0,0,0,0,0.00164038,185.754346537139,0.00163903604625696,186.059054252112
33139,8994,86.26667,4597.985,2.87384,0.082157,-1.236244,0,0,0,0,0,0,0,0,0,0,0,0.00164314,186.016704576406,0.0016417915224265,186.322356064364
33140,8994,86.33334,4603.99,2.87616,0.082288,-1.236358,0,0,0,0,0,0,0,0,0,0,0,0.00164576,186.259643670592,0.00164440722104076,186.566182341759
33141,8994,86.4,4610.905,2.87838,0.082416,-1.231813,0,0,0,0,0,0,0,0,0,0,0,0.00164832,186.53939784816,0.00164696301155154,186.846874468421
33142,8994,86.46667,4617.925,2.88058,0.082559,-1.237848,0,0,0,0,0,0,0,0,0,0,0,0.00165118,186.823399919965,0.00164981830103788,187.131878981445
33143,8994,86.53333,4624.235,2.88282,0.082677,-1.237135,0,0,0,0,0,0,0,0,0,0,0,0.00165354,187.078678135504,0.00165217440790101,187.388020212948
33144,8994,86.6,4630.735,2.88506,0.082805,-1.229971,0,0,0,0,0,0,0,0,0,0,0,0.0016561,187.341643016805,0.00165473017856059,187.651899511805
33145,8994,86.66666,4637.42,2.88728,0.082936,-1.234091,0,0,0,0,0,0,0,0,0,0,0,0.00165872,187.612092283189,0.00165734584333171,187.923288212901
33146,8994,86.73333,4643.89,2.88948,0.083087,-1.239985,0,0,0,0,0,0,0,0,0,0,0,0.00166174,187.873843480422,0.00166036083774761,188.186040961087
33147,8994,86.8,4650.37,2.8917,0.083222,-1.237368,0,0,0,0,0,0,0,0,0,0,0,0.00166444,188.13599923901,0.00166305635486008,188.449140321584
33148,8994,86.86667,4656.8,2.89392,0.083325,-1.235077,0,0,0,0,0,0,0,0,0,0,0,0.0016665,188.39613219082,0.0016651129296963,188.710094345116
33149,8994,86.93333,4663.2,2.89612,0.083447,-1.227027,0,0,0,0,0,0,0,0,0,0,0,0.00166894,188.655051458562,0.0016675488672346,188.969905420143
33150,8994,87,4669.81,2.89838,0.08358,-1.231396,0,0,0,0,0,0,0,0,0,0,0,0.0016716,188.922466514777,0.00167020443172494,189.238269309803
33151,8994,87.06667,4676.485,2.90062,0.083714,-1.236434,0,0,0,0,0,0,0,0,0,0,0,0.00167428,189.192511219805,0.00167287995573373,189.50927245749
33152,8994,87.13333,4683.055,2.9028,0.08387,-1.232219,0,0,0,0,0,0,0,0,0,0,0,0.0016774,189.458308030596,0.00167599473586052,189.776105396487
33153,8994,87.2,4689.45,2.90506,0.084026,-1.230263,0,0,0,0,0,0,0,0,0,0,0,0.00168052,189.71702501766,0.0016791095062857,190.035848272543
33154,8994,87.26667,4696.25,2.9073,0.084154,-1.233489,0,0,0,0,0,0,0,0,0,0,0,0.00168308,189.992126739636,0.00168166520810637,190.311898688309
33155,8994,87.33334,4703.1,2.90946,0.084279,-1.239811,0,0,0,0,0,0,0,0,0,0,0,0.00168558,190.269251268391,0.00168416100436177,190.589965312944
33156,8994,87.4,4709.585,2.91172,0.084407,-1.241448,0,0,0,0,0,0,0,0,0,0,0,0.00168814,190.531609307658,0.00168671669327236,190.853253338595
33157,8994,87.46667,4716.305,2.91396,0.084533,-1.234646,0,0,0,0,0,0,0,0,0,0,0,0.00169066,190.803474538787,0.00168923244316449,191.126058341051
33158,8994,87.53333,4723.04,2.91612,0.084663,-1.244359,0,0,0,0,0,0,0,0,0,0,0,0.00169326,191.07594661195,0.00169182805149898,191.39948786931
33159,8994,87.6,4729.555,2.91842,0.084812,-1.242153,0,0,0,0,0,0,0,0,0,0,0,0.00169624,191.339518335285,0.00169480300968869,191.664076079866
33160,8994,87.66666,4736.15,2.92068,0.084932,-1.240335,0,0,0,0,0,0,0,0,0,0,0,0.00169864,191.606326549466,0.00169719894273617,191.931796719996
33161,8994,87.73333,4743.17,2.92278,0.08506,-1.249531,0,0,0,0,0,0,0,0,0,0,0,0.0017012,191.89032862127,0.0016997545983261,192.216772448321
33162,8994,87.8,4749.36,2.92506,0.08518,-1.245159,0,0,0,0,0,0,0,0,0,0,0,0.0017036,192.14075210054,0.00170215051950973,192.468083085818
33163,8994,87.86667,4755.73,2.92738,0.085303,-1.24404,0,0,0,0,0,0,0,0,0,0,0,0.00170606,192.398457684214,0.00170460633276576,192.726700996931
33164,8994,87.93333,4762.88,2.9295,0.085459,-1.241271,0,0,0,0,0,0,0,0,0,0,0,0.00170918,192.687719053645,0.00170772101407358,193.017057049297
33165,8994,88,4769.065,2.9317,0.085602,-1.245867,0,0,0,0,0,0,0,0,0,0,0,0.00171204,192.937940252236,0.00171057613008353,193.268257723465
33166,8994,88.06667,4774.93,2.934,0.085715,-1.243934,0,0,0,0,0,0,0,0,0,0,0,0.0017143,193.17521548744,0.00171283226494101,193.50637575935
33167,8994,88.13333,4781.735,2.93616,0.085835,-1.240241,0,0,0,0,0,0,0,0,0,0,0,0.0017167,193.450519490094,0.00171522815479204,193.782615996903
33168,8994,88.2,4788.42,2.93838,0.085961,-1.235592,0,0,0,0,0,0,0,0,0,0,0,0.00171922,193.720968756478,0.00171774383295758,194.054017720383
33169,8994,88.26667,4794.775,2.94068,0.086099,-1.232708,0,0,0,0,0,0,0,0,0,0,0,0.00172198,193.978067498119,0.00172049909225831,194.312093850789
33170,8994,88.33334,4801.91,2.94286,0.086242,-1.228477,0,0,0,0,0,0,0,0,0,0,0,0.00172484,194.266722025515,0.00172335417178586,194.601801038334
33171,8994,88.4,4808.655,2.94506,0.086381,-1.229467,0,0,0,0,0,0,0,0,0,0,0,0.00172762,194.539598660034,0.00172612938113621,194.875689161471
33172,8994,88.46667,4815.13,2.94736,0.086511,-1.240711,0,0,0,0,0,0,0,0,0,0,0,0.00173022,194.801552137945,0.00172872489370259,195.138601679485
33173,8994,88.53333,4822.255,2.94954,0.086657,-1.246807,0,0,0,0,0,0,0,0,0,0,0,0.00173314,195.089802103986,0.00173163984593812,195.427920043605
33174,8994,88.6,4828.945,2.9517,0.086805,-1.241352,0,0,0,0,0,0,0,0,0,0,0,0.0017361,195.360453651048,0.00173459472035386,195.699618934631
33175,8994,88.66666,4835.17,2.95402,0.086936,-1.228477,0,0,0,0,0,0,0,0,0,0,0,0.00173872,195.612293095062,0.00173721017623472,195.952408101313
33176,8994,88.73333,4841.985,2.95618,0.087015,-1.228828,0,0,0,0,0,0,0,0,0,0,0,0.0017403,195.888001659072,0.00173878743258148,196.228905548359
33177,8994,88.8,4848.655,2.95836,0.087159,-1.230081,0,0,0,0,0,0,0,0,0,0,0,0.00174318,196.157844083422,0.00174166242509207,196.499782514071
33178,8994,88.86667,4854.805,2.9607,0.087294,-1.231151,0,0,0,0,0,0,0,0,0,0,0,0.00174588,196.406649317268,0.00174435772306392,196.749551758178
33179,8994,88.93333,4861.965,2.9629,0.087425,-1.229076,0,0,0,0,0,0,0,0,0,0,0,0.0017485,196.696315248054,0.00174697315341002,197.040238755266
33180,8994,89,4868.785,2.96506,0.087553,-1.232669,0,0,0,0,0,0,0,0,0,0,0,0.00175106,196.972226092742,0.00174952868179754,197.317136278964
33181,8994,89.06667,4875.135,2.9674,0.087683,-1.231075,0,0,0,0,0,0,0,0,0,0,0,0.00175366,197.229122553705,0.00175212413363175,197.574995376763
33182,8994,89.13333,4882.11,2.96958,0.087804,-1.231143,0,0,0,0,0,0,0,0,0,0,0,0.00175608,197.511304099408,0.0017545398942858,197.858149750311
33183,8994,89.2,4888.895,2.97166,0.087926,-1.233371,0,0,0,0,0,0,0,0,0,0,0,0.00175852,197.78579897935,0.0017569756139956,198.133609262572
33184,8994,89.26667,4894.86,2.97398,0.088044,-1.233131,0,0,0,0,0,0,0,0,0,0,0,0.00176088,198.027119828113,0.00175933146839848,198.375821822876
33185,8994,89.33334,4901.505,2.97624,0.088177,-1.228647,0,0,0,0,0,0,0,0,0,0,0,0.00176354,198.295950849073,0.00176198678916572,198.645653690234
33186,8994,89.4,4908.705,2.97842,0.08828,-1.227414,0,0,0,0,0,0,0,0,0,0,0,0.0017656,198.587235025283,0.00176404316055437,198.937860647444
33187,8994,89.46667,4915.35,2.98068,0.08841,-1.233827,0,0,0,0,0,0,0,0,0,0,0,0.0017682,198.856066046244,0.00176663857471727,199.207683342227
33188,8994,89.53333,4922.045,2.98292,0.088551,-1.240579,0,0,0,0,0,0,0,0,0,0,0,0.00177102,199.126919873983,0.00176945359323232,199.479577631618
33189,8994,89.6,4928.965,2.98512,0.088702,-1.234708,0,0,0,0,0,0,0,0,0,0,0,0.00177404,199.406876332229,0.00177246824966321,199.760632107118
33190,8994,89.66666,4935.605,2.98732,0.088832,-1.232228,0,0,0,0,0,0,0,0,0,0,0,0.00177664,199.675505072512,0.00177506364195964,200.030256561844
33191,8994,89.73333,4942.13,2.98956,0.08895,-1.232044,0,0,0,0,0,0,0,0,0,0,0,0.001779,199.939481357202,0.00177741945375019,200.295173694536
33192,8994,89.8,4948.67,2.99176,0.089078,-1.224208,0,0,0,0,0,0,0,0,0,0,0,0.00178156,200.204064483926,0.00177997490433262,200.560740037048
33193,8994,89.86667,4955.22,2.99396,0.089201,-1.22611,0,0,0,0,0,0,0,0,0,0,0,0.00178402,200.469052172005,0.00178243052647417,200.826692970461
33194,8994,89.93333,4961.955,2.99624,0.089365,-1.231585,0,0,0,0,0,0,0,0,0,0,0,0.0017873,200.741524245168,0.0017857046799491,201.100309571452
33195,8994,90,4968.775,2.99848,0.089506,-1.235466,0,0,0,0,0,0,0,0,0,0,0,0.00179012,201.017435089856,0.0017885196447933,201.377280420759
33196,8994,90.06667,4975.59,3.00064,0.089611,-1.235752,0,0,0,0,0,0,0,0,0,0,0,0.00179222,201.293143653866,0.00179061589006178,201.653905251785
33197,8994,90.13333,4982.245,3.00292,0.089744,-1.233464,0,0,0,0,0,0,0,0,0,0,0,0.00179488,201.562379236182,0.00179327112776025,201.924159519425
33198,8994,90.2,4988.99,3.00514,0.089897,-1.241618,0,0,0,0,0,0,0,0,0,0,0,0.00179794,201.835255870701,0.00179632564060289,202.198143550641
33199,8994,90.26667,4995.8,3.0073,0.090025,-1.248686,0,0,0,0,0,0,0,0,0,0,0,0.0018005,202.110762154032,0.001798881042872,202.474662581291
33200,8994,90.33334,5002.455,3.00958,0.090143,-1.242966,0,0,0,0,0,0,0,0,0,0,0,0.00180286,202.379997736349,0.00180123679855398,202.744860539068
33201,8994,90.4,5009.055,3.01182,0.090304,-1.237895,0,0,0,0,0,0,0,0,0,0,0,0.00180608,202.647008231208,0.00180445099862635,203.013004939834
33202,8994,90.46667,5016.01,3.01396,0.09045,-1.238773,0,0,0,0,0,0,0,0,0,0,0,0.001809,202.928380654199,0.00180736573013258,203.295478094803
33203,8994,90.53333,5022.67,3.01624,0.090588,-1.245982,0,0,0,0,0,0,0,0,0,0,0,0.00181176,203.197818517193,0.00181012074251337,203.56596419687
33204,8994,90.6,5029.24,3.01852,0.090696,-1.248206,0,0,0,0,0,0,0,0,0,0,0,0.00181392,203.463615327985,0.0018122768338647,203.8326820491
33205,8994,90.66666,5036.365,3.02064,0.090844,-1.244647,0,0,0,0,0,0,0,0,0,0,0,0.00181688,203.751865294026,0.00181523147001822,204.122057983041
33206,8994,90.73333,5042.77,3.0229,0.091,-1.245913,0,0,0,0,0,0,0,0,0,0,0,0.00182,204.010986842446,0.00181834580678359,204.382286838499
33207,8994,90.8,5049.17,3.02522,0.091118,-1.247008,0,0,0,0,0,0,0,0,0,0,0,0.00182236,204.269906110188,0.00182070151661205,204.642159416287
33208,8994,90.86667,5056.435,3.02736,0.09129,-1.243372,0,0,0,0,0,0,0,0,0,0,0,0.0018258,204.563819935211,0.00182413525320179,204.937312557648
33209,8994,90.93333,5063.12,3.02953,0.091425,-1.247444,0,0,0,0,0,0,0,0,0,0,0,0.0018285,204.834269201594,0.00182683032889426,205.208808662829
33210,8994,91,5069.08,3.03184,0.091545,-1.251159,0,0,0,0,0,0,0,0,0,0,0,0.0018309,205.075387769679,0.00182922594563438,205.450860297147
33211,8994,91.06667,5075.985,3.03402,0.091673,-1.256017,0,0,0,0,0,0,0,0,0,0,0,0.00183346,205.354737385891,0.00183178126383147,205.731247082699
33212,8994,91.13333,5082.915,3.03621,0.091817,-1.258562,0,0,0,0,0,0,0,0,0,0,0,0.00183634,205.635098405493,0.0018346559889983,206.012714362099
33213,8994,91.2,5089.105,3.03852,0.091914,-1.25291,0,0,0,0,0,0,0,0,0,0,0,0.00183828,205.885521884763,0.00183659243115374,206.263997121933
33214,8994,91.26667,5095.82,3.0407,0.092042,-1.252302,0,0,0,0,0,0,0,0,0,0,0,0.00184084,206.157184835214,0.00183914773052721,206.536687227346
33215,8994,91.33334,5102.515,3.04291,0.092198,-1.247831,0,0,0,0,0,0,0,0,0,0,0,0.00184396,206.428038662953,0.0018422619928103,206.808683709126
33216,8994,91.4,5109.065,3.04522,0.092318,-1.250081,0,0,0,0,0,0,0,0,0,0,0,0.00184636,206.693026351033,0.0018446575725824,207.074656087167
33217,8994,91.46667,5116.01,3.04738,0.092462,-1.260928,0,0,0,0,0,0,0,0,0,0,0,0.00184924,206.973994212669,0.00184753226073367,207.356738801727
33218,8994,91.53333,5122.85,3.04953,0.092595,-1.259309,0,0,0,0,0,0,0,0,0,0,0,0.0018519,207.250714180068,0.00185018734730993,207.634521777658
33219,8994,91.6,5129.085,3.05184,0.09273,-1.252142,0,0,0,0,0,0,0,0,0,0,0,0.0018546,207.502958185439,0.00185288235279104,207.88779317169
33220,8994,91.66666,5135.9,3.05403,0.092884,-1.243486,0,0,0,0,0,0,0,0,0,0,0,0.00185768,207.778666749449,0.00185595664647173,208.164653023096
33221,8994,91.73333,5142.87,3.05623,0.093027,-1.257037,0,0,0,0,0,0,0,0,0,0,0,0.00186054,208.060646014474,0.00185881133928372,208.44775116881
33222,8994,91.8,5149.32,3.05856,0.093137,-1.266858,0,0,0,0,0,0,0,0,0,0,0,0.00186274,208.321588088995,0.00186100725128605,208.709637043992
33223,8994,91.86667,5156.315,3.06073,0.093278,-1.258062,0,0,0,0,0,0,0,0,0,0,0,0.00186556,208.60457875741,0.00186382200416443,208.993743115357
33224,8994,91.93333,5163.105,3.06293,0.093427,-1.252439,0,0,0,0,0,0,0,0,0,0,0,0.00186854,208.87927591803,0.00186679645072408,209.269575200254
33225,8994,92,5169.665,3.06522,0.093557,-1.252976,0,0,0,0,0,0,0,0,0,0,0,0.00187114,209.144668167466,0.00186939159821346,209.536007121861
33226,8994,92.06667,5176.55,3.06741,0.093703,-1.252693,0,0,0,0,0,0,0,0,0,0,0,0.00187406,209.423208660967,0.00187230614044171,209.81568031939
33227,8994,92.13333,5183.29,3.06953,0.093841,-1.253647,0,0,0,0,0,0,0,0,0,0,0,0.00187682,209.695883014807,0.0018750609739167,210.089444441967
33228,8994,92.2,5189.295,3.07183,0.093949,-1.250945,0,0,0,0,0,0,0,0,0,0,0,0.00187898,209.938822108994,0.00187721692525587,210.33329295696
33229,8994,92.26667,5195.965,3.07409,0.094067,-1.24687,0,0,0,0,0,0,0,0,0,0,0,0.00188134,210.208664533343,0.00187957249640509,210.604138502277
33230,8994,92.33334,5203.01,3.07627,0.094233,-1.251104,0,0,0,0,0,0,0,0,0,0,0,0.00188466,210.493678008538,0.00188288625659469,210.890387023733
33231,8994,92.4,5209.645,3.07853,0.094343,-1.251396,0,0,0,0,0,0,0,0,0,0,0,0.00188686,210.762104468142,0.00188508211573131,211.159783052579
33232,8994,92.46667,5216.36,3.08075,0.094489,-1.252786,0,0,0,0,0,0,0,0,0,0,0,0.00188978,211.033767418593,0.00188799661222931,211.432574811586
33233,8994,92.53333,5223.225,3.08295,0.094627,-1.253206,0,0,0,0,0,0,0,0,0,0,0,0.00189254,211.311498789382,0.00189075140248028,211.711414253301
33234,8994,92.6,5229.84,3.08519,0.094765,-1.245666,0,0,0,0,0,0,0,0,0,0,0,0.0018953,211.579116126275,0.00189350618514218,211.980122025069
33235,8994,92.66666,5236.52,3.08741,0.094888,-1.248942,0,0,0,0,0,0,0,0,0,0,0,0.00189776,211.849363111981,0.00189596152850997,212.25140235932
33236,8994,92.73333,5243.155,3.08959,0.095014,-1.255989,0,0,0,0,0,0,0,0,0,0,0,0.00190028,212.117789571585,0.00189847675205017,212.520872764752
33237,8994,92.8,5249.81,3.09185,0.095162,-1.24987,0,0,0,0,0,0,0,0,0,0,0,0.00190324,212.387025153902,0.00190143113352566,212.791248635655
33238,8994,92.86667,5256.865,3.09411,0.095339,-1.259001,0,0,0,0,0,0,0,0,0,0,0,0.00190678,212.672443190452,0.00190496440261274,213.077962751678
33239,8994,92.93333,5263.56,3.09631,0.095459,-1.259295,0,0,0,0,0,0,0,0,0,0,0,0.00190918,212.943297018191,0.00190735983218088,213.349844101992
33240,8994,93,5270.35,3.09851,0.095584,-1.254193,0,0,0,0,0,0,0,0,0,0,0,0.00191168,213.217994178811,0.00190985506521297,213.625598753923
33241,8994,93.06667,5277,3.10077,0.095722,-1.260479,0,0,0,0,0,0,0,0,0,0,0,0.00191444,213.487027480449,0.00191260979524901,213.895735585339
33242,8994,93.13333,5283.71,3.10297,0.095861,-1.261926,0,0,0,0,0,0,0,0,0,0,0,0.00191722,213.758488150223,0.0019153844794258,214.168310198874
33243,8994,93.2,5290.59,3.10517,0.096009,-1.259063,0,0,0,0,0,0,0,0,0,0,0,0.00192018,214.036826363045,0.0019183388109499,214.447815596291
33244,8994,93.26667,5297.405,3.10741,0.096117,-1.258256,0,0,0,0,0,0,0,0,0,0,0,0.00192234,214.312534927055,0.00192049466898607,214.724516485447
33245,8994,93.33334,5303.955,3.10963,0.096239,-1.260396,0,0,0,0,0,0,0,0,0,0,0,0.00192478,214.577522615135,0.00192292998451059,214.990537139114
33246,8994,93.4,5310.8,3.11183,0.096396,-1.258377,0,0,0,0,0,0,0,0,0,0,0,0.00192792,214.854444863212,0.00192606394740119,215.268667044553
33247,8994,93.46667,5317.625,3.11407,0.096526,-1.255953,0,0,0,0,0,0,0,0,0,0,0,0.00193052,215.130557988578,0.00192865894108743,215.545871833386
33248,8994,93.53333,5324.26,3.11637,0.096641,-1.255297,0,0,0,0,0,0,0,0,0,0,0,0.00193282,215.398984448182,0.001930954506812,215.815311913303
33249,8994,93.6,5331.455,3.11851,0.096777,-1.258049,0,0,0,0,0,0,0,0,0,0,0,0.00193554,215.690066343714,0.00193366925599854,216.107543094725
33250,8994,93.66666,5338.31,3.12073,0.096925,-1.261873,0,0,0,0,0,0,0,0,0,0,0,0.0019385,215.967393153147,0.00193662353350393,216.386045944775
33251,8994,93.73333,5344.67,3.12307,0.097028,-1.255873,0,0,0,0,0,0,0,0,0,0,0,0.00194056,216.224694175466,0.0019386795458063,216.644291167995
33252,8994,93.8,5351.92,3.12523,0.097179,-1.267401,0,0,0,0,0,0,0,0,0,0,0,0.00194358,216.518001158455,0.00194169369212324,216.938821215147
33253,8994,93.86667,5359.09,3.12737,0.09733,-1.264141,0,0,0,0,0,0,0,0,0,0,0,0.0019466,216.808071650597,0.00194470782935491,217.230110242872
33254,8994,93.93333,5365.285,3.12969,0.097448,-1.256591,0,0,0,0,0,0,0,0,0,0,0,0.00194896,217.058697410544,0.00194706324153028,217.48173612945
33255,8994,94,5372.005,3.13189,0.097583,-1.254234,0,0,0,0,0,0,0,0,0,0,0,0.00195166,217.330562641674,0.00194975798594332,217.754718007559
33256,8994,94.06667,5379.195,3.13403,0.097732,-1.249367,0,0,0,0,0,0,0,0,0,0,0,0.00195464,217.621442256528,0.00195273217690213,218.04681383242
33257,8994,94.13333,5385.53,3.13637,0.097872,-1.256586,0,0,0,0,0,0,0,0,0,0,0,0.00195744,217.877731875457,0.00195552671068236,218.304214462939
33258,8994,94.2,5392.44,3.13857,0.098021,-1.254521,0,0,0,0,0,0,0,0,0,0,0,0.00196042,218.157283772347,0.00195850088448417,218.5849636746
33259,8994,94.26667,5399.675,3.14075,0.098174,-1.255562,0,0,0,0,0,0,0,0,0,0,0,0.00196348,218.449983913302,0.00196155489267264,218.878906087716
33260,8994,94.33334,5406.195,3.14307,0.098279,-1.259397,0,0,0,0,0,0,0,0,0,0,0,0.00196558,218.713757917314,0.00196365077524856,219.143657305602
33261,8994,94.4,5413.12,3.14527,0.09842,-1.255529,0,0,0,0,0,0,0,0,0,0,0,0.0019684,218.993916656238,0.00196646523922602,219.424984281785
33262,8994,94.46667,5420.18,3.14737,0.098574,-1.253695,0,0,0,0,0,0,0,0,0,0,0,0.00197148,219.279536973466,0.0019695391837397,219.711842195019
33263,8994,94.53333,5426.39,3.14969,0.098681,-1.265939,0,0,0,0,0,0,0,0,0,0,0,0.00197362,219.530769575447,0.00197167497079305,219.964039892897
33264,8994,94.6,5432.895,3.15189,0.098837,-1.261684,0,0,0,0,0,0,0,0,0,0,0,0.00197674,219.793936737426,0.00197478882037953,220.228412203932
33265,8994,94.66666,5440.095,3.15405,0.09896,-1.256163,0,0,0,0,0,0,0,0,0,0,0,0.0019792,220.085220913636,0.0019772439641789,220.520813582868
33266,8994,94.73333,5446.735,3.15641,0.099101,-1.252422,0,0,0,0,0,0,0,0,0,0,0,0.00198202,220.353849653918,0.00198005838989914,220.790595391009
33267,8994,94.8,5453.78,3.15861,0.099252,-1.249247,0,0,0,0,0,0,0,0,0,0,0,0.00198504,220.638863129112,0.00198307241149696,221.076840097978
33268,8994,94.86667,5461.005,3.16077,0.099398,-1.257111,0,0,0,0,0,0,0,0,0,0,0,0.00198796,220.931158708712,0.00198598662241676,221.370361014978
33269,8994,94.93333,5467.475,3.16307,0.099554,-1.268488,0,0,0,0,0,0,0,0,0,0,0,0.00199108,221.192909905945,0.00198910042743953,221.633322685
33270,8994,95,5474.335,3.16529,0.099672,-1.273406,0,0,0,0,0,0,0,0,0,0,0,0.00199344,221.470438996056,0.00199145573505425,221.911927027968
33271,8994,95.06667,5481.55,3.16741,0.09981,-1.276192,0,0,0,0,0,0,0,0,0,0,0,0.0019962,221.762330014299,0.00199421024031217,222.205011977474
33272,8994,95.13333,5487.835,3.16967,0.099971,-1.26794,0,0,0,0,0,0,0,0,0,0,0,0.00199942,222.016596826449,0.00199742382019013,222.460501250476
33273,8994,95.2,5494.395,3.17195,0.100091,-1.258625,0,0,0,0,0,0,0,0,0,0,0,0.00200182,222.281989075885,0.00199981902828898,222.726957607257
33274,8994,95.26667,5501.805,3.17411,0.10024,-1.270359,0,0,0,0,0,0,0,0,0,0,0,0.0020048,222.581769040567,0.00200279307036063,223.02800097114
33275,8994,95.33334,5508.79,3.17635,0.100417,-1.271608,0,0,0,0,0,0,0,0,0,0,0,0.00200834,222.864355147626,0.0020063259813275,223.311942546644
33276,8994,95.4,5515.565,3.17861,0.100527,-1.26512,0,0,0,0,0,0,0,0,0,0,0,0.00201054,223.138445466213,0.0020085215694249,223.58707423636
33277,8994,95.46667,5522.545,3.18081,0.100647,-1.256403,0,0,0,0,0,0,0,0,0,0,0,0.00201294,223.420829292594,0.00201091675094251,223.87056201671
33278,8994,95.53333,5529.335,3.18303,0.100798,-1.261628,0,0,0,0,0,0,0,0,0,0,0,0.00201596,223.695526453214,0.00201393067953414,224.146487686723
33279,8994,95.6,5536.015,3.18525,0.100936,-1.264525,0,0,0,0,0,0,0,0,0,0,0,0.00201872,223.96577343892,0.00201668512288527,224.417897625077
33280,8994,95.66666,5542.72,3.18743,0.101069,-1.264858,0,0,0,0,0,0,0,0,0,0,0,0.00202138,224.237031828015,0.00201933976038483,224.690300079412
33281,8994,95.73333,5549.405,3.18967,0.10123,-1.262147,0,0,0,0,0,0,0,0,0,0,0,0.0020246,224.507481094399,0.00202255325950821,224.962018940623
33282,8994,95.8,5556.205,3.19193,0.101351,-1.267668,0,0,0,0,0,0,0,0,0,0,0,0.00202702,224.782582816375,0.00202496836695956,225.238221607395
33283,8994,95.86667,5563.12,3.19415,0.101512,-1.270689,0,0,0,0,0,0,0,0,0,0,0,0.00203024,225.062336993943,0.0020281818479955,225.519267553002
33284,8994,95.93333,5570.22,3.19635,0.101622,-1.275202,0,0,0,0,0,0,0,0,0,0,0,0.00203244,225.349575556594,0.002030377388107,225.807585047939
33285,8994,96,5577.155,3.19861,0.101735,-1.280177,0,0,0,0,0,0,0,0,0,0,0,0.0020347,225.630138856874,0.00203263280156588,226.089228500406
33286,8994,96.06667,5583.83,3.20083,0.101896,-1.270454,0,0,0,0,0,0,0,0,0,0,0,0.00203792,225.900183561902,0.00203584625797244,226.360550063987
33287,8994,96.13333,5590.845,3.20305,0.102034,-1.27194,0,0,0,0,0,0,0,0,0,0,0,0.00204068,226.183983353029,0.0020386006409591,226.645552484178
33288,8994,96.2,5597.75,3.20529,0.102172,-1.267696,0,0,0,0,0,0,0,0,0,0,0,0.00204344,226.463332969241,0.00204135501635937,226.926097202364
33289,8994,96.26667,5604.41,3.20749,0.102303,-1.264128,0,0,0,0,0,0,0,0,0,0,0,0.00204606,226.732770832235,0.00204396967004631,227.196679685324
33290,8994,96.33334,5611.25,3.20969,0.102446,-1.272877,0,0,0,0,0,0,0,0,0,0,0,0.00204892,227.009490799635,0.00204682382619009,227.474615085524
33291,8994,96.4,5618.16,3.21191,0.102615,-1.272123,0,0,0,0,0,0,0,0,0,0,0,0.0020523,227.289042696525,0.002050196909312,227.755507998851
33292,8994,96.46667,5624.83,3.21419,0.102748,-1.275282,0,0,0,0,0,0,0,0,0,0,0,0.00205496,227.558885120875,0.00205285145785152,228.026509527443
33293,8994,96.53333,5631.93,3.21637,0.102835,-1.267122,0,0,0,0,0,0,0,0,0,0,0,0.0020567,227.846123683526,0.00205458788804632,228.314734806106
33294,8994,96.6,5638.87,3.21855,0.102996,-1.266743,0,0,0,0,0,0,0,0,0,0,0,0.00205992,228.126889264484,0.00205780127390205,228.596812406218
33295,8994,96.66666,5645.225,3.22087,0.103145,-1.26706,0,0,0,0,0,0,0,0,0,0,0,0.0020629,228.383988006125,0.00206077514353755,228.855121334983
33296,8994,96.73333,5652.26,3.22305,0.103281,-1.264563,0,0,0,0,0,0,0,0,0,0,0,0.00206562,228.668596919963,0.00206348954031675,229.140939347133
33297,8994,96.8,5659.39,3.22523,0.103408,-1.264036,0,0,0,0,0,0,0,0,0,0,0,0.00206816,228.957049166682,0.00206602430124485,229.430568977487
33298,8994,96.86667,5665.76,3.22749,0.10357,-1.267156,0,0,0,0,0,0,0,0,0,0,0,0.0020714,229.214754750356,0.00206925760900896,229.689550193346
33299,8994,96.93333,5672.495,3.22973,0.103705,-1.276477,0,0,0,0,0,0,0,0,0,0,0,0.0020741,229.487226823519,0.00207195202415997,229.963206280674
33300,8994,97,5679.725,3.23191,0.103859,-1.265864,0,0,0,0,0,0,0,0,0,0,0,0.00207718,229.779724683797,0.00207502564443073,230.257018532315
33301,8994,97.06667,5686.35,3.23419,0.103987,-1.259969,0,0,0,0,0,0,0,0,0,0,0,0.00207974,230.047746582045,0.00207758033460959,230.526186082522
33302,8994,97.13333,5693.18,3.23639,0.104105,-1.254717,0,0,0,0,0,0,0,0,0,0,0,0.0020821,230.324061988089,0.00207993543383638,230.803619717554
33303,8994,97.2,5700.455,3.23863,0.104251,-1.257937,0,0,0,0,0,0,0,0,0,0,0,0.00208502,230.618380374468,0.00208284936249121,231.099224309916
33304,8994,97.26667,5707.34,3.24089,0.104409,-1.263625,0,0,0,0,0,0,0,0,0,0,0,0.00208818,230.896920867968,0.002086002782565,231.379075200186
33305,8994,97.33334,5714.25,3.24307,0.104573,-1.272915,0,0,0,0,0,0,0,0,0,0,0,0.00209146,231.176472764858,0.00208927594225026,231.659969110587
33306,8994,97.4,5721.39,3.24526,0.104711,-1.281648,0,0,0,0,0,0,0,0,0,0,0,0.00209422,231.465329572933,0.00209203017807545,231.950068895431
33307,8994,97.46667,5727.975,3.24753,0.10486,-1.278745,0,0,0,0,0,0,0,0,0,0,0,0.0020972,231.731733225758,0.00209500394592032,232.217721016679
33308,8994,97.53333,5734.76,3.24973,0.104977,-1.274704,0,0,0,0,0,0,0,0,0,0,0,0.00209954,232.006228105701,0.00209733904601632,232.493334461858
33309,8994,97.6,5741.855,3.25192,0.105108,-1.271271,0,0,0,0,0,0,0,0,0,0,0,0.00210216,232.293264387674,0.0020999535533287,232.781581996339
33310,8994,97.66666,5748.4,3.25423,0.105231,-1.277315,0,0,0,0,0,0,0,0,0,0,0,0.00210462,232.558049795076,0.00210240838985004,233.047496117836
33311,8994,97.73333,5755.395,3.25643,0.105356,-1.285066,0,0,0,0,0,0,0,0,0,0,0,0.00210712,232.841040463491,0.00210490313623859,233.331664476672
33312,8994,97.8,5762.61,3.2586,0.1055,-1.285363,0,0,0,0,0,0,0,0,0,0,0,0.00211,233.132931481734,0.00210777707636344,233.624841967161
33313,8994,97.86667,5769.14,3.26089,0.105617,-1.272487,0,0,0,0,0,0,0,0,0,0,0,0.00211234,233.397110047103,0.00211011214663313,233.890124098539
33314,8994,97.93333,5776.005,3.26311,0.105763,-1.27908,0,0,0,0,0,0,0,0,0,0,0,0.00211526,233.674841417891,0.00211302598735663,234.169124462949
33315,8994,98,5783.295,3.26524,0.105909,-1.281951,0,0,0,0,0,0,0,0,0,0,0,0.00211818,233.969766646304,0.00211593981958968,234.465356726619
33316,8994,98.06667,5789.87,3.26752,0.10604,-1.280368,0,0,0,0,0,0,0,0,0,0,0,0.0021208,234.235765737773,0.0021185542782705,234.73253294975
33317,8994,98.13333,5796.47,3.26978,0.106183,-1.280065,0,0,0,0,0,0,0,0,0,0,0,0.00212366,234.502776232632,0.00212140822154662,235.000780398407
33318,8994,98.2,5803.905,3.27196,0.10636,-1.27794,0,0,0,0,0,0,0,0,0,0,0,0.0021272,234.803567600705,0.00212494071348231,235.303041749705
33319,8994,98.26667,5810.89,3.27424,0.106516,-1.278446,0,0,0,0,0,0,0,0,0,0,0,0.00213032,235.086153707764,0.00212805408585965,235.58696244273
33320,8994,98.33334,5817.77,3.27646,0.106615,-1.27733,0,0,0,0,0,0,0,0,0,0,0,0.0021323,235.364491920586,0.00213002987484079,235.866359626709
33321,8994,98.4,5824.905,3.27866,0.106718,-1.274184,0,0,0,0,0,0,0,0,0,0,0,0.00213436,235.653146447983,0.00213208548953621,236.156115097636
33322,8994,98.46667,5831.885,3.28092,0.106861,-1.274335,0,0,0,0,0,0,0,0,0,0,0,0.00213722,235.935530274364,0.00213493939419534,236.439776408377
33323,8994,98.53333,5838.725,3.2831,0.107022,-1.279294,0,0,0,0,0,0,0,0,0,0,0,0.00214044,236.212250241764,0.00213815252186147,236.717848390671
33324,8994,98.6,5845.615,3.28528,0.107179,-1.289288,0,0,0,0,0,0,0,0,0,0,0,0.00214358,236.490993015942,0.00214128581032626,236.997930378751
33325,8994,98.66666,5852.26,3.28756,0.107319,-1.279801,0,0,0,0,0,0,0,0,0,0,0,0.00214638,236.759824036903,0.00214407981723717,237.268000588019
33326,8994,98.73333,5859.15,3.28978,0.107445,-1.288468,0,0,0,0,0,0,0,0,0,0,0,0.0021489,237.038566811081,0.00214659441678261,237.547938987301
33327,8994,98.8,5866.22,3.29198,0.10756,-1.288706,0,0,0,0,0,0,0,0,0,0,0,0.0021512,237.324591689665,0.00214888948227706,237.835124351308
33328,8994,98.86667,5873,3.29424,0.107719,-1.287043,0,0,0,0,0,0,0,0,0,0,0,0.00215438,237.598884288929,0.00215206265111092,238.110762573264
33329,8994,98.93333,5879.73,3.29644,0.107882,-1.28401,0,0,0,0,0,0,0,0,0,0,0,0.00215764,237.871154081414,0.00215531563763961,238.384394398306
33330,8994,99,5886.515,3.29866,0.108021,-1.281835,0,0,0,0,0,0,0,0,0,0,0,0.00216042,238.145648961356,0.00215808964846699,238.660143584286
33331,8994,99.06667,5893.465,3.3009,0.108156,-1.285081,0,0,0,0,0,0,0,0,0,0,0,0.00216312,238.42681910367,0.00216078382427857,238.94256492461
33332,8994,99.13333,5900.355,3.30312,0.1083,-1.277822,0,0,0,0,0,0,0,0,0,0,0,0.002166,238.705561877849,0.00216365760381017,239.222598124876
33333,8994,99.2,5907.135,3.30532,0.108451,-1.28215,0,0,0,0,0,0,0,0,0,0,0,0.00216902,238.979854477113,0.00216667107208762,239.498206561071
33334,8994,99.26667,5914.065,3.30756,0.108576,-1.280172,0,0,0,0,0,0,0,0,0,0,0,0.00217152,239.260215496715,0.00216916565816243,239.77977383987
33335,8994,99.33334,5920.95,3.30976,0.108699,-1.280228,0,0,0,0,0,0,0,0,0,0,0,0.00217398,239.538755990215,0.00217162032478545,240.059508454963
33336,8994,99.4,5927.675,3.31204,0.108858,-1.27993,0,0,0,0,0,0,0,0,0,0,0,0.00217716,239.810823502023,0.00217479342149144,240.332930034518
33337,8994,99.46667,5934.945,3.31426,0.109001,-1.281724,0,0,0,0,0,0,0,0,0,0,0,0.00218002,240.104939607723,0.00217764720426876,240.628373178167
33338,8994,99.53333,5942.165,3.3164,0.109124,-1.278901,0,0,0,0,0,0,0,0,0,0,0,0.00218248,240.397032906645,0.00218010185007275,240.921694623023
33339,8994,99.6,5948.555,3.3187,0.109247,-1.274095,0,0,0,0,0,0,0,0,0,0,0,0.00218494,240.655547613031,0.00218255648985125,241.181365545233
33340,8994,99.66666,5955.61,3.32096,0.109413,-1.273305,0,0,0,0,0,0,0,0,0,0,0,0.00218826,240.940965649581,0.00218586924617829,241.468207127073
33341,8994,99.73333,5963.2,3.3231,0.109584,-1.269775,0,0,0,0,0,0,0,0,0,0,0,0.00219168,241.248027718669,0.00218928177284713,241.776766196059
33342,8994,99.8,5969.71,3.32534,0.109725,-1.27237,0,0,0,0,0,0,0,0,0,0,0,0.0021945,241.511397161325,0.00219209560186703,242.041393922396
33343,8994,99.86667,5976.29,3.3276,0.109833,-1.270575,0,0,0,0,0,0,0,0,0,0,0,0.00219666,241.777598533473,0.00219425086980383,242.308701713067
33344,8994,99.93333,5983.695,3.32976,0.109984,-1.274553,0,0,0,0,0,0,0,0,0,0,0,0.00219968,242.077176217477,0.00219726424589077,242.609668540459
33345,8994,100,5990.37,3.33202,0.110137,-1.280223,0,0,0,0,0,0,0,0,0,0,0,0.00220274,242.347220922505,0.00220031752498236,242.88104883992
33346,8994,100.0667,5997.12,3.33428,0.110288,-1.2789,0,0,0,0,0,0,0,0,0,0,0,0.00220576,242.620299837702,0.00220333088278849,243.155461990272
33347,8994,100.1333,6004.7,3.33646,0.110432,-1.278406,0,0,0,0,0,0,0,0,0,0,0,0.00220864,242.926957345434,0.00220620454005222,243.463495540505
33348,8994,100.2,6011.51,3.33872,0.110539,-1.27777,0,0,0,0,0,0,0,0,0,0,0,0.00221078,243.202463628766,0.00220833982169889,243.740130771307
33349,8994,100.2667,6018.22,3.34098,0.110675,-1.284461,0,0,0,0,0,0,0,0,0,0,0,0.0022135,243.473924298539,0.00221105381795932,244.012853829974
33350,8994,100.3333,6025.565,3.34312,0.110839,-1.284563,0,0,0,0,0,0,0,0,0,0,0,0.00221678,243.771074614409,0.00221432656835884,244.311461457192
33351,8994,100.4,6032.13,3.34534,0.11099,-1.282321,0,0,0,0,0,0,0,0,0,0,0,0.0022198,244.036669144522,0.00221733988395107,244.578381742689
33352,8994,100.4667,6038.5,3.34762,0.1111,-1.2856,0,0,0,0,0,0,0,0,0,0,0,0.002222,244.294374728197,0.00221953500879825,244.837196828843
33353,8994,100.5333,6046.035,3.3498,0.111251,-1.285465,0,0,0,0,0,0,0,0,0,0,0,0.00222502,244.599211709827,0.00222254830869587,245.143449847866
33354,8994,100.6,6052.91,3.35204,0.111386,-1.278504,0,0,0,0,0,0,0,0,0,0,0,0.00222772,244.877347641972,0.00222524231085032,245.422865806861
33355,8994,100.6667,6059.38,3.3543,0.111517,-1.284013,0,0,0,0,0,0,0,0,0,0,0,0.00223034,245.139098839205,0.0022278564837805,245.68584237691
33356,8994,100.7333,6066.74,3.35648,0.111663,-1.281233,0,0,0,0,0,0,0,0,0,0,0,0.00223326,245.436855997109,0.00223076998143623,245.984980310133
33357,8994,100.8,6073.62,3.35874,0.111783,-1.290127,0,0,0,0,0,0,0,0,0,0,0,0.00223566,245.715194209931,0.00223316463068833,246.264529841019
33358,8994,100.8667,6080.39,3.36102,0.111934,-1.297143,0,0,0,0,0,0,0,0,0,0,0,0.00223868,245.98908224784,0.00223617788951616,246.539773086486
33359,8994,100.9333,6087.84,3.36316,0.112085,-1.292623,0,0,0,0,0,0,0,0,0,0,0,0.0022417,246.290480457946,0.00223919113926406,246.842589827988
33360,8994,101,6094.57,3.36532,0.112216,-1.284529,0,0,0,0,0,0,0,0,0,0,0,0.00224432,246.562750250431,0.00224180527572989,247.116115962073
33361,8994,101.0667,6100.76,3.3676,0.112369,-1.287563,0,0,0,0,0,0,0,0,0,0,0,0.00224738,246.8131737297,0.00224485841882852,247.367856720077
33362,8994,101.1333,6108.015,3.36984,0.11251,-1.29195,0,0,0,0,0,0,0,0,0,0,0,0.0022502,247.106682993367,0.00224767209146958,247.662722451439
33363,8994,101.2,6115.26,3.37206,0.112653,-1.298056,0,0,0,0,0,0,0,0,0,0,0,0.00225306,247.399787695678,0.00225052566627488,247.957194261344
33364,8994,101.2667,6122.16,3.37432,0.112799,-1.28712,0,0,0,0,0,0,0,0,0,0,0,0.00225598,247.678935031212,0.00225343909788507,248.237693755064
33365,8994,101.3333,6129.26,3.37652,0.112917,-1.280948,0,0,0,0,0,0,0,0,0,0,0,0.00225834,247.966173593864,0.00225579378298414,248.526165522338
33366,8994,101.4,6136.23,3.37874,0.113042,-1.280793,0,0,0,0,0,0,0,0,0,0,0,0.00226084,248.248152858889,0.00225828814674464,248.809402212799
33367,8994,101.4667,6143.04,3.38094,0.11318,-1.285448,0,0,0,0,0,0,0,0,0,0,0,0.0022636,248.523659142221,0.00226104191711034,249.086217297055
33368,8994,101.5333,6149.8,3.38314,0.113301,-1.285769,0,0,0,0,0,0,0,0,0,0,0,0.00226602,248.797142618774,0.00226345644865511,249.360921919891
33369,8994,101.6,6156.71,3.3854,0.113449,-1.28358,0,0,0,0,0,0,0,0,0,0,0,0.00226898,249.076694515664,0.00226640975203968,249.641844553986
33370,8994,101.6667,6163.67,3.38762,0.11358,-1.291303,0,0,0,0,0,0,0,0,0,0,0,0.0022716,249.358269219333,0.0022690238173534,249.924711463692
33371,8994,101.7333,6170.81,3.38984,0.113738,-1.286583,0,0,0,0,0,0,0,0,0,0,0,0.00227476,249.647126027408,0.00227217665039628,250.21501332381
33372,8994,101.8,6177.84,3.3921,0.113877,-1.283374,0,0,0,0,0,0,0,0,0,0,0,0.00227754,249.931532660568,0.00227495033706934,250.500761723464
33373,8994,101.8667,6184.85,3.3943,0.114002,-1.286445,0,0,0,0,0,0,0,0,0,0,0,0.00228004,250.215130171017,0.00227744465304716,250.785630676412
33374,8994,101.9333,6191.64,3.39652,0.114153,-1.286555,0,0,0,0,0,0,0,0,0,0,0,0.00228306,250.489827331637,0.00228045777845076,251.061710636825
33375,8994,102,6198.675,3.39876,0.114314,-1.284021,0,0,0,0,0,0,0,0,0,0,0,0.00228628,250.774436245476,0.00228367043858273,251.347776823575
33376,8994,102.0667,6205.505,3.40094,0.114424,-1.284737,0,0,0,0,0,0,0,0,0,0,0,0.00228848,251.050751651519,0.00228586541783105,251.625276275659
33377,8994,102.1333,6212.115,3.40318,0.114542,-1.284157,0,0,0,0,0,0,0,0,0,0,0,0.00229084,251.318166707734,0.00228822002657745,251.893896416755
33378,8994,102.2,6219.14,3.40544,0.114719,-1.280105,0,0,0,0,0,0,0,0,0,0,0,0.00229438,251.602371060216,0.00229175192930198,252.17964250833
33379,8994,102.2667,6226.155,3.4076,0.114859,-1.277399,0,0,0,0,0,0,0,0,0,0,0,0.00229718,251.886170851343,0.00229454551584195,252.464798725299
33380,8994,102.3333,6233.09,3.40988,0.115,-1.286137,0,0,0,0,0,0,0,0,0,0,0,0.0023,252.166734151623,0.00229735904868346,252.746717640172
33381,8994,102.4,6240.255,3.41212,0.115161,-1.290096,0,0,0,0,0,0,0,0,0,0,0,0.00230322,252.456602363087,0.00230057165451772,253.038065458782
33382,8994,102.4667,6247.515,3.41424,0.115325,-1.284755,0,0,0,0,0,0,0,0,0,0,0,0.0023065,252.750313907432,0.00230384411196151,253.33328250646
33383,8994,102.5333,6254.015,3.41652,0.115453,-1.293173,0,0,0,0,0,0,0,0,0,0,0,0.00230906,253.013278788733,0.00230639821764747,253.597501630253
33384,8994,102.6,6260.95,3.41882,0.115568,-1.287712,0,0,0,0,0,0,0,0,0,0,0,0.00231136,253.293842089013,0.00230869291641145,253.879295343864
33385,8994,102.6667,6268.52,3.42094,0.115727,-1.283509,0,0,0,0,0,0,0,0,0,0,0,0.00231454,253.600095035389,0.00231186557820336,254.187062599352
33386,8994,102.7333,6275.155,3.42314,0.115865,-1.288101,0,0,0,0,0,0,0,0,0,0,0,0.0023173,253.868521494993,0.00231461920103327,254.456811019854
33387,8994,102.8,6281.56,3.42542,0.11598,-1.285661,0,0,0,0,0,0,0,0,0,0,0,0.0023196,254.127643043413,0.00231691388093267,254.717117524217
33388,8994,102.8667,6289.035,3.42762,0.116131,-1.284093,0,0,0,0,0,0,0,0,0,0,0,0.00232262,254.430052656909,0.00231992688741306,255.020996985811
33389,8994,102.9333,6295.905,3.42982,0.116242,-1.282201,0,0,0,0,0,0,0,0,0,0,0,0.00232484,254.707986308376,0.0023221417406921,255.300141623265
33390,8994,103,6302.59,3.43212,0.116393,-1.280871,0,0,0,0,0,0,0,0,0,0,0,0.00232786,254.978435574759,0.0023251547314212,255.571989675797
33391,8994,103.0667,6309.925,3.43432,0.116561,-1.285914,0,0,0,0,0,0,0,0,0,0,0,0.00233122,255.275181329273,0.00232850692235833,255.870283937492
33392,8994,103.1333,6316.99,3.43652,0.116725,-1.280868,0,0,0,0,0,0,0,0,0,0,0,0.0023345,255.561003927179,0.00233177928838635,256.157611090847
33393,8994,103.2,6323.85,3.43882,0.116851,-1.278573,0,0,0,0,0,0,0,0,0,0,0,0.00233702,255.83853301729,0.00233429341598767,256.436432785722
33394,8994,103.2667,6331.255,3.44098,0.116981,-1.275686,0,0,0,0,0,0,0,0,0,0,0,0.00233962,256.138110701295,0.00233688735053882,256.737376547854
33395,8994,103.3333,6338.125,3.44318,0.117122,-1.284384,0,0,0,0,0,0,0,0,0,0,0,0.00234244,256.416044352762,0.00233970076425287,257.016683551695
33396,8994,103.4,6344.65,3.44546,0.117278,-1.287633,0,0,0,0,0,0,0,0,0,0,0,0.00234556,256.680020637452,0.00234281346807503,257.282079026658
33397,8994,103.4667,6351.83,3.44764,0.117414,-1.283573,0,0,0,0,0,0,0,0,0,0,0,0.00234828,256.97049569095,0.00234552709939953,257.573934366571
33398,8994,103.5333,6358.685,3.44986,0.117575,-1.282049,0,0,0,0,0,0,0,0,0,0,0,0.0023515,257.247822500383,0.0023487395504928,257.852740754993
33399,8994,103.6,6365.54,3.45216,0.117721,-1.288009,0,0,0,0,0,0,0,0,0,0,0,0.00235442,257.525149309816,0.00235165269597802,258.131471671854
33400,8994,103.6667,6373.065,3.45432,0.11789,-1.284271,0,0,0,0,0,0,0,0,0,0,0,0.0023578,257.829581730091,0.00235502475104524,258.437492317894
33401,8994,103.7333,6379.73,3.45654,0.118002,-1.28935,0,0,0,0,0,0,0,0,0,0,0,0.00236004,258.099221873763,0.00235725947949953,258.708346361354
33402,8994,103.8,6386.475,3.45884,0.118125,-1.288933,0,0,0,0,0,0,0,0,0,0,0,0.0023625,258.372098508282,0.00235971368445913,258.982502591008
33403,8994,103.8667,6393.875,3.46098,0.118276,-1.292181,0,0,0,0,0,0,0,0,0,0,0,0.00236552,258.671473911609,0.00236272656198639,259.283366456576
33404,8994,103.9333,6400.92,3.46315,0.118443,-1.300456,0,0,0,0,0,0,0,0,0,0,0,0.00236886,258.956487386803,0.0023660586742437,259.569919051514
33405,8994,104,6407.3,3.46545,0.118566,-1.307874,0,0,0,0,0,0,0,0,0,0,0,0.00237132,259.214597531833,0.00236851285760818,259.829278291252
33406,8994,104.0667,6414.525,3.46768,0.118683,-1.303928,0,0,0,0,0,0,0,0,0,0,0,0.00237366,259.506893111433,0.00237084731912158,260.122874243335
33407,8994,104.1333,6421.8,3.4699,0.118814,-1.304424,0,0,0,0,0,0,0,0,0,0,0,0.00237628,259.801211497811,0.00237346111144329,260.418571920669
33408,8994,104.2,6428.61,3.47212,0.118937,-1.306289,0,0,0,0,0,0,0,0,0,0,0,0.00237874,260.076717781143,0.00237591527664092,260.695372672798
33409,8994,104.2667,6435.58,3.47435,0.119103,-1.3132,0,0,0,0,0,0,0,0,0,0,0,0.00238206,260.358697046168,0.00237922739248041,260.978887084054
33410,8994,104.3333,6442.58,3.4766,0.119246,-1.310762,0,0,0,0,0,0,0,0,0,0,0,0.00238492,260.641889995261,0.00238208059190804,261.263500051549
33411,8994,104.4,6449.655,3.47881,0.119369,-1.310976,0,0,0,0,0,0,0,0,0,0,0,0.00238738,260.928117154523,0.00238453473595238,261.551051722855
33412,8994,104.4667,6456.81,3.48101,0.11952,-1.308113,0,0,0,0,0,0,0,0,0,0,0,0.0023904,261.217580804632,0.00238754753869789,261.841995309787
33413,8994,104.5333,6463.65,3.48325,0.119689,-1.309526,0,0,0,0,0,0,0,0,0,0,0,0.00239378,261.494300772031,0.00239091947272832,262.120260599333
33414,8994,104.6,6470.595,3.48545,0.119815,-1.310829,0,0,0,0,0,0,0,0,0,0,0,0.0023963,261.775268633667,0.00239343345164826,262.402560709893
33415,8994,104.6667,6477.885,3.48771,0.119935,-1.309841,0,0,0,0,0,0,0,0,0,0,0,0.0023987,262.070193862079,0.00239582771141055,262.698821636096
33416,8994,104.7333,6484.925,3.48997,0.120109,-1.304997,0,0,0,0,0,0,0,0,0,0,0,0.00240218,262.355005056595,0.00239929937788343,262.985229002642
33417,8994,104.8,6492.115,3.49213,0.12027,-1.304985,0,0,0,0,0,0,0,0,0,0,0,0.0024054,262.645884671449,0.00240251165624081,263.277653082438
33418,8994,104.8667,6499.11,3.49437,0.120398,-1.298692,0,0,0,0,0,0,0,0,0,0,0,0.00240796,262.928875339864,0.00240506550993219,263.561997554528
33419,8994,104.9333,6506.065,3.49663,0.120547,-1.306411,0,0,0,0,0,0,0,0,0,0,0,0.00241094,263.210247762856,0.00240803834702995,263.844831877597
33420,8994,105,6513.095,3.49877,0.120703,-1.30853,0,0,0,0,0,0,0,0,0,0,0,0.00241406,263.494654396016,0.00241115083814505,264.130746301407
33421,8994,105.0667,6520.095,3.50103,0.120838,-1.307109,0,0,0,0,0,0,0,0,0,0,0,0.00241676,263.777847345109,0.00241384433225247,264.415335095459
33422,8994,105.1333,6526.985,3.50327,0.120987,-1.306709,0,0,0,0,0,0,0,0,0,0,0,0.00241974,264.056590119288,0.00241681714325215,264.695538412663
33423,8994,105.2,6534.035,3.50543,0.121122,-1.307642,0,0,0,0,0,0,0,0,0,0,0,0.00242244,264.34180587516,0.00241951062209747,264.982158039384
33424,8994,105.2667,6540.695,3.50769,0.121235,-1.313132,0,0,0,0,0,0,0,0,0,0,0,0.0024247,264.611243738154,0.00242176515807175,265.252846620846
33425,8994,105.3333,6547.675,3.50999,0.121399,-1.312992,0,0,0,0,0,0,0,0,0,0,0,0.00242798,264.893627564535,0.00242503721893964,265.536783994389
33426,8994,105.4,6555.195,3.51209,0.121552,-1.318854,0,0,0,0,0,0,0,0,0,0,0,0.00243104,265.197857704132,0.00242808980265703,265.842564304125
33427,8994,105.4667,6562.155,3.51437,0.121665,-1.31775,0,0,0,0,0,0,0,0,0,0,0,0.0024333,265.479432407802,0.00243034431928935,266.125423510679
33428,8994,105.5333,6568.91,3.51671,0.121806,-1.314957,0,0,0,0,0,0,0,0,0,0,0,0.00243612,265.752713603676,0.00243315747008294,266.40011910434
33429,8994,105.6,6576.685,3.51881,0.121936,-1.315716,0,0,0,0,0,0,0,0,0,0,0,0.00243872,266.067260057847,0.00243575114819999,266.716123606295
33430,8994,105.6667,6583.64,3.52099,0.12208,-1.311685,0,0,0,0,0,0,0,0,0,0,0,0.0024416,266.348632480839,0.0024386241376461,266.998949301904
33431,8994,105.7333,6590.065,3.52333,0.122241,-1.309314,0,0,0,0,0,0,0,0,0,0,0,0.00244482,266.60856315197,0.00244183628968409,267.260373099336
33432,8994,105.8,6597.435,3.52547,0.122382,-1.318995,0,0,0,0,0,0,0,0,0,0,0,0.00244764,266.90672487123,0.00244464940814927,267.560016447293
33433,8994,105.8667,6604.625,3.52767,0.122538,-1.30995,0,0,0,0,0,0,0,0,0,0,0,0.00245076,267.197604486084,0.00244776178531525,267.852441687254
33434,8994,105.9333,6611.335,3.53001,0.122673,-1.300766,0,0,0,0,0,0,0,0,0,0,0,0.00245346,267.469065155857,0.00245045518081302,268.125289808454
33435,8994,106,6618.81,3.53217,0.122835,-1.304213,0,0,0,0,0,0,0,0,0,0,0,0.0024567,267.771474769353,0.0024536872458349,268.429308951418
33436,8994,106.0667,6626.215,3.53435,0.12295,-1.303282,0,0,0,0,0,0,0,0,0,0,0,0.002459,268.071052453357,0.00245598160664021,268.73023917134
33437,8994,106.1333,6632.88,3.53671,0.123085,-1.305057,0,0,0,0,0,0,0,0,0,0,0,0.0024617,268.340692597029,0.00245867497999909,269.001266879995
33438,8994,106.2,6640.205,3.53885,0.123224,-1.306149,0,0,0,0,0,0,0,0,0,0,0,0.00246448,268.637033790187,0.00246144814943317,269.299084387222
33439,8994,106.2667,6647.13,3.54097,0.123372,-1.301254,0,0,0,0,0,0,0,0,0,0,0,0.00246744,268.917192529111,0.00246440086814693,269.580729566645
33440,8994,106.3333,6653.29,3.54333,0.1235,-1.305281,0,0,0,0,0,0,0,0,0,0,0,0.00247,269.166402324313,0.00246695456378741,269.831243338054
33441,8994,106.4,6660.39,3.54549,0.123669,-1.302268,0,0,0,0,0,0,0,0,0,0,0,0.00247338,269.453640886964,0.00247032623007368,270.120102133261
33442,8994,106.4667,6667.815,3.54765,0.123841,-1.297247,0,0,0,0,0,0,0,0,0,0,0,0.00247682,269.754027693681,0.00247375773675147,270.422159864553
33443,8994,106.5333,6674.375,3.55003,0.123958,-1.30273,0,0,0,0,0,0,0,0,0,0,0,0.00247916,270.019419943116,0.00247609195258796,270.688841288262
33444,8994,106.6,6681.95,3.55223,0.124114,-1.300262,0,0,0,0,0,0,0,0,0,0,0,0.00248228,270.32587517017,0.00247920423189435,270.996899683588
33445,8994,106.6667,6689.33,3.55435,0.124258,-1.300336,0,0,0,0,0,0,0,0,0,0,0,0.00248516,270.624441450785,0.00248207709650311,271.296986487701
33446,8994,106.7333,6695.885,3.55669,0.124396,-1.296627,0,0,0,0,0,0,0,0,0,0,0,0.00248792,270.889631419543,0.00248483025067524,271.563583151344
33447,8994,106.8,6702.82,3.55887,0.124537,-1.288059,0,0,0,0,0,0,0,0,0,0,0,0.00249074,271.170194719823,0.00248764324819608,271.845609170619
33448,8994,106.8667,6710.055,3.56097,0.124685,-1.282018,0,0,0,0,0,0,0,0,0,0,0,0.0024937,271.462894860778,0.00249059588956421,272.139841881693
33449,8994,106.9333,6716.3,3.56333,0.124816,-1.28393,0,0,0,0,0,0,0,0,0,0,0,0.00249632,271.715543427505,0.00249320936890718,272.393832372874
33450,8994,107,6723.465,3.56559,0.124974,-1.284013,0,0,0,0,0,0,0,0,0,0,0,0.00249948,272.005411638969,0.00249636149521078,272.685283725252
33451,8994,107.0667,6731.2,3.56773,0.125159,-1.288617,0,0,0,0,0,0,0,0,0,0,0,0.00250318,272.318339847717,0.00250005226338157,273.000001669657
33452,8994,107.1333,6738.135,3.56995,0.125302,-1.292201,0,0,0,0,0,0,0,0,0,0,0,0.00250604,272.598903147997,0.00250290511809329,273.282046903242
33453,8994,107.2,6744.63,3.57223,0.125412,-1.298808,0,0,0,0,0,0,0,0,0,0,0,0.00250824,272.861665748619,0.00250509961617931,273.546068293117
33454,8994,107.2667,6751.905,3.57443,0.12556,-1.290752,0,0,0,0,0,0,0,0,0,0,0,0.0025112,273.155984134998,0.00250805220600557,273.841933442358
33455,8994,107.3333,6759.005,3.57665,0.125696,-1.28497,0,0,0,0,0,0,0,0,0,0,0,0.00251392,273.443222697649,0.00251076538897049,274.130637084053
33456,8994,107.4,6765.975,3.57887,0.125855,-1.279853,0,0,0,0,0,0,0,0,0,0,0,0.0025171,273.725201962675,0.00251393740972056,274.414195668535
33457,8994,107.4667,6772.8,3.58107,0.126011,-1.280237,0,0,0,0,0,0,0,0,0,0,0,0.00252022,274.00131508804,0.00251704957124396,274.691858682351
33458,8994,107.5333,6779.62,3.58327,0.126159,-1.28132,0,0,0,0,0,0,0,0,0,0,0,0.00252318,274.277225932728,0.00252000212578716,274.969276743657
33459,8994,107.6,6786.56,3.58555,0.126285,-1.285069,0,0,0,0,0,0,0,0,0,0,0,0.0025257,274.557991513686,0.00252251578021738,275.251442632852
33460,8994,107.6667,6793.875,3.58779,0.126443,-1.279418,0,0,0,0,0,0,0,0,0,0,0,0.00252886,274.853928145488,0.00252566781414497,275.548995250218
33461,8994,107.7333,6800.95,3.58997,0.126584,-1.274908,0,0,0,0,0,0,0,0,0,0,0,0.00253168,275.140155304749,0.00252848069679236,275.836722133131
33462,8994,107.8,6808.06,3.59223,0.126745,-1.281143,0,0,0,0,0,0,0,0,0,0,0,0.0025349,275.427798428757,0.00253169256021085,276.125980354994
33463,8994,107.8667,6814.95,3.59445,0.126907,-1.28591,0,0,0,0,0,0,0,0,0,0,0,0.00253814,275.706541202935,0.00253492436267933,276.406323003424
33464,8994,107.9333,6822.195,3.59663,0.127027,-1.290541,0,0,0,0,0,0,0,0,0,0,0,0.00254054,275.999645905246,0.00253731828369999,276.700834045654
33465,8994,108,6829.175,3.59889,0.127178,-1.285668,0,0,0,0,0,0,0,0,0,0,0,0.00254356,276.282029731628,0.00254033062617466,276.984769651172
33466,8994,108.0667,6836.25,3.60113,0.127339,-1.277762,0,0,0,0,0,0,0,0,0,0,0,0.00254678,276.568256890889,0.00254354245153331,277.272615396174
33467,8994,108.1333,6843.335,3.60327,0.127501,-1.282302,0,0,0,0,0,0,0,0,0,0,0,0.00255002,276.854888611507,0.00254677421570534,277.560874114564
33468,8994,108.2,6850.265,3.60557,0.127631,-1.280034,0,0,0,0,0,0,0,0,0,0,0,0.00255262,277.135249631109,0.00254936759915425,277.842670612022
33469,8994,108.2667,6857.17,3.60785,0.127733,-1.281905,0,0,0,0,0,0,0,0,0,0,0,0.00255466,277.414599247321,0.0025514024029978,278.123299227434
33470,8994,108.3333,6864.64,3.60995,0.127882,-1.284361,0,0,0,0,0,0,0,0,0,0,0,0.00255764,277.716806580139,0.00255437480509228,278.42710619332
33471,8994,108.4,6871.39,3.61221,0.128046,-1.292629,0,0,0,0,0,0,0,0,0,0,0,0.00256092,277.989885495336,0.00255764643208281,278.701795352898
33472,8994,108.4667,6878.015,3.61453,0.128186,-1.289567,0,0,0,0,0,0,0,0,0,0,0,0.00256372,278.257907393584,0.00256043927592304,278.971282755927
33473,8994,108.5333,6885.45,3.61665,0.128307,-1.274286,0,0,0,0,0,0,0,0,0,0,0,0.00256614,278.558698761656,0.00256285308467274,279.273519380897
33474,8994,108.6,6892.52,3.61883,0.12846,-1.274404,0,0,0,0,0,0,0,0,0,0,0,0.0025692,278.84472364024,0.00256590524772507,279.561131504217
33475,8994,108.6667,6898.895,3.62115,0.128609,-1.273036,0,0,0,0,0,0,0,0,0,0,0,0.00257218,279.102631504593,0.00256887760671164,279.820533711296
33476,8994,108.7333,6906.23,3.62333,0.128767,-1.276956,0,0,0,0,0,0,0,0,0,0,0,0.00257534,279.399377259106,0.0025720294945088,280.118925651337
33477,8994,108.8,6913.59,3.62551,0.128931,-1.275266,0,0,0,0,0,0,0,0,0,0,0,0.00257862,279.69713441701,0.00257530106374037,280.41836704176
33478,8994,108.8667,6920.27,3.62785,0.129059,-1.273595,0,0,0,0,0,0,0,0,0,0,0,0.00258118,279.967381402716,0.00257785447619158,280.690027608245
33479,8994,108.9333,6927.56,3.63001,0.12921,-1.279694,0,0,0,0,0,0,0,0,0,0,0,0.0025842,280.262306631128,0.00258086669656023,280.986560483924
33480,8994,109,6934.95,3.63221,0.129341,-1.276959,0,0,0,0,0,0,0,0,0,0,0,0.00258682,280.561277473099,0.00258347993999327,281.287038996892
33481,8994,109.0667,6941.765,3.63455,0.129466,-1.282225,0,0,0,0,0,0,0,0,0,0,0,0.00258932,280.836986037109,0.00258597348652022,281.564162861794
33482,8994,109.1333,6949.02,3.63669,0.129617,-1.285517,0,0,0,0,0,0,0,0,0,0,0,0.00259234,281.130495300776,0.00258898568243276,281.859281128964
33483,8994,109.2,6955.975,3.63883,0.129778,-1.281014,0,0,0,0,0,0,0,0,0,0,0,0.00259556,281.411867723767,0.00259219735152369,282.142289111156
33484,8994,109.2667,6962.385,3.64117,0.129891,-1.287102,0,0,0,0,0,0,0,0,0,0,0,0.00259782,281.671191552865,0.00259445149820358,282.402922607705
33485,8994,109.3333,6969.33,3.64333,0.130055,-1.287702,0,0,0,0,0,0,0,0,0,0,0,0.0026011,281.952159414501,0.00259772299408074,282.685545176354
33486,8994,109.4,6976.655,3.64551,0.130206,-1.291279,0,0,0,0,0,0,0,0,0,0,0,0.00260412,282.248500607659,0.00260073515460173,282.983509573061
33487,8994,109.4667,6983.235,3.64789,0.130324,-1.294749,0,0,0,0,0,0,0,0,0,0,0,0.00260648,282.514701979806,0.0026030890220709,283.251070900222
33488,8994,109.5333,6990.615,3.65005,0.130472,-1.293045,0,0,0,0,0,0,0,0,0,0,0,0.00260944,282.813268260421,0.00260604132258924,283.551252515151
33489,8994,109.6,6997.755,3.65221,0.130626,-1.292996,0,0,0,0,0,0,0,0,0,0,0,0.00261252,283.102125068496,0.00260911330171312,283.84173503228
33490,8994,109.6667,7004.625,3.65453,0.130797,-1.285988,0,0,0,0,0,0,0,0,0,0,0,0.00261594,283.380058719963,0.00261252438435863,284.121363950771
33491,8994,109.7333,7011.79,3.65671,0.130938,-1.290049,0,0,0,0,0,0,0,0,0,0,0,0.00261876,283.669926931427,0.00261533702269963,284.412790389278
33492,8994,109.8,7019.235,3.65882,0.131068,-1.298201,0,0,0,0,0,0,0,0,0,0,0,0.00262136,283.971122860855,0.00261793022834521,284.715513403478
33493,8994,109.8667,7025.615,3.66113,0.131207,-1.294554,0,0,0,0,0,0,0,0,0,0,0,0.00262414,284.229233005885,0.00262070295617328,284.975090305386
33494,8994,109.9333,7032.53,3.66341,0.131329,-1.298731,0,0,0,0,0,0,0,0,0,0,0,0.00262658,284.508987183454,0.00262313656706863,285.25627279901
33495,8994,110,7040.105,3.66555,0.131511,-1.290467,0,0,0,0,0,0,0,0,0,0,0,0.00263022,284.815442410508,0.00262676702477346,285.564569683445
33496,8994,110.0667,7047.205,3.66781,0.131667,-1.28469,0,0,0,0,0,0,0,0,0,0,0,0.00263334,285.102680973159,0.00262987883517322,285.853453267073
33497,8994,110.1333,7054.205,3.67007,0.131816,-1.282633,0,0,0,0,0,0,0,0,0,0,0,0.00263632,285.385873922252,0.00263285100401347,286.138242409391
33498,8994,110.2,7061.4,3.67227,0.131985,-1.281303,0,0,0,0,0,0,0,0,0,0,0,0.0026397,285.676955817784,0.00263622211099964,286.431057278056
33499,8994,110.2667,7068.345,3.67449,0.132146,-1.282411,0,0,0,0,0,0,0,0,0,0,0,0.00264292,285.95792367942,0.00263943362838663,286.71368759507
33500,8994,110.3333,7075.275,3.67671,0.132289,-1.28072,0,0,0,0,0,0,0,0,0,0,0,0.00264578,286.238284699022,0.00264228608549162,286.995608227912
33501,8994,110.4,7082.045,3.6789,0.132402,-1.282518,0,0,0,0,0,0,0,0,0,0,0,0.00264804,286.51217273693,0.00264454011926712,287.270868430824
33502,8994,110.4667,7088.965,3.68114,0.132555,-1.27947,0,0,0,0,0,0,0,0,0,0,0,0.0026511,286.792129195176,0.00264759203300808,287.552443808885
33503,8994,110.5333,7096.07,3.68341,0.132691,-1.277742,0,0,0,0,0,0,0,0,0,0,0,0.00265382,287.079570038505,0.00265030483740284,287.841427543065
33504,8994,110.6,7103.23,3.68562,0.132842,-1.276147,0,0,0,0,0,0,0,0,0,0,0,0.00265684,287.369235969292,0.00265331683954327,288.132730050184
33505,8994,110.6667,7110.34,3.68782,0.132975,-1.276825,0,0,0,0,0,0,0,0,0,0,0,0.0026595,287.656879093299,0.0026559697875565,288.421902563248
33506,8994,110.7333,7117.46,3.69008,0.133126,-1.286071,0,0,0,0,0,0,0,0,0,0,0,0.00266252,287.944926778662,0.00265898177263394,288.711585905109
33507,8994,110.8,7124.24,3.6923,0.133259,-1.282893,0,0,0,0,0,0,0,0,0,0,0,0.00266518,288.219219377926,0.00266163470561846,288.987375477028
33508,8994,110.8667,7131.49,3.69448,0.133408,-1.287678,0,0,0,0,0,0,0,0,0,0,0,0.00266816,288.512526360915,0.00266460678007676,289.282323943251
33509,8994,110.9333,7138.605,3.69672,0.133551,-1.28749,0,0,0,0,0,0,0,0,0,0,0,0.00267102,288.8003717656,0.00266745916537742,289.571763334594
33510,8994,111,7145.63,3.69896,0.133697,-1.284129,0,0,0,0,0,0,0,0,0,0,0,0.00267394,289.084576118083,0.00267037138253533,289.857570929548
33511,8994,111.0667,7152.685,3.70114,0.13384,-1.285165,0,0,0,0,0,0,0,0,0,0,0,0.0026768,289.369994154633,0.0026732237513932,290.144579754986
33512,8994,111.1333,7159.89,3.70338,0.134007,-1.288988,0,0,0,0,0,0,0,0,0,0,0,0.00268014,289.661480611521,0.00267655482920136,290.437813932167
33513,8994,111.2,7166.575,3.70568,0.13414,-1.278215,0,0,0,0,0,0,0,0,0,0,0,0.0026828,289.931929877904,0.0026792077155662,290.709759259381
33514,8994,111.2667,7174.02,3.70782,0.134273,-1.285038,0,0,0,0,0,0,0,0,0,0,0,0.00268546,290.233125807333,0.00268186059489304,291.012535257363
33515,8994,111.3333,7181.06,3.71004,0.134424,-1.29252,0,0,0,0,0,0,0,0,0,0,0,0.00268848,290.517937001849,0.00268487250198911,291.29898866512
33516,8994,111.4,7187.5,3.71237,0.13458,-1.294816,0,0,0,0,0,0,0,0,0,0,0,0.0026916,290.778474515014,0.00268798413158095,291.561133857019
33517,8994,111.4667,7195,3.71454,0.134731,-1.299378,0,0,0,0,0,0,0,0,0,0,0,0.00269462,291.081895531899,0.00269099602023358,291.866250629238
33518,8994,111.5333,7202.405,3.71668,0.134879,-1.28572,0,0,0,0,0,0,0,0,0,0,0,0.00269758,291.381473215904,0.00269394806123583,292.167498050422
33519,8994,111.6,7208.44,3.719,0.134995,-1.286516,0,0,0,0,0,0,0,0,0,0,0,0.0026999,291.625625994158,0.00269626181701069,292.412986021779
33520,8994,111.6667,7215.565,3.7212,0.135123,-1.283709,0,0,0,0,0,0,0,0,0,0,0,0.00270246,291.913875960199,0.00269881492061827,292.702761533426
33521,8994,111.7333,7223.1,3.72332,0.135279,-1.278948,0,0,0,0,0,0,0,0,0,0,0,0.00270558,292.218712941829,0.00270192650682685,293.009334047191
33522,8994,111.8,7229.67,3.72568,0.135427,-1.281893,0,0,0,0,0,0,0,0,0,0,0,0.00270854,292.484509752621,0.00270487851556208,293.276715746666
33523,8994,111.8667,7236.785,3.72788,0.135568,-1.287214,0,0,0,0,0,0,0,0,0,0,0,0.00271136,292.772355157306,0.00270769089415666,293.566166410185
33524,8994,111.9333,7244.55,3.73004,0.135744,-1.297714,0,0,0,0,0,0,0,0,0,0,0,0.00271488,293.086497050121,0.0027112013698151,293.882191719233
33525,8994,112,7251.36,3.7324,0.135878,-1.293618,0,0,0,0,0,0,0,0,0,0,0,0.00271756,293.362003333453,0.0027138741100645,294.159232179232
33526,8994,112.0667,7258.645,3.73458,0.136029,-1.290909,0,0,0,0,0,0,0,0,0,0,0,0.00272058,293.656726281188,0.00271688592074052,294.455642897574
33527,8994,112.1333,7266.255,3.73668,0.136198,-1.283029,0,0,0,0,0,0,0,0,0,0,0,0.00272396,293.964597472987,0.00272025674444816,294.76534527792
33528,8994,112.2,7272.98,3.739,0.136325,-1.281199,0,0,0,0,0,0,0,0,0,0,0,0.0027265,294.236664984794,0.00272278984117707,295.038901251875
33529,8994,112.2667,7279.845,3.7412,0.136461,-1.286649,0,0,0,0,0,0,0,0,0,0,0,0.00272922,294.514396355583,0.00272550244158283,295.318190936405
33530,8994,112.3333,7287.545,3.74336,0.13664,-1.284389,0,0,0,0,0,0,0,0,0,0,0,0.0027328,294.825908599585,0.00272907269119544,295.631608842606
33531,8994,112.4,7294.255,3.74574,0.136786,-1.287283,0,0,0,0,0,0,0,0,0,0,0,0.00273572,295.097369269359,0.00273198472892717,295.904673044416
33532,8994,112.4667,7301.365,3.7479,0.136891,-1.28738,0,0,0,0,0,0,0,0,0,0,0,0.00273782,295.385012393366,0.00273407899739595,296.193723387997
33533,8994,112.5333,7308.845,3.75004,0.13704,-1.281922,0,0,0,0,0,0,0,0,0,0,0,0.0027408,295.687624287539,0.00273705085655254,296.498044928187
33534,8994,112.6,7315.435,3.75238,0.137196,-1.281293,0,0,0,0,0,0,0,0,0,0,0,0.00274392,295.954230221043,0.00274016232378916,296.766304952431
33535,8994,112.6667,7322.31,3.75462,0.137354,-1.280909,0,0,0,0,0,0,0,0,0,0,0,0.00274708,296.232366153187,0.00274331367176341,297.0461401616
33536,8994,112.7333,7330.185,3.7567,0.137498,-1.277017,0,0,0,0,0,0,0,0,0,0,0,0.00274996,296.550958220917,0.00274618577772278,297.366461493986
33537,8994,112.8,7336.785,3.75896,0.137626,-1.275784,0,0,0,0,0,0,0,0,0,0,0,0.00275252,296.817968715776,0.00274873875387267,297.634966111025
33538,8994,112.8667,7343.275,3.76124,0.137772,-1.281618,0,0,0,0,0,0,0,0,0,0,0,0.00275544,297.080529035721,0.00275165073433673,297.899116608647
33539,8994,112.9333,7350.83,3.76342,0.137938,-1.283305,0,0,0,0,0,0,0,0,0,0,0,0.00275876,297.386175140063,0.00275496160593268,298.206592224592
33540,8994,113,7358.125,3.76566,0.138074,-1.283937,0,0,0,0,0,0,0,0,0,0,0,0.00276148,297.681302649153,0.00275767411907082,298.503343612793
33541,8994,113.0667,7364.9,3.76796,0.13823,-1.282082,0,0,0,0,0,0,0,0,0,0,0,0.0027646,297.95539296774,0.0027607855221396,298.779120447138
33542,8994,113.1333,7372.52,3.77014,0.138378,-1.27771,0,0,0,0,0,0,0,0,0,0,0,0.00276756,298.263668720895,0.00276373735712788,299.0891313199
33543,8994,113.2,7379.75,3.77232,0.138524,-1.275677,0,0,0,0,0,0,0,0,0,0,0,0.00277048,298.556166581172,0.00276664929391669,299.383310469562
33544,8994,113.2667,7386.375,3.77456,0.138667,-1.270474,0,0,0,0,0,0,0,0,0,0,0,0.00277334,298.824188479421,0.00276950138816827,299.652929554299
33545,8994,113.3333,7393.035,3.77674,0.138788,-1.273057,0,0,0,0,0,0,0,0,0,0,0,0.00277576,299.093626342415,0.00277191469233515,299.923838466671
33546,8994,113.4,7400.195,3.779,0.138928,-1.273379,0,0,0,0,0,0,0,0,0,0,0,0.00277856,299.383292273202,0.00277470693782275,300.21514671378
33547,8994,113.4667,7407.295,3.78126,0.139108,-1.277096,0,0,0,0,0,0,0,0,0,0,0,0.00278216,299.670530835853,0.00277829695627892,300.504262199923
33548,8994,113.5333,7414.635,3.78346,0.139259,-1.276891,0,0,0,0,0,0,0,0,0,0,0,0.00278518,299.967478871045,0.00278130857293207,300.802942293847
33549,8994,113.6,7421.775,3.78566,0.139397,-1.280299,0,0,0,0,0,0,0,0,0,0,0,0.00278794,300.256335679119,0.00278406090339797,301.093432327613
33550,8994,113.6667,7428.905,3.78794,0.139532,-1.282101,0,0,0,0,0,0,0,0,0,0,0,0.00279064,300.544787925838,0.00278675339326294,301.383500232816
33551,8994,113.7333,7435.69,3.79014,0.139673,-1.277226,0,0,0,0,0,0,0,0,0,0,0,0.00279346,300.81928280578,0.00278956554160412,301.659609439527
33552,8994,113.8,7443.03,3.79234,0.139845,-1.273926,0,0,0,0,0,0,0,0,0,0,0,0.0027969,301.116230840972,0.00279299595298702,301.958422827011
33553,8994,113.8667,7450.105,3.79458,0.139975,-1.265001,0,0,0,0,0,0,0,0,0,0,0,0.0027995,301.402458000234,0.00279558869796798,302.246234181405
33554,8994,113.9333,7456.945,3.7968,0.140103,-1.252977,0,0,0,0,0,0,0,0,0,0,0,0.00280206,301.679177967633,0.00279814154799666,302.524501125049
33555,8994,114,7464.205,3.799,0.140264,-1.253939,0,0,0,0,0,0,0,0,0,0,0,0.00280528,301.972889511978,0.00280135254541949,302.820008019468
33556,8994,114.0667,7471.435,3.80122,0.140395,-1.265343,0,0,0,0,0,0,0,0,0,0,0,0.0028079,302.265387372255,0.0028039652127336,303.114118353458
33557,8994,114.1333,7478.13,3.80352,0.140566,-1.287503,0,0,0,0,0,0,0,0,0,0,0,0.00281132,302.536241199995,0.0028073756307888,303.386767385605
33558,8994,114.2,7485.635,3.8057,0.14073,-1.292005,0,0,0,0,0,0,0,0,0,0,0,0.0028146,302.839864497558,0.00281064643016105,303.692237580173
33559,8994,114.2667,7493.04,3.80788,0.140853,-1.280614,0,0,0,0,0,0,0,0,0,0,0,0.00281706,303.139442181563,0.0028130995226695,303.993404178555
33560,8994,114.3333,7499.545,3.8102,0.140973,-1.282513,0,0,0,0,0,0,0,0,0,0,0,0.00281946,303.402609343541,0.00281549277785421,304.258040864481
33561,8994,114.4,7506.895,3.8124,0.141132,-1.296219,0,0,0,0,0,0,0,0,0,0,0,0.00282264,303.699961940089,0.00281866383215148,304.557197600659
33562,8994,114.4667,7514.53,3.81454,0.141291,-1.290222,0,0,0,0,0,0,0,0,0,0,0,0.00282582,304.008844535278,0.0028218348763932,304.867918808343
33563,8994,114.5333,7520.805,3.81682,0.141419,-1.282389,0,0,0,0,0,0,0,0,0,0,0,0.00282838,304.262706786072,0.00282438765942029,305.123277340692
33564,8994,114.6,7527.71,3.81906,0.141557,-1.290991,0,0,0,0,0,0,0,0,0,0,0,0.00283114,304.542056402284,0.00282713987132124,305.404257599847
33565,8994,114.6667,7535.355,3.8212,0.141708,-1.29141,0,0,0,0,0,0,0,0,0,0,0,0.00283416,304.851343558829,0.00283015134088185,305.71534104269
33566,8994,114.7333,7542.155,3.8235,0.141867,-1.284255,0,0,0,0,0,0,0,0,0,0,0,0.00283734,305.126445280805,0.00283332234869643,305.992192749058
33567,8994,114.8,7548.975,3.82572,0.142005,-1.282976,0,0,0,0,0,0,0,0,0,0,0,0.0028401,305.402356125493,0.00283607453600737,306.269729357125
33568,8994,114.8667,7556.815,3.82792,0.142161,-1.282032,0,0,0,0,0,0,0,0,0,0,0,0.00284322,305.719532228477,0.00283918569515079,306.588760116899
33569,8994,114.9333,7563.755,3.83022,0.14234,-1.279716,0,0,0,0,0,0,0,0,0,0,0,0.0028468,306.000297809435,0.00284275553890961,306.871419457239
33570,8994,115,7570.92,3.83242,0.142504,-1.292011,0,0,0,0,0,0,0,0,0,0,0,0.00285008,306.290166020899,0.00284602622256351,307.163117497272
33571,8994,115.0667,7578.41,3.83454,0.14264,-1.292903,0,0,0,0,0,0,0,0,0,0,0,0.0028528,306.593182476428,0.00284873848869949,307.467831507397
33572,8994,115.1333,7585.135,3.83682,0.142768,-1.289371,0,0,0,0,0,0,0,0,0,0,0,0.00285536,306.865249988236,0.0028512912030485,307.741460748442
33573,8994,115.2,7592.07,3.83906,0.142893,-1.292577,0,0,0,0,0,0,0,0,0,0,0,0.00285786,307.145813288515,0.00285378408186585,308.02359302248
33574,8994,115.2667,7600.035,3.84122,0.143062,-1.298755,0,0,0,0,0,0,0,0,0,0,0,0.00286124,307.468046408447,0.0028571544441465,308.347786281553
33575,8994,115.3333,7606.995,3.84354,0.143239,-1.297194,0,0,0,0,0,0,0,0,0,0,0,0.00286478,307.749621112117,0.00286068433802484,308.631256071687
33576,8994,115.4,7614.04,3.84574,0.143377,-1.285281,0,0,0,0,0,0,0,0,0,0,0,0.00286754,308.034634587311,0.00286343645003159,308.917936223376
33577,8994,115.4667,7621.775,3.84792,0.143538,-1.284152,0,0,0,0,0,0,0,0,0,0,0,0.00287076,308.347562796059,0.00286664723779984,309.232754645431
33578,8994,115.5333,7628.67,3.8502,0.143663,-1.290255,0,0,0,0,0,0,0,0,0,0,0,0.00287326,308.626507850915,0.00286914007833702,309.513272050863
33579,8994,115.6,7635.395,3.85244,0.143797,-1.296811,0,0,0,0,0,0,0,0,0,0,0,0.00287594,308.898575362722,0.00287181239649117,309.786949131551
33580,8994,115.6667,7642.905,3.85456,0.143955,-1.286008,0,0,0,0,0,0,0,0,0,0,0,0.0028791,309.202400940964,0.00287496332961798,310.092625573513
33581,8994,115.7333,7649.43,3.85678,0.144086,-1.287124,0,0,0,0,0,0,0,0,0,0,0,0.00288172,309.466377225654,0.00287757580461893,310.358172674232
33582,8994,115.8,7656.055,3.85906,0.144267,-1.282173,0,0,0,0,0,0,0,0,0,0,0,0.00288534,309.734399123902,0.00288118539625315,310.62808817507
33583,8994,115.8667,7663.645,3.86128,0.144406,-1.27957,0,0,0,0,0,0,0,0,0,0,0,0.00288812,310.04146119299,0.00288395739424337,310.936898137891
33584,8994,115.9333,7671.035,3.86352,0.144577,-1.291191,0,0,0,0,0,0,0,0,0,0,0,0.00289154,310.340432034961,0.00288736753950338,311.237793807807
33585,8994,116,7678.03,3.86576,0.144708,-1.291769,0,0,0,0,0,0,0,0,0,0,0,0.00289416,310.623422703376,0.00288997998209889,311.522416588427
33586,8994,116.0667,7685.49,3.86796,0.144833,-1.286417,0,0,0,0,0,0,0,0,0,0,0,0.00289666,310.925225474838,0.00289247276447178,311.825870138462
33587,8994,116.1333,7692.72,3.8702,0.144964,-1.281537,0,0,0,0,0,0,0,0,0,0,0,0.00289928,311.217723335115,0.00289508519373023,312.120030656026
33588,8994,116.2,7699.705,3.8724,0.145133,-1.278134,0,0,0,0,0,0,0,0,0,0,0,0.00290266,311.500309442174,0.00289845541681406,312.40448893038
33589,8994,116.2667,7706.75,3.87459,0.145299,-1.278338,0,0,0,0,0,0,0,0,0,0,0,0.00290598,311.785322917369,0.00290176580239504,312.69136483006
33590,8994,116.3333,7713.835,3.87684,0.145447,-1.278103,0,0,0,0,0,0,0,0,0,0,0,0.00290894,312.071954637986,0.00290471722126274,312.979753229711
33591,8994,116.4,7720.97,3.87908,0.145591,-1.284743,0,0,0,0,0,0,0,0,0,0,0,0.00291182,312.360609165383,0.00290758886369209,313.270147034363
33592,8994,116.4667,7728.2,3.8813,0.145742,-1.284856,0,0,0,0,0,0,0,0,0,0,0,0.00291484,312.65310702566,0.00291060009099333,313.564440808143
33593,8994,116.5333,7735.63,3.88356,0.145898,-1.276368,0,0,0,0,0,0,0,0,0,0,0,0.00291796,312.953696113055,0.00291371101828489,313.866882480165
33594,8994,116.6,7742.86,3.88576,0.146033,-1.274795,0,0,0,0,0,0,0,0,0,0,0,0.00292066,313.246193973332,0.00291640315909134,314.161079602222
33595,8994,116.6667,7749.92,3.88797,0.146197,-1.271043,0,0,0,0,0,0,0,0,0,0,0,0.00292394,313.53181429056,0.00291967360187644,314.448562503637
33596,8994,116.7333,7756.935,3.89022,0.146315,-1.269723,0,0,0,0,0,0,0,0,0,0,0,0.0029263,313.815614081687,0.00292202671872715,314.733932713174
33597,8994,116.8,7764,3.89239,0.146486,-1.27379,0,0,0,0,0,0,0,0,0,0,0,0.00292972,314.101436679592,0.00292543673416793,315.021665940661
33598,8994,116.8667,7770.685,3.89461,0.146645,-1.273005,0,0,0,0,0,0,0,0,0,0,0,0.0029329,314.371885945976,0.00292860743984666,315.293907250267
33599,8994,116.9333,7777.53,3.89689,0.146786,-1.275459,0,0,0,0,0,0,0,0,0,0,0,0.00293572,314.648808194053,0.00293141918930207,315.572528993245
33600,8994,117,7784.555,3.89905,0.146922,-1.272114,0,0,0,0,0,0,0,0,0,0,0,0.00293844,314.933012546536,0.0029341312238398,315.858424307923
33601,8994,117.0667,7791.45,3.90133,0.14708,-1.275406,0,0,0,0,0,0,0,0,0,0,0,0.0029416,315.211957601392,0.00293728196061057,316.139185095873
33602,8994,117.1333,7798.715,3.90358,0.147224,-1.278049,0,0,0,0,0,0,0,0,0,0,0,0.00294448,315.505871426415,0.00294015350952729,316.434872154713
33603,8994,117.2,7806.58,3.90569,0.147377,-1.281462,0,0,0,0,0,0,0,0,0,0,0,0.00294754,315.824058932789,0.0029432045212164,316.754962979456
33604,8994,117.2667,7813.145,3.90801,0.147505,-1.280243,0,0,0,0,0,0,0,0,0,0,0,0.0029501,316.089653462902,0.00294575699443232,317.022149549583
33605,8994,117.3333,7820.605,3.91028,0.147661,-1.283385,0,0,0,0,0,0,0,0,0,0,0,0.00295322,316.391456234364,0.0029488678123554,317.325829810745
33606,8994,117.4,7828.685,3.91239,0.147848,-1.293471,0,0,0,0,0,0,0,0,0,0,0,0.00295696,316.718341809889,0.00295259679288226,317.654865277887
33607,8994,117.4667,7835.41,3.91463,0.148002,-1.291316,0,0,0,0,0,0,0,0,0,0,0,0.00296004,316.990409321696,0.00295566770758128,317.928713612904
33608,8994,117.5333,7842.01,3.91693,0.148107,-1.28127,0,0,0,0,0,0,0,0,0,0,0,0.00296214,317.257419816555,0.00295776150765073,318.19718071009
33609,8994,117.6,7849.87,3.91907,0.148283,-1.284641,0,0,0,0,0,0,0,0,0,0,0,0.00296566,317.57540504225,0.00296127110555365,318.517225717968
33610,8994,117.6667,7856.655,3.92131,0.148416,-1.283883,0,0,0,0,0,0,0,0,0,0,0,0.00296832,317.849899922193,0.00296392323670686,318.79338013713
33611,8994,117.7333,7863.485,3.92361,0.148567,-1.279545,0,0,0,0,0,0,0,0,0,0,0,0.00297134,318.126215328236,0.00296693429437754,319.071476476889
33612,8994,117.8,7871.13,3.92579,0.148731,-1.28045,0,0,0,0,0,0,0,0,0,0,0,0.00297462,318.435502484781,0.0029702045719079,319.382727099182
33613,8994,117.8667,7878.35,3.92801,0.148885,-1.294023,0,0,0,0,0,0,0,0,0,0,0,0.0029777,318.727595783703,0.00297327543253527,319.676670945668
33614,8994,117.9333,7884.99,3.93029,0.149005,-1.300058,0,0,0,0,0,0,0,0,0,0,0,0.0029801,318.996224523985,0.00297566830440931,319.946865172689
33615,8994,118,7892.75,3.93243,0.149179,-1.286972,0,0,0,0,0,0,0,0,0,0,0,0.00298358,319.310164136122,0.00297913795845604,320.262851555636
33616,8994,118.0667,7899.465,3.93461,0.149333,-1.284277,0,0,0,0,0,0,0,0,0,0,0,0.00298666,319.581827086574,0.00298220879165039,320.53630934626
33617,8994,118.1333,7906,3.93693,0.149496,-1.280484,0,0,0,0,0,0,0,0,0,0,0,0.00298992,319.84620793262,0.00298545907884983,320.802522506641
33618,8994,118.2,7913.69,3.93911,0.149622,-1.281851,0,0,0,0,0,0,0,0,0,0,0,0.00299244,320.157315615266,0.00298797156355583,321.115367172806
33619,8994,118.2667,7921.015,3.94131,0.149747,-1.288261,0,0,0,0,0,0,0,0,0,0,0,0.00299494,320.453656808424,0.00299046410166932,321.413396283346
33620,8994,118.3333,7927.855,3.94363,0.149903,-1.293129,0,0,0,0,0,0,0,0,0,0,0,0.00299806,320.730376775823,0.00299357478052005,321.69194568922
33621,8994,118.4,7936.005,3.94581,0.15008,-1.290676,0,0,0,0,0,0,0,0,0,0,0,0.0030016,321.060094280838,0.00299710419288299,322.023788259832
33622,8994,118.4667,7943.19,3.94801,0.150221,-1.290519,0,0,0,0,0,0,0,0,0,0,0,0.00300442,321.350771615014,0.00299991574974957,322.31624430027
33623,8994,118.5333,7949.975,3.95029,0.150395,-1.291381,0,0,0,0,0,0,0,0,0,0,0,0.0030079,321.625266494957,0.00300338531966743,322.592683134047
33624,8994,118.6,7957.37,3.95245,0.150548,-1.294622,0,0,0,0,0,0,0,0,0,0,0,0.00301096,321.924439617605,0.00300643613844173,322.893741228316
33625,8994,118.6667,7964.665,3.95463,0.150697,-1.289047,0,0,0,0,0,0,0,0,0,0,0,0.00301394,322.219567126696,0.00300940718830267,323.190717568842
33626,8994,118.7333,7971.065,3.95693,0.15084,-1.290261,0,0,0,0,0,0,0,0,0,0,0,0.0030168,322.478486394438,0.00301225859027066,323.451339492193
33627,8994,118.8,7978.735,3.95919,0.151001,-1.295205,0,0,0,0,0,0,0,0,0,0,0,0.00302002,322.788784954372,0.00301546890023892,323.76361354071
33628,8994,118.8667,7986.305,3.96137,0.151145,-1.300104,0,0,0,0,0,0,0,0,0,0,0,0.0030229,323.095037900749,0.00301834022464711,324.071721890819
33629,8994,118.9333,7993.055,3.96359,0.151285,-1.297726,0,0,0,0,0,0,0,0,0,0,0,0.0030257,323.368116815945,0.00302113178213987,324.346531726995
33630,8994,119,8000,3.96585,0.151429,-1.285145,0,0,0,0,0,0,0,0,0,0,0,0.00302858,323.649084677581,0.00302400309028816,324.629281822454
33631,8994,119.0667,8007.535,3.96803,0.151569,-1.278292,0,0,0,0,0,0,0,0,0,0,0,0.00303138,323.953921659212,0.00302679463197255,324.935949098251
33632,8994,119.1333,8014.59,3.97025,0.151733,-1.273859,0,0,0,0,0,0,0,0,0,0,0,0.00303466,324.239339695762,0.00303006471374917,325.223295850363
33633,8994,119.2,8021.91,3.97247,0.151897,-1.280238,0,0,0,0,0,0,0,0,0,0,0,0.00303794,324.535478608242,0.0030333347848324,325.521397920125
33634,8994,119.2667,8029.15,3.97471,0.152058,-1.281182,0,0,0,0,0,0,0,0,0,0,0,0.00304116,324.828381029875,0.00303654502714036,325.816236109128
33635,8994,119.3333,8036.35,3.97687,0.152207,-1.28242,0,0,0,0,0,0,0,0,0,0,0,0.00304414,325.119665206085,0.00303951598754778,326.109374983725
33636,8994,119.4,8043.685,3.97917,0.15235,-1.284667,0,0,0,0,0,0,0,0,0,0,0,0.003047,325.416410960599,0.00304236730366489,326.407954764796
33637,8994,119.4667,8051.215,3.98143,0.15247,-1.297477,0,0,0,0,0,0,0,0,0,0,0,0.0030494,325.721045661551,0.00304476001021685,326.714299418192
33638,8994,119.5333,8058.68,3.98357,0.152634,-1.30762,0,0,0,0,0,0,0,0,0,0,0,0.00305268,326.023050713691,0.00304803003324562,327.018294760144
33639,8994,119.6,8065.725,3.98583,0.152798,-1.304381,0,0,0,0,0,0,0,0,0,0,0,0.00305596,326.308064188885,0.00305130004558159,327.305248580724
33640,8994,119.6667,8072.82,3.98809,0.152962,-1.298898,0,0,0,0,0,0,0,0,0,0,0,0.00305924,326.595100470859,0.00305457004722462,327.594233266023
33641,8994,119.7333,8080.215,3.99023,0.153108,-1.306112,0,0,0,0,0,0,0,0,0,0,0,0.00306216,326.894273593508,0.0030574811372514,327.895276162335
33642,8994,119.8,8087.085,3.99249,0.153246,-1.305705,0,0,0,0,0,0,0,0,0,0,0,0.00306492,327.172207244975,0.00306023270770513,328.174963886404
33643,8994,119.8667,8094.2,3.99477,0.153397,-1.304281,0,0,0,0,0,0,0,0,0,0,0,0.00306794,327.46005264966,0.00306324347539683,328.464680443586
33644,8994,119.9333,8101.57,3.99689,0.15355,-1.292535,0,0,0,0,0,0,0,0,0,0,0,0.003071,327.758214368919,0.00306629411156071,328.764759845246
33645,8994,120,8108.47,3.99917,0.153707,-1.284898,0,0,0,0,0,0,0,0,0,0,0,0.00307414,328.037361704453,0.00306942449324387,329.045794479563
33646,8994,120.0667,8115.57,4.00147,0.153822,-1.291319,0,0,0,0,0,0,0,0,0,0,0,0.00307644,328.324600267105,0.00307171744176224,329.33467120035
33647,8994,120.1333,8123.435,4.00357,0.154032,-1.293025,0,0,0,0,0,0,0,0,0,0,0,0.00308064,328.642787773478,0.0030759045515772,329.655217891205
33648,8994,120.2,8130.295,4.00581,0.154177,-1.294455,0,0,0,0,0,0,0,0,0,0,0,0.00308354,328.920316863589,0.00307879564097939,329.934555817451
33649,8994,120.2667,8137.12,4.00815,0.154293,-1.297706,0,0,0,0,0,0,0,0,0,0,0,0.00308586,329.196429988955,0.00308110850648328,330.212284084401
33650,8994,120.3333,8145.07,4.01027,0.154441,-1.297519,0,0,0,0,0,0,0,0,0,0,0,0.00308882,329.518056266853,0.00308405939608378,330.535878229411
33651,8994,120.4,8152.095,4.01243,0.154579,-1.300797,0,0,0,0,0,0,0,0,0,0,0,0.00309158,329.802260619336,0.00308681089340663,330.821870692221
33652,8994,120.4667,8158.61,4.01477,0.154733,-1.303637,0,0,0,0,0,0,0,0,0,0,0,0.00309466,330.06583234267,0.00308988139597367,331.087273871388
33653,8994,120.5333,8166.355,4.01693,0.154886,-1.301116,0,0,0,0,0,0,0,0,0,0,0,0.00309772,330.379165112773,0.00309293195087614,331.402587260127
33654,8994,120.6,8173.915,4.01911,0.155053,-1.304705,0,0,0,0,0,0,0,0,0,0,0,0.00310106,330.685013497794,0.00309626163089931,331.710487565751
33655,8994,120.6667,8180.63,4.02145,0.155178,-1.298518,0,0,0,0,0,0,0,0,0,0,0,0.00310356,330.956676448245,0.00309875389911062,331.983820351003
33656,8994,120.7333,8188.395,4.02365,0.155332,-1.296249,0,0,0,0,0,0,0,0,0,0,0,0.00310664,331.27081834106,0.0031018243650069,332.299957516151
33657,8994,120.8,8195.785,4.02583,0.155485,-1.292771,0,0,0,0,0,0,0,0,0,0,0,0.0031097,331.569789183031,0.00310487488347696,332.600871756454
33658,8994,120.8667,8202.91,4.02815,0.155623,-1.293443,0,0,0,0,0,0,0,0,0,0,0,0.00311246,331.858039149072,0.00310762632352695,332.890934021602
33659,8994,120.9333,8210.445,4.03031,0.155772,-1.306465,0,0,0,0,0,0,0,0,0,0,0,0.00311544,332.162876130703,0.00311059707276225,333.197709641515
33660,8994,121,8217.605,4.03245,0.155923,-1.303325,0,0,0,0,0,0,0,0,0,0,0,0.00311846,332.452542061489,0.0031136076888226,333.489282015806
33661,8994,121.0667,8223.925,4.03477,0.156059,-1.296859,0,0,0,0,0,0,0,0,0,0,0,0.00312118,332.708224838384,0.00311631922930428,333.746667095586
33662,8994,121.1333,8231.405,4.03695,0.156217,-1.292032,0,0,0,0,0,0,0,0,0,0,0,0.00312434,333.010836732558,0.00311946939210201,334.051275810195
33663,8994,121.2,8238.5,4.03915,0.156335,-1.292552,0,0,0,0,0,0,0,0,0,0,0,0.0031267,333.297873014531,0.0031218220388574,334.339995474086
33664,8994,121.2667,8245.59,4.04147,0.156483,-1.300941,0,0,0,0,0,0,0,0,0,0,0,0.00312966,333.584707015827,0.00312477280831938,334.628713729986
33665,8994,121.3333,8253.295,4.04367,0.156637,-1.306439,0,0,0,0,0,0,0,0,0,0,0,0.00313274,333.896421540507,0.00312784319432687,334.942432216124
33666,8994,121.4,8260.885,4.04583,0.156806,-1.307629,0,0,0,0,0,0,0,0,0,0,0,0.00313612,334.203483609595,0.00313121263305692,335.251585838613
33667,8994,121.4667,8267.74,4.04811,0.156942,-1.30613,0,0,0,0,0,0,0,0,0,0,0,0.00313884,334.480810419028,0.00313392412580278,335.530692166004
33668,8994,121.5333,8275.395,4.05031,0.157121,-1.299521,0,0,0,0,0,0,0,0,0,0,0,0.00314242,334.790502136929,0.00313749291754837,335.842554506654
33669,8994,121.6,8282.575,4.05245,0.157259,-1.304582,0,0,0,0,0,0,0,0,0,0,0,0.00314518,335.080977190427,0.00314024426785316,336.134867178267
33670,8994,121.6667,8289.43,4.05475,0.157405,-1.305702,0,0,0,0,0,0,0,0,0,0,0,0.0031481,335.35830399986,0.00314315510848562,336.414045476682
33671,8994,121.7333,8296.835,4.05701,0.157551,-1.298664,0,0,0,0,0,0,0,0,0,0,0,0.00315102,335.657881683865,0.0031460659406451,336.715546382208
33672,8994,121.8,8304.635,4.05921,0.157704,-1.293949,0,0,0,0,0,0,0,0,0,0,0,0.00315408,335.973439541425,0.00314911632415861,337.033126647614
33673,8994,121.8667,8311.66,4.06143,0.157878,-1.290487,0,0,0,0,0,0,0,0,0,0,0,0.00315756,336.257643893908,0.00315258537645394,337.319397579962
33674,8994,121.9333,8319.06,4.06367,0.158009,-1.290048,0,0,0,0,0,0,0,0,0,0,0,0.00316018,336.557019297235,0.00315519712627585,337.620600058477
33675,8994,122,8326.15,4.06591,0.158134,-1.297914,0,0,0,0,0,0,0,0,0,0,0,0.00316268,336.84385329853,0.00315768924760861,337.90918261648
33676,8994,122.0667,8333.455,4.06809,0.158329,-1.300646,0,0,0,0,0,0,0,0,0,0,0,0.00316658,337.139385368976,0.0031615769444865,338.206964203898
33677,8994,122.1333,8340.52,4.07031,0.158436,-1.30146,0,0,0,0,0,0,0,0,0,0,0,0.00316872,337.425207966882,0.00316371018712035,338.494413971871
33678,8994,122.2,8347.555,4.07255,0.158587,-1.309298,0,0,0,0,0,0,0,0,0,0,0,0.00317174,337.709816880721,0.00316672064328199,338.780944615314
33679,8994,122.2667,8354.585,4.07473,0.158741,-1.312634,0,0,0,0,0,0,0,0,0,0,0,0.00317482,337.994223513881,0.00316979090049611,339.067294334577
33680,8994,122.3333,8362.175,4.07701,0.158907,-1.314436,0,0,0,0,0,0,0,0,0,0,0,0.00317814,338.301285582969,0.00317310038797535,339.376454430732
33681,8994,122.4,8369.345,4.07925,0.159061,-1.313895,0,0,0,0,0,0,0,0,0,0,0,0.00318122,338.591356075111,0.00317617062560233,339.668489668884
33682,8994,122.4667,8376.875,4.08141,0.159227,-1.310082,0,0,0,0,0,0,0,0,0,0,0,0.00318454,338.895990776064,0.00317948009196784,339.97521861453
33683,8994,122.5333,8384.11,4.08367,0.159381,-1.310438,0,0,0,0,0,0,0,0,0,0,0,0.00318762,339.188690917019,0.0031825503100077,340.26989557196
33684,8994,122.6,8391.545,4.08593,0.159527,-1.306709,0,0,0,0,0,0,0,0,0,0,0,0.00319054,339.489482285092,0.00318546102749679,340.572637057901
33685,8994,122.6667,8398.9,4.08807,0.159693,-1.305489,0,0,0,0,0,0,0,0,0,0,0,0.00319386,339.787037162317,0.00318877046311644,340.872269388828
33686,8994,122.7333,8406.335,4.09033,0.159864,-1.300855,0,0,0,0,0,0,0,0,0,0,0,0.00319728,340.087828530389,0.00319217956907957,341.175184542793
33687,8994,122.8,8413.45,4.09259,0.160033,-1.308777,0,0,0,0,0,0,0,0,0,0,0,0.00320066,340.375673935074,0.0031955487910397,341.465100739611
33688,8994,122.8667,8421.085,4.09474,0.160184,-1.308451,0,0,0,0,0,0,0,0,0,0,0,0.00320368,340.684556530263,0.00319855915135407,341.776000830328
33689,8994,122.9333,8428.255,4.09699,0.160335,-1.307404,0,0,0,0,0,0,0,0,0,0,0,0.0032067,340.974627022406,0.00320156950260642,342.068030358879
33690,8994,123,8435.425,4.09933,0.160509,-1.296351,0,0,0,0,0,0,0,0,0,0,0,0.00321018,341.264697514548,0.00320503837294402,342.360218621215
33691,8994,123.0667,8443.095,4.10142,0.160648,-1.298054,0,0,0,0,0,0,0,0,0,0,0,0.00321296,341.574996074483,0.00320780947336104,342.67246287387
33692,8994,123.1333,8450.41,4.10368,0.160801,-1.30451,0,0,0,0,0,0,0,0,0,0,0,0.00321602,341.870932706285,0.0032108596685392,342.970396463287
33693,8994,123.2,8457.105,4.10603,0.160934,-1.310312,0,0,0,0,0,0,0,0,0,0,0,0.00321868,342.141786534024,0.0032135111378345,343.243031459506
33694,8994,123.2667,8465.09,4.1081,0.161129,-1.304225,0,0,0,0,0,0,0,0,0,0,0,0.00322258,342.464828776668,0.00321739861770028,343.568449084587
33695,8994,123.3333,8472.22,4.11028,0.161277,-1.300874,0,0,0,0,0,0,0,0,0,0,0,0.00322554,342.753281023387,0.00322034910515171,343.858845441459
33696,8994,123.4,8478.7,4.11263,0.161385,-1.300438,0,0,0,0,0,0,0,0,0,0,0,0.0032277,343.015436781976,0.00322250215806808,344.122587707277
33697,8994,123.4667,8486.375,4.1148,0.161533,-1.296212,0,0,0,0,0,0,0,0,0,0,0,0.00323066,343.325937622588,0.00322545263046164,344.435106996228
33698,8994,123.5333,8493.995,4.11696,0.161705,-1.291867,0,0,0,0,0,0,0,0,0,0,0,0.0032341,343.634213375744,0.00322888154690069,344.745560785222
33699,8994,123.6,8500.68,4.11933,0.161863,-1.292587,0,0,0,0,0,0,0,0,0,0,0,0.00323726,343.904662642128,0.00323203135512909,345.017971450312
33700,8994,123.6667,8508.44,4.12148,0.162032,-1.300824,0,0,0,0,0,0,0,0,0,0,0,0.00324064,344.218602254265,0.00323540044282262,345.334090825474
33701,8994,123.7333,8515.945,4.12364,0.162188,-1.302803,0,0,0,0,0,0,0,0,0,0,0,0.00324376,344.522225551828,0.00323851035984955,345.639772966184
33702,8994,123.8,8522.745,4.12601,0.162319,-1.300049,0,0,0,0,0,0,0,0,0,0,0,0.00324638,344.797327273804,0.00324112188526683,345.916670421119
33703,8994,123.8667,8530.555,4.12816,0.162493,-1.292783,0,0,0,0,0,0,0,0,0,0,0,0.00324986,345.11328969272,0.0032445906184053,346.234859568361
33704,8994,123.9333,8538.16,4.13028,0.162664,-1.29374,0,0,0,0,0,0,0,0,0,0,0,0.00325328,345.420958603842,0.00324799953407745,346.544709700049
33705,8994,124,8544.78,4.13264,0.162828,-1.31239,0,0,0,0,0,0,0,0,0,0,0,0.00325656,345.688778221413,0.00325126889257714,346.814534469017
33706,8994,124.0667,8552.335,4.13482,0.162969,-1.319463,0,0,0,0,0,0,0,0,0,0,0,0.00325938,345.994424325755,0.00325407973493702,347.122151632514
33707,8994,124.1333,8559.965,4.13694,0.163115,-1.30966,0,0,0,0,0,0,0,0,0,0,0,0.0032623,346.303104640266,0.00325699024423191,347.432849258534
33708,8994,124.2,8566.605,4.13936,0.16323,-1.307534,0,0,0,0,0,0,0,0,0,0,0,0.0032646,346.571733380549,0.00325928276271248,347.703151461343
33709,8994,124.2667,8574.24,4.14156,0.163417,-1.314753,0,0,0,0,0,0,0,0,0,0,0,0.00326834,346.880615975738,0.00326301058588983,348.014339768156
33710,8994,124.3333,8581.835,4.14366,0.163568,-1.3122,0,0,0,0,0,0,0,0,0,0,0,0.00327136,347.187880325504,0.00326602074312727,348.323656869685
33711,8994,124.4,8588.53,4.14602,0.163696,-1.303037,0,0,0,0,0,0,0,0,0,0,0,0.00327392,347.458734153243,0.00326857239249746,348.596286252162
33712,8994,124.4667,8595.86,4.1482,0.163862,-1.302385,0,0,0,0,0,0,0,0,0,0,0,0.00327724,347.755277627079,0.00327188155307728,348.89495513313
33713,8994,124.5333,8603.595,4.15028,0.164,-1.302666,0,0,0,0,0,0,0,0,0,0,0,0.00328,348.068205835827,0.00327463253365721,349.209869550968
33714,8994,124.6,8610.04,4.1526,0.164136,-1.303016,0,0,0,0,0,0,0,0,0,0,0,0.00328272,348.32894562967,0.00327734363754947,349.472412026068
33715,8994,124.6667,8617.29,4.15488,0.164287,-1.313656,0,0,0,0,0,0,0,0,0,0,0,0.00328574,348.622252612659,0.00328035375164232,349.767734692959
33716,8994,124.7333,8625.215,4.15704,0.164461,-1.316013,0,0,0,0,0,0,0,0,0,0,0,0.00328922,348.942867487168,0.00328382234869903,350.090617345764
33717,8994,124.8,8632.67,4.1593,0.164609,-1.318187,0,0,0,0,0,0,0,0,0,0,0,0.00329218,349.244467977952,0.00328677264017487,350.394243630539
33718,8994,124.8667,8639.915,4.16156,0.164778,-1.316672,0,0,0,0,0,0,0,0,0,0,0,0.00329556,349.537572680263,0.00329014154344535,350.689494723285
33719,8994,124.9333,8647.495,4.16374,0.164958,-1.305702,0,0,0,0,0,0,0,0,0,0,0,0.00329916,349.844230187995,0.00329372971196211,350.998422278462
33720,8994,125,8654.685,4.16594,0.165116,-1.305003,0,0,0,0,0,0,0,0,0,0,0,0.00330232,350.135109802849,0.00329687931593818,351.291367978653
33721,8994,125.0667,8661.885,4.1682,0.165257,-1.295667,0,0,0,0,0,0,0,0,0,0,0,0.00330514,350.426393979059,0.00329969003009745,351.584602270855
33722,8994,125.1333,8668.91,4.17038,0.165395,-1.303878,0,0,0,0,0,0,0,0,0,0,0,0.0033079,350.710598331541,0.00330244093417819,351.870713919762
33723,8994,125.2,8676.075,4.17258,0.165541,-1.301992,0,0,0,0,0,0,0,0,0,0,0,0.00331082,351.000466543006,0.00330535130272097,352.162565907646
33724,8994,125.2667,8683.27,4.17486,0.165707,-1.305705,0,0,0,0,0,0,0,0,0,0,0,0.00331414,351.291548438537,0.00330866034159591,352.45577781088
33725,8994,125.3333,8690.5,4.1771,0.165861,-1.30774,0,0,0,0,0,0,0,0,0,0,0,0.00331722,351.584046298815,0.00331173016305025,352.750327928878
33726,8994,125.4,8697.82,4.17926,0.166009,-1.303818,0,0,0,0,0,0,0,0,0,0,0,0.00332018,351.880185211295,0.00331468037219117,353.04849076463
33727,8994,125.4667,8705.12,4.18156,0.166183,-1.308293,0,0,0,0,0,0,0,0,0,0,0,0.00332366,352.175515001063,0.0033181488501847,353.346026673252
33728,8994,125.5333,8712.28,4.18382,0.166327,-1.310324,0,0,0,0,0,0,0,0,0,0,0,0.00332654,352.46518093185,0.00332101930563333,353.637670454827
33729,8994,125.6,8719.93,4.18594,0.16647,-1.30278,0,0,0,0,0,0,0,0,0,0,0,0.0033294,352.774670369073,0.0033238698192096,353.949198356599
33730,8994,125.6667,8726.975,4.18822,0.166603,-1.309598,0,0,0,0,0,0,0,0,0,0,0,0.00333206,353.059683844267,0.00332652098887929,354.236099894417
33731,8994,125.7333,8734.015,4.19044,0.166739,-1.31766,0,0,0,0,0,0,0,0,0,0,0,0.00333478,353.344495038783,0.0033292319521004,354.522821193948
33732,8994,125.8,8741.335,4.19258,0.166913,-1.319751,0,0,0,0,0,0,0,0,0,0,0,0.00333826,353.640633951263,0.00333270037962255,354.821178333957
33733,8994,125.8667,8748.55,4.19486,0.167087,-1.306721,0,0,0,0,0,0,0,0,0,0,0,0.00334174,353.932524969506,0.00333616879511475,355.115275445498
33734,8994,125.9333,8755.59,4.19716,0.167243,-1.302137,0,0,0,0,0,0,0,0,0,0,0,0.00334486,354.217336164023,0.00333927839877675,355.402143563064
33735,8994,126,8763.575,4.19926,0.167397,-1.303744,0,0,0,0,0,0,0,0,0,0,0,0.00334794,354.540378406667,0.00334234812624092,355.727358321149
33736,8994,126.0667,8770.85,4.2015,0.167545,-1.307808,0,0,0,0,0,0,0,0,0,0,0,0.0033509,354.834696793045,0.00334529824505396,356.023712378529
33737,8994,126.1333,8777.705,4.20386,0.167681,-1.303714,0,0,0,0,0,0,0,0,0,0,0,0.00335362,355.112023602478,0.00334800915737094,356.302934387072
33738,8994,126.2,8785.54,4.20598,0.167862,-1.307977,0,0,0,0,0,0,0,0,0,0,0,0.00335724,355.428997424785,0.00335161705133528,356.622257872099
33739,8994,126.2667,8793.045,4.20814,0.168008,-1.306899,0,0,0,0,0,0,0,0,0,0,0,0.00336016,355.732620722348,0.00335452727676116,356.927939245194
33740,8994,126.3333,8799.435,4.21046,0.168149,-1.300156,0,0,0,0,0,0,0,0,0,0,0,0.00336298,355.991135428734,0.00335733782889339,357.188326497358
33741,8994,126.4,8806.7,4.21264,0.1683,-1.304493,0,0,0,0,0,0,0,0,0,0,0,0.003366,356.285049253757,0.00336034770220481,357.484304729545
33742,8994,126.4667,8814.305,4.2148,0.168477,-1.317212,0,0,0,0,0,0,0,0,0,0,0,0.00336954,356.592718164878,0.00336387582031451,357.794271592444
33743,8994,126.5333,8821.1,4.21716,0.168633,-1.318406,0,0,0,0,0,0,0,0,0,0,0,0.00337266,356.867617606176,0.00336698533781997,358.071210745372
33744,8994,126.6,8828.42,4.21934,0.168774,-1.307759,0,0,0,0,0,0,0,0,0,0,0,0.00337548,357.163756518656,0.00336979585493865,358.36935563551
33745,8994,126.6667,8836.135,4.22152,0.168958,-1.303951,0,0,0,0,0,0,0,0,0,0,0,0.00337916,357.475875604692,0.00337346346823476,358.683843784501
33746,8994,126.7333,8843.125,4.22386,0.169086,-1.300854,0,0,0,0,0,0,0,0,0,0,0,0.00338172,357.758663992429,0.00337601484346387,358.968503621626
33747,8994,126.8,8850.56,4.226,0.169252,-1.305347,0,0,0,0,0,0,0,0,0,0,0,0.00338504,358.059455360501,0.00337932364851905,359.271500939275
33748,8994,126.8667,8857.825,4.22814,0.169401,-1.30625,0,0,0,0,0,0,0,0,0,0,0,0.00338802,358.353369185524,0.00338229359072079,359.567477567392
33749,8994,126.9333,8864.43,4.23048,0.169536,-1.310217,0,0,0,0,0,0,0,0,0,0,0,0.00339072,358.620581961061,0.00338498447033417,359.836563940728
33750,8994,127,8871.715,4.23264,0.16969,-1.311945,0,0,0,0,0,0,0,0,0,0,0,0.0033938,358.915304908796,0.00338805405749636,360.133391670595
33751,8994,127.0667,8879.32,4.23482,0.169856,-1.310724,0,0,0,0,0,0,0,0,0,0,0,0.00339712,359.222973819917,0.00339136282271644,360.443297368741
33752,8994,127.1333,8886.26,4.2372,0.170033,-1.314352,0,0,0,0,0,0,0,0,0,0,0,0.00340066,359.503739400875,0.00339489083140302,360.726289387306
33753,8994,127.2,8893.965,4.23936,0.170186,-1.309239,0,0,0,0,0,0,0,0,0,0,0,0.00340372,359.815453925555,0.00339794045600077,361.040164982391
33754,8994,127.2667,8901.785,4.2415,0.170345,-1.305817,0,0,0,0,0,0,0,0,0,0,0,0.0034069,360.131820905828,0.00340110966386553,361.358754006472
33755,8994,127.3333,8908.615,4.24384,0.170488,-1.305914,0,0,0,0,0,0,0,0,0,0,0,0.00340976,360.408136311871,0.00340395994915262,361.637041558742
33756,8994,127.4,8915.845,4.24602,0.170652,-1.309354,0,0,0,0,0,0,0,0,0,0,0,0.00341304,360.700634172148,0.00340722879780239,361.931719864603
33757,8994,127.4667,8923.335,4.24812,0.170803,-1.309888,0,0,0,0,0,0,0,0,0,0,0,0.00341606,361.003650627678,0.00341023852095206,362.236860758441
33758,8994,127.5333,8930.015,4.25046,0.170957,-1.297836,0,0,0,0,0,0,0,0,0,0,0,0.00341914,361.273897613384,0.00341330803059606,362.50914364767
33759,8994,127.6,8937.08,4.25272,0.171085,-1.293526,0,0,0,0,0,0,0,0,0,0,0,0.0034217,361.55972021129,0.00341585930416889,362.796869105937
33760,8994,127.6667,8944.93,4.25486,0.171233,-1.293703,0,0,0,0,0,0,0,0,0,0,0,0.00342466,361.877300875629,0.00341880920612352,363.116607592846
33761,8994,127.7333,8952.045,4.25714,0.171374,-1.298419,0,0,0,0,0,0,0,0,0,0,0,0.00342748,362.165146280315,0.00342161957759409,363.406460075887
33762,8994,127.8,8959.26,4.25938,0.171507,-1.304893,0,0,0,0,0,0,0,0,0,0,0,0.00343014,362.457037298558,0.0034242704881256,363.700315680478
33763,8994,127.8667,8966.76,4.26156,0.171678,-1.307442,0,0,0,0,0,0,0,0,0,0,0,0.00343356,362.760458315443,0.00342767879134008,364.006018114697
33764,8994,127.9333,8974.12,4.2638,0.171806,-1.306032,0,0,0,0,0,0,0,0,0,0,0,0.00343612,363.058215473347,0.00343023002824948,364.305727068699
33765,8994,128,8981.38,4.26602,0.171937,-1.298684,0,0,0,0,0,0,0,0,0,0,0,0.00343874,363.351927017692,0.00343284105303462,364.601399823204
33766,8994,128.0667,8988.525,4.26818,0.172144,-1.299031,0,0,0,0,0,0,0,0,0,0,0,0.00344288,363.640986106444,0.00343696685692726,364.89295838469
33767,8994,128.1333,8995.555,4.27046,0.172298,-1.30602,0,0,0,0,0,0,0,0,0,0,0,0.00344596,363.925392739605,0.0034400362845296,365.17946508597
33768,8994,128.2,9003.055,4.27272,0.172467,-1.300968,0,0,0,0,0,0,0,0,0,0,0,0.00344934,364.22881375649,0.00344340467151012,365.485162772933
33769,8994,128.2667,9010.35,4.2749,0.172613,-1.294001,0,0,0,0,0,0,0,0,0,0,0,0.00345226,364.52394126558,0.00344631462982598,365.782372687054
33770,8994,128.3333,9017.725,4.27714,0.172794,-1.296393,0,0,0,0,0,0,0,0,0,0,0,0.00345588,364.822305265518,0.00344992216913267,366.083087373839
33771,8994,128.4,9025.1,4.2794,0.172953,-1.288936,0,0,0,0,0,0,0,0,0,0,0,0.00345906,365.120669265455,0.00345309121226112,366.383643567684
33772,8994,128.4667,9032.43,4.28158,0.173107,-1.28794,0,0,0,0,0,0,0,0,0,0,0,0.00346214,365.417212739291,0.00345616059037117,366.682338288204
33773,8994,128.5333,9039.72,4.28378,0.173263,-1.288704,0,0,0,0,0,0,0,0,0,0,0,0.00346526,365.712137967703,0.00345926982092942,366.979425610917
33774,8994,128.6,9047.095,4.28604,0.173437,-1.284648,0,0,0,0,0,0,0,0,0,0,0,0.00346874,366.01050196764,0.00346273779745476,367.280097236235
33775,8994,128.6667,9054.045,4.28824,0.173601,-1.286747,0,0,0,0,0,0,0,0,0,0,0,0.00347202,366.291672109954,0.0034660064539746,367.563444121353
33776,8994,128.7333,9061.435,4.29044,0.173721,-1.286868,0,0,0,0,0,0,0,0,0,0,0,0.00347442,366.590642951925,0.00346839814709828,367.86433281361
33777,8994,128.8,9068.815,4.29268,0.173867,-1.294819,0,0,0,0,0,0,0,0,0,0,0,0.00347734,366.88920923254,0.00347130803268518,368.165007755372
33778,8994,128.8667,9075.945,4.29498,0.174033,-1.296461,0,0,0,0,0,0,0,0,0,0,0,0.00348066,367.177661479259,0.0034746165224491,368.455682078463
33779,8994,128.9333,9083.58,4.29714,0.174222,-1.298293,0,0,0,0,0,0,0,0,0,0,0,0.00348444,367.486544074448,0.00347838340409555,368.767028888083
33780,8994,129,9091.27,4.29936,0.174386,-1.293657,0,0,0,0,0,0,0,0,0,0,0,0.00348772,367.797651757094,0.00348165200947576,369.08042698308
33781,8994,129.0667,9098.015,4.30168,0.174507,-1.302263,0,0,0,0,0,0,0,0,0,0,0,0.00349014,368.070528391613,0.00348406359562046,369.355146065574
33782,8994,129.1333,9105.755,4.30384,0.174665,-1.299202,0,0,0,0,0,0,0,0,0,0,0,0.0034933,368.383658881038,0.00348721260017816,369.670533516608
33783,8994,129.2,9113.62,4.30599,0.174837,-1.306668,0,0,0,0,0,0,0,0,0,0,0,0.00349674,368.701846387412,0.00349064061918336,369.991100881749
33784,8994,129.2667,9120.28,4.3083,0.174983,-1.304825,0,0,0,0,0,0,0,0,0,0,0,0.00349966,368.971284250406,0.00349355044004781,370.262558295046
33785,8994,129.3333,9127.465,4.3105,0.175123,-1.292081,0,0,0,0,0,0,0,0,0,0,0,0.00350246,369.261961584582,0.00349634067128094,370.555286834554
33786,8994,129.4,9135.515,4.31267,0.175282,-1.289801,0,0,0,0,0,0,0,0,0,0,0,0.00350564,369.587633476039,0.0034995095673108,370.883274667458
33787,8994,129.4667,9142.535,4.31498,0.175433,-1.279338,0,0,0,0,0,0,0,0,0,0,0,0.00350866,369.871635547844,0.00350251901273436,371.169389360625
33788,8994,129.5333,9149.88,4.31718,0.175579,-1.283461,0,0,0,0,0,0,0,0,0,0,0,0.00351158,370.168785863713,0.00350542879903529,371.468663168777
33789,8994,129.6,9157.82,4.31937,0.175758,-1.288772,0,0,0,0,0,0,0,0,0,0,0,0.00351516,370.490007580256,0.00350899626520667,371.792339235302
33790,8994,129.6667,9164.985,4.3217,0.175907,-1.290886,0,0,0,0,0,0,0,0,0,0,0,0.00351814,370.77987579172,0.00351196582231355,372.084331303938
33791,8994,129.7333,9172.505,4.32386,0.176024,-1.29552,0,0,0,0,0,0,0,0,0,0,0,0.00352048,371.084105931317,0.00351429761600867,372.390500104566
33792,8994,129.8,9180.315,4.32599,0.176201,-1.288488,0,0,0,0,0,0,0,0,0,0,0,0.00352402,371.400068350234,0.00351782519100766,372.708889619101
33793,8994,129.8667,9187.16,4.32833,0.176375,-1.291942,0,0,0,0,0,0,0,0,0,0,0,0.0035275,371.676990598311,0.00352129296447064,372.988081182646
33794,8994,129.9333,9194.3,4.33051,0.176518,-1.294674,0,0,0,0,0,0,0,0,0,0,0,0.00353036,371.965847406385,0.00352414290722233,373.279020755435
33795,8994,130,9202.25,4.33265,0.176713,-1.289252,0,0,0,0,0,0,0,0,0,0,0,0.00353426,372.287473684284,0.00352802917970302,373.603234411027
33796,8994,130.0667,9209.24,4.33502,0.176869,-1.29205,0,0,0,0,0,0,0,0,0,0,0,0.00353738,372.570262072021,0.00353113818681363,373.888184665669
33797,8994,130.1333,9216.775,4.33723,0.177007,-1.288205,0,0,0,0,0,0,0,0,0,0,0,0.00354014,372.875099053652,0.00353388845427703,374.195129106815
33798,8994,130.2,9224.95,4.33937,0.177189,-1.291,0,0,0,0,0,0,0,0,0,0,0,0.00354378,373.205827962057,0.00353751560704709,374.528387311072
33799,8994,130.2667,9231.885,4.34171,0.177342,-1.286968,0,0,0,0,0,0,0,0,0,0,0,0.00354684,373.486391262336,0.00354056479672449,374.811087734321
33800,8994,130.3333,9239.085,4.34391,0.177488,-1.278606,0,0,0,0,0,0,0,0,0,0,0,0.00354976,373.777675438546,0.00354347447232258,375.104496479711
33801,8994,130.4,9246.82,4.34599,0.17766,-1.28243,0,0,0,0,0,0,0,0,0,0,0,0.0035532,374.090603647294,0.00354690229846656,375.419822380173
33802,8994,130.4667,9253.4,4.34829,0.17779,-1.287183,0,0,0,0,0,0,0,0,0,0,0,0.0035558,374.356805019441,0.0035494930894998,375.687942946729
33803,8994,130.5333,9260.3,4.35055,0.177939,-1.282516,0,0,0,0,0,0,0,0,0,0,0,0.00355878,374.635952354976,0.00355246252635188,375.969199289497
33804,8994,130.6,9268.34,4.35273,0.178092,-1.27691,0,0,0,0,0,0,0,0,0,0,0,0.00356184,374.961219685077,0.00355551167045348,376.2967715558
33805,8994,130.6667,9275.77,4.35501,0.178277,-1.274733,0,0,0,0,0,0,0,0,0,0,0,0.00356554,375.261808772471,0.00355919853162336,376.599819762121
33806,8994,130.7333,9282.91,4.35725,0.178422,-1.277714,0,0,0,0,0,0,0,0,0,0,0,0.00356844,375.550665580546,0.00356208822411904,376.89079559763
33807,8994,130.8,9290.48,4.35945,0.17855,-1.287119,0,0,0,0,0,0,0,0,0,0,0,0.003571,375.856918526922,0.00356463911814162,377.199103582981
33808,8994,130.8667,9297.865,4.36167,0.178701,-1.286892,0,0,0,0,0,0,0,0,0,0,0,0.00357402,376.155687088215,0.00356764836756803,377.500075036982
33809,8994,130.9333,9305.08,4.36385,0.178873,-1.285687,0,0,0,0,0,0,0,0,0,0,0,0.00357746,376.447578106458,0.00357107611084924,377.794304259231
33810,8994,131,9311.965,4.36601,0.179016,-1.289774,0,0,0,0,0,0,0,0,0,0,0,0.00358032,376.726118599959,0.00357392591172532,378.074918656905
33811,8994,131.0667,9318.835,4.36831,0.179162,-1.288956,0,0,0,0,0,0,0,0,0,0,0,0.00358324,377.004052251426,0.00357683549025515,378.354948251615
33812,8994,131.1333,9326.18,4.37057,0.179293,-1.285836,0,0,0,0,0,0,0,0,0,0,0,0.00358586,377.301202567295,0.00357944613227835,378.654151857533
33813,8994,131.2,9333.945,4.37277,0.179444,-1.287789,0,0,0,0,0,0,0,0,0,0,0,0.00358888,377.615344460111,0.00358245533714694,378.970560617537
33814,8994,131.2667,9341.55,4.37501,0.179615,-1.285344,0,0,0,0,0,0,0,0,0,0,0,0.0035923,377.923013371232,0.00358586310126327,379.280626212166
33815,8994,131.3333,9349.1,4.37723,0.179771,-1.288941,0,0,0,0,0,0,0,0,0,0,0,0.00359542,378.228457194897,0.00358897192857307,379.588347354464
33816,8994,131.4,9356.215,4.37941,0.179955,-1.294139,0,0,0,0,0,0,0,0,0,0,0,0.0035991,378.516302599582,0.00359263873810588,379.878620624268
33817,8994,131.4667,9363.43,4.38167,0.18014,-1.290212,0,0,0,0,0,0,0,0,0,0,0,0.0036028,378.808193617825,0.00359632546239599,380.172963777792
33818,8994,131.5333,9370.735,4.38389,0.180263,-1.291789,0,0,0,0,0,0,0,0,0,0,0,0.00360526,379.103725688272,0.00359877662832061,380.470493186347
33819,8994,131.6,9378.055,4.38611,0.180416,-1.294295,0,0,0,0,0,0,0,0,0,0,0,0.00360832,379.399864600752,0.00360182563120755,380.768860720188
33820,8994,131.6667,9385.585,4.38835,0.180588,-1.290316,0,0,0,0,0,0,0,0,0,0,0,0.00361176,379.704499301704,0.00360525325734007,381.075900824102
33821,8994,131.7333,9393.185,4.39053,0.180749,-1.290316,0,0,0,0,0,0,0,0,0,0,0,0.00361498,380.011965932148,0.00360846166417902,381.385701588753
33822,8994,131.8,9400.22,4.39281,0.180897,-1.290433,0,0,0,0,0,0,0,0,0,0,0,0.00361794,380.296574845986,0.00361141099803112,381.672465035985
33823,8994,131.8667,9407.675,4.39503,0.181076,-1.293838,0,0,0,0,0,0,0,0,0,0,0,0.00362152,380.59817533677,0.0036149780861353,381.976519240716
33824,8994,131.9333,9415.455,4.39719,0.181245,-1.290975,0,0,0,0,0,0,0,0,0,0,0,0.0036249,380.912924071619,0.00361834588389667,382.293695330086
33825,8994,132,9422.31,4.39949,0.181381,-1.297422,0,0,0,0,0,0,0,0,0,0,0,0.00362762,381.190250881052,0.00362105605610771,382.573064258953
33826,8994,132.0667,9429.735,4.40173,0.181545,-1.296359,0,0,0,0,0,0,0,0,0,0,0,0.0036309,381.490637687769,0.00362432419518135,382.875792044149
33827,8994,132.1333,9437.73,4.40387,0.181711,-1.286006,0,0,0,0,0,0,0,0,0,0,0,0.00363422,381.814084491768,0.00362763217873243,383.20168087391
33828,8994,132.2,9444.52,4.40611,0.181839,-1.287977,0,0,0,0,0,0,0,0,0,0,0,0.00363678,382.088781652389,0.00363018290556501,383.478354491726
33829,8994,132.2667,9451.42,4.40835,0.181959,-1.283795,0,0,0,0,0,0,0,0,0,0,0,0.00363918,382.367928987923,0.0036325742060617,383.759434707737
33830,8994,132.3333,9459.405,4.41053,0.182116,-1.286463,0,0,0,0,0,0,0,0,0,0,0,0.00364232,382.690971230567,0.00363570281557663,384.084854208899
33831,8994,132.4,9466.615,4.41279,0.182274,-1.28178,0,0,0,0,0,0,0,0,0,0,0,0.00364548,382.982659968132,0.00363885134265891,384.378815595393
33832,8994,132.4667,9473.84,4.41503,0.182428,-1.285641,0,0,0,0,0,0,0,0,0,0,0,0.00364856,383.274955547732,0.00364192015065471,384.673357219545
33833,8994,132.5333,9481.885,4.41727,0.182579,-1.290375,0,0,0,0,0,0,0,0,0,0,0,0.00365158,383.600425158511,0.00364492916753255,385.001172799011
33834,8994,132.6,9489.24,4.41953,0.182727,-1.27499,0,0,0,0,0,0,0,0,0,0,0,0.00365454,383.897980035736,0.00364787839383192,385.300950559696
33835,8994,132.6667,9496.52,4.42173,0.182853,-1.280381,0,0,0,0,0,0,0,0,0,0,0,0.00365706,384.192500702793,0.00365038921477273,385.597515729413
33836,8994,132.7333,9504.17,4.42389,0.183065,-1.284126,0,0,0,0,0,0,0,0,0,0,0,0.0036613,384.501990140016,0.00365461375641445,385.909767276515
33837,8994,132.8,9510.825,4.42613,0.183226,-1.278713,0,0,0,0,0,0,0,0,0,0,0,0.00366452,384.771225722332,0.003657822004889,386.181227574416
33838,8994,132.8667,9517.84,4.42837,0.183375,-1.280972,0,0,0,0,0,0,0,0,0,0,0,0.0036675,385.055025513459,0.00366079112008288,386.467214819529
33839,8994,132.9333,9525.75,4.43055,0.183523,-1.285717,0,0,0,0,0,0,0,0,0,0,0,0.00367046,385.375033545934,0.00366374029960221,386.789537191563
33840,8994,133,9532.78,4.43285,0.183659,-1.28909,0,0,0,0,0,0,0,0,0,0,0,0.00367318,385.659440179094,0.00366645034878953,387.076036721571
33841,8994,133.0667,9539.98,4.43505,0.183823,-1.28772,0,0,0,0,0,0,0,0,0,0,0,0.00367646,385.950724355304,0.00366971833951191,387.369656755367
33842,8994,133.1333,9547.89,4.43723,0.183981,-1.287543,0,0,0,0,0,0,0,0,0,0,0,0.00367962,386.270732387779,0.00367286675949716,387.692061900087
33843,8994,133.2,9555.02,4.43951,0.18414,-1.290685,0,0,0,0,0,0,0,0,0,0,0,0.0036828,386.559184634498,0.00367603509618446,387.98280479967
33844,8994,133.2667,9562.29,4.44173,0.184322,-1.280567,0,0,0,0,0,0,0,0,0,0,0,0.00368644,386.853300740198,0.00367966173340451,388.279412222179
33845,8994,133.3333,9569.995,4.44385,0.184486,-1.269766,0,0,0,0,0,0,0,0,0,0,0,0.00368972,387.165015264878,0.00368292968095235,388.593545765002
33846,8994,133.4,9576.935,4.44611,0.184631,-1.278451,0,0,0,0,0,0,0,0,0,0,0,0.00369262,387.445780845836,0.00368581901592592,388.876470885103
33847,8994,133.4667,9583.84,4.44837,0.18478,-1.282316,0,0,0,0,0,0,0,0,0,0,0,0.0036956,387.725130462049,0.00368878804799474,389.158007454184
33848,8994,133.5333,9591.735,4.45057,0.184969,-1.281898,0,0,0,0,0,0,0,0,0,0,0,0.00369938,388.04453165249,0.0036925541229703,389.480055831994
33849,8994,133.6,9599.305,4.45287,0.185133,-1.278838,0,0,0,0,0,0,0,0,0,0,0,0.00370266,388.350784598866,0.00369582202838705,389.788715514969
33850,8994,133.6667,9606.775,4.45507,0.185282,-1.287068,0,0,0,0,0,0,0,0,0,0,0,0.00370564,388.652991931684,0.0036987910307568,390.093200004705
33851,8994,133.7333,9614.435,4.45727,0.185443,-1.282965,0,0,0,0,0,0,0,0,0,0,0,0.00370886,388.962885930262,0.00370199913750304,390.405494819374
33852,8994,133.8,9621.785,4.45955,0.185601,-1.28062,0,0,0,0,0,0,0,0,0,0,0,0.00371202,389.26023852681,0.0037051474558568,390.705180317426
33853,8994,133.8667,9629.05,4.46171,0.18576,-1.277902,0,0,0,0,0,0,0,0,0,0,0,0.0037152,389.554152351833,0.0037083156902698,391.00142393865
33854,8994,133.9333,9636.4,4.46389,0.185929,-1.285335,0,0,0,0,0,0,0,0,0,0,0,0.00371858,389.85150494838,0.00371168317370418,391.301198957651
33855,8994,134,9643.46,4.46619,0.186098,-1.283476,0,0,0,0,0,0,0,0,0,0,0,0.00372196,390.137125265608,0.00371505064579889,391.589200040362
33856,8994,134.0667,9650.8,4.46837,0.186257,-1.286287,0,0,0,0,0,0,0,0,0,0,0,0.00372514,390.4340733008,0.00371821884883646,391.888494884616
33857,8994,134.1333,9658.35,4.47059,0.1864,-1.292916,0,0,0,0,0,0,0,0,0,0,0,0.003728,390.739517124464,0.00372106823041648,392.196194044304
33858,8994,134.2,9665.795,4.47289,0.186569,-1.281369,0,0,0,0,0,0,0,0,0,0,0,0.00373138,391.040713053892,0.00372443567090747,392.499834549768
33859,8994,134.2667,9673.46,4.47507,0.186707,-1.272943,0,0,0,0,0,0,0,0,0,0,0,0.00373414,391.350809333149,0.00372718540680319,392.812168044312
33860,8994,134.3333,9680.79,4.47725,0.186866,-1.279209,0,0,0,0,0,0,0,0,0,0,0,0.00373732,391.647352806985,0.00373035357139567,393.111064291578
33861,8994,134.4,9687.91,4.47953,0.187022,-1.295495,0,0,0,0,0,0,0,0,0,0,0,0.00374044,391.935400492348,0.00373346194954292,393.401411341766
33862,8994,134.4667,9695.24,4.48171,0.187181,-1.302642,0,0,0,0,0,0,0,0,0,0,0,0.00374362,392.231943966184,0.00373663009425038,393.700311316255
33863,8994,134.5333,9702.56,4.48391,0.187352,-1.293112,0,0,0,0,0,0,0,0,0,0,0,0.00374704,392.528082878664,0.00374003733301668,393.998901306334
33864,8994,134.6,9709.775,4.48619,0.187503,-1.287251,0,0,0,0,0,0,0,0,0,0,0,0.00375006,392.819973896907,0.00374304605467319,394.293072368219
33865,8994,134.6667,9717.36,4.48837,0.187664,-1.294055,0,0,0,0,0,0,0,0,0,0,0,0.00375328,393.126833685317,0.00374625401944795,394.602348767652
33866,8994,134.7333,9724.68,4.49063,0.187803,-1.304235,0,0,0,0,0,0,0,0,0,0,0,0.00375606,393.422972597797,0.00374902362050992,394.900692888253
33867,8994,134.8,9732.205,4.49291,0.187989,-1.304199,0,0,0,0,0,0,0,0,0,0,0,0.00375978,393.727405018072,0.00375272969338458,395.207733440911
33868,8994,134.8667,9740.05,4.49503,0.188148,-1.301044,0,0,0,0,0,0,0,0,0,0,0,0.00376296,394.044783401734,0.00375589777704972,395.527558159884
33869,8994,134.9333,9746.995,4.49729,0.188304,-1.299667,0,0,0,0,0,0,0,0,0,0,0,0.00376608,394.32575126337,0.00375900607579684,395.810813588688
33870,8994,135,9754.08,4.49961,0.188437,-1.300513,0,0,0,0,0,0,0,0,0,0,0,0.00376874,394.612382983988,0.00376165609209897,396.099574456235
33871,8994,135.0667,9762.145,4.50171,0.188622,-1.307033,0,0,0,0,0,0,0,0,0,0,0,0.00377244,394.938661717478,0.00376534219332272,396.428544122488
33872,8994,135.1333,9768.985,4.50391,0.188767,-1.307283,0,0,0,0,0,0,0,0,0,0,0,0.00377534,395.215381684877,0.00376823129018887,396.707454123968
33873,8994,135.2,9775.57,4.50623,0.188929,-1.299754,0,0,0,0,0,0,0,0,0,0,0,0.00377858,395.481785337703,0.00377145909888461,396.976144902144
33874,8994,135.2667,9783.535,4.50837,0.18909,-1.296365,0,0,0,0,0,0,0,0,0,0,0,0.0037818,395.804018457635,0.00377466697251277,397.300870094638
33875,8994,135.3333,9790.85,4.5106,0.189254,-1.306464,0,0,0,0,0,0,0,0,0,0,0,0.00378508,396.099955089437,0.00377793460960395,397.599225107447
33876,8994,135.4,9797.735,4.51291,0.189425,-1.311548,0,0,0,0,0,0,0,0,0,0,0,0.0037885,396.378495582938,0.00378134170763905,397.880175513453
33877,8994,135.4667,9805.88,4.51509,0.189615,-1.307239,0,0,0,0,0,0,0,0,0,0,0,0.0037923,396.708010807275,0.003785127358508,398.212446596659
33878,8994,135.5333,9813.32,4.51731,0.189771,-1.30237,0,0,0,0,0,0,0,0,0,0,0,0.00379542,397.009004456025,0.00378823556640253,398.515820371718
33879,8994,135.6,9820.44,4.51961,0.189919,-1.305255,0,0,0,0,0,0,0,0,0,0,0,0.00379838,397.297052141388,0.00379118437008981,398.806137318301
33880,8994,135.6667,9828.42,4.52175,0.190078,-1.298862,0,0,0,0,0,0,0,0,0,0,0,0.00380156,397.619892103354,0.00379435233192985,399.131467980378
33881,8994,135.7333,9835.495,4.52392,0.190249,-1.292373,0,0,0,0,0,0,0,0,0,0,0,0.00380498,397.906119262616,0.00379775937402871,399.420144088288
33882,8994,135.8,9842.06,4.52623,0.190405,-1.294789,0,0,0,0,0,0,0,0,0,0,0,0.0038081,398.171713792729,0.00380086754266063,399.687991496023
33883,8994,135.8667,9849.935,4.52843,0.190559,-1.297019,0,0,0,0,0,0,0,0,0,0,0,0.00381118,398.490305860459,0.00380393585350085,400.009024144348
33884,8994,135.9333,9857.245,4.53064,0.190718,-1.300538,0,0,0,0,0,0,0,0,0,0,0,0.00381436,398.786040211583,0.003807103774945,400.307153731924
33885,8994,136,9864.23,4.53295,0.190864,-1.299328,0,0,0,0,0,0,0,0,0,0,0,0.00381728,399.068626318642,0.00381001267510561,400.591983004516
33886,8994,136.0667,9872.31,4.53513,0.191022,-1.295739,0,0,0,0,0,0,0,0,0,0,0,0.00382044,399.395511894166,0.00381316065341705,400.921378483627
33887,8994,136.1333,9879.625,4.53732,0.191186,-1.298072,0,0,0,0,0,0,0,0,0,0,0,0.00382372,399.691448525968,0.00381642816472747,401.219756711526
33888,8994,136.2,9886.38,4.53961,0.191342,-1.294265,0,0,0,0,0,0,0,0,0,0,0,0.00382684,399.964729721843,0.00381953627533427,401.495330748132
33889,8994,136.2667,9894.145,4.54178,0.191501,-1.281178,0,0,0,0,0,0,0,0,0,0,0,0.00383002,400.278871614658,0.00382270414735797,401.81194769852
33890,8994,136.3333,9901.435,4.54392,0.191662,-1.291652,0,0,0,0,0,0,0,0,0,0,0,0.00383324,400.573796843071,0.00382591185660297,402.109292344081
33891,8994,136.4,9907.955,4.54624,0.191821,-1.294789,0,0,0,0,0,0,0,0,0,0,0,0.00383642,400.837570847083,0.00382907970842974,402.375352120632
33892,8994,136.4667,9915.62,4.54846,0.192005,-1.296876,0,0,0,0,0,0,0,0,0,0,0,0.0038401,401.14766712634,0.00383274563764014,402.688114282871
33893,8994,136.5333,9923.4,4.55068,0.192161,-1.298771,0,0,0,0,0,0,0,0,0,0,0,0.00384322,401.462415861189,0.00383585369753091,403.005324247075
33894,8994,136.6,9930.525,4.55292,0.192304,-1.301452,0,0,0,0,0,0,0,0,0,0,0,0.00384608,401.75066582723,0.00383870274394456,403.295831028054
33895,8994,136.6667,9938.105,4.55514,0.192463,-1.301308,0,0,0,0,0,0,0,0,0,0,0,0.00384926,402.057323334961,0.00384187055525202,403.604946507382
33896,8994,136.7333,9945.565,4.55736,0.192614,-1.303317,0,0,0,0,0,0,0,0,0,0,0,0.00385228,402.359126106423,0.00384487897053677,403.909126120741
33897,8994,136.8,9952.695,4.55956,0.19277,-1.299606,0,0,0,0,0,0,0,0,0,0,0,0.0038554,402.647578353142,0.00384798699271649,404.199945826725
33898,8994,136.8667,9959.865,4.56176,0.192888,-1.296605,0,0,0,0,0,0,0,0,0,0,0,0.00385776,402.937648845285,0.0038503379261537,404.492085589494
33899,8994,136.9333,9967.125,4.56402,0.193039,-1.292779,0,0,0,0,0,0,0,0,0,0,0,0.00386078,403.231360389629,0.00385334631596501,404.788147961195
33900,8994,137,9974.33,4.5662,0.193203,-1.28736,0,0,0,0,0,0,0,0,0,0,0,0.00386406,403.522846846517,0.00385661369597118,405.082083338103
33901,8994,137.0667,9981.82,4.56846,0.193346,-1.298768,0,0,0,0,0,0,0,0,0,0,0,0.00386692,403.825863302047,0.00385946268323955,405.387425609367
33902,8994,137.1333,9989.15,4.57074,0.193497,-1.30239,0,0,0,0,0,0,0,0,0,0,0,0.00386994,404.122406775882,0.0038624710456002,405.686336242761
33903,8994,137.2,9996.625,4.5729,0.193669,-1.303001,0,0,0,0,0,0,0,0,0,0,0,0.00387338,404.424816389378,0.00386589777845564,405.991307384684
33904,8994,137.2667,10003.92,4.57516,0.193809,-1.306124,0,0,0,0,0,0,0,0,0,0,0,0.00387618,404.719943898468,0.00386868697094844,406.288711250609
33905,8994,137.3333,10011.16,4.57742,0.193953,-1.298869,0,0,0,0,0,0,0,0,0,0,0,0.00387906,405.012846320102,0.00387155584653911,406.583915451748
33906,8994,137.4,10018.55,4.57954,0.194111,-1.296331,0,0,0,0,0,0,0,0,0,0,0,0.00388222,405.311817162072,0.00387470363112024,406.885326804895
33907,8994,137.4667,10025.55,4.58176,0.194278,-1.301499,0,0,0,0,0,0,0,0,0,0,0,0.00388556,405.595010111165,0.00387803070911542,407.170973858653
33908,8994,137.5333,10032.68,4.58406,0.194449,-1.300656,0,0,0,0,0,0,0,0,0,0,0,0.00388898,405.883462357884,0.00388143746613095,407.461935025325
33909,8994,137.6,10040.17,4.5862,0.194587,-1.303429,0,0,0,0,0,0,0,0,0,0,0,0.00389174,406.186478813414,0.0038841867703479,407.767250980471
33910,8994,137.6667,10047.54,4.58848,0.194772,-1.303722,0,0,0,0,0,0,0,0,0,0,0,0.00389544,406.484640532673,0.00388787241993945,408.06807706079
33911,8994,137.7333,10054.93,4.59076,0.194943,-1.296733,0,0,0,0,0,0,0,0,0,0,0,0.00389886,406.783611374644,0.0038912791434271,408.369603725688
33912,8994,137.8,10062.84,4.59286,0.19511,-1.286702,0,0,0,0,0,0,0,0,0,0,0,0.0039022,407.103619407119,0.00389460616627458,408.692219150769
33913,8994,137.8667,10069.93,4.59512,0.195263,-1.292032,0,0,0,0,0,0,0,0,0,0,0,0.00390526,407.390453408414,0.00389765426731118,408.981419050492
33914,8994,137.9333,10077.01,4.59746,0.195432,-1.289502,0,0,0,0,0,0,0,0,0,0,0,0.00390864,407.676882848354,0.00390102111321247,409.27034501973
33915,8994,138,10085.02,4.59958,0.195609,-1.286323,0,0,0,0,0,0,0,0,0,0,0,0.00391218,408.000936494387,0.00390454732428148,409.597109598122
33916,8994,138.0667,10092.18,4.60174,0.195767,-1.289061,0,0,0,0,0,0,0,0,0,0,0,0.00391534,408.290602425174,0.00390769500501464,409.889198952473
33917,8994,138.1333,10098.96,4.60408,0.195908,-1.288007,0,0,0,0,0,0,0,0,0,0,0,0.00391816,408.564895024438,0.00391050400287225,410.165717653527
33918,8994,138.2,10106.57,4.60626,0.19609,-1.290349,0,0,0,0,0,0,0,0,0,0,0,0.0039218,408.872766216238,0.00391412978985986,410.476283430784
33919,8994,138.2667,10114.03,4.60842,0.196264,-1.286917,0,0,0,0,0,0,0,0,0,0,0,0.00392528,409.1745689877,0.00391759618930293,410.780693739856
33920,8994,138.3333,10120.9,4.61076,0.196402,-1.292287,0,0,0,0,0,0,0,0,0,0,0,0.00392804,409.452502639166,0.00392034539411027,411.060848447633
33921,8994,138.4,10128.67,4.61294,0.196556,-1.298486,0,0,0,0,0,0,0,0,0,0,0,0.00393112,409.766846812659,0.00392341333837799,411.377689459502
33922,8994,138.4667,10135.96,4.61512,0.196704,-1.300946,0,0,0,0,0,0,0,0,0,0,0,0.00393408,410.061772041072,0.00392636174348008,411.674987857223
33923,8994,138.5333,10143.12,4.61746,0.19687,-1.297403,0,0,0,0,0,0,0,0,0,0,0,0.0039374,410.351437971858,0.00392966872804867,411.967155723729
33924,8994,138.6,10150.88,4.6196,0.197021,-1.295352,0,0,0,0,0,0,0,0,0,0,0,0.00394042,410.665377583996,0.00393267687921183,412.283571651135
33925,8994,138.6667,10158.18,4.62176,0.197198,-1.299202,0,0,0,0,0,0,0,0,0,0,0,0.00394396,410.960707373764,0.00393620297865788,412.581519965218
33926,8994,138.7333,10164.8,4.62408,0.197352,-1.296627,0,0,0,0,0,0,0,0,0,0,0,0.00394704,411.228526991334,0.00393927087427566,412.85166243651
33927,8994,138.8,10172.64,4.62626,0.197541,-1.29216,0,0,0,0,0,0,0,0,0,0,0,0.00395082,411.545703094319,0.00394303600603402,413.171646089018
33928,8994,138.8667,10179.81,4.62846,0.197689,-1.29694,0,0,0,0,0,0,0,0,0,0,0,0.00395378,411.835773586461,0.0039459843532812,413.464081631352
33929,8994,138.9333,10187.05,4.6308,0.197835,-1.301022,0,0,0,0,0,0,0,0,0,0,0,0.0039567,412.128676008094,0.00394889284948071,413.759345540455
33930,8994,139,10195.04,4.63298,0.198009,-1.299949,0,0,0,0,0,0,0,0,0,0,0,0.00396018,412.451920531416,0.00395235912842344,414.085304378066
33931,8994,139.0667,10202.56,4.63516,0.198173,-1.294758,0,0,0,0,0,0,0,0,0,0,0,0.00396346,412.756150671013,0.00395562618493367,414.392093163951
33932,8994,139.1333,10209.54,4.63746,0.198332,-1.291438,0,0,0,0,0,0,0,0,0,0,0,0.00396664,413.038534497394,0.00395879362587197,414.676909669873
33933,8994,139.2,10217.29,4.63962,0.19848,-1.285617,0,0,0,0,0,0,0,0,0,0,0,0.0039696,413.352069548175,0.00396174192666064,414.992911923454
33934,8994,139.2667,10224.41,4.64176,0.198629,-1.28929,0,0,0,0,0,0,0,0,0,0,0,0.00397258,413.640117233538,0.00396471013961972,415.283335690458
33935,8994,139.3333,10230.93,4.64408,0.198769,-1.291451,0,0,0,0,0,0,0,0,0,0,0,0.00397538,413.903891237551,0.00396749905651982,415.549316488699
33936,8994,139.4,10238.58,4.64632,0.19892,-1.291572,0,0,0,0,0,0,0,0,0,0,0,0.0039784,414.213380674774,0.00397050709388618,415.86128718845
33937,8994,139.4667,10246.45,4.6485,0.1991,-1.294406,0,0,0,0,0,0,0,0,0,0,0,0.003982,414.531770461825,0.00397409282197114,416.182435971804
33938,8994,139.5333,10253.61,4.65076,0.199258,-1.297275,0,0,0,0,0,0,0,0,0,0,0,0.00398516,414.821436392612,0.00397724028380524,416.474566188066
33939,8994,139.6,10261.13,4.65298,0.199394,-1.291994,0,0,0,0,0,0,0,0,0,0,0,0.00398788,415.125666532208,0.00397994948352627,416.781137875259
33940,8994,139.6667,10268.5,4.6552,0.199578,-1.288994,0,0,0,0,0,0,0,0,0,0,0,0.00399156,415.423828251468,0.0039836148597017,417.082017387363
33941,8994,139.7333,10275.69,4.6574,0.199734,-1.293191,0,0,0,0,0,0,0,0,0,0,0,0.00399468,415.714707866322,0.00398672245071778,417.375355095541
33942,8994,139.8,10283.17,4.65962,0.199883,-1.294594,0,0,0,0,0,0,0,0,0,0,0,0.00399766,416.017319760495,0.0039896905895306,417.680415559009
33943,8994,139.8667,10290.26,4.66184,0.200059,-1.286068,0,0,0,0,0,0,0,0,0,0,0,0.00400118,416.304153761791,0.00399319656765151,417.969861615739
33944,8994,139.9333,10297.42,4.66406,0.200233,-1.292377,0,0,0,0,0,0,0,0,0,0,0,0.00400466,416.593819692577,0.00399666269302908,418.262136298547
33945,8994,140,10305.06,4.66632,0.200374,-1.291963,0,0,0,0,0,0,0,0,0,0,0,0.00400748,416.902904568444,0.00399947144098811,418.573634620444
33946,8994,140.0667,10312.46,4.66858,0.200538,-1.294563,0,0,0,0,0,0,0,0,0,0,0,0.00401076,417.202279971771,0.0040027383435834,418.875578188191
33947,8994,140.1333,10319.67,4.67072,0.200697,-1.298186,0,0,0,0,0,0,0,0,0,0,0,0.00401394,417.493968709337,0.0040059056353007,419.169764450098
33948,8994,140.2,10327.09,4.673,0.20085,-1.296633,0,0,0,0,0,0,0,0,0,0,0,0.004017,417.794153235375,0.00400895339710444,419.472432348922
33949,8994,140.2667,10334.22,4.67524,0.200971,-1.297111,0,0,0,0,0,0,0,0,0,0,0,0.00401942,418.082605482094,0.00401136371195339,419.763055068221
33950,8994,140.3333,10341.62,4.67738,0.201134,-1.297976,0,0,0,0,0,0,0,0,0,0,0,0.00402268,418.381980885421,0.00401461065582966,420.064997712289
33951,8994,140.4,10348.91,4.67964,0.201301,-1.292974,0,0,0,0,0,0,0,0,0,0,0,0.00402602,418.676906113833,0.00401793726837637,420.362507711386
33952,8994,140.4667,10356.1,4.6819,0.201485,-1.286478,0,0,0,0,0,0,0,0,0,0,0,0.0040297,418.967785728687,0.00402160250531518,420.656100214838
33953,8994,140.5333,10363.46,4.68404,0.201669,-1.286116,0,0,0,0,0,0,0,0,0,0,0,0.00403338,419.265542886591,0.00402526772882008,420.956600141959
33954,8994,140.6,10371.07,4.6863,0.201825,-1.28638,0,0,0,0,0,0,0,0,0,0,0,0.0040365,419.57341407839,0.00402837519039897,421.267022164317
33955,8994,140.6667,10378.11,4.68862,0.201948,-1.288084,0,0,0,0,0,0,0,0,0,0,0,0.00403896,419.858225272906,0.00403082529752784,421.554015850455
33956,8994,140.7333,10386.07,4.6907,0.202132,-1.283892,0,0,0,0,0,0,0,0,0,0,0,0.00404264,420.180256112161,0.00403449048722936,421.87889362273
33957,8994,140.8,10393.25,4.69296,0.202273,-1.294179,0,0,0,0,0,0,0,0,0,0,0,0.00404546,420.470731165659,0.0040372991289418,422.17172868976
33958,8994,140.8667,10400.33,4.69534,0.202455,-1.298734,0,0,0,0,0,0,0,0,0,0,0,0.0040491,420.757160605598,0.00404092445622727,422.460848424607
33959,8994,140.9333,10408.32,4.69742,0.202619,-1.298099,0,0,0,0,0,0,0,0,0,0,0,0.00405238,421.08040512892,0.00404419122340286,422.786782941056
33960,8994,141,10415.94,4.69958,0.202775,-1.294293,0,0,0,0,0,0,0,0,0,0,0,0.0040555,421.388680882076,0.00404729862617836,423.097622677393
33961,8994,141.0667,10422.49,4.70196,0.202893,-1.292974,0,0,0,0,0,0,0,0,0,0,0,0.00405786,421.653668570155,0.00404964909109444,423.364680125699
33962,8994,141.1333,10430.25,4.7041,0.203072,-1.296224,0,0,0,0,0,0,0,0,0,0,0,0.00406144,421.967608182293,0.00405321461631001,423.681404304868
33963,8994,141.2,10437.92,4.70626,0.203251,-1.295939,0,0,0,0,0,0,0,0,0,0,0,0.00406502,422.277906742227,0.00405678012881265,423.994474878692
33964,8994,141.2667,10444.66,4.70864,0.203412,-1.297573,0,0,0,0,0,0,0,0,0,0,0,0.00406824,422.550581096068,0.00405998708729903,424.269618272106
33965,8994,141.3333,10452.25,4.7108,0.203548,-1.296864,0,0,0,0,0,0,0,0,0,0,0,0.00407096,422.857643165156,0.00406269606285202,424.579079716175
33966,8994,141.4,10459.93,4.71294,0.203709,-1.297233,0,0,0,0,0,0,0,0,0,0,0,0.00407418,423.168346286446,0.00406590300236634,424.89241029952
33967,8994,141.4667,10466.67,4.71532,0.203883,-1.295787,0,0,0,0,0,0,0,0,0,0,0,0.00407766,423.441020640287,0.00406936887574389,425.167669152511
33968,8994,141.5333,10474.25,4.71746,0.204067,-1.298424,0,0,0,0,0,0,0,0,0,0,0,0.00408134,423.747678148019,0.00407303392417864,425.477136496752
33969,8994,141.6,10481.69,4.71955,0.204208,-1.295117,0,0,0,0,0,0,0,0,0,0,0,0.00408416,424.048671796769,0.00407584245763862,425.780554420175
33970,8994,141.6667,10488.25,4.72196,0.204346,-1.305533,0,0,0,0,0,0,0,0,0,0,0,0.00408692,424.314064046205,0.00407859122742979,426.048201680837
33971,8994,141.7333,10495.93,4.72412,0.20451,-1.298879,0,0,0,0,0,0,0,0,0,0,0,0.0040902,424.624767167495,0.00408185787155932,426.361567390164
33972,8994,141.8,10503.97,4.72625,0.204697,-1.297433,0,0,0,0,0,0,0,0,0,0,0,0.00409394,424.950034497596,0.00408558262958866,426.689754441827
33973,8994,141.8667,10510.93,4.72868,0.20483,-1.295085,0,0,0,0,0,0,0,0,0,0,0,0.0040966,425.231609201266,0.00408823178060004,426.97361301152
33974,8994,141.9333,10518.81,4.73084,0.205004,-1.295126,0,0,0,0,0,0,0,0,0,0,0,0.00410008,425.550403549673,0.00409169757658965,427.295194248259
33975,8994,142,10526.64,4.73297,0.205163,-1.296016,0,0,0,0,0,0,0,0,0,0,0,0.00410326,425.867175091302,0.00409486458655986,427.614618836167
33976,8994,142.0667,10533.52,4.73534,0.205324,-1.298115,0,0,0,0,0,0,0,0,0,0,0,0.00410648,426.145513304124,0.00409807142291349,427.895471331597
33977,8994,142.1333,10541.13,4.7375,0.20549,-1.300018,0,0,0,0,0,0,0,0,0,0,0,0.0041098,426.453384495924,0.0041013778396905,428.206022615525
33978,8994,142.2,10548.86,4.73959,0.205687,-1.298406,0,0,0,0,0,0,0,0,0,0,0,0.00411374,426.766110423994,0.00410530170565618,428.521715243089
33979,8994,142.2667,10555.42,4.74194,0.205844,-1.290985,0,0,0,0,0,0,0,0,0,0,0,0.00411688,427.031502673429,0.00410842883654319,428.789540126155
33980,8994,142.3333,10562.79,4.7442,0.20601,-1.294838,0,0,0,0,0,0,0,0,0,0,0,0.0041202,427.329664392688,0.00411173521907451,429.090348075919
33981,8994,142.4,10570.91,4.74633,0.206189,-1.305973,0,0,0,0,0,0,0,0,0,0,0,0.00412378,427.658168213636,0.00411530052292769,429.421736414552
33982,8994,142.4667,10578.15,4.74862,0.206361,-1.300906,0,0,0,0,0,0,0,0,0,0,0,0.00412722,427.951070635269,0.00411872638951505,429.717318853017
33983,8994,142.5333,10585.49,4.75086,0.206514,-1.294594,0,0,0,0,0,0,0,0,0,0,0,0.00413028,428.248018670461,0.00412177380748815,430.016802897015
33984,8994,142.6,10592.9,4.75305,0.20664,-1.294659,0,0,0,0,0,0,0,0,0,0,0,0.0041328,428.547798635144,0.00412428343884582,430.318900977343
33985,8994,142.6667,10600.15,4.75527,0.206814,-1.30059,0,0,0,0,0,0,0,0,0,0,0,0.00413628,428.841105618133,0.00412774910989021,430.614912506479
33986,8994,142.7333,10607.39,4.75751,0.206985,-1.31032,0,0,0,0,0,0,0,0,0,0,0,0.0041397,429.134008039766,0.0041311550162837,430.910494092848
33987,8994,142.8,10614.62,4.75967,0.207098,-1.309221,0,0,0,0,0,0,0,0,0,0,0,0.00414196,429.426505900043,0.00413340569659916,431.205173310421
33988,8994,142.8667,10621.54,4.76191,0.207228,-1.31025,0,0,0,0,0,0,0,0,0,0,0,0.00414456,429.706462358289,0.00413599496857213,431.487406573921
33989,8994,142.9333,10629.13,4.76419,0.207389,-1.314266,0,0,0,0,0,0,0,0,0,0,0,0.00414778,430.013524427377,0.00413920167303028,431.797125923727
33990,8994,143,10636.55,4.76639,0.207558,-1.319758,0,0,0,0,0,0,0,0,0,0,0,0.00415116,430.313708953416,0.00414256770577826,432.100010009475
33991,8994,143.0667,10644.15,4.76857,0.207722,-1.313983,0,0,0,0,0,0,0,0,0,0,0,0.00415444,430.621175583859,0.00414583414092643,432.410165420552
33992,8994,143.1333,10651.5,4.77087,0.207871,-1.310292,0,0,0,0,0,0,0,0,0,0,0,0.00415742,430.918528180407,0.00414880180751194,432.710037487835
33993,8994,143.2,10658.92,4.77309,0.208055,-1.312401,0,0,0,0,0,0,0,0,0,0,0,0.0041611,431.218712706445,0.00415246656483325,433.013056891888
33994,8994,143.2667,10666.21,4.77525,0.208237,-1.311756,0,0,0,0,0,0,0,0,0,0,0,0.00416474,431.513637934858,0.00415609147462387,433.310780043311
33995,8994,143.3333,10673.59,4.77753,0.208388,-1.311726,0,0,0,0,0,0,0,0,0,0,0,0.00416776,431.812204215473,0.00415909894475153,433.611893847714
33996,8994,143.4,10680.41,4.77975,0.208544,-1.310129,0,0,0,0,0,0,0,0,0,0,0,0.00417088,432.08811506016,0.00416220599048353,433.890302737503
33997,8994,143.4667,10687.92,4.78189,0.208695,-1.308309,0,0,0,0,0,0,0,0,0,0,0,0.0041739,432.391940638402,0.00416521344222205,434.196701359432
33998,8994,143.5333,10695.1,4.78417,0.208846,-1.303118,0,0,0,0,0,0,0,0,0,0,0,0.00417692,432.6824156919,0.00416822088491561,434.489695527652
33999,8994,143.6,10702.23,4.78647,0.20901,-1.30548,0,0,0,0,0,0,0,0,0,0,0,0.0041802,432.970867938619,0.00417148723627054,434.780772760776
34000,8994,143.6667,10709.89,4.78857,0.209184,-1.302897,0,0,0,0,0,0,0,0,0,0,0,0.00418368,433.280761937197,0.00417495274372624,435.093469995299
34001,8994,143.7333,10717.42,4.79081,0.20934,-1.303173,0,0,0,0,0,0,0,0,0,0,0,0.0041868,433.58539663815,0.00417805974020045,435.400731976795
34002,8994,143.8,10724.08,4.79315,0.209483,-1.30576,0,0,0,0,0,0,0,0,0,0,0,0.00418966,433.854834501144,0.00418090781182139,435.67253874706
34003,8994,143.8667,10732.25,4.79527,0.209644,-1.301787,0,0,0,0,0,0,0,0,0,0,0,0.00419288,434.185361128871,0.00418411437226079,436.005848245841
34004,8994,143.9333,10740.05,4.79743,0.2098,-1.295131,0,0,0,0,0,0,0,0,0,0,0,0.004196,434.500918986432,0.00418722134027003,436.324084842499
34005,8994,144,10746.76,4.79977,0.209936,-1.305817,0,0,0,0,0,0,0,0,0,0,0,0.00419872,434.772379656205,0.00418992997117093,436.597867142115
34006,8994,144.0667,10754.26,4.80195,0.210092,-1.309858,0,0,0,0,0,0,0,0,0,0,0,0.00420184,435.07580067309,0.00419303692111115,436.903919575391
34007,8994,144.1333,10762.39,4.80411,0.210271,-1.298333,0,0,0,0,0,0,0,0,0,0,0,0.00420542,435.404709055394,0.00419660193511136,437.23576872695
34008,8994,144.2,10769.2,4.80647,0.210415,-1.288901,0,0,0,0,0,0,0,0,0,0,0,0.0042083,435.680215338726,0.00419946987011037,437.513688388936
34009,8994,144.2667,10776.84,4.80865,0.210609,-1.291471,0,0,0,0,0,0,0,0,0,0,0,0.00421218,435.989300214593,0.00420333360286812,437.825765625171
34010,8994,144.3333,10784.5,4.81083,0.21076,-1.293088,0,0,0,0,0,0,0,0,0,0,0,0.0042152,436.299194213172,0.00420634093092006,438.138282576619
34011,8994,144.4,10791.59,4.81319,0.210893,-1.291783,0,0,0,0,0,0,0,0,0,0,0,0.00421786,436.586028214467,0.00420898976204421,438.427486959432
34012,8994,144.4667,10798.89,4.81533,0.211042,-1.295899,0,0,0,0,0,0,0,0,0,0,0,0.00422084,436.881358004235,0.00421195724121086,438.725364315354
34013,8994,144.5333,10806.6,4.81743,0.211236,-1.292583,0,0,0,0,0,0,0,0,0,0,0,0.00422472,437.193274809594,0.00421582092572137,439.040293981547
34014,8994,144.6,10813.08,4.81979,0.211385,-1.291547,0,0,0,0,0,0,0,0,0,0,0,0.0042277,437.455430568182,0.00421878838461679,439.304860891995
34015,8994,144.6667,10820.42,4.82195,0.211543,-1.302429,0,0,0,0,0,0,0,0,0,0,0,0.00423086,437.752378603374,0.00422193507637638,439.604447631912
34016,8994,144.7333,10828.08,4.82411,0.211712,-1.296495,0,0,0,0,0,0,0,0,0,0,0,0.00423424,438.062272601953,0.004225300830653,439.917133399095
34017,8994,144.8,10835.29,4.82651,0.211912,-1.296569,0,0,0,0,0,0,0,0,0,0,0,0.00423824,438.353961339518,0.00422928395717323,440.211810632626
34018,8994,144.8667,10842.9,4.82867,0.212106,-1.290645,0,0,0,0,0,0,0,0,0,0,0,0.00424212,438.661832531318,0.00423314757473926,440.522688664336
34019,8994,144.9333,10851.03,4.83081,0.212298,-1.28675,0,0,0,0,0,0,0,0,0,0,0,0.00424596,438.990740913622,0.00423697134649895,440.854678039911
34020,8994,145,10857.96,4.83317,0.21246,-1.289251,0,0,0,0,0,0,0,0,0,0,0,0.0042492,439.271101933224,0.00424019764254845,441.137652699558
34021,8994,145.0667,10865.64,4.83535,0.21258,-1.284604,0,0,0,0,0,0,0,0,0,0,0,0.0042516,439.581805054514,0.00424258748476295,441.450731056884
34022,8994,145.1333,10873.3,4.83743,0.212736,-1.293531,0,0,0,0,0,0,0,0,0,0,0,0.00425472,439.891699053093,0.00424569427110369,441.763315062888
34023,8994,145.2,10880.25,4.83977,0.212905,-1.292783,0,0,0,0,0,0,0,0,0,0,0,0.0042581,440.172869195406,0.00424905994541379,442.047169289727
34024,8994,145.2667,10887.42,4.84203,0.213041,-1.289442,0,0,0,0,0,0,0,0,0,0,0,0.00426082,440.462939687549,0.00425176840882236,442.339672990228
34025,8994,145.3333,10895.58,4.84417,0.213217,-1.292691,0,0,0,0,0,0,0,0,0,0,0,0.00426434,440.79306175392,0.00425527346822618,442.67275323888
34026,8994,145.4,10902.79,4.84647,0.213381,-1.303704,0,0,0,0,0,0,0,0,0,0,0,0.00426762,441.084750491486,0.00425853953524963,442.967132594378
34027,8994,145.4667,10910.11,4.84871,0.213558,-1.303219,0,0,0,0,0,0,0,0,0,0,0,0.00427116,441.380889403966,0.00426206448586077,443.266097803552
34028,8994,145.5333,10917.57,4.85087,0.213698,-1.300586,0,0,0,0,0,0,0,0,0,0,0,0.00427396,441.682692175427,0.00426485257358853,443.570426334477
34029,8994,145.6,10924.84,4.85315,0.213867,-1.294127,0,0,0,0,0,0,0,0,0,0,0,0.00427734,441.976808281128,0.00426821818341896,443.867293362261
34030,8994,145.6667,10932.04,4.85535,0.214039,-1.300996,0,0,0,0,0,0,0,0,0,0,0,0.00428078,442.268092457338,0.00427164352617177,444.161344862168
34031,8994,145.7333,10939.25,4.85749,0.214195,-1.295347,0,0,0,0,0,0,0,0,0,0,0,0.0042839,442.559781194904,0.00427475022224284,444.455663041564
34032,8994,145.8,10946.22,4.85977,0.214359,-1.292643,0,0,0,0,0,0,0,0,0,0,0,0.00428718,442.841760459929,0.00427801622565463,444.740302798538
34033,8994,145.8667,10953.92,4.86203,0.214522,-1.294799,0,0,0,0,0,0,0,0,0,0,0,0.00429044,443.153272703931,0.00428126230384199,445.054595231271
34034,8994,145.9333,10961.41,4.86423,0.214702,-1.294119,0,0,0,0,0,0,0,0,0,0,0,0.00429404,443.456289159461,0.0042848469178186,445.360508203363
34035,8994,146,10969.13,4.86645,0.214853,-1.294671,0,0,0,0,0,0,0,0,0,0,0,0.00429706,443.768610526174,0.00428785400074362,445.675510871722
34036,8994,146.0667,10976.75,4.86869,0.215011,-1.28958,0,0,0,0,0,0,0,0,0,0,0,0.00430022,444.07688627933,0.00429100047518263,445.986514587246
34037,8994,146.1333,10984,4.87089,0.215147,-1.293158,0,0,0,0,0,0,0,0,0,0,0,0.00430294,444.370193262319,0.00429370882499935,446.282291541715
34038,8994,146.2,10991.42,4.87309,0.215336,-1.298158,0,0,0,0,0,0,0,0,0,0,0,0.00430672,444.670377788357,0.0042974726224909,446.585448597786
34039,8994,146.2667,10998.96,4.87535,0.2155,-1.297615,0,0,0,0,0,0,0,0,0,0,0,0.00431,444.975417050666,0.00430073855169222,446.893261098154
34040,8994,146.3333,11005.91,4.87755,0.215659,-1.298706,0,0,0,0,0,0,0,0,0,0,0,0.00431318,445.25658719298,0.00430390489969781,447.177058999729
34041,8994,146.4,11013.47,4.87977,0.215797,-1.295466,0,0,0,0,0,0,0,0,0,0,0,0.00431594,445.562435578,0.00430665304266995,447.485456316208
34042,8994,146.4667,11021.07,4.88199,0.215976,-1.302577,0,0,0,0,0,0,0,0,0,0,0,0.00431952,445.869902208444,0.00431021765165083,447.795846168431
34043,8994,146.5333,11028.11,4.88427,0.21615,-1.310984,0,0,0,0,0,0,0,0,0,0,0,0.004323,446.15471340296,0.00431368267836964,448.083440229001
34044,8994,146.6,11035.7,4.88647,0.216324,-1.311034,0,0,0,0,0,0,0,0,0,0,0,0.00432648,446.461775472048,0.00431714769308186,448.393383414392
34045,8994,146.6667,11043.58,4.88865,0.216478,-1.30854,0,0,0,0,0,0,0,0,0,0,0,0.00432956,446.780569820455,0.00432021442022538,448.714933104327
34046,8994,146.7333,11050.27,4.89097,0.216631,-1.298398,0,0,0,0,0,0,0,0,0,0,0,0.00433262,447.051221367517,0.00432326122424303,448.988124430238
34047,8994,146.8,11057.76,4.89317,0.216808,-1.285957,0,0,0,0,0,0,0,0,0,0,0,0.00433616,447.354237823046,0.00432678594672119,449.294037374925
34048,8994,146.8667,11065.76,4.89531,0.216987,-1.292309,0,0,0,0,0,0,0,0,0,0,0,0.00433974,447.677886907724,0.00433035048393698,449.620692540653
34049,8994,146.9333,11072.38,4.89759,0.217141,-1.297689,0,0,0,0,0,0,0,0,0,0,0,0.00434282,447.945706525294,0.00433341717059148,449.891054098507
34050,8994,147,11079.53,4.89983,0.217315,-1.295028,0,0,0,0,0,0,0,0,0,0,0,0.0043463,448.234967894725,0.00433688211692419,450.183131535686
34051,8994,147.0667,11087.59,4.90195,0.217502,-1.294453,0,0,0,0,0,0,0,0,0,0,0,0.00435004,448.561044347538,0.00434060592517302,450.512302832891
34052,8994,147.1333,11094.55,4.90429,0.217635,-1.287225,0,0,0,0,0,0,0,0,0,0,0,0.0043527,448.842619051207,0.00434325440067621,450.796296319151
34053,8994,147.2,11101.82,4.90651,0.21777,-1.28812,0,0,0,0,0,0,0,0,0,0,0,0.0043554,449.136735156908,0.00434594269570505,451.09290529321
34054,8994,147.2667,11110.22,4.90867,0.217929,-1.287971,0,0,0,0,0,0,0,0,0,0,0,0.00435858,449.476566695819,0.00434910890058205,451.435646269888
34055,8994,147.3333,11117.4,4.91101,0.218116,-1.297939,0,0,0,0,0,0,0,0,0,0,0,0.00436232,449.767041749318,0.00435283266330105,451.729069510881
34056,8994,147.4,11124.75,4.91319,0.218292,-1.30334,0,0,0,0,0,0,0,0,0,0,0,0.00436584,450.064394345865,0.00435633736848717,452.029303481276
34057,8994,147.4667,11132.96,4.91529,0.218454,-1.298322,0,0,0,0,0,0,0,0,0,0,0,0.00436908,450.396539219015,0.00435956327945015,452.364357730586
34058,8994,147.5333,11139.56,4.91761,0.218605,-1.299349,0,0,0,0,0,0,0,0,0,0,0,0.0043721,450.663549713874,0.0043625701377056,452.633895819578
34059,8994,147.6,11146.41,4.91983,0.218766,-1.296101,0,0,0,0,0,0,0,0,0,0,0,0.00437532,450.94067424263,0.00436577611568762,452.913683993457
34060,8994,147.6667,11154.5,4.92197,0.218937,-1.287992,0,0,0,0,0,0,0,0,0,0,0,0.00437874,451.26796437951,0.00436918121148104,453.243949465857
34061,8994,147.7333,11161.52,4.92433,0.219101,-1.28862,0,0,0,0,0,0,0,0,0,0,0,0.00438202,451.551966451314,0.00437244690649597,453.530676199343
34062,8994,147.8,11168.76,4.92655,0.219257,-1.283556,0,0,0,0,0,0,0,0,0,0,0,0.00438514,451.844868872948,0.00437555328941783,453.826271881237
34063,8994,147.8667,11177.13,4.92867,0.219429,-1.285493,0,0,0,0,0,0,0,0,0,0,0,0.00438858,452.183486727791,0.0043789782645317,454.167930133975
34064,8994,147.9333,11184.21,4.93101,0.219603,-1.289461,0,0,0,0,0,0,0,0,0,0,0,0.00439206,452.469916167731,0.00438244305300153,454.457191187735
34065,8994,148,11191.43,4.93321,0.219772,-1.287108,0,0,0,0,0,0,0,0,0,0,0,0.00439544,452.762009466653,0.00438580826709201,454.752097713543
34066,8994,148.0667,11199.45,4.9353,0.219925,-1.297166,0,0,0,0,0,0,0,0,0,0,0,0.0043985,453.086467674042,0.00438885487126492,455.079368502106
34067,8994,148.1333,11206.34,4.93757,0.220084,-1.303179,0,0,0,0,0,0,0,0,0,0,0,0.00440168,453.365210448221,0.00439202094027631,455.360779027746
34068,8994,148.2,11213,4.93987,0.220232,-1.299085,0,0,0,0,0,0,0,0,0,0,0,0.00440464,453.634648311215,0.00439496796405907,455.632745628552
34069,8994,148.2667,11221.28,4.94204,0.220401,-1.295485,0,0,0,0,0,0,0,0,0,0,0,0.00440802,453.969625113856,0.0043983331360011,455.97073230075
34070,8994,148.3333,11229,4.94429,0.22056,-1.295754,0,0,0,0,0,0,0,0,0,0,0,0.0044112,454.28194648057,0.00440149917500385,456.285875002885
34071,8994,148.4,11236.3,4.94655,0.220716,-1.304886,0,0,0,0,0,0,0,0,0,0,0,0.00441432,454.577276270338,0.0044046054676797,456.583925832524
34072,8994,148.4667,11244.14,4.94875,0.220906,-1.303256,0,0,0,0,0,0,0,0,0,0,0,0.00441812,454.894452373322,0.00440838875982924,456.904230651242
34073,8994,148.5333,11251.76,4.95097,0.221095,-1.310068,0,0,0,0,0,0,0,0,0,0,0,0.0044219,455.202728126477,0.00441215212571452,457.21558906998
34074,8994,148.6,11258.91,4.95319,0.221261,-1.309134,0,0,0,0,0,0,0,0,0,0,0,0.00442522,455.491989495908,0.00441545750417439,457.507641757665
34075,8994,148.6667,11266.2,4.95534,0.221405,-1.303565,0,0,0,0,0,0,0,0,0,0,0,0.0044281,455.786914724321,0.00441832481157943,457.805184761411
34076,8994,148.7333,11273.42,4.95764,0.221561,-1.29952,0,0,0,0,0,0,0,0,0,0,0,0.00443122,456.079008023242,0.00442143105199067,458.099994445175
34077,8994,148.8,11280.83,4.95987,0.221714,-1.297138,0,0,0,0,0,0,0,0,0,0,0,0.00443428,456.378787987925,0.00442447754763693,458.402499319924
34078,8994,148.8667,11288.28,4.96206,0.221876,-1.30964,0,0,0,0,0,0,0,0,0,0,0,0.00443752,456.680186198031,0.0044277032387936,458.706713657888
34079,8994,148.9333,11295.74,4.96432,0.22205,-1.304298,0,0,0,0,0,0,0,0,0,0,0,0.004441,456.981988969492,0.00443116785844611,459.011445982506
34080,8994,149,11303.14,4.96654,0.222216,-1.296942,0,0,0,0,0,0,0,0,0,0,0,0.00444432,457.281364372819,0.00443447317405271,459.313669086129
34081,8994,149.0667,11310.45,4.96872,0.22238,-1.295342,0,0,0,0,0,0,0,0,0,0,0,0.0044476,457.577098723943,0.0044377386558513,459.612218628228
34082,8994,149.1333,11317.84,4.971,0.222546,-1.292025,0,0,0,0,0,0,0,0,0,0,0,0.00445092,457.876069565914,0.00444104394973945,459.914039321467
34083,8994,149.2,11325.46,4.97322,0.22273,-1.293283,0,0,0,0,0,0,0,0,0,0,0,0.0044546,458.18434531907,0.00444470763622289,460.225373303728
34084,8994,149.2667,11332.68,4.9754,0.222879,-1.298082,0,0,0,0,0,0,0,0,0,0,0,0.00445758,458.476438617991,0.00444767441598514,460.520134021246
34085,8994,149.3333,11340.25,4.97764,0.22303,-1.296746,0,0,0,0,0,0,0,0,0,0,0,0.0044606,458.782691564367,0.00445068100931496,460.829137638359
34086,8994,149.4,11347.85,4.97986,0.223219,-1.298769,0,0,0,0,0,0,0,0,0,0,0,0.00446438,459.090158194811,0.00445444421604248,461.139711115253
34087,8994,149.4667,11355,4.9821,0.223411,-1.297958,0,0,0,0,0,0,0,0,0,0,0,0.00446822,459.379419564242,0.00445826714170955,461.432027874327
34088,8994,149.5333,11362.73,4.98434,0.223552,-1.300915,0,0,0,0,0,0,0,0,0,0,0,0.00447104,459.692145492311,0.00446107459343926,461.747447462493
34089,8994,149.6,11370.62,4.98652,0.2237,-1.298682,0,0,0,0,0,0,0,0,0,0,0,0.004474,460.011344402075,0.00446402141372659,462.06943515693
34090,8994,149.6667,11377.54,4.9888,0.223877,-1.292448,0,0,0,0,0,0,0,0,0,0,0,0.00447754,460.291300860321,0.00446754564009972,462.352273571575
34091,8994,149.7333,11385.04,4.99102,0.224033,-1.296433,0,0,0,0,0,0,0,0,0,0,0,0.00448066,460.594721877206,0.00447065172762323,462.658490223732
34092,8994,149.8,11392.87,4.99318,0.224215,-1.296421,0,0,0,0,0,0,0,0,0,0,0,0.0044843,460.911493418834,0.0044742754842069,462.978358828772
34093,8994,149.8667,11399.46,4.99542,0.224376,-1.29499,0,0,0,0,0,0,0,0,0,0,0,0.00448752,461.178099352337,0.00447748110408461,463.247645296743
34094,8994,149.9333,11406.42,4.99768,0.224522,-1.291571,0,0,0,0,0,0,0,0,0,0,0,0.00449044,461.459674056007,0.00448038805484082,463.531831034775
34095,8994,150,11414.42,4.99984,0.224681,-1.293943,0,0,0,0,0,0,0,0,0,0,0,0.00449362,461.783323140684,0.00448355383406557,463.858401917216
34096,8994,150.0667,11421.54,5.0021,0.22485,-1.299551,0,0,0,0,0,0,0,0,0,0,0,0.004497,462.071370826047,0.0044869187079144,464.149305780652
34097,8994,150.1333,11428.73,5.00436,0.225024,-1.298788,0,0,0,0,0,0,0,0,0,0,0,0.00450048,462.362250440901,0.00449038312241426,464.443102501766
34098,8994,150.2,11436.74,5.00656,0.225187,-1.30015,0,0,0,0,0,0,0,0,0,0,0,0.00450374,462.686304086935,0.0044936285113166,464.770122902103
34099,8994,150.2667,11444,5.00882,0.225351,-1.308997,0,0,0,0,0,0,0,0,0,0,0,0.00450702,462.98001563128,0.00449689379995033,465.06667582133
34100,8994,150.3333,11451.33,5.01102,0.2255,-1.30167,0,0,0,0,0,0,0,0,0,0,0,0.00451,463.276559105116,0.00449986042489221,465.36593638668
34101,8994,150.4,11459.28,5.01318,0.225681,-1.305802,0,0,0,0,0,0,0,0,0,0,0,0.00451362,463.598185383014,0.00450346416549929,465.690691424522
34102,8994,150.4667,11466.09,5.01542,0.22584,-1.296748,0,0,0,0,0,0,0,0,0,0,0,0.0045168,463.873691666346,0.00450662987167112,465.968916356864
34103,8994,150.5333,11473.03,5.01768,0.225986,-1.30464,0,0,0,0,0,0,0,0,0,0,0,0.00451972,464.154457247304,0.00450953673769466,466.252305430813
34104,8994,150.6,11481.1,5.01986,0.22617,-1.305921,0,0,0,0,0,0,0,0,0,0,0,0.0045234,464.480938261472,0.00451320017325105,466.581971337604
34105,8994,150.6667,11488.25,5.02214,0.226337,-1.308611,0,0,0,0,0,0,0,0,0,0,0,0.00452674,464.770199630903,0.00451652512759978,466.87409348438
34106,8994,150.7333,11495.46,5.02438,0.226503,-1.299966,0,0,0,0,0,0,0,0,0,0,0,0.00453006,465.061888368468,0.00451983016108617,467.168646626491
34107,8994,150.8,11503.63,5.02656,0.226687,-1.28956,0,0,0,0,0,0,0,0,0,0,0,0.00453374,465.392414996195,0.00452349355893354,467.50238320376
34108,8994,150.8667,11510.89,5.0288,0.22682,-1.294073,0,0,0,0,0,0,0,0,0,0,0,0.0045364,465.68612654054,0.00452614155010824,467.798665084979
34109,8994,150.9333,11517.83,5.03106,0.226976,-1.299433,0,0,0,0,0,0,0,0,0,0,0,0.00453952,465.966892121498,0.00452924745563312,468.082158147621
34110,8994,151,11525.58,5.03318,0.227166,-1.300029,0,0,0,0,0,0,0,0,0,0,0,0.00454332,466.280427172279,0.00453303027625589,468.39888836266
34111,8994,151.0667,11532.55,5.0354,0.227301,-1.306415,0,0,0,0,0,0,0,0,0,0,0,0.00454602,466.562406437305,0.00453571806116049,468.683408468217
34112,8994,151.1333,11539.35,5.03768,0.227445,-1.302317,0,0,0,0,0,0,0,0,0,0,0,0.0045489,466.837508159281,0.00453858502376278,468.961105300146
34113,8994,151.2,11547.24,5.0399,0.227637,-1.305679,0,0,0,0,0,0,0,0,0,0,0,0.00455274,467.156707069044,0.00454240762777995,469.283550095585
34114,8994,151.2667,11555.01,5.04216,0.227803,-1.303545,0,0,0,0,0,0,0,0,0,0,0,0.00455606,467.471051242537,0.00454571257572506,469.600877400261
34115,8994,151.3333,11562.4,5.04438,0.227975,-1.297438,0,0,0,0,0,0,0,0,0,0,0,0.0045595,467.770022084508,0.00454913696809796,469.902819500202
34116,8994,151.4,11570.15,5.04658,0.228141,-1.29801,0,0,0,0,0,0,0,0,0,0,0,0.00456282,468.083557135289,0.00455244189380306,470.219338151457
34117,8994,151.4667,11577.77,5.04884,0.228274,-1.302441,0,0,0,0,0,0,0,0,0,0,0,0.00456548,468.391832888445,0.00455508980832382,470.53026643366
34118,8994,151.5333,11585.26,5.05102,0.228448,-1.299634,0,0,0,0,0,0,0,0,0,0,0,0.00456896,468.694849343974,0.00455855398665942,470.836297362833
34119,8994,151.6,11592.58,5.0532,0.228635,-1.301062,0,0,0,0,0,0,0,0,0,0,0,0.0045727,468.990988256454,0.00456227696953751,471.135543348454
34120,8994,151.6667,11599.86,5.0555,0.228776,-1.293969,0,0,0,0,0,0,0,0,0,0,0,0.00457552,469.285508923511,0.00456508412928002,471.4327341553
34121,8994,151.7333,11607.27,5.05768,0.228919,-1.293642,0,0,0,0,0,0,0,0,0,0,0,0.00457838,469.585288888193,0.00456793109884284,471.735228783133
34122,8994,151.8,11614.9,5.0599,0.229093,-1.298754,0,0,0,0,0,0,0,0,0,0,0,0.00458186,469.893969202705,0.00457139523269406,472.046957584436
34123,8994,151.8667,11622.48,5.06222,0.229259,-1.299894,0,0,0,0,0,0,0,0,0,0,0,0.00458518,470.200626710437,0.00457470008483819,472.356581220017
34124,8994,151.9333,11630.06,5.06436,0.229413,-1.299961,0,0,0,0,0,0,0,0,0,0,0,0.00458826,470.507284218169,0.00457776602224172,472.666093970055
34125,8994,152,11637.24,5.06658,0.229551,-1.297783,0,0,0,0,0,0,0,0,0,0,0,0.00459102,470.797759271667,0.00458051341270842,472.959201200438
34126,8994,152.0667,11644.52,5.06888,0.229715,-1.29895,0,0,0,0,0,0,0,0,0,0,0,0.0045943,471.092279938723,0.00458377841765087,473.256619200446
34127,8994,152.1333,11652.08,5.071,0.229897,-1.301047,0,0,0,0,0,0,0,0,0,0,0,0.00459794,471.398128323744,0.00458740176431489,473.565588633889
34128,8994,152.2,11659.19,5.07322,0.230048,-1.300171,0,0,0,0,0,0,0,0,0,0,0,0.00460096,471.685771447751,0.00459040793757138,473.855978814751
34129,8994,152.2667,11666.43,5.07552,0.230204,-1.294343,0,0,0,0,0,0,0,0,0,0,0,0.00460408,471.978673869384,0.00459351364349765,474.151701442173
34130,8994,152.3333,11674.07,5.07766,0.230378,-1.302106,0,0,0,0,0,0,0,0,0,0,0,0.00460756,472.287758745251,0.0045969776887288,474.463852930935
34131,8994,152.4,11681.37,5.07992,0.230513,-1.297198,0,0,0,0,0,0,0,0,0,0,0,0.00461026,472.583088535019,0.00459966530176223,474.761819444769
34132,8994,152.4667,11689,5.08222,0.230659,-1.300506,0,0,0,0,0,0,0,0,0,0,0,0.00461318,472.891768849531,0.00460257189735722,475.073303699752
34133,8994,152.5333,11697.13,5.08432,0.230851,-1.304039,0,0,0,0,0,0,0,0,0,0,0,0.00461702,473.220677231834,0.0046063942567862,475.405546563027
34134,8994,152.6,11704.05,5.0866,0.231033,-1.308154,0,0,0,0,0,0,0,0,0,0,0,0.00462066,473.50063369008,0.00461001752150626,475.688519128147
34135,8994,152.6667,11711.39,5.08894,0.231202,-1.296991,0,0,0,0,0,0,0,0,0,0,0,0.00462404,473.797581725272,0.00461338196984836,475.988440695073
34136,8994,152.7333,11719.79,5.09102,0.231373,-1.295741,0,0,0,0,0,0,0,0,0,0,0,0.00462746,474.137413264184,0.00461678622262616,476.331465178567
34137,8994,152.8,11726.68,5.09322,0.231553,-1.297337,0,0,0,0,0,0,0,0,0,0,0,0.00463106,474.416156038362,0.00462036963408273,476.613205721945
34138,8994,152.8667,11733.36,5.09556,0.231691,-1.285553,0,0,0,0,0,0,0,0,0,0,0,0.00463382,474.686403024068,0.00462311690750355,476.886014372129
34139,8994,152.9333,11741.49,5.0977,0.231849,-1.289613,0,0,0,0,0,0,0,0,0,0,0,0.00463698,475.015311406371,0.00462626232722486,477.217947905057
34140,8994,153,11748.76,5.0999,0.232008,-1.289073,0,0,0,0,0,0,0,0,0,0,0,0.00464016,475.309427512072,0.00462942764467828,477.514939305237
34141,8994,153.0667,11755.39,5.10224,0.232154,-1.284489,0,0,0,0,0,0,0,0,0,0,0,0.00464308,475.577651690999,0.00463233415376758,477.785796774012
34142,8994,153.1333,11763.61,5.10442,0.232308,-1.282825,0,0,0,0,0,0,0,0,0,0,0,0.00464616,475.910201125505,0.00463539991447424,478.121356065566
34143,8994,153.2,11770.96,5.1066,0.232494,-1.284191,0,0,0,0,0,0,0,0,0,0,0,0.00464988,476.207553722052,0.00463910270383528,478.421861701954
34144,8994,153.2667,11777.76,5.10892,0.232674,-1.282041,0,0,0,0,0,0,0,0,0,0,0,0.00465348,476.482655444028,0.00464268603532375,478.699957951484
34145,8994,153.3333,11785.89,5.11106,0.232848,-1.281473,0,0,0,0,0,0,0,0,0,0,0,0.00465696,476.811563826332,0.00464614991022398,479.032056206609
34146,8994,153.4,11793.13,5.1132,0.233019,-1.278513,0,0,0,0,0,0,0,0,0,0,0,0.00466038,477.104466247965,0.00464955405145345,479.327954360378
34147,8994,153.4667,11799.72,5.11554,0.23316,-1.277434,0,0,0,0,0,0,0,0,0,0,0,0.0046632,477.371072181468,0.00465236096620629,479.597148965265
34148,8994,153.5333,11807.8,5.11772,0.233349,-1.27773,0,0,0,0,0,0,0,0,0,0,0,0.00466698,477.697957756993,0.00465612341404861,479.927364571886
34149,8994,153.6,11815.39,5.11992,0.233536,-1.28361,0,0,0,0,0,0,0,0,0,0,0,0.00467072,478.005019826081,0.00465984603369579,480.237647432283
34150,8994,153.6667,11822.52,5.12226,0.233679,-1.276625,0,0,0,0,0,0,0,0,0,0,0,0.00467358,478.2934720728,0.0046626927334873,480.52881487801
34151,8994,153.7333,11831.02,5.12444,0.233882,-1.273639,0,0,0,0,0,0,0,0,0,0,0,0.00467764,478.637349225269,0.00466673383885461,480.8762424355
34152,8994,153.8,11838.49,5.1266,0.234035,-1.272558,0,0,0,0,0,0,0,0,0,0,0,0.0046807,478.939556558087,0.00466977958728001,481.181328940469
34153,8994,153.8667,11845.42,5.12894,0.234191,-1.276625,0,0,0,0,0,0,0,0,0,0,0,0.00468382,479.219917577689,0.00467288504671145,481.464497412038
34154,8994,153.9333,11853.53,5.13108,0.234381,-1.271224,0,0,0,0,0,0,0,0,0,0,0,0.00468762,479.548016837281,0.00467666732401902,481.795955711968
34155,8994,154,11860.96,5.13321,0.234547,-1.27411,0,0,0,0,0,0,0,0,0,0,0,0.00469094,479.848605924675,0.00467997182827335,482.099546944152
34156,8994,154.0667,11867.36,5.13554,0.23468,-1.280819,0,0,0,0,0,0,0,0,0,0,0,0.0046936,480.107525192417,0.00468261940512794,482.36095787266
34157,8994,154.1333,11875.25,5.1378,0.234846,-1.277752,0,0,0,0,0,0,0,0,0,0,0,0.00469692,480.426724102181,0.00468592388971368,482.683249991151
34158,8994,154.2,11883.3,5.13998,0.235036,-1.276242,0,0,0,0,0,0,0,0,0,0,0,0.00470072,480.752395993637,0.00468970611770515,483.012278396533
34159,8994,154.2667,11890.43,5.14224,0.235218,-1.280902,0,0,0,0,0,0,0,0,0,0,0,0.00470436,481.040848240356,0.00469332908057741,483.303837565184
34160,8994,154.3333,11898.1,5.14448,0.235386,-1.279154,0,0,0,0,0,0,0,0,0,0,0,0.00470772,481.351146800291,0.00469667334234776,483.617213221106
34161,8994,154.4,11905.96,5.14668,0.235571,-1.273199,0,0,0,0,0,0,0,0,0,0,0,0.00471142,481.669132025987,0.0047003559986202,483.938477607997
34162,8994,154.4667,11913.18,5.14886,0.235729,-1.268469,0,0,0,0,0,0,0,0,0,0,0,0.00471458,481.961225324908,0.00470350117540193,484.233470078601
34163,8994,154.5333,11920.47,5.15106,0.235878,-1.273483,0,0,0,0,0,0,0,0,0,0,0,0.00471756,482.256150553321,0.00470646718748144,484.531222878925
34164,8994,154.6,11927.75,5.1533,0.23606,-1.279292,0,0,0,0,0,0,0,0,0,0,0,0.0047212,482.550671220377,0.00471009008962958,484.828889449343
34165,8994,154.6667,11934.97,5.15551,0.2362,-1.278491,0,0,0,0,0,0,0,0,0,0,0,0.004724,482.842764519299,0.00471287692850417,485.123713738888
34166,8994,154.7333,11942.71,5.15776,0.236392,-1.28555,0,0,0,0,0,0,0,0,0,0,0,0.00472784,483.155895008724,0.00471669886633174,485.440178775382
34167,8994,154.8,11950.46,5.16004,0.236546,-1.287545,0,0,0,0,0,0,0,0,0,0,0,0.00473092,483.469430059506,0.00471976436840769,485.756685255563
34168,8994,154.8667,11958.25,5.16221,0.236717,-1.289224,0,0,0,0,0,0,0,0,0,0,0,0.00473434,483.784583355711,0.00472316825905257,486.074984060075
34169,8994,154.9333,11965.7,5.16446,0.236902,-1.282399,0,0,0,0,0,0,0,0,0,0,0,0.00473804,484.085981565817,0.00472685081775504,486.379600309915
34170,8994,155,11973.26,5.16674,0.237078,-1.28283,0,0,0,0,0,0,0,0,0,0,0,0.00474156,484.391829950837,0.00473035421236519,486.688602876059
34171,8994,155.0667,11980.72,5.16883,0.237216,-1.283051,0,0,0,0,0,0,0,0,0,0,0,0.00474432,484.693632722299,0.00473310118364511,486.993174417896
34172,8994,155.1333,11987.84,5.17111,0.23738,-1.277562,0,0,0,0,0,0,0,0,0,0,0,0.0047476,484.981680407662,0.00473636569042656,487.284179433565
34173,8994,155.2,11995.03,5.1734,0.237518,-1.277868,0,0,0,0,0,0,0,0,0,0,0,0.00475036,485.272560022516,0.00473911264519341,487.577779380744
34174,8994,155.2667,12002.58,5.17551,0.237687,-1.283976,0,0,0,0,0,0,0,0,0,0,0,0.00475374,485.57800384618,0.0047424766592304,487.886315426184
34175,8994,155.3333,12009.78,5.17779,0.237836,-1.281457,0,0,0,0,0,0,0,0,0,0,0,0.00475672,485.86928802239,0.00474544255571058,488.180432182112
34176,8994,155.4,12017.01,5.1801,0.23801,-1.285278,0,0,0,0,0,0,0,0,0,0,0,0.0047602,486.161785882667,0.00474890607469399,488.476013215826
34177,8994,155.4667,12025.07,5.18217,0.238163,-1.288134,0,0,0,0,0,0,0,0,0,0,0,0.00476326,486.48786233548,0.00475195157285409,488.805130510628
34178,8994,155.5333,12032.17,5.18443,0.238327,-1.285974,0,0,0,0,0,0,0,0,0,0,0,0.00476654,486.775100898131,0.00475521601809899,489.095333887566
34179,8994,155.6,12039.25,5.18678,0.238478,-1.284347,0,0,0,0,0,0,0,0,0,0,0,0.00476956,487.061530338071,0.00475822168691963,489.38459953071
34180,8994,155.6667,12047.37,5.18887,0.238668,-1.281297,0,0,0,0,0,0,0,0,0,0,0,0.00477336,487.390034159019,0.00476200364147475,489.716522252472
34181,8994,155.7333,12054.87,5.19105,0.238837,-1.280194,0,0,0,0,0,0,0,0,0,0,0,0.00477674,487.693455175904,0.00476536757850733,490.023040010981
34182,8994,155.8,12061.73,5.19341,0.238972,-1.27661,0,0,0,0,0,0,0,0,0,0,0,0.00477944,487.970984266015,0.00476805473901262,490.303212307055
34183,8994,155.8667,12069.72,5.19557,0.239141,-1.273134,0,0,0,0,0,0,0,0,0,0,0,0.00478282,488.294228789337,0.00477141865568957,490.629652192675
34184,8994,155.9333,12077.44,5.19773,0.23932,-1.283857,0,0,0,0,0,0,0,0,0,0,0,0.0047864,488.606550156051,0.00477498160835064,490.945216547718
34185,8994,156,12084.38,5.20011,0.239476,-1.277823,0,0,0,0,0,0,0,0,0,0,0,0.00478952,488.887315737008,0.00477808674109938,491.228851313477
34186,8994,156.0667,12092.3,5.20229,0.23965,-1.284134,0,0,0,0,0,0,0,0,0,0,0,0.004793,489.207728330839,0.00478155014702108,491.552500972729
34187,8994,156.1333,12099.93,5.20445,0.239801,-1.283177,0,0,0,0,0,0,0,0,0,0,0,0.00479602,489.516408645351,0.0047845557366912,491.864139131542
34188,8994,156.2,12106.88,5.20679,0.23996,-1.280202,0,0,0,0,0,0,0,0,0,0,0,0.0047992,489.797578787664,0.00478772055313617,492.148215327782
34189,8994,156.2667,12114.64,5.20893,0.240147,-1.276637,0,0,0,0,0,0,0,0,0,0,0,0.00480294,490.111518399801,0.00479144268293062,492.465494615985
34190,8994,156.3333,12121.96,5.21103,0.240298,-1.278246,0,0,0,0,0,0,0,0,0,0,0,0.00480596,490.407657312281,0.00479444824286826,492.764536897018
34191,8994,156.4,12128.5,5.21341,0.240421,-1.277694,0,0,0,0,0,0,0,0,0,0,0,0.00480842,490.672240439005,0.00479689647375714,493.031598653377
34192,8994,156.4667,12136.21,5.21557,0.240608,-1.277795,0,0,0,0,0,0,0,0,0,0,0,0.00481216,490.984157244363,0.00480061856939763,493.346851566488
34193,8994,156.5333,12143.79,5.21775,0.240787,-1.287405,0,0,0,0,0,0,0,0,0,0,0,0.00481574,491.290814752095,0.0048041814180225,493.65674358033
34194,8994,156.6,12150.86,5.22011,0.240933,-1.281409,0,0,0,0,0,0,0,0,0,0,0,0.00481866,491.576839630679,0.00480708741923348,493.945581284734
34195,8994,156.6667,12158.92,5.22229,0.241089,-1.278364,0,0,0,0,0,0,0,0,0,0,0,0.00482178,491.902916083492,0.00481019245229117,494.274763726205
34196,8994,156.7333,12166.57,5.22443,0.241278,-1.273126,0,0,0,0,0,0,0,0,0,0,0,0.00482556,492.212405520715,0.00481395430634851,494.587606016299
34197,8994,156.8,12173.6,5.22677,0.24146,-1.275836,0,0,0,0,0,0,0,0,0,0,0,0.0048292,492.496812153875,0.00481757681910298,494.875177759129
34198,8994,156.8667,12181.42,5.22893,0.241649,-1.279157,0,0,0,0,0,0,0,0,0,0,0,0.00483298,492.813179134148,0.00482133864538157,495.194935372639
34199,8994,156.9333,12188.9,5.23103,0.241831,-1.27629,0,0,0,0,0,0,0,0,0,0,0,0.00483662,493.115791028321,0.00482496113138632,495.500804725524
34200,8994,157,12195.53,5.23337,0.241982,-1.278913,0,0,0,0,0,0,0,0,0,0,0,0.00483964,493.384015207248,0.00482796659058386,495.771816222605
34201,8994,157.0667,12203.08,5.23563,0.242161,-1.27949,0,0,0,0,0,0,0,0,0,0,0,0.00484322,493.689459030912,0.00483152934177338,496.08050569268
34202,8994,157.1333,12211.18,5.23781,0.242368,-1.276802,0,0,0,0,0,0,0,0,0,0,0,0.00484736,494.017153729148,0.00483564937899837,496.411832719449
34203,8994,157.2,12218.55,5.24007,0.242519,-1.28134,0,0,0,0,0,0,0,0,0,0,0,0.00485038,494.315315448407,0.00483865480607305,496.712932568152
34204,8994,157.2667,12226.14,5.24233,0.242722,-1.291813,0,0,0,0,0,0,0,0,0,0,0,0.00485444,494.622377517495,0.00484269520042308,497.023492171811
34205,8994,157.3333,12233.54,5.24453,0.24286,-1.287737,0,0,0,0,0,0,0,0,0,0,0,0.0048572,494.921752920822,0.00484544186312351,497.325686859109
34206,8994,157.4,12240.68,5.24671,0.243036,-1.271928,0,0,0,0,0,0,0,0,0,0,0,0.00486072,495.210609728897,0.0048489448422878,497.617689843818
34207,8994,157.4667,12248.07,5.24895,0.2432,-1.262302,0,0,0,0,0,0,0,0,0,0,0,0.004864,495.509580570868,0.00485220897091935,497.919739170764
34208,8994,157.5333,12255.2,5.25115,0.243369,-1.264994,0,0,0,0,0,0,0,0,0,0,0,0.00486738,495.798032817587,0.00485557260452109,498.211270246562
34209,8994,157.6,12262.53,5.25337,0.243533,-1.270885,0,0,0,0,0,0,0,0,0,0,0,0.00487066,496.094576291422,0.00485883671151866,498.510884300382
34210,8994,157.6667,12270.42,5.25563,0.243704,-1.264821,0,0,0,0,0,0,0,0,0,0,0,0.00487408,496.413775201186,0.00486224012881044,498.833335654618
34211,8994,157.7333,12277.97,5.25789,0.243904,-1.263572,0,0,0,0,0,0,0,0,0,0,0,0.00487808,496.71921902485,0.00486622071913348,499.142255112791
34212,8994,157.8,12285.58,5.26005,0.244063,-1.270554,0,0,0,0,0,0,0,0,0,0,0,0.00488126,497.02709021665,0.00486938527713495,499.453208671041
34213,8994,157.8667,12293.2,5.26231,0.244242,-1.263244,0,0,0,0,0,0,0,0,0,0,0,0.00488484,497.335365969805,0.00487294788076309,499.764769658909
34214,8994,157.9333,12300.34,5.26455,0.244408,-1.265326,0,0,0,0,0,0,0,0,0,0,0,0.00488816,497.62422277788,0.0048762517364722,500.056689598694
34215,8994,158,12307.83,5.26667,0.244572,-1.269995,0,0,0,0,0,0,0,0,0,0,0,0.00489144,497.927239233409,0.00487951577597191,500.362820448485
34216,8994,158.0667,12315.34,5.26893,0.244744,-1.269084,0,0,0,0,0,0,0,0,0,0,0,0.00489488,498.23106481165,0.00488293902546439,500.669846086175
34217,8994,158.1333,12322.36,5.27121,0.244905,-1.268453,0,0,0,0,0,0,0,0,0,0,0,0.0048981,498.515066883455,0.00488614333559187,500.956843532557
34218,8994,158.2,12329.92,5.27335,0.245084,-1.266565,0,0,0,0,0,0,0,0,0,0,0,0.00490168,498.820915268475,0.00488970587951851,501.265975772428
34219,8994,158.2667,12337.5,5.27561,0.245271,-1.267889,0,0,0,0,0,0,0,0,0,0,0,0.00490542,499.127572776207,0.00489342762973041,501.576003154255
34220,8994,158.3333,12344.58,5.27795,0.24545,-1.266975,0,0,0,0,0,0,0,0,0,0,0,0.004909,499.414002216147,0.00489699014770658,501.865625553026
34221,8994,158.4,12352.51,5.28003,0.245629,-1.265998,0,0,0,0,0,0,0,0,0,0,0,0.00491258,499.734819371333,0.00490055265299126,502.189806650281
34222,8994,158.4667,12360,5.28229,0.245795,-1.268386,0,0,0,0,0,0,0,0,0,0,0,0.0049159,500.037835826863,0.00490385641749959,502.495971824004
34223,8994,158.5333,12366.96,5.28467,0.245929,-1.262419,0,0,0,0,0,0,0,0,0,0,0,0.00491858,500.319410530532,0.00490652330377962,502.78027157678
34224,8994,158.6,12375.03,5.28673,0.246118,-1.263722,0,0,0,0,0,0,0,0,0,0,0,0.00492236,500.645891544701,0.00491028479547249,503.110250855405
34225,8994,158.6667,12382.47,5.28889,0.246287,-1.271572,0,0,0,0,0,0,0,0,0,0,0,0.00492574,500.946885193451,0.00491364823373443,503.414419303724
34226,8994,158.7333,12388.97,5.29127,0.246438,-1.271211,0,0,0,0,0,0,0,0,0,0,0,0.00492876,501.209850074751,0.00491665342639895,503.680193135406
34227,8994,158.8,12396.7,5.29341,0.246627,-1.269389,0,0,0,0,0,0,0,0,0,0,0,0.00493254,501.522576002821,0.00492041487998772,503.996356169858
34228,8994,158.8667,12404.76,5.29555,0.246809,-1.271748,0,0,0,0,0,0,0,0,0,0,0,0.00493618,501.848652455634,0.00492403700710863,504.325867736912
34229,8994,158.9333,12411.9,5.29795,0.246955,-1.271621,0,0,0,0,0,0,0,0,0,0,0,0.0049391,502.137509263709,0.0049269426600405,504.617616635713
34230,8994,159,12419.81,5.30011,0.247116,-1.273327,0,0,0,0,0,0,0,0,0,0,0,0.00494232,502.457517296184,0.00493014682917002,504.940823133067
34231,8994,159.0667,12427.82,5.30225,0.247316,-1.273792,0,0,0,0,0,0,0,0,0,0,0,0.00494632,502.781570942217,0.00493412714919401,505.2684894822
34232,8994,159.1333,12434.88,5.30465,0.247507,-1.277202,0,0,0,0,0,0,0,0,0,0,0,0.00495014,503.067191259445,0.0049379283400276,505.557444285586
34233,8994,159.2,12442.54,5.30679,0.247675,-1.290452,0,0,0,0,0,0,0,0,0,0,0,0.0049535,503.377085258024,0.00494127178389539,505.870563649849
34234,8994,159.2667,12450.12,5.30887,0.247812,-1.280704,0,0,0,0,0,0,0,0,0,0,0,0.00495624,503.683742765756,0.00494399827448895,506.180120279001
34235,8994,159.3333,12456.58,5.31127,0.247939,-1.272818,0,0,0,0,0,0,0,0,0,0,0,0.00495878,503.945089401633,0.00494652574453083,506.444042232056
34236,8994,159.4,12463.82,5.31343,0.248125,-1.277888,0,0,0,0,0,0,0,0,0,0,0,0.0049625,504.237991823266,0.00495022738203978,506.740272857689
34237,8994,159.4667,12471.83,5.31555,0.248321,-1.271979,0,0,0,0,0,0,0,0,0,0,0,0.00496642,504.5620454693,0.00495412801749105,507.067912503159
34238,8994,159.5333,12478.75,5.31799,0.248489,-1.268315,0,0,0,0,0,0,0,0,0,0,0,0.00496978,504.842001927546,0.00495747140719666,507.350955611885
34239,8994,159.6,12486.45,5.32017,0.248667,-1.280055,0,0,0,0,0,0,0,0,0,0,0,0.00497334,505.153514171548,0.00496101379599832,507.665814349718
34240,8994,159.6667,12494.43,5.32227,0.248843,-1.279739,0,0,0,0,0,0,0,0,0,0,0,0.00497686,505.476354133514,0.00496451637034064,507.992039181347
34241,8994,159.7333,12501.25,5.32461,0.248983,-1.278398,0,0,0,0,0,0,0,0,0,0,0,0.00497966,505.752264978201,0.00496730250026158,508.270739302023
34242,8994,159.8,12508.67,5.32681,0.249146,-1.279205,0,0,0,0,0,0,0,0,0,0,0,0.00498292,506.05244950424,0.00497054634174638,508.574068375923
34243,8994,159.8667,12516.37,5.32888,0.249306,-1.273392,0,0,0,0,0,0,0,0,0,0,0,0.00498612,506.363961748242,0.00497373047039355,508.888753225194
34244,8994,159.9333,12523.03,5.33123,0.249474,-1.276663,0,0,0,0,0,0,0,0,0,0,0,0.00498948,506.633399611236,0.00497707379456128,509.161236825928
34245,8994,160,12530.36,5.33351,0.249634,-1.270704,0,0,0,0,0,0,0,0,0,0,0,0.00499268,506.929943085072,0.00498025790242408,509.460882073314
34246,8994,160.0667,12538.36,5.33563,0.249807,-1.278876,0,0,0,0,0,0,0,0,0,0,0,0.00499614,507.253592169749,0.00498370070764333,509.787902131732
34247,8994,160.1333,12545.66,5.33791,0.249983,-1.276028,0,0,0,0,0,0,0,0,0,0,0,0.00499966,507.548921959518,0.0049872032025241,510.086494002682
34248,8994,160.2,12553.06,5.34019,0.250143,-1.266481,0,0,0,0,0,0,0,0,0,0,0,0.00500286,507.848297362845,0.00499038727813421,510.388991295789
34249,8994,160.2667,12560.71,5.34233,0.250342,-1.270478,0,0,0,0,0,0,0,0,0,0,0,0.00500684,508.157786800067,0.00499434745802789,510.702051533329
34250,8994,160.3333,12568.06,5.34457,0.25051,-1.277264,0,0,0,0,0,0,0,0,0,0,0,0.0050102,508.455139396615,0.00499769071326716,511.00260133602
34251,8994,160.4,12575.3,5.34681,0.250663,-1.281721,0,0,0,0,0,0,0,0,0,0,0,0.00501326,508.748041818248,0.00500073545384928,511.298528026374
34252,8994,160.4667,12582.54,5.34897,0.250831,-1.27856,0,0,0,0,0,0,0,0,0,0,0,0.00501662,509.040944239881,0.00500407868773197,511.594609221574
34253,8994,160.5333,12589.75,5.35125,0.251009,-1.280465,0,0,0,0,0,0,0,0,0,0,0,0.00502018,509.332632977447,0.00500762091143665,511.889574474868
34254,8994,160.6,12597.39,5.35349,0.251182,-1.272291,0,0,0,0,0,0,0,0,0,0,0,0.00502364,509.641717853314,0.00501106362245185,512.201974372791
34255,8994,160.6667,12604.66,5.35571,0.251317,-1.278943,0,0,0,0,0,0,0,0,0,0,0,0.00502634,509.935833959015,0.0050137501228142,512.498944838676
34256,8994,160.7333,12612.13,5.35789,0.251505,-1.292668,0,0,0,0,0,0,0,0,0,0,0,0.0050301,510.238041291833,0.00501749131129547,512.804589663335
34257,8994,160.8,12619.79,5.36017,0.251678,-1.288303,0,0,0,0,0,0,0,0,0,0,0,0.00503356,510.547935290411,0.00502093398832996,513.117808955572
34258,8994,160.8667,12626.92,5.36237,0.251836,-1.279763,0,0,0,0,0,0,0,0,0,0,0,0.00503672,510.83638753713,0.00502407815700064,513.409327386966
34259,8994,160.9333,12634.5,5.36456,0.252034,-1.286651,0,0,0,0,0,0,0,0,0,0,0,0.00504068,511.143045044862,0.00502801830378296,513.719553569159
34260,8994,161,12641.96,5.36681,0.252182,-1.291355,0,0,0,0,0,0,0,0,0,0,0,0.00504364,511.444847816324,0.00503096345386502,514.024391508564
34261,8994,161.0667,12649,5.36905,0.252337,-1.294446,0,0,0,0,0,0,0,0,0,0,0,0.00504674,511.72965901084,0.00503404789228718,514.312225550157
34262,8994,161.1333,12656.7,5.37124,0.252508,-1.287492,0,0,0,0,0,0,0,0,0,0,0,0.00505016,512.041171254843,0.00503745071331523,514.627061096267
34263,8994,161.2,12664.41,5.37344,0.252663,-1.292367,0,0,0,0,0,0,0,0,0,0,0,0.00505326,512.353088060201,0.00504053513172792,514.942141425972
34264,8994,161.2667,12671.21,5.37575,0.252834,-1.297658,0,0,0,0,0,0,0,0,0,0,0,0.00505668,512.628189782176,0.00504393793068139,515.220386496884
34265,8994,161.3333,12678.87,5.37793,0.253032,-1.294158,0,0,0,0,0,0,0,0,0,0,0,0.00506064,512.938083780755,0.00504787799921422,515.53387876506
34266,8994,161.4,12686.94,5.38014,0.253213,-1.291027,0,0,0,0,0,0,0,0,0,0,0,0.00506426,513.264564794924,0.00505147976545272,515.863869999832
34267,8994,161.4667,12693.95,5.38249,0.253363,-1.287668,0,0,0,0,0,0,0,0,0,0,0,0.00506726,513.548162305373,0.00505446464477044,516.150444366296
34268,8994,161.5333,12701.67,5.38462,0.253541,-1.278923,0,0,0,0,0,0,0,0,0,0,0,0.00507082,513.860483672087,0.00505800669000161,516.466177689901
34269,8994,161.6,12709.55,5.38674,0.253694,-1.277341,0,0,0,0,0,0,0,0,0,0,0,0.00507388,514.179278020494,0.00506105124694326,516.788161975657
34270,8994,161.6667,12715.96,5.38906,0.253859,-1.274592,0,0,0,0,0,0,0,0,0,0,0,0.00507718,514.438601849592,0.00506433458227621,517.05049923013
34271,8994,161.7333,12722.83,5.39128,0.254032,-1.278401,0,0,0,0,0,0,0,0,0,0,0,0.00508064,514.716535501059,0.0050677770980485,517.331624919987
34272,8994,161.8,12730.92,5.39344,0.254228,-1.27649,0,0,0,0,0,0,0,0,0,0,0,0.00508456,515.043825637939,0.00507167727500902,517.662596872025
34273,8994,161.8667,12738.17,5.39578,0.254404,-1.268422,0,0,0,0,0,0,0,0,0,0,0,0.00508808,515.337132620928,0.0050751794617664,517.959209178674
34274,8994,161.9333,12745.62,5.39796,0.25459,-1.271424,0,0,0,0,0,0,0,0,0,0,0,0.0050918,515.638530831034,0.00507888062307744,518.264059102319
34275,8994,162,12753.88,5.40014,0.254768,-1.275865,0,0,0,0,0,0,0,0,0,0,0,0.00509536,515.972698510963,0.00508242258182732,518.601765160048
34276,8994,162.0667,12761.11,5.40247,0.254931,-1.281796,0,0,0,0,0,0,0,0,0,0,0,0.00509862,516.265196371241,0.00508566604990293,518.897436426763
34277,8994,162.1333,12768.57,5.40462,0.255071,-1.286697,0,0,0,0,0,0,0,0,0,0,0,0.00510142,516.566999142703,0.00508845184230582,519.202224363469
34278,8994,162.2,12776.62,5.40676,0.255234,-1.284345,0,0,0,0,0,0,0,0,0,0,0,0.00510468,516.89267103416,0.00509169529082602,519.531242714134
34279,8994,162.2667,12783.5,5.40908,0.255407,-1.290447,0,0,0,0,0,0,0,0,0,0,0,0.00510814,517.171009246982,0.00509513771240987,519.812791166157
34280,8994,162.3333,12790.7,5.41126,0.255567,-1.286998,0,0,0,0,0,0,0,0,0,0,0,0.00511134,517.462293423192,0.00509832144436743,520.107219142058
34281,8994,162.4,12798.63,5.41346,0.25573,-1.283699,0,0,0,0,0,0,0,0,0,0,0,0.0051146,517.783110578379,0.00510156486087607,520.431364075743
34282,8994,162.4667,12805.93,5.41584,0.255888,-1.281483,0,0,0,0,0,0,0,0,0,0,0,0.00511776,518.078440368147,0.00510470877604031,520.729841487126
34283,8994,162.5333,12813.71,5.418,0.256089,-1.272637,0,0,0,0,0,0,0,0,0,0,0,0.00512178,518.393189102996,0.00510870829940059,521.04828497108
34284,8994,162.6,12821.58,5.42014,0.256298,-1.27678,0,0,0,0,0,0,0,0,0,0,0,0.00512596,518.711578890048,0.00511286699080637,521.370473694975
34285,8994,162.6667,12828.54,5.42246,0.256402,-1.274166,0,0,0,0,0,0,0,0,0,0,0,0.00512804,518.993153593717,0.00511493638104265,521.654571245072
34286,8994,162.7333,12835.83,5.42464,0.25659,-1.277482,0,0,0,0,0,0,0,0,0,0,0,0.0051318,519.288078822129,0.00511867719098692,521.952961385029
34287,8994,162.8,12843.41,5.42674,0.256761,-1.278488,0,0,0,0,0,0,0,0,0,0,0,0.00513522,519.594736329861,0.00512207972404951,522.262969611757
34288,8994,162.8667,12850.19,5.42908,0.256878,-1.28033,0,0,0,0,0,0,0,0,0,0,0,0.00513756,519.869028929126,0.00512440776631648,522.539887257391
34289,8994,162.9333,12857.35,5.43132,0.257056,-1.288601,0,0,0,0,0,0,0,0,0,0,0,0.00514112,520.158694859912,0.00512794956381483,522.83289312923
34290,8994,163,12865.24,5.43348,0.257255,-1.288571,0,0,0,0,0,0,0,0,0,0,0,0.0051451,520.477893769675,0.00513190919897566,523.15580458091
34291,8994,163.0667,12872.81,5.4358,0.257433,-1.282672,0,0,0,0,0,0,0,0,0,0,0,0.00514866,520.784146716052,0.0051354509699056,523.465487220883
34292,8994,163.1333,12880.44,5.438,0.257606,-1.283046,0,0,0,0,0,0,0,0,0,0,0,0.00515212,521.092827030563,0.00513889324086773,523.777559806564
34293,8994,163.2,12888,5.44018,0.257771,-1.283694,0,0,0,0,0,0,0,0,0,0,0,0.00515542,521.398675415583,0.00514217632062968,524.086704574794
34294,8994,163.2667,12895.26,5.44246,0.257937,-1.289654,0,0,0,0,0,0,0,0,0,0,0,0.00515874,521.692386959928,0.00514547928696807,524.383662344234
34295,8994,163.3333,12902.87,5.44462,0.258117,-1.295175,0,0,0,0,0,0,0,0,0,0,0,0.00516234,522.000258151728,0.00514906080440418,524.695000964395
34296,8994,163.4,12909.96,5.44678,0.258285,-1.2878,0,0,0,0,0,0,0,0,0,0,0,0.0051657,522.287092153023,0.00515240354243813,524.985070584958
34297,8994,163.4667,12917.13,5.44912,0.258446,-1.282548,0,0,0,0,0,0,0,0,0,0,0,0.00516892,522.577162645165,0.00515560698923543,525.278322192705
34298,8994,163.5333,12925.04,5.45132,0.258621,-1.284256,0,0,0,0,0,0,0,0,0,0,0,0.00517242,522.89717067764,0.00515908898498452,525.601814461197
34299,8994,163.6,12932.59,5.45352,0.258805,-1.285308,0,0,0,0,0,0,0,0,0,0,0,0.0051761,523.202614501305,0.00516275004172492,525.910763554225
34300,8994,163.6667,12940.05,5.4558,0.258993,-1.283008,0,0,0,0,0,0,0,0,0,0,0,0.00517986,523.504417272767,0.00516649067281198,526.216096863621
34301,8994,163.7333,12947.88,5.45802,0.259156,-1.281257,0,0,0,0,0,0,0,0,0,0,0,0.00518312,523.821188814395,0.00516973386822754,526.536216894563
34302,8994,163.8,12955.11,5.4602,0.259326,-1.281204,0,0,0,0,0,0,0,0,0,0,0,0.00518652,524.113686674672,0.00517311633076811,526.832012792884
34303,8994,163.8667,12962.34,5.46244,0.259487,-1.277491,0,0,0,0,0,0,0,0,0,0,0,0.00518974,524.40618453495,0.00517631971121389,527.127716287078
34304,8994,163.9333,12969.93,5.46466,0.259667,-1.279411,0,0,0,0,0,0,0,0,0,0,0,0.00519334,524.713246604037,0.00517990111819617,527.438260896156
34305,8994,164,12976.99,5.46684,0.259846,-1.27643,0,0,0,0,0,0,0,0,0,0,0,0.00519692,524.998866921265,0.00518346261575337,527.727244032746
34306,8994,164.0667,12984.26,5.46908,0.259996,-1.280921,0,0,0,0,0,0,0,0,0,0,0,0.00519992,525.292983026966,0.0051864471011448,528.024464515268
34307,8994,164.1333,12991.94,5.4713,0.260176,-1.28415,0,0,0,0,0,0,0,0,0,0,0,0.00520352,525.603686148257,0.00519002847185724,528.338675441203
34308,8994,164.2,12999.04,5.47358,0.260332,-1.278287,0,0,0,0,0,0,0,0,0,0,0,0.00520664,525.890924710908,0.00519313231609957,528.629049435145
34309,8994,164.2667,13006.67,5.47578,0.260487,-1.283499,0,0,0,0,0,0,0,0,0,0,0,0.00520974,526.199605025419,0.00519621625436318,528.940968155704
34310,8994,164.3333,13014.63,5.47796,0.260696,-1.280013,0,0,0,0,0,0,0,0,0,0,0,0.00521392,526.521635864673,0.00520037458186728,529.266877552341
34311,8994,164.4,13021.38,5.48028,0.260856,-1.281234,0,0,0,0,0,0,0,0,0,0,0,0.00521712,526.79471477987,0.0052035579787968,529.543066022242
34312,8994,164.4667,13028.93,5.48248,0.261016,-1.277595,0,0,0,0,0,0,0,0,0,0,0,0.00522032,527.100158603535,0.00520674136559256,529.851790103496
34313,8994,164.5333,13037.06,5.48462,0.261217,-1.280014,0,0,0,0,0,0,0,0,0,0,0,0.00522434,527.429066985838,0.00521074048089275,530.184535757655
34314,8994,164.6,13043.65,5.4869,0.261365,-1.280188,0,0,0,0,0,0,0,0,0,0,0,0.0052273,527.695672919341,0.00521368509288053,530.454096510393
34315,8994,164.6667,13050.74,5.48914,0.261513,-1.284472,0,0,0,0,0,0,0,0,0,0,0,0.00523026,527.982506920637,0.0052166296961976,530.743992707284
34316,8994,164.7333,13059.07,5.49128,0.261734,-1.289492,0,0,0,0,0,0,0,0,0,0,0,0.00523468,528.319506530057,0.00522102668906434,531.0850900845
34317,8994,164.8,13066.2,5.49358,0.261887,-1.291404,0,0,0,0,0,0,0,0,0,0,0,0.00523774,528.607958776776,0.00522407074972354,531.37666982678
34318,8994,164.8667,13073.5,5.49582,0.262024,-1.294777,0,0,0,0,0,0,0,0,0,0,0,0.00524048,528.903288566545,0.00522679646937844,531.674995672212
34319,8994,164.9333,13081.82,5.498,0.262233,-1.297247,0,0,0,0,0,0,0,0,0,0,0,0.00524466,529.239883614609,0.00523095466972198,532.015566862607
34320,8994,165,13089.04,5.50032,0.262393,-1.289624,0,0,0,0,0,0,0,0,0,0,0,0.00524786,529.531976913531,0.0052341379693048,532.310886593896
34321,8994,165.0667,13096.32,5.5025,0.262556,-1.289928,0,0,0,0,0,0,0,0,0,0,0,0.00525112,529.826497580587,0.00523738094533452,532.608680098563
34322,8994,165.1333,13104.36,5.5046,0.262737,-1.292189,0,0,0,0,0,0,0,0,0,0,0,0.00525474,530.151764910688,0.00524098202909359,532.937574595835
34323,8994,165.2,13111.07,5.5069,0.262879,-1.295415,0,0,0,0,0,0,0,0,0,0,0,0.00525758,530.423225580462,0.0052438071796503,533.211968122809
34324,8994,165.2667,13118,5.50912,0.263047,-1.299821,0,0,0,0,0,0,0,0,0,0,0,0.00526094,530.703586600064,0.00524714960098747,533.495586326951
34325,8994,165.3333,13126.2,5.51128,0.263236,-1.300486,0,0,0,0,0,0,0,0,0,0,0,0.00526472,531.035326911858,0.00525090981163796,533.831079218158
34326,8994,165.4,13133.36,5.51364,0.263394,-1.292113,0,0,0,0,0,0,0,0,0,0,0,0.00526788,531.324992842645,0.00525405325730991,534.123949145941
34327,8994,165.4667,13140.68,5.51586,0.263584,-1.291558,0,0,0,0,0,0,0,0,0,0,0,0.00527168,531.621131755125,0.00525783333712092,534.423668242975
34328,8994,165.5333,13149.13,5.518,0.263778,-1.295822,0,0,0,0,0,0,0,0,0,0,0,0.00527556,531.962986100815,0.00526169298281638,534.769388751769
34329,8994,165.6,13156.34,5.5203,0.263933,-1.298018,0,0,0,0,0,0,0,0,0,0,0,0.00527866,532.254674838381,0.0052647767096507,535.064266300263
34330,8994,165.6667,13163.37,5.52252,0.264132,-1.299465,0,0,0,0,0,0,0,0,0,0,0,0.00528264,532.539081471541,0.00526873580306386,535.352293724886
34331,8994,165.7333,13171.42,5.52464,0.26431,-1.301007,0,0,0,0,0,0,0,0,0,0,0,0.0052862,532.864753362998,0.00527227708941955,535.681583022226
34332,8994,165.8,13178.32,5.5269,0.264463,-1.310999,0,0,0,0,0,0,0,0,0,0,0,0.00528926,533.143900698533,0.00527532099407365,535.963837406741
34333,8994,165.8667,13184.97,5.52916,0.264608,-1.308329,0,0,0,0,0,0,0,0,0,0,0,0.00529216,533.412934000171,0.00527820573176303,536.235840592969
34334,8994,165.9333,13192.96,5.53136,0.264796,-1.307711,0,0,0,0,0,0,0,0,0,0,0,0.00529592,533.736178523493,0.00528194593099869,536.562802626059
34335,8994,166,13200.49,5.53364,0.264997,-1.315852,0,0,0,0,0,0,0,0,0,0,0,0.00529994,534.040813224445,0.00528594474555906,536.871197492086
34336,8994,166.0667,13207.73,5.53586,0.265155,-1.315673,0,0,0,0,0,0,0,0,0,0,0,0.0053031,534.333715646079,0.00528908808110271,537.167340773521
34337,8994,166.1333,13215.29,5.53804,0.265341,-1.312768,0,0,0,0,0,0,0,0,0,0,0,0.00530682,534.639564031099,0.00529278845078958,537.47679996229
34338,8994,166.2,13222.71,5.5403,0.265504,-1.306005,0,0,0,0,0,0,0,0,0,0,0,0.00531008,534.939748557137,0.00529603123662329,537.780321417156
34339,8994,166.2667,13230.02,5.54248,0.265697,-1.308566,0,0,0,0,0,0,0,0,0,0,0,0.00531394,535.235482908261,0.00529987084060839,538.079692150307
34340,8994,166.3333,13237.28,5.54462,0.26586,-1.31176,0,0,0,0,0,0,0,0,0,0,0,0.0053172,535.529194452606,0.00530311360347533,538.37671028535
34341,8994,166.4,13244.43,5.54694,0.266025,-1.312665,0,0,0,0,0,0,0,0,0,0,0,0.0053205,535.818455822037,0.0053063961441341,538.669277916238
34342,8994,166.4667,13251.92,5.54914,0.266186,-1.306851,0,0,0,0,0,0,0,0,0,0,0,0.00532372,536.121472277566,0.00530959909766306,538.97563288196
34343,8994,166.5333,13259.43,5.55136,0.266366,-1.302514,0,0,0,0,0,0,0,0,0,0,0,0.00532732,536.425297855807,0.00531318002735028,539.283007073581
34344,8994,166.6,13267.09,5.55366,0.266539,-1.302082,0,0,0,0,0,0,0,0,0,0,0,0.00533078,536.735191854386,0.00531662168657625,539.59640908042
34345,8994,166.6667,13274.86,5.55584,0.266743,-1.300062,0,0,0,0,0,0,0,0,0,0,0,0.00533486,537.049536027879,0.00532068004408624,539.914620115653
34346,8994,166.7333,13282.12,5.55804,0.266914,-1.302834,0,0,0,0,0,0,0,0,0,0,0,0.00533828,537.343247572224,0.0053240818898978,540.211736283874
34347,8994,166.8,13289.68,5.56032,0.267076,-1.306545,0,0,0,0,0,0,0,0,0,0,0,0.00534152,537.649095957245,0.00532730468051824,540.520959356282
34348,8994,166.8667,13297.28,5.5625,0.267275,-1.302333,0,0,0,0,0,0,0,0,0,0,0,0.0053455,537.956562587688,0.00533126352638578,540.832209393001
34349,8994,166.9333,13304.42,5.56468,0.267412,-1.293567,0,0,0,0,0,0,0,0,0,0,0,0.00534824,538.245419395763,0.00533398895387928,541.124085077592
34350,8994,167,13311.83,5.56698,0.26757,-1.291342,0,0,0,0,0,0,0,0,0,0,0,0.0053514,538.545199360446,0.00533713213840772,541.427170140303
34351,8994,167.0667,13319.48,5.56916,0.267761,-1.302308,0,0,0,0,0,0,0,0,0,0,0,0.00535522,538.854688797668,0.00534093179765398,541.740374204212
34352,8994,167.1333,13326.66,5.5714,0.267934,-1.315132,0,0,0,0,0,0,0,0,0,0,0,0.00535868,539.145163851167,0.00534437336136931,542.034270257793
34353,8994,167.2,13334.29,5.57368,0.268105,-1.314944,0,0,0,0,0,0,0,0,0,0,0,0.0053621,539.453844165678,0.00534777512658095,542.346449623479
34354,8994,167.2667,13342.46,5.57583,0.268288,-1.319523,0,0,0,0,0,0,0,0,0,0,0,0.00536576,539.784370793405,0.00535141559934009,542.680724178833
34355,8994,167.3333,13349.46,5.57806,0.268448,-1.303882,0,0,0,0,0,0,0,0,0,0,0,0.00536896,540.067563742498,0.00535459851548318,542.967164889529
34356,8994,167.4,13356.8,5.58036,0.268624,-1.305926,0,0,0,0,0,0,0,0,0,0,0,0.00537248,540.364511777689,0.00535809971153942,543.267609309925
34357,8994,167.4667,13365.14,5.5825,0.268807,-1.298203,0,0,0,0,0,0,0,0,0,0,0,0.00537614,540.701915948466,0.00536174014671245,543.608805146873
34358,8994,167.5333,13372.21,5.58471,0.268988,-1.293812,0,0,0,0,0,0,0,0,0,0,0,0.00537976,540.98794082705,0.00536534078267228,543.898326111593
34359,8994,167.6,13379.19,5.587,0.269179,-1.292199,0,0,0,0,0,0,0,0,0,0,0,0.00538358,541.270324653431,0.0053691403347368,544.184296747829
34360,8994,167.6667,13387.23,5.58915,0.269359,-1.286419,0,0,0,0,0,0,0,0,0,0,0,0.00538718,541.595591983532,0.00537272105121798,544.513264924754
34361,8994,167.7333,13394.45,5.59137,0.269489,-1.295487,0,0,0,0,0,0,0,0,0,0,0,0.00538978,541.887685282453,0.0053753071162582,544.808340690835
34362,8994,167.8,13401.44,5.59366,0.269642,-1.29822,0,0,0,0,0,0,0,0,0,0,0,0.00539284,542.17047367019,0.00537835070731536,545.094312287418
34363,8994,167.8667,13409.6,5.5959,0.269853,-1.300293,0,0,0,0,0,0,0,0,0,0,0,0.00539706,542.500595736561,0.00538254806279232,545.428504001787
34364,8994,167.9333,13417.17,5.59812,0.270057,-1.297994,0,0,0,0,0,0,0,0,0,0,0,0.00540114,542.806848682938,0.00538660615275886,545.738624465633
34365,8994,168,13424.6,5.60035,0.270227,-1.30013,0,0,0,0,0,0,0,0,0,0,0,0.00540454,543.107437770332,0.00538998788181782,546.042683642059
34366,8994,168.0667,13432.61,5.60251,0.270418,-1.298592,0,0,0,0,0,0,0,0,0,0,0,0.00540836,543.431491416365,0.00539378734023574,546.370564557282
34367,8994,168.1333,13439.43,5.60471,0.270576,-1.297902,0,0,0,0,0,0,0,0,0,0,0,0.00541152,543.707402261053,0.00539693033681295,546.649685742537
34368,8994,168.2,13446.08,5.60697,0.270721,-1.29947,0,0,0,0,0,0,0,0,0,0,0,0.00541442,543.976435562691,0.00539981472371311,546.92175245493
34369,8994,168.2667,13454.14,5.60917,0.270925,-1.300803,0,0,0,0,0,0,0,0,0,0,0,0.0054185,544.302512015504,0.00540387274361074,547.25181517686
34370,8994,168.3333,13461.41,5.61145,0.271095,-1.30901,0,0,0,0,0,0,0,0,0,0,0,0.0054219,544.596628121205,0.00540725441427937,547.549376579215
34371,8994,168.4,13468.75,5.61371,0.271281,-1.31079,0,0,0,0,0,0,0,0,0,0,0,0.00542562,544.893576156396,0.00541095434673376,547.849961641062
34372,8994,168.4667,13477.15,5.61589,0.271474,-1.309981,0,0,0,0,0,0,0,0,0,0,0,0.00542948,545.233407695308,0.00541479350948605,548.193741577721
34373,8994,168.5333,13484.34,5.61813,0.27164,-1.311239,0,0,0,0,0,0,0,0,0,0,0,0.0054328,545.524287310162,0.00541809557550303,548.48801165826
34374,8994,168.6,13491.43,5.62035,0.2718,-1.311085,0,0,0,0,0,0,0,0,0,0,0,0.005436,545.811121311457,0.00542127827941698,548.778150566906
34375,8994,168.6667,13499.35,5.62249,0.271996,-1.312808,0,0,0,0,0,0,0,0,0,0,0,0.00543992,546.131533905288,0.00542517707790668,549.10244575921
34376,8994,168.7333,13506.29,5.62471,0.272154,-1.322209,0,0,0,0,0,0,0,0,0,0,0,0.00544308,546.412299486246,0.00542831997582776,549.386465345333
34377,8994,168.8,13513.06,5.62699,0.272292,-1.32418,0,0,0,0,0,0,0,0,0,0,0,0.00544584,546.686187524154,0.00543106503048735,549.663353031621
34378,8994,168.8667,13521.29,5.62921,0.27247,-1.318355,0,0,0,0,0,0,0,0,0,0,0,0.0054494,547.019141520016,0.00543460574203643,550.000067629815
34379,8994,168.9333,13529.14,5.63149,0.272678,-1.307749,0,0,0,0,0,0,0,0,0,0,0,0.00545356,547.336722184356,0.00543874318683887,550.321655838992
34380,8994,169,13536.58,5.63369,0.272864,-1.292499,0,0,0,0,0,0,0,0,0,0,0,0.00545728,547.637715833106,0.00544244300278877,550.626328186968
34381,8994,169.0667,13544.41,5.63589,0.273035,-1.299016,0,0,0,0,0,0,0,0,0,0,0,0.0054607,547.954487374735,0.00544584443440766,550.946702443942
34382,8994,169.1333,13551.8,5.63817,0.273192,-1.29802,0,0,0,0,0,0,0,0,0,0,0,0.00546384,548.253458216705,0.00544896737605719,551.249027391848
34383,8994,169.2,13559.05,5.64031,0.273386,-1.293713,0,0,0,0,0,0,0,0,0,0,0,0.00546772,548.546765199695,0.00545282628411467,551.546065318712
34384,8994,169.2667,13566.4,5.64249,0.273549,-1.294646,0,0,0,0,0,0,0,0,0,0,0,0.00547098,548.844117796242,0.00545606855102212,551.846832987823
34385,8994,169.3333,13573.36,5.64481,0.273719,-1.293577,0,0,0,0,0,0,0,0,0,0,0,0.00547438,549.125692499912,0.00545945004518662,552.131815208419
34386,8994,169.4,13580.79,5.64699,0.273862,-1.289596,0,0,0,0,0,0,0,0,0,0,0,0.00547724,549.426281587306,0.00546229446965881,552.435621193867
34387,8994,169.4667,13588.75,5.64919,0.274078,-1.289739,0,0,0,0,0,0,0,0,0,0,0,0.00548156,549.74831242656,0.00546659092764687,552.761790786025
34388,8994,169.5333,13596.26,5.65153,0.274233,-1.289808,0,0,0,0,0,0,0,0,0,0,0,0.00548466,550.052138004801,0.0054696740226976,553.068986964031
34389,8994,169.6,13604.01,5.65369,0.274404,-1.295628,0,0,0,0,0,0,0,0,0,0,0,0.00548808,550.365673055583,0.00547307536169324,553.386123898565
34390,8994,169.6667,13611.67,5.65589,0.274577,-1.291155,0,0,0,0,0,0,0,0,0,0,0,0.00549154,550.675567054161,0.0054765164706589,553.699623957662
34391,8994,169.7333,13619.09,5.65819,0.27476,-1.30093,0,0,0,0,0,0,0,0,0,0,0,0.0054952,550.9757515802,0.00548015647476949,554.003473530283
34392,8994,169.8,13626.6,5.66033,0.274951,-1.294779,0,0,0,0,0,0,0,0,0,0,0,0.00549902,551.279577158441,0.0054839555906119,554.311074578827
34393,8994,169.8667,13633.99,5.66253,0.275112,-1.296168,0,0,0,0,0,0,0,0,0,0,0,0.00550224,551.578548000412,0.00548715797547761,554.613465550362
34394,8994,169.9333,13641.33,5.66485,0.275292,-1.303861,0,0,0,0,0,0,0,0,0,0,0,0.00550584,551.875496035603,0.00549073826939678,554.914034216696
34395,8994,170,13649.05,5.66697,0.275468,-1.299758,0,0,0,0,0,0,0,0,0,0,0,0.00550936,552.187817402317,0.00549423898883433,555.230018876001
34396,8994,170.0667,13656.51,5.66923,0.275659,-1.299194,0,0,0,0,0,0,0,0,0,0,0,0.00551318,552.489620173779,0.0054980380511759,555.535594897929
34397,8994,170.1333,13663.95,5.67155,0.275832,-1.303678,0,0,0,0,0,0,0,0,0,0,0,0.00551664,552.790613822529,0.00550147907424344,555.840160634367
34398,8994,170.2,13672.09,5.67365,0.276025,-1.298288,0,0,0,0,0,0,0,0,0,0,0,0.0055205,553.119926766189,0.00550531788947296,556.173425321902
34399,8994,170.2667,13679.32,5.67591,0.276175,-1.301974,0,0,0,0,0,0,0,0,0,0,0,0.0055235,553.412424626466,0.00550830141444803,556.46919815389
34400,8994,170.3333,13686.57,5.67825,0.276349,-1.299479,0,0,0,0,0,0,0,0,0,0,0,0.00552698,553.705731609455,0.00551176229226741,556.766052113946
34401,8994,170.4,13694.89,5.68033,0.276534,-1.305618,0,0,0,0,0,0,0,0,0,0,0,0.00553068,554.04232665752,0.00551544194807593,557.106557472718
34402,8994,170.4667,13701.76,5.68251,0.276702,-1.298267,0,0,0,0,0,0,0,0,0,0,0,0.00553404,554.320260308987,0.00551878346162007,557.387890802347
34403,8994,170.5333,13708.34,5.68487,0.276845,-1.294924,0,0,0,0,0,0,0,0,0,0,0,0.0055369,554.586461681134,0.00552162771732809,557.657151460816
34404,8994,170.6,13716.38,5.68703,0.277026,-1.288836,0,0,0,0,0,0,0,0,0,0,0,0.00554052,554.911729011235,0.00552522777763804,557.986228544056
34405,8994,170.6667,13723.88,5.68921,0.277209,-1.284873,0,0,0,0,0,0,0,0,0,0,0,0.00554418,555.21515002812,0.00552886760444391,558.293362758603
34406,8994,170.7333,13730.89,5.69155,0.277379,-1.297134,0,0,0,0,0,0,0,0,0,0,0,0.00554758,555.498747538569,0.00553224885244821,558.580421280439
34407,8994,170.8,13739,5.69373,0.277563,-1.295922,0,0,0,0,0,0,0,0,0,0,0,0.00555126,555.826846798161,0.00553590854328675,558.912386139718
34408,8994,170.8667,13746.39,5.69591,0.277748,-1.294946,0,0,0,0,0,0,0,0,0,0,0,0.00555496,556.125817640132,0.00553958811024661,559.21507431209
34409,8994,170.9333,13753.5,5.69823,0.277927,-1.28851,0,0,0,0,0,0,0,0,0,0,0,0.00555854,556.413460764139,0.0055431483270121,559.506307242335
34410,8994,171,13761.5,5.70039,0.278143,-1.292138,0,0,0,0,0,0,0,0,0,0,0,0.00556286,556.737109848817,0.00554744443762975,559.83416044771
34411,8994,171.0667,13768.64,5.70251,0.278311,-1.290873,0,0,0,0,0,0,0,0,0,0,0,0.00556622,557.025966656891,0.00555078584423902,560.126495733016
34412,8994,171.1333,13775.14,5.70487,0.278446,-1.293322,0,0,0,0,0,0,0,0,0,0,0,0.00556892,557.288931538192,0.00555347089503081,560.392429014814
34413,8994,171.2,13783.23,5.70703,0.278637,-1.291088,0,0,0,0,0,0,0,0,0,0,0,0.00557274,557.616221675072,0.00555726973235399,560.72367189825
34414,8994,171.2667,13790.76,5.70921,0.278817,-1.285599,0,0,0,0,0,0,0,0,0,0,0,0.00557634,557.920856376025,0.00556084977526148,561.032012764269
34415,8994,171.3333,13797.79,5.71159,0.27899,-1.287183,0,0,0,0,0,0,0,0,0,0,0,0.0055798,558.205263009185,0.0055642905821996,561.319936735724
34416,8994,171.4,13806.31,5.71377,0.279163,-1.290276,0,0,0,0,0,0,0,0,0,0,0,0.00558326,558.549949284367,0.0055677313772986,561.668478874208
34417,8994,171.4667,13813.99,5.71591,0.279342,-1.292537,0,0,0,0,0,0,0,0,0,0,0,0.00558684,558.860652405657,0.00557129149386955,561.982917452943
34418,8994,171.5333,13820.88,5.71823,0.279505,-1.2987,0,0,0,0,0,0,0,0,0,0,0,0.0055901,559.139395179836,0.00557453337670454,562.265040312831
34419,8994,171.6,13829.03,5.72039,0.279685,-1.296205,0,0,0,0,0,0,0,0,0,0,0,0.0055937,559.469112684851,0.00557811335780809,562.598615060476
34420,8994,171.6667,13836.33,5.72251,0.279886,-1.282628,0,0,0,0,0,0,0,0,0,0,0,0.00559772,559.76444247462,0.00558211098822757,562.897847089548
34421,8994,171.7333,13842.86,5.72485,0.280003,-1.286968,0,0,0,0,0,0,0,0,0,0,0,0.00560006,560.028621039988,0.00558443795976986,563.164814919529
34422,8994,171.8,13850.86,5.72709,0.280189,-1.284593,0,0,0,0,0,0,0,0,0,0,0,0.00560378,560.352270124665,0.0055881372367164,563.492360968944
34423,8994,171.8667,13858.96,5.72929,0.280421,-1.285784,0,0,0,0,0,0,0,0,0,0,0,0.00560842,560.679964822901,0.00559275136942701,563.824493551213
34424,8994,171.9333,13866.3,5.73155,0.280594,-1.289264,0,0,0,0,0,0,0,0,0,0,0,0.00561188,560.976912858093,0.00559619206659984,564.125047975823
34425,8994,172,13874.04,5.73379,0.280752,-1.282791,0,0,0,0,0,0,0,0,0,0,0,0.00561504,561.290043347518,0.00559933442708485,564.441709392516
34426,8994,172.0667,13881.57,5.73599,0.280925,-1.291194,0,0,0,0,0,0,0,0,0,0,0,0.0056185,561.594678048471,0.00560277510160748,564.749997747087
34427,8994,172.1333,13888.67,5.73817,0.281093,-1.286587,0,0,0,0,0,0,0,0,0,0,0,0.00562186,561.881916611123,0.00560611632333993,565.040738082842
34428,8994,172.2,13896.07,5.74037,0.281286,-1.291047,0,0,0,0,0,0,0,0,0,0,0,0.00562572,562.181292014449,0.00560995473690817,565.343966552561
34429,8994,172.2667,13903.19,5.74263,0.281441,-1.294094,0,0,0,0,0,0,0,0,0,0,0,0.00562882,562.469339699812,0.00561303738998702,565.635378368502
34430,8994,172.3333,13910.53,5.74481,0.28162,-1.288528,0,0,0,0,0,0,0,0,0,0,0,0.0056324,562.766287735004,0.00561659734526723,565.936012574043
34431,8994,172.4,13918.38,5.74707,0.28178,-1.289138,0,0,0,0,0,0,0,0,0,0,0,0.0056356,563.083868399344,0.00561977941747229,566.257183848095
34432,8994,172.4667,13925.78,5.74937,0.281968,-1.281904,0,0,0,0,0,0,0,0,0,0,0,0.00563936,563.383243802671,0.00562351833937487,566.560364732442
34433,8994,172.5333,13933.34,5.75151,0.282154,-1.278922,0,0,0,0,0,0,0,0,0,0,0,0.00564308,563.689092187691,0.00562721747175535,566.870034830034
34434,8994,172.6,13940.88,5.75375,0.282345,-1.27792,0,0,0,0,0,0,0,0,0,0,0,0.0056469,563.99413145,0.00563101602893792,567.178949910885
34435,8994,172.6667,13948.21,5.75603,0.282498,-1.272507,0,0,0,0,0,0,0,0,0,0,0,0.00564996,564.290674923835,0.0056340588418224,567.478894665528
34436,8994,172.7333,13955.76,5.75815,0.282676,-1.266636,0,0,0,0,0,0,0,0,0,0,0,0.00565352,564.5961187475,0.00563759883470316,567.788074196761
34437,8994,172.8,13963.11,5.76039,0.282857,-1.270531,0,0,0,0,0,0,0,0,0,0,0,0.00565714,564.893471344047,0.00564119847753505,568.089152796527
34438,8994,172.8667,13970.33,5.76271,0.283042,-1.268572,0,0,0,0,0,0,0,0,0,0,0,0.00566084,565.185564642969,0.00564487765709466,568.384989694722
34439,8994,172.9333,13977.93,5.76481,0.283238,-1.27658,0,0,0,0,0,0,0,0,0,0,0,0.00566476,565.493031273413,0.0056487755839146,568.696413577249
34440,8994,173,13985.45,5.76707,0.283399,-1.282181,0,0,0,0,0,0,0,0,0,0,0,0.00566798,565.79726141301,0.0056519774410076,569.004188974753
34441,8994,173.0667,13992.61,5.76941,0.283549,-1.282153,0,0,0,0,0,0,0,0,0,0,0,0.00567098,566.086927343796,0.00565496052845319,569.297194987024
34442,8994,173.1333,14000.5,5.77151,0.283732,-1.280782,0,0,0,0,0,0,0,0,0,0,0,0.00567464,566.406126253559,0.0056585998830858,569.620277113843
34443,8994,173.2,14007.87,5.77375,0.283918,-1.283181,0,0,0,0,0,0,0,0,0,0,0,0.00567836,566.704287972819,0.00566229888569752,569.922238933472
34444,8994,173.2667,14014.84,5.77613,0.284055,-1.288984,0,0,0,0,0,0,0,0,0,0,0,0.0056811,566.986267237844,0.00566502341112869,570.207372920649
34445,8994,173.3333,14022.87,5.77821,0.284239,-1.291727,0,0,0,0,0,0,0,0,0,0,0,0.00568478,567.311130006589,0.00566868261608632,570.536168972228
34446,8994,173.4,14030.24,5.78034,0.284419,-1.288016,0,0,0,0,0,0,0,0,0,0,0,0.00568838,567.609291725848,0.00567226226015406,570.838069068716
34447,8994,173.4667,14036.73,5.78271,0.284603,-1.282481,0,0,0,0,0,0,0,0,0,0,0,0.00569206,567.871852045793,0.00567592143862361,571.104212699949
34448,8994,173.5333,14044.32,5.78487,0.284765,-1.284006,0,0,0,0,0,0,0,0,0,0,0,0.0056953,568.178914114881,0.00567914309553991,571.414863484439
34449,8994,173.6,14052.21,5.78702,0.284938,-1.283498,0,0,0,0,0,0,0,0,0,0,0,0.00569876,568.498113024644,0.00568258349547832,571.737847331224
34450,8994,173.6667,14059.25,5.78943,0.285119,-1.286291,0,0,0,0,0,0,0,0,0,0,0,0.00570238,568.78292421916,0.00568618297638543,572.026340590569
34451,8994,173.7333,14067.25,5.79159,0.285308,-1.283617,0,0,0,0,0,0,0,0,0,0,0,0.00570616,569.106573303838,0.00568994153654338,572.353986468161
34452,8994,173.8,14075.08,5.79372,0.285496,-1.274889,0,0,0,0,0,0,0,0,0,0,0,0.00570992,569.423344845466,0.00569368019612497,572.674706590666
34453,8994,173.8667,14082.05,5.79609,0.285674,-1.286316,0,0,0,0,0,0,0,0,0,0,0,0.00571348,569.705324110491,0.00569721997795323,572.96032408569
34454,8994,173.9333,14089.74,5.79823,0.285837,-1.290617,0,0,0,0,0,0,0,0,0,0,0,0.00571674,570.016431793138,0.00570046145256919,573.275067529427
34455,8994,174,14097.21,5.80036,0.286007,-1.287483,0,0,0,0,0,0,0,0,0,0,0,0.00572014,570.318639125955,0.0057038421204229,573.580941586365
34456,8994,174.0667,14103.97,5.80273,0.28616,-1.283102,0,0,0,0,0,0,0,0,0,0,0,0.0057232,570.592122602508,0.00570688471171961,573.857735438587
34457,8994,174.1333,14111.79,5.80488,0.286351,-1.287486,0,0,0,0,0,0,0,0,0,0,0,0.00572702,570.90848958278,0.00571068296629424,574.178093920791
34458,8994,174.2,14119.53,5.80704,0.286557,-1.285375,0,0,0,0,0,0,0,0,0,0,0,0.00573114,571.221620072206,0.0057147794969425,574.495371147866
34459,8994,174.2667,14126.64,5.80943,0.286733,-1.28871,0,0,0,0,0,0,0,0,0,0,0,0.00573466,571.509263196213,0.00571827943216379,574.786674507494
34460,8994,174.3333,14134.89,5.81161,0.286926,-1.280741,0,0,0,0,0,0,0,0,0,0,0,0.00573852,571.843026314787,0.0057221174152286,575.124558958155
34461,8994,174.4,14142.65,5.81376,0.287125,-1.280189,0,0,0,0,0,0,0,0,0,0,0,0.0057425,572.156965926924,0.00572607469840498,575.442577303759
34462,8994,174.4667,14149.54,5.81608,0.287283,-1.282735,0,0,0,0,0,0,0,0,0,0,0,0.00574566,572.435708701103,0.0057292166507793,575.724729655158
34463,8994,174.5333,14157.37,5.81826,0.287456,-1.274466,0,0,0,0,0,0,0,0,0,0,0,0.00574912,572.752480242731,0.00573265687844904,576.045302981944
34464,8994,174.6,14164.76,5.82036,0.287644,-1.281276,0,0,0,0,0,0,0,0,0,0,0,0.00575288,573.051451084702,0.00573639537833621,576.348147316618
34465,8994,174.6667,14171.31,5.8227,0.287794,-1.285173,0,0,0,0,0,0,0,0,0,0,0,0.00575588,573.316438772781,0.0057393782139665,576.616379396385
34466,8994,174.7333,14179.05,5.82494,0.28797,-1.278873,0,0,0,0,0,0,0,0,0,0,0,0.0057594,573.629569262207,0.00574287806309531,576.933331403416
34467,8994,174.8,14186.9,5.8271,0.288133,-1.281138,0,0,0,0,0,0,0,0,0,0,0,0.00576266,573.947149926547,0.00574611938971536,577.254612209543
34468,8994,174.8667,14194.21,5.82938,0.288313,-1.279859,0,0,0,0,0,0,0,0,0,0,0,0.00576626,574.242884277671,0.00574969875659803,577.554118051566
34469,8994,174.9333,14202,5.83164,0.288527,-1.282801,0,0,0,0,0,0,0,0,0,0,0,0.00577054,574.558037573876,0.00575395420944403,577.873547712017
34470,8994,175,14209.42,5.83382,0.288703,-1.287325,0,0,0,0,0,0,0,0,0,0,0,0.00577406,574.858222099914,0.00575745400755929,578.177487965813
34471,8994,175.0667,14216.57,5.83602,0.288873,-1.28101,0,0,0,0,0,0,0,0,0,0,0,0.00577746,575.147483469345,0.00576083448274592,578.47037504919
34472,8994,175.1333,14224.09,5.83826,0.289064,-1.282563,0,0,0,0,0,0,0,0,0,0,0,0.00578128,575.451713608942,0.0057646325324115,578.778561091795
34473,8994,175.2,14231.16,5.84044,0.289235,-1.284185,0,0,0,0,0,0,0,0,0,0,0,0.0057847,575.737738487526,0.00576803286830314,579.068208583354
34474,8994,175.2667,14238.22,5.8427,0.2894,-1.280703,0,0,0,0,0,0,0,0,0,0,0,0.005788,576.023358804754,0.0057713138832025,579.357382005515
34475,8994,175.3333,14246.08,5.84496,0.289601,-1.280249,0,0,0,0,0,0,0,0,0,0,0,0.00579202,576.341344030449,0.00577531074135384,579.679524621901
34476,8994,175.4,14253.53,5.84718,0.289762,-1.279744,0,0,0,0,0,0,0,0,0,0,0,0.00579524,576.642742240555,0.00577851219332585,579.984525326098
34477,8994,175.4667,14260.93,5.84936,0.289927,-1.276446,0,0,0,0,0,0,0,0,0,0,0,0.00579854,576.942117643882,0.00578179317384263,580.287539590725
34478,8994,175.5333,14268.7,5.85162,0.290118,-1.275901,0,0,0,0,0,0,0,0,0,0,0,0.00580236,577.256461817375,0.00578559114390705,580.605911621166
34479,8994,175.6,14276.04,5.85384,0.290301,-1.279267,0,0,0,0,0,0,0,0,0,0,0,0.00580602,577.553409852567,0.00578923002316066,580.906696501239
34480,8994,175.6667,14283.33,5.856,0.2905,-1.274498,0,0,0,0,0,0,0,0,0,0,0,0.00581,577.848335080979,0.00579318704076288,581.2056339078
34481,8994,175.7333,14290.91,5.85826,0.290668,-1.272785,0,0,0,0,0,0,0,0,0,0,0,0.00581336,578.154992588711,0.00579652762634845,581.516015696427
34482,8994,175.8,14298.02,5.8605,0.290823,-1.270738,0,0,0,0,0,0,0,0,0,0,0,0.00581646,578.442635712719,0.00579960970434212,581.807124165636
34483,8994,175.8667,14305.4,5.86266,0.291009,-1.268591,0,0,0,0,0,0,0,0,0,0,0,0.00582018,578.741201993334,0.00580330818539588,582.109579962351
34484,8994,175.9333,14312.97,5.86492,0.291187,-1.270563,0,0,0,0,0,0,0,0,0,0,0,0.00582374,579.04745493971,0.00580684757918693,582.41967676494
34485,8994,176,14320.17,5.86726,0.291347,-1.272397,0,0,0,0,0,0,0,0,0,0,0,0.00582694,579.33873911592,0.00581002904606057,582.714511188424
34486,8994,176.0667,14328.12,5.86936,0.291538,-1.274221,0,0,0,0,0,0,0,0,0,0,0,0.00583076,579.660365393818,0.00581382690888793,583.040225865942
34487,8994,176.1333,14335.87,5.87158,0.291747,-1.276562,0,0,0,0,0,0,0,0,0,0,0,0.00583494,579.973900444599,0.00581798266896269,583.35801335526
34488,8994,176.2,14342.62,5.87396,0.291917,-1.282957,0,0,0,0,0,0,0,0,0,0,0,0.00583834,580.246979359796,0.00582136293954022,583.634658509272
34489,8994,176.2667,14350.56,5.87604,0.292098,-1.284687,0,0,0,0,0,0,0,0,0,0,0,0.00584196,580.568201076338,0.00582496192094893,583.959857284298
34490,8994,176.3333,14358.33,5.87818,0.292289,-1.280546,0,0,0,0,0,0,0,0,0,0,0,0.00584578,580.882545249832,0.00582875972706381,584.278256815202
34491,8994,176.4,14364.74,5.88058,0.292452,-1.286992,0,0,0,0,0,0,0,0,0,0,0,0.00584904,581.14186907893,0.00583200077532575,584.540991116847
34492,8994,176.4667,14372.35,5.88272,0.292622,-1.281825,0,0,0,0,0,0,0,0,0,0,0,0.00585244,581.449740270729,0.0058353809985187,584.852639988679
34493,8994,176.5333,14380.54,5.88486,0.292823,-1.274939,0,0,0,0,0,0,0,0,0,0,0,0.00585646,581.781076021168,0.00583937760061157,585.188253621643
34494,8994,176.6,14387.28,5.88728,0.293019,-1.282637,0,0,0,0,0,0,0,0,0,0,0,0.00586038,582.053750375009,0.00584327476936039,585.464806532631
34495,8994,176.6667,14395.04,5.88944,0.293195,-1.285208,0,0,0,0,0,0,0,0,0,0,0,0.0058639,582.367689987146,0.00584677425488624,585.782635884462
34496,8994,176.7333,14403.31,5.89156,0.293386,-1.29074,0,0,0,0,0,0,0,0,0,0,0,0.00586772,582.702262228431,0.00585057197816295,586.121395946554
34497,8994,176.8,14410.29,5.89398,0.293531,-1.292561,0,0,0,0,0,0,0,0,0,0,0,0.00587062,582.984646054813,0.00585345505688395,586.407127377635
34498,8994,176.8667,14417.89,5.8961,0.293722,-1.297966,0,0,0,0,0,0,0,0,0,0,0,0.00587444,583.292112685256,0.00585725275478895,586.718627203699
34499,8994,176.9333,14425.82,5.89816,0.293905,-1.294546,0,0,0,0,0,0,0,0,0,0,0,0.0058781,583.612929840443,0.00586089137328443,587.043465003338
34500,8994,177,14432.33,5.90058,0.294076,-1.284392,0,0,0,0,0,0,0,0,0,0,0,0.00588152,583.876299283099,0.00586429138187976,587.310379414859
34501,8994,177.0667,14439.76,5.90274,0.294244,-1.28867,0,0,0,0,0,0,0,0,0,0,0,0.00588488,584.176888370494,0.00586763172994404,587.614699257327
34502,8994,177.1333,14448.08,5.90486,0.294445,-1.292399,0,0,0,0,0,0,0,0,0,0,0,0.0058889,584.513483418558,0.00587162820314591,587.955624871062
34503,8994,177.2,14455.07,5.90732,0.294618,-1.292256,0,0,0,0,0,0,0,0,0,0,0,0.00589236,584.796271806295,0.00587506794092344,588.242101966436
34504,8994,177.2667,14462.96,5.9095,0.294806,-1.29524,0,0,0,0,0,0,0,0,0,0,0,0.00589612,585.115470716059,0.00587880590844577,588.565381745257
34505,8994,177.3333,14471.16,5.91158,0.294989,-1.287735,0,0,0,0,0,0,0,0,0,0,0,0.00589978,585.447211027853,0.00588244444851832,588.901220774531
34506,8994,177.4,14477.98,5.91396,0.295152,-1.289258,0,0,0,0,0,0,0,0,0,0,0,0.00590304,585.723121872541,0.00588568532279043,589.180668889879
34507,8994,177.4667,14485.34,5.91616,0.295356,-1.28797,0,0,0,0,0,0,0,0,0,0,0,0.00590712,586.020879030444,0.00588974137149841,589.482574685382
34508,8994,177.5333,14493.17,5.91818,0.295524,-1.294726,0,0,0,0,0,0,0,0,0,0,0,0.00591048,586.337650572072,0.00589308163455209,589.803187529025
34509,8994,177.6,14499.76,5.92056,0.295705,-1.29379,0,0,0,0,0,0,0,0,0,0,0,0.0059141,586.604256505575,0.00589668035785627,590.073492738975
34510,8994,177.6667,14506.84,5.92282,0.295898,-1.293747,0,0,0,0,0,0,0,0,0,0,0,0.00591796,586.890685945515,0.00590051765628373,590.363881549313
34511,8994,177.7333,14514.93,5.92492,0.296074,-1.297301,0,0,0,0,0,0,0,0,0,0,0,0.00592148,587.217976082395,0.00590401694149501,590.695175583408
34512,8994,177.8,14522.21,5.92724,0.296252,-1.292958,0,0,0,0,0,0,0,0,0,0,0,0.00592504,587.512496749452,0.00590755597885647,590.993531793192
34513,8994,177.8667,14529.47,5.9295,0.296402,-1.284945,0,0,0,0,0,0,0,0,0,0,0,0.00592804,587.806208293797,0.00591053830398727,591.290747008811
34514,8994,177.9333,14537.02,5.93164,0.296588,-1.293831,0,0,0,0,0,0,0,0,0,0,0,0.00593176,588.111652117461,0.00591423637479722,591.600189291026
34515,8994,178,14544.31,5.93388,0.296774,-1.288447,0,0,0,0,0,0,0,0,0,0,0,0.00593548,588.406577345874,0.00591793443193149,591.899052817579
34516,8994,178.0667,14551.57,5.93612,0.296942,-1.279389,0,0,0,0,0,0,0,0,0,0,0,0.00593884,588.700288890219,0.00592127460081442,592.196485713891
34517,8994,178.1333,14558.7,5.93824,0.29712,-1.28065,0,0,0,0,0,0,0,0,0,0,0,0.0059424,588.988741136938,0.00592481357710102,592.48874783227
34518,8994,178.2,14565.75,5.94052,0.297295,-1.277077,0,0,0,0,0,0,0,0,0,0,0,0.0059459,589.27395689281,0.00592829289551054,592.777720913099
34519,8994,178.2667,14573.42,5.9428,0.297473,-1.281897,0,0,0,0,0,0,0,0,0,0,0,0.00594946,589.584255452744,0.00593183184695991,593.09196339719
34520,8994,178.3333,14580.91,5.945,0.297649,-1.282815,0,0,0,0,0,0,0,0,0,0,0,0.00595298,589.887271908274,0.00593533102259581,593.398859040198
34521,8994,178.4,14588.5,5.94722,0.29783,-1.285326,0,0,0,0,0,0,0,0,0,0,0,0.0059566,590.194333977361,0.00593892959385962,593.709885547131
34522,8994,178.4667,14596.26,5.9495,0.298028,-1.282844,0,0,0,0,0,0,0,0,0,0,0,0.00596056,590.508273589499,0.00594286613764845,594.028033584725
34523,8994,178.5333,14603.47,5.9517,0.298209,-1.276166,0,0,0,0,0,0,0,0,0,0,0,0.00596418,590.799962327064,0.00594646468179699,594.323599646376
34524,8994,178.6,14610.97,5.95388,0.298413,-1.27519,0,0,0,0,0,0,0,0,0,0,0,0.00596826,591.10338334395,0.00595052048398869,594.631242022626
34525,8994,178.6667,14618.46,5.95614,0.29857,-1.274826,0,0,0,0,0,0,0,0,0,0,0,0.0059714,591.406399799479,0.00595364184996446,594.937923975242
34526,8994,178.7333,14625.36,5.95834,0.298749,-1.271212,0,0,0,0,0,0,0,0,0,0,0,0.00597498,591.685547135014,0.00595720059291665,595.220856445434
34527,8994,178.8,14632.66,5.96052,0.298917,-1.266047,0,0,0,0,0,0,0,0,0,0,0,0.00597834,591.980876924782,0.00596054063064676,595.519939880536
34528,8994,178.8667,14640.31,5.96278,0.2991,-1.264435,0,0,0,0,0,0,0,0,0,0,0,0.005982,592.290366362005,0.00596417887333694,595.833447333582
34529,8994,178.9333,14647.37,5.96506,0.299258,-1.262304,0,0,0,0,0,0,0,0,0,0,0,0.00598516,592.575986679233,0.00596732007768952,596.122648771666
34530,8994,179,14655.14,5.9672,0.299474,-1.264467,0,0,0,0,0,0,0,0,0,0,0,0.00598948,592.890330852726,0.00597161436640874,596.441435631561
34531,8994,179.0667,14663.01,5.96944,0.299655,-1.257589,0,0,0,0,0,0,0,0,0,0,0,0.0059931,593.208720639777,0.00597521280710695,596.763879823444
34532,8994,179.1333,14669.79,5.97176,0.299818,-1.260806,0,0,0,0,0,0,0,0,0,0,0,0.00599636,593.483013239042,0.00597845338074291,597.041751040308
34533,8994,179.2,14677.63,5.9739,0.300006,-1.266297,0,0,0,0,0,0,0,0,0,0,0,0.00600012,593.800189342026,0.00598219096183453,597.3630617341
34534,8994,179.2667,14685.66,5.97605,0.300199,-1.269917,0,0,0,0,0,0,0,0,0,0,0,0.00600398,594.125052110771,0.00598602793214695,597.692167041143
34535,8994,179.3333,14692.21,5.97838,0.300357,-1.266172,0,0,0,0,0,0,0,0,0,0,0,0.00600714,594.39003979885,0.0059891690678678,597.960623982528
34536,8994,179.4,14699.55,5.98056,0.30052,-1.26366,0,0,0,0,0,0,0,0,0,0,0,0.0060104,594.686987834042,0.00599240959627808,598.26129450572
34537,8994,179.4667,14707.78,5.98273,0.300719,-1.262753,0,0,0,0,0,0,0,0,0,0,0,0.00601438,595.019941829904,0.00599636580997841,598.598617867647
34538,8994,179.5333,14714.75,5.98506,0.300887,-1.266392,0,0,0,0,0,0,0,0,0,0,0,0.00601774,595.30192109493,0.005999705716898,598.884293277579
34539,8994,179.6,14721.99,5.98724,0.301085,-1.271033,0,0,0,0,0,0,0,0,0,0,0,0.0060217,595.594823516563,0.0060036420214467,599.181316865333
34540,8994,179.6667,14730.17,5.98946,0.301261,-1.274898,0,0,0,0,0,0,0,0,0,0,0,0.00602522,595.925754705646,0.00600714094581564,599.516338481413
34541,8994,179.7333,14737.42,5.99182,0.301431,-1.266467,0,0,0,0,0,0,0,0,0,0,0,0.00602862,596.219061688635,0.00601052057704857,599.813439848312
34542,8994,179.8,14745,5.99392,0.301627,-1.261558,0,0,0,0,0,0,0,0,0,0,0,0.00603254,596.525719196367,0.0060144170788827,600.124284458448
34543,8994,179.8667,14752.78,5.99605,0.301818,-1.261453,0,0,0,0,0,0,0,0,0,0,0,0.00603636,596.840467931216,0.00601821416555292,600.443211858217
34544,8994,179.9333,14759.32,5.9984,0.301978,-1.262712,0,0,0,0,0,0,0,0,0,0,0,0.00603956,597.105051057939,0.00602139496004311,600.711302840107
34545,8994,180,14766.4,6.00057,0.302167,-1.263708,0,0,0,0,0,0,0,0,0,0,0,0.00604334,597.391480497879,0.00602515226050017,601.001720327631
34546,8994,180.0667,14774.4,6.00275,0.302376,-1.262904,0,0,0,0,0,0,0,0,0,0,0,0.00604752,597.715129582557,0.00602930714245231,601.32982378301
34547,8994,180.1333,14781.53,6.00516,0.302546,-1.259,0,0,0,0,0,0,0,0,0,0,0,0.00605092,598.003581829276,0.00603268669877262,601.622053662638
34548,8994,180.2,14789.29,6.0073,0.302729,-1.260041,0,0,0,0,0,0,0,0,0,0,0,0.00605458,598.317521441413,0.00603632467898783,601.940082740382
34549,8994,180.2667,14797.46,6.00943,0.302892,-1.253294,0,0,0,0,0,0,0,0,0,0,0,0.00605784,598.64804806914,0.00603956505459264,602.274562160655
34550,8994,180.3333,14804.45,6.01178,0.303063,-1.257065,0,0,0,0,0,0,0,0,0,0,0,0.00606126,598.930836456877,0.00604296445575144,602.56111197866
34551,8994,180.4,14811.79,6.01396,0.303241,-1.267527,0,0,0,0,0,0,0,0,0,0,0,0.00606482,599.227784492069,0.00604650300140749,602.861993144012
34552,8994,180.4667,14819.46,6.01603,0.303432,-1.272981,0,0,0,0,0,0,0,0,0,0,0,0.00606864,599.538083052003,0.00605029996624709,603.176463844336
34553,8994,180.5333,14826.05,6.01839,0.303605,-1.267052,0,0,0,0,0,0,0,0,0,0,0,0.0060721,599.804688985506,0.00605373908949634,603.446763037495
34554,8994,180.6,14833,6.02063,0.30378,-1.256894,0,0,0,0,0,0,0,0,0,0,0,0.0060756,600.08585912782,0.00605721795936265,603.731740773537
34555,8994,180.6667,14841.09,6.02277,0.303964,-1.263104,0,0,0,0,0,0,0,0,0,0,0,0.00607928,600.4131492647,0.00606087572948427,604.063228914762
34556,8994,180.7333,14848.33,6.02512,0.304147,-1.263524,0,0,0,0,0,0,0,0,0,0,0,0.00608294,600.706051686333,0.00606451360714999,604.360110556378
34557,8994,180.8,14855.79,6.02732,0.304323,-1.269563,0,0,0,0,0,0,0,0,0,0,0,0.00608646,601.007854457795,0.00606801231854071,604.665864723638
34558,8994,180.8667,14863.42,6.02947,0.304513,-1.278407,0,0,0,0,0,0,0,0,0,0,0,0.00609026,601.316534772307,0.00607178932277919,604.978708811369
34559,8994,180.9333,14870.61,6.03179,0.304709,-1.277127,0,0,0,0,0,0,0,0,0,0,0,0.00609418,601.607414387161,0.00607568558588732,605.273718259771
34560,8994,181,14878.04,6.03397,0.304882,-1.288327,0,0,0,0,0,0,0,0,0,0,0,0.00609764,601.908003474555,0.00607912462183355,605.578221792861
34561,8994,181.0667,14885.53,6.03609,0.305063,-1.294983,0,0,0,0,0,0,0,0,0,0,0,0.00610126,602.211019930084,0.0060827226756842,605.885265937543
34562,8994,181.1333,14892.78,6.03843,0.305249,-1.28672,0,0,0,0,0,0,0,0,0,0,0,0.00610498,602.504326913073,0.00608642010979992,606.182603778791
34563,8994,181.2,14900.63,6.04067,0.305427,-1.276684,0,0,0,0,0,0,0,0,0,0,0,0.00610854,602.821907577413,0.00608995850168999,606.504269312726
34564,8994,181.2667,14908.57,6.04281,0.305623,-1.271767,0,0,0,0,0,0,0,0,0,0,0,0.00611246,603.143129293956,0.00609385469400678,606.82981754604
34565,8994,181.3333,14916.27,6.04511,0.305804,-1.269119,0,0,0,0,0,0,0,0,0,0,0,0.00611608,603.454641537958,0.0060974526948581,607.145418401975
34566,8994,181.4,14924.25,6.04733,0.305985,-1.263663,0,0,0,0,0,0,0,0,0,0,0,0.0061197,603.777481499924,0.00610105068276386,607.472418553459
34567,8994,181.4667,14931.71,6.04949,0.306188,-1.265859,0,0,0,0,0,0,0,0,0,0,0,0.00612376,604.079284271386,0.00610508597976513,607.778520829235
34568,8994,181.5333,14939.13,6.05175,0.306377,-1.272492,0,0,0,0,0,0,0,0,0,0,0,0.00612754,604.379468797424,0.00610884296578385,608.082828167659
34569,8994,181.6,14946.82,6.05397,0.306552,-1.271404,0,0,0,0,0,0,0,0,0,0,0,0.00613104,604.69057648007,0.00611232164395656,608.397958592093
34570,8994,181.6667,14953.92,6.05615,0.30674,-1.274255,0,0,0,0,0,0,0,0,0,0,0,0.0061348,604.977815042722,0.00611605872473911,608.689232942446
34571,8994,181.7333,14961.26,6.05841,0.306906,-1.270298,0,0,0,0,0,0,0,0,0,0,0,0.00613812,605.274763077913,0.00611935847594762,608.990012206657
34572,8994,181.8,14969,6.06063,0.307082,-1.274441,0,0,0,0,0,0,0,0,0,0,0,0.00614164,605.587893567339,0.00612285699545779,609.307196397988
34573,8994,181.8667,14976.21,6.06289,0.30727,-1.27133,0,0,0,0,0,0,0,0,0,0,0,0.0061454,605.879582304905,0.00612659403686917,609.602954690001
34574,8994,181.9333,14983.79,6.06511,0.307471,-1.2711,0,0,0,0,0,0,0,0,0,0,0,0.00614942,606.186239812637,0.00613058947527118,609.913933599465
34575,8994,182,14991.75,6.06729,0.307659,-1.278647,0,0,0,0,0,0,0,0,0,0,0,0.00615318,606.508270651891,0.00613432648778612,610.240225212701
34576,8994,182.0667,14998.41,6.06959,0.307832,-1.285228,0,0,0,0,0,0,0,0,0,0,0,0.00615664,606.777708514885,0.00613776532207044,610.513420426236
34577,8994,182.1333,15005.98,6.07181,0.308036,-1.281423,0,0,0,0,0,0,0,0,0,0,0,0.00616072,607.083961461261,0.00614182034846059,610.824035764315
34578,8994,182.2,15014.15,6.07395,0.308222,-1.273191,0,0,0,0,0,0,0,0,0,0,0,0.00616444,607.414488088988,0.00614551756407364,611.158858255943
34579,8994,182.2667,15020.78,6.07619,0.308392,-1.271603,0,0,0,0,0,0,0,0,0,0,0,0.00616784,607.682712267915,0.00614889672767777,611.430802007949
34580,8994,182.3333,15027.7,6.07845,0.308568,-1.271456,0,0,0,0,0,0,0,0,0,0,0,0.00617136,607.962668726161,0.00615239514384928,611.714625221431
34581,8994,182.4,15035.91,6.08059,0.308774,-1.28269,0,0,0,0,0,0,0,0,0,0,0,0.00617548,608.294813599311,0.00615648986541334,612.051326054797
34582,8994,182.4667,15042.95,6.08289,0.308929,-1.286525,0,0,0,0,0,0,0,0,0,0,0,0.00617858,608.579624793827,0.0061595708341769,612.339782691986
34583,8994,182.5333,15050.21,6.08513,0.309102,-1.272402,0,0,0,0,0,0,0,0,0,0,0,0.00618204,608.873336338172,0.00616300958165156,612.637415658348
34584,8994,182.6,15058.71,6.08731,0.309303,-1.271631,0,0,0,0,0,0,0,0,0,0,0,0.00618606,609.217213490642,0.00616700487456045,612.985867726328
34585,8994,182.6667,15065.97,6.08961,0.309461,-1.270193,0,0,0,0,0,0,0,0,0,0,0,0.00618922,609.510925034987,0.00617014544186049,613.283322242432
34586,8994,182.7333,15073.17,6.09181,0.30965,-1.274763,0,0,0,0,0,0,0,0,0,0,0,0.006193,609.802209211197,0.00617390218345991,613.578714292842
34587,8994,182.8,15081.4,6.09391,0.309866,-1.279857,0,0,0,0,0,0,0,0,0,0,0,0.00619732,610.135163207059,0.00617819558514967,613.916366056705
34588,8994,182.8667,15088.03,6.09621,0.310014,-1.279366,0,0,0,0,0,0,0,0,0,0,0,0.00620028,610.403387385986,0.00618113734973933,614.188059300727
34589,8994,182.9333,15094.59,6.09845,0.310192,-1.277001,0,0,0,0,0,0,0,0,0,0,0,0.00620384,610.668779635421,0.00618467540649893,614.457271037275
34590,8994,183,15102.93,6.10061,0.310403,-1.284498,0,0,0,0,0,0,0,0,0,0,0,0.00620806,611.006183806198,0.00618886937891593,614.799346855638
34591,8994,183.0667,15110,6.10295,0.310568,-1.283673,0,0,0,0,0,0,0,0,0,0,0,0.00621136,611.292208684781,0.0061921490133372,615.089164658118
34592,8994,183.1333,15117.05,6.10517,0.310739,-1.290927,0,0,0,0,0,0,0,0,0,0,0,0.00621478,611.577424440653,0.00619554789584236,615.378243586519
34593,8994,183.2,15125.66,6.10733,0.310948,-1.284355,0,0,0,0,0,0,0,0,0,0,0,0.00621896,611.925751768038,0.00619970206988231,615.731293541253
34594,8994,183.2667,15132.81,6.10963,0.311126,-1.281282,0,0,0,0,0,0,0,0,0,0,0,0.00622252,612.215013137468,0.00620324006095961,616.024533301016
34595,8994,183.3333,15139.79,6.11185,0.311289,-1.280265,0,0,0,0,0,0,0,0,0,0,0,0.00622578,612.497396963849,0.00620647989574212,616.310671007919
34596,8994,183.4,15147.93,6.11393,0.311492,-1.278191,0,0,0,0,0,0,0,0,0,0,0,0.00622984,612.826709907509,0.00621051476732848,616.644522257959
34597,8994,183.4667,15154.82,6.11619,0.31167,-1.274618,0,0,0,0,0,0,0,0,0,0,0,0.0062334,613.105452681687,0.00621405272015082,616.927184210433
34598,8994,183.5333,15161.44,6.11847,0.311849,-1.267332,0,0,0,0,0,0,0,0,0,0,0,0.00623698,613.373272299258,0.00621761053648997,617.198869131123
34599,8994,183.6,15169.87,6.12067,0.312055,-1.266295,0,0,0,0,0,0,0,0,0,0,0,0.0062411,613.714317522237,0.00622170499102441,617.544569949325
34600,8994,183.6667,15177.63,6.12295,0.312213,-1.255605,0,0,0,0,0,0,0,0,0,0,0,0.00624426,614.028257134374,0.00622484538654002,617.862409219268
34601,8994,183.7333,15184.82,6.12517,0.312386,-1.2594,0,0,0,0,0,0,0,0,0,0,0,0.00624772,614.319136749228,0.0062282839095597,618.157230706279
34602,8994,183.8,15192.73,6.12735,0.312597,-1.256403,0,0,0,0,0,0,0,0,0,0,0,0.00625194,614.639144781703,0.00623247769908821,618.48183183653
34603,8994,183.8667,15200.09,6.12961,0.31277,-1.261102,0,0,0,0,0,0,0,0,0,0,0,0.0062554,614.936901939607,0.00623591619586392,618.783578236
34604,8994,183.9333,15207.24,6.13179,0.312953,-1.263309,0,0,0,0,0,0,0,0,0,0,0,0.00625906,615.226163309037,0.00623955343681094,619.076900778758
34605,8994,184,15214.52,6.13395,0.313154,-1.263006,0,0,0,0,0,0,0,0,0,0,0,0.00626308,615.520683976094,0.00624354842391702,619.375739261491
34606,8994,184.0667,15221.65,6.13627,0.313307,-1.256276,0,0,0,0,0,0,0,0,0,0,0,0.00626614,615.809136222813,0.00624658937355335,619.667882483664
34607,8994,184.1333,15229.12,6.13847,0.3135,-1.258445,0,0,0,0,0,0,0,0,0,0,0,0.00627,616.11134355563,0.00625042532951296,619.974361679724
34608,8994,184.2,15236.88,6.14067,0.313663,-1.254417,0,0,0,0,0,0,0,0,0,0,0,0.00627326,616.425283167768,0.00625366501142663,620.292279239653
34609,8994,184.2667,15244.48,6.14297,0.313844,-1.264827,0,0,0,0,0,0,0,0,0,0,0,0.00627688,616.732749798211,0.00625726243732727,620.603907260765
34610,8994,184.3333,15252.17,6.14517,0.314032,-1.263554,0,0,0,0,0,0,0,0,0,0,0,0.00628064,617.043857480858,0.00626099897649463,620.919287813906
34611,8994,184.4,15259.66,6.14735,0.314233,-1.262273,0,0,0,0,0,0,0,0,0,0,0,0.00628466,617.346873936387,0.00626499387792715,621.22668914114
34612,8994,184.4667,15267.12,6.14963,0.314435,-1.262992,0,0,0,0,0,0,0,0,0,0,0,0.0062887,617.648676707849,0.0062690086384128,621.532883941062
34613,8994,184.5333,15274.65,6.15179,0.314641,-1.248715,0,0,0,0,0,0,0,0,0,0,0,0.00629282,617.953311408802,0.00627310288250588,621.841980365901
34614,8994,184.6,15281.65,6.15399,0.314814,-1.248354,0,0,0,0,0,0,0,0,0,0,0,0.00629628,618.236504357895,0.00627654123959512,622.129094495553
34615,8994,184.6667,15289.12,6.15629,0.314987,-1.251002,0,0,0,0,0,0,0,0,0,0,0,0.00629974,618.538711690712,0.00627997958486231,622.435344754299
34616,8994,184.7333,15296.92,6.15845,0.315183,-1.240725,0,0,0,0,0,0,0,0,0,0,0,0.00630366,618.854269548273,0.00628387503689219,622.755316453054
34617,8994,184.8,15304.15,6.16071,0.315348,-1.245492,0,0,0,0,0,0,0,0,0,0,0,0.00630696,619.14676740855,0.00628715435974517,623.051701304725
34618,8994,184.8667,15311.67,6.16299,0.315524,-1.243654,0,0,0,0,0,0,0,0,0,0,0,0.00631048,619.450997548147,0.00629065229226823,623.360030679155
34619,8994,184.9333,15319.65,6.16513,0.315712,-1.240961,0,0,0,0,0,0,0,0,0,0,0,0.00631424,619.773837510113,0.0062943887066754,623.687238265873
34620,8994,185,15326.52,6.16737,0.315906,-1.240803,0,0,0,0,0,0,0,0,0,0,0,0.00631812,620.05177116158,0.00629824435371465,623.969332657991
34621,8994,185.0667,15333.8,6.16969,0.316076,-1.2493,0,0,0,0,0,0,0,0,0,0,0,0.00632152,620.346291828637,0.00630162300127024,624.267823319357
34622,8994,185.1333,15341.9,6.17179,0.316257,-1.249318,0,0,0,0,0,0,0,0,0,0,0,0.00632514,620.673986526873,0.00630522025465002,624.599836386013
34623,8994,185.2,15348.57,6.17397,0.31643,-1.252598,0,0,0,0,0,0,0,0,0,0,0,0.0063286,620.943828951223,0.00630865850131044,624.873534067123
34624,8994,185.2667,15355.25,6.17629,0.316595,-1.258296,0,0,0,0,0,0,0,0,0,0,0,0.0063319,621.214075936928,0.00631193774289135,625.147541344354
34625,8994,185.3333,15363.32,6.17847,0.316779,-1.249487,0,0,0,0,0,0,0,0,0,0,0,0.00633558,621.540556951097,0.00631559458142691,625.478376872905
34626,8994,185.4,15370.62,6.18067,0.31698,-1.250822,0,0,0,0,0,0,0,0,0,0,0,0.0063396,621.835886740865,0.00631958926476175,625.778077528448
34627,8994,185.4667,15377.54,6.18299,0.317143,-1.263419,0,0,0,0,0,0,0,0,0,0,0,0.00634286,622.115843199111,0.00632282872261439,626.061836896305
34628,8994,185.5333,15385.73,6.18517,0.317323,-1.263924,0,0,0,0,0,0,0,0,0,0,0,0.00634646,622.44717894955,0.0063264060258418,626.397515072866
34629,8994,185.6,15393.11,6.18739,0.317545,-1.257743,0,0,0,0,0,0,0,0,0,0,0,0.0063509,622.745745230165,0.00633081801553099,626.700741183547
34630,8994,185.6667,15400.14,6.18967,0.317705,-1.252286,0,0,0,0,0,0,0,0,0,0,0,0.0063541,623.030151863326,0.00633399781584956,626.98894775128
34631,8994,185.7333,15408.21,6.19183,0.317891,-1.254152,0,0,0,0,0,0,0,0,0,0,0,0.00635782,623.356632877494,0.00633769432101066,627.319822145135
34632,8994,185.8,15415.08,6.19401,0.318074,-1.256629,0,0,0,0,0,0,0,0,0,0,0,0.00636148,623.634566528961,0.0063413311917854,627.601805351243
34633,8994,185.8667,15421.76,6.19629,0.318245,-1.258917,0,0,0,0,0,0,0,0,0,0,0,0.0063649,623.904813514667,0.00634472956727633,627.875905262206
34634,8994,185.9333,15429.83,6.19847,0.318441,-1.264415,0,0,0,0,0,0,0,0,0,0,0,0.00636882,624.231294528835,0.00634862476708464,628.206911282056
34635,8994,186,15436.98,6.20071,0.318632,-1.271171,0,0,0,0,0,0,0,0,0,0,0,0.00637264,624.520555898266,0.00635242058495375,628.500400573605
34636,8994,186.0667,15443.87,6.20303,0.318764,-1.26287,0,0,0,0,0,0,0,0,0,0,0,0.00637528,624.799298672444,0.00635504386427645,628.782569145285
34637,8994,186.1333,15452.28,6.20521,0.319006,-1.257013,0,0,0,0,0,0,0,0,0,0,0,0.00638012,625.139534772712,0.00635985319182802,629.128000021306
34638,8994,186.2,15459.54,6.20743,0.319219,-1.259254,0,0,0,0,0,0,0,0,0,0,0,0.00638438,625.433246317057,0.00636408617586575,629.426249826178
34639,8994,186.2667,15466.38,6.20967,0.319385,-1.261872,0,0,0,0,0,0,0,0,0,0,0,0.0063877,625.709966284456,0.00636738510874843,629.706813836091
34640,8994,186.3333,15474.1,6.21182,0.319624,-1.271708,0,0,0,0,0,0,0,0,0,0,0,0.00639248,626.02228765117,0.00637213475806167,630.024122604534
34641,8994,186.4,15481.03,6.214,0.3198,-1.261509,0,0,0,0,0,0,0,0,0,0,0,0.006396,626.302648670772,0.00637563239334241,630.30848041167
34642,8994,186.4667,15487.59,6.21629,0.319978,-1.259995,0,0,0,0,0,0,0,0,0,0,0,0.00639956,626.568040920207,0.00637916976203563,630.577800692159
34643,8994,186.5333,15495.64,6.21853,0.320169,-1.258857,0,0,0,0,0,0,0,0,0,0,0,0.00640338,626.893712811664,0.00638296546396372,630.907951474408
34644,8994,186.6,15503.55,6.22077,0.320395,-1.263812,0,0,0,0,0,0,0,0,0,0,0,0.0064079,627.213720844139,0.00638745669475595,631.232843645936
34645,8994,186.6667,15510.93,6.22299,0.320579,-1.263944,0,0,0,0,0,0,0,0,0,0,0,0.00641158,627.512287124754,0.00639111325714183,631.535632354637
34646,8994,186.7333,15518.77,6.2252,0.32078,-1.26384,0,0,0,0,0,0,0,0,0,0,0,0.0064156,627.829463227738,0.00639510763881547,631.857365932022
34647,8994,186.8,15526.32,6.22747,0.320968,-1.257678,0,0,0,0,0,0,0,0,0,0,0,0.00641936,628.134907051403,0.0063988436629553,632.167131148332
34648,8994,186.8667,15533.76,6.22964,0.321146,-1.260015,0,0,0,0,0,0,0,0,0,0,0,0.00642292,628.435900700153,0.00640238094954303,632.472294215478
34649,8994,186.9333,15541.33,6.23182,0.321309,-1.254449,0,0,0,0,0,0,0,0,0,0,0,0.00642618,628.742153646529,0.00640562013920702,632.782563899449
34650,8994,187,15548.33,6.23412,0.32149,-1.258873,0,0,0,0,0,0,0,0,0,0,0,0.0064298,629.025346595622,0.00640921701850287,633.069853769162
34651,8994,187.0667,15555.54,6.2363,0.32166,-1.258453,0,0,0,0,0,0,0,0,0,0,0,0.0064332,629.317035333188,0.00641259529114237,633.365557684893
34652,8994,187.1333,15563.24,6.23852,0.321864,-1.256333,0,0,0,0,0,0,0,0,0,0,0,0.00643728,629.62854757719,0.00641664920324513,633.681642833937
34653,8994,187.2,15570.61,6.24085,0.322062,-1.261639,0,0,0,0,0,0,0,0,0,0,0,0.00644124,629.926709296449,0.00642058386692262,633.984218413438
34654,8994,187.2667,15578.1,6.243,0.322269,-1.261883,0,0,0,0,0,0,0,0,0,0,0,0.00644538,630.229725751978,0.00642469736239604,634.291795821746
34655,8994,187.3333,15585.4,6.2452,0.322424,-1.264466,0,0,0,0,0,0,0,0,0,0,0,0.00644848,630.525055541746,0.00642777750493275,634.590983751906
34656,8994,187.4,15592.5,6.24751,0.322587,-1.26088,0,0,0,0,0,0,0,0,0,0,0,0.00645174,630.812294104398,0.00643101661233366,634.882131014763
34657,8994,187.4667,15599.83,6.2496,0.322773,-1.265084,0,0,0,0,0,0,0,0,0,0,0,0.00645546,631.108837578234,0.00643471275888234,635.182935434867
34658,8994,187.5333,15607.04,6.25184,0.322958,-1.269271,0,0,0,0,0,0,0,0,0,0,0,0.00645916,631.400526315799,0.00643838902012381,635.478843339357
34659,8994,187.6,15614.17,6.25416,0.323149,-1.270182,0,0,0,0,0,0,0,0,0,0,0,0.00646298,631.688978562518,0.00644218449728032,635.771571797188
34660,8994,187.6667,15621.71,6.25626,0.323332,-1.27366,0,0,0,0,0,0,0,0,0,0,0,0.00646664,631.994017824827,0.00644582098805834,636.080895620254
34661,8994,187.7333,15629.08,6.2585,0.323528,-1.26236,0,0,0,0,0,0,0,0,0,0,0,0.00647056,632.292179544086,0.00644971579411581,636.383464029357
34662,8994,187.8,15636.46,6.26088,0.323732,-1.254282,0,0,0,0,0,0,0,0,0,0,0,0.00647464,632.590745824701,0.00645376955573842,636.686543171248
34663,8994,187.8667,15644.67,6.26296,0.32392,-1.265559,0,0,0,0,0,0,0,0,0,0,0,0.0064784,632.922890697852,0.00645750536072274,637.023218352949
34664,8994,187.9333,15651.88,6.2652,0.324048,-1.265745,0,0,0,0,0,0,0,0,0,0,0,0.00648096,633.214579435417,0.00646004887953475,637.318417796155
34665,8994,188,15658.85,6.26757,0.324256,-1.265801,0,0,0,0,0,0,0,0,0,0,0,0.00648512,633.496558700443,0.00646418208380617,637.604859903202
34666,8994,188.0667,15667.25,6.26964,0.324455,-1.273077,0,0,0,0,0,0,0,0,0,0,0,0.0064891,633.836390239354,0.00646813643151761,637.949417959256
34667,8994,188.1333,15674.41,6.27178,0.324641,-1.266254,0,0,0,0,0,0,0,0,0,0,0,0.00649282,634.12605617014,0.00647183244086879,638.243322510163
34668,8994,188.2,15680.86,6.27418,0.324832,-1.266315,0,0,0,0,0,0,0,0,0,0,0,0.00649664,634.386998244662,0.00647562779109371,638.508382192938
34669,8994,188.2667,15688.94,6.27632,0.324989,-1.26207,0,0,0,0,0,0,0,0,0,0,0,0.00649978,634.713883820186,0.00647874751845022,638.839384427963
34670,8994,188.3333,15696.56,6.2785,0.325175,-1.263522,0,0,0,0,0,0,0,0,0,0,0,0.0065035,635.022159573342,0.00648244348858301,639.152026188127
34671,8994,188.4,15703.49,6.2809,0.325374,-1.265579,0,0,0,0,0,0,0,0,0,0,0,0.00650748,635.302520592944,0.0064863977640833,639.436739039652
34672,8994,188.4667,15711.94,6.28306,0.325577,-1.267424,0,0,0,0,0,0,0,0,0,0,0,0.00651154,635.644374938634,0.00649043150639735,639.783398711822
34673,8994,188.5333,15719.63,6.2852,0.325778,-1.267896,0,0,0,0,0,0,0,0,0,0,0,0.00651556,635.95548262128,0.00649442549137649,640.099088725628
34674,8994,188.6,15726.4,6.28758,0.325964,-1.266538,0,0,0,0,0,0,0,0,0,0,0,0.00651928,636.229370659189,0.00649812140356452,640.37712807074
34675,8994,188.6667,15734.49,6.28968,0.326165,-1.265132,0,0,0,0,0,0,0,0,0,0,0,0.0065233,636.556660796069,0.0065021153578305,640.70911086144
34676,8994,188.7333,15741.56,6.29178,0.326321,-1.261259,0,0,0,0,0,0,0,0,0,0,0,0.00652642,636.842685674653,0.00650521513223639,640.998988515294
34677,8994,188.8,15747.92,6.2942,0.326481,-1.267249,0,0,0,0,0,0,0,0,0,0,0,0.00652962,637.099986696972,0.00650839437805619,641.260007512108
34678,8994,188.8667,15756.12,6.29636,0.326651,-1.263528,0,0,0,0,0,0,0,0,0,0,0,0.00653302,637.431727008766,0.00651177231566472,641.596081229949
34679,8994,188.9333,15763.82,6.29848,0.326835,-1.265918,0,0,0,0,0,0,0,0,0,0,0,0.0065367,637.743239252768,0.00651542842351186,641.911975484792
34680,8994,189,15770.58,6.3009,0.327,-1.268813,0,0,0,0,0,0,0,0,0,0,0,0.00654,638.016722729321,0.00651870698711545,642.189352095971
34681,8994,189.0667,15779.02,6.3031,0.327204,-1.273335,0,0,0,0,0,0,0,0,0,0,0,0.00654408,638.358172513656,0.00652276046907441,642.535639463239
34682,8994,189.1333,15786.69,6.3052,0.3274,-1.264601,0,0,0,0,0,0,0,0,0,0,0,0.006548,638.66847107359,0.00652665497547964,642.85047222218
34683,8994,189.2,15793.24,6.30756,0.32758,-1.26388,0,0,0,0,0,0,0,0,0,0,0,0.0065516,638.93345876167,0.00653023154963435,643.119495210093
34684,8994,189.2667,15801.25,6.30974,0.327789,-1.27459,0,0,0,0,0,0,0,0,0,0,0,0.00655578,639.257512407704,0.00653438433357568,643.448344022396
34685,8994,189.3333,15808.54,6.3118,0.327957,-1.271259,0,0,0,0,0,0,0,0,0,0,0,0.00655914,639.552437636116,0.00653772244404978,643.747351611913
34686,8994,189.4,15814.54,6.31418,0.328117,-1.259184,0,0,0,0,0,0,0,0,0,0,0,0.00656234,639.795174449624,0.00654090158652247,643.993727914722
34687,8994,189.4667,15822.26,6.31644,0.328319,-1.257696,0,0,0,0,0,0,0,0,0,0,0,0.00656638,640.107495816338,0.00654491523945977,644.310684874717
34688,8994,189.5333,15830.37,6.31858,0.328542,-1.261424,0,0,0,0,0,0,0,0,0,0,0,0.00657084,640.43559507593,0.00654934613463739,644.643794901479
34689,8994,189.6,15837.29,6.32084,0.328746,-1.259196,0,0,0,0,0,0,0,0,0,0,0,0.00657492,640.715551534176,0.00655339949240328,644.928205028269
34690,8994,189.6667,15844.88,6.32312,0.328932,-1.252354,0,0,0,0,0,0,0,0,0,0,0,0.00657864,641.022613603264,0.00655709518663541,645.239670610019
34691,8994,189.7333,15852.46,6.3253,0.32912,-1.25887,0,0,0,0,0,0,0,0,0,0,0,0.0065824,641.329271110996,0.00656083060563599,645.550756905157
34692,8994,189.8,15859.63,6.32746,0.329324,-1.264665,0,0,0,0,0,0,0,0,0,0,0,0.00658648,641.619341603138,0.00656488391685135,645.84535456422
34693,8994,189.8667,15866.96,6.3297,0.329538,-1.259076,0,0,0,0,0,0,0,0,0,0,0,0.00659076,641.915885076974,0.00656913590213604,646.146598615704
34694,8994,189.9333,15874.15,6.33194,0.329695,-1.252909,0,0,0,0,0,0,0,0,0,0,0,0.0065939,642.206764691828,0.00657225533778683,646.441411877529
34695,8994,190,15881.35,6.33412,0.329889,-1.255408,0,0,0,0,0,0,0,0,0,0,0,0.00659778,642.498048868038,0.00657610991362154,646.737109644898
34696,8994,190.0667,15889.08,6.33638,0.330113,-1.263346,0,0,0,0,0,0,0,0,0,0,0,0.00660226,642.810774796108,0.00658056053940224,647.054778662113
34697,8994,190.1333,15896.49,6.33866,0.330299,-1.258939,0,0,0,0,0,0,0,0,0,0,0,0.00660598,643.11055476079,0.006584256133257,647.358930223329
34698,8994,190.2,15903.96,6.34082,0.330469,-1.256883,0,0,0,0,0,0,0,0,0,0,0,0.00660938,643.412762093608,0.0065876338146194,647.665321535134
34699,8994,190.2667,15911.6,6.34308,0.330663,-1.263133,0,0,0,0,0,0,0,0,0,0,0,0.00661326,643.721846969475,0.00659148833117696,647.978946911164
34700,8994,190.3333,15918.9,6.34536,0.330856,-1.275034,0,0,0,0,0,0,0,0,0,0,0,0.00661712,644.017176759243,0.00659532296435002,648.27871569992
34701,8994,190.4,15926.16,6.34746,0.331044,-1.27828,0,0,0,0,0,0,0,0,0,0,0,0.00662088,644.310888303588,0.00659905824055683,648.57679337774
34702,8994,190.4667,15933.45,6.34972,0.331223,-1.261465,0,0,0,0,0,0,0,0,0,0,0,0.00662446,644.605813532001,0.00660261468738313,648.875978959511
34703,8994,190.5333,15940.41,6.35202,0.331411,-1.260545,0,0,0,0,0,0,0,0,0,0,0,0.00662822,644.88738823567,0.00660634993635349,649.161843720122
34704,8994,190.6,15947.81,6.3541,0.331604,-1.265597,0,0,0,0,0,0,0,0,0,0,0,0.00663208,645.186763638997,0.00661018451253806,649.465693870392
34705,8994,190.6667,15955.24,6.35638,0.331788,-1.270131,0,0,0,0,0,0,0,0,0,0,0,0.00663576,645.487352726391,0.00661384026059796,649.770651882119
34706,8994,190.7333,15962.5,6.35874,0.331994,-1.268576,0,0,0,0,0,0,0,0,0,0,0,0.00663988,645.781064270736,0.0066179330931125,650.068973043766
34707,8994,190.8,15970.45,6.3608,0.332192,-1.263275,0,0,0,0,0,0,0,0,0,0,0,0.00664384,646.102690548634,0.00662186696488683,650.395293448209
34708,8994,190.8667,15977.83,6.36304,0.332373,-1.259891,0,0,0,0,0,0,0,0,0,0,0,0.00664746,646.401256829249,0.00662546306645444,650.698183327971
34709,8994,190.9333,15984.84,6.36542,0.332571,-1.276558,0,0,0,0,0,0,0,0,0,0,0,0.00665142,646.684854339698,0.00662939690860721,650.98622691355
34710,8994,191,15993.04,6.36748,0.33278,-1.277942,0,0,0,0,0,0,0,0,0,0,0,0.0066556,647.016594651493,0.0066335492807575,651.322878298855
34711,8994,191.0667,16000.51,6.36964,0.332943,-1.267175,0,0,0,0,0,0,0,0,0,0,0,0.00665886,647.31880198431,0.00663678772171118,651.629207262092
34712,8994,191.1333,16007.14,6.37204,0.333119,-1.268751,0,0,0,0,0,0,0,0,0,0,0,0.00666238,647.587026163237,0.00664028443145647,651.901497014606
34713,8994,191.2,16014.91,6.37418,0.333322,-1.261416,0,0,0,0,0,0,0,0,0,0,0,0.00666644,647.90137033673,0.00664431755308037,652.220565947998
34714,8994,191.2667,16022.79,6.37632,0.333521,-1.264353,0,0,0,0,0,0,0,0,0,0,0,0.00667042,648.220164685138,0.00664827118853908,652.544065436057
34715,8994,191.3333,16029.68,6.37876,0.333696,-1.266887,0,0,0,0,0,0,0,0,0,0,0,0.00667392,648.498907459316,0.00665174799072368,652.826937287787
34716,8994,191.4,16037.56,6.3809,0.333926,-1.263747,0,0,0,0,0,0,0,0,0,0,0,0.00667852,648.817701807723,0.00665631748378276,653.1508438056
34717,8994,191.4667,16045.34,6.38304,0.334106,-1.257368,0,0,0,0,0,0,0,0,0,0,0,0.00668212,649.132450542572,0.00665989359422078,653.470031472992
34718,8994,191.5333,16052.24,6.38542,0.334282,-1.255065,0,0,0,0,0,0,0,0,0,0,0,0.00668564,649.411597878107,0.00666339022317239,653.753330033345
34719,8994,191.6,16059.95,6.38754,0.33448,-1.253025,0,0,0,0,0,0,0,0,0,0,0,0.0066896,649.723514683465,0.00666732391612884,654.069905107291
34720,8994,191.6667,16067.2,6.38961,0.334659,-1.2613,0,0,0,0,0,0,0,0,0,0,0,0.00669318,650.016821666454,0.00667088012018062,654.367501256895
34721,8994,191.7333,16073.53,6.39206,0.334844,-1.269011,0,0,0,0,0,0,0,0,0,0,0,0.00669688,650.272909004705,0.00667455551331328,654.62770864356
34722,8994,191.8,16081.29,6.3942,0.33501,-1.260224,0,0,0,0,0,0,0,0,0,0,0,0.0067002,650.586848616842,0.00667785342213913,654.945910619945
34723,8994,191.8667,16089.34,6.39633,0.335213,-1.269543,0,0,0,0,0,0,0,0,0,0,0,0.00670426,650.912520508299,0.00668188639224587,655.276407283042
34724,8994,191.9333,16096.44,6.39878,0.335414,-1.271164,0,0,0,0,0,0,0,0,0,0,0,0.00670828,651.19975907095,0.00668587961263179,655.568189390731
34725,8994,192,16104.53,6.40092,0.335631,-1.272543,0,0,0,0,0,0,0,0,0,0,0,0.00671262,651.527049207831,0.00669019068340696,655.900502708884
34726,8994,192.0667,16112.33,6.40301,0.335832,-1.267304,0,0,0,0,0,0,0,0,0,0,0,0.00671664,651.842607065391,0.00669418387063222,656.220799193711
34727,8994,192.1333,16119.03,6.40538,0.33599,-1.264992,0,0,0,0,0,0,0,0,0,0,0,0.0067198,652.113663173809,0.00669732278273008,656.495736567604
34728,8994,192.2,16126.74,6.40756,0.336186,-1.259488,0,0,0,0,0,0,0,0,0,0,0,0.00672372,652.425579979167,0.00670121660936214,656.812306899784
34729,8994,192.2667,16134.38,6.40965,0.336379,-1.264556,0,0,0,0,0,0,0,0,0,0,0,0.00672758,652.734664855034,0.00670505082179117,657.125989531619
34730,8994,192.3333,16140.94,6.412,0.336575,-1.272159,0,0,0,0,0,0,0,0,0,0,0,0.0067315,653.00005710447,0.00670894461833154,657.395726988868
34731,8994,192.4,16148.56,6.41428,0.336761,-1.268466,0,0,0,0,0,0,0,0,0,0,0,0.00673522,653.308332857625,0.00671263973776222,657.708508207254
34732,8994,192.4667,16156.58,6.4164,0.336952,-1.259745,0,0,0,0,0,0,0,0,0,0,0,0.00673904,653.632791065014,0.00671643417415109,658.037648589313
34733,8994,192.5333,16163.72,6.4187,0.337145,-1.260157,0,0,0,0,0,0,0,0,0,0,0,0.0067429,653.921647873089,0.00672026832823353,658.330976152532
34734,8994,192.6,16171.39,6.42096,0.337344,-1.255312,0,0,0,0,0,0,0,0,0,0,0,0.00674688,654.231946433023,0.00672422166342235,658.645970867773
34735,8994,192.6667,16178.91,6.42312,0.337537,-1.258382,0,0,0,0,0,0,0,0,0,0,0,0.00675074,654.53617657262,0.00672805578764652,658.954780121256
34736,8994,192.7333,16186.08,6.42534,0.337703,-1.256511,0,0,0,0,0,0,0,0,0,0,0,0.00675406,654.826247064763,0.00673135352003835,659.248982827013
34737,8994,192.8,16193.63,6.42758,0.337888,-1.253247,0,0,0,0,0,0,0,0,0,0,0,0.00675776,655.131690888427,0.00673502869091462,659.558913623845
34738,8994,192.8667,16200.78,6.42975,0.338087,-1.253082,0,0,0,0,0,0,0,0,0,0,0,0.00676174,655.420952257858,0.00673898196775154,659.852738327578
34739,8994,192.9333,16207.97,6.43199,0.338265,-1.25999,0,0,0,0,0,0,0,0,0,0,0,0.0067653,655.711831872712,0.00674251805137933,660.14791912888
34740,8994,193,16215.84,6.43426,0.338479,-1.262748,0,0,0,0,0,0,0,0,0,0,0,0.00676958,656.030221659763,0.00674676928143498,660.471270727707
34741,8994,193.0667,16223.23,6.43647,0.338652,-1.259578,0,0,0,0,0,0,0,0,0,0,0,0.00677304,656.329192501734,0.00675020601027844,660.774536375716
34742,8994,193.1333,16230.76,6.43867,0.338866,-1.255391,0,0,0,0,0,0,0,0,0,0,0,0.00677732,656.633827202687,0.00675445720765122,661.084044772464
34743,8994,193.2,16238.69,6.44094,0.339052,-1.256939,0,0,0,0,0,0,0,0,0,0,0,0.00678104,656.954644357874,0.00675815215891136,661.40948007945
34744,8994,193.2667,16246.05,6.44316,0.339237,-1.260153,0,0,0,0,0,0,0,0,0,0,0,0.00678474,657.252401515777,0.00676182723129978,661.711688174437
34745,8994,193.3333,16253.57,6.44533,0.339454,-1.249801,0,0,0,0,0,0,0,0,0,0,0,0.00678908,657.556631655374,0.0067661379746723,662.020836232213
34746,8994,193.4,16261.17,6.44757,0.339629,-1.250541,0,0,0,0,0,0,0,0,0,0,0,0.00679258,657.864098285818,0.00676961436708248,662.332692802552
34747,8994,193.4667,16268.08,6.44983,0.339802,-1.241723,0,0,0,0,0,0,0,0,0,0,0,0.00679604,658.143650182708,0.00677305101741483,662.616420755096
34748,8994,193.5333,16275.33,6.45197,0.340019,-1.239129,0,0,0,0,0,0,0,0,0,0,0,0.00680038,658.436957165697,0.0067773617124051,662.914578680467
34749,8994,193.6,16282.88,6.45423,0.340232,-1.2413,0,0,0,0,0,0,0,0,0,0,0,0.00680464,658.742400989361,0.00678159292950831,663.22490588083
34750,8994,193.6667,16289.87,6.45656,0.340388,-1.248047,0,0,0,0,0,0,0,0,0,0,0,0.00680776,659.025189377099,0.00678469183771938,663.511674700332
34751,8994,193.7333,16297.59,6.45867,0.340589,-1.247831,0,0,0,0,0,0,0,0,0,0,0,0.00681178,659.337510743812,0.00678868464760242,663.828772812747
34752,8994,193.8,16305.19,6.46089,0.340772,-1.251518,0,0,0,0,0,0,0,0,0,0,0,0.00681544,659.644977374256,0.00679231987855641,664.140748138852
34753,8994,193.8667,16311.89,6.46328,0.34096,-1.257567,0,0,0,0,0,0,0,0,0,0,0,0.0068192,659.916033482673,0.00679605441899918,664.416132898198
34754,8994,193.9333,16319.84,6.46535,0.341172,-1.266087,0,0,0,0,0,0,0,0,0,0,0,0.00682344,660.237659760572,0.00680026569255465,664.742751817689
34755,8994,194,16327.83,6.46749,0.341368,-1.273477,0,0,0,0,0,0,0,0,0,0,0,0.00682736,660.560904283894,0.00680415911836605,665.070791379365
34756,8994,194.0667,16334.34,6.46989,0.341543,-1.276676,0,0,0,0,0,0,0,0,0,0,0,0.00683086,660.82427372655,0.00680763537860256,665.338271824978
34757,8994,194.1333,16341.96,6.47203,0.341726,-1.270699,0,0,0,0,0,0,0,0,0,0,0,0.00683452,661.132549479705,0.00681127054066704,665.651073111775
34758,8994,194.2,16350.26,6.47415,0.341912,-1.267579,0,0,0,0,0,0,0,0,0,0,0,0.00683824,661.468335405058,0.00681496528201125,665.991614634959
34759,8994,194.2667,16357.12,6.47659,0.342121,-1.262461,0,0,0,0,0,0,0,0,0,0,0,0.00684242,661.745864495169,0.00681911688368569,666.273807633308
34760,8994,194.3333,16364.9,6.47875,0.342322,-1.25728,0,0,0,0,0,0,0,0,0,0,0,0.00684644,662.060613230018,0.0068231095561187,666.593371494861
34761,8994,194.4,16373.29,6.48087,0.342549,-1.265607,0,0,0,0,0,0,0,0,0,0,0,0.00685098,662.400040207574,0.0068276186744749,666.938129635035
34762,8994,194.4667,16380.2,6.4833,0.342729,-1.256938,0,0,0,0,0,0,0,0,0,0,0,0.00685458,662.679592104464,0.00683119417237429,667.221982382912
34763,8994,194.5333,16387.64,6.48541,0.34292,-1.254837,0,0,0,0,0,0,0,0,0,0,0,0.0068584,662.980585753214,0.00683498815894342,667.527571802544
34764,8994,194.6,16395.58,6.48749,0.343109,-1.256176,0,0,0,0,0,0,0,0,0,0,0,0.00686218,663.301807469757,0.00683874240373532,667.85350386694
34765,8994,194.6667,16401.97,6.48989,0.343297,-1.254459,0,0,0,0,0,0,0,0,0,0,0,0.00686594,663.560322176143,0.00684247677081564,668.116287534585
34766,8994,194.7333,16409.02,6.49205,0.343498,-1.2571,0,0,0,0,0,0,0,0,0,0,0,0.00686996,663.845537932015,0.00684646934998156,668.406130223787
34767,8994,194.8,16416.96,6.49417,0.343696,-1.26095,0,0,0,0,0,0,0,0,0,0,0,0.00687392,664.166759648558,0.00685040232282827,668.732188821041
34768,8994,194.8667,16423.63,6.49665,0.343882,-1.26242,0,0,0,0,0,0,0,0,0,0,0,0.00687764,664.436602072908,0.00685409691959355,669.006357824788
34769,8994,194.9333,16431.34,6.49879,0.344091,-1.260728,0,0,0,0,0,0,0,0,0,0,0,0.00688182,664.748518878266,0.00685824835881275,669.323198530453
34770,8994,195,16439.55,6.50087,0.344282,-1.265887,0,0,0,0,0,0,0,0,0,0,0,0.00688564,665.080663751416,0.00686204224274002,669.660169772969
34771,8994,195.0667,16446.16,6.50327,0.344475,-1.263324,0,0,0,0,0,0,0,0,0,0,0,0.0068895,665.348078807631,0.0068658758385804,669.931994396576
34772,8994,195.1333,16453.46,6.50545,0.344659,-1.267292,0,0,0,0,0,0,0,0,0,0,0,0.00689318,665.643408597399,0.00686953065201843,670.231808428675
34773,8994,195.2,16461.54,6.50745,0.344875,-1.266317,0,0,0,0,0,0,0,0,0,0,0,0.0068975,665.970294172924,0.00687382106814048,670.563824276981
34774,8994,195.2667,16467.95,6.50985,0.345061,-1.258699,0,0,0,0,0,0,0,0,0,0,0,0.00690122,666.229618002022,0.00687751557838433,670.82741516637
34775,8994,195.3333,16475.09,6.51213,0.345226,-1.25819,0,0,0,0,0,0,0,0,0,0,0,0.00690452,666.518474810096,0.006880792955079,671.120464949792
34776,8994,195.4,16483.61,6.51423,0.345445,-1.259844,0,0,0,0,0,0,0,0,0,0,0,0.0069089,666.863161085278,0.00688514291119363,671.4704519789
34777,8994,195.4667,16491.01,6.51657,0.345654,-1.267619,0,0,0,0,0,0,0,0,0,0,0,0.00691308,667.162536488604,0.00688929422152933,671.774684476353
34778,8994,195.5333,16498.4,6.51883,0.34586,-1.271554,0,0,0,0,0,0,0,0,0,0,0,0.0069172,667.461507330576,0.0068933859268145,672.078472069083
34779,8994,195.6,16506.1,6.52095,0.346048,-1.270458,0,0,0,0,0,0,0,0,0,0,0,0.00692096,667.773019574578,0.00689712008984181,672.394649932132
34780,8994,195.6667,16513.14,6.52319,0.346211,-1.265473,0,0,0,0,0,0,0,0,0,0,0,0.00692422,668.057830769094,0.00690035767735084,672.683610162062
34781,8994,195.7333,16520.3,6.52543,0.346422,-1.258347,0,0,0,0,0,0,0,0,0,0,0,0.00692844,668.34749669988,0.00690454864929625,672.978102229916
34782,8994,195.8,16527.3,6.52755,0.346623,-1.257753,0,0,0,0,0,0,0,0,0,0,0,0.00693246,668.630689648973,0.00690854098064346,673.265945159737
34783,8994,195.8667,16534.26,6.52987,0.346817,-1.259201,0,0,0,0,0,0,0,0,0,0,0,0.00693634,668.912264352643,0.00691239426045986,673.552067248363
34784,8994,195.9333,16541.81,6.53213,0.347026,-1.255743,0,0,0,0,0,0,0,0,0,0,0,0.00694052,669.217708176307,0.00691654545766853,673.862427064259
34785,8994,196,16549.3,6.53431,0.347229,-1.260276,0,0,0,0,0,0,0,0,0,0,0,0.00694458,669.520724631837,0.00692057746525446,674.1702648657
34786,8994,196.0667,16556.72,6.53655,0.3474,-1.256641,0,0,0,0,0,0,0,0,0,0,0,0.006948,669.820909157875,0.00692397387282241,674.474824834704
34787,8994,196.1333,16564.4,6.53881,0.347616,-1.254089,0,0,0,0,0,0,0,0,0,0,0,0.00695232,670.131612279166,0.00692826405536724,674.790581689846
34788,8994,196.2,16571.6,6.54097,0.347817,-1.254827,0,0,0,0,0,0,0,0,0,0,0,0.00695634,670.422896455375,0.00693225629203601,675.086586066904
34789,8994,196.2667,16578.97,6.54319,0.348016,-1.25396,0,0,0,0,0,0,0,0,0,0,0,0.00696032,670.721058174635,0.00693620878925605,675.389491370269
34790,8994,196.3333,16586.59,6.54545,0.348219,-1.252786,0,0,0,0,0,0,0,0,0,0,0,0.00696438,671.02933392779,0.00694024071756022,675.70263720041
34791,8994,196.4,16593.64,6.54763,0.3484,-1.262534,0,0,0,0,0,0,0,0,0,0,0,0.006968,671.314549683662,0.00694383567440776,675.992269465858
34792,8994,196.4667,16601.07,6.54985,0.348619,-1.273176,0,0,0,0,0,0,0,0,0,0,0,0.00697238,671.615138771056,0.00694818535629858,676.297894732321
34793,8994,196.5333,16608.86,6.55209,0.348833,-1.275666,0,0,0,0,0,0,0,0,0,0,0,0.00697666,671.930292067261,0.00695243571210696,676.618121258715
34794,8994,196.6,16615.93,6.55437,0.349013,-1.277836,0,0,0,0,0,0,0,0,0,0,0,0.00698026,672.216316945845,0.00695601076375194,676.908561614369
34795,8994,196.6667,16623.71,6.55655,0.349209,-1.273294,0,0,0,0,0,0,0,0,0,0,0,0.00698418,672.531065680694,0.00695990358322987,677.228143699
34796,8994,196.7333,16631.61,6.55879,0.349426,-1.263613,0,0,0,0,0,0,0,0,0,0,0,0.00698852,672.850669151813,0.0069642134728327,677.552899510194
34797,8994,196.8,16638.34,6.56109,0.349601,-1.263283,0,0,0,0,0,0,0,0,0,0,0,0.00699202,673.122938944298,0.0069676891767241,677.829427995855
34798,8994,196.8667,16645.94,6.56323,0.34979,-1.265468,0,0,0,0,0,0,0,0,0,0,0,0.0069958,673.430405574742,0.00697144292335811,678.141590006062
34799,8994,196.9333,16653.74,6.56539,0.350006,-1.267752,0,0,0,0,0,0,0,0,0,0,0,0.00700012,673.745963432302,0.00697573290225732,678.462266025844
34800,8994,197,16660.15,6.56769,0.350184,-1.269931,0,0,0,0,0,0,0,0,0,0,0,0.00700368,674.0052872614,0.00697926814881436,678.725804611687
34801,8994,197.0667,16667.27,6.56989,0.350352,-1.271205,0,0,0,0,0,0,0,0,0,0,0,0.00700704,674.293334946763,0.00698260477454991,679.018135316469
34802,8994,197.1333,16675.55,6.57205,0.350574,-1.268219,0,0,0,0,0,0,0,0,0,0,0,0.00701148,674.628311749405,0.00698701387005327,679.358454664669
34803,8994,197.2,16682.44,6.57437,0.350772,-1.269141,0,0,0,0,0,0,0,0,0,0,0,0.00701544,674.907054523583,0.00699094629018192,679.64182447017
34804,8994,197.2667,16689.66,6.57657,0.350958,-1.27445,0,0,0,0,0,0,0,0,0,0,0,0.00701916,675.199147822505,0.00699464036773157,679.938478672935
34805,8994,197.3333,16698.15,6.57877,0.351141,-1.269894,0,0,0,0,0,0,0,0,0,0,0,0.00702282,675.542620413619,0.0069982748500674,680.286834639112
34806,8994,197.4,16705.41,6.58111,0.351365,-1.274259,0,0,0,0,0,0,0,0,0,0,0,0.0070273,675.836331957964,0.0070027235973509,680.585636613532
34807,8994,197.4667,16712.9,6.58323,0.351571,-1.266718,0,0,0,0,0,0,0,0,0,0,0,0.00703142,676.139348413493,0.00700681483854355,680.893568150715
34808,8994,197.5333,16720.78,6.58535,0.351772,-1.262408,0,0,0,0,0,0,0,0,0,0,0,0.00703544,676.4581427619,0.00701080676163194,681.217323437813
34809,8994,197.6,16727.26,6.58769,0.351928,-1.265085,0,0,0,0,0,0,0,0,0,0,0,0.00703856,676.720298520489,0.00701390495961288,681.483434944844
34810,8994,197.6667,16734.22,6.58989,0.352146,-1.262723,0,0,0,0,0,0,0,0,0,0,0,0.00704292,677.001873224159,0.00701823447660932,681.769943257127
34811,8994,197.7333,16742.43,6.59205,0.352348,-1.269239,0,0,0,0,0,0,0,0,0,0,0,0.00704696,677.334018097309,0.00702224621415908,682.10716382948
34812,8994,197.8,16749.47,6.59447,0.352546,-1.270802,0,0,0,0,0,0,0,0,0,0,0,0.00705092,677.618829291826,0.00702617849574206,682.396665447656
34813,8994,197.8667,16756.99,6.59661,0.352745,-1.275131,0,0,0,0,0,0,0,0,0,0,0,0.0070549,677.923059431423,0.00703013062175302,682.705738823405
34814,8994,197.9333,16765.14,6.59873,0.352946,-1.276209,0,0,0,0,0,0,0,0,0,0,0,0.00705892,678.252776936438,0.00703412245176787,683.04050902861
34815,8994,198,16771.9,6.60109,0.353106,-1.271965,0,0,0,0,0,0,0,0,0,0,0,0.00706212,678.52626041299,0.00703730001650856,683.318094287178
34816,8994,198.0667,16778.79,6.60325,0.353284,-1.287013,0,0,0,0,0,0,0,0,0,0,0,0.00706568,678.805003187169,0.00704083504541775,683.601222122088
34817,8994,198.1333,16786.65,6.60534,0.353511,-1.288644,0,0,0,0,0,0,0,0,0,0,0,0.00707022,679.122988412865,0.00704534318213281,683.924537348001
34818,8994,198.2,16793.36,6.60769,0.353686,-1.272164,0,0,0,0,0,0,0,0,0,0,0,0.00707372,679.394449082638,0.0070488186040533,684.200295185003
34819,8994,198.2667,16800.21,6.60993,0.353857,-1.27225,0,0,0,0,0,0,0,0,0,0,0,0.00707714,679.671573611393,0.00705221457609095,684.481704491861
34820,8994,198.3333,16808.36,6.61209,0.354058,-1.267717,0,0,0,0,0,0,0,0,0,0,0,0.00708116,680.001291116408,0.00705620631795156,684.81648905901
34821,8994,198.4,16815.89,6.61443,0.354269,-1.279754,0,0,0,0,0,0,0,0,0,0,0,0.00708538,680.305925817361,0.00706039663679172,685.126151818029
34822,8994,198.4667,16823.32,6.61663,0.354501,-1.285306,0,0,0,0,0,0,0,0,0,0,0,0.00709002,680.606514904756,0.00706500398131595,685.43202870756
34823,8994,198.5333,16830.93,6.61877,0.354717,-1.277109,0,0,0,0,0,0,0,0,0,0,0,0.00709434,680.914386096555,0.00706929355886006,685.745024262415
34824,8994,198.6,16838.03,6.62109,0.354885,-1.285094,0,0,0,0,0,0,0,0,0,0,0,0.0070977,681.201624659206,0.00707262988422853,686.03658943055
34825,8994,198.6667,16845.4,6.62325,0.355076,-1.286436,0,0,0,0,0,0,0,0,0,0,0,0.00710152,681.499786378466,0.00707642295490589,686.339470741428
34826,8994,198.7333,16852.59,6.62538,0.355269,-1.281614,0,0,0,0,0,0,0,0,0,0,0,0.00710538,681.79066599332,0.00708025572898693,686.635047755655
34827,8994,198.8,16859.51,6.62775,0.35543,-1.277306,0,0,0,0,0,0,0,0,0,0,0,0.0071086,682.070622451566,0.00708345300597135,686.919189678325
34828,8994,198.8667,16866.97,6.62995,0.355633,-1.272334,0,0,0,0,0,0,0,0,0,0,0,0.00711266,682.372425223028,0.00708748434064208,687.225908277014
34829,8994,198.9333,16874.49,6.63212,0.355865,-1.265799,0,0,0,0,0,0,0,0,0,0,0,0.0071173,682.676655362625,0.00709209156036589,687.535469921837
34830,8994,199,16881.73,6.63445,0.356051,-1.262259,0,0,0,0,0,0,0,0,0,0,0,0.00712102,682.969557784258,0.00709578526429666,687.832997664631
34831,8994,199.0667,16889.4,6.63663,0.356242,-1.267856,0,0,0,0,0,0,0,0,0,0,0,0.00712484,683.279856344192,0.00709957824714522,688.148115995868
34832,8994,199.1333,16896.64,6.6388,0.356443,-1.27046,0,0,0,0,0,0,0,0,0,0,0,0.00712886,683.572758765825,0.00710356979994714,688.445853262881
34833,8994,199.2,16903.71,6.64107,0.356636,-1.273481,0,0,0,0,0,0,0,0,0,0,0,0.00713272,683.858783644409,0.00710740246998206,688.736556867685
34834,8994,199.2667,16911.08,6.64326,0.356837,-1.276148,0,0,0,0,0,0,0,0,0,0,0,0.00713674,684.156945363669,0.00711139399155336,689.039595601923
34835,8994,199.3333,16918.09,6.64542,0.357023,-1.271144,0,0,0,0,0,0,0,0,0,0,0,0.00714046,684.440542874117,0.00711508762418748,689.327763192888
34836,8994,199.4,16925.16,6.64773,0.357237,-1.270896,0,0,0,0,0,0,0,0,0,0,0,0.00714474,684.726567752701,0.00711933727066254,689.618761050386
34837,8994,199.4667,16932.86,6.64992,0.357423,-1.271776,0,0,0,0,0,0,0,0,0,0,0,0.00714846,685.038079996703,0.00712303087395728,689.935047310036
34838,8994,199.5333,16939.96,6.65216,0.357613,-1.266886,0,0,0,0,0,0,0,0,0,0,0,0.00715226,685.325318559355,0.007126803895495,690.226943422274
34839,8994,199.6,16947.22,6.65443,0.357817,-1.271327,0,0,0,0,0,0,0,0,0,0,0,0.00715634,685.6190301037,0.00713085491329841,690.525552993592
34840,8994,199.6667,16955.31,6.6566,0.358026,-1.281194,0,0,0,0,0,0,0,0,0,0,0,0.00716052,685.94632024058,0.00713500520373476,690.858052585589
34841,8994,199.7333,16962.13,6.65888,0.358227,-1.282909,0,0,0,0,0,0,0,0,0,0,0,0.00716454,686.222231085267,0.00713899661513089,691.138697708767
34842,8994,199.8,16969.38,6.66112,0.358448,-1.272923,0,0,0,0,0,0,0,0,0,0,0,0.00716896,686.515538068256,0.00714338516350186,691.437140500046
34843,8994,199.8667,16977.45,6.66326,0.358642,-1.278262,0,0,0,0,0,0,0,0,0,0,0,0.00717284,686.842019082425,0.00714723753850591,691.76862699058
34844,8994,199.9333,16983.94,6.66548,0.35883,-1.279697,0,0,0,0,0,0,0,0,0,0,0,0.0071766,687.104579402369,0.00715097075373198,692.035654126909
34845,8994,200,16990.62,6.66776,0.358993,-1.282425,0,0,0,0,0,0,0,0,0,0,0,0.00717986,687.374826388075,0.00715420751948292,692.310081409066
34846,8994,200.0667,16998.63,6.66994,0.359225,-1.282147,0,0,0,0,0,0,0,0,0,0,0,0.0071845,687.698880034109,0.00715881443180936,692.639652637714
34847,8994,200.1333,17005.65,6.67216,0.359423,-1.28756,0,0,0,0,0,0,0,0,0,0,0,0.00718846,687.982882105913,0.00716274617640559,692.928419534617
34848,8994,200.2,17012.63,6.67446,0.359642,-1.28546,0,0,0,0,0,0,0,0,0,0,0,0.00719284,688.265265932295,0.00716709490621164,693.215847867703
34849,8994,200.2667,17021.04,6.67666,0.359863,-1.28328,0,0,0,0,0,0,0,0,0,0,0,0.00719726,688.605502032562,0.00717148333127391,693.561574868121
34850,8994,200.3333,17028.3,6.6789,0.360049,-1.272526,0,0,0,0,0,0,0,0,0,0,0,0.00720098,688.899213576907,0.00717517674196695,693.85996303589
34851,8994,200.4,17035.46,6.68112,0.360227,-1.263453,0,0,0,0,0,0,0,0,0,0,0,0.00720454,689.188879507693,0.00717871128351261,694.154168357662
34852,8994,200.4667,17043.52,6.68326,0.360451,-1.268475,0,0,0,0,0,0,0,0,0,0,0,0.00720902,689.514955960506,0.007183159228154,694.485683068324
34853,8994,200.5333,17050.25,6.68546,0.36065,-1.270626,0,0,0,0,0,0,0,0,0,0,0,0.007213,689.787225752991,0.00718711073380724,694.762661012347
34854,8994,200.6,17056.71,6.68774,0.360828,-1.269046,0,0,0,0,0,0,0,0,0,0,0,0.00721656,690.048572388868,0.00719064523317204,695.028349314427
34855,8994,200.6667,17064.96,6.68994,0.361027,-1.268215,0,0,0,0,0,0,0,0,0,0,0,0.00722054,690.382335507442,0.00719459670924445,695.367268776267
34856,8994,200.7333,17072.29,6.69222,0.361225,-1.273214,0,0,0,0,0,0,0,0,0,0,0,0.0072245,690.678878981278,0.00719852831315649,695.668688542478
34857,8994,200.8,17079.45,6.69448,0.361449,-1.27573,0,0,0,0,0,0,0,0,0,0,0,0.00722898,690.968544912064,0.00720297616965411,695.963542703863
34858,8994,200.8667,17087.92,6.69664,0.361668,-1.277631,0,0,0,0,0,0,0,0,0,0,0,0.00723336,691.311208380466,0.00720732472451469,696.311711222717
34859,8994,200.9333,17095.18,6.69892,0.361844,-1.279598,0,0,0,0,0,0,0,0,0,0,0,0.00723688,691.604919924811,0.00721081943982995,696.609981737717
34860,8994,201,17102.15,6.70114,0.362045,-1.273339,0,0,0,0,0,0,0,0,0,0,0,0.0072409,691.886899189837,0.00721481054863235,696.89678303818
34861,8994,201.0667,17110.1,6.70326,0.362253,-1.275502,0,0,0,0,0,0,0,0,0,0,0,0.00724506,692.208525467735,0.00721894063450303,697.22361776726
34862,8994,201.1333,17116.96,6.70552,0.362444,-1.274812,0,0,0,0,0,0,0,0,0,0,0,0.00724888,692.486054557846,0.00722273315025503,697.505802869009
34863,8994,201.2,17123.53,6.70778,0.362612,-1.27578,0,0,0,0,0,0,0,0,0,0,0,0.00725224,692.751851368638,0.00722606896373922,697.775854055207
34864,8994,201.2667,17131.71,6.70998,0.362857,-1.279275,0,0,0,0,0,0,0,0,0,0,0,0.00725714,693.08278255772,0.00723093367179058,698.112581342331
34865,8994,201.3333,17139.49,6.71228,0.363045,-1.270231,0,0,0,0,0,0,0,0,0,0,0,0.0072609,693.397531292569,0.00723466657457441,698.432221427532
34866,8994,201.4,17146.61,6.71448,0.363218,-1.267259,0,0,0,0,0,0,0,0,0,0,0,0.00726436,693.685578977932,0.00723810162705925,698.724760750437
34867,8994,201.4667,17154.44,6.71666,0.363444,-1.265324,0,0,0,0,0,0,0,0,0,0,0,0.00726888,694.002350519561,0.00724258901888811,699.046970325205
34868,8994,201.5333,17161.76,6.71894,0.363679,-1.267619,0,0,0,0,0,0,0,0,0,0,0,0.00727358,694.29848943204,0.00724725509080587,699.348525038803
34869,8994,201.6,17168.93,6.72108,0.363892,-1.272359,0,0,0,0,0,0,0,0,0,0,0,0.00727784,694.588559924183,0.00725148432015966,699.643664329141
34870,8994,201.6667,17176.16,6.72326,0.364091,-1.267467,0,0,0,0,0,0,0,0,0,0,0,0.00728182,694.88105778446,0.00725543555583567,699.941056568656
34871,8994,201.7333,17183.12,6.72562,0.364282,-1.272797,0,0,0,0,0,0,0,0,0,0,0,0.00728564,695.16263248813,0.00725922793318312,700.22733716989
34872,8994,201.8,17190.5,6.72776,0.364483,-1.270587,0,0,0,0,0,0,0,0,0,0,0,0.00728966,695.461198768745,0.00726321884878702,700.530874450961
34873,8994,201.8667,17198.04,6.72998,0.364689,-1.271919,0,0,0,0,0,0,0,0,0,0,0,0.00729378,695.766238031053,0.00726730902437174,700.841003902679
34874,8994,201.9333,17205.19,6.73232,0.364847,-1.273815,0,0,0,0,0,0,0,0,0,0,0,0.00729694,696.055499400484,0.00727044613799858,701.134574616279
34875,8994,202,17212.86,6.73446,0.365035,-1.274632,0,0,0,0,0,0,0,0,0,0,0,0.0073007,696.365797960419,0.00727417889328963,701.449755741588
34876,8994,202.0667,17220.01,6.73664,0.365254,-1.278536,0,0,0,0,0,0,0,0,0,0,0,0.00730508,696.655059329849,0.00727852713853296,701.744180270658
34877,8994,202.1333,17227.24,6.73898,0.365486,-1.284629,0,0,0,0,0,0,0,0,0,0,0,0.00730972,696.947557190127,0.00728313347816673,702.042048687871
34878,8994,202.2,17234.81,6.7411,0.365679,-1.279087,0,0,0,0,0,0,0,0,0,0,0,0.00731358,697.253810136503,0.00728696546005621,702.353231657241
34879,8994,202.2667,17241.87,6.7433,0.365885,-1.281271,0,0,0,0,0,0,0,0,0,0,0,0.0073177,697.539430453731,0.00729105553851469,702.643814743962
34880,8994,202.3333,17248.84,6.74564,0.366071,-1.278566,0,0,0,0,0,0,0,0,0,0,0,0.00732142,697.821409718756,0.0072947485076059,702.930453344299
34881,8994,202.4,17256.48,6.74778,0.366275,-1.278318,0,0,0,0,0,0,0,0,0,0,0,0.0073255,698.130494594623,0.00729879884512119,703.244649532776
34882,8994,202.4667,17263.69,6.74998,0.366463,-1.285001,0,0,0,0,0,0,0,0,0,0,0,0.00732926,698.422183332189,0.00730253149458001,703.541101103598
34883,8994,202.5333,17270.72,6.75234,0.366672,-1.283797,0,0,0,0,0,0,0,0,0,0,0,0.00733344,698.706589965349,0.00730668107257153,703.830512820465
34884,8994,202.6,17278.76,6.75446,0.36686,-1.281689,0,0,0,0,0,0,0,0,0,0,0,0.0073372,699.03185729545,0.00731041369260914,704.160793838798
34885,8994,202.6667,17285.9,6.75664,0.367043,-1.279035,0,0,0,0,0,0,0,0,0,0,0,0.00734086,699.320714103525,0.00731404702745567,704.454329560859
34886,8994,202.7333,17292.8,6.75902,0.367247,-1.277902,0,0,0,0,0,0,0,0,0,0,0,0.00734494,699.599861439059,0.00731809728680636,704.738380445337
34887,8994,202.8,17300.77,6.76114,0.367448,-1.275271,0,0,0,0,0,0,0,0,0,0,0,0.00734896,699.922296839669,0.00732208796747502,705.065997802252
34888,8994,202.8667,17307.71,6.76324,0.367641,-1.271644,0,0,0,0,0,0,0,0,0,0,0,0.00735282,700.203062420627,0.0073259198000948,705.351529502055
34889,8994,202.9333,17314.23,6.76562,0.367837,-1.276327,0,0,0,0,0,0,0,0,0,0,0,0.00735674,700.466836424639,0.00732981117985294,705.619988818838
34890,8994,203,17322.21,6.7678,0.368033,-1.26702,0,0,0,0,0,0,0,0,0,0,0,0.00736066,700.789676386605,0.00733370254446809,705.947950925997
34891,8994,203.0667,17329.79,6.76994,0.368255,-1.264009,0,0,0,0,0,0,0,0,0,0,0,0.0073651,701.096333894337,0.00733811009222277,706.259978503103
34892,8994,203.1333,17336.54,6.77232,0.368471,-1.26476,0,0,0,0,0,0,0,0,0,0,0,0.00736942,701.369412809534,0.0073423984984195,706.538098587681
34893,8994,203.2,17344.72,6.77454,0.36869,-1.269499,0,0,0,0,0,0,0,0,0,0,0,0.0073738,701.700343998617,0.00734674644703802,706.874541995194
34894,8994,203.2667,17352.35,6.77668,0.368909,-1.272336,0,0,0,0,0,0,0,0,0,0,0,0.00737818,702.009024313128,0.00735109437675174,707.188573256135
34895,8994,203.3333,17359.3,6.779,0.369123,-1.269607,0,0,0,0,0,0,0,0,0,0,0,0.00738246,702.290194455442,0.00735534302040223,707.474823724401
34896,8994,203.4,17367.22,6.78118,0.369347,-1.266587,0,0,0,0,0,0,0,0,0,0,0,0.00738694,702.610607049273,0.00735979017946656,707.800749446909
34897,8994,203.4667,17374.27,6.7833,0.369525,-1.264283,0,0,0,0,0,0,0,0,0,0,0,0.0073905,702.895822805145,0.00736332406854974,708.090574383586
34898,8994,203.5333,17380.72,6.7856,0.369721,-1.265152,0,0,0,0,0,0,0,0,0,0,0,0.00739442,703.156764879666,0.00736721530275646,708.356201325027
34899,8994,203.6,17388.54,6.7878,0.36995,-1.266492,0,0,0,0,0,0,0,0,0,0,0,0.007399,703.473131859938,0.00737176167456258,708.67812956257
34900,8994,203.6667,17395.76,6.79002,0.370136,-1.261063,0,0,0,0,0,0,0,0,0,0,0,0.00740272,703.76522515886,0.0073754543456211,708.975002066448
34901,8994,203.7333,17402.85,6.79232,0.370324,-1.272077,0,0,0,0,0,0,0,0,0,0,0,0.00740648,704.052059160155,0.00737918670896352,709.266606655284
34902,8994,203.8,17411.14,6.79454,0.370538,-1.275604,0,0,0,0,0,0,0,0,0,0,0,0.00741076,704.387440524152,0.00738343523326141,709.607486792891
34903,8994,203.8667,17418.43,6.79672,0.370757,-1.273782,0,0,0,0,0,0,0,0,0,0,0,0.00741514,704.682365752565,0.00738778300345836,709.907684150151
34904,8994,203.9333,17425.37,6.79896,0.37093,-1.273537,0,0,0,0,0,0,0,0,0,0,0,0.0074186,704.963131333523,0.0073912175300214,710.192970819634
34905,8994,204,17433.07,6.80112,0.3711,-1.270151,0,0,0,0,0,0,0,0,0,0,0,0.007422,705.274643577525,0.00739459248682939,710.509191982157
34906,8994,204.0667,17439.86,6.8033,0.37134,-1.273926,0,0,0,0,0,0,0,0,0,0,0,0.0074268,705.549340738145,0.00739935711234364,710.789314581939
34907,8994,204.1333,17446.39,6.80558,0.371523,-1.270729,0,0,0,0,0,0,0,0,0,0,0,0.00743046,705.813519303513,0.0074029901240439,711.058038426157
34908,8994,204.2,17454.22,6.80784,0.371716,-1.267726,0,0,0,0,0,0,0,0,0,0,0,0.00743432,706.130290845141,0.00740682164667351,711.379889388977
34909,8994,204.2667,17461.84,6.81012,0.371933,-1.275244,0,0,0,0,0,0,0,0,0,0,0,0.00743866,706.438566598297,0.00741112961054332,711.693522906109
34910,8994,204.3333,17469.06,6.8123,0.372134,-1.276832,0,0,0,0,0,0,0,0,0,0,0,0.00744268,706.730659897218,0.0074151199199677,711.990630045022
34911,8994,204.4,17476.76,6.81452,0.372348,-1.269044,0,0,0,0,0,0,0,0,0,0,0,0.00744696,707.04217214122,0.00741936829160553,712.307486915469
34912,8994,204.4667,17483.93,6.8168,0.372566,-1.272882,0,0,0,0,0,0,0,0,0,0,0,0.00745132,707.332242633363,0.00742369605350122,712.602801519541
34913,8994,204.5333,17491,6.8189,0.372773,-1.269921,0,0,0,0,0,0,0,0,0,0,0,0.00745546,707.618267511946,0.00742780542475477,712.893887200651
34914,8994,204.6,17498.36,6.82112,0.372971,-1.269545,0,0,0,0,0,0,0,0,0,0,0,0.00745942,707.91602466985,0.00743173611189121,713.196667622593
34915,8994,204.6667,17505.01,6.82344,0.373167,-1.26572,0,0,0,0,0,0,0,0,0,0,0,0.00746334,708.185057971488,0.00743562707990027,713.470483842049
34916,8994,204.7333,17512.36,6.8256,0.373363,-1.273834,0,0,0,0,0,0,0,0,0,0,0,0.00746726,708.482410568036,0.00743951803276997,713.772832933174
34917,8994,204.8,17520.09,6.82782,0.373569,-1.271491,0,0,0,0,0,0,0,0,0,0,0,0.00747138,708.795136496105,0.00744360748732511,714.090814303019
34918,8994,204.8667,17527.29,6.83018,0.373791,-1.280305,0,0,0,0,0,0,0,0,0,0,0,0.00747582,709.086420672315,0.00744801455069641,714.387423117706
34919,8994,204.9333,17534.74,6.8323,0.373987,-1.278438,0,0,0,0,0,0,0,0,0,0,0,0.00747974,709.387818882421,0.00745190545536722,714.693855326829
34920,8994,205,17542.45,6.83448,0.374183,-1.278902,0,0,0,0,0,0,0,0,0,0,0,0.00748366,709.699735687779,0.00745579634489895,715.010887211756
34921,8994,205.0667,17549.31,6.83682,0.374356,-1.281009,0,0,0,0,0,0,0,0,0,0,0,0.00748712,709.97726477789,0.00745923063787671,715.292949756554
34922,8994,205.1333,17556.63,6.83891,0.374585,-1.274382,0,0,0,0,0,0,0,0,0,0,0,0.0074917,710.27340369037,0.00746377659136732,715.594558948797
34923,8994,205.2,17563.86,6.84113,0.374791,-1.278137,0,0,0,0,0,0,0,0,0,0,0,0.00749582,710.565901550647,0.0074678659467196,715.892175646809
34924,8994,205.2667,17570.71,6.84348,0.374974,-1.279863,0,0,0,0,0,0,0,0,0,0,0,0.00749948,710.843026079403,0.00747149870953544,716.173979136625
34925,8994,205.3333,17578.05,6.84561,0.375178,-1.27861,0,0,0,0,0,0,0,0,0,0,0,0.00750356,711.139974114594,0.00747554833121747,716.476055578761
34926,8994,205.4,17585.55,6.84783,0.375404,-1.270821,0,0,0,0,0,0,0,0,0,0,0,0.00750808,711.44339513148,0.00748003465765881,716.784969057598
34927,8994,205.4667,17592.48,6.8502,0.375593,-1.263749,0,0,0,0,0,0,0,0,0,0,0,0.00751186,711.723756151081,0.00748378648157367,717.070125365963
34928,8994,205.5333,17600.37,6.85228,0.375819,-1.27079,0,0,0,0,0,0,0,0,0,0,0,0.00751638,712.042955060845,0.00748827277105622,717.394940487405
34929,8994,205.6,17607.51,6.85449,0.376002,-1.274046,0,0,0,0,0,0,0,0,0,0,0,0.00752004,712.331811868919,0.00749190545973979,717.688575587446
34930,8994,205.6667,17614.39,6.8569,0.376191,-1.272999,0,0,0,0,0,0,0,0,0,0,0,0.00752382,712.610150081742,0.00749565723911806,717.97170058113
34931,8994,205.7333,17622.38,6.85897,0.376407,-1.272737,0,0,0,0,0,0,0,0,0,0,0,0.00752814,712.933394605064,0.00749994496974308,718.300457010326
34932,8994,205.8,17629.45,6.86109,0.376613,-1.269483,0,0,0,0,0,0,0,0,0,0,0,0.00753226,713.219419483648,0.0075040341771932,718.591573588248
34933,8994,205.8667,17635.63,6.8635,0.376794,-1.263571,0,0,0,0,0,0,0,0,0,0,0,0.00753588,713.469438401561,0.00750762710780247,718.846058473023
34934,8994,205.9333,17643.51,6.86565,0.377054,-1.269603,0,0,0,0,0,0,0,0,0,0,0,0.00754108,713.788232749969,0.00751278820100453,719.170966916195
34935,8994,206,17651.12,6.86777,0.377255,-1.262548,0,0,0,0,0,0,0,0,0,0,0,0.0075451,714.096103941768,0.0075167781048011,719.484030455619
34936,8994,206.0667,17657.71,6.8702,0.37744,-1.275746,0,0,0,0,0,0,0,0,0,0,0,0.0075488,714.362709875271,0.0075204503902464,719.755291099578
34937,8994,206.1333,17665.51,6.87236,0.377644,-1.276182,0,0,0,0,0,0,0,0,0,0,0,0.00755288,714.678267732832,0.0075244998136979,720.076146927626
34938,8994,206.2,17673.18,6.87449,0.377899,-1.261081,0,0,0,0,0,0,0,0,0,0,0,0.00755798,714.988566292767,0.00752956156995294,720.392435577036
34939,8994,206.2667,17679.86,6.87688,0.378112,-1.265936,0,0,0,0,0,0,0,0,0,0,0,0.00756224,715.258813278472,0.0075337896055387,720.667772086599
34940,8994,206.3333,17687.88,6.87903,0.378336,-1.268048,0,0,0,0,0,0,0,0,0,0,0,0.00756672,715.583271485862,0.00753823597109547,720.997889737879
34941,8994,206.4,17695.08,6.88109,0.37853,-1.262775,0,0,0,0,0,0,0,0,0,0,0,0.0075706,715.874555662072,0.00754208682528933,721.294155573167
34942,8994,206.4667,17701.41,6.88351,0.378721,-1.260651,0,0,0,0,0,0,0,0,0,0,0,0.00757442,716.130643000323,0.00754587811570485,721.554917265277
34943,8994,206.5333,17709.1,6.88567,0.378927,-1.264615,0,0,0,0,0,0,0,0,0,0,0,0.00757854,716.441750682969,0.00754996713532928,721.87133314819
34944,8994,206.6,17716.72,6.88777,0.379115,-1.265447,0,0,0,0,0,0,0,0,0,0,0,0.0075823,716.750026436124,0.0075536988473846,722.184640161571
34945,8994,206.6667,17723.31,6.89022,0.379306,-1.260969,0,0,0,0,0,0,0,0,0,0,0,0.00758612,717.016632369628,0.00755749009377591,722.45600658478
34946,8994,206.7333,17731.57,6.89243,0.379527,-1.256816,0,0,0,0,0,0,0,0,0,0,0,0.00759054,717.350800049557,0.00756187680595628,722.795879991365
34947,8994,206.8,17739.04,6.89451,0.379708,-1.259306,0,0,0,0,0,0,0,0,0,0,0,0.00759416,717.653007382375,0.00756546952874739,723.102979144918
34948,8994,206.8667,17745.54,6.89687,0.379917,-1.256477,0,0,0,0,0,0,0,0,0,0,0,0.00759834,717.915972263675,0.00756961801580251,723.370941912365
34949,8994,206.9333,17753,6.89905,0.380126,-1.25788,0,0,0,0,0,0,0,0,0,0,0,0.00760252,718.217775035137,0.00757376648564798,723.678040034197
34950,8994,207,17760.52,6.90111,0.380344,-1.253365,0,0,0,0,0,0,0,0,0,0,0,0.00760688,718.522005174734,0.00757809357939807,723.987715845458
34951,8994,207.0667,17766.68,6.90347,0.380515,-1.253863,0,0,0,0,0,0,0,0,0,0,0,0.0076103,718.771214969936,0.00758148775451134,724.241279547222
34952,8994,207.1333,17774.4,6.90573,0.380747,-1.255968,0,0,0,0,0,0,0,0,0,0,0,0.00761494,719.08353633665,0.0075860926988202,724.559314320841
34953,8994,207.2,17781.98,6.90789,0.380958,-1.255021,0,0,0,0,0,0,0,0,0,0,0,0.00761916,719.390193844382,0.0075902807978603,724.871342833713
34954,8994,207.2667,17789.06,6.91017,0.381207,-1.252617,0,0,0,0,0,0,0,0,0,0,0,0.00762414,719.676623284321,0.00759522312914104,725.163538614968
34955,8994,207.3333,17796.45,6.91243,0.381419,-1.255237,0,0,0,0,0,0,0,0,0,0,0,0.00762838,719.975594126292,0.0075994310385302,725.467841549014
34956,8994,207.4,17803.91,6.91461,0.381614,-1.257838,0,0,0,0,0,0,0,0,0,0,0,0.00763228,720.277396897754,0.00760330150558912,725.774755668549
34957,8994,207.4667,17810.74,6.91679,0.381808,-1.258869,0,0,0,0,0,0,0,0,0,0,0,0.00763616,720.553712303798,0.00760715210923373,726.055975739543
34958,8994,207.5333,17817.96,6.91901,0.382019,-1.250404,0,0,0,0,0,0,0,0,0,0,0,0.00764038,720.845805602719,0.00761134012007627,726.35334147893
34959,8994,207.6,17824.65,6.92123,0.38222,-1.255861,0,0,0,0,0,0,0,0,0,0,0,0.0076444,721.116457149781,0.00761532963068032,726.628959794817
34960,8994,207.6667,17831.83,6.92341,0.382416,-1.256933,0,0,0,0,0,0,0,0,0,0,0,0.00764832,721.406932203279,0.00761921988439983,726.924483270988
34961,8994,207.7333,17839.49,6.92571,0.382638,-1.255398,0,0,0,0,0,0,0,0,0,0,0,0.00765276,721.716826201858,0.00762362617390582,727.239951860742
34962,8994,207.8,17847.01,6.92799,0.382862,-1.252457,0,0,0,0,0,0,0,0,0,0,0,0.00765724,722.021056341454,0.00762807214003498,727.549744854914
34963,8994,207.8667,17854.4,6.93013,0.383063,-1.253946,0,0,0,0,0,0,0,0,0,0,0,0.00766126,722.320027183426,0.00763206158388715,727.853908714885
34964,8994,207.9333,17862.19,6.93241,0.383292,-1.254992,0,0,0,0,0,0,0,0,0,0,0,0.00766584,722.63518047963,0.007636606751766,728.174786151558
34965,8994,208,17869.23,6.93467,0.383493,-1.249124,0,0,0,0,0,0,0,0,0,0,0,0.00766986,722.919991674147,0.00764059616157003,728.464686801488
34966,8994,208.0667,17876.74,6.93677,0.383717,-1.256337,0,0,0,0,0,0,0,0,0,0,0,0.00767434,723.223817252388,0.007645042052252,728.77408272208
34967,8994,208.1333,17883.81,6.93903,0.383915,-1.257471,0,0,0,0,0,0,0,0,0,0,0,0.0076783,723.509842130971,0.00764897188559387,729.065167751806
34968,8994,208.2,17890.79,6.94133,0.384104,-1.262986,0,0,0,0,0,0,0,0,0,0,0,0.00768208,723.792225957353,0.00765272307574071,729.352455740535
34969,8994,208.2667,17898.07,6.94343,0.384307,-1.260889,0,0,0,0,0,0,0,0,0,0,0,0.00768614,724.086746624409,0.00765675211615098,729.652178731109
34970,8994,208.3333,17905.54,6.94569,0.384506,-1.254035,0,0,0,0,0,0,0,0,0,0,0,0.00769012,724.388953957227,0.00766070175084602,729.959591939832
34971,8994,208.4,17912.24,6.94807,0.384702,-1.253806,0,0,0,0,0,0,0,0,0,0,0,0.00769404,724.660010065644,0.00766459182806104,730.23557316949
34972,8994,208.4667,17920.11,6.95013,0.384972,-1.248309,0,0,0,0,0,0,0,0,0,0,0,0.00769944,724.978399852696,0.00766995058311648,730.560327543658
34973,8994,208.5333,17927.52,6.95235,0.38518,-1.246922,0,0,0,0,0,0,0,0,0,0,0,0.0077036,725.278179817379,0.00767407878965133,730.86543280342
34974,8994,208.6,17934.18,6.95477,0.385392,-1.245156,0,0,0,0,0,0,0,0,0,0,0,0.00770784,725.547617680373,0.00767828636723657,731.140022629834
34975,8994,208.6667,17941.81,6.95681,0.385623,-1.245869,0,0,0,0,0,0,0,0,0,0,0,0.00771246,725.856297994884,0.0076828710188848,731.454435658918
34976,8994,208.7333,17949.2,6.95895,0.385814,-1.24409,0,0,0,0,0,0,0,0,0,0,0,0.00771628,726.155268836855,0.00768666177558491,731.758486214675
34977,8994,208.8,17955.27,6.96135,0.385977,-1.240828,0,0,0,0,0,0,0,0,0,0,0,0.00771954,726.400837579854,0.00768989680789686,732.008317901585
34978,8994,208.8667,17962.67,6.96349,0.386219,-1.240859,0,0,0,0,0,0,0,0,0,0,0,0.00772438,726.700212983181,0.00769469972000161,732.313521574344
34979,8994,208.9333,17970.31,6.96563,0.38645,-1.240326,0,0,0,0,0,0,0,0,0,0,0,0.007729,727.009297859048,0.00769928429640112,732.6283527222
34980,8994,209,17976.93,6.96805,0.386626,-1.239854,0,0,0,0,0,0,0,0,0,0,0,0.00773252,727.277117476619,0.00770277729288356,732.900802333049
34981,8994,209.0667,17984.39,6.97021,0.386822,-1.247579,0,0,0,0,0,0,0,0,0,0,0,0.00773644,727.57892024808,0.00770666720642501,733.207790909844
34982,8994,209.1333,17992.13,6.97233,0.387048,-1.251234,0,0,0,0,0,0,0,0,0,0,0,0.00774096,727.892050737506,0.00771115249611377,733.526633986583
34983,8994,209.2,17998.69,6.97475,0.387211,-1.254425,0,0,0,0,0,0,0,0,0,0,0,0.00774422,728.157442986941,0.00771438744919831,733.79645442007
34984,8994,209.2667,18006.13,6.97685,0.38744,-1.244977,0,0,0,0,0,0,0,0,0,0,0,0.0077488,728.458436635692,0.00771893224290832,734.103115369494
34985,8994,209.3333,18013.21,6.97893,0.387654,-1.239323,0,0,0,0,0,0,0,0,0,0,0,0.00775308,728.744866075631,0.00772317932403751,734.394883321905
34986,8994,209.4,18019.46,6.98135,0.38786,-1.2366,0,0,0,0,0,0,0,0,0,0,0,0.0077572,728.997716923036,0.00772726761873957,734.652698012751
34987,8994,209.4667,18026.71,6.98349,0.388041,-1.241206,0,0,0,0,0,0,0,0,0,0,0,0.00776082,729.291023906025,0.00773085974737753,734.950920270175
34988,8994,209.5333,18034.38,6.98565,0.388247,-1.242847,0,0,0,0,0,0,0,0,0,0,0,0.00776494,729.601322465959,0.00773494801068016,735.266632958828
34989,8994,209.6,18041.2,6.98811,0.388446,-1.230548,0,0,0,0,0,0,0,0,0,0,0,0.00776892,729.877233310647,0.00773889733654266,735.547591146059
34990,8994,209.6667,18049.31,6.99025,0.38866,-1.228058,0,0,0,0,0,0,0,0,0,0,0,0.0077732,730.205332570239,0.00774314433287928,735.881364661374
34991,8994,209.7333,18056.86,6.99233,0.388909,-1.228269,0,0,0,0,0,0,0,0,0,0,0,0.00777818,730.510776393903,0.00774808590871762,736.192820704635
34992,8994,209.8,18063.45,6.99473,0.389113,-1.234251,0,0,0,0,0,0,0,0,0,0,0,0.00778226,730.777382327407,0.00775213441048307,736.464481918798
34993,8994,209.8667,18070.85,6.99689,0.389301,-1.238517,0,0,0,0,0,0,0,0,0,0,0,0.00778602,731.076757730733,0.007755865368186,736.76893598796
34994,8994,209.9333,18078.39,6.99893,0.389533,-1.250485,0,0,0,0,0,0,0,0,0,0,0,0.00779066,731.381796993042,0.00776046950956752,737.079743903604
34995,8994,210,18084.63,7.00133,0.389736,-1.246315,0,0,0,0,0,0,0,0,0,0,0,0.00779472,731.63424327909,0.00776449811588732,737.337127347863
34996,8994,210.0667,18092.27,7.00357,0.38994,-1.231765,0,0,0,0,0,0,0,0,0,0,0,0.0077988,731.943328154958,0.00776854655120882,737.651607782572
34997,8994,210.1333,18100.27,7.00567,0.390174,-1.222299,0,0,0,0,0,0,0,0,0,0,0,0.00780348,732.266977239635,0.00777319032448336,737.981207951185
34998,8994,210.2,18107.41,7.00801,0.390352,-1.222438,0,0,0,0,0,0,0,0,0,0,0,0.00780704,732.55583404771,0.00777672275296079,738.274926746354
34999,8994,210.2667,18115.1,7.01027,0.390579,-1.23161,0,0,0,0,0,0,0,0,0,0,0,0.00781158,732.866941730356,0.00778122757342127,738.591790475038
35000,8994,210.3333,18122.75,7.01241,0.3908,-1.234664,0,0,0,0,0,0,0,0,0,0,0,0.007816,733.176431167579,0.00778561330424166,738.906938153585
35001,8994,210.4,18129.62,7.01467,0.390988,-1.232715,0,0,0,0,0,0,0,0,0,0,0,0.00781976,733.454364819046,0.00778934413703857,739.189801922883
35002,8994,210.4667,18137.11,7.01689,0.391251,-1.232627,0,0,0,0,0,0,0,0,0,0,0,0.00782502,733.757381274575,0.0077945633106273,739.499047458197
35003,8994,210.5333,18143.89,7.01903,0.391434,-1.236062,0,0,0,0,0,0,0,0,0,0,0,0.00782868,734.03167387384,0.0077981948868251,739.778172958462
35004,8994,210.6,18150.73,7.02131,0.39164,-1.240508,0,0,0,0,0,0,0,0,0,0,0,0.0078328,734.308393841239,0.00780228287485379,740.060084628519
35005,8994,210.6667,18158.26,7.02359,0.391854,-1.233382,0,0,0,0,0,0,0,0,0,0,0,0.00783708,734.613028542192,0.00780652960200136,740.370249615919
35006,8994,210.7333,18165.7,7.02577,0.392052,-1.231931,0,0,0,0,0,0,0,0,0,0,0,0.00784104,734.914022190942,0.00781045880077633,740.676512435502
35007,8994,210.8,18172.81,7.02799,0.392258,-1.23543,0,0,0,0,0,0,0,0,0,0,0,0.00784516,735.201665314949,0.00781454673867069,740.969440011611
35008,8994,210.8667,18180.74,7.03027,0.39248,-1.233515,0,0,0,0,0,0,0,0,0,0,0,0.0078496,735.522482470136,0.00781895216759574,741.296039748533
35009,8994,210.9333,18187.79,7.03245,0.392701,-1.237218,0,0,0,0,0,0,0,0,0,0,0,0.00785402,735.807698226008,0.0078233377329697,741.586746604029
35010,8994,211,18194.89,7.03461,0.392913,-1.2303,0,0,0,0,0,0,0,0,0,0,0,0.00785826,736.094936788659,0.00782754468258454,741.879362186628
35011,8994,211.0667,18202.14,7.03689,0.393111,-1.229541,0,0,0,0,0,0,0,0,0,0,0,0.00786222,736.388243771648,0.00783147379878834,742.177890149595
35012,8994,211.1333,18208.98,7.03911,0.393312,-1.232768,0,0,0,0,0,0,0,0,0,0,0,0.00786624,736.664963739048,0.00783546243126515,742.45974714341
35013,8994,211.2,18216.09,7.04127,0.393523,-1.231462,0,0,0,0,0,0,0,0,0,0,0,0.00787046,736.952606863055,0.00783964948605251,742.752762877266
35014,8994,211.2667,18223.64,7.04353,0.393735,-1.231708,0,0,0,0,0,0,0,0,0,0,0,0.0078747,737.258050686719,0.00784385636704534,743.063736658462
35015,8994,211.3333,18230.52,7.04587,0.393936,-1.231227,0,0,0,0,0,0,0,0,0,0,0,0.00787872,737.536388899542,0.00784784495013304,743.347231597493
35016,8994,211.4,18238.27,7.04797,0.39417,-1.224251,0,0,0,0,0,0,0,0,0,0,0,0.0078834,737.849923950323,0.00785248835517948,743.666690040793
35017,8994,211.4667,18245.76,7.05023,0.394376,-1.23475,0,0,0,0,0,0,0,0,0,0,0,0.00788752,738.152940405853,0.00785657612126337,743.975136486363
35018,8994,211.5333,18252.34,7.05259,0.394567,-1.233565,0,0,0,0,0,0,0,0,0,0,0,0.00789134,738.419141778,0.00786036621954836,744.246258288278
35019,8994,211.6,18259.93,7.05467,0.394806,-1.230616,0,0,0,0,0,0,0,0,0,0,0,0.00789612,738.726203847088,0.00786510878303275,744.559274599809
35020,8994,211.6667,18267.63,7.05682,0.395048,-1.242321,0,0,0,0,0,0,0,0,0,0,0,0.00790096,739.03771609109,0.00786991085368552,744.876823524417
35021,8994,211.7333,18273.56,7.05919,0.395241,-1.244811,0,0,0,0,0,0,0,0,0,0,0,0.00790482,739.277620975107,0.00787374058771881,745.121477498944
35022,8994,211.8,18280.63,7.06133,0.395435,-1.245412,0,0,0,0,0,0,0,0,0,0,0,0.0079087,739.563645853691,0.00787759015015251,745.412632859654
35023,8994,211.8667,18288.45,7.0635,0.395649,-1.251721,0,0,0,0,0,0,0,0,0,0,0,0.00791298,739.880012833964,0.00788183655750335,745.734668577918
35024,8994,211.9333,18295.13,7.06589,0.39587,-1.247759,0,0,0,0,0,0,0,0,0,0,0,0.0079174,740.150259819669,0.00788622184710298,746.010325486766
35025,8994,212,18302.47,7.06805,0.396084,-1.253932,0,0,0,0,0,0,0,0,0,0,0,0.00792168,740.447207854861,0.00789046821780036,746.312793692381
35026,8994,212.0667,18310.57,7.0702,0.396328,-1.249832,0,0,0,0,0,0,0,0,0,0,0,0.00792656,740.774902553097,0.00789530985210921,746.646699264678
35027,8994,212.1333,18317.4,7.07261,0.396524,-1.243434,0,0,0,0,0,0,0,0,0,0,0,0.00793048,741.051217959141,0.0078991990167892,746.928109822141
35028,8994,212.2,18324.84,7.07471,0.396733,-1.248135,0,0,0,0,0,0,0,0,0,0,0,0.00793466,741.352211607891,0.00790334611960594,747.234589347247
35029,8994,212.2667,18332.45,7.07678,0.396967,-1.242731,0,0,0,0,0,0,0,0,0,0,0,0.00793934,741.66008279969,0.0079079892669455,747.548374361465
35030,8994,212.3333,18338.74,7.07919,0.397188,-1.241992,0,0,0,0,0,0,0,0,0,0,0,0.00794376,741.914551892518,0.00791237444185967,747.80814303326
35031,8994,212.4,18345.71,7.08136,0.397387,-1.244701,0,0,0,0,0,0,0,0,0,0,0,0.00794774,742.196531157543,0.00791632306707092,748.095316216085
35032,8994,212.4667,18353.99,7.08346,0.397657,-1.251314,0,0,0,0,0,0,0,0,0,0,0,0.00795314,742.531507960185,0.0079216804733337,748.436964997403
35033,8994,212.5333,18360.48,7.08595,0.397845,-1.248621,0,0,0,0,0,0,0,0,0,0,0,0.0079569,742.794068280129,0.00792541079852225,748.704406402027
35034,8994,212.6,18368.11,7.08811,0.398046,-1.236796,0,0,0,0,0,0,0,0,0,0,0,0.00796092,743.102748594641,0.00792939905633724,749.018530127982
35035,8994,212.6667,18376.17,7.09018,0.39829,-1.250955,0,0,0,0,0,0,0,0,0,0,0,0.0079658,743.428825047453,0.00793424050216133,749.350830382016
35036,8994,212.7333,18382.84,7.09259,0.398484,-1.251099,0,0,0,0,0,0,0,0,0,0,0,0.00796968,743.698667471803,0.00793808983170431,749.62570786798
35037,8994,212.8,18389.88,7.09476,0.398654,-1.246441,0,0,0,0,0,0,0,0,0,0,0,0.00797308,743.983478666319,0.0079414629433496,749.915318460404
35038,8994,212.8667,18397.77,7.09678,0.398876,-1.238412,0,0,0,0,0,0,0,0,0,0,0,0.00797752,744.302677576083,0.00794586781319126,750.2403670725
35039,8994,212.9333,18403.96,7.09918,0.399062,-1.238205,0,0,0,0,0,0,0,0,0,0,0,0.00798124,744.553101055352,0.00794955836487678,750.495558047619
35040,8994,213,18410.86,7.10142,0.399306,-1.247449,0,0,0,0,0,0,0,0,0,0,0,0.00798612,744.832248390886,0.00795439971310188,750.780568106406
35041,8994,213.0667,18418.81,7.10356,0.39954,-1.260326,0,0,0,0,0,0,0,0,0,0,0,0.0079908,745.153874668785,0.00795904262339868,751.108250250488
35042,8994,213.1333,18426.19,7.1059,0.399749,-1.257679,0,0,0,0,0,0,0,0,0,0,0,0.00799498,745.4524409494,0.00796318947804578,751.412318305741
35043,8994,213.2,18433.23,7.10812,0.39997,-1.24803,0,0,0,0,0,0,0,0,0,0,0,0.0079994,745.737252143916,0.00796757441090458,751.702702718716
35044,8994,213.2667,18440.86,7.11024,0.400187,-1.245479,0,0,0,0,0,0,0,0,0,0,0,0.00800374,746.045932458427,0.00797187995975391,752.017090129882
35045,8994,213.3333,18447.61,7.11254,0.400398,-1.248946,0,0,0,0,0,0,0,0,0,0,0,0.00800796,746.319011373624,0.00797606644339397,752.295504163944
35046,8994,213.4,18454.72,7.11474,0.400586,-1.252622,0,0,0,0,0,0,0,0,0,0,0,0.00801172,746.606654497631,0.00797979656571106,752.588257963603
35047,8994,213.4667,18461.55,7.11684,0.400787,-1.250392,0,0,0,0,0,0,0,0,0,0,0,0.00801574,746.882969903675,0.00798378460662792,752.86978960085
35048,8994,213.5333,18468.48,7.11918,0.401016,-1.248509,0,0,0,0,0,0,0,0,0,0,0,0.00802032,747.163330923277,0.0079883281761511,753.155819929547
35049,8994,213.6,18475.65,7.12144,0.40124,-1.239048,0,0,0,0,0,0,0,0,0,0,0,0.0080248,747.453401415419,0.00799277252112696,753.451565471097
35050,8994,213.6667,18483.04,7.1236,0.40148,-1.243464,0,0,0,0,0,0,0,0,0,0,0,0.0080296,747.75237225739,0.00799753429739642,753.756524705668
35051,8994,213.7333,18490.09,7.12588,0.401693,-1.251234,0,0,0,0,0,0,0,0,0,0,0,0.00803386,748.037588013262,0.00800176035484413,754.047217270098
35052,8994,213.8,18497.74,7.12812,0.401882,-1.248784,0,0,0,0,0,0,0,0,0,0,0,0.00803764,748.347077450485,0.00800551022185024,754.362021854084
35053,8994,213.8667,18504.56,7.13028,0.402096,-1.250294,0,0,0,0,0,0,0,0,0,0,0,0.00804192,748.622988295173,0.00800975608603625,754.643354477203
35054,8994,213.9333,18511.7,7.13252,0.402302,-1.247078,0,0,0,0,0,0,0,0,0,0,0,0.00804604,748.911845103247,0.00801384320929853,754.937619765422
35055,8994,214,18518.87,7.13476,0.402518,-1.241092,0,0,0,0,0,0,0,0,0,0,0,0.00805036,749.20191559539,0.00801812871866202,755.233260728622
35056,8994,214.0667,18525.74,7.13694,0.402742,-1.239609,0,0,0,0,0,0,0,0,0,0,0,0.00805484,749.479849246856,0.00802257293119626,755.516789515764
35057,8994,214.1333,18532.95,7.13918,0.402951,-1.235559,0,0,0,0,0,0,0,0,0,0,0,0.00805902,749.771537984422,0.0080267195224011,755.813961804469
35058,8994,214.2,18540.54,7.1414,0.403198,-1.242796,0,0,0,0,0,0,0,0,0,0,0,0.00806396,750.07860005351,0.00803162001711218,756.127203881197
35059,8994,214.2667,18547.19,7.14368,0.403414,-1.245558,0,0,0,0,0,0,0,0,0,0,0,0.00806828,750.347633355148,0.00803590545029383,756.401648158395
35060,8994,214.3333,18554.65,7.14586,0.403638,-1.241105,0,0,0,0,0,0,0,0,0,0,0,0.00807276,750.64943612661,0.00804034958382516,756.709248868596
35061,8994,214.4,18562.3,7.14808,0.403842,-1.235039,0,0,0,0,0,0,0,0,0,0,0,0.00807684,750.958925563833,0.00804439690253611,757.024300652184
35062,8994,214.4667,18568.75,7.15036,0.404015,-1.228605,0,0,0,0,0,0,0,0,0,0,0,0.0080803,751.219867638354,0.00804782917468536,757.289949534832
35063,8994,214.5333,18575.78,7.15254,0.404254,-1.235893,0,0,0,0,0,0,0,0,0,0,0,0.00808508,751.504274271515,0.00805257084920022,757.580246449342
35064,8994,214.6,18583.73,7.1547,0.40446,-1.23528,0,0,0,0,0,0,0,0,0,0,0,0.0080892,751.825900549413,0.00805665779747717,757.907570624137
35065,8994,214.6667,18589.95,7.15696,0.404684,-1.23856,0,0,0,0,0,0,0,0,0,0,0,0.00809368,752.07753771275,0.00806110183878367,758.164612638185
35066,8994,214.7333,18596.73,7.1592,0.40486,-1.247236,0,0,0,0,0,0,0,0,0,0,0,0.0080972,752.351830312014,0.00806459357166953,758.443773552416
35067,8994,214.8,18604.68,7.16138,0.405094,-1.249126,0,0,0,0,0,0,0,0,0,0,0,0.00810188,752.673456589912,0.0080692359703755,758.771526614389
35068,8994,214.8667,18611.56,7.16368,0.40532,-1.247566,0,0,0,0,0,0,0,0,0,0,0,0.0081064,752.951794802735,0.00807371963413673,759.055523232124
35069,8994,214.9333,18618.45,7.1659,0.405514,-1.239163,0,0,0,0,0,0,0,0,0,0,0,0.00811028,753.230537576914,0.00807756842681705,759.339448141213
35070,8994,215,18626.58,7.1681,0.405766,-1.24296,0,0,0,0,0,0,0,0,0,0,0,0.00811532,753.559445959217,0.00808256786735587,759.674822002199
35071,8994,215.0667,18633.41,7.17042,0.405997,-1.249239,0,0,0,0,0,0,0,0,0,0,0,0.00811994,753.835761365261,0.00808715066589311,759.956862517401
35072,8994,215.1333,18640.36,7.17256,0.406203,-1.248719,0,0,0,0,0,0,0,0,0,0,0,0.00812406,754.116931507574,0.00809123747284709,760.243422706158
35073,8994,215.2,18648.04,7.1747,0.406455,-1.261118,0,0,0,0,0,0,0,0,0,0,0,0.0081291,754.427634628865,0.00809623684504896,760.560452313527
35074,8994,215.2667,18654.39,7.177,0.406636,-1.265367,0,0,0,0,0,0,0,0,0,0,0,0.00813272,754.684531089828,0.00809982764854886,760.822169069513
35075,8994,215.3333,18661.15,7.17918,0.40683,-1.262763,0,0,0,0,0,0,0,0,0,0,0,0.0081366,754.95801456638,0.00810367634074636,761.100805947701
35076,8994,215.4,18669.05,7.18136,0.407097,-1.257856,0,0,0,0,0,0,0,0,0,0,0,0.00814194,755.277618037499,0.00810897322795121,761.427043086904
35077,8994,215.4667,18675.79,7.18376,0.407321,-1.244612,0,0,0,0,0,0,0,0,0,0,0,0.00814642,755.55029239134,0.00811341703677238,761.705322404283
35078,8994,215.5333,18683.06,7.18594,0.407519,-1.2428,0,0,0,0,0,0,0,0,0,0,0,0.00815038,755.844408497041,0.00811734502991299,762.004827647167
35079,8994,215.6,18691.37,7.18806,0.407766,-1.237949,0,0,0,0,0,0,0,0,0,0,0,0.00815532,756.18059898375,0.00812224508053524,762.347493746254
35080,8994,215.6667,18698.13,7.1904,0.407977,-1.234548,0,0,0,0,0,0,0,0,0,0,0,0.00815954,756.454082460303,0.00812643093472283,762.626399804301
35081,8994,215.7333,18705.07,7.19256,0.408178,-1.226279,0,0,0,0,0,0,0,0,0,0,0,0.00816356,756.73484804126,0.00813041839089987,762.912498377336
35082,8994,215.8,18712.68,7.19464,0.408397,-1.22273,0,0,0,0,0,0,0,0,0,0,0,0.00816794,757.04271923306,0.00813476291460545,763.226198741192
35083,8994,215.8667,18719.29,7.197,0.408616,-1.23452,0,0,0,0,0,0,0,0,0,0,0,0.00817232,757.310134289275,0.00813910741943601,763.499115045929
35084,8994,215.9333,18725.94,7.19924,0.408815,-1.243031,0,0,0,0,0,0,0,0,0,0,0,0.0081763,757.579167590913,0.00814305514946696,763.773362138886
35085,8994,216,18734.21,7.2014,0.409072,-1.246631,0,0,0,0,0,0,0,0,0,0,0,0.00818144,757.913739832198,0.0081481534511206,764.114565619811
35086,8994,216.0667,18741.39,7.20378,0.409281,-1.238575,0,0,0,0,0,0,0,0,0,0,0,0.00818562,758.204214885696,0.00815229952162813,764.410586471149
35087,8994,216.1333,18748.71,7.20594,0.409522,-1.238162,0,0,0,0,0,0,0,0,0,0,0,0.00819044,758.500353798176,0.00815708037585036,764.712805435939
35088,8994,216.2,18756.18,7.20808,0.409736,-1.242862,0,0,0,0,0,0,0,0,0,0,0,0.00819472,758.802561130994,0.00816132559654043,765.020735654746
35089,8994,216.2667,18763,7.21042,0.409937,-1.242503,0,0,0,0,0,0,0,0,0,0,0,0.00819874,759.078471975682,0.00816531291357924,765.301959007008
35090,8994,216.3333,18769.95,7.21254,0.410161,-1.231127,0,0,0,0,0,0,0,0,0,0,0,0.00820322,759.359642117995,0.008169756472045,765.588836321411
35091,8994,216.4,18777.16,7.21466,0.410413,-1.23108,0,0,0,0,0,0,0,0,0,0,0,0.00820826,759.651330855561,0.00817475545171757,765.88674648857
35092,8994,216.4667,18783.66,7.21708,0.410599,-1.235497,0,0,0,0,0,0,0,0,0,0,0,0.00821198,759.914295736862,0.00817844515877987,766.154696735167
35093,8994,216.5333,18791.25,7.21926,0.410836,-1.23539,0,0,0,0,0,0,0,0,0,0,0,0.00821672,760.22135780595,0.0081831465399892,766.467883841061
35094,8994,216.6,18798.73,7.2214,0.411052,-1.23721,0,0,0,0,0,0,0,0,0,0,0,0.00822104,760.523969700123,0.00818743132386465,766.776267675986
35095,8994,216.6667,18806,7.22376,0.411299,-1.237761,0,0,0,0,0,0,0,0,0,0,0,0.00822598,760.818085805824,0.00819233103107339,767.076560163301
35096,8994,216.7333,18813.34,7.22594,0.411518,-1.238367,0,0,0,0,0,0,0,0,0,0,0,0.00823036,761.115033841015,0.00819667528580695,767.379284570939
35097,8994,216.8,18820.61,7.22806,0.411727,-1.238773,0,0,0,0,0,0,0,0,0,0,0,0.00823454,761.409149946716,0.00820082115514483,767.679004048318
35098,8994,216.8667,18827.38,7.2304,0.41195,-1.247069,0,0,0,0,0,0,0,0,0,0,0,0.008239,761.683037984625,0.00820524471926481,767.95854453458
35099,8994,216.9333,18834.89,7.23258,0.412185,-1.244707,0,0,0,0,0,0,0,0,0,0,0,0.0082437,761.986863562866,0.00820990630153364,768.268454670019
35100,8994,217,18841.66,7.23474,0.412386,-1.251532,0,0,0,0,0,0,0,0,0,0,0,0.00824772,762.260751600774,0.00821389342487087,768.547664846967
35101,8994,217.0667,18848.81,7.23704,0.412602,-1.24681,0,0,0,0,0,0,0,0,0,0,0,0.00825204,762.550012970205,0.00821817807700488,768.842606179235
35102,8994,217.1333,18856.2,7.23922,0.412816,-1.240929,0,0,0,0,0,0,0,0,0,0,0,0.00825632,762.848983812176,0.0082224230383302,769.147309134204
35103,8994,217.2,18863.21,7.24146,0.413042,-1.233608,0,0,0,0,0,0,0,0,0,0,0,0.00826084,763.132581322624,0.00822690601530606,769.436697475717
35104,8994,217.2667,18870.28,7.24376,0.413266,-1.234557,0,0,0,0,0,0,0,0,0,0,0,0.00826532,763.418606201208,0.00823134930008853,769.728505275415
35105,8994,217.3333,18878.39,7.24592,0.413506,-1.240979,0,0,0,0,0,0,0,0,0,0,0,0.00827012,763.7467054608,0.00823610994044695,770.062982364566
35106,8994,217.4,18884.72,7.24816,0.413704,-1.233894,0,0,0,0,0,0,0,0,0,0,0,0.00827408,764.002792799051,0.00824003745168141,770.324213026894
35107,8994,217.4667,18891.89,7.25046,0.413941,-1.216476,0,0,0,0,0,0,0,0,0,0,0,0.00827882,764.292863291193,0.00824473854333127,770.620306333666
35108,8994,217.5333,18899.73,7.25256,0.414157,-1.220174,0,0,0,0,0,0,0,0,0,0,0,0.00828314,764.610039394177,0.00824902306330721,770.943411395885
35109,8994,217.6,18906.18,7.25476,0.414381,-1.220803,0,0,0,0,0,0,0,0,0,0,0,0.00828762,764.870981468699,0.00825346624981843,771.209941512138
35110,8994,217.6667,18912.29,7.25708,0.414582,-1.225842,0,0,0,0,0,0,0,0,0,0,0,0.00829164,765.118168457121,0.00825745319948089,771.462252867427
35111,8994,217.7333,18920.59,7.25922,0.414816,-1.236306,0,0,0,0,0,0,0,0,0,0,0,0.00829632,765.453954382474,0.00826209470294399,771.804405333297
35112,8994,217.8,18927.27,7.26144,0.41503,-1.242767,0,0,0,0,0,0,0,0,0,0,0,0.0083006,765.72420136818,0.00826633947784942,772.080171674057
35113,8994,217.8667,18934.05,7.26376,0.415264,-1.245069,0,0,0,0,0,0,0,0,0,0,0,0.00830528,765.998493967444,0.0082709809400671,772.360325939422
35114,8994,217.9333,18942.25,7.26596,0.415491,-1.246793,0,0,0,0,0,0,0,0,0,0,0,0.00830982,766.330234279239,0.00827548353453835,772.698300586657
35115,8994,218,18949.57,7.26818,0.415725,-1.249974,0,0,0,0,0,0,0,0,0,0,0,0.0083145,766.626373191719,0.00828012495431454,773.000488171621
35116,8994,218.0667,18955.99,7.27044,0.415951,-1.248987,0,0,0,0,0,0,0,0,0,0,0,0.00831902,766.886101582173,0.00828460767262229,773.265842398957
35117,8994,218.1333,18964.14,7.27257,0.416216,-1.248875,0,0,0,0,0,0,0,0,0,0,0,0.00832432,767.215819087188,0.00828986393176824,773.602369074332
35118,8994,218.2,18970.55,7.27479,0.416425,-1.247387,0,0,0,0,0,0,0,0,0,0,0,0.0083285,767.475142916286,0.00829400941477698,773.867059644064
35119,8994,218.2667,18976.81,7.27708,0.416631,-1.248636,0,0,0,0,0,0,0,0,0,0,0,0.00833262,767.728398325046,0.00829809537642834,774.125587331497
35120,8994,218.3333,18984.8,7.27927,0.416847,-1.251011,0,0,0,0,0,0,0,0,0,0,0,0.00833694,768.051642848368,0.00830237966780224,774.454843311696
35121,8994,218.4,18991.94,7.28152,0.417076,-1.250869,0,0,0,0,0,0,0,0,0,0,0,0.00834152,768.340499656442,0.00830692179000069,774.749627301137
35122,8994,218.4667,18998.36,7.28382,0.417278,-1.25199,0,0,0,0,0,0,0,0,0,0,0,0.00834556,768.600228046896,0.00831092836101504,775.014627366075
35123,8994,218.5333,19006.97,7.28596,0.417535,-1.251292,0,0,0,0,0,0,0,0,0,0,0,0.0083507,768.948555374281,0.00831602580687442,775.369814075645
35124,8994,218.6,19013.84,7.28822,0.417764,-1.251151,0,0,0,0,0,0,0,0,0,0,0,0.00835528,769.226489025747,0.00832056786709079,775.653591724974
35125,8994,218.6667,19020.31,7.29046,0.417967,-1.248625,0,0,0,0,0,0,0,0,0,0,0,0.00835934,769.48824022298,0.00832459421763113,775.920654049006
35126,8994,218.7333,19027.99,7.29259,0.418204,-1.256223,0,0,0,0,0,0,0,0,0,0,0,0.00836408,769.798943344271,0.00832929491178984,776.237603290318
35127,8994,218.8,19034.85,7.29479,0.418413,-1.25417,0,0,0,0,0,0,0,0,0,0,0,0.00836826,770.076472434382,0.00833344023134168,776.520672575595
35128,8994,218.8667,19040.79,7.29709,0.418606,-1.254276,0,0,0,0,0,0,0,0,0,0,0,0.00837212,770.316781879755,0.0083372681905955,776.765966415666
35129,8994,218.9333,19048.85,7.29929,0.418843,-1.252915,0,0,0,0,0,0,0,0,0,0,0,0.00837686,770.642858332568,0.00834196882517826,777.098425666819
35130,8994,219,19056.29,7.30157,0.419072,-1.246834,0,0,0,0,0,0,0,0,0,0,0,0.00838144,770.943851981318,0.00834651076756167,777.405471620068
35131,8994,219.0667,19063.11,7.30379,0.419324,-1.244006,0,0,0,0,0,0,0,0,0,0,0,0.00838648,771.219762826005,0.00835150886372339,777.68758194255
35132,8994,219.1333,19070.7,7.30599,0.419576,-1.254462,0,0,0,0,0,0,0,0,0,0,0,0.00839152,771.526824895093,0.00835650693490428,778.001107676737
35133,8994,219.2,19077.84,7.30824,0.419772,-1.252245,0,0,0,0,0,0,0,0,0,0,0,0.00839544,771.815681703168,0.0083603943063299,778.295413949966
35134,8994,219.2667,19084.51,7.31039,0.419978,-1.26042,0,0,0,0,0,0,0,0,0,0,0,0.00839956,772.085524127518,0.0083644799967447,778.570702812558
35135,8994,219.3333,19091.56,7.31255,0.420202,-1.267802,0,0,0,0,0,0,0,0,0,0,0,0.00840404,772.37073988339,0.0083689226702902,778.8617744762
35136,8994,219.4,19098.37,7.31489,0.420393,-1.262763,0,0,0,0,0,0,0,0,0,0,0,0.00840786,772.646246166722,0.00837271082723224,779.142547634017
35137,8994,219.4667,19105.28,7.31705,0.420619,-1.259765,0,0,0,0,0,0,0,0,0,0,0,0.00841238,772.925798063612,0.00837719313052375,779.427943588726
35138,8994,219.5333,19112.68,7.31929,0.420861,-1.262162,0,0,0,0,0,0,0,0,0,0,0,0.00841722,773.225173466939,0.00838199274274672,779.733579861548
35139,8994,219.6,19119.88,7.32163,0.421098,-1.267251,0,0,0,0,0,0,0,0,0,0,0,0.00842196,773.516457643149,0.0083866931671009,780.030982308761
35140,8994,219.6667,19127.36,7.32377,0.421319,-1.257325,0,0,0,0,0,0,0,0,0,0,0,0.00842638,773.819069537322,0.0083910762433217,780.33956306849
35141,8994,219.7333,19134.38,7.32597,0.421548,-1.260087,0,0,0,0,0,0,0,0,0,0,0,0.00843096,774.103071609127,0.00839561796266825,780.629503641741
35142,8994,219.8,19141.32,7.32829,0.421798,-1.262706,0,0,0,0,0,0,0,0,0,0,0,0.00843596,774.383837190085,0.00840057614801031,780.916508265267
35143,8994,219.8667,19148.37,7.33039,0.422019,-1.260219,0,0,0,0,0,0,0,0,0,0,0,0.00844038,774.669052945957,0.00840495916338151,781.207554127061
35144,8994,219.9333,19155.15,7.33259,0.422251,-1.248936,0,0,0,0,0,0,0,0,0,0,0,0.00844502,774.943345545221,0.00840956031722001,781.487757597217
35145,8994,220,19161.88,7.33495,0.422488,-1.250878,0,0,0,0,0,0,0,0,0,0,0,0.00844976,775.215615337706,0.00841426061199698,781.766001235562
35146,8994,220.0667,19169.23,7.33705,0.422711,-1.243913,0,0,0,0,0,0,0,0,0,0,0,0.00845422,775.512967934253,0.00841868323205646,782.069325178022
35147,8994,220.1333,19176.05,7.33929,0.422941,-1.243779,0,0,0,0,0,0,0,0,0,0,0,0.00845882,775.788878778941,0.00842324465826453,782.351137262534
35148,8994,220.2,19183.12,7.34165,0.423157,-1.238616,0,0,0,0,0,0,0,0,0,0,0,0.00846314,776.074903657525,0.00842752841349713,782.642934217665
35149,8994,220.2667,19190.73,7.34373,0.423386,-1.244455,0,0,0,0,0,0,0,0,0,0,0,0.00846772,776.382774849325,0.00843206996729155,782.956966799572
35150,8994,220.3333,19197.52,7.34597,0.423635,-1.240984,0,0,0,0,0,0,0,0,0,0,0,0.0084727,776.657472009945,0.0084370081399322,783.237857773043
35151,8994,220.4,19204.16,7.34833,0.423836,-1.237756,0,0,0,0,0,0,0,0,0,0,0,0.00847672,776.926100750227,0.00844099435789101,783.511885766978
35152,8994,220.4667,19212.14,7.35041,0.424099,-1.235854,0,0,0,0,0,0,0,0,0,0,0,0.00848198,777.248940712193,0.0084462101315209,783.841550682335
35153,8994,220.5333,19218.62,7.35257,0.424284,-1.239311,0,0,0,0,0,0,0,0,0,0,0,0.00848568,777.511096470782,0.0084498790054184,784.108806831882
35154,8994,220.6,19225.01,7.35495,0.424516,-1.233137,0,0,0,0,0,0,0,0,0,0,0,0.00849032,777.769611177168,0.00845447995257891,784.373124062338
35155,8994,220.6667,19232.71,7.35711,0.424755,-1.231411,0,0,0,0,0,0,0,0,0,0,0,0.0084951,778.08112342117,0.00845921969928471,784.691000372745
35156,8994,220.7333,19240.09,7.35925,0.424989,-1.243812,0,0,0,0,0,0,0,0,0,0,0,0.00849978,778.379689701785,0.00846386026634454,784.995745820719
35157,8994,220.8,19246.48,7.36165,0.425188,-1.254837,0,0,0,0,0,0,0,0,0,0,0,0.00850376,778.638204408171,0.00846780671454961,785.259556825289
35158,8994,220.8667,19254.54,7.36383,0.425463,-1.250115,0,0,0,0,0,0,0,0,0,0,0,0.00850926,778.964280860984,0.00847326032337174,785.592690457543
35159,8994,220.9333,19261.71,7.36597,0.425689,-1.25202,0,0,0,0,0,0,0,0,0,0,0,0.00851378,779.254351353126,0.00847774217599336,785.888751464589
35160,8994,221,19268.53,7.36829,0.425918,-1.250149,0,0,0,0,0,0,0,0,0,0,0,0.00851836,779.530262197814,0.00848228350174552,786.170581602109
35161,8994,221.0667,19276.18,7.37045,0.426145,-1.242546,0,0,0,0,0,0,0,0,0,0,0,0.0085229,779.839751635037,0.00848678514490967,786.486247854247
35162,8994,221.1333,19283.08,7.37257,0.426371,-1.23874,0,0,0,0,0,0,0,0,0,0,0,0.00852742,780.118898970571,0.0084912669369158,786.771300472031
35163,8994,221.2,19289.3,7.37493,0.42657,-1.234104,0,0,0,0,0,0,0,0,0,0,0,0.0085314,780.370536133908,0.00849521327696356,787.028189325881
35164,8994,221.2667,19297.2,7.37713,0.426842,-1.238444,0,0,0,0,0,0,0,0,0,0,0,0.00853684,780.690139605027,0.00850060724419992,787.354766416413
35165,8994,221.3333,19304.24,7.37931,0.427079,-1.249695,0,0,0,0,0,0,0,0,0,0,0,0.00854158,780.974950799544,0.00850530711104976,787.645710819794
35166,8994,221.4,19311.2,7.38167,0.427303,-1.249077,0,0,0,0,0,0,0,0,0,0,0,0.00854606,781.256525503213,0.00850974915899181,787.933190645555
35167,8994,221.4667,19319.34,7.38387,0.427535,-1.245613,0,0,0,0,0,0,0,0,0,0,0,0.0085507,781.585838446872,0.00851434983070178,788.26894447568
35168,8994,221.5333,19326.41,7.38603,0.427769,-1.238577,0,0,0,0,0,0,0,0,0,0,0,0.00855538,781.871863325456,0.00851899014193419,788.561074227514
35169,8994,221.6,19332.61,7.38831,0.427977,-1.232151,0,0,0,0,0,0,0,0,0,0,0,0.00855954,782.122691366081,0.00852311484495313,788.817301827737
35170,8994,221.6667,19340.11,7.39047,0.428207,-1.232558,0,0,0,0,0,0,0,0,0,0,0,0.00856414,782.426112382967,0.00852767579483006,789.12691914907
35171,8994,221.7333,19346.61,7.39259,0.428428,-1.236737,0,0,0,0,0,0,0,0,0,0,0,0.00856856,782.689077264267,0.00853205825315818,789.395595584151
35172,8994,221.8,19352.73,7.39489,0.428626,-1.239437,0,0,0,0,0,0,0,0,0,0,0,0.00857252,782.936668814045,0.00853598460222635,789.648409066187
35173,8994,221.8667,19360.15,7.39715,0.428871,-1.238235,0,0,0,0,0,0,0,0,0,0,0,0.00857742,783.236853340084,0.00854084294210761,789.95500479066
35174,8994,221.9333,19367.71,7.39939,0.429133,-1.239512,0,0,0,0,0,0,0,0,0,0,0,0.00858266,783.542701725104,0.00854603836517005,790.267582329492
35175,8994,222,19374.62,7.40163,0.429367,-1.234953,0,0,0,0,0,0,0,0,0,0,0,0.00858734,783.822253621994,0.00855067852936047,790.553201813413
35176,8994,222.0667,19382.48,7.40385,0.429642,-1.238976,0,0,0,0,0,0,0,0,0,0,0,0.00859284,784.14023884769,0.00855613168625188,790.87823045767
35177,8994,222.1333,19389.49,7.40609,0.429861,-1.237712,0,0,0,0,0,0,0,0,0,0,0,0.00859722,784.423836358139,0.0085604743608336,791.167700652554
35178,8994,222.2,19396.56,7.40823,0.430085,-1.240622,0,0,0,0,0,0,0,0,0,0,0,0.0086017,784.709861236723,0.00856491616372738,791.459700050123
35179,8994,222.2667,19403.63,7.41043,0.430306,-1.24248,0,0,0,0,0,0,0,0,0,0,0,0.00860612,784.995886115307,0.00856929845885453,791.751654910721
35180,8994,222.3333,19410.42,7.41271,0.430512,-1.238219,0,0,0,0,0,0,0,0,0,0,0,0.00861024,785.270583275927,0.00857338329584252,792.031951462872
35181,8994,222.4,19417.07,7.41491,0.430762,-1.241286,0,0,0,0,0,0,0,0,0,0,0,0.00861524,785.539616577565,0.00857834059987164,792.307228903889
35182,8994,222.4667,19425.04,7.41715,0.431039,-1.235575,0,0,0,0,0,0,0,0,0,0,0,0.00862078,785.862051978175,0.00858383326403703,792.636795838627
35183,8994,222.5333,19431.99,7.41949,0.431258,-1.230093,0,0,0,0,0,0,0,0,0,0,0,0.00862516,786.143222120489,0.00858817581832174,792.923833194194
35184,8994,222.6,19439.24,7.42159,0.431495,-1.233711,0,0,0,0,0,0,0,0,0,0,0,0.0086299,786.436529103478,0.00859287527363015,793.223397705988
35185,8994,222.6667,19446.27,7.42383,0.431719,-1.235919,0,0,0,0,0,0,0,0,0,0,0,0.00863438,786.720935736638,0.00859731693260789,793.513783249744
35186,8994,222.7333,19453.23,7.42615,0.431943,-1.237074,0,0,0,0,0,0,0,0,0,0,0,0.00863886,787.002510440308,0.00860175857185761,793.80131494765
35187,8994,222.8,19460.05,7.42821,0.432172,-1.241367,0,0,0,0,0,0,0,0,0,0,0,0.00864344,787.278421284995,0.00860629933444689,794.083215082667
35188,8994,222.8667,19467.27,7.43045,0.432419,-1.238528,0,0,0,0,0,0,0,0,0,0,0,0.00864838,787.570514583917,0.00861119698975981,794.381723670834
35189,8994,222.9333,19473.93,7.43279,0.432635,-1.241359,0,0,0,0,0,0,0,0,0,0,0,0.0086527,787.839952446911,0.00861547993992823,794.656895203448
35190,8994,223,19481.27,7.43487,0.432887,-1.249517,0,0,0,0,0,0,0,0,0,0,0,0.00865774,788.136900482103,0.0086204766919403,794.960384850883
35191,8994,223.0667,19488.45,7.43713,0.433116,-1.24687,0,0,0,0,0,0,0,0,0,0,0,0.00866232,788.427375535601,0.00862501736953603,795.25698575925
35192,8994,223.1333,19495.46,7.43953,0.433338,-1.235867,0,0,0,0,0,0,0,0,0,0,0,0.00866676,788.710973046049,0.00862941922944489,795.546541758806
35193,8994,223.2,19503.24,7.44155,0.433579,-1.241715,0,0,0,0,0,0,0,0,0,0,0,0.00867158,789.025721780898,0.00863419780317666,795.867821449379
35194,8994,223.2667,19510.43,7.44381,0.433836,-1.253193,0,0,0,0,0,0,0,0,0,0,0,0.00867672,789.316601395752,0.00863929360145807,796.165280537415
35195,8994,223.3333,19516.97,7.44621,0.434068,-1.247323,0,0,0,0,0,0,0,0,0,0,0,0.00868136,789.581184522476,0.00864389367721657,796.435823034542
35196,8994,223.4,19524.97,7.44825,0.434323,-1.249507,0,0,0,0,0,0,0,0,0,0,0,0.00868646,789.904833607154,0.00864894977055715,796.766310348089
35197,8994,223.4667,19531.98,7.4504,0.434549,-1.244207,0,0,0,0,0,0,0,0,0,0,0,0.00869098,790.188431117603,0.00865343083583549,797.055942968677
35198,8994,223.5333,19538.02,7.45283,0.434753,-1.243559,0,0,0,0,0,0,0,0,0,0,0,0.00869506,790.432786176534,0.00865747567397672,797.305646678306
35199,8994,223.6,19545.6,7.45495,0.43501,-1.245004,0,0,0,0,0,0,0,0,0,0,0,0.0087002,790.739443684266,0.00866257135364048,797.619034992208
35200,8994,223.6667,19552.96,7.45708,0.435264,-1.246635,0,0,0,0,0,0,0,0,0,0,0,0.00870528,791.037200842169,0.00866760752514925,797.923401165917
35201,8994,223.7333,19559.09,7.45953,0.43547,-1.239437,0,0,0,0,0,0,0,0,0,0,0,0.0087094,791.285196953304,0.00867169196058129,798.176816247649
35202,8994,223.8,19566.82,7.46169,0.435722,-1.236372,0,0,0,0,0,0,0,0,0,0,0,0.00871444,791.597922881373,0.00867668843172443,798.496255484448
35203,8994,223.8667,19574.31,7.46377,0.435944,-1.235209,0,0,0,0,0,0,0,0,0,0,0,0.00871888,791.900939336903,0.00868109006419067,798.805428598869
35204,8994,223.9333,19580.63,7.46619,0.436183,-1.233404,0,0,0,0,0,0,0,0,0,0,0,0.00872366,792.156622113798,0.00868582873694617,799.067127151867
35205,8994,224,19588.13,7.46831,0.43644,-1.234472,0,0,0,0,0,0,0,0,0,0,0,0.0087288,792.460043130683,0.00869092427213423,799.377268355163
35206,8994,224.0667,19595.1,7.47036,0.436667,-1.227493,0,0,0,0,0,0,0,0,0,0,0,0.00873334,792.742022395709,0.00869542497617217,799.665308009578
35207,8994,224.1333,19601.04,7.47281,0.436886,-1.23546,0,0,0,0,0,0,0,0,0,0,0,0.00873772,792.982331841082,0.00869976704589191,799.911189421656
35208,8994,224.2,19608.59,7.47497,0.437125,-1.246894,0,0,0,0,0,0,0,0,0,0,0,0.0087425,793.287775664746,0.00870450563014434,800.223094043495
35209,8994,224.2667,19616.29,7.47708,0.437392,-1.243408,0,0,0,0,0,0,0,0,0,0,0,0.00874784,793.599287908748,0.00870979933578853,800.541567503488
35210,8994,224.3333,19622.57,7.47955,0.437606,-1.239508,0,0,0,0,0,0,0,0,0,0,0,0.00875212,793.85335244022,0.00871404221071773,800.801252243179
35211,8994,224.4,19630.74,7.48175,0.437871,-1.239784,0,0,0,0,0,0,0,0,0,0,0,0.00875742,794.183879067947,0.00871929621313499,801.138880854175
35212,8994,224.4667,19638.46,7.48382,0.438123,-1.23864,0,0,0,0,0,0,0,0,0,0,0,0.00876246,794.496200434661,0.00872429244643111,801.457941611122
35213,8994,224.5333,19644.64,7.48619,0.438308,-1.243615,0,0,0,0,0,0,0,0,0,0,0,0.00876616,794.746219352575,0.00872796030022339,801.713091870814
35214,8994,224.6,19651.85,7.48837,0.438514,-1.240405,0,0,0,0,0,0,0,0,0,0,0,0.00877028,795.03790809014,0.00873204448915636,802.010613154705
35215,8994,224.6667,19658.94,7.4904,0.438772,-1.238852,0,0,0,0,0,0,0,0,0,0,0,0.00877544,795.324742091436,0.00873715961487451,802.304066646175
35216,8994,224.7333,19664.52,7.49281,0.438957,-1.238032,0,0,0,0,0,0,0,0,0,0,0,0.00877914,795.550487327998,0.00874082742147228,802.534736433319
35217,8994,224.8,19671.96,7.49507,0.439225,-1.235935,0,0,0,0,0,0,0,0,0,0,0,0.0087845,795.851480976748,0.00874614076068381,802.842638311389
35218,8994,224.8667,19679.67,7.49718,0.439499,-1.237896,0,0,0,0,0,0,0,0,0,0,0,0.00878998,796.163397782106,0.00875157302606418,803.161658125343
35219,8994,224.9333,19686.4,7.49949,0.439729,-1.23888,0,0,0,0,0,0,0,0,0,0,0,0.00879458,796.435667574592,0.00875613293407619,803.43998476793
35220,8994,225,19693.7,7.50173,0.439963,-1.239089,0,0,0,0,0,0,0,0,0,0,0,0.00879926,796.73099736436,0.00876077212349797,803.741640560228
35221,8994,225.0667,19701.03,7.5039,0.440207,-1.243279,0,0,0,0,0,0,0,0,0,0,0,0.00880414,797.027540838196,0.00876560954595682,804.044682891591
35222,8994,225.1333,19707.64,7.5061,0.440441,-1.241984,0,0,0,0,0,0,0,0,0,0,0,0.00880882,797.294955894411,0.00877024869141511,804.318183647792
35223,8994,225.2,19714.86,7.50834,0.440678,-1.243151,0,0,0,0,0,0,0,0,0,0,0,0.00881356,797.587049193332,0.00877494729116009,804.61663050662
35224,8994,225.2667,19721.69,7.51052,0.440907,-1.239157,0,0,0,0,0,0,0,0,0,0,0,0.00881814,797.863364599375,0.0087794872674104,804.899035449284
35225,8994,225.3333,19728.46,7.51274,0.441149,-1.241305,0,0,0,0,0,0,0,0,0,0,0,0.00882298,798.137252637284,0.00878428494917047,805.179201654558
35226,8994,225.4,19735.86,7.51502,0.441391,-1.232569,0,0,0,0,0,0,0,0,0,0,0,0.00882782,798.436628040611,0.00878908260791313,805.48508287436
35227,8994,225.4667,19743.07,7.51728,0.441607,-1.230729,0,0,0,0,0,0,0,0,0,0,0,0.00883214,798.728316778176,0.00879336479627549,805.782797093926
35228,8994,225.5333,19750.3,7.51944,0.441826,-1.2353,0,0,0,0,0,0,0,0,0,0,0,0.00883652,799.020814638454,0.00879770644075545,806.081378047423
35229,8994,225.6,19757.83,7.52174,0.442075,-1.231576,0,0,0,0,0,0,0,0,0,0,0,0.0088415,799.325449339407,0.00880264280815458,806.392685299741
35230,8994,225.6667,19764.77,7.52398,0.442317,-1.232328,0,0,0,0,0,0,0,0,0,0,0,0.00884634,799.606214920364,0.00880744037882352,806.679803363663
35231,8994,225.7333,19771.75,7.52608,0.442561,-1.234578,0,0,0,0,0,0,0,0,0,0,0,0.00885122,799.888598746746,0.0088122775755339,806.968588709745
35232,8994,225.8,19778.74,7.52836,0.442811,-1.24094,0,0,0,0,0,0,0,0,0,0,0,0.00885622,800.171387134483,0.00881723369543604,807.257880976651
35233,8994,225.8667,19785.21,7.53064,0.443073,-1.240746,0,0,0,0,0,0,0,0,0,0,0,0.00886146,800.433138331716,0.00882242768273375,807.526144569717
35234,8994,225.9333,19792.37,7.53274,0.443292,-1.237574,0,0,0,0,0,0,0,0,0,0,0,0.00886584,800.722804262502,0.00882676920103487,807.821884529445
35235,8994,226,19799.55,7.535,0.443526,-1.236313,0,0,0,0,0,0,0,0,0,0,0,0.00887052,801.013279316,0.00883140806277418,808.118683630438
35236,8994,226.0667,19806.29,7.53735,0.443763,-1.237396,0,0,0,0,0,0,0,0,0,0,0,0.00887526,801.285953669841,0.00883610637516499,808.397574843009
35237,8994,226.1333,19813.74,7.53944,0.444017,-1.232227,0,0,0,0,0,0,0,0,0,0,0,0.00888034,801.587351879947,0.00884114167279965,808.705720104341
35238,8994,226.2,19821.12,7.54166,0.444289,-1.233321,0,0,0,0,0,0,0,0,0,0,0,0.00888578,801.885918160562,0.00884653377443732,809.011300014435
35239,8994,226.2667,19827.72,7.54406,0.444506,-1.246396,0,0,0,0,0,0,0,0,0,0,0,0.00889012,802.152928655421,0.0088508355405552,809.284164449519
35240,8994,226.3333,19835.51,7.5461,0.444763,-1.23681,0,0,0,0,0,0,0,0,0,0,0,0.00889526,802.468081951626,0.00885593023501679,809.606244182287
35241,8994,226.4,19842.84,7.54824,0.44501,-1.237992,0,0,0,0,0,0,0,0,0,0,0,0.0089002,802.764625425462,0.00886082666787918,809.909391144673
35242,8994,226.4667,19848.88,7.55064,0.445234,-1.236413,0,0,0,0,0,0,0,0,0,0,0,0.00890468,803.008980484393,0.00886526713687051,810.159518492733
35243,8994,226.5333,19855.91,7.55278,0.445468,-1.237148,0,0,0,0,0,0,0,0,0,0,0,0.00890936,803.293387117554,0.00886990582002685,810.450217089003
35244,8994,226.6,19863.67,7.55492,0.445707,-1.227513,0,0,0,0,0,0,0,0,0,0,0,0.00891414,803.607326729691,0.00887464359813264,810.770794945185
35245,8994,226.6667,19869.93,7.55738,0.445934,-1.215045,0,0,0,0,0,0,0,0,0,0,0,0.00891868,803.860582138451,0.0088791434753823,811.029957435158
35246,8994,226.7333,19877.31,7.55952,0.446224,-1.222652,0,0,0,0,0,0,0,0,0,0,0,0.00892448,804.159148419066,0.00888489218778456,811.335850655949
35247,8994,226.8,19884.88,7.56166,0.446473,-1.228418,0,0,0,0,0,0,0,0,0,0,0,0.00892946,804.465401365442,0.00888982812482286,811.648842988319
35248,8994,226.8667,19891.28,7.56408,0.44672,-1.219278,0,0,0,0,0,0,0,0,0,0,0,0.0089344,804.724320633184,0.00889472439170973,811.914049603449
35249,8994,226.9333,19898.12,7.56618,0.446944,-1.216624,0,0,0,0,0,0,0,0,0,0,0,0.00893888,805.001040600584,0.00889916471018215,812.196848302387
35250,8994,227,19905.1,7.56824,0.447188,-1.21788,0,0,0,0,0,0,0,0,0,0,0,0.00894376,805.283424426965,0.00890400146322531,812.485686107018
35251,8994,227.0667,19910.71,7.57068,0.447397,-1.216101,0,0,0,0,0,0,0,0,0,0,0,0.00894794,805.510383347595,0.00890814440112444,812.718041927166
35252,8994,227.1333,19917.71,7.5728,0.447647,-1.2141,0,0,0,0,0,0,0,0,0,0,0,0.00895294,805.793576296688,0.00891310004592283,813.007797837658
35253,8994,227.2,19925.04,7.57494,0.447886,-1.226892,0,0,0,0,0,0,0,0,0,0,0,0.00895772,806.090119770524,0.00891783761938909,813.310849358195
35254,8994,227.2667,19931.63,7.57742,0.448099,-1.22719,0,0,0,0,0,0,0,0,0,0,0,0.00896198,806.356725704027,0.0089220597893794,813.583278552652
35255,8994,227.3333,19939.21,7.57956,0.448349,-1.22043,0,0,0,0,0,0,0,0,0,0,0,0.00896698,806.663383211759,0.00892701536521894,813.896717635751
35256,8994,227.4,19947.2,7.58164,0.448621,-1.22523,0,0,0,0,0,0,0,0,0,0,0,0.00897242,806.986627735081,0.00893240700383805,814.227250693504
35257,8994,227.4667,19953.53,7.58404,0.448848,-1.233452,0,0,0,0,0,0,0,0,0,0,0,0.00897696,807.242715073332,0.00893690662116736,814.489300636837
35258,8994,227.5333,19960.75,7.5862,0.449112,-1.219779,0,0,0,0,0,0,0,0,0,0,0,0.00898224,807.534808372253,0.00894213963083365,814.788279829407
35259,8994,227.6,19967.95,7.58824,0.449369,-1.218566,0,0,0,0,0,0,0,0,0,0,0,0.00898738,807.826092548463,0.00894723386015122,815.086332616111
35260,8994,227.6667,19974.1,7.59064,0.449591,-1.227517,0,0,0,0,0,0,0,0,0,0,0,0.00899182,808.074897782309,0.00895163430193983,815.340961809686
35261,8994,227.7333,19980.97,7.5929,0.449842,-1.227798,0,0,0,0,0,0,0,0,0,0,0,0.00899684,808.352831433776,0.00895660955289086,815.625452521733
35262,8994,227.8,19988.79,7.59498,0.450112,-1.227303,0,0,0,0,0,0,0,0,0,0,0,0.00900224,808.669198414048,0.00896196138882932,815.949032618779
35263,8994,227.8667,19995.37,7.59734,0.450326,-1.226488,0,0,0,0,0,0,0,0,0,0,0,0.00900652,808.935399786196,0.00896620319400362,816.221092643078
35264,8994,227.9333,20002.71,7.59958,0.450563,-1.22311,0,0,0,0,0,0,0,0,0,0,0,0.00901126,809.232347821387,0.00897090087312919,816.524550908016
35265,8994,228,20009.67,7.60172,0.450825,-1.228621,0,0,0,0,0,0,0,0,0,0,0,0.0090165,809.513922525057,0.0089760940623447,816.812904807504
35266,8994,228.0667,20016.39,7.604,0.451092,-1.228211,0,0,0,0,0,0,0,0,0,0,0,0.00902184,809.785787756186,0.00898138633047869,817.091545567596
35267,8994,228.1333,20023.37,7.60622,0.451346,-1.22481,0,0,0,0,0,0,0,0,0,0,0,0.00902692,810.068171582567,0.00898642089664051,817.380592161989
35268,8994,228.2,20030.14,7.60834,0.451586,-1.218376,0,0,0,0,0,0,0,0,0,0,0,0.00903172,810.342059620476,0.00899117794374014,817.660842207191
35269,8994,228.2667,20036.44,7.61062,0.45182,-1.212774,0,0,0,0,0,0,0,0,0,0,0,0.0090364,810.596933274659,0.00899581604287427,817.921811402502
35270,8994,228.3333,20043.96,7.61288,0.452112,-1.214111,0,0,0,0,0,0,0,0,0,0,0,0.00904224,810.901163414256,0.0090016037261531,818.233526350127
35271,8994,228.4,20050.83,7.61504,0.452351,-1.209105,0,0,0,0,0,0,0,0,0,0,0,0.00904702,811.179097065723,0.009006340880346,818.517850580458
35272,8994,228.4667,20057.94,7.6173,0.452583,-1.209095,0,0,0,0,0,0,0,0,0,0,0,0.00905166,811.46674018973,0.00901093926797292,818.811861223236
35273,8994,228.5333,20065.54,7.61958,0.45286,-1.214029,0,0,0,0,0,0,0,0,0,0,0,0.0090572,811.774206820174,0.00901642955653951,819.126608166186
35274,8994,228.6,20072.63,7.62176,0.453128,-1.218373,0,0,0,0,0,0,0,0,0,0,0,0.00906256,812.061040821469,0.00902174143158906,819.420392727576
35275,8994,228.6667,20079.35,7.62394,0.453354,-1.216313,0,0,0,0,0,0,0,0,0,0,0,0.00906708,812.332906052598,0.00902622082667871,819.69839349841
35276,8994,228.7333,20086.57,7.6262,0.453608,-1.211184,0,0,0,0,0,0,0,0,0,0,0,0.00907216,812.62499935152,0.00903125516712415,819.997263365637
35277,8994,228.8,20092.73,7.62842,0.453843,-1.207549,0,0,0,0,0,0,0,0,0,0,0,0.00907686,812.874209146722,0.00903591290047613,820.252554540757
35278,8994,228.8667,20099.66,7.6306,0.454112,-1.204879,0,0,0,0,0,0,0,0,0,0,0,0.00908224,813.154570166324,0.00904124449202405,820.539835129671
35279,8994,228.9333,20106.65,7.63286,0.454331,-1.205533,0,0,0,0,0,0,0,0,0,0,0,0.00908662,813.437358554061,0.0090455850604342,820.828754725045
35280,8994,229,20113.2,7.63516,0.454555,-1.220115,0,0,0,0,0,0,0,0,0,0,0,0.0090911,813.702346242141,0.00905002470908922,821.099795642063
35281,8994,229.0667,20120.2,7.6373,0.454799,-1.222213,0,0,0,0,0,0,0,0,0,0,0,0.00909598,813.985539191233,0.00905486073251662,821.389535376006
35282,8994,229.1333,20127.78,7.63952,0.455067,-1.218573,0,0,0,0,0,0,0,0,0,0,0,0.00910134,814.292196698965,0.00906017240342904,821.70334684047
35283,8994,229.2,20133.86,7.64188,0.455303,-1.222258,0,0,0,0,0,0,0,0,0,0,0,0.00910606,814.53817000332,0.00906484982161705,821.955403451661
35284,8994,229.2667,20141.13,7.644,0.455568,-1.221641,0,0,0,0,0,0,0,0,0,0,0,0.00911136,814.832286109021,0.00907010198121836,822.256516407383
35285,8994,229.3333,20148.71,7.64614,0.455804,-1.228081,0,0,0,0,0,0,0,0,0,0,0,0.00911608,815.138943616753,0.00907477935296214,822.569815437879
35286,8994,229.4,20154.8,7.64846,0.456046,-1.235986,0,0,0,0,0,0,0,0,0,0,0,0.00912092,815.385321482464,0.00907957561821732,822.82238576888
35287,8994,229.4667,20161.27,7.65064,0.45628,-1.237607,0,0,0,0,0,0,0,0,0,0,0,0.0091256,815.647072679697,0.00908421330737334,823.090341606143
35288,8994,229.5333,20169.2,7.65278,0.45654,-1.238493,0,0,0,0,0,0,0,0,0,0,0,0.0091308,815.967889834884,0.00908936627009914,823.418329443388
35289,8994,229.6,20175.41,7.65518,0.456784,-1.236612,0,0,0,0,0,0,0,0,0,0,0,0.00913568,816.219122436865,0.00909420210327404,823.675839149329
35290,8994,229.6667,20182.63,7.65736,0.457039,-1.229581,0,0,0,0,0,0,0,0,0,0,0,0.00914078,816.511215735786,0.00909925592033149,823.97476512636
35291,8994,229.7333,20190.59,7.6595,0.457293,-1.231373,0,0,0,0,0,0,0,0,0,0,0,0.00914586,816.83324657504,0.00910428989310753,824.303889091561
35292,8994,229.8,20197.13,7.66192,0.457522,-1.237304,0,0,0,0,0,0,0,0,0,0,0,0.00915044,817.097829701764,0.00910882837439983,824.57463436658
35293,8994,229.8667,20203.83,7.66404,0.457774,-1.244191,0,0,0,0,0,0,0,0,0,0,0,0.00915548,817.368885810182,0.00911382266188626,824.852290296839
35294,8994,229.9333,20211.57,7.66611,0.458077,-1.237012,0,0,0,0,0,0,0,0,0,0,0,0.00916154,817.682016299607,0.00911982766500519,825.173242799217
35295,8994,230,20217.18,7.66852,0.458308,-1.234728,0,0,0,0,0,0,0,0,0,0,0,0.00916616,817.908975220237,0.00912440571246488,825.406059752542
35296,8994,230.0667,20223.64,7.67068,0.45855,-1.23264,0,0,0,0,0,0,0,0,0,0,0,0.009171,818.170321856114,0.00912920173970557,825.673761877857
35297,8994,230.1333,20231.34,7.67279,0.458802,-1.222629,0,0,0,0,0,0,0,0,0,0,0,0.00917604,818.481834100117,0.00913419592544285,825.992256149093
35298,8994,230.2,20237.82,7.67526,0.459062,-1.224396,0,0,0,0,0,0,0,0,0,0,0,0.00918124,818.743989858706,0.00913934863061697,826.261074928156
35299,8994,230.2667,20244.64,7.67742,0.459288,-1.226652,0,0,0,0,0,0,0,0,0,0,0,0.00918576,819.019900703393,0.00914382749892989,826.543220946478
35300,8994,230.3333,20252.81,7.67949,0.459565,-1.224758,0,0,0,0,0,0,0,0,0,0,0,0.0091913,819.35042733112,0.009149317057952,826.881322913849
35301,8994,230.4,20258.95,7.68192,0.459797,-1.22893,0,0,0,0,0,0,0,0,0,0,0,0.00919594,819.59882800361,0.00915391478816754,827.135809650002
35302,8994,230.4667,20265.8,7.68406,0.460067,-1.233854,0,0,0,0,0,0,0,0,0,0,0,0.00920134,819.875952532365,0.00915926556826774,827.419909929439
35303,8994,230.5333,20273.54,7.68609,0.460293,-1.232709,0,0,0,0,0,0,0,0,0,0,0,0.00920586,820.189083021791,0.00916374434737641,827.739628893618
35304,8994,230.6,20279.83,7.68848,0.460545,-1.230405,0,0,0,0,0,0,0,0,0,0,0,0.0092109,820.443552114619,0.0091687383606049,828.000575628791
35305,8994,230.6667,20286.29,7.69074,0.460764,-1.232455,0,0,0,0,0,0,0,0,0,0,0,0.00921528,820.704898750496,0.00917307837565567,828.267924189853
35306,8994,230.7333,20294.66,7.69285,0.461044,-1.238512,0,0,0,0,0,0,0,0,0,0,0,0.00922088,821.04351660534,0.00917862722591007,828.614260346736
35307,8994,230.8,20301.79,7.6952,0.461316,-1.229613,0,0,0,0,0,0,0,0,0,0,0,0.00922632,821.331968852059,0.00918401750810327,828.909840422918
35308,8994,230.8667,20308.87,7.69744,0.461581,-1.227482,0,0,0,0,0,0,0,0,0,0,0,0.00923162,821.618398291998,0.00918926904185581,829.203267130039
35309,8994,230.9333,20316.28,7.69957,0.461853,-1.234385,0,0,0,0,0,0,0,0,0,0,0,0.00923706,821.918178256681,0.00919465926668707,829.510285784329
35310,8994,231,20323.21,7.70184,0.462105,-1.244774,0,0,0,0,0,0,0,0,0,0,0,0.0092421,822.198539276283,0.00919965312552882,829.797380396128
35311,8994,231.0667,20329.96,7.70404,0.462336,-1.247009,0,0,0,0,0,0,0,0,0,0,0,0.00924672,822.47161819148,0.00920423080755919,830.076782952843
35312,8994,231.1333,20336.63,7.70615,0.462601,-1.249547,0,0,0,0,0,0,0,0,0,0,0,0.00925202,822.74146061583,0.00920948223516226,830.353481064276
35313,8994,231.2,20342.88,7.7085,0.46283,-1.247454,0,0,0,0,0,0,0,0,0,0,0,0.0092566,822.994311463234,0.00921402023906749,830.612440606724
35314,8994,231.2667,20350.04,7.71074,0.463107,-1.241441,0,0,0,0,0,0,0,0,0,0,0,0.00926214,823.28397739402,0.00921950941277699,830.909348852401
35315,8994,231.3333,20357.03,7.71289,0.46337,-1.241791,0,0,0,0,0,0,0,0,0,0,0,0.0092674,823.566765781757,0.00922472112743936,831.199088426963
35316,8994,231.4,20363.87,7.71518,0.463634,-1.246674,0,0,0,0,0,0,0,0,0,0,0,0.00927268,823.843485749157,0.00922995263119044,831.482722762593
35317,8994,231.4667,20370.96,7.71742,0.463889,-1.240924,0,0,0,0,0,0,0,0,0,0,0,0.00927778,824.130319750452,0.00923500576223764,831.776419548426
35318,8994,231.5333,20377.77,7.71957,0.46413,-1.246938,0,0,0,0,0,0,0,0,0,0,0,0.0092826,824.405826033784,0.0092397814430127,832.058455554525
35319,8994,231.6,20384.46,7.72183,0.464385,-1.240941,0,0,0,0,0,0,0,0,0,0,0,0.0092877,824.676477580846,0.00924483452439421,832.335825301673
35320,8994,231.6667,20391.89,7.72407,0.464642,-1.239191,0,0,0,0,0,0,0,0,0,0,0,0.00929284,824.97706666824,0.00924992721195185,832.643446552457
35321,8994,231.7333,20398.63,7.72621,0.464891,-1.242803,0,0,0,0,0,0,0,0,0,0,0,0.00929782,825.249741022081,0.0092548613475333,832.922764569151
35322,8994,231.8,20405.61,7.72849,0.465169,-1.246131,0,0,0,0,0,0,0,0,0,0,0,0.00930338,825.532124848462,0.00926037011271186,833.212363908135
35323,8994,231.8667,20412.88,7.73073,0.465415,-1.235216,0,0,0,0,0,0,0,0,0,0,0,0.0093083,825.826240954163,0.0092652447501162,833.513279352836
35324,8994,231.9333,20419.73,7.73297,0.46568,-1.228739,0,0,0,0,0,0,0,0,0,0,0,0.0093136,826.103365482918,0.00927049585731958,833.79736178768
35325,8994,232,20426.97,7.73519,0.46594,-1.228207,0,0,0,0,0,0,0,0,0,0,0,0.0093188,826.396267904551,0.00927564786023,834.0972894459
35326,8994,232.0667,20434.63,7.73741,0.466214,-1.238014,0,0,0,0,0,0,0,0,0,0,0,0.00932428,826.70616190313,0.00928107724995651,834.41460163444
35327,8994,232.1333,20440.93,7.73967,0.466489,-1.237476,0,0,0,0,0,0,0,0,0,0,0,0.00932978,826.961035557313,0.0092865264253344,834.676400087635
35328,8994,232.2,20447.89,7.74187,0.466746,-1.22955,0,0,0,0,0,0,0,0,0,0,0,0.00933492,827.242610260983,0.00929161890057297,834.96485384836
35329,8994,232.2667,20455.34,7.74403,0.46699,-1.226883,0,0,0,0,0,0,0,0,0,0,0,0.0093398,827.544008471089,0.00929645375578937,835.273104001407
35330,8994,232.3333,20461.3,7.74627,0.46724,-1.22345,0,0,0,0,0,0,0,0,0,0,0,0.0093448,827.785127039174,0.00930140747664308,835.520613494329
35331,8994,232.4,20467.71,7.74851,0.467471,-1.218706,0,0,0,0,0,0,0,0,0,0,0,0.00934942,828.044450868272,0.00930598469289915,835.786186218108
35332,8994,232.4667,20475.53,7.75071,0.467759,-1.22071,0,0,0,0,0,0,0,0,0,0,0,0.00935518,828.360817848544,0.00931169132278456,836.110282404464
35333,8994,232.5333,20482.11,7.75297,0.467998,-1.226802,0,0,0,0,0,0,0,0,0,0,0,0.00935996,828.627019220691,0.00931642700827613,836.382934975516
35334,8994,232.6,20488.66,7.75521,0.468255,-1.226637,0,0,0,0,0,0,0,0,0,0,0,0.0093651,828.892006908771,0.00932151933124938,836.654663442672
35335,8994,232.6667,20496.63,7.75741,0.468548,-1.223874,0,0,0,0,0,0,0,0,0,0,0,0.00937096,829.214442309381,0.00932732494409423,836.984977679685
35336,8994,232.7333,20503.39,7.75971,0.468777,-1.22699,0,0,0,0,0,0,0,0,0,0,0,0.00937554,829.487925785934,0.00933186241326129,837.264823013657
35337,8994,232.8,20510.21,7.76185,0.469019,-1.225666,0,0,0,0,0,0,0,0,0,0,0,0.00938038,829.763836630621,0.00933665744563957,837.547336728475
35338,8994,232.8667,20517.66,7.76401,0.469296,-1.213477,0,0,0,0,0,0,0,0,0,0,0,0.00938592,830.065234840727,0.00934214594621527,837.856160729723
35339,8994,232.9333,20523.94,7.76629,0.46955,-1.211958,0,0,0,0,0,0,0,0,0,0,0,0.009391,830.319299372199,0.00934717869644109,838.116827912604
35340,8994,233,20530.2,7.76851,0.469828,-1.21773,0,0,0,0,0,0,0,0,0,0,0,0.00939656,830.572554780959,0.00935268695309014,838.377079626312
35341,8994,233.0667,20538.11,7.77069,0.470097,-1.220011,0,0,0,0,0,0,0,0,0,0,0,0.00940194,830.892562813434,0.00935801685600017,838.704564835453
35342,8994,233.1333,20544.56,7.77307,0.470319,-1.201957,0,0,0,0,0,0,0,0,0,0,0,0.00940638,831.153504887956,0.00936241549053709,838.971650593264
35343,8994,233.2,20551.41,7.77525,0.470578,-1.201334,0,0,0,0,0,0,0,0,0,0,0,0.00941156,831.430629416711,0.00936754720637677,839.255688671304
35344,8994,233.2667,20559.11,7.77739,0.470866,-1.203421,0,0,0,0,0,0,0,0,0,0,0,0.00941732,831.742141660713,0.00937325348495952,839.574923566217
35345,8994,233.3333,20565.44,7.77973,0.471131,-1.189369,0,0,0,0,0,0,0,0,0,0,0,0.00942262,831.998228998964,0.00937850402502957,839.837832151494
35346,8994,233.4,20571.71,7.78189,0.471385,-1.189452,0,0,0,0,0,0,0,0,0,0,0,0.0094277,832.25188896908,0.00938353659227805,840.098110102714
35347,8994,233.4667,20579.13,7.78397,0.471657,-1.187164,0,0,0,0,0,0,0,0,0,0,0,0.00943314,832.552073495119,0.00938892577006807,840.405653761689
35348,8994,233.5333,20585.15,7.78631,0.471899,-1.189547,0,0,0,0,0,0,0,0,0,0,0,0.00943798,832.795619431339,0.00939372052883395,840.655527831619
35349,8994,233.6,20591.46,7.78853,0.472164,-1.195015,0,0,0,0,0,0,0,0,0,0,0,0.00944328,833.050897646878,0.00939897096144235,840.917630527609
35350,8994,233.6667,20599.03,7.79071,0.472426,-1.205329,0,0,0,0,0,0,0,0,0,0,0,0.00944852,833.357150593254,0.00940416192809063,841.231142297778
35351,8994,233.7333,20606.24,7.79307,0.472685,-1.197308,0,0,0,0,0,0,0,0,0,0,0,0.0094537,833.64883933082,0.00940929342970425,841.529905363202
35352,8994,233.8,20613.01,7.79525,0.472924,-1.192216,0,0,0,0,0,0,0,0,0,0,0,0.00945848,833.922727368728,0.00941402865300658,841.810368807091
35353,8994,233.8667,20620.6,7.79741,0.473212,-1.200785,0,0,0,0,0,0,0,0,0,0,0,0.00946424,834.229789437816,0.00941973466636017,842.125140380205
35354,8994,233.9333,20627.32,7.79975,0.473449,-1.195434,0,0,0,0,0,0,0,0,0,0,0,0.00946898,834.501654668945,0.00942443021542847,842.403534146972
35355,8994,234,20634.38,7.80185,0.473734,-1.197713,0,0,0,0,0,0,0,0,0,0,0,0.00947468,834.787274986173,0.00943007673257796,842.696617284739
35356,8994,234.0667,20640.88,7.80397,0.474014,-1.199831,0,0,0,0,0,0,0,0,0,0,0,0.00948028,835.050239867474,0.00943562415697414,842.966749955485
35357,8994,234.1333,20647.28,7.80639,0.474271,-1.199182,0,0,0,0,0,0,0,0,0,0,0,0.00948542,835.309159135216,0.00944071587299495,843.23241733946
35358,8994,234.2,20654.14,7.80855,0.47453,-1.196619,0,0,0,0,0,0,0,0,0,0,0,0.0094906,835.586688225327,0.00944584718703586,843.516907248598
35359,8994,234.2667,20661.68,7.81073,0.474833,-1.201766,0,0,0,0,0,0,0,0,0,0,0,0.00949666,835.891727487636,0.00945185019668343,843.829907020398
35360,8994,234.3333,20668.3,7.81311,0.47507,-1.195364,0,0,0,0,0,0,0,0,0,0,0,0.0095014,836.159547105206,0.00945654559495446,844.104233426071
35361,8994,234.4,20675.63,7.81525,0.475344,-1.199322,0,0,0,0,0,0,0,0,0,0,0,0.00950688,836.456090579042,0.00946197400260816,844.408178257446
35362,8994,234.4667,20682.06,7.81739,0.475614,-1.202556,0,0,0,0,0,0,0,0,0,0,0,0.00951228,836.716223530852,0.00946732313460951,844.67530252962
35363,8994,234.5333,20688.56,7.81975,0.475891,-1.198367,0,0,0,0,0,0,0,0,0,0,0,0.00951782,836.979188412152,0.00947281091807532,844.945405671205
35364,8994,234.6,20695.45,7.82189,0.476126,-1.200048,0,0,0,0,0,0,0,0,0,0,0,0.00952252,837.257931186331,0.00947746659523736,845.230736581211
35365,8994,234.6667,20702.26,7.82403,0.476383,-1.197351,0,0,0,0,0,0,0,0,0,0,0,0.00952766,837.533437469662,0.00948255809821336,845.513171300505
35366,8994,234.7333,20708.6,7.82637,0.47665,-1.210393,0,0,0,0,0,0,0,0,0,0,0,0.009533,837.789929369269,0.0094878476866896,845.776580765947
35367,8994,234.8,20715.92,7.82855,0.47693,-1.21517,0,0,0,0,0,0,0,0,0,0,0,0.0095386,838.086068281749,0.00949339479061593,846.080236052662
35368,8994,234.8667,20722.6,7.83073,0.477156,-1.211574,0,0,0,0,0,0,0,0,0,0,0,0.00954312,838.356315267455,0.00949787207348695,846.35685018681
35369,8994,234.9333,20729.6,7.83307,0.477444,-1.214004,0,0,0,0,0,0,0,0,0,0,0,0.00954888,838.639508216548,0.00950357760845028,846.647576243767
35370,8994,235,20737.21,7.83523,0.477721,-1.208779,0,0,0,0,0,0,0,0,0,0,0,0.00955442,838.947379408348,0.00950906519296354,846.963035029114
35371,8994,235.0667,20743.94,7.83745,0.477963,-1.21135,0,0,0,0,0,0,0,0,0,0,0,0.00955926,839.219649200833,0.00951385937572607,847.241968024652
35372,8994,235.1333,20750.51,7.83979,0.478222,-1.211536,0,0,0,0,0,0,0,0,0,0,0,0.00956444,839.485446011624,0.00951899031445938,847.514654190875
35373,8994,235.2,20758.53,7.84189,0.478543,-1.213593,0,0,0,0,0,0,0,0,0,0,0,0.00957086,839.809904219013,0.00952534947226331,847.847607238907
35374,8994,235.2667,20764.43,7.84405,0.47879,-1.210451,0,0,0,0,0,0,0,0,0,0,0,0.0095758,840.048595418963,0.00953024262846421,848.092732758976
35375,8994,235.3333,20770.41,7.84639,0.479024,-1.215849,0,0,0,0,0,0,0,0,0,0,0,0.00958048,840.29052310976,0.00953487822804246,848.340909660602
35376,8994,235.4,20777.91,7.84855,0.479299,-1.214696,0,0,0,0,0,0,0,0,0,0,0,0.00958598,840.593944126645,0.00954032602059356,848.651860863164
35377,8994,235.4667,20784.68,7.85073,0.479558,-1.205618,0,0,0,0,0,0,0,0,0,0,0,0.00959116,840.867832164553,0.00954545682353051,848.932730081697
35378,8994,235.5333,20790.59,7.85309,0.479797,-1.213088,0,0,0,0,0,0,0,0,0,0,0,0.00959594,841.106927925859,0.00955019140211418,849.17813953982
35379,8994,235.6,20798.64,7.85529,0.480108,-1.208134,0,0,0,0,0,0,0,0,0,0,0,0.00960216,841.432599817316,0.00955635226369578,849.512170269978
35380,8994,235.6667,20805.41,7.85747,0.480395,-1.196741,0,0,0,0,0,0,0,0,0,0,0,0.0096079,841.706487855224,0.00956203765533848,849.793519619888
35381,8994,235.7333,20811.82,7.85975,0.48063,-1.198909,0,0,0,0,0,0,0,0,0,0,0,0.0096126,841.965811684322,0.00956669291710914,850.059292245719
35382,8994,235.8,20819.31,7.86189,0.480897,-1.202529,0,0,0,0,0,0,0,0,0,0,0,0.00961794,842.268828139851,0.00957198206056671,850.369719192771
35383,8994,235.8667,20825.77,7.86405,0.481164,-1.206576,0,0,0,0,0,0,0,0,0,0,0,0.00962328,842.530174775728,0.00957727117604938,850.638078556044
35384,8994,235.9333,20831.43,7.86635,0.481431,-1.205497,0,0,0,0,0,0,0,0,0,0,0,0.00962862,842.759156503138,0.00958256026355746,850.873764172627
35385,8994,236,20839.28,7.86855,0.481734,-1.203899,0,0,0,0,0,0,0,0,0,0,0,0.00963468,843.076737167478,0.00958856245257367,851.19951174553
35386,8994,236.0667,20846.12,7.87081,0.481986,-1.203809,0,0,0,0,0,0,0,0,0,0,0,0.00963972,843.353457134877,0.00959355434471079,851.483148322689
35387,8994,236.1333,20852.91,7.87311,0.482263,-1.199283,0,0,0,0,0,0,0,0,0,0,0,0.00964526,843.628154295497,0.00959904143549289,851.765167186997
35388,8994,236.2,20861.15,7.87529,0.482546,-1.210543,0,0,0,0,0,0,0,0,0,0,0,0.00965092,843.961512852715,0.00960464734913336,852.106517896336
35389,8994,236.2667,20868.07,7.87751,0.48282,-1.213939,0,0,0,0,0,0,0,0,0,0,0,0.0096564,844.241469310961,0.00961007495289208,852.393802635215
35390,8994,236.3333,20874.03,7.87977,0.483072,-1.209534,0,0,0,0,0,0,0,0,0,0,0,0.00966144,844.482587879046,0.00961506673764254,852.641505732884
35391,8994,236.4,20881.76,7.88189,0.483362,-1.197053,0,0,0,0,0,0,0,0,0,0,0,0.00966724,844.795313807116,0.0096208112210023,852.962152856564
35392,8994,236.4667,20887.87,7.88409,0.483604,-1.199476,0,0,0,0,0,0,0,0,0,0,0,0.00967208,845.042500795538,0.00962560486806516,853.215819466633
35393,8994,236.5333,20893.73,7.88639,0.483866,-1.205066,0,0,0,0,0,0,0,0,0,0,0,0.00967732,845.279573750065,0.00963079465840052,853.459614674707
35394,8994,236.6,20901.25,7.88861,0.484139,-1.194794,0,0,0,0,0,0,0,0,0,0,0,0.00968278,845.583803889661,0.0096362023120428,853.771405834288
35395,8994,236.6667,20908.53,7.89089,0.484434,-1.193541,0,0,0,0,0,0,0,0,0,0,0,0.00968868,845.878324556718,0.00964204571442517,854.073768962284
35396,8994,236.7333,20914.85,7.89309,0.484698,-1.196604,0,0,0,0,0,0,0,0,0,0,0,0.00969396,846.134007333613,0.0096472750354021,854.336396555345
35397,8994,236.8,20922.26,7.89529,0.484968,-1.202328,0,0,0,0,0,0,0,0,0,0,0,0.00969936,846.433787298296,0.00965262317629826,854.643653317465
35398,8994,236.8667,20929.03,7.89757,0.485235,-1.197486,0,0,0,0,0,0,0,0,0,0,0,0.0097047,846.707675336204,0.00965791186527908,854.92471931304
35399,8994,236.9333,20935.63,7.89969,0.485533,-1.202058,0,0,0,0,0,0,0,0,0,0,0,0.00971066,846.974685831063,0.00966381456377119,855.199369033776
35400,8994,237,20942.53,7.90188,0.485823,-1.204927,0,0,0,0,0,0,0,0,0,0,0,0.00971646,847.253833166598,0.00966955876710728,855.486141146408
35401,8994,237.0667,20949.1,7.90421,0.486075,-1.209185,0,0,0,0,0,0,0,0,0,0,0,0.0097215,847.519629977389,0.00967455025493692,855.758792060214
35402,8994,237.1333,20955.79,7.90636,0.486352,-1.20142,0,0,0,0,0,0,0,0,0,0,0,0.00972704,847.790281524451,0.00968003690130633,856.036771504451
35403,8994,237.2,20963.23,7.90858,0.48663,-1.205341,0,0,0,0,0,0,0,0,0,0,0,0.0097326,848.091275173201,0.00968554332479689,856.345408317952
35404,8994,237.2667,20969.84,7.91095,0.486917,-1.205157,0,0,0,0,0,0,0,0,0,0,0,0.00973834,848.358690229416,0.00969122798198735,856.620295596825
35405,8994,237.3333,20976.79,7.91309,0.487215,-1.201986,0,0,0,0,0,0,0,0,0,0,0,0.0097443,848.63986037173,0.0096971304838281,856.90926176315
35406,8994,237.4,20983.87,7.91528,0.487459,-1.200537,0,0,0,0,0,0,0,0,0,0,0,0.00974918,848.926289811669,0.00970196337885692,857.202625017775
35407,8994,237.4667,20990.49,7.91761,0.487726,-1.196932,0,0,0,0,0,0,0,0,0,0,0,0.00975452,849.19410942924,0.00970725180689988,857.47759035355
35408,8994,237.5333,20997.05,7.9197,0.488004,-1.194374,0,0,0,0,0,0,0,0,0,0,0,0.00976008,849.459501678675,0.00971275808053611,857.750294371819
35409,8994,237.6,21003.57,7.9219,0.488268,-1.203306,0,0,0,0,0,0,0,0,0,0,0,0.00976536,849.723275682688,0.00971798703174963,858.021129370108
35410,8994,237.6667,21009.86,7.92427,0.488533,-1.205953,0,0,0,0,0,0,0,0,0,0,0,0.00977066,849.977744775516,0.00972323576209909,858.282588327284
35411,8994,237.7333,21016.84,7.92638,0.488826,-1.208691,0,0,0,0,0,0,0,0,0,0,0,0.00977652,850.260128601897,0.0097290390432088,858.572713754376
35412,8994,237.8,21023.46,7.92858,0.489108,-1.200319,0,0,0,0,0,0,0,0,0,0,0,0.00978216,850.527948219467,0.00973462442189178,858.847948693422
35413,8994,237.8667,21030.02,7.93097,0.489383,-1.202661,0,0,0,0,0,0,0,0,0,0,0,0.00978766,850.793340468903,0.00974007112637848,859.120616415677
35414,8994,237.9333,21037.52,7.93308,0.489663,-1.205541,0,0,0,0,0,0,0,0,0,0,0,0.00979326,851.096761485788,0.00974561683137549,859.431773356177
35415,8994,238,21044.25,7.93526,0.489938,-1.20944,0,0,0,0,0,0,0,0,0,0,0,0.00979876,851.369031278273,0.00975106347599049,859.711392087202
35416,8994,238.0667,21050.66,7.93765,0.490205,-1.209248,0,0,0,0,0,0,0,0,0,0,0,0.0098041,851.628355107371,0.00975635164437819,859.977804663679
35417,8994,238.1333,21058.21,7.93974,0.49049,-1.204939,0,0,0,0,0,0,0,0,0,0,0,0.0098098,851.933798931036,0.00976199628764392,860.291099111789
35418,8994,238.2,21064.71,7.94186,0.490777,-1.20963,0,0,0,0,0,0,0,0,0,0,0,0.00981554,852.196763812336,0.00976768051024334,860.561535235407
35419,8994,238.2667,21070.68,7.94427,0.491037,-1.205281,0,0,0,0,0,0,0,0,0,0,0,0.00982074,852.438286941777,0.00977282995230046,860.809861723877
35420,8994,238.3333,21077.99,7.94642,0.491324,-1.203954,0,0,0,0,0,0,0,0,0,0,0,0.00982648,852.734021292901,0.00977851411331943,861.113395098455
35421,8994,238.4,21084.94,7.94854,0.491589,-1.205175,0,0,0,0,0,0,0,0,0,0,0,0.00983178,853.015191435215,0.00978376252598901,861.401849134063
35422,8994,238.4667,21090.89,7.95097,0.491836,-1.203221,0,0,0,0,0,0,0,0,0,0,0,0.00983672,853.255905441944,0.00978865441790093,861.649144872123
35423,8994,238.5333,21098.26,7.95318,0.492136,-1.201085,0,0,0,0,0,0,0,0,0,0,0,0.00984272,853.554067161203,0.00979459595484104,861.955360849132
35424,8994,238.6,21105.19,7.9553,0.492424,-1.196107,0,0,0,0,0,0,0,0,0,0,0,0.00984848,853.834428180805,0.00980029979709187,862.243399470055
35425,8994,238.6667,21111.27,7.95764,0.492701,-1.190645,0,0,0,0,0,0,0,0,0,0,0,0.00985402,854.08040148516,0.00980578575356305,862.496526843002
35426,8994,238.7333,21118.19,7.9598,0.492986,-1.186802,0,0,0,0,0,0,0,0,0,0,0,0.00985972,854.360357943406,0.00981143011779856,862.784111851827
35427,8994,238.8,21124.32,7.96188,0.493253,-1.185928,0,0,0,0,0,0,0,0,0,0,0,0.00986506,854.60835405454,0.00981671796696799,863.039116743789
35428,8994,238.8667,21129.89,7.96426,0.493513,-1.192299,0,0,0,0,0,0,0,0,0,0,0,0.00987026,854.833694729747,0.0098218671565162,863.27112555349
35429,8994,238.9333,21137.13,7.96644,0.493813,-1.190046,0,0,0,0,0,0,0,0,0,0,0,0.00987626,855.12659715138,0.00982780849612545,863.572049757762
35430,8994,239,21143.9,7.9686,0.494068,-1.187797,0,0,0,0,0,0,0,0,0,0,0,0.00988136,855.400485189288,0.00983285860703936,863.853005327619
35431,8994,239.0667,21150.28,7.97096,0.49434,-1.196186,0,0,0,0,0,0,0,0,0,0,0,0.0098868,855.658595334319,0.00983824536390361,864.11832073467
35432,8994,239.1333,21158.01,7.97316,0.494658,-1.19867,0,0,0,0,0,0,0,0,0,0,0,0.00989316,855.971321262388,0.00984454307962112,864.439582499049
35433,8994,239.2,21164.63,7.9753,0.494923,-1.196852,0,0,0,0,0,0,0,0,0,0,0,0.00989846,856.239140879959,0.00984979114575578,864.714589766394
35434,8994,239.2667,21170.62,7.9776,0.495187,-1.195083,0,0,0,0,0,0,0,0,0,0,0,0.00990374,856.481473132111,0.00985501938048084,864.963842956829
35435,8994,239.3333,21177.8,7.97976,0.495498,-1.197251,0,0,0,0,0,0,0,0,0,0,0,0.00990996,856.77194818561,0.00986117836435167,865.262523921251
35436,8994,239.4,21184.23,7.98188,0.495762,-1.192155,0,0,0,0,0,0,0,0,0,0,0,0.00991524,857.032081137419,0.00986640653954217,865.529759909596
35437,8994,239.4667,21189.9,7.98422,0.496019,-1.189524,0,0,0,0,0,0,0,0,0,0,0,0.00992038,857.261467426184,0.00987149606261938,865.76582694241
35438,8994,239.5333,21197.24,7.98648,0.496286,-1.188795,0,0,0,0,0,0,0,0,0,0,0,0.00992572,857.558415461376,0.00987678359417932,866.07030017689
35439,8994,239.6,21204.6,7.98872,0.496594,-1.191999,0,0,0,0,0,0,0,0,0,0,0,0.00993188,857.85617261928,0.00988288303406051,866.376297182993
35440,8994,239.6667,21211.2,7.99094,0.4969,-1.190584,0,0,0,0,0,0,0,0,0,0,0,0.009938,858.123183114139,0.00988894283034811,866.651211307927
35441,8994,239.7333,21218.44,7.99318,0.497182,-1.192821,0,0,0,0,0,0,0,0,0,0,0,0.00994364,858.416085535772,0.00989452731598157,866.951866060549
35442,8994,239.8,21225.07,7.99542,0.497439,-1.195924,0,0,0,0,0,0,0,0,0,0,0,0.00994878,858.684309714698,0.00989961669593981,867.227171001502
35443,8994,239.8667,21231.36,7.99756,0.497727,-1.194398,0,0,0,0,0,0,0,0,0,0,0,0.00995454,858.938778807526,0.00990531993920206,867.489119238717
35444,8994,239.9333,21238.13,7.99976,0.498022,-1.192137,0,0,0,0,0,0,0,0,0,0,0,0.00996044,859.212666845434,0.00991116176923781,867.770803060788
35445,8994,240,21244.15,8.00204,0.498307,-1.190898,0,0,0,0,0,0,0,0,0,0,0,0.00996614,859.456212781654,0.00991680553872572,868.021673722106
35446,8994,240.0667,21250.54,8.0042,0.498592,-1.191526,0,0,0,0,0,0,0,0,0,0,0,0.00997184,859.714727488041,0.00992244927636167,868.287665196195
35447,8994,240.1333,21257.78,8.00644,0.498869,-1.188641,0,0,0,0,0,0,0,0,0,0,0,0.00997738,860.007629909674,0.00992793456276912,868.588252836182
35448,8994,240.2,21264.24,8.008759,0.499152,-1.187531,0,0,0,0,0,0,0,0,0,0,0,0.00998304,860.268976545551,0.00993353863297168,868.857076149164
35449,8994,240.2667,21270.99,8.01092,0.499454,-1.190259,0,0,0,0,0,0,0,0,0,0,0,0.00998908,860.542055460748,0.00993951891353114,869.13807889611
35450,8994,240.3333,21278.52,8.01314,0.49976,-1.189894,0,0,0,0,0,0,0,0,0,0,0,0.0099952,860.8466901617,0.00994557836662761,869.451024999205
35451,8994,240.4,21285.04,8.01544,0.500017,-1.185563,0,0,0,0,0,0,0,0,0,0,0,0.01000034,861.110464165713,0.00995066748677473,869.721861584928
35452,8994,240.4667,21291.57,8.01752,0.500322,-1.181889,0,0,0,0,0,0,0,0,0,0,0,0.01000644,861.374642731081,0.00995670707046368,869.993936411091
35453,8994,240.5333,21298.37,8.01974,0.5006,-1.18986,0,0,0,0,0,0,0,0,0,0,0,0.010012,861.649744453057,0.00996221197070605,870.27658169452
35454,8994,240.6,21304.43,8.022099,0.500877,-1.195771,0,0,0,0,0,0,0,0,0,0,0,0.01001754,861.8949086347,0.00996769703900866,870.528975357744
35455,8994,240.6667,21311.19,8.024199,0.501175,-1.194105,0,0,0,0,0,0,0,0,0,0,0,0.0100235,862.168392111252,0.00997359790922067,870.810336989579
35456,8994,240.7333,21318.34,8.02644,0.501449,-1.196009,0,0,0,0,0,0,0,0,0,0,0,0.01002898,862.457653480683,0.00997902351083674,871.107224038288
35457,8994,240.8,21324.7,8.02886,0.501745,-1.190132,0,0,0,0,0,0,0,0,0,0,0,0.0100349,862.714954503002,0.00998488471162214,871.372212799944
35458,8994,240.8667,21331.85,8.0309,0.502058,-1.186932,0,0,0,0,0,0,0,0,0,0,0,0.01004116,863.004215872432,0.00999108249805615,871.669779284682
35459,8994,240.9333,21338.56,8.03312,0.502363,-1.19045,0,0,0,0,0,0,0,0,0,0,0,0.01004726,863.275676542206,0.00999712183766071,871.949231716101
35460,8994,241,21344.46,8.03554,0.502643,-1.183201,0,0,0,0,0,0,0,0,0,0,0,0.01005286,863.514367742155,0.0100026661173177,872.195156789056
35461,8994,241.0667,21351.79,8.03756,0.502928,-1.182009,0,0,0,0,0,0,0,0,0,0,0,0.01005856,863.810911215991,0.0100083093704012,872.499605095112
35462,8994,241.1333,21358.53,8.0397,0.50318,-1.196494,0,0,0,0,0,0,0,0,0,0,0,0.0100636,864.083585569832,0.0100132991676519,872.779377141573
35463,8994,241.2,21364.04,8.04214,0.503462,-1.200827,0,0,0,0,0,0,0,0,0,0,0,0.01006924,864.306498876904,0.0100188829588643,873.009408447655
35464,8994,241.2667,21370.96,8.04424,0.503742,-1.19251,0,0,0,0,0,0,0,0,0,0,0,0.01007484,864.58645533515,0.010024427117873,873.297025538819
35465,8994,241.3333,21378.09,8.04638,0.504045,-1.193578,0,0,0,0,0,0,0,0,0,0,0,0.0100809,864.874907581869,0.0100304266553146,873.593625037711
35466,8994,241.4,21384.05,8.04886,0.50433,-1.203885,0,0,0,0,0,0,0,0,0,0,0,0.0100866,865.116026149954,0.010036069751741,873.842105459318
35467,8994,241.4667,21391.38,8.051,0.504625,-1.195564,0,0,0,0,0,0,0,0,0,0,0,0.0100925,865.412569623789,0.010041910818011,874.146745982718
35468,8994,241.5333,21398.77,8.05308,0.504938,-1.195727,0,0,0,0,0,0,0,0,0,0,0,0.01009876,865.71154046576,0.0100481082510203,874.454153542154
35469,8994,241.6,21404.68,8.05552,0.505236,-1.198384,0,0,0,0,0,0,0,0,0,0,0,0.01010472,865.950636227066,0.0100540086467567,874.700824939962
35470,8994,241.6667,21411.52,8.05764,0.505541,-1.194462,0,0,0,0,0,0,0,0,0,0,0,0.01011082,866.227356194465,0.0100600476063422,874.985625072023
35471,8994,241.7333,21418.2,8.05966,0.505841,-1.196952,0,0,0,0,0,0,0,0,0,0,0,0.01011682,866.497603180171,0.0100659875310132,875.263803461976
35472,8994,241.8,21423.59,8.06214,0.506073,-1.207453,0,0,0,0,0,0,0,0,0,0,0,0.01012146,866.715661750972,0.010070581048566,875.488089652758
35473,8994,241.8667,21430.41,8.0643,0.506338,-1.198298,0,0,0,0,0,0,0,0,0,0,0,0.01012676,866.99157259566,0.0100758279285756,875.771388173359
35474,8994,241.9333,21437.63,8.06638,0.50661,-1.196997,0,0,0,0,0,0,0,0,0,0,0,0.0101322,867.283665894582,0.0100812133767857,876.071157454159
35475,8994,242,21443.7,8.06888,0.506897,-1.207012,0,0,0,0,0,0,0,0,0,0,0,0.01013794,867.529234637581,0.0100868957851789,876.324193966582
35476,8994,242.0667,21451.09,8.07106,0.507231,-1.200282,0,0,0,0,0,0,0,0,0,0,0,0.01014462,867.828205479552,0.0100935087215397,876.631992849424
35477,8994,242.1333,21458.38,8.0731,0.507556,-1.202206,0,0,0,0,0,0,0,0,0,0,0,0.01015112,868.123130707964,0.0100999434230256,876.935552782556
35478,8994,242.2,21464.15,8.07548,0.507829,-1.21038,0,0,0,0,0,0,0,0,0,0,0,0.01015658,868.356562610288,0.0101053485402759,877.176095506964
35479,8994,242.2667,21470.84,8.07766,0.508154,-1.208326,0,0,0,0,0,0,0,0,0,0,0,0.01016308,868.627214157349,0.0101117831655768,877.455142025008
35480,8994,242.3333,21477.49,8.07967,0.508447,-1.2043,0,0,0,0,0,0,0,0,0,0,0,0.01016894,868.896247458988,0.0101175841922812,877.732001265623
35481,8994,242.4,21483.02,8.08208,0.508686,-1.205597,0,0,0,0,0,0,0,0,0,0,0,0.01017372,869.119969888771,0.0101223160628641,877.962153108828
35482,8994,242.4667,21489.88,8.08438,0.509002,-1.204448,0,0,0,0,0,0,0,0,0,0,0,0.01018004,869.397498978882,0.0101285723929436,878.248000294387
35483,8994,242.5333,21497.28,8.08648,0.509317,-1.202602,0,0,0,0,0,0,0,0,0,0,0,0.01018634,869.696874382209,0.0101348088855544,878.555902441603
35484,8994,242.6,21503.72,8.088799,0.50959,-1.220311,0,0,0,0,0,0,0,0,0,0,0,0.0101918,869.957411895374,0.0101402138143566,878.82384384593
35485,8994,242.6667,21510.66,8.09106,0.50989,-1.211685,0,0,0,0,0,0,0,0,0,0,0,0.0101978,870.238177476332,0.0101461532628669,879.1126923626
35486,8994,242.7333,21517.47,8.0932,0.510195,-1.209151,0,0,0,0,0,0,0,0,0,0,0,0.0102039,870.513683759664,0.0101521916660221,879.396318337379
35487,8994,242.8,21523.7,8.09542,0.510493,-1.21105,0,0,0,0,0,0,0,0,0,0,0,0.01020986,870.765725484357,0.0101580914476589,879.65612163435
35488,8994,242.8667,21530.22,8.09766,0.510811,-1.210205,0,0,0,0,0,0,0,0,0,0,0,0.01021622,871.029499488369,0.0101643871494051,879.928128481632
35489,8994,242.9333,21536.46,8.09984,0.511093,-1.20689,0,0,0,0,0,0,0,0,0,0,0,0.01022186,871.281945774417,0.0101699700970399,880.188067844651
35490,8994,243,21542.63,8.102079,0.511355,-1.208899,0,0,0,0,0,0,0,0,0,0,0,0.0102271,871.531560130975,0.0101751570630102,880.44480054959
35491,8994,243.0667,21549.63,8.10434,0.511676,-1.214234,0,0,0,0,0,0,0,0,0,0,0,0.01023352,871.814753080068,0.0101815120495281,880.736486792008
35492,8994,243.1333,21555.86,8.1066,0.511948,-1.226732,0,0,0,0,0,0,0,0,0,0,0,0.01023896,872.06679480476,0.0101868969286133,880.995851834095
35493,8994,243.2,21562.44,8.10874,0.512244,-1.219094,0,0,0,0,0,0,0,0,0,0,0,0.01024488,872.332996176908,0.010192756911141,881.26994304278
35494,8994,243.2667,21569.43,8.11102,0.512574,-1.210516,0,0,0,0,0,0,0,0,0,0,0,0.01025148,872.615784564645,0.0101992899592878,881.561387827794
35495,8994,243.3333,21575.56,8.11326,0.51287,-1.207444,0,0,0,0,0,0,0,0,0,0,0,0.0102574,872.863780675779,0.0102051498691932,881.817093619683
35496,8994,243.4,21581.85,8.11539,0.513144,-1.207137,0,0,0,0,0,0,0,0,0,0,0,0.01026288,873.118249768607,0.0102105742146495,882.078957591792
35497,8994,243.4667,21588.57,8.11764,0.513429,-1.214834,0,0,0,0,0,0,0,0,0,0,0,0.01026858,873.390114999736,0.0102162162945803,882.35859126682
35498,8994,243.5333,21594.45,8.11992,0.513722,-1.211945,0,0,0,0,0,0,0,0,0,0,0,0.01027444,873.627997076974,0.010222016715499,882.604035515262
35499,8994,243.6,21600.94,8.122069,0.514045,-1.201938,0,0,0,0,0,0,0,0,0,0,0,0.0102809,873.890557396919,0.0102284109971818,882.87493882846
35500,8994,243.6667,21607.79,8.12429,0.514328,-1.200297,0,0,0,0,0,0,0,0,0,0,0,0.01028656,874.167681925674,0.010234013383751,883.159860235863
35501,8994,243.7333,21613.74,8.126679,0.514618,-1.196074,0,0,0,0,0,0,0,0,0,0,0,0.01029236,874.408395932403,0.0102397543126923,883.408121930362
35502,8994,243.8,21620.64,8.128779,0.514941,-1.186524,0,0,0,0,0,0,0,0,0,0,0,0.01029882,874.687543267937,0.0102461484809576,883.695792832296
35503,8994,243.8667,21627.72,8.13099,0.515241,-1.181805,0,0,0,0,0,0,0,0,0,0,0,0.01030482,874.973972707877,0.0102520873003095,883.990422001316
35504,8994,243.9333,21633.42,8.13338,0.515513,-1.185385,0,0,0,0,0,0,0,0,0,0,0,0.01031026,875.204572680709,0.0102574717993701,884.228159378236
35505,8994,244,21640.09,8.135469,0.515821,-1.197175,0,0,0,0,0,0,0,0,0,0,0,0.01031642,875.47441510506,0.0102635689177157,884.506176870538
35506,8994,244.0667,21647.03,8.137569,0.516132,-1.200478,0,0,0,0,0,0,0,0,0,0,0,0.01032264,875.755180686017,0.010269725385858,884.795286144374
35507,8994,244.1333,21652.28,8.139959,0.516401,-1.190608,0,0,0,0,0,0,0,0,0,0,0,0.01032802,875.967575397837,0.0102750504032957,885.014586035897
35508,8994,244.2,21658.31,8.14211,0.516686,-1.190208,0,0,0,0,0,0,0,0,0,0,0,0.01033372,876.211525895413,0.0102806921194594,885.266050464789
35509,8994,244.2667,21665.51,8.14425,0.517027,-1.196579,0,0,0,0,0,0,0,0,0,0,0,0.01034054,876.502810071622,0.0102874423415364,885.56632243928
35510,8994,244.3333,21671.35,8.14668,0.51733,-1.188222,0,0,0,0,0,0,0,0,0,0,0,0.0103466,876.739073903437,0.0102934403012206,885.810342405486
35511,8994,244.4,21677.73,8.14882,0.51762,-1.193947,0,0,0,0,0,0,0,0,0,0,0,0.0103524,876.997184048467,0.0102991808890071,886.076209696611
35512,8994,244.4667,21685.1,8.15097,0.517933,-1.189513,0,0,0,0,0,0,0,0,0,0,0,0.01035866,877.295345767727,0.0103053767278127,886.382949974117
35513,8994,244.5333,21691.05,8.153379,0.518221,-1.193547,0,0,0,0,0,0,0,0,0,0,0,0.01036442,877.536059774456,0.0103110776574026,886.631212063103
35514,8994,244.6,21697.35,8.15547,0.518529,-1.195906,0,0,0,0,0,0,0,0,0,0,0,0.01037058,877.790933428639,0.0103171744489166,886.894134527036
35515,8994,244.6667,21704.01,8.15755,0.518824,-1.195815,0,0,0,0,0,0,0,0,0,0,0,0.01037648,878.060371291633,0.0103230138734707,887.171547173133
35516,8994,244.7333,21709.46,8.159969,0.519142,-1.19788,0,0,0,0,0,0,0,0,0,0,0,0.01038284,878.28085723057,0.0103293085370035,887.399906846258
35517,8994,244.8,21715.6,8.162129,0.519422,-1.211334,0,0,0,0,0,0,0,0,0,0,0,0.01038844,878.52925790306,0.0103348509752354,887.65580638703
35518,8994,244.8667,21722.66,8.164269,0.519732,-1.209072,0,0,0,0,0,0,0,0,0,0,0,0.01039464,878.814878220288,0.0103409872103032,887.949842506032
35519,8994,244.9333,21728.6,8.166719,0.520022,-1.213765,0,0,0,0,0,0,0,0,0,0,0,0.01040044,879.055187665661,0.01034672752515,888.197748401666
35520,8994,245,21735.38,8.16889,0.520328,-1.215109,0,0,0,0,0,0,0,0,0,0,0,0.01040656,879.329480264925,0.0103527845112948,888.480275261071
35521,8994,245.0667,21742.36,8.17097,0.520643,-1.210479,0,0,0,0,0,0,0,0,0,0,0,0.01041286,879.611864091307,0.0103590196057694,888.771139286428
35522,8994,245.1333,21748.06,8.173349,0.520931,-1.212022,0,0,0,0,0,0,0,0,0,0,0,0.01041862,879.842464064139,0.0103647202295543,889.009208357087
35523,8994,245.2,21754.41,8.175489,0.521229,-1.205745,0,0,0,0,0,0,0,0,0,0,0,0.01042458,880.099360525102,0.0103706187574559,889.274026716845
35524,8994,245.2667,21760.84,8.177549,0.521524,-1.203309,0,0,0,0,0,0,0,0,0,0,0,0.01043048,880.359493476912,0.0103764578699353,889.542065566433
35525,8994,245.3333,21766.28,8.17995,0.521816,-1.197723,0,0,0,0,0,0,0,0,0,0,0,0.01043632,880.579574854492,0.0103822375680332,889.769585083138
35526,8994,245.4,21772.69,8.18219,0.522137,-1.199195,0,0,0,0,0,0,0,0,0,0,0,0.01044274,880.83889868359,0.0103885912386977,890.037270284429
35527,8994,245.4667,21779.67,8.18431,0.52245,-1.208225,0,0,0,0,0,0,0,0,0,0,0,0.010449,881.121282509971,0.0103947865235574,890.328118790918
35528,8994,245.5333,21786.13,8.186669,0.522735,-1.205968,0,0,0,0,0,0,0,0,0,0,0,0.0104547,881.382629145849,0.0104004275642463,890.59722011878
35529,8994,245.6,21792.88,8.18891,0.523063,-1.20172,0,0,0,0,0,0,0,0,0,0,0,0.01046126,881.655708061046,0.010406919669935,890.878937653556
35530,8994,245.6667,21799.47,8.19101,0.523379,-1.204326,0,0,0,0,0,0,0,0,0,0,0,0.01046758,881.922313994549,0.0104131742196994,891.153906370072
35531,8994,245.7333,21805.44,8.19329,0.523702,-1.212584,0,0,0,0,0,0,0,0,0,0,0,0.01047404,882.163837123989,0.0104195672791882,891.403656440579
35532,8994,245.8,21811.91,8.19549,0.524025,-1.20052,0,0,0,0,0,0,0,0,0,0,0,0.0104805,882.425588321222,0.0104259602978059,891.673849699623
35533,8994,245.8667,21817.62,8.19761,0.5243,-1.188775,0,0,0,0,0,0,0,0,0,0,0,0.010486,882.656592855411,0.0104314032381021,891.912129888093
35534,8994,245.9333,21823.57,8.19997,0.524595,-1.193278,0,0,0,0,0,0,0,0,0,0,0,0.0104919,882.89730686214,0.0104372419956661,892.160577116007
35535,8994,246,21830.65,8.202209,0.524916,-1.195002,0,0,0,0,0,0,0,0,0,0,0,0.01049832,883.18373630208,0.0104435953168612,892.455681784574
35536,8994,246.0667,21837.19,8.20437,0.525198,-1.194372,0,0,0,0,0,0,0,0,0,0,0,0.01050396,883.448319428803,0.0104491767059135,892.728025238151
35537,8994,246.1333,21843.3,8.20663,0.525514,-1.195481,0,0,0,0,0,0,0,0,0,0,0,0.01051028,883.695506417226,0.0104554309913856,892.983393624413
35538,8994,246.2,21850.27,8.20889,0.525827,-1.194995,0,0,0,0,0,0,0,0,0,0,0,0.01051654,883.977485682251,0.0104616258621691,893.273870269528
35539,8994,246.2667,21856.21,8.21105,0.526155,-1.188217,0,0,0,0,0,0,0,0,0,0,0,0.0105231,884.217795127624,0.0104681175705651,893.522507407532
35540,8994,246.3333,21862.39,8.21327,0.526455,-1.190429,0,0,0,0,0,0,0,0,0,0,0,0.0105291,884.467814045538,0.0104740550718332,893.780464106405
35541,8994,246.4,21868.85,8.215529,0.526738,-1.189943,0,0,0,0,0,0,0,0,0,0,0,0.01053476,884.729160681415,0.0104796560823822,894.049570054195
35542,8994,246.4667,21874.75,8.21769,0.527043,-1.192949,0,0,0,0,0,0,0,0,0,0,0,0.01054086,884.967851881365,0.0104856924720548,894.296174112547
35543,8994,246.5333,21880.74,8.21989,0.527358,-1.193956,0,0,0,0,0,0,0,0,0,0,0,0.01054716,885.210184133517,0.0104919267378934,894.546637579203
35544,8994,246.6,21887.53,8.22215,0.527674,-1.175234,0,0,0,0,0,0,0,0,0,0,0,0.01055348,885.484881294137,0.0104981807560011,894.829828279177
35545,8994,246.6667,21893.38,8.22445,0.527977,-1.176746,0,0,0,0,0,0,0,0,0,0,0,0.01055954,885.721549687308,0.0105041774518217,895.074361820093
35546,8994,246.7333,21900.1,8.22663,0.528328,-1.180586,0,0,0,0,0,0,0,0,0,0,0,0.01056656,885.993414918437,0.0105111240743011,895.355317496777
35547,8994,246.8,21907.19,8.228849,0.528631,-1.180805,0,0,0,0,0,0,0,0,0,0,0,0.01057262,886.280248919732,0.0105171206925054,895.650553205066
35548,8994,246.8667,21913.16,8.23119,0.528946,-1.177238,0,0,0,0,0,0,0,0,0,0,0,0.01057892,886.521772049173,0.0105233547624158,895.900214953939
35549,8994,246.9333,21919.58,8.23331,0.529259,-1.181845,0,0,0,0,0,0,0,0,0,0,0,0.01058518,886.781500439627,0.0105295492124361,896.16824224245
35550,8994,247,21926.82,8.23545,0.529577,-1.184659,0,0,0,0,0,0,0,0,0,0,0,0.01059154,887.07440286126,0.0105358425760367,896.469886882141
35551,8994,247.0667,21931.92,8.23779,0.529857,-1.188218,0,0,0,0,0,0,0,0,0,0,0,0.01059714,887.280729152742,0.0105413838696877,896.683367258875
35552,8994,247.1333,21938.04,8.23997,0.530191,-1.190686,0,0,0,0,0,0,0,0,0,0,0,0.01060382,887.52832070252,0.0105479938012405,896.939511260152
35553,8994,247.2,21945.41,8.242129,0.530501,-1.187712,0,0,0,0,0,0,0,0,0,0,0,0.01061002,887.826482421779,0.0105541287285573,897.246339156804
35554,8994,247.2667,21951.31,8.24449,0.530819,-1.18033,0,0,0,0,0,0,0,0,0,0,0,0.01061638,888.065173621729,0.0105604219374725,897.493210969664
35555,8994,247.3333,21957.28,8.24669,0.531114,-1.178672,0,0,0,0,0,0,0,0,0,0,0,0.01062228,888.30669675117,0.0105662599417781,897.742539209936
35556,8994,247.4,21964.88,8.24883,0.531448,-1.179953,0,0,0,0,0,0,0,0,0,0,0,0.01062896,888.614163381613,0.0105728697089044,898.05920777963
35557,8994,247.4667,21970.49,8.25123,0.53174,-1.184736,0,0,0,0,0,0,0,0,0,0,0,0.0106348,888.841122302244,0.010578648271916,898.293769869704
35558,8994,247.5333,21976.65,8.25333,0.532086,-1.19038,0,0,0,0,0,0,0,0,0,0,0,0.01064172,889.090332097445,0.0105854954300672,898.551782466333
35559,8994,247.6,21983.41,8.25539,0.532399,-1.182199,0,0,0,0,0,0,0,0,0,0,0,0.01064798,889.363815573998,0.0105916894951732,898.833743694953
35560,8994,247.6667,21988.79,8.25779,0.532661,-1.190893,0,0,0,0,0,0,0,0,0,0,0,0.01065322,889.581469583444,0.0105968742741662,899.058376686839
35561,8994,247.7333,21994.35,8.25995,0.532934,-1.187124,0,0,0,0,0,0,0,0,0,0,0,0.01065868,889.806405697294,0.0106022767061213,899.290567437572
35562,8994,247.8,22001.81,8.26207,0.533275,-1.183138,0,0,0,0,0,0,0,0,0,0,0,0.0106655,890.108208468756,0.0106090247577873,899.60165756618
35563,8994,247.8667,22007.63,8.26455,0.53359,-1.173348,0,0,0,0,0,0,0,0,0,0,0,0.0106718,890.343663177859,0.0106152582547894,899.845232682561
35564,8994,247.9333,22014.04,8.266729,0.533906,-1.182086,0,0,0,0,0,0,0,0,0,0,0,0.01067812,890.602987006957,0.0106215115016295,900.112952574576
35565,8994,248,22021.56,8.268809,0.534219,-1.196194,0,0,0,0,0,0,0,0,0,0,0,0.01068438,890.907217146554,0.0106277053436546,900.426008399291
35566,8994,248.0667,22027.34,8.27121,0.534547,-1.184993,0,0,0,0,0,0,0,0,0,0,0,0.01069094,891.141053610234,0.0106341959740041,900.668189145917
35567,8994,248.1333,22032.8,8.27337,0.53485,-1.181603,0,0,0,0,0,0,0,0,0,0,0,0.010697,891.361944110526,0.0106401918542408,900.896842826676
35568,8994,248.2,22039.81,8.27541,0.535178,-1.188417,0,0,0,0,0,0,0,0,0,0,0,0.01070356,891.645541620975,0.010646682403546,901.189323174448
35569,8994,248.2667,22045.1,8.27779,0.535478,-1.182917,0,0,0,0,0,0,0,0,0,0,0,0.01070956,891.859554578218,0.0106526188446827,901.410977989547
35570,8994,248.3333,22050.77,8.28003,0.535789,-1.183833,0,0,0,0,0,0,0,0,0,0,0,0.01071578,892.088940866983,0.0106587729181248,901.648369697747
35571,8994,248.4,22057.84,8.282169,0.53614,-1.187409,0,0,0,0,0,0,0,0,0,0,0,0.0107228,892.374965745567,0.0106657184667746,901.943724028263
35572,8994,248.4667,22064.14,8.28453,0.536476,-1.191291,0,0,0,0,0,0,0,0,0,0,0,0.01072952,892.62983939975,0.010672367151914,902.207329114187
35573,8994,248.5333,22070.2,8.28675,0.536796,-1.193045,0,0,0,0,0,0,0,0,0,0,0,0.01073592,892.875003581394,0.0106786991919018,902.460838189843
35574,8994,248.6,22077.02,8.28885,0.53714,-1.190531,0,0,0,0,0,0,0,0,0,0,0,0.0107428,893.150914426082,0.010685506090171,902.745856069578
35575,8994,248.6667,22083.04,8.29117,0.537435,-1.189103,0,0,0,0,0,0,0,0,0,0,0,0.0107487,893.394460362301,0.0106913433642826,902.997289398398
35576,8994,248.7333,22089.29,8.29333,0.537784,-1.194508,0,0,0,0,0,0,0,0,0,0,0,0.01075568,893.647311209706,0.0106982491123671,903.259095721938
35577,8994,248.8,22095.14,8.29544,0.538079,-1.19746,0,0,0,0,0,0,0,0,0,0,0,0.01076158,893.883979602876,0.0107040863120951,903.503583560091
35578,8994,248.8667,22101.06,8.29781,0.538387,-1.199431,0,0,0,0,0,0,0,0,0,0,0,0.01076774,894.123479925538,0.0107101807079952,903.751169085271
35579,8994,248.9333,22107.4,8.30003,0.538707,-1.190056,0,0,0,0,0,0,0,0,0,0,0,0.01077414,894.379971825145,0.0107165125085516,904.016146854785
35580,8994,249,22113.98,8.30219,0.539013,-1.184641,0,0,0,0,0,0,0,0,0,0,0,0.01078026,894.646173197292,0.0107225672553344,904.290691552364
35581,8994,249.0667,22120.31,8.30451,0.539341,-1.196026,0,0,0,0,0,0,0,0,0,0,0,0.01078682,894.902260535543,0.0107290572700018,904.555410137533
35582,8994,249.1333,22126.91,8.306729,0.539695,-1.19709,0,0,0,0,0,0,0,0,0,0,0,0.0107939,895.169271030402,0.0107360616897905,904.831638624977
35583,8994,249.2,22132.74,8.308889,0.540033,-1.191493,0,0,0,0,0,0,0,0,0,0,0,0.01080066,895.405130300861,0.0107427494798487,905.076096675496
35584,8994,249.2667,22139.07,8.31117,0.540356,-1.193088,0,0,0,0,0,0,0,0,0,0,0,0.01080712,895.661217639112,0.0107491404326972,905.340735897484
35585,8994,249.3333,22145.39,8.31337,0.540664,-1.188328,0,0,0,0,0,0,0,0,0,0,0,0.01081328,895.916900416007,0.0107552345540269,905.604700716938
35586,8994,249.4,22151.13,8.315519,0.541,-1.185682,0,0,0,0,0,0,0,0,0,0,0,0.01082,896.149118634263,0.0107618826440307,905.845452097886
35587,8994,249.4667,22157.07,8.31781,0.54131,-1.188403,0,0,0,0,0,0,0,0,0,0,0,0.0108262,896.389428079636,0.0107680162592992,906.093919305912
35588,8994,249.5333,22163.88,8.32003,0.541679,-1.189742,0,0,0,0,0,0,0,0,0,0,0,0.01083358,896.664934362968,0.0107753171910118,906.379025662584
35589,8994,249.6,22169.63,8.322249,0.542033,-1.189566,0,0,0,0,0,0,0,0,0,0,0,0.01084066,896.89755714258,0.0107823212867855,906.620518614394
35590,8994,249.6667,22176.01,8.32451,0.542313,-1.191026,0,0,0,0,0,0,0,0,0,0,0,0.01084626,897.155667287611,0.0107878612147979,906.886450915486
35591,8994,249.7333,22182.89,8.32671,0.542639,-1.180544,0,0,0,0,0,0,0,0,0,0,0,0.01085278,897.434005500433,0.0107943112351728,907.173659326648
35592,8994,249.8,22188.54,8.32895,0.542962,-1.185704,0,0,0,0,0,0,0,0,0,0,0,0.01085924,897.662582666487,0.0108007018585021,907.410516090682
35593,8994,249.8667,22194.61,8.33119,0.543308,-1.189999,0,0,0,0,0,0,0,0,0,0,0,0.01086616,897.908151409486,0.0108075474963913,907.664965048006
35594,8994,249.9333,22201.72,8.33334,0.543654,-1.185896,0,0,0,0,0,0,0,0,0,0,0,0.01087308,898.195794533493,0.0108143930874183,907.96194926312
35595,8994,250,22206.95,8.33554,0.543954,-1.179534,0,0,0,0,0,0,0,0,0,0,0,0.01087908,898.407380122601,0.0108203285330369,908.181225883545
35596,8994,250.0667,22212.76,8.33783,0.54428,-1.188037,0,0,0,0,0,0,0,0,0,0,0,0.0108856,898.642430270348,0.010826778344001,908.424692309299
35597,8994,250.1333,22219.93,8.34,0.544613,-1.198726,0,0,0,0,0,0,0,0,0,0,0,0.01089226,898.932500762491,0.0108333666048895,908.723907283246
35598,8994,250.2,22225.91,8.342259,0.544952,-1.194952,0,0,0,0,0,0,0,0,0,0,0,0.01089904,899.174428453287,0.0108400735285961,908.974566515977
35599,8994,250.2667,22231.79,8.34453,0.545285,-1.19983,0,0,0,0,0,0,0,0,0,0,0,0.0109057,899.412310530525,0.0108466617018932,909.221031365478
35600,8994,250.3333,22239.22,8.34673,0.545652,-1.202664,0,0,0,0,0,0,0,0,0,0,0,0.01091304,899.712899617919,0.0108539224912556,909.531502479966
35601,8994,250.4,22245.2,8.34901,0.545982,-1.198978,0,0,0,0,0,0,0,0,0,0,0,0.01091964,899.954827308716,0.0108604512214175,909.782010039189
35602,8994,250.4667,22251.14,8.35119,0.546321,-1.195459,0,0,0,0,0,0,0,0,0,0,0,0.01092642,900.195136754089,0.0108671579634729,910.031046900222
35603,8994,250.5333,22257.9,8.35334,0.546674,-1.197875,0,0,0,0,0,0,0,0,0,0,0,0.01093348,900.468620230642,0.0108741416323216,910.313875880561
35604,8994,250.6,22263.32,8.355619,0.546972,-1.199646,0,0,0,0,0,0,0,0,0,0,0,0.01093944,900.687892485511,0.0108800371561609,910.540913644082
35605,8994,250.6667,22268.66,8.35782,0.547293,-1.200332,0,0,0,0,0,0,0,0,0,0,0,0.01094586,900.903928249533,0.010886387664768,910.765096521602
35606,8994,250.7333,22275.8,8.36,0.547659,-1.193547,0,0,0,0,0,0,0,0,0,0,0,0.01095318,901.192785057608,0.0108936283823856,911.063711847045
35607,8994,250.8,22281.4,8.36235,0.547975,-1.191922,0,0,0,0,0,0,0,0,0,0,0,0.0109595,901.419339416882,0.0108998798887563,911.298444667221
35608,8994,250.8667,22287.4,8.36458,0.548313,-1.19555,0,0,0,0,0,0,0,0,0,0,0,0.01096626,901.66207623039,0.0109065665833261,911.549936990472
35609,8994,250.9333,22294.82,8.36672,0.548692,-1.202677,0,0,0,0,0,0,0,0,0,0,0,0.01097384,901.962260756429,0.0109140643326412,911.860250292008
35610,8994,251,22300.59,8.36902,0.549,-1.202561,0,0,0,0,0,0,0,0,0,0,0,0.01098,902.195692658752,0.0109201574489906,912.101801364145
35611,8994,251.0667,22305.99,8.3712,0.549303,-1.19579,0,0,0,0,0,0,0,0,0,0,0,0.01098606,902.41415579091,0.0109261516148868,912.328131851278
35612,8994,251.1333,22312.88,8.3733,0.549652,-1.196352,0,0,0,0,0,0,0,0,0,0,0,0.01099304,902.692898565088,0.0109330557416406,912.61623770673
35613,8994,251.2,22318.28,8.37558,0.549985,-1.19977,0,0,0,0,0,0,0,0,0,0,0,0.0109997,902.911361697246,0.0109396433023852,912.843115802507
35614,8994,251.2667,22323.56,8.37784,0.550293,-1.201315,0,0,0,0,0,0,0,0,0,0,0,0.01100586,903.124970093133,0.0109457362628815,913.064637076482
35615,8994,251.3333,22330.85,8.38004,0.550641,-1.19275,0,0,0,0,0,0,0,0,0,0,0,0.01101282,903.419895321545,0.0109526204722795,913.36909601314
35616,8994,251.4,22337.27,8.3824,0.55099,-1.194487,0,0,0,0,0,0,0,0,0,0,0,0.0110198,903.679623711999,0.010959524416292,913.63799242938
35617,8994,251.4667,22343.36,8.38456,0.551339,-1.1951,0,0,0,0,0,0,0,0,0,0,0,0.01102678,903.92600157771,0.0109664283126405,913.893394733387
35618,8994,251.5333,22349.86,8.38672,0.551675,-1.191718,0,0,0,0,0,0,0,0,0,0,0,0.0110335,904.18896645901,0.0109730749987621,914.165335420436
35619,8994,251.6,22355.73,8.38906,0.55201,-1.200006,0,0,0,0,0,0,0,0,0,0,0,0.0110402,904.426443974893,0.0109797018590987,914.411492801664
35620,8994,251.6667,22361.66,8.39118,0.552346,-1.201037,0,0,0,0,0,0,0,0,0,0,0,0.01104692,904.66634885891,0.0109863484569961,914.660125641446
35621,8994,251.7333,22367.72,8.3933,0.55269,-1.196011,0,0,0,0,0,0,0,0,0,0,0,0.0110538,904.911513040553,0.010993153261457,914.914223923401
35622,8994,251.8,22373.05,8.395679,0.553021,-1.196664,0,0,0,0,0,0,0,0,0,0,0,0.01106042,905.12714424322,0.0109997008638966,915.13823061195
35623,8994,251.8667,22379.06,8.39786,0.553346,-1.203335,0,0,0,0,0,0,0,0,0,0,0,0.01106692,905.370285618084,0.0110061297369665,915.389946139396
35624,8994,251.9333,22385.47,8.40002,0.55367,-1.19636,0,0,0,0,0,0,0,0,0,0,0,0.0110734,905.629609447181,0.0110125387877488,915.658008364434
35625,8994,252,22391.58,8.4024,0.554028,-1.207113,0,0,0,0,0,0,0,0,0,0,0,0.01108056,905.876796435604,0.0110196203454756,915.914418631116
35626,8994,252.0667,22397.89,8.40456,0.554362,-1.215517,0,0,0,0,0,0,0,0,0,0,0,0.01108724,906.132074651143,0.0110262271166842,916.178578434498
35627,8994,252.1333,22404.19,8.4067,0.554726,-1.215629,0,0,0,0,0,0,0,0,0,0,0,0.01109452,906.386948305327,0.0110334272607506,916.442876431039
35628,8994,252.2,22409.92,8.409039,0.555074,-1.211583,0,0,0,0,0,0,0,0,0,0,0,0.01110148,906.618761962227,0.011040310866494,916.683572015776
35629,8994,252.2667,22416.03,8.41118,0.555395,-1.204632,0,0,0,0,0,0,0,0,0,0,0,0.0111079,906.86594895065,0.0110466603573663,916.939325224999
35630,8994,252.3333,22421.73,8.41334,0.555741,-1.20843,0,0,0,0,0,0,0,0,0,0,0,0.01111482,907.096548923483,0.0110535043117255,917.178763787388
35631,8994,252.4,22427.72,8.41572,0.556054,-1.211805,0,0,0,0,0,0,0,0,0,0,0,0.01112108,907.338881175635,0.0110596954786412,917.4294694603
35632,8994,252.4667,22434.05,8.41784,0.556425,-1.205455,0,0,0,0,0,0,0,0,0,0,0,0.0111285,907.594968513886,0.0110670338409024,917.695139120993
35633,8994,252.5333,22439.91,8.42006,0.556774,-1.200598,0,0,0,0,0,0,0,0,0,0,0,0.01113548,907.832041468412,0.0110739369950593,917.941187009543
35634,8994,252.6,22445.85,8.4224,0.557112,-1.214455,0,0,0,0,0,0,0,0,0,0,0,0.01114224,908.072350913785,0.0110806225258677,918.190310985031
35635,8994,252.6667,22452.59,8.42452,0.557479,-1.215078,0,0,0,0,0,0,0,0,0,0,0,0.01114958,908.345025267626,0.0110878816166947,918.47269079445
35636,8994,252.7333,22457.98,8.42676,0.557805,-1.21368,0,0,0,0,0,0,0,0,0,0,0,0.0111561,908.563083838428,0.0110943297022283,918.699104458038
35637,8994,252.8,22464.03,8.42912,0.558168,-1.203305,0,0,0,0,0,0,0,0,0,0,0,0.01116336,908.807843458715,0.0111015095767671,918.953192586069
35638,8994,252.8667,22471,8.4312,0.558535,-1.206712,0,0,0,0,0,0,0,0,0,0,0,0.0111707,909.089822723741,0.0111087685159753,919.244992406441
35639,8994,252.9333,22476.37,8.43334,0.558871,-1.210563,0,0,0,0,0,0,0,0,0,0,0,0.01117742,909.30707217183,0.0111154142560767,919.470779226465
35640,8994,253,22481.37,8.435719,0.559199,-1.207925,0,0,0,0,0,0,0,0,0,0,0,0.01118398,909.509352849754,0.01112190172167,919.681287261839
35641,8994,253.0667,22488.45,8.43786,0.559555,-1.210019,0,0,0,0,0,0,0,0,0,0,0,0.0111911,909.795782289694,0.0111289429476725,919.977397868876
35642,8994,253.1333,22494.32,8.44006,0.559891,-1.206269,0,0,0,0,0,0,0,0,0,0,0,0.01119782,910.033259805576,0.0111355885537017,920.223648442892
35643,8994,253.2,22499.78,8.44242,0.560237,-1.210108,0,0,0,0,0,0,0,0,0,0,0,0.01120474,910.254150305868,0.0111424318994696,920.453311393966
35644,8994,253.2667,22506.64,8.4446,0.560596,-1.208272,0,0,0,0,0,0,0,0,0,0,0,0.01121192,910.531679395979,0.0111495323156619,920.740487742833
35645,8994,253.3333,22512.77,8.4468,0.560924,-1.212844,0,0,0,0,0,0,0,0,0,0,0,0.01121848,910.779675507113,0.01115601955992,920.997239081196
35646,8994,253.4,22517.96,8.44908,0.561263,-1.208565,0,0,0,0,0,0,0,0,0,0,0,0.01122526,910.989642850798,0.0111627243199744,921.215738449105
35647,8994,253.4667,22524.71,8.45122,0.561662,-1.201207,0,0,0,0,0,0,0,0,0,0,0,0.01123324,911.262721765995,0.0111706157056319,921.499154622645
35648,8994,253.5333,22529.96,8.45336,0.562003,-1.203389,0,0,0,0,0,0,0,0,0,0,0,0.01124006,911.475116477814,0.0111773599232195,921.720151475532
35649,8994,253.6,22534.9,8.4557,0.562347,-1.203635,0,0,0,0,0,0,0,0,0,0,0,0.01124694,911.674969787603,0.0111841634280133,921.928523472306
35650,8994,253.6667,22541.59,8.45788,0.562711,-1.195038,0,0,0,0,0,0,0,0,0,0,0,0.01125422,911.945621334664,0.0111913624350094,922.208857985202
35651,8994,253.7333,22547.53,8.4601,0.563092,-1.199354,0,0,0,0,0,0,0,0,0,0,0,0.01126184,912.185930780037,0.0111988976038524,922.458822782733
35652,8994,253.8,22552.67,8.46244,0.563398,-1.200481,0,0,0,0,0,0,0,0,0,0,0,0.01126796,912.393875316943,0.0112049494306291,922.674693008259
35653,8994,253.8667,22560.09,8.46462,0.563805,-1.196793,0,0,0,0,0,0,0,0,0,0,0,0.0112761,912.694059842981,0.011212998699034,922.985689331177
35654,8994,253.9333,22565.84,8.4668,0.564181,-1.195206,0,0,0,0,0,0,0,0,0,0,0,0.01128362,912.926682622593,0.0112204348206236,923.227800397167
35655,8994,254,22571.03,8.46908,0.564517,-1.204061,0,0,0,0,0,0,0,0,0,0,0,0.01129034,913.136649966278,0.0112270798186636,923.446273210858
35656,8994,254.0667,22577.69,8.47122,0.564861,-1.202015,0,0,0,0,0,0,0,0,0,0,0,0.01129722,913.406087829272,0.0112338829851977,923.725037352819
35657,8994,254.1333,22583.36,8.47336,0.565237,-1.202994,0,0,0,0,0,0,0,0,0,0,0,0.01130474,913.635474118037,0.0112413189514912,923.963885607718
35658,8994,254.2,22587.99,8.475699,0.565581,-1.201293,0,0,0,0,0,0,0,0,0,0,0,0.01131162,913.822786025794,0.011248122021155,924.15960212866
35659,8994,254.2667,22594.97,8.47794,0.565952,-1.197056,0,0,0,0,0,0,0,0,0,0,0,0.01131904,914.105169852176,0.0112554590008091,924.451962833939
35660,8994,254.3333,22601.26,8.48018,0.566337,-1.202278,0,0,0,0,0,0,0,0,0,0,0,0.01132674,914.359638945003,0.0112630727907035,924.716352841827
35661,8994,254.4,22607.01,8.48242,0.566695,-1.205107,0,0,0,0,0,0,0,0,0,0,0,0.0113339,914.592261724615,0.0112701525744877,924.958158959776
35662,8994,254.4667,22613.32,8.48462,0.567059,-1.201183,0,0,0,0,0,0,0,0,0,0,0,0.01134118,914.847539940155,0.0112773509624762,925.222990563173
35663,8994,254.5333,22619.12,8.486859,0.567408,-1.192964,0,0,0,0,0,0,0,0,0,0,0,0.01134816,915.082185526546,0.0112842526649393,925.466684581051
35664,8994,254.6,22624.23,8.488999,0.567744,-1.198066,0,0,0,0,0,0,0,0,0,0,0,0.01135488,915.288916379384,0.0112908972389248,925.681912190202
35665,8994,254.6667,22629.95,8.491179,0.568102,-1.201723,0,0,0,0,0,0,0,0,0,0,0,0.01136204,915.520325474928,0.0112979768257214,925.922504033788
35666,8994,254.7333,22635.02,8.49352,0.568441,-1.197489,0,0,0,0,0,0,0,0,0,0,0,0.01136882,915.725438082343,0.011304680634057,926.136155757322
35667,8994,254.8,22640.56,8.49566,0.56881,-1.203809,0,0,0,0,0,0,0,0,0,0,0,0.0113762,915.949565073482,0.0113119776486852,926.369590515671
35668,8994,254.8667,22646.74,8.4979,0.569148,-1.196155,0,0,0,0,0,0,0,0,0,0,0,0.01138296,916.199583991395,0.0113186615882601,926.628647207986
35669,8994,254.9333,22652.59,8.500259,0.569535,-1.186166,0,0,0,0,0,0,0,0,0,0,0,0.0113907,916.436252384566,0.0113263144464648,926.875102804603
35670,8994,255,22658.49,8.502379,0.569924,-1.193074,0,0,0,0,0,0,0,0,0,0,0,0.01139848,916.674943584516,0.0113340067953036,927.123644595465
35671,8994,255.0667,22664.63,8.50458,0.570283,-1.194427,0,0,0,0,0,0,0,0,0,0,0,0.01140566,916.923344257006,0.0113411058513696,927.381460167664
35672,8994,255.1333,22670.16,8.50692,0.570647,-1.191093,0,0,0,0,0,0,0,0,0,0,0,0.01141294,917.147066686789,0.0113483037286286,927.614411130061
35673,8994,255.2,22676.27,8.50898,0.570998,-1.186924,0,0,0,0,0,0,0,0,0,0,0,0.01141996,917.394253675212,0.0113552444897759,927.870859356412
35674,8994,255.2667,22681.75,8.5112,0.571362,-1.187272,0,0,0,0,0,0,0,0,0,0,0,0.01142724,917.615953298216,0.0113624422652678,928.101771024383
35675,8994,255.3333,22687.21,8.513579,0.571711,-1.192479,0,0,0,0,0,0,0,0,0,0,0,0.01143422,917.836843798508,0.0113693433804831,928.331592194606
35676,8994,255.4,22693.22,8.51564,0.57208,-1.196227,0,0,0,0,0,0,0,0,0,0,0,0.0114416,918.079985173372,0.0113766399232833,928.584289131732
35677,8994,255.4667,22699.06,8.5179,0.572444,-1.19744,0,0,0,0,0,0,0,0,0,0,0,0.01144888,918.316249005187,0.011383837544778,928.829941542097
35678,8994,255.5333,22704.48,8.52032,0.572792,-1.200639,0,0,0,0,0,0,0,0,0,0,0,0.01145584,918.535521260056,0.011390718738866,929.058117225928
35679,8994,255.6,22711.1,8.52236,0.573197,-1.205649,0,0,0,0,0,0,0,0,0,0,0,0.01146394,918.803340877627,0.0113987269654702,929.336447249247
35680,8994,255.6667,22716.71,8.52458,0.573586,-1.203219,0,0,0,0,0,0,0,0,0,0,0,0.01147172,919.030299798257,0.011406418757309,929.573158069058
35681,8994,255.7333,22721.92,8.526979,0.573907,-1.210662,0,0,0,0,0,0,0,0,0,0,0,0.01147814,919.241076264653,0.0114127659240152,929.792254031769
35682,8994,255.8,22728.34,8.529039,0.574266,-1.211969,0,0,0,0,0,0,0,0,0,0,0,0.01148532,919.500804655107,0.0114198644209897,930.061565636828
35683,8994,255.8667,22733.76,8.53115,0.574652,-1.20779,0,0,0,0,0,0,0,0,0,0,0,0.01149304,919.720076909976,0.0114274967319947,930.290456542705
35684,8994,255.9333,22738.31,8.5336,0.574991,-1.20247,0,0,0,0,0,0,0,0,0,0,0,0.01149982,919.904152326886,0.011434199672113,930.482884495898
35685,8994,256,22744.74,8.53572,0.575367,-1.205204,0,0,0,0,0,0,0,0,0,0,0,0.01150734,920.164285278696,0.0114416341490133,930.752928565255
35686,8994,256.0667,22750.71,8.537849,0.575726,-1.203566,0,0,0,0,0,0,0,0,0,0,0,0.01151452,920.405808408136,0.0114487324410702,931.003839497168
35687,8994,256.1333,22755.88,8.540279,0.576075,-1.206781,0,0,0,0,0,0,0,0,0,0,0,0.0115215,920.614966629109,0.0114556329608148,931.221831967126
35688,8994,256.2,22762.53,8.542459,0.576495,-1.211033,0,0,0,0,0,0,0,0,0,0,0,0.0115299,920.883999930747,0.011463937248091,931.501700361549
35689,8994,256.2667,22768.87,8.54457,0.576894,-1.208465,0,0,0,0,0,0,0,0,0,0,0,0.01153788,921.140491830354,0.0114718262571287,931.768500288234
35690,8994,256.3333,22773.99,8.54694,0.577248,-1.212145,0,0,0,0,0,0,0,0,0,0,0,0.01154496,921.347627244548,0.0114788254762016,931.984548747181
35691,8994,256.4,22780.46,8.54908,0.577635,-1.218541,0,0,0,0,0,0,0,0,0,0,0,0.0115527,921.609378441781,0.0114864771087976,932.256455108105
35692,8994,256.4667,22785.93,8.551149,0.577998,-1.21796,0,0,0,0,0,0,0,0,0,0,0,0.01155996,921.830673503429,0.0114936541683293,932.486999215902
35693,8994,256.5333,22790.82,8.55356,0.578344,-1.218149,0,0,0,0,0,0,0,0,0,0,0,0.01156688,922.028504006439,0.0115004950641774,932.693497068861
35694,8994,256.6,22797.01,8.555759,0.578741,-1.211535,0,0,0,0,0,0,0,0,0,0,0,0.01157482,922.278927485708,0.0115083442425124,932.954140061148
35695,8994,256.6667,22803.21,8.55789,0.579159,-1.212626,0,0,0,0,0,0,0,0,0,0,0,0.01158318,922.529755526333,0.0115166085500948,933.21558373995
35696,8994,256.7333,22808.43,8.56032,0.5795,-1.214073,0,0,0,0,0,0,0,0,0,0,0,0.01159,922.740936554085,0.0115233504346428,933.435504008747
35697,8994,256.8,22815.35,8.5625,0.579897,-1.209607,0,0,0,0,0,0,0,0,0,0,0,0.01159794,923.020893012331,0.0115311994335845,933.726033948235
35698,8994,256.8667,22821.04,8.56461,0.580255,-1.208003,0,0,0,0,0,0,0,0,0,0,0,0.0116051,923.251088423808,0.0115382773193513,933.965509630075
35699,8994,256.9333,22825.95,8.566919,0.580617,-1.208141,0,0,0,0,0,0,0,0,0,0,0,0.01161234,923.449728049529,0.0115454342367019,934.173140264548
35700,8994,257,22831.91,8.56911,0.581011,-1.213122,0,0,0,0,0,0,0,0,0,0,0,0.01162022,923.690846617614,0.0115532237515166,934.424337467297
35701,8994,257.0667,22837.53,8.57117,0.58139,-1.227204,0,0,0,0,0,0,0,0,0,0,0,0.0116278,923.9182100996,0.011560716653944,934.661346262996
35702,8994,257.1333,22842.1,8.57355,0.581754,-1.222626,0,0,0,0,0,0,0,0,0,0,0,0.01163508,924.103094639222,0.0115679129506506,934.855108073597
35703,8994,257.2,22848.53,8.575809,0.582159,-1.227643,0,0,0,0,0,0,0,0,0,0,0,0.01164318,924.363227591031,0.0115759197583748,935.125755035255
35704,8994,257.2667,22854.64,8.57799,0.582533,-1.225752,0,0,0,0,0,0,0,0,0,0,0,0.01165066,924.610414579454,0.0115833136423989,935.382736152178
35705,8994,257.3333,22860.32,8.58025,0.582953,-1.219875,0,0,0,0,0,0,0,0,0,0,0,0.01165906,924.840205429575,0.0115916168694502,935.622972875091
35706,8994,257.4,22866.59,8.58249,0.583337,-1.22823,0,0,0,0,0,0,0,0,0,0,0,0.01166674,925.093865399691,0.0115992083309933,935.886695002904
35707,8994,257.4667,22872.44,8.58469,0.583716,-1.229626,0,0,0,0,0,0,0,0,0,0,0,0.01167432,925.330533792862,0.011606700888872,936.13313855013
35708,8994,257.5333,22877.61,8.58687,0.58408,-1.226426,0,0,0,0,0,0,0,0,0,0,0,0.0116816,925.539692013834,0.0116138968546712,936.351476480063
35709,8994,257.6,22883.65,8.589089,0.584477,-1.226034,0,0,0,0,0,0,0,0,0,0,0,0.01168954,925.784047072766,0.0116217451429493,936.606036722385
35710,8994,257.6667,22888.56,8.59133,0.584846,-1.239478,0,0,0,0,0,0,0,0,0,0,0,0.01169692,925.982686698487,0.0116290398443281,936.813832106184
35711,8994,257.7333,22893.96,8.59353,0.585228,-1.236467,0,0,0,0,0,0,0,0,0,0,0,0.01170456,926.201149830644,0.0116365914845496,937.041926760906
35712,8994,257.8,22900.09,8.59579,0.585625,-1.240044,0,0,0,0,0,0,0,0,0,0,0,0.0117125,926.449145941779,0.0116444395947162,937.300181563622
35713,8994,257.8667,22905.78,8.59809,0.586047,-1.230781,0,0,0,0,0,0,0,0,0,0,0,0.01172094,926.679341353255,0.0116527818508371,937.540894312496
35714,8994,257.9333,22911.29,8.60023,0.586418,-1.223766,0,0,0,0,0,0,0,0,0,0,0,0.01172836,926.902254660327,0.0116601158621217,937.773297987795
35715,8994,258,22917.45,8.602469,0.586821,-1.221685,0,0,0,0,0,0,0,0,0,0,0,0.01173642,927.151464455529,0.0116680823956436,938.032903445994
35716,8994,258.0667,22922.63,8.60475,0.587217,-1.215383,0,0,0,0,0,0,0,0,0,0,0,0.01174434,927.361027237858,0.0116759104908313,938.252270444488
35717,8994,258.1333,22928.13,8.60681,0.587581,-1.215523,0,0,0,0,0,0,0,0,0,0,0,0.01175162,927.583535983573,0.0116831059586198,938.484145216709
35718,8994,258.2,22933.56,8.60907,0.587989,-1.220097,0,0,0,0,0,0,0,0,0,0,0,0.01175978,927.803212799798,0.0116911711466884,938.713974465617
35719,8994,258.2667,22938.72,8.61141,0.588352,-1.21888,0,0,0,0,0,0,0,0,0,0,0,0.01176704,928.011966459415,0.0116983467372745,938.931920389222
35720,8994,258.3333,22944.19,8.61349,0.588754,-1.215934,0,0,0,0,0,0,0,0,0,0,0,0.01177508,928.233261521064,0.0117062931989968,939.163282434135
35721,8994,258.4,22950.21,8.615749,0.589177,-1.221426,0,0,0,0,0,0,0,0,0,0,0,0.01178354,928.476807457283,0.0117146547062111,939.417551057029
35722,8994,258.4667,22955.29,8.61817,0.589543,-1.218113,0,0,0,0,0,0,0,0,0,0,0,0.01179086,928.682324626054,0.0117218894290859,939.632287900194
35723,8994,258.5333,22961.81,8.62019,0.589933,-1.206915,0,0,0,0,0,0,0,0,0,0,0,0.01179866,928.946098630066,0.011729598502416,939.906417806129
35724,8994,258.6,22967.41,8.62243,0.59034,-1.198393,0,0,0,0,0,0,0,0,0,0,0,0.0118068,929.17265298934,0.0117376435489046,940.143208668655
35725,8994,258.6667,22972.36,8.624849,0.590709,-1.201942,0,0,0,0,0,0,0,0,0,0,0,0.01181418,929.372910860485,0.0117449374048914,940.352689716514
35726,8994,258.7333,22978.25,8.62687,0.591103,-1.199914,0,0,0,0,0,0,0,0,0,0,0,0.01182206,929.611197499078,0.0117527253658346,940.601116852584
35727,8994,258.8,22984.07,8.62899,0.591528,-1.202897,0,0,0,0,0,0,0,0,0,0,0,0.01183056,929.846652208181,0.0117611260171281,940.847258817929
35728,8994,258.8667,22988.03,8.63147,0.591894,-1.202298,0,0,0,0,0,0,0,0,0,0,0,0.01183788,930.006858505097,0.0117683604038047,941.016168095257
35729,8994,258.9333,22994.02,8.63355,0.592309,-1.195391,0,0,0,0,0,0,0,0,0,0,0,0.01184618,930.249190757249,0.0117765632652731,941.269090115814
35730,8994,259,23000.04,8.63567,0.592732,-1.196203,0,0,0,0,0,0,0,0,0,0,0,0.01185464,930.492736693469,0.011784924184947,941.523393109585
35731,8994,259.0667,23004.93,8.638189,0.593108,-1.194466,0,0,0,0,0,0,0,0,0,0,0,0.01186216,930.690567196478,0.0117923560548608,941.730567615054
35732,8994,259.1333,23010.96,8.640309,0.593505,-1.203625,0,0,0,0,0,0,0,0,0,0,0,0.0118701,930.934517694054,0.0118002029426702,941.984803512534
35733,8994,259.2,23017.67,8.64239,0.593917,-1.21952,0,0,0,0,0,0,0,0,0,0,0,0.01187834,931.205978363827,0.0118083462472797,942.267159584865
35734,8994,259.2667,23022.29,8.64487,0.594317,-1.218063,0,0,0,0,0,0,0,0,0,0,0,0.01188634,931.392885710229,0.011816252304816,942.463738223361
35735,8994,259.3333,23028.22,8.64697,0.594711,-1.213503,0,0,0,0,0,0,0,0,0,0,0,0.01189422,931.632790594246,0.0118240397103834,942.713835964788
35736,8994,259.4,23033.86,8.64895,0.595093,-1.217984,0,0,0,0,0,0,0,0,0,0,0,0.01190186,931.860963198944,0.011831589878185,942.951841922403
35737,8994,259.4667,23038.25,8.65145,0.59547,-1.218335,0,0,0,0,0,0,0,0,0,0,0,0.0119094,932.03856563416,0.0118390411659102,943.138585727724
35738,8994,259.5333,23043.87,8.65361,0.595902,-1.217972,0,0,0,0,0,0,0,0,0,0,0,0.01191804,932.265929116146,0.0118475794432647,943.37671174999
35739,8994,259.6,23050.61,8.65567,0.59635,-1.206412,0,0,0,0,0,0,0,0,0,0,0,0.011927,932.538603469987,0.011856433876112,943.660991393574
35740,8994,259.6667,23055.31,8.65821,0.59675,-1.203553,0,0,0,0,0,0,0,0,0,0,0,0.011935,932.728747307235,0.0118643395534754,943.860864906347
35741,8994,259.7333,23061.77,8.66039,0.597164,-1.206073,0,0,0,0,0,0,0,0,0,0,0,0.01194328,932.990093943112,0.0118725218637279,944.133055872301
35742,8994,259.8,23068.13,8.66239,0.597582,-1.197679,0,0,0,0,0,0,0,0,0,0,0,0.01195164,933.247394965431,0.0118807831621948,944.401231860996
35743,8994,259.8667,23072.84,8.66483,0.598007,-1.200377,0,0,0,0,0,0,0,0,0,0,0,0.01196014,933.437943364035,0.011889182737793,944.601991847981
35744,8994,259.9333,23078.44,8.667009,0.598409,-1.210701,0,0,0,0,0,0,0,0,0,0,0,0.01196818,933.664497723309,0.0118971276831951,944.838762491671
35745,8994,260,23084.51,8.66899,0.598811,-1.208025,0,0,0,0,0,0,0,0,0,0,0,0.01197622,933.910066466308,0.0119050725654755,945.094778882524
35746,8994,260.0667,23088.59,8.67143,0.599182,-1.206663,0,0,0,0,0,0,0,0,0,0,0,0.01198364,934.075127499494,0.0119124047266973,945.268747560402
35747,8994,260.1333,23094.22,8.67369,0.599605,-1.201342,0,0,0,0,0,0,0,0,0,0,0,0.0119921,934.302895542836,0.0119207645106937,945.507149296475
35748,8994,260.2,23100.3,8.67577,0.600032,-1.19246,0,0,0,0,0,0,0,0,0,0,0,0.01200064,934.548868847191,0.0119292032761409,945.764053384633
35749,8994,260.2667,23105.59,8.67811,0.600434,-1.200387,0,0,0,0,0,0,0,0,0,0,0,0.01200868,934.762881804434,0.0119371479035898,945.988150127901
35750,8994,260.3333,23111.15,8.680389,0.600841,-1.199582,0,0,0,0,0,0,0,0,0,0,0,0.01201682,934.987817918285,0.0119451912805135,946.223398228402
35751,8994,260.4,23117,8.682489,0.601274,-1.20193,0,0,0,0,0,0,0,0,0,0,0,0.01202548,935.224486311455,0.0119537484139292,946.471009667104
35752,8994,260.4667,23122,8.68471,0.601696,-1.202347,0,0,0,0,0,0,0,0,0,0,0,0.01203392,935.426766989379,0.0119620880901265,946.683617869188
35753,8994,260.5333,23127.56,8.68697,0.602126,-1.199726,0,0,0,0,0,0,0,0,0,0,0,0.01204252,935.65170310323,0.0119705857929111,946.919307450885
35754,8994,260.6,23132.61,8.68909,0.602538,-1.202686,0,0,0,0,0,0,0,0,0,0,0,0.01205076,935.856006587932,0.011978727710165,947.133782717882
35755,8994,260.6667,23137.85,8.69135,0.602925,-1.208519,0,0,0,0,0,0,0,0,0,0,0,0.0120585,936.067996738396,0.0119863755186633,947.355572677066
35756,8994,260.7333,23143.58,8.693669,0.603363,-1.202118,0,0,0,0,0,0,0,0,0,0,0,0.01206726,936.299810395297,0.0119950311073359,947.598383645287
35757,8994,260.8,23149.07,8.695869,0.60378,-1.197112,0,0,0,0,0,0,0,0,0,0,0,0.0120756,936.521914579656,0.0120032716324142,947.830978611355
35758,8994,260.8667,23154.37,8.69807,0.604213,-1.194158,0,0,0,0,0,0,0,0,0,0,0,0.01208426,936.736332098255,0.0120118282688452,948.056097486777
35759,8994,260.9333,23160.22,8.70037,0.604648,-1.195905,0,0,0,0,0,0,0,0,0,0,0,0.01209296,936.973000491426,0.0120204243541227,948.303777507449
35760,8994,261,23165.05,8.70257,0.605047,-1.197919,0,0,0,0,0,0,0,0,0,0,0,0.01210094,937.1684036263,0.0120283089742673,948.509022248478
35761,8994,261.0667,23170.21,8.70469,0.60547,-1.195671,0,0,0,0,0,0,0,0,0,0,0,0.0121094,937.377157285917,0.0120366677893891,948.728232234355
35762,8994,261.1333,23175.39,8.70699,0.605872,-1.191432,0,0,0,0,0,0,0,0,0,0,0,0.01211744,937.586720068246,0.0120446115631216,948.947870893469
35763,8994,261.2,23180.07,8.709209,0.606292,-1.1906,0,0,0,0,0,0,0,0,0,0,0,0.01212584,937.776054782782,0.0120529109608106,949.147377178909
35764,8994,261.2667,23185.09,8.711349,0.606689,-1.198703,0,0,0,0,0,0,0,0,0,0,0,0.01213378,937.979144583417,0.0120607558043492,949.360377168381
35765,8994,261.3333,23190.72,8.71363,0.607121,-1.195504,0,0,0,0,0,0,0,0,0,0,0,0.01214242,938.206912626759,0.0120692921888603,949.599015006777
35766,8994,261.4,23195.59,8.71597,0.607572,-1.186738,0,0,0,0,0,0,0,0,0,0,0,0.01215144,938.403934007057,0.0120782039384618,949.806893106907
35767,8994,261.4667,23201.38,8.71805,0.60802,-1.188393,0,0,0,0,0,0,0,0,0,0,0,0.0121604,938.638175032092,0.0120870563295045,950.052390695752
35768,8994,261.5333,23207.07,8.72027,0.608462,-1.190339,0,0,0,0,0,0,0,0,0,0,0,0.01216924,938.868370443569,0.0120957900849418,950.293684971906
35769,8994,261.6,23211.7,8.72265,0.608859,-1.188906,0,0,0,0,0,0,0,0,0,0,0,0.01217718,939.055682351326,0.0121036345921086,950.490732425341
35770,8994,261.6667,23217.29,8.72473,0.609287,-1.188102,0,0,0,0,0,0,0,0,0,0,0,0.01218574,939.281832149245,0.0121120915737255,950.727676342539
35771,8994,261.7333,23223.21,8.72686,0.609717,-1.192619,0,0,0,0,0,0,0,0,0,0,0,0.01219434,939.521332471906,0.0121205880019259,950.978175037321
35772,8994,261.8,23227.4,8.72925,0.610096,-1.193107,0,0,0,0,0,0,0,0,0,0,0,0.01220192,939.690843680006,0.01212807665437,951.156876179322
35773,8994,261.8667,23232.53,8.73139,0.610523,-1.188464,0,0,0,0,0,0,0,0,0,0,0,0.01221046,939.898383655555,0.0121365136705474,951.374975273246
35774,8994,261.9333,23238.72,8.73356,0.610964,-1.183009,0,0,0,0,0,0,0,0,0,0,0,0.01221928,940.148807134825,0.0121452272354846,951.636748650871
35775,8994,262,23243.59,8.73599,0.611391,-1.180249,0,0,0,0,0,0,0,0,0,0,0,0.01222782,940.345828515122,0.0121536641069644,951.844208043956
35776,8994,262.0667,23248.99,8.73813,0.611854,-1.182039,0,0,0,0,0,0,0,0,0,0,0,0.01223708,940.56429164728,0.0121628122033329,952.074052129311
35777,8994,262.1333,23255.13,8.74027,0.612335,-1.174375,0,0,0,0,0,0,0,0,0,0,0,0.0122467,940.81269231977,0.012172315860606,952.334543118802
35778,8994,262.2,23259.76,8.74271,0.612786,-1.175103,0,0,0,0,0,0,0,0,0,0,0,0.01225572,941.000004227527,0.0121812266921377,952.532636799338
35779,8994,262.2667,23264.95,8.74477,0.613249,-1.187448,0,0,0,0,0,0,0,0,0,0,0,0.01226498,941.209971571211,0.0121903745363659,952.753893048333
35780,8994,262.3333,23270.48,8.74686,0.613676,-1.198093,0,0,0,0,0,0,0,0,0,0,0,0.01227352,941.433694000995,0.0121988110269537,952.98839927299
35781,8994,262.4,23274.54,8.74929,0.614053,-1.192784,0,0,0,0,0,0,0,0,0,0,0,0.01228106,941.597945911469,0.0122062595789212,953.161766781084
35782,8994,262.4667,23279.62,8.75142,0.614483,-1.191667,0,0,0,0,0,0,0,0,0,0,0,0.01228966,941.803463080239,0.012214755207071,953.377907428317
35783,8994,262.5333,23285.48,8.75354,0.614938,-1.190897,0,0,0,0,0,0,0,0,0,0,0,0.01229876,942.040536034765,0.0122237446884985,953.626466497728
35784,8994,262.6,23290.04,8.75603,0.615381,-1.179533,0,0,0,0,0,0,0,0,0,0,0,0.01230762,942.225016013031,0.0122324970070605,953.821563464614
35785,8994,262.6667,23295.67,8.75817,0.615824,-1.181271,0,0,0,0,0,0,0,0,0,0,0,0.01231648,942.452784056373,0.0122412492490198,954.060484922148
35786,8994,262.7333,23301.71,8.76026,0.616267,-1.18166,0,0,0,0,0,0,0,0,0,0,0,0.01232534,942.697139115305,0.0122500014143783,954.316201871928
35787,8994,262.8,23306.07,8.76267,0.616676,-1.191716,0,0,0,0,0,0,0,0,0,0,0,0.01233352,942.873527866454,0.0122580817879777,954.502477379866
35788,8994,262.8667,23311.16,8.76479,0.617129,-1.192544,0,0,0,0,0,0,0,0,0,0,0,0.01234258,943.07944959658,0.0122670313676167,954.719483149582
35789,8994,262.9333,23316.57,8.76682,0.617587,-1.192335,0,0,0,0,0,0,0,0,0,0,0,0.01235174,943.298317290093,0.0122760796470626,954.949692847698
35790,8994,263,23320.56,8.76927,0.617997,-1.199589,0,0,0,0,0,0,0,0,0,0,0,0.01235994,943.459737271076,0.0122841795657633,955.120843016163
35791,8994,263.0667,23325.53,8.77149,0.618447,-1.191417,0,0,0,0,0,0,0,0,0,0,0,0.01236894,943.660804264932,0.012293069644913,955.332888133237
35792,8994,263.1333,23331.52,8.7736,0.618921,-1.193924,0,0,0,0,0,0,0,0,0,0,0,0.01237842,943.903136517085,0.0123024337761498,955.587165980211
35793,8994,263.2,23336.49,8.77599,0.619376,-1.199889,0,0,0,0,0,0,0,0,0,0,0,0.01238752,944.104203510941,0.0123114224694306,955.799313214017
35794,8994,263.2667,23341.86,8.77821,0.619837,-1.184431,0,0,0,0,0,0,0,0,0,0,0,0.01239674,944.32145295903,0.0123205296125294,956.027960487786
35795,8994,263.3333,23347.26,8.78032,0.6203,-1.174266,0,0,0,0,0,0,0,0,0,0,0,0.012406,944.539916091188,0.0123296761825305,956.257878290215
35796,8994,263.4,23351.77,8.78263,0.620727,-1.183505,0,0,0,0,0,0,0,0,0,0,0,0.01241454,944.722373262675,0.0123381114979883,956.450666954439
35797,8994,263.4667,23356.72,8.78482,0.621178,-1.193412,0,0,0,0,0,0,0,0,0,0,0,0.01242356,944.922631133819,0.012347020852272,956.661934137068
35798,8994,263.5333,23361.25,8.7869,0.62162,-1.195819,0,0,0,0,0,0,0,0,0,0,0,0.0124324,945.105897428018,0.0123557523375477,956.855831987202
35799,8994,263.6,23365.63,8.78928,0.622048,-1.189044,0,0,0,0,0,0,0,0,0,0,0,0.01244096,945.283095301879,0.0123642071872871,957.043324479205
35800,8994,263.6667,23371,8.79152,0.622491,-1.198962,0,0,0,0,0,0,0,0,0,0,0,0.01244982,945.500344749968,0.0123729582765682,957.271653852044
35801,8994,263.7333,23376.16,8.79364,0.622951,-1.203861,0,0,0,0,0,0,0,0,0,0,0,0.01245902,945.709098409586,0.0123820451053857,957.491706980853
35802,8994,263.8,23380.97,8.795959,0.623399,-1.199367,0,0,0,0,0,0,0,0,0,0,0,0.01246798,945.903692421748,0.0123908948071281,957.697200740789
35803,8994,263.8667,23386.4,8.79822,0.623877,-1.19566,0,0,0,0,0,0,0,0,0,0,0,0.01247754,946.123369237973,0.0124003370364676,957.928661422574
35804,8994,263.9333,23391.4,8.80034,0.624325,-1.204604,0,0,0,0,0,0,0,0,0,0,0,0.0124865,946.325649915896,0.0124091865763342,958.141945143571
35805,8994,264,23396.17,8.8026,0.624783,-1.207477,0,0,0,0,0,0,0,0,0,0,0,0.01249566,946.518625682635,0.0124182335696173,958.346000612833
35806,8994,264.0667,23401.44,8.80484,0.625231,-1.207023,0,0,0,0,0,0,0,0,0,0,0,0.01250462,946.731829517167,0.0124270829511099,958.570351287184
35807,8994,264.1333,23405.96,8.80698,0.625674,-1.206378,0,0,0,0,0,0,0,0,0,0,0,0.01251348,946.914691250009,0.0124358334901791,958.763889300673
35808,8994,264.2,23410.45,8.809219,0.626145,-1.198394,0,0,0,0,0,0,0,0,0,0,0,0.0125229,947.096339298785,0.0124451370267409,958.95673204619
35809,8994,264.2667,23415.6,8.81148,0.626621,-1.197294,0,0,0,0,0,0,0,0,0,0,0,0.01253242,947.304688397046,0.0124545392390223,959.176708620007
35810,8994,264.3333,23420.04,8.81376,0.627073,-1.205627,0,0,0,0,0,0,0,0,0,0,0,0.01254146,947.484313639042,0.0124634673083528,959.367150259174
35811,8994,264.4,23425.04,8.81594,0.627542,-1.209592,0,0,0,0,0,0,0,0,0,0,0,0.01255084,947.686594316966,0.0124727310836386,959.580857132383
35812,8994,264.4667,23430.58,8.81818,0.628023,-1.202638,0,0,0,0,0,0,0,0,0,0,0,0.01256046,947.910721308105,0.0124822317960192,959.816916006666
35813,8994,264.5333,23434.69,8.820479,0.628473,-1.193031,0,0,0,0,0,0,0,0,0,0,0,0.01256946,948.076996025358,0.0124911201146511,959.993811903819
35814,8994,264.6,23439.48,8.822619,0.628928,-1.188584,0,0,0,0,0,0,0,0,0,0,0,0.01257856,948.270780914809,0.0125001071120559,960.198661828792
35815,8994,264.6667,23444.94,8.82478,0.629399,-1.189341,0,0,0,0,0,0,0,0,0,0,0,0.01258798,948.491671415101,0.0125094100506677,960.431265605041
35816,8994,264.7333,23448.61,8.82706,0.629878,-1.197199,0,0,0,0,0,0,0,0,0,0,0,0.01259756,948.640145432697,0.0125188709122142,960.590696583194
35817,8994,264.8,23453.07,8.82928,0.63031,-1.199235,0,0,0,0,0,0,0,0,0,0,0,0.0126062,948.820579797405,0.0125274033869912,960.781601790447
35818,8994,264.8667,23459.1,8.83142,0.630794,-1.204192,0,0,0,0,0,0,0,0,0,0,0,0.01261588,949.06453029498,0.0125369628324423,961.037814521438
35819,8994,264.9333,23463.41,8.833779,0.631272,-1.19799,0,0,0,0,0,0,0,0,0,0,0,0.01262544,949.23889623935,0.0125464036826815,961.223454969487
35820,8994,265,23468.07,8.835979,0.631722,-1.1924,0,0,0,0,0,0,0,0,0,0,0,0.01263444,949.427421831175,0.012555291430954,961.422905626656
35821,8994,265.0667,23474.28,8.83816,0.632206,-1.196411,0,0,0,0,0,0,0,0,0,0,0,0.01264412,949.678654433156,0.0125648506098159,961.686505301247
35822,8994,265.1333,23478.74,8.84052,0.632664,-1.198769,0,0,0,0,0,0,0,0,0,0,0,0.01265328,949.859088797864,0.0125738961949237,961.877921808968
35823,8994,265.2,23483.1,8.84264,0.63315,-1.194118,0,0,0,0,0,0,0,0,0,0,0,0.012663,950.035477549013,0.0125834946957564,962.065776801216
35824,8994,265.2667,23488.42,8.84472,0.633651,-1.20179,0,0,0,0,0,0,0,0,0,0,0,0.01267302,950.250704190324,0.0125933893501753,962.293250369542
35825,8994,265.3333,23491.9,8.847099,0.634102,-1.201946,0,0,0,0,0,0,0,0,0,0,0,0.01268204,950.391491542159,0.0126022964303987,962.444394453556
35826,8994,265.4,23495.79,8.849299,0.634544,-1.193336,0,0,0,0,0,0,0,0,0,0,0,0.01269088,950.548865909583,0.0126110256870336,962.612167500978
35827,8994,265.4667,23501.71,8.851419,0.635066,-1.19532,0,0,0,0,0,0,0,0,0,0,0,0.01270132,950.788366232244,0.0126213348014855,962.864633524037
35828,8994,265.5333,23505.93,8.85388,0.635516,-1.20229,0,0,0,0,0,0,0,0,0,0,0,0.01271032,950.959091124412,0.0126302218838173,963.046085479512
35829,8994,265.6,23510.59,8.85606,0.63601,-1.205968,0,0,0,0,0,0,0,0,0,0,0,0.0127202,951.147616716236,0.0126399778343695,963.24640463039
35830,8994,265.6667,23516.76,8.85814,0.636544,-1.201607,0,0,0,0,0,0,0,0,0,0,0,0.01273088,951.397231072794,0.0126505236333823,963.509355053914
35831,8994,265.7333,23520.85,8.860539,0.637018,-1.196436,0,0,0,0,0,0,0,0,0,0,0,0.01274036,951.562696667335,0.0126598844179869,963.685947985448
35832,8994,265.8,23524.91,8.862679,0.637483,-1.200925,0,0,0,0,0,0,0,0,0,0,0,0.01274966,951.726948577809,0.0126690673810312,963.861143585014
35833,8994,265.8667,23530.3,8.864719,0.637985,-1.203996,0,0,0,0,0,0,0,0,0,0,0,0.0127597,951.945007148611,0.0126789809367996,964.091539856325
35834,8994,265.9333,23533.97,8.8671,0.63845,-1.20043,0,0,0,0,0,0,0,0,0,0,0,0.012769,952.093481166207,0.0126881637244838,964.250762827218
35835,8994,266,23537.85,8.86934,0.638926,-1.202764,0,0,0,0,0,0,0,0,0,0,0,0.01277852,952.250450972275,0.0126975636520648,964.418802405033
35836,8994,266.0667,23543.69,8.87146,0.639425,-1.195193,0,0,0,0,0,0,0,0,0,0,0,0.0127885,952.48671480409,0.0127074176829626,964.667591156362
35837,8994,266.1333,23548.47,8.873859,0.639916,-1.18784,0,0,0,0,0,0,0,0,0,0,0,0.01279832,952.680095132185,0.0127171136386263,964.872799847317
35838,8994,266.2,23553.05,8.87606,0.640397,-1.184756,0,0,0,0,0,0,0,0,0,0,0,0.01280794,952.865384233163,0.0127266120294935,965.069626902498
35839,8994,266.2667,23558.33,8.87816,0.640903,-1.191051,0,0,0,0,0,0,0,0,0,0,0,0.01281806,953.07899262905,0.0127366040023454,965.295616341309
35840,8994,266.3333,23562.73,8.8805,0.641402,-1.188484,0,0,0,0,0,0,0,0,0,0,0,0.01282804,953.256999625623,0.0127464576485476,965.4854185471
35841,8994,266.4,23567.08,8.88266,0.641903,-1.185016,0,0,0,0,0,0,0,0,0,0,0,0.01283806,953.432983815416,0.0127563506906437,965.673213667617
35842,8994,266.4667,23571.47,8.88476,0.642394,-1.191594,0,0,0,0,0,0,0,0,0,0,0,0.01284788,953.610586250633,0.0127660461718693,965.862460629511
35843,8994,266.5333,23575.38,8.887139,0.642868,-1.1975,0,0,0,0,0,0,0,0,0,0,0,0.01285736,953.768769740769,0.0127754058751596,966.031718170083
35844,8994,266.6,23579.85,8.889339,0.643356,-1.200038,0,0,0,0,0,0,0,0,0,0,0,0.01286712,953.949608666833,0.01278504193386,966.224192755502
35845,8994,266.6667,23584.59,8.891479,0.643858,-1.200123,0,0,0,0,0,0,0,0,0,0,0,0.01287716,954.141370749504,0.0127949543399808,966.428001843265
35846,8994,266.7333,23589.14,8.89386,0.644339,-1.185454,0,0,0,0,0,0,0,0,0,0,0,0.01288678,954.325446166414,0.0128044519915188,966.623628239563
35847,8994,266.8,23593.91,8.89606,0.644837,-1.180357,0,0,0,0,0,0,0,0,0,0,0,0.01289674,954.518421933153,0.0128142852238475,966.828597846036
35848,8994,266.8667,23598.43,8.89818,0.645361,-1.186284,0,0,0,0,0,0,0,0,0,0,0,0.01290722,954.701283665996,0.0128246317333885,967.023823168556
35849,8994,266.9333,23602.74,8.900479,0.645855,-1.195321,0,0,0,0,0,0,0,0,0,0,0,0.0129171,954.875649610366,0.0128343857874814,967.209873863948
35850,8994,267,23607.19,8.902659,0.646359,-1.200482,0,0,0,0,0,0,0,0,0,0,0,0.01292718,955.055679413718,0.0128443371940131,967.401856091521
35851,8994,267.0667,23611.21,8.904799,0.646853,-1.198918,0,0,0,0,0,0,0,0,0,0,0,0.01293706,955.218313078769,0.0128540910559009,967.576029708168
35852,8994,267.1333,23615.41,8.90714,0.647344,-1.195051,0,0,0,0,0,0,0,0,0,0,0,0.01294688,955.388228848224,0.0128637855895376,967.757525600535
35853,8994,267.2,23620.35,8.90934,0.64786,-1.186157,0,0,0,0,0,0,0,0,0,0,0,0.0129572,955.588082158013,0.0128739736335835,967.969828056151
35854,8994,267.2667,23624.64,8.91154,0.648367,-1.192825,0,0,0,0,0,0,0,0,0,0,0,0.01296734,955.761638979671,0.0128839838780916,968.155325111278
35855,8994,267.3333,23628.99,8.913839,0.648865,-1.194195,0,0,0,0,0,0,0,0,0,0,0,0.0129773,955.937623169465,0.0128938163283998,968.343112486622
35856,8994,267.4,23634.15,8.916019,0.649407,-1.184619,0,0,0,0,0,0,0,0,0,0,0,0.01298814,956.146376829082,0.0129045173993916,968.564939831831
35857,8994,267.4667,23638.01,8.91822,0.649926,-1.180518,0,0,0,0,0,0,0,0,0,0,0,0.01299852,956.302537512439,0.0129147642585689,968.733055172345
35858,8994,267.5333,23641.96,8.92052,0.65041,-1.179479,0,0,0,0,0,0,0,0,0,0,0,0.0130082,956.462339247998,0.0129243200017997,968.904192649404
35859,8994,267.6,23647.13,8.92264,0.650919,-1.171618,0,0,0,0,0,0,0,0,0,0,0,0.01301838,956.671497468971,0.0129343692283011,969.125810558191
35860,8994,267.6667,23650.63,8.92482,0.651395,-1.176577,0,0,0,0,0,0,0,0,0,0,0,0.0130279,956.813093943518,0.012943766841864,969.278359250104
35861,8994,267.7333,23654.09,8.92714,0.651952,-1.179506,0,0,0,0,0,0,0,0,0,0,0,0.01303904,956.953072172641,0.0129547635170282,969.430821558822
35862,8994,267.8,23659.28,8.929319,0.652463,-1.179016,0,0,0,0,0,0,0,0,0,0,0,0.01304926,957.163039516325,0.012964851922356,969.653308881364
35863,8994,267.8667,23663.36,8.93154,0.652947,-1.171627,0,0,0,0,0,0,0,0,0,0,0,0.01305894,957.328100549511,0.0129744071869762,969.829790774901
35864,8994,267.9333,23667.13,8.93384,0.653443,-1.170487,0,0,0,0,0,0,0,0,0,0,0,0.01306886,957.480620180665,0.0129841992642578,969.993800358519
35865,8994,268,23672.42,8.93606,0.654005,-1.180439,0,0,0,0,0,0,0,0,0,0,0,0.0130801,957.694633137908,0.0129952942036942,970.221374708815
35866,8994,268.0667,23676.7,8.93828,0.654517,-1.189249,0,0,0,0,0,0,0,0,0,0,0,0.01309034,957.867785398211,0.0130054019417185,970.40660038412
35867,8994,268.1333,23680.5,8.94048,0.655028,-1.186347,0,0,0,0,0,0,0,0,0,0,0,0.01310056,958.021518713432,0.0130154898362009,970.572137100629
35868,8994,268.2,23685.32,8.942659,0.65557,-1.180401,0,0,0,0,0,0,0,0,0,0,0,0.0131114,958.216517286951,0.013026189605242,970.780077331707
35869,8994,268.2667,23688.85,8.94488,0.656059,-1.179278,0,0,0,0,0,0,0,0,0,0,0,0.01312118,958.359327445565,0.0130358429886654,970.934132685657
35870,8994,268.3333,23692.29,8.94712,0.65657,-1.180952,0,0,0,0,0,0,0,0,0,0,0,0.0131314,958.498496551976,0.0130459305760679,971.084923709599
35871,8994,268.4,23697.34,8.94932,0.65712,-1.180254,0,0,0,0,0,0,0,0,0,0,0,0.0131424,958.702800036679,0.0130567879439124,971.302455715881
35872,8994,268.4667,23701.3,8.95164,0.657662,-1.174145,0,0,0,0,0,0,0,0,0,0,0,0.01315324,958.863006333594,0.0130674872710848,971.475161583021
35873,8994,268.5333,23705.29,8.953859,0.658186,-1.176646,0,0,0,0,0,0,0,0,0,0,0,0.01316372,959.024426314577,0.0130778311612135,971.648755335743
35874,8994,268.6,23710.45,8.956039,0.658754,-1.171934,0,0,0,0,0,0,0,0,0,0,0,0.01317508,959.233179974194,0.0130890435014203,971.871153859008
35875,8994,268.6667,23714.05,8.95832,0.659258,-1.163072,0,0,0,0,0,0,0,0,0,0,0,0.01318516,959.378822062299,0.0130989923740849,972.028385331802
35876,8994,268.7333,23717.53,8.9605,0.659761,-1.169679,0,0,0,0,0,0,0,0,0,0,0,0.01319522,959.519609414134,0.0131089214082381,972.180681754667
35877,8994,268.8,23722.24,8.96261,0.660288,-1.176853,0,0,0,0,0,0,0,0,0,0,0,0.01320576,959.710157812738,0.0131193240877709,972.383859826375
35878,8994,268.8667,23725.62,8.96488,0.660825,-1.178452,0,0,0,0,0,0,0,0,0,0,0,0.0132165,959.846899551014,0.0131299240502882,972.53271609893
35879,8994,268.9333,23728.79,8.96714,0.661352,-1.185783,0,0,0,0,0,0,0,0,0,0,0,0.01322704,959.975145500817,0.013140326511341,972.672775149363
35880,8994,269,23733.9,8.96933,0.661909,-1.178078,0,0,0,0,0,0,0,0,0,0,0,0.01323818,960.181876353655,0.0131513210252267,972.892936865563
35881,8994,269.0667,23738.27,8.9717,0.662415,-1.166334,0,0,0,0,0,0,0,0,0,0,0,0.0132483,960.35866966616,0.0131613087553201,973.081789429499
35882,8994,269.1333,23742.37,8.97384,0.662952,-1.166905,0,0,0,0,0,0,0,0,0,0,0,0.01325904,960.524539822058,0.013171908272813,973.26017311654
35883,8994,269.2,23747.23,8.976029,0.66352,-1.169721,0,0,0,0,0,0,0,0,0,0,0,0.0132704,960.721156640999,0.0131831195582509,973.470310678088
35884,8994,269.2667,23751.23,8.97838,0.664077,-1.17429,0,0,0,0,0,0,0,0,0,0,0,0.01328154,960.882981183338,0.0131941136016606,973.644986933244
35885,8994,269.3333,23755.12,8.98047,0.664621,-1.17651,0,0,0,0,0,0,0,0,0,0,0,0.01329242,961.040355550762,0.0132048509349284,973.814907593693
35886,8994,269.4,23759.23,8.98261,0.665161,-1.175302,0,0,0,0,0,0,0,0,0,0,0,0.01330322,961.206630268016,0.0132155092031956,973.99377353593
35887,8994,269.4667,23762.51,8.985,0.665708,-1.164721,0,0,0,0,0,0,0,0,0,0,0,0.01331416,961.339326392733,0.0132263055183836,974.138751998618
35888,8994,269.5333,23766.46,8.98717,0.666214,-1.165507,0,0,0,0,0,0,0,0,0,0,0,0.01332428,961.499128128293,0.013236292499584,974.31041173123
35889,8994,269.6,23771.06,8.989329,0.666774,-1.172474,0,0,0,0,0,0,0,0,0,0,0,0.01333548,961.685226351983,0.0132473451688295,974.509760454295
35890,8994,269.6667,23774.88,8.99174,0.667321,-1.181829,0,0,0,0,0,0,0,0,0,0,0,0.01334642,961.839768789916,0.0132581411403137,974.676886316889
35891,8994,269.7333,23779.1,8.99387,0.667891,-1.182599,0,0,0,0,0,0,0,0,0,0,0,0.01335782,962.010493682084,0.0132693909317486,974.8608566948
35892,8994,269.8,23783.26,8.99601,0.668451,-1.178525,0,0,0,0,0,0,0,0,0,0,0,0.01336902,962.178791206116,0.0132804432351762,975.042178709326
35893,8994,269.8667,23786.68,8.99838,0.668993,-1.182033,0,0,0,0,0,0,0,0,0,0,0,0.01337986,962.317151189816,0.0132911401696676,975.192819948334
35894,8994,269.9333,23790.62,9.00049,0.669545,-1.184115,0,0,0,0,0,0,0,0,0,0,0,0.0133909,962.476548364019,0.013302034346965,975.364975575507
35895,8994,270,23794.41,9.002649,0.670095,-1.171316,0,0,0,0,0,0,0,0,0,0,0,0.0134019,962.629877117885,0.0133128889345677,975.530946468032
35896,8994,270.0667,23798.05,9.00503,0.670662,-1.170963,0,0,0,0,0,0,0,0,0,0,0,0.01341324,962.777137451414,0.0133240789042657,975.691098262562
35897,8994,270.1333,23802.26,9.00713,0.671235,-1.174375,0,0,0,0,0,0,0,0,0,0,0,0.0134247,962.947457782225,0.0133353871591331,975.874738518714
35898,8994,270.2,23806.16,9.00931,0.671772,-1.176907,0,0,0,0,0,0,0,0,0,0,0,0.01343544,963.105236711006,0.0133459848316495,976.044979332522
35899,8994,270.2667,23809.67,9.01172,0.672332,-1.185242,0,0,0,0,0,0,0,0,0,0,0,0.01344664,963.247237746908,0.0133570362885749,976.199676583885
35900,8994,270.3333,23814.47,9.01385,0.672932,-1.179589,0,0,0,0,0,0,0,0,0,0,0,0.01345864,963.441427197714,0.0133688769997503,976.408038527455
35901,8994,270.4,23818.39,9.016049,0.673492,-1.172519,0,0,0,0,0,0,0,0,0,0,0,0.01346984,963.600015249206,0.0133799282036882,976.579553278611
35902,8994,270.4667,23821.89,9.01844,0.674052,-1.183253,0,0,0,0,0,0,0,0,0,0,0,0.01348104,963.741611723753,0.0133909792854986,976.733850941065
35903,8994,270.5333,23826.68,9.02053,0.67465,-1.183361,0,0,0,0,0,0,0,0,0,0,0,0.013493,963.935396613203,0.0134027801273091,976.941776919705
35904,8994,270.6,23829.95,9.02263,0.675199,-1.185648,0,0,0,0,0,0,0,0,0,0,0,0.01350398,964.067688176566,0.0134136138879003,977.086438956348
35905,8994,270.6667,23832.44,9.02503,0.675736,-1.179046,0,0,0,0,0,0,0,0,0,0,0,0.01351472,964.168423954171,0.0134242107314323,977.198890236753
35906,8994,270.7333,23836.63,9.02721,0.676316,-1.175633,0,0,0,0,0,0,0,0,0,0,0,0.01352632,964.337935162271,0.0134356559856438,977.381878661415
35907,8994,270.8,23840.29,9.029349,0.676899,-1.182457,0,0,0,0,0,0,0,0,0,0,0,0.01353798,964.486004618511,0.0134471603074358,977.543196859317
35908,8994,270.8667,23843.28,9.03175,0.677434,-1.181907,0,0,0,0,0,0,0,0,0,0,0,0.01354868,964.606968463909,0.0134577173301929,977.676119605397
35909,8994,270.9333,23847.94,9.03395,0.678042,-1.180543,0,0,0,0,0,0,0,0,0,0,0,0.01356084,964.795494055734,0.013469714708608,977.878931383345
35910,8994,271,23851.54,9.03605,0.678629,-1.17853,0,0,0,0,0,0,0,0,0,0,0,0.01357258,964.941136143839,0.0134812975673229,978.037876909442
35911,8994,271.0667,23854.38,9.03839,0.679177,-1.179353,0,0,0,0,0,0,0,0,0,0,0,0.01358354,965.0560315689,0.0134921107453431,978.164908775957
35912,8994,271.1333,23858.7,9.04055,0.679759,-1.170797,0,0,0,0,0,0,0,0,0,0,0,0.01359518,965.230802074626,0.0135035946859403,978.353288570375
35913,8994,271.2,23861.88,9.04263,0.680322,-1.180469,0,0,0,0,0,0,0,0,0,0,0,0.01360644,965.359452585785,0.0135147035957685,978.494558055826
35914,8994,271.2667,23864.23,9.04501,0.680892,-1.189665,0,0,0,0,0,0,0,0,0,0,0,0.01361784,965.454524504409,0.0135259505013157,978.601929746386
35915,8994,271.3333,23868.64,9.04721,0.681487,-1.176164,0,0,0,0,0,0,0,0,0,0,0,0.01362974,965.632936062337,0.0135376905572592,978.794261916304
35916,8994,271.4,23872.49,9.04939,0.682057,-1.180273,0,0,0,0,0,0,0,0,0,0,0,0.01364114,965.788692184339,0.0135489372042786,978.963150944842
35917,8994,271.4667,23875.52,9.05175,0.682632,-1.188984,0,0,0,0,0,0,0,0,0,0,0,0.01365264,965.91127427516,0.0135602823779418,979.09851317478
35918,8994,271.5333,23880.32,9.053949,0.683263,-1.185742,0,0,0,0,0,0,0,0,0,0,0,0.01366526,966.105463725967,0.013572732324741,979.307546075203
35919,8994,271.6,23883.95,9.056089,0.683854,-1.189295,0,0,0,0,0,0,0,0,0,0,0,0.01367708,966.252319498139,0.0135843929108856,979.467829772101
35920,8994,271.6667,23886.35,9.05839,0.684403,-1.191637,0,0,0,0,0,0,0,0,0,0,0,0.01368806,966.349414223542,0.0135952247041167,979.576862986399
35921,8994,271.7333,23890.55,9.06055,0.685016,-1.188248,0,0,0,0,0,0,0,0,0,0,0,0.01370032,966.519329992998,0.0136073190814163,979.760954100088
35922,8994,271.8,23893.68,9.06267,0.685584,-1.185893,0,0,0,0,0,0,0,0,0,0,0,0.01371168,966.645957697378,0.0136185254864291,979.900297742618
35923,8994,271.8667,23895.9,9.06503,0.686141,-1.185114,0,0,0,0,0,0,0,0,0,0,0,0.01372282,966.735770318376,0.0136295147440353,980.002111282017
35924,8994,271.9333,23900.07,9.067269,0.686785,-1.18335,0,0,0,0,0,0,0,0,0,0,0,0.0137357,966.904472403764,0.0136422203060709,980.185582165361
35925,8994,272,23904.04,9.069469,0.687373,-1.178415,0,0,0,0,0,0,0,0,0,0,0,0.01374746,967.065083262036,0.0136538208956415,980.359771811577
35926,8994,272.0667,23906.89,9.07171,0.687943,-1.183371,0,0,0,0,0,0,0,0,0,0,0,0.01375886,967.180383248452,0.0136650662366672,980.487682736314
35927,8994,272.1333,23910.78,9.07393,0.688548,-1.182911,0,0,0,0,0,0,0,0,0,0,0,0.01377096,967.337757615877,0.0136770019427473,980.658927182494
35928,8994,272.2,23914.18,9.07619,0.689144,-1.171492,0,0,0,0,0,0,0,0,0,0,0,0.01378288,967.475308476865,0.0136887599535729,980.809904556564
35929,8994,272.2667,23917.21,9.07829,0.689742,-1.175731,0,0,0,0,0,0,0,0,0,0,0,0.01379484,967.597890567686,0.013700557281865,980.945748652405
35930,8994,272.3333,23920.66,9.08051,0.690355,-1.188518,0,0,0,0,0,0,0,0,0,0,0,0.0138071,967.737464235453,0.0137126503853072,981.099112177899
35931,8994,272.4,23923.57,9.082809,0.690943,-1.183143,0,0,0,0,0,0,0,0,0,0,0,0.01381886,967.855191590005,0.0137242501578808,981.22984698286
35932,8994,272.4667,23926.7,9.08497,0.691536,-1.189899,0,0,0,0,0,0,0,0,0,0,0,0.01383072,967.981819294385,0.0137359484317021,981.369704802136
35933,8994,272.5333,23930.78,9.08721,0.692174,-1.189463,0,0,0,0,0,0,0,0,0,0,0,0.01384348,968.14688032757,0.0137485342800599,981.549402302448
35934,8994,272.6,23933.96,9.08957,0.692798,-1.182843,0,0,0,0,0,0,0,0,0,0,0,0.01385596,968.27553083873,0.0137608437967011,981.69191786301
35935,8994,272.6667,23937.38,9.09169,0.693411,-1.185248,0,0,0,0,0,0,0,0,0,0,0,0.01386822,968.41389082243,0.0137729361711189,981.844067711411
35936,8994,272.7333,23941.04,9.09389,0.694019,-1.185328,0,0,0,0,0,0,0,0,0,0,0,0.01388038,968.56196027867,0.0137849297683529,982.005968340882
35937,8994,272.8,23943.9,9.09625,0.694638,-1.184796,0,0,0,0,0,0,0,0,0,0,0,0.01389276,968.677664826442,0.0137971402072388,982.135271141236
35938,8994,272.8667,23946.94,9.09833,0.695241,-1.182694,0,0,0,0,0,0,0,0,0,0,0,0.01390482,968.800651478619,0.0138090348856022,982.271650153312
35939,8994,272.9333,23950.21,9.10053,0.695841,-1.18519,0,0,0,0,0,0,0,0,0,0,0,0.01391682,968.932943041981,0.0138208702460337,982.417408402367
35940,8994,273,23952.75,9.10291,0.696444,-1.188144,0,0,0,0,0,0,0,0,0,0,0,0.01392888,969.035701626366,0.013832764642141,982.533283630036
35941,8994,273.0667,23955.72,9.10497,0.697085,-1.188755,0,0,0,0,0,0,0,0,0,0,0,0.0139417,969.155856349053,0.013845408447053,982.667536551514
35942,8994,273.1333,23958.94,9.10721,0.697694,-1.185363,0,0,0,0,0,0,0,0,0,0,0,0.01395388,969.286125105636,0.0138574208998838,982.811427381025
35943,8994,273.2,23961.73,9.10963,0.698292,-1.184186,0,0,0,0,0,0,0,0,0,0,0,0.01396584,969.398997723917,0.0138692162386067,982.937469022289
35944,8994,273.2667,23965.51,9.11167,0.698935,-1.173983,0,0,0,0,0,0,0,0,0,0,0,0.0139787,969.551921916427,0.0138818990312043,983.10499736732
35945,8994,273.3333,23968.67,9.11387,0.699574,-1.176218,0,0,0,0,0,0,0,0,0,0,0,0.01399148,969.679763304875,0.0138945027668275,983.24701831956
35946,8994,273.4,23971.27,9.11629,0.7002,-1.168486,0,0,0,0,0,0,0,0,0,0,0,0.014004,969.784949257395,0.0139068499343863,983.365817686795
35947,8994,273.4667,23974.95,9.11835,0.700846,-1.171425,0,0,0,0,0,0,0,0,0,0,0,0.01401692,969.933827836347,0.0139195914203077,983.529312706422
35948,8994,273.5333,23977.88,9.12045,0.70147,-1.179937,0,0,0,0,0,0,0,0,0,0,0,0.0140294,970.05236431361,0.0139318988315114,983.661616953511
35949,8994,273.6,23979.81,9.12289,0.70207,-1.18067,0,0,0,0,0,0,0,0,0,0,0,0.0140414,970.130444655288,0.0139437327379017,983.752434280871
35950,8994,273.6667,23983.09,9.12503,0.702709,-1.18704,0,0,0,0,0,0,0,0,0,0,0,0.01405418,970.263140780006,0.0139563356942182,983.899393607894
35951,8994,273.7333,23986.48,9.12715,0.703343,-1.191897,0,0,0,0,0,0,0,0,0,0,0,0.01406686,970.400287079638,0.0139688398788799,984.050772061947
35952,8994,273.8,23988.85,9.12961,0.703971,-1.178614,0,0,0,0,0,0,0,0,0,0,0,0.01407942,970.496168120974,0.0139812255732689,984.16019128034
35953,8994,273.8667,23992.42,9.13179,0.70463,-1.179204,0,0,0,0,0,0,0,0,0,0,0,0.0140926,970.640596525011,0.0139942224984509,984.3194461956
35954,8994,273.9333,23995.76,9.13389,0.705292,-1.180681,0,0,0,0,0,0,0,0,0,0,0,0.01410584,970.775720017864,0.014007278420139,984.469327000321
35955,8994,274,23998.09,9.13629,0.705943,-1.186036,0,0,0,0,0,0,0,0,0,0,0,0.01411886,970.869982813777,0.0140201172343001,984.577560179327
35956,8994,274.0667,24001.23,9.13841,0.706582,-1.180811,0,0,0,0,0,0,0,0,0,0,0,0.01413164,970.997015079512,0.014032719227989,984.718795337691
35957,8994,274.1333,24003.71,9.14046,0.707218,-1.175381,0,0,0,0,0,0,0,0,0,0,0,0.01414436,971.097346295762,0.0140452618996965,984.832896756814
35958,8994,274.2,24005.39,9.14289,0.707857,-1.182508,0,0,0,0,0,0,0,0,0,0,0,0.01415714,971.165312603545,0.0140578635765184,984.914235897217
35959,8994,274.2667,24008.62,9.14507,0.708495,-1.184299,0,0,0,0,0,0,0,0,0,0,0,0.0141699,971.295985921483,0.0140704453739786,985.059152912392
35960,8994,274.3333,24011.78,9.14719,0.709137,-1.176953,0,0,0,0,0,0,0,0,0,0,0,0.01418274,971.423827309931,0.0140831058943901,985.201278882473
35961,8994,274.4,24014.04,9.14963,0.709798,-1.171258,0,0,0,0,0,0,0,0,0,0,0,0.01419596,971.515258176353,0.0140961409356278,985.306849920814
35962,8994,274.4667,24017.81,9.15181,0.710445,-1.164819,0,0,0,0,0,0,0,0,0,0,0,0.0142089,971.667777807507,0.0141088997297477,985.474108095596
35963,8994,274.5333,24020.86,9.15389,0.711096,-1.174423,0,0,0,0,0,0,0,0,0,0,0,0.01422192,971.79116902104,0.0141217372392864,985.611905283564
35964,8994,274.6,24022.79,9.15623,0.71175,-1.175718,0,0,0,0,0,0,0,0,0,0,0,0.014235,971.869249362719,0.0141346337419148,985.703808127397
35965,8994,274.6667,24026.01,9.15841,0.712429,-1.178185,0,0,0,0,0,0,0,0,0,0,0,0.01424858,971.999518119301,0.014148023054142,985.849131013186
35966,8994,274.7333,24028.71,9.16048,0.713086,-1.173919,0,0,0,0,0,0,0,0,0,0,0,0.01426172,972.10874968538,0.0141609783741126,985.972692482943
35967,8994,274.8,24030.51,9.162849,0.713717,-1.172083,0,0,0,0,0,0,0,0,0,0,0,0.01427434,972.181570729432,0.0141734208445711,986.058821011758
35968,8994,274.8667,24033.68,9.16511,0.714381,-1.170936,0,0,0,0,0,0,0,0,0,0,0,0.01428762,972.309816679236,0.0141865138634307,986.201809862219
35969,8994,274.9333,24036.79,9.16727,0.71505,-1.173526,0,0,0,0,0,0,0,0,0,0,0,0.014301,972.435635260904,0.0141997053009339,986.34243728077
35970,8994,275,24039.07,9.16953,0.715717,-1.173521,0,0,0,0,0,0,0,0,0,0,0,0.01431434,972.527875250037,0.0142128571289195,986.448969915844
35971,8994,275.0667,24042.16,9.17181,0.716399,-1.183093,0,0,0,0,0,0,0,0,0,0,0,0.01432798,972.652884708994,0.0142263045463037,986.589035788047
35972,8994,275.1333,24044.63,9.173989,0.717063,-1.176274,0,0,0,0,0,0,0,0,0,0,0,0.01434126,972.752811363888,0.0142393968727789,986.703312347389
35973,8994,275.2,24046.89,9.176169,0.717717,-1.159769,0,0,0,0,0,0,0,0,0,0,0,0.01435434,972.84424223031,0.0142522918581085,986.808779250326
35974,8994,275.2667,24049.86,9.17841,0.718391,-1.156094,0,0,0,0,0,0,0,0,0,0,0,0.01436782,972.964396952996,0.0142655810115136,986.943774274826
35975,8994,275.3333,24051.79,9.18062,0.719058,-1.167075,0,0,0,0,0,0,0,0,0,0,0,0.01438116,973.042477294675,0.0142787319731472,987.035956847446
35976,8994,275.4,24053.88,9.182839,0.719697,-1.165987,0,0,0,0,0,0,0,0,0,0,0,0.01439394,973.127030618047,0.0142913307082167,987.134162709141
35977,8994,275.4667,24057.24,9.18509,0.720396,-1.161763,0,0,0,0,0,0,0,0,0,0,0,0.01440792,973.262963233611,0.0143051122413234,987.285658146844
35978,8994,275.5333,24059.71,9.187369,0.721086,-1.158973,0,0,0,0,0,0,0,0,0,0,0,0.01442172,973.362889888506,0.0143187161435222,987.400456944869
35979,8994,275.6,24062.3,9.189529,0.721773,-1.160695,0,0,0,0,0,0,0,0,0,0,0,0.01443546,973.46767127967,0.0143322607144616,987.520124909721
35980,8994,275.6667,24065.52,9.19179,0.722455,-1.164044,0,0,0,0,0,0,0,0,0,0,0,0.0144491,973.597940036253,0.0143457065262826,987.66555403163
35981,8994,275.7333,24067.66,9.19405,0.723132,-1.173886,0,0,0,0,0,0,0,0,0,0,0,0.01446264,973.684516166404,0.0143590535829666,987.766564797293
35982,8994,275.8,24069.87,9.196159,0.723816,-1.172841,0,0,0,0,0,0,0,0,0,0,0,0.01447632,973.773924226046,0.0143725384637538,987.870587160798
35983,8994,275.8667,24072.51,9.1984,0.724506,-1.166799,0,0,0,0,0,0,0,0,0,0,0,0.01449012,973.88072842399,0.01438614144873,987.992377044541
35984,8994,275.9333,24074.28,9.200689,0.725198,-1.161009,0,0,0,0,0,0,0,0,0,0,0,0.01450396,973.952335783975,0.0143997836768042,988.078501504092
35985,8994,276,24076.48,9.20282,0.725878,-1.169432,0,0,0,0,0,0,0,0,0,0,0,0.01451756,974.041339282261,0.0144131891531544,988.182042867772
35986,8994,276.0667,24079.19,9.20506,0.726582,-1.166059,0,0,0,0,0,0,0,0,0,0,0,0.01453164,974.150975409695,0.0144270675746339,988.306986689998
35987,8994,276.1333,24081.18,9.20747,0.727257,-1.164116,0,0,0,0,0,0,0,0,0,0,0,0.01454514,974.231483119509,0.014440374118904,988.40181643389
35988,8994,276.2,24083.9,9.209519,0.727949,-1.157459,0,0,0,0,0,0,0,0,0,0,0,0.01455898,974.341523808299,0.0144540156071487,988.526942566594
35989,8994,276.2667,24086.38,9.21172,0.728651,-1.160607,0,0,0,0,0,0,0,0,0,0,0,0.01457302,974.44185502455,0.0144678540365859,988.64241566666
35990,8994,276.3333,24087.87,9.214149,0.729336,-1.162864,0,0,0,0,0,0,0,0,0,0,0,0.01458672,974.502134666571,0.0144813571627618,988.716924444354
35991,8994,276.4,24090.66,9.21618,0.730048,-1.165675,0,0,0,0,0,0,0,0,0,0,0,0.01460096,974.615007284852,0.014495392335694,988.845322021618
35992,8994,276.4667,24093.39,9.21832,0.730738,-1.164139,0,0,0,0,0,0,0,0,0,0,0,0.01461476,974.725452534998,0.0145089936496046,988.970831089689
35993,8994,276.5333,24094.7,9.22077,0.731409,-1.158903,0,0,0,0,0,0,0,0,0,0,0,0.01462818,974.778450072614,0.0145222202571594,989.037684700397
35994,8994,276.6,24097.38,9.222879,0.732135,-1.159696,0,0,0,0,0,0,0,0,0,0,0,0.0146427,974.886872515981,0.0145365308158367,989.161848524171
35995,8994,276.6667,24100.56,9.224979,0.732865,-1.16548,0,0,0,0,0,0,0,0,0,0,0,0.0146573,975.015523027141,0.0145509200140827,989.306618052806
35996,8994,276.7333,24102.13,9.227469,0.733588,-1.1695,0,0,0,0,0,0,0,0,0,0,0,0.01467176,975.079039160009,0.0145651710296376,989.385164803595
35997,8994,276.8,24104.8,9.22962,0.734282,-1.172154,0,0,0,0,0,0,0,0,0,0,0,0.01468564,975.18705704202,0.0145788502366617,989.508303094398
35998,8994,276.8667,24107.99,9.23172,0.735046,-1.163358,0,0,0,0,0,0,0,0,0,0,0,0.01470092,975.316112114535,0.0145939089744118,989.654156253442
35999,8994,276.9333,24109.63,9.23417,0.735743,-1.154493,0,0,0,0,0,0,0,0,0,0,0,0.01471486,975.382460176894,0.0146076469182453,989.735076524852
36000,8994,277,24111.95,9.236259,0.736471,-1.157751,0,0,0,0,0,0,0,0,0,0,0,0.01472942,975.47631841145,0.0146219956738568,989.844518805386
36001,8994,277.0667,24114.38,9.238279,0.737191,-1.170723,0,0,0,0,0,0,0,0,0,0,0,0.01474382,975.574626820921,0.0146361865483324,989.958323515336
36002,8994,277.1333,24115.19,9.24076,0.737903,-1.168288,0,0,0,0,0,0,0,0,0,0,0,0.01475806,975.607396290745,0.0146502195483906,990.005468781647
36003,8994,277.2,24117.19,9.24292,0.738623,-1.159866,0,0,0,0,0,0,0,0,0,0,0,0.01477246,975.688308561914,0.0146644100223534,990.101625072613
36004,8994,277.2667,24119.99,9.245,0.739356,-1.165297,0,0,0,0,0,0,0,0,0,0,0,0.01478712,975.801585741551,0.0146788565063538,990.230880886102
36005,8994,277.3333,24121.5,9.24753,0.740043,-1.166982,0,0,0,0,0,0,0,0,0,0,0,0.01480086,975.862674506284,0.0146923962002578,990.306281330877
36006,8994,277.4,24124.2,9.24968,0.740786,-1.166747,0,0,0,0,0,0,0,0,0,0,0,0.01481572,975.971906072363,0.0147070393601007,990.431632560597
36007,8994,277.4667,24126.88,9.251699,0.74155,-1.167889,0,0,0,0,0,0,0,0,0,0,0,0.014831,976.08032851573,0.0147220961676226,990.556575867947
36008,8994,277.5333,24127.8,9.25414,0.742262,-1.164068,0,0,0,0,0,0,0,0,0,0,0,0.01484524,976.117548160468,0.0147361279621715,990.608247431121
36009,8994,277.6,24129.93,9.2563,0.742992,-1.157782,0,0,0,0,0,0,0,0,0,0,0,0.01485984,976.203719729263,0.0147505142886817,990.709950811845
36010,8994,277.6667,24132.26,9.25828,0.743738,-1.164079,0,0,0,0,0,0,0,0,0,0,0,0.01487476,976.297982525175,0.0147652157181202,990.820180703722
36011,8994,277.7333,24132.85,9.260719,0.744433,-1.166313,0,0,0,0,0,0,0,0,0,0,0,0.01488866,976.32185164517,0.0147789118955793,990.857975744886
36012,8994,277.8,24134.65,9.263,0.745173,-1.169799,0,0,0,0,0,0,0,0,0,0,0,0.01490346,976.394672689223,0.0147934946697012,990.94633163786
36013,8994,277.8667,24137.52,9.265079,0.745952,-1.177052,0,0,0,0,0,0,0,0,0,0,0,0.01491904,976.510781798351,0.0148088457656719,991.079385212432
36014,8994,277.9333,24139.18,9.26744,0.746685,-1.167585,0,0,0,0,0,0,0,0,0,0,0,0.0149337,976.577938983422,0.0148232901632494,991.161860950818
36015,8994,278,24141.35,9.2697,0.747407,-1.168257,0,0,0,0,0,0,0,0,0,0,0,0.01494814,976.66572879764,0.0148375175923693,991.265064844909
36016,8994,278.0667,24143.43,9.2718,0.748158,-1.164712,0,0,0,0,0,0,0,0,0,0,0,0.01496316,976.749877559657,0.0148523162685482,991.365142257562
36017,8994,278.1333,24144.65,9.27404,0.748911,-1.162248,0,0,0,0,0,0,0,0,0,0,0,0.01497822,976.79923404507,0.0148671541354428,991.429947868428
36018,8994,278.2,24146.14,9.276279,0.749644,-1.15766,0,0,0,0,0,0,0,0,0,0,0,0.01499288,976.859513687091,0.014881597690822,991.50545115266
36019,8994,278.2667,24147.42,9.278399,0.750402,-1.156645,0,0,0,0,0,0,0,0,0,0,0,0.01500804,976.911297540639,0.0148965336446444,991.572821370581
36020,8994,278.3333,24148.57,9.2807,0.751112,-1.160631,0,0,0,0,0,0,0,0,0,0,0,0.01502224,976.957822096562,0.0149105235837502,991.633916969974
36021,8994,278.4,24150.86,9.283,0.751888,-1.162644,0,0,0,0,0,0,0,0,0,0,0,0.01503776,977.050466647051,0.0149258137722179,991.743117072377
36022,8994,278.4667,24152.66,9.28516,0.752634,-1.156383,0,0,0,0,0,0,0,0,0,0,0,0.01505268,977.123287691103,0.014940512624748,991.831611861265
36023,8994,278.5333,24154.36,9.28738,0.753377,-1.157807,0,0,0,0,0,0,0,0,0,0,0,0.01506754,977.192063121597,0.0149551521518597,991.915943620364
36024,8994,278.6,24156.5,9.28968,0.754168,-1.16473,0,0,0,0,0,0,0,0,0,0,0,0.01508336,977.278639251748,0.0149707372002424,992.019284787893
36025,8994,278.6667,24157.99,9.29184,0.754909,-1.157701,0,0,0,0,0,0,0,0,0,0,0,0.01509818,977.33891889377,0.0149853368798359,992.094957812233
36026,8994,278.7333,24159.38,9.29402,0.755665,-1.153784,0,0,0,0,0,0,0,0,0,0,0,0.0151133,977.395152922232,0.0150002318798389,992.166819086892
36027,8994,278.8,24161.34,9.29628,0.756418,-1.158728,0,0,0,0,0,0,0,0,0,0,0,0.01512836,977.474446947978,0.01501506755216,992.262032272208
36028,8994,278.8667,24162.41,9.2985,0.757133,-1.160493,0,0,0,0,0,0,0,0,0,0,0,0.01514266,977.517735013054,0.0150291543414204,992.319953718327
36029,8994,278.9333,24164.05,9.30068,0.757891,-1.168283,0,0,0,0,0,0,0,0,0,0,0,0.01515782,977.584083075413,0.0150440880915226,992.402126641535
36030,8994,279,24166.24,9.302939,0.758677,-1.173654,0,0,0,0,0,0,0,0,0,0,0,0.01517354,977.672682012344,0.015059573248586,992.507437559765
36031,8994,279.0667,24167.43,9.30526,0.759418,-1.172561,0,0,0,0,0,0,0,0,0,0,0,0.01518836,977.720824813689,0.0150741716312688,992.570800680457
36032,8994,279.1333,24169.23,9.3074,0.760194,-1.167433,0,0,0,0,0,0,0,0,0,0,0,0.01520388,977.793645857742,0.0150894593177508,992.659903114125
36033,8994,279.2,24171.6,9.30964,0.761013,-1.161487,0,0,0,0,0,0,0,0,0,0,0,0.01522026,977.889526899077,0.0151055938776958,992.773259749758
36034,8994,279.2667,24172.42,9.311979,0.761764,-1.163578,0,0,0,0,0,0,0,0,0,0,0,0.01523528,977.922700930257,0.0151203885872616,992.821627097286
36035,8994,279.3333,24173.99,9.31406,0.76252,-1.16669,0,0,0,0,0,0,0,0,0,0,0,0.0152504,977.986217063125,0.0151352815758202,992.900898067824
36036,8994,279.4,24175.9,9.316199,0.763329,-1.167323,0,0,0,0,0,0,0,0,0,0,0,0.01526658,978.063488282092,0.0151512184038888,992.995172771029
36037,8994,279.4667,24176.22,9.31856,0.76409,-1.170555,0,0,0,0,0,0,0,0,0,0,0,0.0152818,978.076434245479,0.0151662094281363,993.023202698331
36038,8994,279.5333,24177.43,9.32072,0.764845,-1.176211,0,0,0,0,0,0,0,0,0,0,0,0.0152969,978.125386169536,0.0151810820356353,993.087672389233
36039,8994,279.6,24179.95,9.32288,0.765688,-1.177858,0,0,0,0,0,0,0,0,0,0,0,0.01531376,978.22733563121,0.0151976878777422,993.207674274506
36040,8994,279.6667,24180.89,9.32528,0.766466,-1.176056,0,0,0,0,0,0,0,0,0,0,0,0.01532932,978.265364398659,0.0152130130721632,993.261507214443
36041,8994,279.7333,24182.35,9.327439,0.767207,-1.17671,0,0,0,0,0,0,0,0,0,0,0,0.01534414,978.324430356613,0.0152276092150609,993.335977381425
36042,8994,279.8,24184.95,9.329599,0.768019,-1.177624,0,0,0,0,0,0,0,0,0,0,0,0.01536038,978.429616309133,0.0152436036641206,993.458667018896
36043,8994,279.8667,24186.14,9.33202,0.76883,-1.177636,0,0,0,0,0,0,0,0,0,0,0,0.0153766,978.477759110479,0.0152595781602372,993.523420221217
36044,8994,279.9333,24187.62,9.33408,0.769665,-1.17644,0,0,0,0,0,0,0,0,0,0,0,0.0153933,978.537634191144,0.0152760251245145,993.600557555539
36045,8994,280,24189.41,9.33616,0.770497,-1.175867,0,0,0,0,0,0,0,0,0,0,0,0.01540994,978.610050673841,0.0152924127288601,993.690372838122
36046,8994,280.0667,24189.7,9.3386,0.771286,-1.173243,0,0,0,0,0,0,0,0,0,0,0,0.01542572,978.621782953161,0.0153079531296036,993.717728562897
36047,8994,280.1333,24190.7,9.34074,0.772059,-1.17505,0,0,0,0,0,0,0,0,0,0,0,0.01544118,978.662239088745,0.0153231781549367,993.773938881718
36048,8994,280.2,24192.85,9.342879,0.772891,-1.173676,0,0,0,0,0,0,0,0,0,0,0,0.01545782,978.749219780252,0.0153395649865815,993.878549044756
36049,8994,280.2667,24193.62,9.34536,0.77368,-1.161363,0,0,0,0,0,0,0,0,0,0,0,0.0154736,978.780371004652,0.015355104654583,993.92562695343
36050,8994,280.3333,24195.04,9.3475,0.774512,-1.154154,0,0,0,0,0,0,0,0,0,0,0,0.01549024,978.837818717183,0.0153714909630665,994.000251450189
36051,8994,280.4,24197.1,9.34958,0.775352,-1.165624,0,0,0,0,0,0,0,0,0,0,0,0.01550704,978.921158356487,0.0153880345598163,994.101327915967
36052,8994,280.4667,24197.48,9.35198,0.776156,-1.179964,0,0,0,0,0,0,0,0,0,0,0,0.01552312,978.936531688009,0.0154038688889336,994.132680941786
36053,8994,280.5333,24198.38,9.354119,0.776963,-1.185041,0,0,0,0,0,0,0,0,0,0,0,0.01553926,978.972942210036,0.0154197620492416,994.185457292002
36054,8994,280.6,24199.82,9.35615,0.777762,-1.188632,0,0,0,0,0,0,0,0,0,0,0,0.01555524,979.031199045278,0.0154354974076904,994.260264313915
36055,8994,280.6667,24200,9.35856,0.778561,-1.191621,0,0,0,0,0,0,0,0,0,0,0,0.01557122,979.038481149683,0.0154512325185414,994.28330472813
36056,8994,280.7333,24200.95,9.3608,0.779378,-1.178123,0,0,0,0,0,0,0,0,0,0,0,0.01558756,979.076914478488,0.0154673218564713,994.338334627537
36057,8994,280.8,24202.97,9.36292,0.780245,-1.172459,0,0,0,0,0,0,0,0,0,0,0,0.0156049,979.158635872369,0.0154843955708947,994.438308469294
36058,8994,280.8667,24204.24,9.3653,0.781054,-1.17701,0,0,0,0,0,0,0,0,0,0,0,0.01562108,979.210015164562,0.015500326836209,994.506333148249
36059,8994,280.9333,24205.88,9.367519,0.781902,-1.181775,0,0,0,0,0,0,0,0,0,0,0,0.01563804,979.276363226921,0.0155170258381565,994.590326166118
36060,8994,281,24207.38,9.369619,0.782749,-1.187434,0,0,0,0,0,0,0,0,0,0,0,0.01565498,979.337047430298,0.0155337048695258,994.668549321078
36061,8994,281.0667,24208.15,9.37194,0.783553,-1.186851,0,0,0,0,0,0,0,0,0,0,0,0.01567106,979.368198654698,0.0155495368922378,994.715936457908
36062,8994,281.1333,24209.22,9.37412,0.784355,-1.175067,0,0,0,0,0,0,0,0,0,0,0,0.0156871,979.411486719774,0.0155653292820941,994.775612653096
36063,8994,281.2,24209.88,9.37621,0.785182,-1.169033,0,0,0,0,0,0,0,0,0,0,0,0.01570364,979.43818776926,0.0155816136922517,994.81893247224
36064,8994,281.2667,24210.3,9.3786,0.785991,-1.178076,0,0,0,0,0,0,0,0,0,0,0,0.01571982,979.455179346205,0.015597543408846,994.852038463595
36065,8994,281.3333,24211.69,9.380839,0.786849,-1.181364,0,0,0,0,0,0,0,0,0,0,0,0.01573698,979.511413374668,0.0156144376888528,994.925964896717
36066,8994,281.4,24212.91,9.38295,0.787698,-1.17126,0,0,0,0,0,0,0,0,0,0,0,0.01575396,979.560769860081,0.0156311544751954,994.992731046026
36067,8994,281.4667,24213.66,9.38528,0.788477,-1.168333,0,0,0,0,0,0,0,0,0,0,0,0.01576954,979.59111196177,0.0156464927176525,995.038813185495
36068,8994,281.5333,24215.13,9.38752,0.78935,-1.171651,0,0,0,0,0,0,0,0,0,0,0,0.015787,979.650582481079,0.0156636815082736,995.116326226708
36069,8994,281.6,24215.98,9.389649,0.79019,-1.171938,0,0,0,0,0,0,0,0,0,0,0,0.0158038,979.684970196326,0.0156802202718872,995.167715528315
36070,8994,281.6667,24216.48,9.39192,0.791037,-1.171584,0,0,0,0,0,0,0,0,0,0,0,0.01582074,979.705198264119,0.0156968965815763,995.204859482504
36071,8994,281.7333,24217.66,9.39412,0.791861,-1.168658,0,0,0,0,0,0,0,0,0,0,0,0.01583722,979.752936504109,0.015713119784817,995.26949930517
36072,8994,281.8,24218.05,9.39627,0.792704,-1.161079,0,0,0,0,0,0,0,0,0,0,0,0.01585408,979.768714396987,0.0157297167944122,995.302045976534
36073,8994,281.8667,24218.69,9.39856,0.793559,-1.160398,0,0,0,0,0,0,0,0,0,0,0,0.01587118,979.794606323761,0.0157465497790062,995.345102883754
36074,8994,281.9333,24220.26,9.40078,0.794429,-1.156465,0,0,0,0,0,0,0,0,0,0,0,0.01588858,979.858122456629,0.0157636777882747,995.426676623931
36075,8994,282,24220.9,9.40304,0.795263,-1.158422,0,0,0,0,0,0,0,0,0,0,0,0.01590526,979.884014383403,0.0157800967769261,995.469324402015
36076,8994,282.0667,24222.02,9.40526,0.796106,-1.16388,0,0,0,0,0,0,0,0,0,0,0,0.01592212,979.929325255258,0.01579669267495,995.531877563491
36077,8994,282.1333,24223.85,9.40749,0.797024,-1.168019,0,0,0,0,0,0,0,0,0,0,0,0.01594048,980.003359983378,0.0158147647630928,995.625083943126
36078,8994,282.2,24223.96,9.40976,0.797856,-1.165254,0,0,0,0,0,0,0,0,0,0,0,0.01595712,980.007810158292,0.0158311435412362,995.645912385925
36079,8994,282.2667,24224.89,9.41196,0.798739,-1.168702,0,0,0,0,0,0,0,0,0,0,0,0.01597478,980.045434364386,0.0158485260135529,995.701444568362
36080,8994,282.3333,24226.58,9.41411,0.799617,-1.159828,0,0,0,0,0,0,0,0,0,0,0,0.01599234,980.113805233524,0.0158658097577902,995.788118445512
36081,8994,282.4,24226.29,9.416349,0.800454,-1.154172,0,0,0,0,0,0,0,0,0,0,0,0.01600908,980.102072954205,0.0158822861242292,995.792605448294
36082,8994,282.4667,24226.32,9.41859,0.801304,-1.148415,0,0,0,0,0,0,0,0,0,0,0,0.01602608,980.103286638272,0.0158990181181782,995.8105003182
36083,8994,282.5333,24227.98,9.42077,0.802205,-1.145716,0,0,0,0,0,0,0,0,0,0,0,0.0160441,980.170443823343,0.0159167537261092,995.896396441089
36084,8994,282.6,24228.27,9.42307,0.803055,-1.143497,0,0,0,0,0,0,0,0,0,0,0,0.0160611,980.182176102662,0.015933485143361,995.924980051265
36085,8994,282.6667,24228.78,9.42532,0.803941,-1.158929,0,0,0,0,0,0,0,0,0,0,0,0.01607882,980.20280873181,0.0159509248873727,995.963313256903
36086,8994,282.7333,24230.94,9.427509,0.804836,-1.157896,0,0,0,0,0,0,0,0,0,0,0,0.01609672,980.290193984673,0.0159685414757512,996.06965075599
36087,8994,282.8,24231.49,9.4298,0.805747,-1.157681,0,0,0,0,0,0,0,0,0,0,0,0.01611494,980.312444859245,0.0159864726788431,996.110121089405
36088,8994,282.8667,24231.61,9.43193,0.806638,-1.163926,0,0,0,0,0,0,0,0,0,0,0,0.01613276,980.317299595515,0.0160040099111406,996.132523313738
36089,8994,282.9333,24232.96,9.43405,0.807503,-1.168367,0,0,0,0,0,0,0,0,0,0,0,0.01615006,980.371915378554,0.0160210351005779,996.204980634233
36090,8994,283,24232.73,9.43637,0.808389,-1.174775,0,0,0,0,0,0,0,0,0,0,0,0.01616778,980.36261046737,0.0160384733178209,996.212897473632
36091,8994,283.0667,24232.76,9.43859,0.809264,-1.180318,0,0,0,0,0,0,0,0,0,0,0,0.01618528,980.363824151437,0.0160556947350489,996.231287147199
36092,8994,283.1333,24234.81,9.44075,0.810142,-1.173576,0,0,0,0,0,0,0,0,0,0,0,0.01620284,980.446759229386,0.016072974899037,996.332781197699
36093,8994,283.2,24235.29,9.44314,0.811017,-1.170981,0,0,0,0,0,0,0,0,0,0,0,0.01622034,980.466178174467,0.0160901957221143,996.369672942957
36094,8994,283.2667,24235.83,9.44535,0.81191,-1.175054,0,0,0,0,0,0,0,0,0,0,0,0.0162382,980.488024487683,0.0161077704963584,996.409385126919
36095,8994,283.3333,24237.93,9.44747,0.812836,-1.175734,0,0,0,0,0,0,0,0,0,0,0,0.01625672,980.57298237241,0.0161259944041459,996.513882786404
36096,8994,283.4,24238.2,9.44983,0.813702,-1.168642,0,0,0,0,0,0,0,0,0,0,0,0.01627404,980.583905529018,0.0161430371966501,996.541967230954
36097,8994,283.4667,24238.13,9.45199,0.814595,-1.167965,0,0,0,0,0,0,0,0,0,0,0,0.0162919,980.581073599527,0.0161606110422497,996.556602392503
36098,8994,283.5333,24239.44,9.45405,0.815511,-1.177368,0,0,0,0,0,0,0,0,0,0,0,0.01631022,980.634071137143,0.0161786371968231,996.628428576886
36099,8994,283.6,24239.15,9.456409,0.816399,-1.180628,0,0,0,0,0,0,0,0,0,0,0,0.01632798,980.622338857824,0.0161961120233814,996.633920794248
36100,8994,283.6667,24238.79,9.45865,0.81731,-1.181305,0,0,0,0,0,0,0,0,0,0,0,0.0163462,980.607774649013,0.0162140391463604,996.636985454981
36101,8994,283.7333,24240.39,9.46081,0.818203,-1.184243,0,0,0,0,0,0,0,0,0,0,0,0.01636406,980.672504465949,0.016231611744238,996.72028816938
36102,8994,283.8,24241.14,9.46319,0.819099,-1.183237,0,0,0,0,0,0,0,0,0,0,0,0.01638198,980.702846567637,0.0162492430662506,996.768700986051
36103,8994,283.8667,24241.54,9.46535,0.82001,-1.175826,0,0,0,0,0,0,0,0,0,0,0,0.0164002,980.719029021871,0.0162671692367767,996.803017241636
36104,8994,283.9333,24242.57,9.46749,0.820921,-1.185781,0,0,0,0,0,0,0,0,0,0,0,0.01641842,980.760698841523,0.0162850950859608,996.863239914597
36105,8994,284,24242.77,9.46979,0.821837,-1.183289,0,0,0,0,0,0,0,0,0,0,0,0.01643674,980.76879006864,0.0163031189967254,996.889431671113
36106,8994,284.0667,24242.9,9.47195,0.822758,-1.181483,0,0,0,0,0,0,0,0,0,0,0,0.01645516,980.774049366266,0.0163212409637621,996.912843272436
36107,8994,284.1333,24243.34,9.47407,0.823669,-1.177936,0,0,0,0,0,0,0,0,0,0,0,0.01647338,980.791850065924,0.0163391658436997,996.948806912963
36108,8994,284.2,24243.43,9.47649,0.824564,-1.176182,0,0,0,0,0,0,0,0,0,0,0,0.01649128,980.795491118126,0.0163567755939847,996.970064184893
36109,8994,284.2667,24244.09,9.47863,0.825498,-1.18011,0,0,0,0,0,0,0,0,0,0,0,0.01650996,980.822192167612,0.0163751523658557,997.015527327412
36110,8994,284.3333,24244.7,9.48081,0.826412,-1.18259,0,0,0,0,0,0,0,0,0,0,0,0.01652824,980.846870410319,0.0163931353039042,997.058542887709
36111,8994,284.4,24244.86,9.48317,0.827364,-1.185536,0,0,0,0,0,0,0,0,0,0,0,0.01654728,980.853343392012,0.0164118655476293,997.083798304056
36112,8994,284.4667,24245.71,9.48535,0.828292,-1.17725,0,0,0,0,0,0,0,0,0,0,0,0.01656584,980.887731107259,0.0164301232626752,997.136960318745
36113,8994,284.5333,24245.96,9.48749,0.829203,-1.178952,0,0,0,0,0,0,0,0,0,0,0,0.01658406,980.897845141155,0.0164480461910343,997.165113858847
36114,8994,284.6,24246.02,9.48983,0.830127,-1.182289,0,0,0,0,0,0,0,0,0,0,0,0.01660254,980.900272509291,0.0164662245520372,997.185708519637
36115,8994,284.6667,24246.38,9.49197,0.83103,-1.168224,0,0,0,0,0,0,0,0,0,0,0,0.0166206,980.914836718101,0.0164839894492048,997.218229853258
36116,8994,284.7333,24246.11,9.49413,0.831954,-1.151774,0,0,0,0,0,0,0,0,0,0,0,0.01663908,980.903913561493,0.0165021671568359,997.225252251556
36117,8994,284.8,24246.06,9.496469,0.832885,-1.150549,0,0,0,0,0,0,0,0,0,0,0,0.0166577,980.901890754714,0.016520482240186,997.241460180339
36118,8994,284.8667,24246.78,9.49863,0.833837,-1.157354,0,0,0,0,0,0,0,0,0,0,0,0.01667674,980.931019172335,0.0165392100988461,997.289750737007
36119,8994,284.9333,24246.64,9.50083,0.834768,-1.173626,0,0,0,0,0,0,0,0,0,0,0,0.01669536,980.925355313353,0.0165575245037702,997.302257253437
36120,8994,285,24246.79,9.50319,0.835677,-1.170762,0,0,0,0,0,0,0,0,0,0,0,0.01671354,980.931423733691,0.0165754058064443,997.326260321521
36121,8994,285.0667,24248.26,9.50535,0.836661,-1.161571,0,0,0,0,0,0,0,0,0,0,0,0.01673322,980.990894253,0.0165947621037301,997.406030704533
36122,8994,285.1333,24248.26,9.50751,0.837616,-1.163617,0,0,0,0,0,0,0,0,0,0,0,0.01675232,980.990894253,0.0166135475827755,997.424767630613
36123,8994,285.2,24248.26,9.50985,0.838552,-1.167784,0,0,0,0,0,0,0,0,0,0,0,0.01677104,980.990894253,0.0166319589768798,997.443131780153
36124,8994,285.2667,24249.53,9.51199,0.839494,-1.169791,0,0,0,0,0,0,0,0,0,0,0,0.01678988,981.042273545193,0.0166504880505015,997.513855592944
36125,8994,285.3333,24249.26,9.51409,0.840438,-1.168705,0,0,0,0,0,0,0,0,0,0,0,0.01680876,981.031350388585,0.016669056119568,997.521270909743
36126,8994,285.4,24248.52,9.51647,0.841374,-1.171871,0,0,0,0,0,0,0,0,0,0,0,0.01682748,981.001412848252,0.0166874664917204,997.509194502928
36127,8994,285.4667,24249.7,9.51865,0.842346,-1.170145,0,0,0,0,0,0,0,0,0,0,0,0.01684692,981.049151088242,0.0167065845963696,997.576807652694
36128,8994,285.5333,24249.92,9.52081,0.84329,-1.165524,0,0,0,0,0,0,0,0,0,0,0,0.0168658,981.058051438071,0.0167251516238703,997.604380322015
36129,8994,285.6,24249.5,9.52319,0.844206,-1.163626,0,0,0,0,0,0,0,0,0,0,0,0.01688412,981.041059861125,0.0167431676049115,997.605074840748
36130,8994,285.6667,24250.81,9.52541,0.845204,-1.163831,0,0,0,0,0,0,0,0,0,0,0,0.01690408,981.094057398741,0.0167627960008286,997.678549832534
36131,8994,285.7333,24251.13,9.52757,0.846153,-1.166161,0,0,0,0,0,0,0,0,0,0,0,0.01692306,981.107003362128,0.0167814603205511,997.710336046446
36132,8994,285.8,24250.46,9.52983,0.847097,-1.168236,0,0,0,0,0,0,0,0,0,0,0,0.01694194,981.079897751287,0.0168000259578971,997.701294514195
36133,8994,285.8667,24251.21,9.53199,0.848069,-1.166519,0,0,0,0,0,0,0,0,0,0,0,0.01696138,981.110239852975,0.0168191419107641,997.751223453012
36134,8994,285.9333,24250.71,9.53415,0.84901,-1.166979,0,0,0,0,0,0,0,0,0,0,0,0.0169802,981.090011785183,0.0168376478503502,997.749116403297
36135,8994,286,24249.8,9.536449,0.849944,-1.170691,0,0,0,0,0,0,0,0,0,0,0,0.01699888,981.053196701801,0.0168560157875471,997.730002266151
36136,8994,286.0667,24250.77,9.53867,0.850934,-1.165563,0,0,0,0,0,0,0,0,0,0,0,0.01701868,981.092439153318,0.0168754846460172,997.789337425688
36137,8994,286.1333,24250.95,9.54093,0.851904,-1.162573,0,0,0,0,0,0,0,0,0,0,0,0.01703808,981.099721257723,0.0168945598265943,997.81577679649
36138,8994,286.2,24250.97,9.54319,0.85283,-1.169224,0,0,0,0,0,0,0,0,0,0,0,0.0170566,981.100530380435,0.0169127694017755,997.834769686922
36139,8994,286.2667,24252.36,9.54537,0.85385,-1.167215,0,0,0,0,0,0,0,0,0,0,0,0.017077,981.156764408898,0.01693282708137,997.911978474708
36140,8994,286.3333,24252.41,9.547609,0.854835,-1.171124,0,0,0,0,0,0,0,0,0,0,0,0.0170967,981.158787215677,0.0169521961254203,997.933364653067
36141,8994,286.4,24251.85,9.549789,0.855779,-1.176104,0,0,0,0,0,0,0,0,0,0,0,0.01711558,981.136131779749,0.0169707585932475,997.928845734116
36142,8994,286.4667,24252.41,9.55195,0.856756,-1.175887,0,0,0,0,0,0,0,0,0,0,0,0.01713512,981.158787215677,0.0169899695980667,997.971060773672
36143,8994,286.5333,24252.09,9.55417,0.857728,-1.183435,0,0,0,0,0,0,0,0,0,0,0,0.01715456,981.14584125229,0.0170090819203595,997.976966454803
36144,8994,286.6,24251.29,9.55643,0.858677,-1.191152,0,0,0,0,0,0,0,0,0,0,0,0.01717354,981.113476343822,0.0170277416439316,997.962667874352
36145,8994,286.6667,24252.03,9.55867,0.859675,-1.191892,0,0,0,0,0,0,0,0,0,0,0,0.0171935,981.143413884155,0.0170473644549665,998.012703170772
36146,8994,286.7333,24252.43,9.560989,0.860667,-1.185747,0,0,0,0,0,0,0,0,0,0,0,0.01721334,981.159596338388,0.0170668689116077,998.048630064424
36147,8994,286.8,24252.44,9.563169,0.861637,-1.180829,0,0,0,0,0,0,0,0,0,0,0,0.01723274,981.160000899744,0.0170859404418795,998.068076093649
36148,8994,286.8667,24253.06,9.56535,0.862614,-1.175932,0,0,0,0,0,0,0,0,0,0,0,0.01725228,981.185083703807,0.0171051492340882,998.112763499688
36149,8994,286.9333,24252.9,9.56769,0.863614,-1.168447,0,0,0,0,0,0,0,0,0,0,0,0.01727228,981.178610722113,0.0171248098470825,998.125802416517
36150,8994,287,24252.71,9.56975,0.864609,-1.172457,0,0,0,0,0,0,0,0,0,0,0,0.01729218,981.170924056352,0.0171443717733738,998.137508285901
36151,8994,287.0667,24252.68,9.57193,0.865578,-1.175931,0,0,0,0,0,0,0,0,0,0,0,0.01731156,981.169710372285,0.0171634221659583,998.155288683577
36152,8994,287.1333,24252.09,9.574329,0.866555,-1.175065,0,0,0,0,0,0,0,0,0,0,0,0.0173311,981.14584125229,0.0171826294699089,998.150177941617
36153,8994,287.2,24252.23,9.576449,0.867561,-1.167598,0,0,0,0,0,0,0,0,0,0,0,0.01735122,981.151505111272,0.0172024065130403,998.175680729788
36154,8994,287.2667,24252.92,9.57865,0.868573,-1.170471,0,0,0,0,0,0,0,0,0,0,0,0.01737146,981.179419844825,0.0172223011160733,998.223938889482
36155,8994,287.3333,24252.82,9.58105,0.869576,-1.173308,0,0,0,0,0,0,0,0,0,0,0,0.01739152,981.175374231267,0.0172420184002957,998.239505375717
36156,8994,287.4,24253.04,9.58315,0.870586,-1.167187,0,0,0,0,0,0,0,0,0,0,0,0.01741172,981.184274581095,0.0172618728998398,998.268380438504
36157,8994,287.4667,24253.27,9.58533,0.871586,-1.1782,0,0,0,0,0,0,0,0,0,0,0,0.01743172,981.19357949228,0.0172815304318224,998.297471235787
36158,8994,287.5333,24252.92,9.587709,0.872563,-1.182018,0,0,0,0,0,0,0,0,0,0,0,0.01745126,981.179419844825,0.0173007354673873,998.302237007186
36159,8994,287.6,24252.88,9.589769,0.873599,-1.184719,0,0,0,0,0,0,0,0,0,0,0,0.01747198,981.177801599402,0.017321099871895,998.320920525391
36160,8994,287.6667,24252.5,9.59196,0.874601,-1.181281,0,0,0,0,0,0,0,0,0,0,0,0.01749202,981.162428267879,0.0173407955520157,998.32494108639
36161,8994,287.7333,24251.77,9.59435,0.875561,-1.176459,0,0,0,0,0,0,0,0,0,0,0,0.01751122,981.132895288903,0.0173596653008429,998.313729267544
36162,8994,287.8,24251.72,9.596439,0.876579,-1.176965,0,0,0,0,0,0,0,0,0,0,0,0.01753158,981.130872482123,0.0173796747080166,998.331646863514
36163,8994,287.8667,24251.3,9.59866,0.877571,-1.185612,0,0,0,0,0,0,0,0,0,0,0,0.01755142,981.113880905178,0.0173991726842669,998.333822696775
36164,8994,287.9333,24250.88,9.601069,0.878591,-1.186736,0,0,0,0,0,0,0,0,0,0,0,0.01757182,981.096889328232,0.0174192206102103,998.336547270068
36165,8994,288,24251.46,9.603149,0.879599,-1.173895,0,0,0,0,0,0,0,0,0,0,0,0.01759198,981.120353886871,0.0174390322833549,998.380203530042
36166,8994,288.0667,24251.13,9.60535,0.880617,-1.174027,0,0,0,0,0,0,0,0,0,0,0,0.01761234,981.107003362128,0.0174590401025213,998.386593481723
36167,8994,288.1333,24250.59,9.60775,0.881622,-1.182045,0,0,0,0,0,0,0,0,0,0,0,0.01763244,981.085157048913,0.017478792026416,998.384082215468
36168,8994,288.2,24251.38,9.609819,0.882663,-1.183245,0,0,0,0,0,0,0,0,0,0,0,0.01765326,981.117117396025,0.0174992510705694,998.437032959867
36169,8994,288.2667,24250.78,9.611919,0.883645,-1.178223,0,0,0,0,0,0,0,0,0,0,0,0.0176729,981.092843714674,0.0175185501887026,998.431599432359
36170,8994,288.3333,24249.6,9.614369,0.884653,-1.174338,0,0,0,0,0,0,0,0,0,0,0,0.01769306,981.045105474684,0.0175383598940793,998.402795388554
36171,8994,288.4,24250.32,9.6165,0.885703,-1.178269,0,0,0,0,0,0,0,0,0,0,0,0.01771406,981.074233892305,0.0175589945865636,998.453041735927
36172,8994,288.4667,24250.49,9.6186,0.886719,-1.173278,0,0,0,0,0,0,0,0,0,0,0,0.01773438,981.081111435354,0.0175789607027288,998.479976676371
36173,8994,288.5333,24249.6,9.62105,0.887729,-1.182869,0,0,0,0,0,0,0,0,0,0,0,0.01775458,981.045105474684,0.0175988085136457,998.463149283442
36174,8994,288.6,24250.5,9.62323,0.888785,-1.184774,0,0,0,0,0,0,0,0,0,0,0,0.0177757,981.08151599671,0.0176195598630196,998.520926700613
36175,8994,288.6667,24250.86,9.62536,0.889813,-1.178133,0,0,0,0,0,0,0,0,0,0,0,0.01779626,981.096080205521,0.017639760573586,998.555921133839
36176,8994,288.7333,24250.18,9.627729,0.890826,-1.1818,0,0,0,0,0,0,0,0,0,0,0,0.01781652,981.068570033323,0.0176596661275301,998.547797832693
36177,8994,288.8,24250.8,9.62988,0.891864,-1.181821,0,0,0,0,0,0,0,0,0,0,0,0.01783728,981.093652837385,0.0176800625230279,998.593695029269
36178,8994,288.8667,24250.23,9.63192,0.8929,-1.176677,0,0,0,0,0,0,0,0,0,0,0,0.017858,981.070592840102,0.0177004192043094,998.590551487041
36179,8994,288.9333,24248.58,9.634319,0.8939,-1.179826,0,0,0,0,0,0,0,0,0,0,0,0.017878,981.003840216388,0.0177200681175288,998.542226871776
36180,8994,289,24248.93,9.636519,0.894945,-1.184955,0,0,0,0,0,0,0,0,0,0,0,0.0178989,981.017999863842,0.0177406008193202,998.577142941605
36181,8994,289.0667,24248.76,9.638659,0.895996,-1.176262,0,0,0,0,0,0,0,0,0,0,0,0.01791992,981.011122320793,0.0177612509870013,998.590763151891
36182,8994,289.1333,24247.86,9.641089,0.897017,-1.167625,0,0,0,0,0,0,0,0,0,0,0,0.01794034,980.974711798767,0.0177813113029295,998.573731659838
36183,8994,289.2,24249.1,9.64327,0.89808,-1.169211,0,0,0,0,0,0,0,0,0,0,0,0.0179616,981.024877406891,0.0178021963952644,998.645653844923
36184,8994,289.2667,24249.22,9.64536,0.899121,-1.175907,0,0,0,0,0,0,0,0,0,0,0,0.01798242,981.029732143162,0.0178226488240112,998.671020819048
36185,8994,289.3333,24247.76,9.64771,0.900141,-1.179925,0,0,0,0,0,0,0,0,0,0,0,0.01800282,980.970666185208,0.0178426882620187,998.63090451382
36186,8994,289.4,24248.21,9.649879,0.901226,-1.18365,0,0,0,0,0,0,0,0,0,0,0,0.01802452,980.988871446221,0.0178640042822651,998.670724979381
36187,8994,289.4667,24248.09,9.651939,0.902269,-1.184693,0,0,0,0,0,0,0,0,0,0,0,0.01804538,980.984016709951,0.0178844947379226,998.686246065408
36188,8994,289.5333,24246.57,9.65432,0.903289,-1.17641,0,0,0,0,0,0,0,0,0,0,0,0.01806578,980.922523383862,0.0179045329366235,998.64365388836
36189,8994,289.6,24247.04,9.65658,0.90435,-1.180832,0,0,0,0,0,0,0,0,0,0,0,0.018087,980.941537767587,0.0179253761662762,998.683827361189
36190,8994,289.6667,24247.6,9.65878,0.905432,-1.185147,0,0,0,0,0,0,0,0,0,0,0,0.01810864,980.964193203514,0.0179466314912319,998.728120631127
36191,8994,289.7333,24247.1,9.661019,0.906447,-1.184951,0,0,0,0,0,0,0,0,0,0,0,0.01812894,980.943965135722,0.0179665702254937,998.72743942303
36192,8994,289.8,24247.35,9.66326,0.907521,-1.177626,0,0,0,0,0,0,0,0,0,0,0,0.01815042,980.954079169618,0.0179876675271928,998.75880770726
36193,8994,289.8667,24247.15,9.6655,0.908595,-1.182573,0,0,0,0,0,0,0,0,0,0,0,0.0181719,980.945987942501,0.0180087643838052,998.771640340794
36194,8994,289.9333,24246.44,9.66764,0.909633,-1.183961,0,0,0,0,0,0,0,0,0,0,0,0.01819266,980.917264086236,0.0180291536602722,998.762758359887
36195,8994,290,24246.08,9.66986,0.910714,-1.185385,0,0,0,0,0,0,0,0,0,0,0,0.01821428,980.902699877426,0.0180503871373108,998.769136305749
36196,8994,290.0667,24245.18,9.67212,0.911775,-1.181574,0,0,0,0,0,0,0,0,0,0,0,0.0182355,980.866289355399,0.0180712273271443,998.75287657494
36197,8994,290.1333,24244.28,9.67426,0.912819,-1.184648,0,0,0,0,0,0,0,0,0,0,0,0.01825638,980.829878833373,0.0180917331786094,998.736281816709
36198,8994,290.2,24244.09,9.676559,0.913887,-1.181812,0,0,0,0,0,0,0,0,0,0,0,0.01827774,980.822192167612,0.0181127099938674,998.749405182282
36199,8994,290.2667,24243.71,9.67888,0.914954,-1.183665,0,0,0,0,0,0,0,0,0,0,0,0.01829908,980.80681883609,0.0181336667285127,998.754681278517
36200,8994,290.3333,24243.63,9.68098,0.915999,-1.187418,0,0,0,0,0,0,0,0,0,0,0,0.01831998,980.803582345243,0.0181541909398502,998.771884357737
36201,8994,290.4,24243.51,9.68324,0.917063,-1.191579,0,0,0,0,0,0,0,0,0,0,0,0.01834126,980.798727608973,0.0181750878858741,998.787812079718
36202,8994,290.4667,24242.87,9.68556,0.918119,-1.179302,0,0,0,0,0,0,0,0,0,0,0,0.01836238,980.772835682199,0.0181958272802425,998.782159184673
36203,8994,290.5333,24242.56,9.68758,0.9192,-1.191508,0,0,0,0,0,0,0,0,0,0,0,0.018384,980.760294280168,0.0182170572185531,998.790591530214
36204,8994,290.6,24242.06,9.689859,0.920282,-1.210651,0,0,0,0,0,0,0,0,0,0,0,0.01840564,980.740066212375,0.0182383063447034,998.791214804657
36205,8994,290.6667,24241.37,9.69222,0.921371,-1.206002,0,0,0,0,0,0,0,0,0,0,0,0.01842742,980.712151478822,0.018259692486188,998.784146193226
36206,8994,290.7333,24241.45,9.69426,0.922447,-1.202861,0,0,0,0,0,0,0,0,0,0,0,0.01844894,980.715387969669,0.0182808228801809,998.808547319398
36207,8994,290.8,24241.2,9.69652,0.923521,-1.206585,0,0,0,0,0,0,0,0,0,0,0,0.01847042,980.705273935772,0.0183019135531084,998.819312241581
36208,8994,290.8667,24240.37,9.698959,0.92457,-1.202585,0,0,0,0,0,0,0,0,0,0,0,0.0184914,980.671695343237,0.0183225128591874,998.805687930507
36209,8994,290.9333,24240.64,9.70098,0.925661,-1.209357,0,0,0,0,0,0,0,0,0,0,0,0.01851322,980.682618499845,0.018343936472847,998.838211566309
36210,8994,291,24240.15,9.703199,0.92675,-1.21528,0,0,0,0,0,0,0,0,0,0,0,0.018535,980.662794993409,0.0183653203554541,998.839379898611
36211,8994,291.0667,24239.13,9.70564,0.927829,-1.20551,0,0,0,0,0,0,0,0,0,0,0,0.01855658,980.621529735112,0.0183865074245214,998.818511601364
36212,8994,291.1333,24239.37,9.70766,0.928926,-1.208947,0,0,0,0,0,0,0,0,0,0,0,0.01857852,980.631239207652,0.018408047478493,998.849916297896
36213,8994,291.2,24238.68,9.70978,0.930018,-1.209223,0,0,0,0,0,0,0,0,0,0,0,0.01860036,980.603324474099,0.0184294888945761,998.842899326514
36214,8994,291.2667,24236.96,9.71222,0.931074,-1.205273,0,0,0,0,0,0,0,0,0,0,0,0.01862148,980.533739920893,0.0184502230135474,998.792729348155
36215,8994,291.3333,24236.81,9.71432,0.932158,-1.200772,0,0,0,0,0,0,0,0,0,0,0,0.01864316,980.527671500556,0.018471506453681,998.807805764768
36216,8994,291.4,24236.9,9.71646,0.933257,-1.2089,0,0,0,0,0,0,0,0,0,0,0,0.01866514,980.531312552758,0.0184930839439418,998.833066775939
36217,8994,291.4667,24235.82,9.71894,0.93431,-1.210919,0,0,0,0,0,0,0,0,0,0,0,0.0186862,980.487619926327,0.0185137578449891,998.809207689794
36218,8994,291.5333,24236.15,9.72108,0.93542,-1.204058,0,0,0,0,0,0,0,0,0,0,0,0.0187084,980.50097045107,0.0185355503833621,998.844574806657
36219,8994,291.6,24236.34,9.72318,0.936542,-1.199786,0,0,0,0,0,0,0,0,0,0,0,0.01873084,980.508657116831,0.0185575780341115,998.874407891901
36220,8994,291.6667,24235.24,9.725599,0.937618,-1.200979,0,0,0,0,0,0,0,0,0,0,0,0.01875236,980.464155367688,0.0185787021346693,998.850172176238
36221,8994,291.7333,24235.27,9.727699,0.938718,-1.200956,0,0,0,0,0,0,0,0,0,0,0,0.01877436,980.465369051755,0.0186002969434981,998.872978857866
36222,8994,291.8,24234.77,9.72974,0.939819,-1.195189,0,0,0,0,0,0,0,0,0,0,0,0.01879638,980.445140983963,0.0186219109170093,998.873960423051
36223,8994,291.8667,24233.05,9.73222,0.940896,-1.195196,0,0,0,0,0,0,0,0,0,0,0,0.01881792,980.375556430757,0.0186430532892442,998.824185221627
36224,8994,291.9333,24232.98,9.73438,0.941972,-1.19785,0,0,0,0,0,0,0,0,0,0,0,0.01883944,980.372724501266,0.0186641755843103,998.842397622144
36225,8994,292,24233.09,9.73648,0.943102,-1.204718,0,0,0,0,0,0,0,0,0,0,0,0.01886204,980.377174676181,0.0186863574399183,998.869088160009
36226,8994,292.0667,24232.05,9.738979,0.944216,-1.202603,0,0,0,0,0,0,0,0,0,0,0,0.01888432,980.335100295172,0.0187082247345319,998.848062036378
36227,8994,292.1333,24232.37,9.741139,0.945339,-1.203389,0,0,0,0,0,0,0,0,0,0,0,0.01890678,980.348046258559,0.0187302682109226,998.8832710926
36228,8994,292.2,24232.15,9.743179,0.946438,-1.199553,0,0,0,0,0,0,0,0,0,0,0,0.01892876,980.339145908731,0.0187518401185368,998.895750320242
36229,8994,292.2667,24230.55,9.74558,0.947542,-1.196431,0,0,0,0,0,0,0,0,0,0,0,0.01895084,980.274416091795,0.01877350970098,998.851439707244
36230,8994,292.3333,24230.2,9.74774,0.948647,-1.205801,0,0,0,0,0,0,0,0,0,0,0,0.01897294,980.260256444341,0.0187951984414695,998.858675474244
36231,8994,292.4,24229.62,9.74975,0.949742,-1.201434,0,0,0,0,0,0,0,0,0,0,0,0.01899484,980.236791885702,0.0188166904397392,998.856232909684
36232,8994,292.4667,24227.75,9.75218,0.950791,-1.202492,0,0,0,0,0,0,0,0,0,0,0,0.01901582,980.161138912158,0.0188372791446096,998.799706700707
36233,8994,292.5333,24227.71,9.754439,0.951939,-1.193318,0,0,0,0,0,0,0,0,0,0,0,0.01903878,980.159520666735,0.0188598104349892,998.820562145614
36234,8994,292.6,24228.2,9.756539,0.953062,-1.197699,0,0,0,0,0,0,0,0,0,0,0,0.01906124,980.179344173171,0.0188818505701942,998.862777895499
36235,8994,292.6667,24227.49,9.75886,0.954154,-1.199592,0,0,0,0,0,0,0,0,0,0,0,0.01908308,980.150620316906,0.0189032818297829,998.854913016463
36236,8994,292.7333,24227.63,9.76112,0.955269,-1.198606,0,0,0,0,0,0,0,0,0,0,0,0.01910538,980.156284175888,0.0189251640064694,998.882542444456
36237,8994,292.8,24227.36,9.76326,0.956407,-1.196629,0,0,0,0,0,0,0,0,0,0,0,0.01912814,980.14536101928,0.0189474970706425,998.893718705208
36238,8994,292.8667,24226.53,9.76548,0.957535,-1.201887,0,0,0,0,0,0,0,0,0,0,0,0.0191507,980.111782426745,0.0189696333942486,998.881609138465
36239,8994,292.9333,24226.28,9.76772,0.95866,-1.202261,0,0,0,0,0,0,0,0,0,0,0,0.0191732,980.101668392849,0.0189917103566008,998.893353701278
36240,8994,293,24225.41,9.769899,0.95979,-1.199176,0,0,0,0,0,0,0,0,0,0,0,0.0191958,980.06647155489,0.0190138849481502,998.879631529563
36241,8994,293.0667,24224.45,9.77214,0.960887,-1.205173,0,0,0,0,0,0,0,0,0,0,0,0.01921774,980.027633664729,0.0190354114927597,998.861549921313
36242,8994,293.1333,24224.56,9.77444,0.962023,-1.209357,0,0,0,0,0,0,0,0,0,0,0,0.01924046,980.032083839643,0.0190577028500228,998.888351947476
36243,8994,293.2,24224.23,9.77668,0.963169,-1.203168,0,0,0,0,0,0,0,0,0,0,0,0.01926338,980.0187333149,0.0190801899305483,998.897206581864
36244,8994,293.2667,24223.64,9.77884,0.964289,-1.201583,0,0,0,0,0,0,0,0,0,0,0,0.01928578,979.994864194905,0.0191021663444023,998.894829546898
36245,8994,293.3333,24223.49,9.781119,0.965439,-1.207388,0,0,0,0,0,0,0,0,0,0,0,0.01930878,979.988795774567,0.0191247309096693,998.911183834643
36246,8994,293.4,24222.63,9.78334,0.966575,-1.209641,0,0,0,0,0,0,0,0,0,0,0,0.0193315,979.954003497965,0.0191470202759924,998.897984316586
36247,8994,293.4667,24221.78,9.785439,0.967667,-1.206182,0,0,0,0,0,0,0,0,0,0,0,0.01935334,979.919615782718,0.0191684458534749,998.88433327963
36248,8994,293.5333,24221.19,9.78772,0.968805,-1.210861,0,0,0,0,0,0,0,0,0,0,0,0.0193761,979.895746662723,0.0191907734851402,998.882304639634
36249,8994,293.6,24220.07,9.79,0.969925,-1.207553,0,0,0,0,0,0,0,0,0,0,0,0.0193985,979.850435790868,0.0192127474689254,998.858064469557
36250,8994,293.6667,24219.56,9.7921,0.971053,-1.210804,0,0,0,0,0,0,0,0,0,0,0,0.01942106,979.82980316172,0.0192348779217065,998.859136558712
36251,8994,293.7333,24219.26,9.79438,0.972183,-1.205005,0,0,0,0,0,0,0,0,0,0,0,0.01944366,979.817666321044,0.0192570471218298,998.868907886984
36252,8994,293.8,24218.43,9.79674,0.973311,-1.206693,0,0,0,0,0,0,0,0,0,0,0,0.01946622,979.784087728509,0.019279176594272,998.856780332731
36253,8994,293.8667,24218.53,9.7988,0.974454,-1.211264,0,0,0,0,0,0,0,0,0,0,0,0.01948908,979.788133342067,0.0193015998421,998.883302655821
36254,8994,293.9333,24218.45,9.80104,0.975577,-1.217699,0,0,0,0,0,0,0,0,0,0,0,0.01951154,979.784896851221,0.0193236302424644,998.902009057529
36255,8994,294,24217.21,9.80348,0.976697,-1.220401,0,0,0,0,0,0,0,0,0,0,0,0.01953394,979.734731243095,0.0193456013070832,998.872810699114
36256,8994,294.0667,24217.19,9.8055,0.977889,-1.221031,0,0,0,0,0,0,0,0,0,0,0,0.01955778,979.733922120384,0.0193689842670228,998.895342627751
36257,8994,294.1333,24217.03,9.80765,0.979075,-1.222784,0,0,0,0,0,0,0,0,0,0,0,0.0195815,979.72744913869,0.0193922489848709,998.911982183999
36258,8994,294.2,24215.25,9.81008,0.980198,-1.215495,0,0,0,0,0,0,0,0,0,0,0,0.01960396,979.655437217349,0.0194142773883109,998.860563222341
36259,8994,294.2667,24214.68,9.81218,0.981348,-1.215768,0,0,0,0,0,0,0,0,0,0,0,0.01962696,979.632377220066,0.0194368349121063,998.859582702469
36260,8994,294.3333,24214.75,9.81433,0.982545,-1.211758,0,0,0,0,0,0,0,0,0,0,0,0.0196509,979.635209149557,0.0194603138116428,998.885922681034
36261,8994,294.4,24213.48,9.8168,0.983673,-1.21402,0,0,0,0,0,0,0,0,0,0,0,0.01967346,979.583829857365,0.0194824387864073,998.85563315071
36262,8994,294.4667,24213.24,9.81892,0.984831,-1.208243,0,0,0,0,0,0,0,0,0,0,0,0.01969662,979.574120384824,0.0195051516821472,998.868419595878
36263,8994,294.5333,24213.4,9.82103,0.986012,-1.212582,0,0,0,0,0,0,0,0,0,0,0,0.01972024,979.580593366518,0.0195283151662435,998.898157767048
36264,8994,294.6,24211.96,9.82346,0.987148,-1.213114,0,0,0,0,0,0,0,0,0,0,0,0.01974296,979.522336531276,0.0195505955388445,998.861006840519
36265,8994,294.6667,24211.46,9.82554,0.988291,-1.206922,0,0,0,0,0,0,0,0,0,0,0,0.01976582,979.502108463483,0.019573012701472,998.862770828993
36266,8994,294.7333,24211.24,9.82759,0.989403,-1.193036,0,0,0,0,0,0,0,0,0,0,0,0.01978806,979.493208113655,0.0195948213923029,998.8754784854
36267,8994,294.8,24209.79,9.8301,0.990541,-1.19594,0,0,0,0,0,0,0,0,0,0,0,0.01981082,979.434546717057,0.0196171395061479,998.83794822385
36268,8994,294.8667,24209.45,9.83222,0.991707,-1.199209,0,0,0,0,0,0,0,0,0,0,0,0.01983414,979.420791630958,0.0196400062309537,998.846760731077
36269,8994,294.9333,24209.9,9.83427,0.99285,-1.201898,0,0,0,0,0,0,0,0,0,0,0,0.019857,979.438996891971,0.0196624213893595,998.887717053255
36270,8994,295,24208.62,9.83682,0.993981,-1.207307,0,0,0,0,0,0,0,0,0,0,0,0.01987962,979.387213038423,0.0196846007234746,998.857058666486
36271,8994,295.0667,24208.63,9.83898,0.99519,-1.205084,0,0,0,0,0,0,0,0,0,0,0,0.0199038,979.387617599779,0.0197083091228705,998.881152862961
36272,8994,295.1333,24209.11,9.84101,0.996384,-1.203181,0,0,0,0,0,0,0,0,0,0,0,0.01992768,979.407036544859,0.0197317228217325,998.924346558874
36273,8994,295.2,24207.8,9.84348,0.997522,-1.19911,0,0,0,0,0,0,0,0,0,0,0,0.01995044,979.354039007243,0.019754037880439,998.892583001215
36274,8994,295.2667,24207.37,9.84562,0.998721,-1.200674,0,0,0,0,0,0,0,0,0,0,0,0.01997442,979.336642868942,0.0197775485503381,998.898324294996
36275,8994,295.3333,24207.09,9.847589,0.999882,-1.212755,0,0,0,0,0,0,0,0,0,0,0,0.01999764,979.325315150978,0.0198003135680128,998.909510246254
36276,8994,295.4,24205.04,9.85005,1.002342,-1.217633,0,0,0,0,0,0,0,0,0,0,0,0.02004684,979.24238007303,0.0198485478104442,998.873095387573
36277,8994,295.4667,24204.24,9.8523,1.004592,-1.22355,0,0,0,0,0,0,0,0,0,0,0,0.02009184,979.210015164562,0.0198926624585792,998.884146115646
36278,8994,295.5333,24204.54,9.85439,1.006682,-1.215296,0,0,0,0,0,0,0,0,0,0,0,0.02013364,979.222152005237,0.0199336383217037,998.937458293736
36279,8994,295.6,24203.77,9.85676,1.009052,-1.21509,0,0,0,0,0,0,0,0,0,0,0,0.02018104,979.191000780837,0.0199801017427368,998.952093535235
36280,8994,295.6667,24203.4,9.859,1.011292,-1.207357,0,0,0,0,0,0,0,0,0,0,0,0.02022584,979.176032010671,0.0200240145529183,998.980689765953
36281,8994,295.7333,24203.15,9.86109,1.013382,-1.208544,0,0,0,0,0,0,0,0,0,0,0,0.02026764,979.165917976775,0.0200649850342411,999.011300302597
36282,8994,295.8,24202.14,9.86337,1.015662,-1.20288,0,0,0,0,0,0,0,0,0,0,0,0.02031324,979.125057279834,0.0201096781904443,999.014259558373
36283,8994,295.8667,24201.38,9.86559,1.017882,-1.202308,0,0,0,0,0,0,0,0,0,0,0,0.02035764,979.09431061679,0.0201531932917204,999.026360118375
36284,8994,295.9333,24200.47,9.86769,1.019982,-1.205299,0,0,0,0,0,0,0,0,0,0,0,0.02039964,979.057495533408,0.0201943544826346,999.029915981591
36285,8994,296,24199.36,9.870009,1.022302,-1.199802,0,0,0,0,0,0,0,0,0,0,0,0.02044604,979.012589222909,0.0202398258286189,999.029519782664
36286,8994,296.0667,24199.34,9.87231,1.024602,-1.200119,0,0,0,0,0,0,0,0,0,0,0,0.02049204,979.011780100197,0.0202849031393503,999.073728658481
36287,8994,296.1333,24199.03,9.87445,1.026742,-1.208923,0,0,0,0,0,0,0,0,0,0,0,0.02053484,978.999238698166,0.0203268428123901,999.102831424954
36288,8994,296.2,24198.51,9.87671,1.029002,-1.207823,0,0,0,0,0,0,0,0,0,0,0,0.02058004,978.978201507662,0.0203711323332302,999.125612053817
36289,8994,296.2667,24198.46,9.87899,1.031282,-1.211736,0,0,0,0,0,0,0,0,0,0,0,0.02062564,978.976178700882,0.0204158118091442,999.168188931342
36290,8994,296.3333,24197.72,9.881149,1.033442,-1.209899,0,0,0,0,0,0,0,0,0,0,0,0.02066884,978.94624116055,0.0204581378923523,999.179924387699
36291,8994,296.4,24196.95,9.883349,1.035642,-1.206824,0,0,0,0,0,0,0,0,0,0,0,0.02071284,978.91508993615,0.020501245950427,999.191201567583
36292,8994,296.4667,24196.43,9.88561,1.037902,-1.202838,0,0,0,0,0,0,0,0,0,0,0,0.02075804,978.894052745645,0.0205455277478801,999.213974648302
36293,8994,296.5333,24195.11,9.88781,1.040102,-1.205703,0,0,0,0,0,0,0,0,0,0,0,0.02080204,978.840650646674,0.0205886320389934,999.202533015052
36294,8994,296.6,24194.33,9.88999,1.042282,-1.204265,0,0,0,0,0,0,0,0,0,0,0,0.02084564,978.809094860918,0.0206313426402728,999.212996881114
36295,8994,296.6667,24194.05,9.89227,1.044562,-1.201751,0,0,0,0,0,0,0,0,0,0,0,0.02089124,978.797767142954,0.0206760104918988,999.246066207802
36296,8994,296.7333,24192.86,9.894569,1.046862,-1.207145,0,0,0,0,0,0,0,0,0,0,0,0.02093724,978.749624341608,0.0207210681453289,999.241940126358
36297,8994,296.8,24192.52,9.896709,1.049002,-1.216115,0,0,0,0,0,0,0,0,0,0,0,0.02098004,978.735869255509,0.0207629895301228,999.269786941925
36298,8994,296.8667,24192.55,9.89893,1.051222,-1.207293,0,0,0,0,0,0,0,0,0,0,0,0.02102444,978.737082939577,0.020806476212392,999.314482015615
36299,8994,296.9333,24191.14,9.90127,1.053562,-1.201666,0,0,0,0,0,0,0,0,0,0,0,0.02107124,978.680039788402,0.0208523114790414,999.302041789993
36300,8994,297,24190.61,9.90337,1.055662,-1.200647,0,0,0,0,0,0,0,0,0,0,0,0.02111324,978.658598036543,0.020893443904067,999.321251894952
36301,8994,297.0667,24190.64,9.90551,1.057802,-1.208304,0,0,0,0,0,0,0,0,0,0,0,0.02115604,978.65981172061,0.0209353580634046,999.364377843764
36302,8994,297.1333,24188.37,9.907849,1.060142,-1.216872,0,0,0,0,0,0,0,0,0,0,0,0.02120284,978.567976292833,0.020981187423236,999.316396523293
36303,8994,297.2,24187.08,9.910049,1.062342,-1.216003,0,0,0,0,0,0,0,0,0,0,0,0.02124684,978.515787877929,0.0210242729400425,999.306156260445
36304,8994,297.2667,24187.47,9.91221,1.064502,-1.213461,0,0,0,0,0,0,0,0,0,0,0,0.02129004,978.531565770807,0.0210665732778521,999.36454194733
36305,8994,297.3333,24186.27,9.91459,1.066882,-1.212499,0,0,0,0,0,0,0,0,0,0,0,0.02133764,978.483018408105,0.0211131799115277,999.361536801011
36306,8994,297.4,24185.38,9.91675,1.069042,-1.21106,0,0,0,0,0,0,0,0,0,0,0,0.02138084,978.447012447435,0.0211554764887891,999.367031469051
36307,8994,297.4667,24185.39,9.91893,1.071222,-1.220657,0,0,0,0,0,0,0,0,0,0,0,0.02142444,978.44741700879,0.0211981628871783,999.41010498765
36308,8994,297.5333,24183.83,9.921329,1.073622,-1.224046,0,0,0,0,0,0,0,0,0,0,0,0.02147244,978.384305437278,0.0212451549801014,999.392603732722
36309,8994,297.6,24182.34,9.923409,1.075702,-1.221892,0,0,0,0,0,0,0,0,0,0,0,0.02151404,978.324025795257,0.0212858796744771,999.371728019177
36310,8994,297.6667,24181.79,9.925489,1.077782,-1.225197,0,0,0,0,0,0,0,0,0,0,0,0.02155564,978.301774920685,0.0213266027104196,999.389695792237
36311,8994,297.7333,24179.77,9.92789,1.080182,-1.225098,0,0,0,0,0,0,0,0,0,0,0,0.02160364,978.220053526804,0.021373588768216,999.353167403978
36312,8994,297.8,24178.15,9.93003,1.082322,-1.221659,0,0,0,0,0,0,0,0,0,0,0,0.02164644,978.154514587157,0.0214154828079376,999.328077597897
36313,8994,297.8667,24178.02,9.93219,1.084482,-1.218347,0,0,0,0,0,0,0,0,0,0,0,0.02168964,978.149255289531,0.021457766601024,999.364960503029
36314,8994,297.9333,24176.6,9.934649,1.086942,-1.220146,0,0,0,0,0,0,0,0,0,0,0,0.02173884,978.091807577001,0.0215059209656041,999.354388887228
36315,8994,298,24176.19,9.93679,1.089082,-1.221519,0,0,0,0,0,0,0,0,0,0,0,0.02178164,978.075220561411,0.0215478094618781,999.3793029086
36316,8994,298.0667,24176.85,9.93889,1.091182,-1.227165,0,0,0,0,0,0,0,0,0,0,0,0.02182364,978.101921610897,0.0215889132899187,999.447665831441
36317,8994,298.1333,24175.58,9.94129,1.093582,-1.237675,0,0,0,0,0,0,0,0,0,0,0,0.02187164,978.050542318705,0.021635887024681,999.442111682104
36318,8994,298.2,24174.7,9.94341,1.095702,-1.23922,0,0,0,0,0,0,0,0,0,0,0,0.02191404,978.01494091939,0.0216773786550617,999.447199455295
36319,8994,298.2667,24174.45,9.94547,1.097762,-1.240168,0,0,0,0,0,0,0,0,0,0,0,0.02195524,978.004826885494,0.0217176943449239,999.477157580923
36320,8994,298.3333,24172.82,9.947889,1.100182,-1.234569,0,0,0,0,0,0,0,0,0,0,0,0.02200364,977.938883384491,0.0217650534190058,999.457098516485
36321,8994,298.4,24171.71,9.950109,1.102402,-1.221813,0,0,0,0,0,0,0,0,0,0,0,0.02204804,977.893977073992,0.0218084965476129,999.454622596278
36322,8994,298.4667,24172.07,9.952209,1.104502,-1.219495,0,0,0,0,0,0,0,0,0,0,0,0.02209004,977.908541282802,0.0218495896620328,999.510580076081
36323,8994,298.5333,24171.31,9.95465,1.106942,-1.229082,0,0,0,0,0,0,0,0,0,0,0,0.02213884,977.877794619758,0.0218973338265799,999.526874654398
36324,8994,298.6,24171.44,9.95683,1.109122,-1.228969,0,0,0,0,0,0,0,0,0,0,0,0.02218244,977.883053917384,0.0219399885701695,999.574886087923
36325,8994,298.6667,24171.23,9.95893,1.111222,-1.222944,0,0,0,0,0,0,0,0,0,0,0,0.02222444,977.874558128911,0.0219810762816391,999.607272573574
36326,8994,298.7333,24170.17,9.961269,1.113562,-1.228706,0,0,0,0,0,0,0,0,0,0,0,0.02227124,977.831674625191,0.0220268577430196,999.609198530371
36327,8994,298.8,24168.93,9.963429,1.115722,-1.230027,0,0,0,0,0,0,0,0,0,0,0,0.02231444,977.781509017066,0.0220691156933015,999.600155833137
36328,8994,298.8667,24167.34,9.965509,1.117802,-1.225329,0,0,0,0,0,0,0,0,0,0,0,0.02235604,977.717183761487,0.0221098068466319,999.575068230346
36329,8994,298.9333,24165.72,9.96793,1.120222,-1.220916,0,0,0,0,0,0,0,0,0,0,0,0.02240444,977.651644821839,0.0221571473547085,999.555382439152
36330,8994,299,24165.61,9.97013,1.122422,-1.220198,0,0,0,0,0,0,0,0,0,0,0,0.02244844,977.647194646925,0.0222001822355423,999.593849037125
36331,8994,299.0667,24165.59,9.97223,1.124522,-1.228759,0,0,0,0,0,0,0,0,0,0,0,0.02249044,977.646385524213,0.0222412592578597,999.634082899062
36332,8994,299.1333,24164.74,9.974589,1.126882,-1.235812,0,0,0,0,0,0,0,0,0,0,0,0.02253764,977.611997808966,0.0222874199932257,999.645065075266
36333,8994,299.2,24164.49,9.97681,1.129102,-1.237936,0,0,0,0,0,0,0,0,0,0,0,0.02258204,977.60188377507,0.0223308404350134,999.678128618554
36334,8994,299.2667,24164.06,9.978909,1.131202,-1.234737,0,0,0,0,0,0,0,0,0,0,0,0.02262404,977.584487636769,0.0223719120907418,999.701398188443
36335,8994,299.3333,24163.33,9.98123,1.133522,-1.224166,0,0,0,0,0,0,0,0,0,0,0,0.02267044,977.554954657792,0.0224172845302235,999.716555604064
36336,8994,299.4,24162.88,9.98343,1.135722,-1.235138,0,0,0,0,0,0,0,0,0,0,0,0.02271444,977.536749396779,0.0224603082177817,999.740949238747
36337,8994,299.4667,24161.88,9.98557,1.137862,-1.244658,0,0,0,0,0,0,0,0,0,0,0,0.02275724,977.496293261194,0.0225021567561163,999.74141100605
36338,8994,299.5333,24160.88,9.987889,1.140182,-1.23917,0,0,0,0,0,0,0,0,0,0,0,0.02280364,977.455837125609,0.0225475232865986,999.745388151321
36339,8994,299.6,24160.56,9.990109,1.142402,-1.23648,0,0,0,0,0,0,0,0,0,0,0,0.02284804,977.442891162222,0.0225909324362999,999.775545437212
36340,8994,299.6667,24159.64,9.99235,1.144642,-1.239257,0,0,0,0,0,0,0,0,0,0,0,0.02289284,977.405671517484,0.0226347307496103,999.781263170627
36341,8994,299.7333,24159.48,9.99459,1.146882,-1.234044,0,0,0,0,0,0,0,0,0,0,0,0.02293764,977.399198535791,0.0226785271447127,999.818429488093
36342,8994,299.8,24159.74,9.99679,1.149082,-1.230146,0,0,0,0,0,0,0,0,0,0,0,0.02298164,977.409717131043,0.02272153959436,999.87219538265
36343,8994,299.8667,24158.01,9.99905,1.151342,-1.227399,0,0,0,0,0,0,0,0,0,0,0,0.02302684,977.339728016481,0.0227657231844567,999.84477355916
36344,8994,299.9333,24156.64,10.00127,1.153562,-1.234163,0,0,0,0,0,0,0,0,0,0,0,0.02307124,977.28430311073,0.0228091228635248,999.831463816031
36345,8994,300,24156.78,10.00341,1.155702,-1.243655,0,0,0,0,0,0,0,0,0,0,0,0.02311404,977.289966969712,0.0228509568073272,999.879086357849
36346,8994,300.0667,24155.21,10.00563,1.157922,-1.245372,0,0,0,0,0,0,0,0,0,0,0,0.02315844,977.226450836844,0.0228943527875213,999.857490964962
36347,8994,300.1333,24153.9,10.00791,1.160202,-1.236972,0,0,0,0,0,0,0,0,0,0,0,0.02320404,977.173453299228,0.0229389196718863,999.847825196522
36348,8994,300.2,24154.14,10.01007,1.162362,-1.22929,0,0,0,0,0,0,0,0,0,0,0,0.02324724,977.183162771769,0.0229811390986848,999.899974280683
36349,8994,300.2667,24152.96,10.01233,1.164622,-1.230732,0,0,0,0,0,0,0,0,0,0,0,0.02329244,977.135424531779,0.0230253112204855,999.89529277956
36350,8994,300.3333,24151.81,10.01461,1.166902,-1.23228,0,0,0,0,0,0,0,0,0,0,0,0.02333804,977.088899975856,0.0230698722689534,999.892239807049
36351,8994,300.4,24152.47,10.01679,1.169082,-1.233106,0,0,0,0,0,0,0,0,0,0,0,0.02338164,977.115601025342,0.0231124770285915,999.9621662469
36352,8994,300.4667,24151.64,10.01909,1.171382,-1.239272,0,0,0,0,0,0,0,0,0,0,0,0.02342764,977.082022432807,0.0231574250366519,999.972748304835
36353,8994,300.5333,24150.52,10.02129,1.173582,-1.246212,0,0,0,0,0,0,0,0,0,0,0,0.02347164,977.036711560952,0.0232004168931019,999.969365521494
36354,8994,300.6,24151.13,10.02338,1.175672,-1.249179,0,0,0,0,0,0,0,0,0,0,0,0.02351344,977.061389803659,0.0232412574448132,1000.03546416912
36355,8994,300.6667,24149.79,10.02566,1.177952,-1.245445,0,0,0,0,0,0,0,0,0,0,0,0.02355904,977.007178581975,0.0232858088717442,1000.02452978248
36356,8994,300.7333,24147.73,10.02791,1.180202,-1.246076,0,0,0,0,0,0,0,0,0,0,0,0.02360404,976.923838942671,0.0233297721499478,999.983188314027
36357,8994,300.8,24148.01,10.0301,1.182392,-1.241679,0,0,0,0,0,0,0,0,0,0,0,0.02364784,976.935166660634,0.023372561218,1000.0375731722
36358,8994,300.8667,24147.06,10.03247,1.184762,-1.24411,0,0,0,0,0,0,0,0,0,0,0,0.02369524,976.896733331829,0.0234188651330316,1000.04453588334
36359,8994,300.9333,24146.01,10.03469,1.186982,-1.236699,0,0,0,0,0,0,0,0,0,0,0,0.02373964,976.854254389465,0.0234622364758184,1000.04442272114
36360,8994,301,24146.37,10.03679,1.189082,-1.245898,0,0,0,0,0,0,0,0,0,0,0,0.02378164,976.868818598275,0.023503261690468,1000.1003611694
36361,8994,301.0667,24144.9,10.03909,1.191382,-1.250188,0,0,0,0,0,0,0,0,0,0,0,0.02382764,976.809348078966,0.0235481921373624,1000.08440957363
36362,8994,301.1333,24143.36,10.04129,1.193582,-1.242911,0,0,0,0,0,0,0,0,0,0,0,0.02387164,976.747045630166,0.0235911671976524,1000.06359947451
36363,8994,301.2,24143.36,10.04338,1.195672,-1.233525,0,0,0,0,0,0,0,0,0,0,0,0.02391344,976.747045630166,0.0236319917943486,1000.10442750102
36364,8994,301.2667,24141.86,10.04568,1.197972,-1.239125,0,0,0,0,0,0,0,0,0,0,0,0.02395944,976.686361426788,0.0236769164578441,1000.08721970221
36365,8994,301.3333,24140.06,10.04794,1.200232,-1.243177,0,0,0,0,0,0,0,0,0,0,0,0.02400464,976.613540382736,0.02372105785705,1000.05679683875
36366,8994,301.4,24140.19,10.0501,1.202392,-1.245112,0,0,0,0,0,0,0,0,0,0,0,0.02404784,976.618799680362,0.0237632442760292,1000.10437231607
36367,8994,301.4667,24139.71,10.05245,1.204742,-1.241965,0,0,0,0,0,0,0,0,0,0,0,0.02409484,976.599380735281,0.0238091395161092,1000.1303865582
36368,8994,301.5333,24139.35,10.05465,1.206942,-1.245076,0,0,0,0,0,0,0,0,0,0,0,0.02413884,976.584816526471,0.0238521033638736,1000.15844115903
36369,8994,301.6,24139.31,10.05682,1.209112,-1.242659,0,0,0,0,0,0,0,0,0,0,0,0.02418224,976.583198281048,0.0238944795327568,1000.19916756185
36370,8994,301.6667,24138.33,10.05913,1.211422,-1.244152,0,0,0,0,0,0,0,0,0,0,0,0.02422844,976.543551268175,0.0239395876748484,1000.20367810746
36371,8994,301.7333,24137.18,10.06126,1.213552,-1.243289,0,0,0,0,0,0,0,0,0,0,0,0.02427104,976.497026712252,0.0239811790937597,1000.19762510747
36372,8994,301.8,24136.11,10.06338,1.215672,-1.249474,0,0,0,0,0,0,0,0,0,0,0,0.02431344,976.453738647177,0.0240225735301816,1000.19468803455
36373,8994,301.8667,24134.83,10.06578,1.218072,-1.246247,0,0,0,0,0,0,0,0,0,0,0,0.02436144,976.401954793628,0.0240694330885014,1000.18851243122
36374,8994,301.9333,24133.97,10.06794,1.220232,-1.257026,0,0,0,0,0,0,0,0,0,0,0,0.02440464,976.367162517025,0.0241116048136466,1000.19505162607
36375,8994,302,24133.56,10.07012,1.222412,-1.253988,0,0,0,0,0,0,0,0,0,0,0,0.02444824,976.350575501436,0.0241541652145735,1000.22062869543
36376,8994,302.0667,24132.65,10.07249,1.224782,-1.248309,0,0,0,0,0,0,0,0,0,0,0,0.02449564,976.313760418053,0.0242004329532571,1000.2291908203
36377,8994,302.1333,24131.98,10.07466,1.226952,-1.2551,0,0,0,0,0,0,0,0,0,0,0,0.02453904,976.286654807212,0.0242427943641499,1000.24379208099
36378,8994,302.2,24130.87,10.0768,1.229092,-1.256986,0,0,0,0,0,0,0,0,0,0,0,0.02458184,976.241748496713,0.0242845683760434,1000.23956695958
36379,8994,302.2667,24129.64,10.07914,1.231432,-1.250571,0,0,0,0,0,0,0,0,0,0,0,0.02462864,976.191987449943,0.0243302445039618,1000.23426847973
36380,8994,302.3333,24128.9,10.08128,1.233572,-1.256624,0,0,0,0,0,0,0,0,0,0,0,0.02467144,976.162049909611,0.0243720148629483,1000.24537335423
36381,8994,302.4,24127.84,10.0834,1.235692,-1.264832,0,0,0,0,0,0,0,0,0,0,0,0.02471384,976.119166405891,0.0244133931244394,1000.24281930538
36382,8994,302.4667,24126.71,10.08578,1.238072,-1.269853,0,0,0,0,0,0,0,0,0,0,0,0.02476144,976.07345097268,0.0244598440384593,1000.24243516453
36383,8994,302.5333,24126.32,10.08794,1.240232,-1.261722,0,0,0,0,0,0,0,0,0,0,0,0.02480464,976.057673079802,0.0245019993028617,1000.26843227978
36384,8994,302.6,24125.41,10.09014,1.242432,-1.259877,0,0,0,0,0,0,0,0,0,0,0,0.02484864,976.02085799642,0.0245449333936529,1000.27364892926
36385,8994,302.6667,24124.55,10.09248,1.244772,-1.258048,0,0,0,0,0,0,0,0,0,0,0,0.02489544,975.986065719817,0.024590597630925,1000.28366825978
36386,8994,302.7333,24124.58,10.09462,1.246912,-1.2631,0,0,0,0,0,0,0,0,0,0,0,0.02493824,975.987279403885,0.0246323571165103,1000.32668441461
36387,8994,302.8,24123.36,10.09682,1.249112,-1.274891,0,0,0,0,0,0,0,0,0,0,0,0.02498224,975.937922918472,0.0246752856109919,1000.31903833392
36388,8994,302.8667,24122.23,10.09916,1.251452,-1.271609,0,0,0,0,0,0,0,0,0,0,0,0.02502904,975.892207485261,0.0247209438963533,1000.3178525821
36389,8994,302.9333,24122.05,10.1013,1.253592,-1.26763,0,0,0,0,0,0,0,0,0,0,0,0.02507184,975.884925380856,0.0247626979392142,1000.35215608842
36390,8994,303,24120.42,10.1034,1.255692,-1.265843,0,0,0,0,0,0,0,0,0,0,0,0.02511384,975.818981879853,0.0248036698379212,1000.32554365975
36391,8994,303.0667,24118.47,10.10578,1.258072,-1.281547,0,0,0,0,0,0,0,0,0,0,0,0.02516144,975.740092415463,0.024850102627189,1000.29111820637
36392,8994,303.1333,24118.4,10.10796,1.260252,-1.287151,0,0,0,0,0,0,0,0,0,0,0,0.02520504,975.737260485972,0.0248926316096238,1000.33075716601
36393,8994,303.2,24117.47,10.11012,1.262412,-1.286385,0,0,0,0,0,0,0,0,0,0,0,0.02524824,975.699636279878,0.0249347686340836,1000.33433486458
36394,8994,303.2667,24115.99,10.11248,1.264772,-1.286418,0,0,0,0,0,0,0,0,0,0,0,0.02529544,975.639761199212,0.0249808052052318,1000.31899824024
36395,8994,303.3333,24116.21,10.11472,1.267012,-1.273132,0,0,0,0,0,0,0,0,0,0,0,0.02534024,975.648661549041,0.0250244989734072,1000.37183278837
36396,8994,303.4,24115.57,10.11688,1.269172,-1.265624,0,0,0,0,0,0,0,0,0,0,0,0.02538344,975.622769622267,0.0250666304418519,1000.38743165761
36397,8994,303.4667,24114.43,10.11914,1.271432,-1.269008,0,0,0,0,0,0,0,0,0,0,0,0.02542864,975.5766496277,0.0251107105410946,1000.38423704349
36398,8994,303.5333,24114.33,10.12132,1.273612,-1.270986,0,0,0,0,0,0,0,0,0,0,0,0.02547224,975.572604014142,0.02515322844182,1000.42262352102
36399,8994,303.6,24112.96,10.12346,1.275752,-1.271379,0,0,0,0,0,0,0,0,0,0,0,0.02551504,975.517179108391,0.0251949644393305,1000.40753895403
36400,8994,303.6667,24111.26,10.12576,1.278052,-1.273381,0,0,0,0,0,0,0,0,0,0,0,0.02556104,975.448403677897,0.0252398189432236,1000.38187934224
36401,8994,303.7333,24110.97,10.12798,1.280272,-1.273885,0,0,0,0,0,0,0,0,0,0,0,0.02560544,975.436671398577,0.0252831113823698,1000.41315656187
36402,8994,303.8,24109.76,10.13022,1.282512,-1.271491,0,0,0,0,0,0,0,0,0,0,0,0.02565024,975.38771947452,0.025326791943934,1000.40664857209
36403,8994,303.8667,24108.45,10.1325,1.284792,-1.268491,0,0,0,0,0,0,0,0,0,0,0,0.02569584,975.334721936904,0.0253712505562102,1000.39676689824
36404,8994,303.9333,24108.48,10.13468,1.286972,-1.272652,0,0,0,0,0,0,0,0,0,0,0,0.02573944,975.335935620971,0.0254137573809992,1000.44053641573
36405,8994,304,24107.22,10.13692,1.289212,-1.274596,0,0,0,0,0,0,0,0,0,0,0,0.02578424,975.284960890135,0.0254574322363702,1000.43194239012
36406,8994,304.0667,24105.59,10.13912,1.291412,-1.273718,0,0,0,0,0,0,0,0,0,0,0,0.02582824,975.219017389132,0.0255003253269863,1000.40720822282
36407,8994,304.1333,24105.2,10.14128,1.293572,-1.271786,0,0,0,0,0,0,0,0,0,0,0,0.02587144,975.203239496254,0.0255424367533587,1000.43315159469
36408,8994,304.2,24103.7,10.14348,1.295772,-1.269763,0,0,0,0,0,0,0,0,0,0,0,0.02591544,975.142555292877,0.0255853261981013,1000.41380367602
36409,8994,304.2667,24101.84,10.14576,1.298052,-1.268945,0,0,0,0,0,0,0,0,0,0,0,0.02596104,975.067306880689,0.0256297733180446,1000.38106823731
36410,8994,304.3333,24101.84,10.148,1.300292,-1.277977,0,0,0,0,0,0,0,0,0,0,0,0.02600584,975.067306880689,0.0256734387401757,1000.42475125266
36411,8994,304.4,24101.21,10.1503,1.302592,-1.269436,0,0,0,0,0,0,0,0,0,0,0,0.02605184,975.041819515271,0.025718271787956,1000.44345299059
36412,8994,304.4667,24100.33,10.15248,1.304772,-1.25957,0,0,0,0,0,0,0,0,0,0,0,0.02609544,975.006218115956,0.0257607638648468,1000.44943438043
36413,8994,304.5333,24100.22,10.15466,1.306952,-1.261108,0,0,0,0,0,0,0,0,0,0,0,0.02613904,975.001767941042,0.0258032541362377,1000.48737815332
36414,8994,304.6,24099.13,10.15698,1.309272,-1.253981,0,0,0,0,0,0,0,0,0,0,0,0.02618544,974.957670753254,0.0258484711576786,1000.4873663433
36415,8994,304.6667,24098.06,10.15908,1.311372,-1.253549,0,0,0,0,0,0,0,0,0,0,0,0.02622744,974.914382688179,0.0258893985952475,1000.48389116527
36416,8994,304.7333,24097.48,10.16126,1.313552,-1.25342,0,0,0,0,0,0,0,0,0,0,0,0.02627104,974.89091812954,0.0259318834013815,1000.50231643536
36417,8994,304.8,24095.99,10.16362,1.315912,-1.253229,0,0,0,0,0,0,0,0,0,0,0,0.02631824,974.830638487519,0.0259778740927178,1000.48646519059
36418,8994,304.8667,24094.92,10.16576,1.318052,-1.263862,0,0,0,0,0,0,0,0,0,0,0,0.02636104,974.787350422443,0.0260195756877242,1000.48375875842
36419,8994,304.9333,24094.8,10.16796,1.320252,-1.265297,0,0,0,0,0,0,0,0,0,0,0,0.02640504,974.782495686173,0.0260624446735627,1000.52166647607
36420,8994,305,24094.05,10.17036,1.322652,-1.270511,0,0,0,0,0,0,0,0,0,0,0,0.02645304,974.752153584484,0.0261092087440812,1000.53731129334
36421,8994,305.0667,24093.35,10.17248,1.324772,-1.269524,0,0,0,0,0,0,0,0,0,0,0,0.02649544,974.723834289575,0.0261505151873933,1000.54957115756
36422,8994,305.1333,24092.87,10.17466,1.326952,-1.268347,0,0,0,0,0,0,0,0,0,0,0,0.02653904,974.704415344494,0.0261929889017235,1000.5721348115
36423,8994,305.2,24091.6,10.17702,1.329312,-1.262255,0,0,0,0,0,0,0,0,0,0,0,0.02658624,974.653036052302,0.0262389675864809,1000.56539558552
36424,8994,305.2667,24090.4,10.1791,1.331392,-1.266751,0,0,0,0,0,0,0,0,0,0,0,0.02662784,974.6044886896,0.0262794894204297,1000.55610107771
36425,8994,305.3333,24089.39,10.18126,1.333552,-1.267802,0,0,0,0,0,0,0,0,0,0,0,0.02667104,974.563627992659,0.0263215680485606,1000.5562534974
36426,8994,305.4,24087.99,10.18364,1.335932,-1.266846,0,0,0,0,0,0,0,0,0,0,0,0.02671864,974.506989402841,0.0263679304126768,1000.54449083018
36427,8994,305.4667,24087.28,10.18574,1.338032,-1.267121,0,0,0,0,0,0,0,0,0,0,0,0.02676064,974.478265546576,0.0264088365960652,1000.55592759869
36428,8994,305.5333,24086.61,10.18796,1.340252,-1.260498,0,0,0,0,0,0,0,0,0,0,0,0.02680504,974.451159935734,0.0264520784562494,1000.57136225586
36429,8994,305.6,24085.66,10.19038,1.342672,-1.257534,0,0,0,0,0,0,0,0,0,0,0,0.02685344,974.412726606928,0.0264992138494809,1000.5790602961
36430,8994,305.6667,24085.52,10.19244,1.344732,-1.2668,0,0,0,0,0,0,0,0,0,0,0,0.02689464,974.407062747947,0.0265393356155406,1000.61338991401
36431,8994,305.7333,24084.54,10.19464,1.346932,-1.267426,0,0,0,0,0,0,0,0,0,0,0,0.02693864,974.367415735074,0.0265821823260649,1000.61554877529
36432,8994,305.8,24083.36,10.19706,1.349352,-1.269805,0,0,0,0,0,0,0,0,0,0,0,0.02698704,974.319677495084,0.0266293115873428,1000.61368160443
36433,8994,305.8667,24083.45,10.19912,1.351412,-1.26871,0,0,0,0,0,0,0,0,0,0,0,0.02702824,974.323318547286,0.0266694281340954,1000.65756303858
36434,8994,305.9333,24082.47,10.20123,1.353522,-1.264708,0,0,0,0,0,0,0,0,0,0,0,0.02707044,974.283671534413,0.0267105167151035,1000.65795920767
36435,8994,306,24080.61,10.20368,1.355972,-1.270803,0,0,0,0,0,0,0,0,0,0,0,0.02711944,974.208423122226,0.0267582240867409,1000.62841000058
36436,8994,306.0667,24080.27,10.20582,1.358112,-1.272381,0,0,0,0,0,0,0,0,0,0,0,0.02716224,974.194668036127,0.0267998931532791,1000.65597741604
36437,8994,306.1333,24079.66,10.20794,1.360232,-1.27279,0,0,0,0,0,0,0,0,0,0,0,0.02720464,974.16998979342,0.0268411710773137,1000.67193366455
36438,8994,306.2,24078.03,10.2104,1.362692,-1.273684,0,0,0,0,0,0,0,0,0,0,0,0.02725384,974.104046292417,0.0268890669101947,1000.65212211342
36439,8994,306.2667,24077.99,10.21256,1.364852,-1.266528,0,0,0,0,0,0,0,0,0,0,0,0.02729704,974.102428046994,0.0269311198964965,1000.69254098949
36440,8994,306.3333,24077.51,10.21464,1.366932,-1.268868,0,0,0,0,0,0,0,0,0,0,0,0.02733864,974.083009101913,0.0269716136934363,1000.71311381787
36441,8994,306.4,24075.91,10.21702,1.369312,-1.262841,0,0,0,0,0,0,0,0,0,0,0,0.02738624,974.018279284978,0.0270179459303911,1000.69297764586
36442,8994,306.4667,24075.7,10.21918,1.371472,-1.262672,0,0,0,0,0,0,0,0,0,0,0,0.02742944,974.009783496505,0.0270599934974082,1000.72632641234
36443,8994,306.5333,24074.6,10.22123,1.373522,-1.266342,0,0,0,0,0,0,0,0,0,0,0,0.02747044,973.965281747362,0.0270998981179735,1000.72053658169
36444,8994,306.6,24072.64,10.22366,1.375952,-1.277014,0,0,0,0,0,0,0,0,0,0,0,0.02751904,973.885987721616,0.027147197630192,1000.68639517317
36445,8994,306.6667,24072.55,10.22582,1.378112,-1.281897,0,0,0,0,0,0,0,0,0,0,0,0.02756224,973.882346669413,0.027189239762955,1000.72472564008
36446,8994,306.7333,24072.09,10.22793,1.380222,-1.276127,0,0,0,0,0,0,0,0,0,0,0,0.02760444,973.863736847044,0.0272303069916295,1000.74669993901
36447,8994,306.8,24070.54,10.2304,1.382692,-1.278834,0,0,0,0,0,0,0,0,0,0,0,0.02765384,973.801029836888,0.0272783788086758,1000.73036770783
36448,8994,306.8667,24070.96,10.23262,1.384912,-1.276919,0,0,0,0,0,0,0,0,0,0,0,0.02769824,973.818021413833,0.0273215830853923,1000.79106668728
36449,8994,306.9333,24070.63,10.23472,1.387012,-1.279822,0,0,0,0,0,0,0,0,0,0,0,0.02774024,973.804670889091,0.0273624502778813,1000.81824617267
36450,8994,307,24068.81,10.23704,1.389332,-1.275899,0,0,0,0,0,0,0,0,0,0,0,0.02778664,973.731040722326,0.0274075968536418,1000.7877546077
36451,8994,307.0667,24068.38,10.2392,1.391492,-1.272094,0,0,0,0,0,0,0,0,0,0,0,0.02782984,973.713644584025,0.0274496280403216,1000.81193951862
36452,8994,307.1333,24066.98,10.24125,1.393542,-1.268531,0,0,0,0,0,0,0,0,0,0,0,0.02787084,973.657005994206,0.0274895171160069,1000.79364462315
36453,8994,307.2,24064.44,10.24364,1.395932,-1.268156,0,0,0,0,0,0,0,0,0,0,0,0.02791864,973.554247409821,0.0275360199320526,1000.73455796373
36454,8994,307.2667,24064.01,10.2459,1.398192,-1.269717,0,0,0,0,0,0,0,0,0,0,0,0.02796384,973.53685127152,0.0275799913170388,1000.76068001458
36455,8994,307.3333,24063.74,10.24807,1.400362,-1.262198,0,0,0,0,0,0,0,0,0,0,0,0.02800724,973.525928114912,0.0276222098097294,1000.79170242985
36456,8994,307.4,24062.37,10.25034,1.402632,-1.265758,0,0,0,0,0,0,0,0,0,0,0,0.02805264,973.470503209161,0.0276663719476603,1000.77892078631
36457,8994,307.4667,24061.84,10.25258,1.404872,-1.270246,0,0,0,0,0,0,0,0,0,0,0,0.02809744,973.449061457301,0.027709948533283,1000.80048805465
36458,8994,307.5333,24060.81,10.25476,1.407052,-1.27487,0,0,0,0,0,0,0,0,0,0,0,0.02814104,973.407391637649,0.0277523560657074,1000.80008798202
36459,8994,307.6,24059.4,10.25693,1.409222,-1.274595,0,0,0,0,0,0,0,0,0,0,0,0.02818444,973.350348486474,0.0277945672821987,1000.78368298237
36460,8994,307.6667,24058.7,10.25915,1.411442,-1.277075,0,0,0,0,0,0,0,0,0,0,0,0.02822884,973.322029191565,0.0278377492636016,1000.79778102209
36461,8994,307.7333,24057.58,10.26139,1.413682,-1.269438,0,0,0,0,0,0,0,0,0,0,0,0.02827364,973.27671831971,0.0278813183819888,1000.79479387386
36462,8994,307.8,24056.45,10.26359,1.415882,-1.268937,0,0,0,0,0,0,0,0,0,0,0,0.02831764,973.231002886499,0.0279241076327597,1000.79060806308
36463,8994,307.8667,24056.33,10.26587,1.418162,-1.279943,0,0,0,0,0,0,0,0,0,0,0,0.02836324,973.226148150229,0.0279684509243718,1000.82999496449
36464,8994,307.9333,24055.68,10.26818,1.420472,-1.278575,0,0,0,0,0,0,0,0,0,0,0,0.02840944,973.199851662099,0.0280133756751301,1000.8479144559
36465,8994,308,24055.03,10.27031,1.422602,-1.272115,0,0,0,0,0,0,0,0,0,0,0,0.02845204,973.173555173969,0.0280547980075723,1000.86232809272
36466,8994,308.0667,24054.69,10.27255,1.424842,-1.275261,0,0,0,0,0,0,0,0,0,0,0,0.02849684,973.15980008787,0.0280983576705691,1000.89177920541
36467,8994,308.1333,24053.56,10.27484,1.427132,-1.27649,0,0,0,0,0,0,0,0,0,0,0,0.02854264,973.11408465466,0.0281428876861111,1000.88932965189
36468,8994,308.2,24052.38,10.27693,1.429222,-1.265931,0,0,0,0,0,0,0,0,0,0,0,0.02858444,973.06634641467,0.0281835268866857,1000.88090300978
36469,8994,308.2667,24051.37,10.27917,1.431462,-1.265082,0,0,0,0,0,0,0,0,0,0,0,0.02862924,973.025485717729,0.0282270809427787,1000.88246587446
36470,8994,308.3333,24049.87,10.28152,1.433812,-1.267467,0,0,0,0,0,0,0,0,0,0,0,0.02867624,972.964801514352,0.028272771775244,1000.86577367413
36471,8994,308.4,24048.81,10.28361,1.435902,-1.266021,0,0,0,0,0,0,0,0,0,0,0,0.02871804,972.921918010632,0.028313405697883,1000.86232856894
36472,8994,308.4667,24048.09,10.28585,1.438142,-1.264266,0,0,0,0,0,0,0,0,0,0,0,0.02876284,972.892789593011,0.0283569540977175,1000.87594923723
36473,8994,308.5333,24046.7,10.28824,1.440532,-1.261757,0,0,0,0,0,0,0,0,0,0,0,0.02881064,972.836555564549,0.0284034165939281,1000.86459934576
36474,8994,308.6,24046.16,10.29029,1.442582,-1.256761,0,0,0,0,0,0,0,0,0,0,0,0.02885164,972.814709251333,0.0284432676427653,1000.88200902936
36475,8994,308.6667,24045.46,10.29251,1.444802,-1.250818,0,0,0,0,0,0,0,0,0,0,0,0.02889604,972.786389956424,0.0284864216216893,1000.89606439206
36476,8994,308.7333,24043.91,10.29492,1.447212,-1.246714,0,0,0,0,0,0,0,0,0,0,0,0.02894424,972.723682946267,0.0285332668511051,1000.87843067915
36477,8994,308.8,24043.52,10.29695,1.449242,-1.246894,0,0,0,0,0,0,0,0,0,0,0,0.02898484,972.707905053389,0.0285727239931415,1000.9016880481
36478,8994,308.8667,24042.89,10.29907,1.451362,-1.257125,0,0,0,0,0,0,0,0,0,0,0,0.02902724,972.682417687971,0.0286139288047343,1000.91670366998
36479,8994,308.9333,24040.98,10.30151,1.453802,-1.252734,0,0,0,0,0,0,0,0,0,0,0,0.02907604,972.605146469004,0.0286613511090311,1000.88465261194
36480,8994,309,24040.34,10.30363,1.455922,-1.24524,0,0,0,0,0,0,0,0,0,0,0,0.02911844,972.57925454223,0.0287025522689972,1000.89924521086
36481,8994,309.0667,24040.19,10.30575,1.458042,-1.248202,0,0,0,0,0,0,0,0,0,0,0,0.02916084,972.573186121892,0.0287437517314979,1000.93423719068
36482,8994,309.1333,24038.92,10.30824,1.460532,-1.252824,0,0,0,0,0,0,0,0,0,0,0,0.02921064,972.5218068297,0.0287921394987144,1000.92979122115
36483,8994,309.2,24038.71,10.31041,1.462702,-1.250202,0,0,0,0,0,0,0,0,0,0,0,0.02925404,972.513311041227,0.0288343068484174,1000.96325434296
36484,8994,309.2667,24038.62,10.31251,1.464802,-1.249834,0,0,0,0,0,0,0,0,0,0,0,0.02929604,972.509669989024,0.0288751122681289,1001.00035218141
36485,8994,309.3333,24037.13,10.31493,1.467222,-1.257515,0,0,0,0,0,0,0,0,0,0,0,0.02934444,972.449390347003,0.0289221335916472,1000.98537313508
36486,8994,309.4,24036.32,10.31703,1.469322,-1.259317,0,0,0,0,0,0,0,0,0,0,0,0.02938644,972.41662087718,0.028962935427782,1000.99248356159
36487,8994,309.4667,24035.3,10.31909,1.471382,-1.26248,0,0,0,0,0,0,0,0,0,0,0,0.02942764,972.375355618883,0.0290029584686246,1000.99006752891
36488,8994,309.5333,24033.3,10.32153,1.473822,-1.258196,0,0,0,0,0,0,0,0,0,0,0,0.02947644,972.294443347714,0.0290503623282635,1000.95422216939
36489,8994,309.6,24032.64,10.32367,1.475962,-1.254952,0,0,0,0,0,0,0,0,0,0,0,0.02951924,972.267742298228,0.0290919359949029,1000.96834712739
36490,8994,309.6667,24032.15,10.32579,1.478082,-1.256794,0,0,0,0,0,0,0,0,0,0,0,0.02956164,972.247918791791,0.0291331194184565,1000.98916175786
36491,8994,309.7333,24030.86,10.32827,1.480562,-1.261025,0,0,0,0,0,0,0,0,0,0,0,0.02961124,972.195730376887,0.0291812941011082,1000.98365147605
36492,8994,309.8,24030.81,10.33043,1.482722,-1.25201,0,0,0,0,0,0,0,0,0,0,0,0.02965444,972.193707570108,0.0292232508048264,1001.02356753962
36493,8994,309.8667,24030.32,10.33251,1.484802,-1.251207,0,0,0,0,0,0,0,0,0,0,0,0.02969604,972.173884063671,0.0292636518928486,1001.04359861178
36494,8994,309.9333,24028.63,10.33489,1.487182,-1.252438,0,0,0,0,0,0,0,0,0,0,0,0.02974364,972.105513194533,0.029309878058607,1001.01946962101
36495,8994,310,24028.1,10.33703,1.489322,-1.25316,0,0,0,0,0,0,0,0,0,0,0,0.02978644,972.084071442673,0.0293514409378501,1001.03899531166
36496,8994,310.0667,24027.02,10.33907,1.491362,-1.258786,0,0,0,0,0,0,0,0,0,0,0,0.02982724,972.040378816242,0.0293910600182644,1001.03366048488
36497,8994,310.1333,24024.98,10.34149,1.493782,-1.269038,0,0,0,0,0,0,0,0,0,0,0,0.02987564,971.957848299649,0.0294380570880641,1000.99571107062
36498,8994,310.2,24024.33,10.34375,1.496042,-1.266741,0,0,0,0,0,0,0,0,0,0,0,0.02992084,971.931551811519,0.029481944919164,1001.01256026422
36499,8994,310.2667,24024.07,10.34587,1.498162,-1.260905,0,0,0,0,0,0,0,0,0,0,0,0.02996324,971.921033216267,0.0295231122842772,1001.04293639557
36500,8994,310.3333,24022.97,10.34819,1.500482,-1.260677,0,0,0,0,0,0,0,0,0,0,0,0.03000964,971.876531467124,0.0295681614210482,1001.0421963009
36501,8994,310.4,24022.57,10.35045,1.502742,-1.265246,0,0,0,0,0,0,0,0,0,0,0,0.03005484,971.86034901289,0.0296120435426478,1001.06945630482
36502,8994,310.4667,24021.63,10.35259,1.504882,-1.266981,0,0,0,0,0,0,0,0,0,0,0,0.03009764,971.82232024544,0.0296535938651813,1001.07187858415
36503,8994,310.5333,24020.23,10.35483,1.507122,-1.26586,0,0,0,0,0,0,0,0,0,0,0,0.03014244,971.765681655622,0.0296970839423253,1001.05707040899
36504,8994,310.6,24019.38,10.35705,1.509342,-1.268559,0,0,0,0,0,0,0,0,0,0,0,0.03018684,971.731293940375,0.0297401838491585,1001.06479103355
36505,8994,310.6667,24017.89,10.35919,1.511482,-1.264154,0,0,0,0,0,0,0,0,0,0,0,0.03022964,971.671014298354,0.0297817288478726,1001.04427925903
36506,8994,310.7333,24016.46,10.36147,1.513762,-1.260118,0,0,0,0,0,0,0,0,0,0,0,0.03027524,971.613162024467,0.0298259898447283,1001.02898369192
36507,8994,310.8,24016.21,10.36375,1.516042,-1.265692,0,0,0,0,0,0,0,0,0,0,0,0.03032084,971.603047990571,0.0298702488826349,1001.06286855221
36508,8994,310.8667,24015.35,10.36595,1.518242,-1.270806,0,0,0,0,0,0,0,0,0,0,0,0.03036484,971.568255713968,0.0299129531149531,1001.0697703478
36509,8994,310.9333,24014.53,10.36817,1.520462,-1.265178,0,0,0,0,0,0,0,0,0,0,0,0.03040924,971.535081682789,0.0299560437190497,1001.0787251501
36510,8994,311,24014.52,10.37043,1.522722,-1.258541,0,0,0,0,0,0,0,0,0,0,0,0.03045444,971.534677121433,0.029999908823225,1001.12222165375
36511,8994,311.0667,24013.49,10.37263,1.524922,-1.262417,0,0,0,0,0,0,0,0,0,0,0,0.03049844,971.493007301781,0.030042607518992,1001.12202849539
36512,8994,311.1333,24012.27,10.37479,1.527082,-1.262525,0,0,0,0,0,0,0,0,0,0,0,0.03054164,971.443650816368,0.0300845281011541,1001.11313307989
36513,8994,311.2,24011.76,10.37705,1.529342,-1.262536,0,0,0,0,0,0,0,0,0,0,0,0.03058684,971.423018187219,0.0301283875698343,1001.13577861683
36514,8994,311.2667,24010.38,10.37929,1.531582,-1.259936,0,0,0,0,0,0,0,0,0,0,0,0.03063164,971.367188720112,0.0301718570035131,1001.1217587528
36515,8994,311.3333,24009.23,10.38145,1.533742,-1.26268,0,0,0,0,0,0,0,0,0,0,0,0.03067484,971.32066416419,0.0302137721679252,1001.11577012612
36516,8994,311.4,24008.49,10.38369,1.535982,-1.259231,0,0,0,0,0,0,0,0,0,0,0,0.03071964,971.290726623857,0.0302572378902231,1001.12842808108
36517,8994,311.4667,24006.93,10.38603,1.538322,-1.262461,0,0,0,0,0,0,0,0,0,0,0,0.03076644,971.227615052345,0.0303026420289773,1001.1088311972
36518,8994,311.5333,24006.24,10.38815,1.540442,-1.263834,0,0,0,0,0,0,0,0,0,0,0,0.03080884,971.199700318792,0.0303437756227075,1001.12123649396
36519,8994,311.6,24005.97,10.39037,1.542662,-1.256153,0,0,0,0,0,0,0,0,0,0,0,0.03085324,971.188777162184,0.0303868476668,1001.15309758928
36520,8994,311.6667,24004.29,10.39275,1.545042,-1.254454,0,0,0,0,0,0,0,0,0,0,0,0.03090084,971.120810854402,0.0304330219418701,1001.12925965128
36521,8994,311.7333,24003.65,10.39483,1.547122,-1.256639,0,0,0,0,0,0,0,0,0,0,0,0.03094244,971.094918927628,0.0304733741843604,1001.14296519085
36522,8994,311.8,24003.3,10.39697,1.549262,-1.255599,0,0,0,0,0,0,0,0,0,0,0,0.03098524,971.080759280173,0.0305148887344789,1001.16992966585
36523,8994,311.8667,24001.4,10.39935,1.551642,-1.257532,0,0,0,0,0,0,0,0,0,0,0,0.03103284,971.003892622562,0.0305610570978606,1001.13690106169
36524,8994,311.9333,24000.42,10.40149,1.553782,-1.262176,0,0,0,0,0,0,0,0,0,0,0,0.03107564,970.964245609689,0.0306025680080977,1001.13758095913
36525,8994,312,24000.43,10.40363,1.555922,-1.270028,0,0,0,0,0,0,0,0,0,0,0,0.03111844,970.964650171045,0.0306440771952505,1001.17955537951
36526,8994,312.0667,23998.97,10.40609,1.558382,-1.277297,0,0,0,0,0,0,0,0,0,0,0,0.03116764,970.905584213091,0.0306917912350111,1001.16641993583
36527,8994,312.1333,23998.4,10.40823,1.560522,-1.273824,0,0,0,0,0,0,0,0,0,0,0,0.03121044,970.882524215808,0.0307332967188223,1001.18419498489
36528,8994,312.2,23998.59,10.41033,1.562622,-1.262945,0,0,0,0,0,0,0,0,0,0,0,0.03125244,970.890210881569,0.0307740247245607,1001.23289894373
36529,8994,312.2667,23997.16,10.41281,1.565102,-1.262903,0,0,0,0,0,0,0,0,0,0,0,0.03130204,970.832358607683,0.0308221204238408,1001.22139193011
36530,8994,312.3333,23996.24,10.41489,1.567182,-1.263637,0,0,0,0,0,0,0,0,0,0,0,0.03134364,970.795138962945,0.0308624569687055,1001.22339231235
36531,8994,312.4,23995.97,10.41694,1.569232,-1.258853,0,0,0,0,0,0,0,0,0,0,0,0.03138464,970.784215806337,0.0309022101445386,1001.2519289371
36532,8994,312.4667,23993.79,10.41939,1.571682,-1.254897,0,0,0,0,0,0,0,0,0,0,0,0.03143364,970.696021430762,0.030949717964771,1001.20853071785
36533,8994,312.5333,23992.6,10.42153,1.573822,-1.254445,0,0,0,0,0,0,0,0,0,0,0,0.03147644,970.647878629416,0.0309912127448113,1001.20041834222
36534,8994,312.6,23992.49,10.42363,1.575922,-1.262752,0,0,0,0,0,0,0,0,0,0,0,0.03151844,970.643428454502,0.0310319302477124,1001.23659511564
36535,8994,312.6667,23990.95,10.42615,1.578442,-1.261435,0,0,0,0,0,0,0,0,0,0,0,0.03156884,970.581126005702,0.0310807890628471,1001.2212462796
36536,8994,312.7333,23990.38,10.42829,1.580582,-1.263812,0,0,0,0,0,0,0,0,0,0,0,0.03161164,970.558066008419,0.0311222784045901,1001.23899819017
36537,8994,312.8,23990.4,10.43032,1.582612,-1.259964,0,0,0,0,0,0,0,0,0,0,0,0.03165224,970.55887513113,0.0311616335257638,1001.27923758091
36538,8994,312.8667,23988.53,10.43277,1.585062,-1.257421,0,0,0,0,0,0,0,0,0,0,0,0.03170124,970.483222157587,0.031209129023248,1001.24874369918
36539,8994,312.9333,23987.54,10.43493,1.587222,-1.26372,0,0,0,0,0,0,0,0,0,0,0,0.03174444,970.443170583358,0.0312510007336836,1001.24934558535
36540,8994,313,23987.26,10.43692,1.589212,-1.26671,0,0,0,0,0,0,0,0,0,0,0,0.03178424,970.431842865394,0.0312895754337986,1001.27628146267
36541,8994,313.0667,23985.22,10.43935,1.591642,-1.265733,0,0,0,0,0,0,0,0,0,0,0,0.03183284,970.349312348802,0.0313366771955355,1001.23828675291
36542,8994,313.1333,23983.91,10.44159,1.593882,-1.273983,0,0,0,0,0,0,0,0,0,0,0,0.03187764,970.296314811186,0.0313800941384072,1001.22707142806
36543,8994,313.2,23984.1,10.44368,1.595972,-1.266965,0,0,0,0,0,0,0,0,0,0,0,0.03191944,970.304001476946,0.0314206019968694,1001.27556183385
36544,8994,313.2667,23982.97,10.44605,1.598342,-1.271395,0,0,0,0,0,0,0,0,0,0,0,0.03196684,970.258286043736,0.0314665347601884,1001.27437743237
36545,8994,313.3333,23982.18,10.44833,1.600622,-1.271849,0,0,0,0,0,0,0,0,0,0,0,0.03201244,970.226325696624,0.0315107212502848,1001.28563773441
36546,8994,313.4,23981.65,10.45041,1.602702,-1.266951,0,0,0,0,0,0,0,0,0,0,0,0.03205404,970.204883944764,0.031551030029492,1001.30387010292
36547,8994,313.4667,23980.4,10.45269,1.604982,-1.284881,0,0,0,0,0,0,0,0,0,0,0,0.03209964,970.154313775283,0.0315952127862792,1001.29591799192
36548,8994,313.5333,23979.06,10.45491,1.607202,-1.281876,0,0,0,0,0,0,0,0,0,0,0,0.03214404,970.1001025536,0.0316382309632871,1001.28303905409
36549,8994,313.6,23977.55,10.457,1.609292,-1.285566,0,0,0,0,0,0,0,0,0,0,0,0.03218584,970.039013788867,0.0316787283667405,1001.26053428043
36550,8994,313.6667,23975.87,10.45935,1.611642,-1.293402,0,0,0,0,0,0,0,0,0,0,0,0.03223284,969.971047481084,0.0317242617660103,1001.23596905917
36551,8994,313.7333,23975.09,10.46159,1.613882,-1.27994,0,0,0,0,0,0,0,0,0,0,0,0.03227764,969.939491695328,0.0317676618847707,1001.24684943005
36552,8994,313.8,23974.06,10.46374,1.616032,-1.281996,0,0,0,0,0,0,0,0,0,0,0,0.03232064,969.897821875676,0.0318093164772624,1001.2455402133
36553,8994,313.8667,23972.82,10.46603,1.618322,-1.28197,0,0,0,0,0,0,0,0,0,0,0,0.03236644,969.847656267551,0.0318536815536473,1001.23817224328
36554,8994,313.9333,23972.33,10.46829,1.620582,-1.285197,0,0,0,0,0,0,0,0,0,0,0,0.03241164,969.827832761115,0.0318974634984917,1001.26154333855
36555,8994,314,23971.27,10.47042,1.622712,-1.28064,0,0,0,0,0,0,0,0,0,0,0,0.03245424,969.784949257395,0.031938725258317,1001.25858274898
36556,8994,314.0667,23969.99,10.47268,1.624972,-1.278987,0,0,0,0,0,0,0,0,0,0,0,0.03249944,969.733165403847,0.0319825034800224,1001.2489502289
36557,8994,314.1333,23969.42,10.47494,1.627232,-1.278629,0,0,0,0,0,0,0,0,0,0,0,0.03254464,969.710105406563,0.032026279785279,1001.26897169138
36558,8994,314.2,23968.15,10.4771,1.629392,-1.281182,0,0,0,0,0,0,0,0,0,0,0,0.03258784,969.658726114371,0.0320681172949057,1001.25780953559
36559,8994,314.2667,23967.03,10.47932,1.631612,-1.287711,0,0,0,0,0,0,0,0,0,0,0,0.03263224,969.613415242516,0.0321111151336706,1001.25407291593
36560,8994,314.3333,23966.56,10.4816,1.633892,-1.286511,0,0,0,0,0,0,0,0,0,0,0,0.03267784,969.594400858791,0.0321552731518287,1001.27865155495
36561,8994,314.4,23965.2,10.48384,1.636132,-1.287601,0,0,0,0,0,0,0,0,0,0,0,0.03272264,969.539380514396,0.0321986545690801,1001.26526862879
36562,8994,314.4667,23964.45,10.48602,1.638312,-1.279133,0,0,0,0,0,0,0,0,0,0,0,0.03276624,969.509038412707,0.032240872177152,1001.27620424751
36563,8994,314.5333,23964.01,10.48826,1.640552,-1.277262,0,0,0,0,0,0,0,0,0,0,0,0.03281104,969.49123771305,0.0322842498812358,1001.3012534933
36564,8994,314.6,23962.45,10.49056,1.642852,-1.283899,0,0,0,0,0,0,0,0,0,0,0,0.03285704,969.428126141538,0.0323287875302927,1001.2806648593
36565,8994,314.6667,23961.66,10.4927,1.644992,-1.288347,0,0,0,0,0,0,0,0,0,0,0,0.03289984,969.396165794426,0.0323702251267695,1001.28914454568
36566,8994,314.7333,23961.31,10.49486,1.647152,-1.287796,0,0,0,0,0,0,0,0,0,0,0,0.03294304,969.382006146971,0.0324120482493548,1001.31639635075
36567,8994,314.8,23959.33,10.49714,1.649432,-1.286876,0,0,0,0,0,0,0,0,0,0,0,0.03298864,969.301902998514,0.0324561929811955,1001.27785452785
36568,8994,314.8667,23957.9,10.49934,1.651632,-1.29751,0,0,0,0,0,0,0,0,0,0,0,0.03303264,969.244050724628,0.0324987869277659,1001.26074052436
36569,8994,314.9333,23957.62,10.50152,1.653812,-1.296458,0,0,0,0,0,0,0,0,0,0,0,0.03307624,969.232723006664,0.0325409918671362,1001.29129716869
36570,8994,315,23956.3,10.50386,1.656152,-1.296243,0,0,0,0,0,0,0,0,0,0,0,0.03312304,969.179320907692,0.0325862924346671,1001.28148632129
36571,8994,315.0667,23955.36,10.50604,1.658332,-1.294578,0,0,0,0,0,0,0,0,0,0,0,0.03316664,969.141292140242,0.0326284936811123,1001.28445248579
36572,8994,315.1333,23955.7,10.50824,1.660532,-1.292985,0,0,0,0,0,0,0,0,0,0,0,0.03321064,969.155047226341,0.0326710802895044,1001.34130660396
36573,8994,315.2,23954.65,10.5106,1.662892,-1.288043,0,0,0,0,0,0,0,0,0,0,0,0.03325784,969.112568283977,0.0327167620896044,1001.34315902195
36574,8994,315.2667,23953.8,10.5127,1.664992,-1.29186,0,0,0,0,0,0,0,0,0,0,0,0.03329984,969.07818056873,0.0327574093944555,1001.34832892916
36575,8994,315.3333,23953.52,10.51482,1.667112,-1.301558,0,0,0,0,0,0,0,0,0,0,0,0.03334224,969.066852850767,0.0327984421406832,1001.37771243456
36576,8994,315.4,23951.76,10.5172,1.669492,-1.295103,0,0,0,0,0,0,0,0,0,0,0,0.03338984,968.995650052137,0.0328445051988501,1001.35025976807
36577,8994,315.4667,23950.53,10.51936,1.671652,-1.292277,0,0,0,0,0,0,0,0,0,0,0,0.03343304,968.945889005368,0.0328863084906798,1001.34069567032
36578,8994,315.5333,23950.6,10.52152,1.673812,-1.287388,0,0,0,0,0,0,0,0,0,0,0,0.03347624,968.948720934859,0.0329281100350671,1001.38548086457
36579,8994,315.6,23949.2,10.52396,1.676252,-1.274454,0,0,0,0,0,0,0,0,0,0,0,0.03352504,968.892082345041,0.0329753281964503,1001.37422816134
36580,8994,315.6667,23948.4,10.5261,1.678392,-1.278194,0,0,0,0,0,0,0,0,0,0,0,0.03356784,968.859717436573,0.033016739011049,1001.38224541393
36581,8994,315.7333,23948.58,10.52822,1.680512,-1.291947,0,0,0,0,0,0,0,0,0,0,0,0.03361024,968.866999540978,0.0330577611178682,1001.43085192363
36582,8994,315.8,23946.98,10.5306,1.682892,-1.286268,0,0,0,0,0,0,0,0,0,0,0,0.03365784,968.802269724043,0.0331038122328339,1001.41006151005
36583,8994,315.8667,23945.63,10.53272,1.685012,-1.266818,0,0,0,0,0,0,0,0,0,0,0,0.03370024,968.747653941003,0.0331448307679546,1001.39468237825
36584,8994,315.9333,23945.08,10.5348,1.687092,-1.262223,0,0,0,0,0,0,0,0,0,0,0,0.03374184,968.725403066432,0.0331850737333157,1001.41198062063
36585,8994,316,23943.32,10.53718,1.689472,-1.26176,0,0,0,0,0,0,0,0,0,0,0,0.03378944,968.654200267803,0.0332311189859016,1001.3844832485
36586,8994,316.0667,23941.87,10.53938,1.691672,-1.255737,0,0,0,0,0,0,0,0,0,0,0,0.03383344,968.595538871205,0.0332736799388028,1001.36645791987
36587,8994,316.1333,23941.85,10.54152,1.693812,-1.266348,0,0,0,0,0,0,0,0,0,0,0,0.03387624,968.594729748493,0.0333150784005116,1001.40707727619
36588,8994,316.2,23940.88,10.54394,1.696232,-1.275527,0,0,0,0,0,0,0,0,0,0,0,0.03392464,968.555487296976,0.0333618914186091,1001.41338352355
36589,8994,316.2667,23940.29,10.54612,1.698412,-1.282171,0,0,0,0,0,0,0,0,0,0,0,0.03396824,968.531618176981,0.0334040599471903,1001.43093263081
36590,8994,316.3333,23940.05,10.54824,1.700532,-1.286485,0,0,0,0,0,0,0,0,0,0,0,0.03401064,968.521908704441,0.0334450661686908,1001.4619586735
36591,8994,316.4,23938.91,10.5506,1.702892,-1.289053,0,0,0,0,0,0,0,0,0,0,0,0.03405784,968.475788709874,0.0334907126262087,1001.45998216563
36592,8994,316.4667,23937.88,10.55274,1.705032,-1.286499,0,0,0,0,0,0,0,0,0,0,0,0.03410064,968.434118890222,0.0335321021042588,1001.45834214221
36593,8994,316.5333,23936.8,10.55484,1.707132,-1.282553,0,0,0,0,0,0,0,0,0,0,0,0.03414264,968.39042626379,0.0335727162819157,1001.45383196716
36594,8994,316.6,23935.4,10.55724,1.709532,-1.278865,0,0,0,0,0,0,0,0,0,0,0,0.03419064,968.333787673972,0.0336191304652321,1001.44173960817
36595,8994,316.6667,23934.62,10.55942,1.711712,-1.27491,0,0,0,0,0,0,0,0,0,0,0,0.03423424,968.302231888216,0.0336612881480448,1001.45132288721
36596,8994,316.7333,23933.79,10.56156,1.713852,-1.280458,0,0,0,0,0,0,0,0,0,0,0,0.03427704,968.26865329568,0.0337026705668114,1001.45803665544
36597,8994,316.8,23932.53,10.56396,1.716252,-1.286295,0,0,0,0,0,0,0,0,0,0,0,0.03432504,968.217678564844,0.0337490787189374,1001.45178911029
36598,8994,316.8667,23931.82,10.56614,1.718432,-1.283481,0,0,0,0,0,0,0,0,0,0,0,0.03436864,968.188954708579,0.0337912309239044,1001.46429234493
36599,8994,316.9333,23930.67,10.56826,1.720552,-1.281318,0,0,0,0,0,0,0,0,0,0,0,0.03441104,968.142430152656,0.0338322212723844,1001.45721804234
36600,8994,317,23929.2,10.57058,1.722872,-1.289245,0,0,0,0,0,0,0,0,0,0,0,0.03445744,968.082959633347,0.0338770767095051,1001.44062012994
36601,8994,317.0667,23928.2,10.57274,1.725032,-1.291643,0,0,0,0,0,0,0,0,0,0,0,0.03450064,968.042503497762,0.0339188368596251,1001.44058941564
36602,8994,317.1333,23926.71,10.57486,1.727152,-1.295564,0,0,0,0,0,0,0,0,0,0,0,0.03454304,967.982223855741,0.0339598219779343,1001.41927253368
36603,8994,317.2,23925.21,10.5772,1.729492,-1.286245,0,0,0,0,0,0,0,0,0,0,0,0.03458984,967.921539652364,0.0340050583186839,1001.40179084149
36604,8994,317.2667,23924.74,10.5794,1.731692,-1.281329,0,0,0,0,0,0,0,0,0,0,0,0.03463384,967.902525268639,0.0340475863454331,1001.42470646439
36605,8994,317.3333,23923.49,10.5816,1.733892,-1.284777,0,0,0,0,0,0,0,0,0,0,0,0.03467784,967.851955099158,0.0340901125636264,1001.41497034177
36606,8994,317.4,23922.57,10.5839,1.736192,-1.283418,0,0,0,0,0,0,0,0,0,0,0,0.03472384,967.81473545442,0.0341345698581692,1001.42097947798
36607,8994,317.4667,23922.34,10.58608,1.738372,-1.286968,0,0,0,0,0,0,0,0,0,0,0,0.03476744,967.805430543236,0.0341767058173083,1001.45354778132
36608,8994,317.5333,23920.93,10.58832,1.740612,-1.280224,0,0,0,0,0,0,0,0,0,0,0,0.03481224,967.748387392061,0.0342199996324147,1001.43787651357
36609,8994,317.6,23919.88,10.5906,1.742892,-1.277914,0,0,0,0,0,0,0,0,0,0,0,0.03485784,967.705908449697,0.0342640646265875,1001.43804617349
36610,8994,317.6667,23919.98,10.59272,1.745012,-1.279695,0,0,0,0,0,0,0,0,0,0,0,0.03490024,967.709954063256,0.0343050355984278,1001.48326371045
36611,8994,317.7333,23918.1,10.59492,1.747212,-1.288365,0,0,0,0,0,0,0,0,0,0,0,0.03494424,967.633896528357,0.0343475508699197,1001.44712764078
36612,8994,317.8,23916.34,10.59724,1.749532,-1.28634,0,0,0,0,0,0,0,0,0,0,0,0.03499064,967.562693729727,0.034392383198179,1001.41833162345
36613,8994,317.8667,23916.06,10.5994,1.751692,-1.285431,0,0,0,0,0,0,0,0,0,0,0,0.03503384,967.551366011764,0.0344341218350152,1001.4484057604
36614,8994,317.9333,23914.68,10.60164,1.753932,-1.287252,0,0,0,0,0,0,0,0,0,0,0,0.03507864,967.495536544657,0.0344774045072756,1001.43396417271
36615,8994,318,23913.12,10.60394,1.756232,-1.289194,0,0,0,0,0,0,0,0,0,0,0,0.03512464,967.432424973145,0.0345218445875826,1001.41314062465
36616,8994,318.0667,23913.49,10.60614,1.758432,-1.280869,0,0,0,0,0,0,0,0,0,0,0,0.03516864,967.447393743311,0.0345643506425765,1001.47120285281
36617,8994,318.1333,23912.36,10.60838,1.760672,-1.274339,0,0,0,0,0,0,0,0,0,0,0,0.03521344,967.4016783101,0.034607627678675,1001.46721926517
36618,8994,318.2,23911.01,10.6106,1.762892,-1.282753,0,0,0,0,0,0,0,0,0,0,0,0.03525784,967.347062527061,0.0346505164648522,1001.45363048211
36619,8994,318.2667,23910.87,10.61272,1.765012,-1.288966,0,0,0,0,0,0,0,0,0,0,0,0.03530024,967.341398668079,0.0346914716067682,1001.488782203
36620,8994,318.3333,23909.37,10.61494,1.767232,-1.298286,0,0,0,0,0,0,0,0,0,0,0,0.03534464,967.280714464702,0.0347343567972087,1001.4689030964
36621,8994,318.4,23907.44,10.61722,1.769512,-1.298285,0,0,0,0,0,0,0,0,0,0,0,0.03539024,967.202634123024,0.0347783991325629,1001.43216747327
36622,8994,318.4667,23907.68,10.61938,1.771672,-1.286231,0,0,0,0,0,0,0,0,0,0,0,0.03543344,967.212343595564,0.0348201216610656,1001.48400413962
36623,8994,318.5333,23906.48,10.62172,1.774012,-1.285517,0,0,0,0,0,0,0,0,0,0,0,0.03548024,967.163796232862,0.03486531910262,1001.47899984252
36624,8994,318.6,23905.31,10.62398,1.776272,-1.28596,0,0,0,0,0,0,0,0,0,0,0,0.03552544,967.116462554228,0.0349089693933397,1001.47370041771
36625,8994,318.6667,23905.74,10.62612,1.778412,-1.281009,0,0,0,0,0,0,0,0,0,0,0,0.03556824,967.13385869253,0.0349503002133015,1001.53310789063
36626,8994,318.7333,23904.52,10.6284,1.780692,-1.277786,0,0,0,0,0,0,0,0,0,0,0,0.03561384,967.084502207116,0.0349943330392396,1001.5260949352
36627,8994,318.8,23902.68,10.6306,1.782892,-1.282853,0,0,0,0,0,0,0,0,0,0,0,0.03565784,967.010062917641,0.035036819015784,1001.49155301955
36628,8994,318.8667,23902.55,10.63271,1.785002,-1.291811,0,0,0,0,0,0,0,0,0,0,0,0.03570004,967.004803620015,0.0350775652339178,1001.52691378944
36629,8994,318.9333,23900.89,10.63498,1.787272,-1.293283,0,0,0,0,0,0,0,0,0,0,0,0.03574544,966.937646434944,0.0351213993588759,1001.50125805933
36630,8994,319,23898.9,10.63726,1.789552,-1.292799,0,0,0,0,0,0,0,0,0,0,0,0.03579104,966.85713872513,0.0351654246516456,1001.46196125153
36631,8994,319.0667,23898.97,10.63944,1.791732,-1.285119,0,0,0,0,0,0,0,0,0,0,0,0.03583464,966.859970654621,0.0352075171980233,1001.50704963344
36632,8994,319.1333,23898.38,10.64176,1.794052,-1.290244,0,0,0,0,0,0,0,0,0,0,0,0.03588104,966.836101534626,0.035252310989426,1001.52718636723
36633,8994,319.2,23897.03,10.64396,1.796252,-1.285378,0,0,0,0,0,0,0,0,0,0,0,0.03592504,966.781485751587,0.0352947860071714,1001.51314929847
36634,8994,319.2667,23896.72,10.6461,1.798392,-1.279645,0,0,0,0,0,0,0,0,0,0,0,0.03596784,966.768944349556,0.0353361008844215,1001.54153505689
36635,8994,319.3333,23895.69,10.64842,1.800712,-1.281681,0,0,0,0,0,0,0,0,0,0,0,0.03601424,966.727274529903,0.0353808889165725,1001.54322260937
36636,8994,319.4,23894.53,10.65056,1.802852,-1.284865,0,0,0,0,0,0,0,0,0,0,0,0.03605704,966.680345412625,0.0354222002367178,1001.53597729438
36637,8994,319.4667,23893.69,10.65271,1.805002,-1.287484,0,0,0,0,0,0,0,0,0,0,0,0.03610004,966.646362258734,0.0354637028818804,1001.54233460213
36638,8994,319.5333,23892.54,10.65508,1.807372,-1.289353,0,0,0,0,0,0,0,0,0,0,0,0.03614744,966.599837702812,0.0355094503135609,1001.53994734018
36639,8994,319.6,23891.43,10.65724,1.809532,-1.287947,0,0,0,0,0,0,0,0,0,0,0,0.03619064,966.554931392313,0.0355511423525417,1001.53517295456
36640,8994,319.6667,23890.96,10.65943,1.811722,-1.278454,0,0,0,0,0,0,0,0,0,0,0,0.03623444,966.535917008588,0.0355934116730873,1001.55780470128
36641,8994,319.7333,23889.94,10.6618,1.814092,-1.266754,0,0,0,0,0,0,0,0,0,0,0,0.03628184,966.494651750291,0.0356391531714442,1001.56085606595
36642,8994,319.8,23889.37,10.66396,1.816252,-1.269743,0,0,0,0,0,0,0,0,0,0,0,0.03632504,966.471591753008,0.0356808398033116,1001.5787109823
36643,8994,319.8667,23888.38,10.66612,1.818412,-1.282038,0,0,0,0,0,0,0,0,0,0,0,0.03636824,966.431540178779,0.0357225246974763,1001.57895437557
36644,8994,319.9333,23887.28,10.66846,1.820752,-1.286466,0,0,0,0,0,0,0,0,0,0,0,0.03641504,966.387038429636,0.03576768137204,1001.57806108953
36645,8994,320,23886.26,10.67057,1.822862,-1.278737,0,0,0,0,0,0,0,0,0,0,0,0.03645724,966.34577317134,0.0358083978217827,1001.57607294683
36646,8994,320.0667,23884.86,10.67275,1.825042,-1.280997,0,0,0,0,0,0,0,0,0,0,0,0.03650084,966.289134581521,0.0358504633130504,1001.55949967662
36647,8994,320.1333,23883.43,10.67512,1.827412,-1.284175,0,0,0,0,0,0,0,0,0,0,0,0.03654824,966.231282307635,0.0358961930552601,1001.54533510892
36648,8994,320.2,23882.82,10.67725,1.829542,-1.283994,0,0,0,0,0,0,0,0,0,0,0,0.03659084,966.206604064928,0.0359372901532956,1001.56091532121
36649,8994,320.2667,23881.54,10.67945,1.831742,-1.291235,0,0,0,0,0,0,0,0,0,0,0,0.03663484,966.15482021138,0.0359797360871186,1001.54974746505
36650,8994,320.3333,23880.53,10.68182,1.834112,-1.29167,0,0,0,0,0,0,0,0,0,0,0,0.03668224,966.113959514439,0.0360254599182349,1001.5531836447
36651,8994,320.4,23880.31,10.68393,1.836222,-1.291986,0,0,0,0,0,0,0,0,0,0,0,0.03672444,966.105059164611,0.0360661658737166,1001.5847264436
36652,8994,320.4667,23879.03,10.68613,1.838422,-1.292435,0,0,0,0,0,0,0,0,0,0,0,0.03676844,966.053275311062,0.0361086063377577,1001.57354720114
36653,8994,320.5333,23877.76,10.68848,1.840772,-1.297999,0,0,0,0,0,0,0,0,0,0,0,0.03681544,966.00189601887,0.0361539384802975,1001.56568086164
36654,8994,320.6,23877.61,10.69057,1.842862,-1.297245,0,0,0,0,0,0,0,0,0,0,0,0.03685724,965.995827598532,0.0361942534252826,1001.59976765533
36655,8994,320.6667,23876.15,10.69271,1.845002,-1.308789,0,0,0,0,0,0,0,0,0,0,0,0.03690004,965.936761640579,0.0362355311586208,1001.57986678259
36656,8994,320.7333,23874.51,10.69511,1.847402,-1.311514,0,0,0,0,0,0,0,0,0,0,0,0.03694804,965.87041357822,0.036281821916822,1001.55743225392
36657,8994,320.8,23874.41,10.69727,1.849562,-1.306444,0,0,0,0,0,0,0,0,0,0,0,0.03699124,965.866367964661,0.0363234817671589,1001.59496258997
36658,8994,320.8667,23873.59,10.69941,1.851702,-1.300682,0,0,0,0,0,0,0,0,0,0,0,0.03703404,965.833193933482,0.0363647541666988,1001.60189907094
36659,8994,320.9333,23871.98,10.70183,1.854122,-1.301788,0,0,0,0,0,0,0,0,0,0,0,0.03708244,965.76805955519,0.0364114246410676,1001.58109567756
36660,8994,321,23871.96,10.70403,1.856322,-1.301553,0,0,0,0,0,0,0,0,0,0,0,0.03712644,965.767250432479,0.0364538504550063,1001.62275030962
36661,8994,321.0667,23871.1,10.70619,1.858482,-1.305044,0,0,0,0,0,0,0,0,0,0,0,0.03716964,965.732458155876,0.0364955031394256,1001.62838596184
36662,8994,321.1333,23869.45,10.70847,1.860762,-1.30708,0,0,0,0,0,0,0,0,0,0,0,0.03721524,965.665705532161,0.0365394679797474,1001.60318652331
36663,8994,321.2,23869.09,10.71063,1.862922,-1.297626,0,0,0,0,0,0,0,0,0,0,0,0.03725844,965.651141323351,0.0365811170981938,1001.62979643328
36664,8994,321.2667,23867.49,10.71273,1.865022,-1.29724,0,0,0,0,0,0,0,0,0,0,0,0.03730044,965.586411506415,0.0366216076337103,1001.60320951363
36665,8994,321.3333,23865.54,10.71509,1.867382,-1.297251,0,0,0,0,0,0,0,0,0,0,0,0.03734764,965.507522042025,0.0366671093267087,1001.56694939254
36666,8994,321.4,23865.32,10.71729,1.869582,-1.293811,0,0,0,0,0,0,0,0,0,0,0,0.03739164,965.498621692196,0.0367095242946335,1001.60019857501
36667,8994,321.4667,23864.47,10.71949,1.871782,-1.302049,0,0,0,0,0,0,0,0,0,0,0,0.03743564,965.464233976949,0.0367519374636048,1001.60700547299
36668,8994,321.5333,23863.14,10.72181,1.874102,-1.297352,0,0,0,0,0,0,0,0,0,0,0,0.03748204,965.410427316622,0.0367966621295084,1001.59597956972
36669,8994,321.6,23863.41,10.72401,1.876302,-1.294721,0,0,0,0,0,0,0,0,0,0,0,0.03752604,965.421350473229,0.0368390716029275,1001.64979068794
36670,8994,321.6667,23862.38,10.72617,1.878462,-1.297954,0,0,0,0,0,0,0,0,0,0,0,0.03756924,965.379680653577,0.0368807082452761,1001.64826156717
36671,8994,321.7333,23860.8,10.72845,1.880742,-1.30785,0,0,0,0,0,0,0,0,0,0,0,0.03761484,965.315759959353,0.0369246561537502,1001.6259578197
36672,8994,321.8,23860.67,10.73061,1.882902,-1.311878,0,0,0,0,0,0,0,0,0,0,0,0.03765804,965.310500661727,0.0369662892328719,1001.66220210807
36673,8994,321.8667,23859.4,10.73277,1.885062,-1.318811,0,0,0,0,0,0,0,0,0,0,0,0.03770124,965.259121369535,0.0370079205787528,1001.65058716648
36674,8994,321.9333,23857.27,10.73507,1.887362,-1.312904,0,0,0,0,0,0,0,0,0,0,0,0.03774724,965.172949800739,0.037052248347378,1001.60556477838
36675,8994,322,23857.12,10.73733,1.889622,-1.31098,0,0,0,0,0,0,0,0,0,0,0,0.03779244,965.166881380402,0.0370958032843833,1001.64289283496
36676,8994,322.0667,23856.54,10.73961,1.891902,-1.317197,0,0,0,0,0,0,0,0,0,0,0,0.03783804,965.143416821763,0.0371397417411044,1001.6625520332
36677,8994,322.1333,23855.38,10.74179,1.894082,-1.326146,0,0,0,0,0,0,0,0,0,0,0,0.03788164,965.096487704484,0.0371817512671753,1001.65592541697
36678,8994,322.2,23854.86,10.74399,1.896282,-1.323467,0,0,0,0,0,0,0,0,0,0,0,0.03792564,965.07545051398,0.0372241444126572,1001.67655462301
36679,8994,322.2667,23853.8,10.74627,1.898562,-1.314833,0,0,0,0,0,0,0,0,0,0,0,0.03797124,965.03256701026,0.037268077230753,1001.67605022002
36680,8994,322.3333,23852.52,10.74841,1.900702,-1.320367,0,0,0,0,0,0,0,0,0,0,0,0.03801404,964.980783156712,0.0373093106637819,1001.66360124686
36681,8994,322.4,23851.75,10.75059,1.902882,-1.312829,0,0,0,0,0,0,0,0,0,0,0,0.03805764,964.949631932312,0.0373513130670961,1001.67333764252
36682,8994,322.4667,23850.21,10.75289,1.905182,-1.308716,0,0,0,0,0,0,0,0,0,0,0,0.03810364,964.887329483511,0.0373956256168493,1001.65304892671
36683,8994,322.5333,23849.1,10.75505,1.907342,-1.31388,0,0,0,0,0,0,0,0,0,0,0,0.03814684,964.842423173012,0.0374372390930866,1001.64811271501
36684,8994,322.6,23848.69,10.75729,1.909582,-1.316566,0,0,0,0,0,0,0,0,0,0,0,0.03819164,964.825836157423,0.037480391980189,1001.67411715465
36685,8994,322.6667,23847.91,10.75965,1.911942,-1.314321,0,0,0,0,0,0,0,0,0,0,0,0.03823884,964.794280371667,0.037525854614708,1001.68689449171
36686,8994,322.7333,23847.04,10.76175,1.914042,-1.317682,0,0,0,0,0,0,0,0,0,0,0,0.03828084,964.759083533708,0.0375663069161336,1001.69087164901
36687,8994,322.8,23846.64,10.76397,1.916262,-1.319307,0,0,0,0,0,0,0,0,0,0,0,0.03832524,964.742901079474,0.0376090689983931,1001.71690430164
36688,8994,322.8667,23845.34,10.76633,1.918622,-1.310967,0,0,0,0,0,0,0,0,0,0,0,0.03837244,964.690308103214,0.0376545257834251,1001.70782906949
36689,8994,322.9333,23844.51,10.76837,1.920662,-1.311912,0,0,0,0,0,0,0,0,0,0,0,0.03841324,964.656729510679,0.0376938172716109,1001.71231997899
36690,8994,323,23843.53,10.77059,1.922882,-1.320772,0,0,0,0,0,0,0,0,0,0,0,0.03845764,964.617082497806,0.0377365739017265,1001.71397899436
36691,8994,323.0667,23842.22,10.77297,1.925262,-1.332254,0,0,0,0,0,0,0,0,0,0,0,0.03850524,964.56408496019,0.0377824100603471,1001.70485654696
36692,8994,323.1333,23841.24,10.77503,1.927322,-1.327453,0,0,0,0,0,0,0,0,0,0,0,0.03854644,964.524437947317,0.0378220816779596,1001.70342132319
36693,8994,323.2,23840.43,10.77729,1.929582,-1.329691,0,0,0,0,0,0,0,0,0,0,0,0.03859164,964.491668477493,0.0378656030985549,1001.71298373038
36694,8994,323.2667,23838.88,10.77971,1.932002,-1.32818,0,0,0,0,0,0,0,0,0,0,0,0.03864004,964.428961467337,0.0379122035817604,1001.69453511559
36695,8994,323.3333,23838.66,10.78175,1.934042,-1.324619,0,0,0,0,0,0,0,0,0,0,0,0.03868084,964.420061117508,0.0379514849469054,1001.72463919438
36696,8994,323.4,23837.43,10.78397,1.936262,-1.31919,0,0,0,0,0,0,0,0,0,0,0,0.03872524,964.370300070739,0.0379942305616739,1001.71577138985
36697,8994,323.4667,23836.06,10.78639,1.938682,-1.329289,0,0,0,0,0,0,0,0,0,0,0,0.03877364,964.314875164988,0.0380408250513025,1001.70487298128
36698,8994,323.5333,23835.82,10.78841,1.940702,-1.325306,0,0,0,0,0,0,0,0,0,0,0,0.03881404,964.305165692448,0.0380797163100388,1001.73374496584
36699,8994,323.6,23834.65,10.79053,1.942822,-1.321422,0,0,0,0,0,0,0,0,0,0,0,0.03885644,964.257832013814,0.0381205312519788,1001.72545860799
36700,8994,323.6667,23832.49,10.79299,1.945282,-1.319923,0,0,0,0,0,0,0,0,0,0,0,0.03890564,964.170446760951,0.0381678898985561,1001.68211506127
36701,8994,323.7333,23832.28,10.79509,1.947382,-1.330019,0,0,0,0,0,0,0,0,0,0,0,0.03894764,964.161950972478,0.0382083162370371,1001.71378354065
36702,8994,323.8,23831.87,10.79721,1.949502,-1.329298,0,0,0,0,0,0,0,0,0,0,0,0.03899004,964.145363956888,0.0382491259306233,1001.73743026338
36703,8994,323.8667,23830.44,10.79971,1.952002,-1.333047,0,0,0,0,0,0,0,0,0,0,0,0.03904004,964.087511683002,0.0382972484294175,1001.72552670261
36704,8994,323.9333,23830.49,10.80187,1.954162,-1.326948,0,0,0,0,0,0,0,0,0,0,0,0.03908324,964.089534489781,0.0383388244036844,1001.76927714773
36705,8994,324,23830.49,10.80395,1.956242,-1.331903,0,0,0,0,0,0,0,0,0,0,0,0.03912484,964.089534489781,0.0383788588934025,1001.80938327237
36706,8994,324.0667,23828.69,10.80637,1.958662,-1.339148,0,0,0,0,0,0,0,0,0,0,0,0.03917324,964.016713445729,0.0384254354653337,1001.78037152555
36707,8994,324.1333,23827.95,10.80849,1.960782,-1.348214,0,0,0,0,0,0,0,0,0,0,0,0.03921564,963.986775905396,0.0384662362994933,1001.79013427406
36708,8994,324.2,23826.91,10.81052,1.962812,-1.346316,0,0,0,0,0,0,0,0,0,0,0,0.03925624,963.944701524388,0.0385053034626296,1001.78554607416
36709,8994,324.2667,23824.7,10.81297,1.965262,-1.338705,0,0,0,0,0,0,0,0,0,0,0,0.03930524,963.855293464746,0.0385524514546236,1001.73985709965
36710,8994,324.3333,23824.23,10.81515,1.967442,-1.330736,0,0,0,0,0,0,0,0,0,0,0,0.03934884,963.836279081021,0.0385944016765733,1001.76211861278
36711,8994,324.4,23823.88,10.81725,1.969542,-1.331591,0,0,0,0,0,0,0,0,0,0,0,0.03939084,963.822119433566,0.0386348107767698,1001.78788232863
36712,8994,324.4667,23822.37,10.81973,1.972022,-1.336861,0,0,0,0,0,0,0,0,0,0,0,0.03944044,963.761030668833,0.0386825298971106,1001.77218977327
36713,8994,324.5333,23822.63,10.82193,1.974222,-1.333111,0,0,0,0,0,0,0,0,0,0,0,0.03948444,963.771549264085,0.0387248594689293,1001.82552917471
36714,8994,324.6,23822.31,10.82397,1.976262,-1.337096,0,0,0,0,0,0,0,0,0,0,0,0.03952524,963.758603300698,0.038764108925435,1001.85139339822
36715,8994,324.6667,23820.49,10.82633,1.978622,-1.345453,0,0,0,0,0,0,0,0,0,0,0,0.03957244,963.684973133934,0.0388095132375673,1001.82033891218
36716,8994,324.7333,23820.07,10.82851,1.980802,-1.337777,0,0,0,0,0,0,0,0,0,0,0,0.03961604,963.667981556989,0.0388514526773304,1001.84469086107
36717,8994,324.8,23819.28,10.83052,1.982812,-1.334022,0,0,0,0,0,0,0,0,0,0,0,0.03965624,963.636021209877,0.0388901200518648,1001.85020253962
36718,8994,324.8667,23817.03,10.83291,1.985202,-1.330268,0,0,0,0,0,0,0,0,0,0,0,0.03970404,963.544994904811,0.038936095730508,1001.80162392431
36719,8994,324.9333,23816.67,10.83523,1.987522,-1.330656,0,0,0,0,0,0,0,0,0,0,0,0.03975044,963.530430696001,0.0389807228194431,1001.83118926956
36720,8994,325,23816.73,10.83735,1.989642,-1.327658,0,0,0,0,0,0,0,0,0,0,0,0.03979284,963.532858064136,0.0390215010041664,1001.87456691982
36721,8994,325.0667,23815.88,10.83965,1.991942,-1.324017,0,0,0,0,0,0,0,0,0,0,0,0.03983884,963.498470348889,0.0390657396070401,1001.88313174936
36722,8994,325.1333,23815.45,10.84193,1.994222,-1.328307,0,0,0,0,0,0,0,0,0,0,0,0.03988444,963.481074210587,0.0391095915948942,1001.90897730608
36723,8994,325.2,23814.74,10.84405,1.996342,-1.328541,0,0,0,0,0,0,0,0,0,0,0,0.03992684,963.452350354322,0.0391503645250283,1001.91995819454
36724,8994,325.2667,23813.23,10.84625,1.998542,-1.3299,0,0,0,0,0,0,0,0,0,0,0,0.03997084,963.391261589589,0.0391926742986579,1001.89881956399
36725,8994,325.3333,23812.21,10.84851,2.000802,-1.329135,0,0,0,0,0,0,0,0,0,0,0,0.04001604,963.349996331293,0.03923613611127,1001.89944831849
36726,8994,325.4,23810.9,10.85073,2.003022,-1.331264,0,0,0,0,0,0,0,0,0,0,0,0.04006044,963.296998793677,0.0392788268492631,1001.88710041603
36727,8994,325.4667,23809.61,10.85289,2.005182,-1.328921,0,0,0,0,0,0,0,0,0,0,0,0.04010364,963.244810378773,0.0393203620343206,1001.87443348607
36728,8994,325.5333,23809.02,10.85519,2.007482,-1.329329,0,0,0,0,0,0,0,0,0,0,0,0.04014964,963.220941258778,0.0393645874182676,1001.89391529078
36729,8994,325.6,23807.85,10.85747,2.009762,-1.31531,0,0,0,0,0,0,0,0,0,0,0,0.04019524,963.173607580144,0.0394084263032964,1001.88860189849
36730,8994,325.6667,23807.16,10.85958,2.011872,-1.314693,0,0,0,0,0,0,0,0,0,0,0,0.04023744,963.14569284659,0.039448994787354,1001.90020987376
36731,8994,325.7333,23806.57,10.86187,2.014162,-1.321391,0,0,0,0,0,0,0,0,0,0,0,0.04028324,963.121823726595,0.0394930222276458,1001.91949130101
36732,8994,325.8,23805.34,10.86415,2.016442,-1.320135,0,0,0,0,0,0,0,0,0,0,0,0.04032884,963.072062679826,0.0395368554827207,1001.91164180411
36733,8994,325.8667,23804.47,10.8662,2.018492,-1.331801,0,0,0,0,0,0,0,0,0,0,0,0.04036984,963.036865841867,0.0395762653217325,1001.91451003001
36734,8994,325.9333,23803.57,10.86847,2.020762,-1.331789,0,0,0,0,0,0,0,0,0,0,0,0.04041524,963.000455319841,0.0396199026973014,1001.9203498417
36735,8994,326,23801.95,10.87081,2.023102,-1.338324,0,0,0,0,0,0,0,0,0,0,0,0.04046204,962.934916380194,0.0396648837256953,1001.89722748417
36736,8994,326.0667,23801.26,10.8729,2.025192,-1.341298,0,0,0,0,0,0,0,0,0,0,0,0.04050384,962.90700164664,0.0397050573781394,1001.90843277622
36737,8994,326.1333,23800.62,10.87514,2.027432,-1.338617,0,0,0,0,0,0,0,0,0,0,0,0.04054864,962.881109719866,0.0397481125153235,1001.9246292007
36738,8994,326.2,23799.09,10.87757,2.029862,-1.325292,0,0,0,0,0,0,0,0,0,0,0,0.04059724,962.819211832422,0.0397948175545772,1001.90701445179
36739,8994,326.2667,23798.6,10.87962,2.031912,-1.326829,0,0,0,0,0,0,0,0,0,0,0,0.04063824,962.799388325985,0.0398342172288565,1001.92586094063
36740,8994,326.3333,23798.05,10.88182,2.034112,-1.335842,0,0,0,0,0,0,0,0,0,0,0,0.04068224,962.777137451414,0.0398764980793351,1001.94506802373
36741,8994,326.4,23796.12,10.88427,2.036562,-1.32566,0,0,0,0,0,0,0,0,0,0,0,0.04073124,962.699057109735,0.0399235814680802,1001.91098345265
36742,8994,326.4667,23795.44,10.8863,2.038592,-1.316209,0,0,0,0,0,0,0,0,0,0,0,0.04077184,962.671546937538,0.0399625917394511,1001.92143722183
36743,8994,326.5333,23794.53,10.88838,2.040672,-1.317296,0,0,0,0,0,0,0,0,0,0,0,0.04081344,962.634731854155,0.0400025612765201,1001.9231667246
36744,8994,326.6,23792.24,10.89083,2.043122,-1.322848,0,0,0,0,0,0,0,0,0,0,0,0.04086244,962.542087303667,0.0400496387302965,1001.87390559359
36745,8994,326.6667,23790.95,10.89296,2.045252,-1.320525,0,0,0,0,0,0,0,0,0,0,0,0.04090504,962.489898888762,0.0400905654912486,1001.8605867024
36746,8994,326.7333,23790.85,10.89508,2.047372,-1.320335,0,0,0,0,0,0,0,0,0,0,0,0.04094744,962.485853275204,0.0401312984446286,1001.89718500304
36747,8994,326.8,23789.07,10.89755,2.049842,-1.328344,0,0,0,0,0,0,0,0,0,0,0,0.04099684,962.413841353863,0.0401787540854772,1001.86976762163
36748,8994,326.8667,23788.37,10.8997,2.051992,-1.327144,0,0,0,0,0,0,0,0,0,0,0,0.04103984,962.385522058954,0.0402200597938917,1001.88166990257
36749,8994,326.9333,23788.28,10.90178,2.054072,-1.323137,0,0,0,0,0,0,0,0,0,0,0,0.04108144,962.381881006751,0.0402600190416118,1001.91791450842
36750,8994,327,23786.77,10.90423,2.056522,-1.318703,0,0,0,0,0,0,0,0,0,0,0,0.04113044,962.320792242018,0.0403070843767776,1001.90146984808
36751,8994,327.0667,23785.91,10.90634,2.058632,-1.326082,0,0,0,0,0,0,0,0,0,0,0,0.04117264,962.285999965415,0.0403476164207544,1001.90585501903
36752,8994,327.1333,23785.18,10.90838,2.060672,-1.328673,0,0,0,0,0,0,0,0,0,0,0,0.04121344,962.256466986439,0.0403868022378292,1001.9143661532
36753,8994,327.2,23783.05,10.91084,2.063132,-1.341415,0,0,0,0,0,0,0,0,0,0,0,0.04126264,962.170295417643,0.0404340536809375,1001.87198193616
36754,8994,327.2667,23782.1,10.913,2.065292,-1.336682,0,0,0,0,0,0,0,0,0,0,0,0.04130584,962.131862088838,0.040475540912134,1001.87352684318
36755,8994,327.3333,23781.71,10.9151,2.067392,-1.322713,0,0,0,0,0,0,0,0,0,0,0,0.04134784,962.11608419596,0.0405158740701709,1001.89750610672
36756,8994,327.4,23780.18,10.91757,2.069862,-1.318294,0,0,0,0,0,0,0,0,0,0,0,0.04139724,962.054186308515,0.0405633114646784,1001.88057435213
36757,8994,327.4667,23779.76,10.91975,2.072042,-1.323181,0,0,0,0,0,0,0,0,0,0,0,0.04144084,962.037194731569,0.0406051774171256,1001.90482419249
36758,8994,327.5333,23779.34,10.9218,2.074092,-1.328121,0,0,0,0,0,0,0,0,0,0,0,0.04148184,962.020203154624,0.0406445451770517,1001.92657129865
36759,8994,327.6,23777.41,10.92418,2.076472,-1.333971,0,0,0,0,0,0,0,0,0,0,0,0.04152944,961.942122812945,0.0406902482420953,1001.89104048578
36760,8994,327.6667,23776.31,10.92636,2.078652,-1.328145,0,0,0,0,0,0,0,0,0,0,0,0.04157304,961.897621063802,0.0407321088806621,1001.88662934019
36761,8994,327.7333,23775.51,10.9284,2.080692,-1.326373,0,0,0,0,0,0,0,0,0,0,0,0.04161384,961.865256155334,0.0407712796342769,1001.89216302654
36762,8994,327.8,23773.67,10.93078,2.083072,-1.332963,0,0,0,0,0,0,0,0,0,0,0,0.04166144,961.790816865859,0.0408169769076669,1001.86040727527
36763,8994,327.8667,23772.73,10.93306,2.085352,-1.330029,0,0,0,0,0,0,0,0,0,0,0,0.04170704,961.752788098409,0.0408607521691677,1001.86465010174
36764,8994,327.9333,23772.51,10.93516,2.087452,-1.32463,0,0,0,0,0,0,0,0,0,0,0,0.04174904,961.74388774858,0.0409010697937233,1001.89577178795
36765,8994,328,23771.55,10.9375,2.089792,-1.323985,0,0,0,0,0,0,0,0,0,0,0,0.04179584,961.705049858419,0.0409459932320971,1001.90032024949
36766,8994,328.0667,23771.08,10.93976,2.092052,-1.318263,0,0,0,0,0,0,0,0,0,0,0,0.04184104,961.686035474694,0.0409893789107064,1001.92397935243
36767,8994,328.1333,23770.46,10.94188,2.094172,-1.319038,0,0,0,0,0,0,0,0,0,0,0,0.04188344,961.660952670632,0.0410300752699544,1001.93862148216
36768,8994,328.2,23769.23,10.94412,2.096412,-1.32397,0,0,0,0,0,0,0,0,0,0,0,0.04192824,961.611191623863,0.0410730733973157,1001.92985645295
36769,8994,328.2667,23768.78,10.94634,2.098632,-1.317508,0,0,0,0,0,0,0,0,0,0,0,0.04197264,961.59298636285,0.0411156857887522,1001.95358260598
36770,8994,328.3333,23767.28,10.94848,2.100772,-1.31236,0,0,0,0,0,0,0,0,0,0,0,0.04201544,961.532302159472,0.041156760879744,1001.93150490892
36771,8994,328.4,23765.99,10.95078,2.103072,-1.315532,0,0,0,0,0,0,0,0,0,0,0,0.04206144,961.480113744568,0.0412009051245642,1001.92135186003
36772,8994,328.4667,23765.6,10.95306,2.105352,-1.316346,0,0,0,0,0,0,0,0,0,0,0,0.04210704,961.46433585169,0.0412446635831006,1001.94875309997
36773,8994,328.5333,23764.61,10.95526,2.107552,-1.317387,0,0,0,0,0,0,0,0,0,0,0,0.04215104,961.424284277461,0.041286884842002,1001.94931774101
36774,8994,328.6,23763.49,10.95748,2.109772,-1.322446,0,0,0,0,0,0,0,0,0,0,0,0.04219544,961.378973405607,0.0413294881235895,1001.9447821952
36775,8994,328.6667,23763,10.95976,2.112052,-1.320303,0,0,0,0,0,0,0,0,0,0,0,0.04224104,961.35914989917,0.0413732409560167,1001.96796020443
36776,8994,328.7333,23761.62,10.96194,2.114232,-1.319978,0,0,0,0,0,0,0,0,0,0,0,0.04228464,961.303320432063,0.0414150730144315,1001.95168526734
36777,8994,328.8,23760.6,10.96408,2.116372,-1.314678,0,0,0,0,0,0,0,0,0,0,0,0.04232744,961.262055173767,0.0414561358101589,1001.94981713841
36778,8994,328.8667,23759.84,10.96636,2.118652,-1.313353,0,0,0,0,0,0,0,0,0,0,0,0.04237304,961.231308510722,0.0414998831018631,1001.9616011955
36779,8994,328.9333,23758.33,10.9686,2.120892,-1.319067,0,0,0,0,0,0,0,0,0,0,0,0.04241784,961.170219745989,0.0415428610335459,1001.94098433994
36780,8994,329,23757.37,10.97074,2.123032,-1.322643,0,0,0,0,0,0,0,0,0,0,0,0.04246064,961.131381855828,0.0415839185823832,1001.94163545351
36781,8994,329.0667,23757.06,10.97302,2.125312,-1.326204,0,0,0,0,0,0,0,0,0,0,0,0.04250624,961.118840453797,0.0416276602844166,1001.97238855465
36782,8994,329.1333,23755.8,10.97536,2.127652,-1.325891,0,0,0,0,0,0,0,0,0,0,0,0.04255304,961.06786572296,0.0416725510944351,1001.96422505578
36783,8994,329.2,23755.63,10.97746,2.129752,-1.324785,0,0,0,0,0,0,0,0,0,0,0,0.04259504,961.060988179911,0.0417128360031266,1001.99741941387
36784,8994,329.2667,23755.39,10.9797,2.131992,-1.31441,0,0,0,0,0,0,0,0,0,0,0,0.04263984,961.05127870737,0.0417558047837055,1002.03035146325
36785,8994,329.3333,23753.91,10.98208,2.134372,-1.310577,0,0,0,0,0,0,0,0,0,0,0,0.04268744,960.991403626705,0.0418014570901464,1002.01366650954
36786,8994,329.4,23753.25,10.98414,2.136432,-1.313339,0,0,0,0,0,0,0,0,0,0,0,0.04272864,960.964702577219,0.0418409695887797,1002.02541740635
36787,8994,329.4667,23752.98,10.98628,2.138572,-1.31662,0,0,0,0,0,0,0,0,0,0,0,0.04277144,960.953779420611,0.0418820149000857,1002.05515633987
36788,8994,329.5333,23750.44,10.98866,2.140952,-1.322015,0,0,0,0,0,0,0,0,0,0,0,0.04281904,960.851020836226,0.0419276614452388,1001.99373913145
36789,8994,329.6,23749.4,10.9908,2.143092,-1.313032,0,0,0,0,0,0,0,0,0,0,0,0.04286184,960.808946455218,0.0419687031984778,1001.99098578875
36790,8994,329.6667,23749.22,10.99294,2.145232,-1.30934,0,0,0,0,0,0,0,0,0,0,0,0.04290464,960.801664350813,0.0420097432673602,1002.02451387119
36791,8994,329.7333,23747.58,10.9954,2.147692,-1.31119,0,0,0,0,0,0,0,0,0,0,0,0.04295384,960.735316288454,0.0420569180881651,1002.00258734666
36792,8994,329.8,23746.37,10.99754,2.149832,-1.316048,0,0,0,0,0,0,0,0,0,0,0,0.04299664,960.686364364396,0.0420979545369363,1001.99265012588
36793,8994,329.8667,23746.71,10.99966,2.151952,-1.31354,0,0,0,0,0,0,0,0,0,0,0,0.04303904,960.700119450495,0.0421386058071063,1002.04773031953
36794,8994,329.9333,23745.02,11.0021,2.154392,-1.324789,0,0,0,0,0,0,0,0,0,0,0,0.04308784,960.631748581357,0.04218539107264,1002.02329566315
36795,8994,330,23744.12,11.0042,2.156492,-1.335553,0,0,0,0,0,0,0,0,0,0,0,0.04312984,960.595338059331,0.0422256553273323,1002.02566129458
36796,8994,330.0667,23743.67,11.00622,2.158512,-1.334193,0,0,0,0,0,0,0,0,0,0,0,0.04317024,960.577132798318,0.0422643841759696,1002.04547815973
36797,8994,330.1333,23741.69,11.00868,2.160972,-1.330453,0,0,0,0,0,0,0,0,0,0,0,0.04321944,960.49702964986,0.0423115469859478,1002.00917339299
36798,8994,330.2,23740.3,11.01082,2.163112,-1.32732,0,0,0,0,0,0,0,0,0,0,0,0.04326224,960.440795621397,0.0423525729871978,1001.99161582736
36799,8994,330.2667,23740.42,11.0129,2.165192,-1.329901,0,0,0,0,0,0,0,0,0,0,0,0.04330384,960.445650357667,0.0423924471137873,1002.03663512945
36800,8994,330.3333,23738.8,11.01544,2.167732,-1.320345,0,0,0,0,0,0,0,0,0,0,0,0.04335464,960.38011141802,0.0424411374006712,1002.01704541171
36801,8994,330.4,23738.03,11.01762,2.169912,-1.317375,0,0,0,0,0,0,0,0,0,0,0,0.04339824,960.34896019362,0.0424829248115564,1002.02641485185
36802,8994,330.4667,23738.35,11.01964,2.171932,-1.322646,0,0,0,0,0,0,0,0,0,0,0,0.04343864,960.361906157007,0.0425216436979172,1002.07872126828
36803,8994,330.5333,23736.49,11.02208,2.174372,-1.319637,0,0,0,0,0,0,0,0,0,0,0,0.04348744,960.28665774482,0.0425684110467722,1002.0470661563
36804,8994,330.6,23735.02,11.02424,2.176532,-1.323037,0,0,0,0,0,0,0,0,0,0,0,0.04353064,960.22718722551,0.042609809825652,1002.02649123084
36805,8994,330.6667,23734.52,11.02624,2.178532,-1.317231,0,0,0,0,0,0,0,0,0,0,0,0.04357064,960.206959157718,0.0426481405002467,1002.04379090067
36806,8994,330.7333,23732.3,11.02866,2.180952,-1.315061,0,0,0,0,0,0,0,0,0,0,0,0.04361904,960.11714653672,0.042694518652144,1001.99653475619
36807,8994,330.8,23730.73,11.0309,2.183192,-1.318404,0,0,0,0,0,0,0,0,0,0,0,0.04366384,960.053630403852,0.042737445272619,1001.97325851322
36808,8994,330.8667,23730.63,11.033,2.185292,-1.323575,0,0,0,0,0,0,0,0,0,0,0,0.04370584,960.049584790293,0.0427776873058421,1002.0093583352
36809,8994,330.9333,23729.72,11.03538,2.187672,-1.325338,0,0,0,0,0,0,0,0,0,0,0,0.04375344,960.012769706911,0.0428232929858802,1002.01663082552
36810,8994,331,23728.77,11.03762,2.189912,-1.323578,0,0,0,0,0,0,0,0,0,0,0,0.04379824,959.974336378106,0.0428662140789829,1002.01952275663
36811,8994,331.0667,23728.21,11.03972,2.192012,-1.328737,0,0,0,0,0,0,0,0,0,0,0,0.04384024,959.951680942178,0.0429064509307251,1002.03619302309
36812,8994,331.1333,23727.07,11.042,2.194292,-1.329985,0,0,0,0,0,0,0,0,0,0,0,0.04388584,959.905560947612,0.0429501348224426,1002.03182281047
36813,8994,331.2,23726.06,11.0442,2.196492,-1.328082,0,0,0,0,0,0,0,0,0,0,0,0.04392984,959.864700250671,0.0429922841370858,1002.03140295433
36814,8994,331.2667,23724.72,11.0463,2.198592,-1.32441,0,0,0,0,0,0,0,0,0,0,0,0.04397184,959.810489028988,0.0430325159165876,1002.01512228289
36815,8994,331.3333,23723.39,11.04864,2.200932,-1.323727,0,0,0,0,0,0,0,0,0,0,0,0.04401864,959.75668236866,0.0430773437071892,1002.00386625744
36816,8994,331.4,23722.64,11.05092,2.203212,-1.318171,0,0,0,0,0,0,0,0,0,0,0,0.04406424,959.726340266972,0.043121020134446,1002.01595205882
36817,8994,331.4667,23721.88,11.05308,2.205372,-1.311736,0,0,0,0,0,0,0,0,0,0,0,0.04410744,959.695593603927,0.0431623960427777,1002.02530941708
36818,8994,331.5333,23721.04,11.05534,2.207632,-1.321139,0,0,0,0,0,0,0,0,0,0,0,0.04415264,959.661610450036,0.0432056856698122,1002.03320405806
36819,8994,331.6,23720.3,11.0576,2.209892,-1.317499,0,0,0,0,0,0,0,0,0,0,0,0.04419784,959.631672909703,0.0432489734229359,1002.0453200479
36820,8994,331.6667,23718.82,11.05976,2.212052,-1.310112,0,0,0,0,0,0,0,0,0,0,0,0.04424104,959.571797829038,0.043290344037532,1002.02425211966
36821,8994,331.7333,23717.62,11.06198,2.214272,-1.319288,0,0,0,0,0,0,0,0,0,0,0,0.04428544,959.523250466336,0.0433328620524405,1002.01615980347
36822,8994,331.8,23716.65,11.06424,2.216532,-1.318518,0,0,0,0,0,0,0,0,0,0,0,0.04433064,959.484008014819,0.0433761443008537,1002.01854815988
36823,8994,331.8667,23714.86,11.0664,2.218692,-1.324449,0,0,0,0,0,0,0,0,0,0,0,0.04437384,959.411591532123,0.0434175096547559,1001.98436798891
36824,8994,331.9333,23713.69,11.06864,2.220932,-1.318818,0,0,0,0,0,0,0,0,0,0,0,0.04441864,959.364257853488,0.0434604052515523,1001.97791345195
36825,8994,332,23713.07,11.07088,2.223172,-1.321568,0,0,0,0,0,0,0,0,0,0,0,0.04446344,959.339175049426,0.0435032990083956,1001.99469489889
36826,8994,332.0667,23711.6,11.07314,2.225432,-1.328239,0,0,0,0,0,0,0,0,0,0,0,0.04450864,959.279704530116,0.0435465738807024,1001.97593955835
36827,8994,332.1333,23710.94,11.07534,2.227632,-1.334392,0,0,0,0,0,0,0,0,0,0,0,0.04455264,959.253003480631,0.0435886980638728,1001.99025721362
36828,8994,332.2,23710.69,11.07756,2.229852,-1.333197,0,0,0,0,0,0,0,0,0,0,0,0.04459704,959.242889446734,0.043631203395522,1002.02228295711
36829,8994,332.2667,23708.92,11.07984,2.232132,-1.327091,0,0,0,0,0,0,0,0,0,0,0,0.04464264,959.171282086749,0.0436748556393921,1001.99122033129
36830,8994,332.3333,23708.13,11.082,2.234292,-1.323497,0,0,0,0,0,0,0,0,0,0,0,0.04468584,959.139321739638,0.0437162086390949,1001.9992680086
36831,8994,332.4,23707.94,11.08417,2.236462,-1.32846,0,0,0,0,0,0,0,0,0,0,0,0.04472924,959.131635073877,0.0437577513659772,1002.03286417069
36832,8994,332.4667,23706.04,11.08643,2.238722,-1.325448,0,0,0,0,0,0,0,0,0,0,0,0.04477444,959.054768416266,0.0438010152285297,1001.99590860143
36833,8994,332.5333,23704.72,11.08867,2.240962,-1.316596,0,0,0,0,0,0,0,0,0,0,0,0.04481924,959.001366317294,0.0438438943781324,1001.9830787146
36834,8994,332.6,23704.7,11.09083,2.243122,-1.329201,0,0,0,0,0,0,0,0,0,0,0,0.04486244,959.000557194582,0.0438852403883114,1002.02366215169
36835,8994,332.6667,23703.15,11.09316,2.245452,-1.330033,0,0,0,0,0,0,0,0,0,0,0,0.04490904,958.937850184426,0.0439298385661063,1002.00282845587
36836,8994,332.7333,23701.84,11.09538,2.247672,-1.328501,0,0,0,0,0,0,0,0,0,0,0,0.04495344,958.88485264681,0.0439723294002463,1001.99002533718
36837,8994,332.8,23702.08,11.09756,2.249852,-1.336661,0,0,0,0,0,0,0,0,0,0,0,0.04499704,958.89456211935,0.0440140528768775,1002.04197908682
36838,8994,332.8667,23700.66,11.0999,2.252192,-1.332857,0,0,0,0,0,0,0,0,0,0,0,0.04504384,958.83711440682,0.0440588366899174,1002.02681997422
36839,8994,332.9333,23699.23,11.10203,2.254322,-1.336269,0,0,0,0,0,0,0,0,0,0,0,0.04508644,958.779262132934,0.044099599699203,1002.00720580833
36840,8994,333,23698.62,11.10415,2.256442,-1.336514,0,0,0,0,0,0,0,0,0,0,0,0.04512884,958.754583890227,0.0441401696829856,1002.02206610588
36841,8994,333.0667,23696.55,11.10649,2.258782,-1.336828,0,0,0,0,0,0,0,0,0,0,0,0.04517564,958.670839689567,0.0441849478485167,1001.97940842188
36842,8994,333.1333,23694.88,11.10867,2.260962,-1.331653,0,0,0,0,0,0,0,0,0,0,0,0.04521924,958.60327794314,0.0442266624550949,1001.95058963324
36843,8994,333.2,23694.84,11.11083,2.263122,-1.330857,0,0,0,0,0,0,0,0,0,0,0,0.04526244,958.601659697717,0.0442679926426966,1001.99030980369
36844,8994,333.2667,23693.37,11.11324,2.265532,-1.331842,0,0,0,0,0,0,0,0,0,0,0,0.04531064,958.542189178407,0.0443141044007306,1001.97434923708
36845,8994,333.3333,23692.38,11.11541,2.267702,-1.332293,0,0,0,0,0,0,0,0,0,0,0,0.04535404,958.502137604179,0.044355622297332,1001.97408189316
36846,8994,333.4,23692.57,11.11753,2.269822,-1.330042,0,0,0,0,0,0,0,0,0,0,0,0.04539644,958.50982426994,0.0443961818958219,1002.02275799682
36847,8994,333.4667,23691.08,11.11988,2.272172,-1.333601,0,0,0,0,0,0,0,0,0,0,0,0.04544344,958.449544627919,0.0444411399057178,1002.00478900224
36848,8994,333.5333,23689.54,11.12203,2.274322,-1.331709,0,0,0,0,0,0,0,0,0,0,0,0.04548644,958.387242179118,0.0444822699315664,1001.98086596726
36849,8994,333.6,23689.26,11.12411,2.276402,-1.326991,0,0,0,0,0,0,0,0,0,0,0,0.04552804,958.375914461154,0.0445220592304005,1002.00889142978
36850,8994,333.6667,23687.56,11.12647,2.278762,-1.335849,0,0,0,0,0,0,0,0,0,0,0,0.04557524,958.30713903066,0.0445672028638686,1001.9822168857
36851,8994,333.7333,23686.02,11.12871,2.281002,-1.33567,0,0,0,0,0,0,0,0,0,0,0,0.04562004,958.24483658186,0.0446100491732833,1001.96000435652
36852,8994,333.8,23686.21,11.13087,2.283162,-1.327881,0,0,0,0,0,0,0,0,0,0,0,0.04566324,958.252523247621,0.0446513635188045,1002.00943819728
36853,8994,333.8667,23685.44,11.13325,2.285542,-1.326576,0,0,0,0,0,0,0,0,0,0,0,0.04571084,958.221372023221,0.0446968838305108,1002.02247584435
36854,8994,333.9333,23684.32,11.13545,2.287742,-1.335802,0,0,0,0,0,0,0,0,0,0,0,0.04575484,958.176061151366,0.0447389595866921,1002.01725352118
36855,8994,334,23683.83,11.13755,2.289842,-1.335214,0,0,0,0,0,0,0,0,0,0,0,0.04579684,958.15623764493,0.0447791211570775,1002.03676555536
36856,8994,334.0667,23682.46,11.13991,2.292202,-1.331615,0,0,0,0,0,0,0,0,0,0,0,0.04584404,958.100812739178,0.0448242531875894,1002.02402472243
36857,8994,334.1333,23681.12,11.14203,2.294322,-1.328307,0,0,0,0,0,0,0,0,0,0,0,0.04588644,958.046601517495,0.0448647937834371,1002.00794941523
36858,8994,334.2,23679.94,11.14415,2.296442,-1.322271,0,0,0,0,0,0,0,0,0,0,0,0.04592884,957.998863277505,0.0449053327358112,1001.99863978916
36859,8994,334.2667,23678.46,11.14655,2.298842,-1.325166,0,0,0,0,0,0,0,0,0,0,0,0.04597684,957.93898819684,0.0449512239062089,1001.98199578693
36860,8994,334.3333,23677.64,11.14873,2.301022,-1.336728,0,0,0,0,0,0,0,0,0,0,0,0.04602044,957.90581416566,0.0449929065607927,1001.98906121212
36861,8994,334.4,23677.05,11.15085,2.303142,-1.339843,0,0,0,0,0,0,0,0,0,0,0,0.04606284,957.881945045665,0.0450334403200472,1002.00470781919
36862,8994,334.4667,23675.96,11.15323,2.305522,-1.335137,0,0,0,0,0,0,0,0,0,0,0,0.04611044,957.837847857878,0.0450789432432164,1002.00417247126
36863,8994,334.5333,23675.45,11.15543,2.307722,-1.333839,0,0,0,0,0,0,0,0,0,0,0,0.04615444,957.81721522873,0.0451210029273673,1002.02473241997
36864,8994,334.6,23674.8,11.15755,2.309842,-1.338757,0,0,0,0,0,0,0,0,0,0,0,0.04619684,957.7909187406,0.045161531494832,1002.03783256711
36865,8994,334.6667,23673.6,11.15987,2.312162,-1.331083,0,0,0,0,0,0,0,0,0,0,0,0.04624324,957.742371377898,0.0452058816298262,1002.0314817157
36866,8994,334.7333,23672.74,11.16205,2.314342,-1.328954,0,0,0,0,0,0,0,0,0,0,0,0.04628684,957.707579101295,0.0452475536711729,1002.03683658194
36867,8994,334.8,23671.41,11.16419,2.316482,-1.322572,0,0,0,0,0,0,0,0,0,0,0,0.04632964,957.653772440967,0.0452884593989208,1002.0215269628
36868,8994,334.8667,23670.3,11.16653,2.318822,-1.322199,0,0,0,0,0,0,0,0,0,0,0,0.04637644,957.608866130468,0.0453331861768043,1002.01935625404
36869,8994,334.9333,23669.65,11.16871,2.321002,-1.326523,0,0,0,0,0,0,0,0,0,0,0,0.04642004,957.582569642339,0.0453748529135588,1002.03359082844
36870,8994,335,23668.35,11.17093,2.323222,-1.327603,0,0,0,0,0,0,0,0,0,0,0,0.04646444,957.529976666078,0.045417282393476,1002.02107081508
36871,8994,335.0667,23667.31,11.17323,2.325522,-1.324876,0,0,0,0,0,0,0,0,0,0,0,0.04651044,957.48790228507,0.045461238965002,1002.02108591503
36872,8994,335.1333,23667.03,11.17541,2.327702,-1.326898,0,0,0,0,0,0,0,0,0,0,0,0.04655404,957.476574567106,0.0455029003666672,1002.05097731857
36873,8994,335.2,23665.46,11.17763,2.329922,-1.33198,0,0,0,0,0,0,0,0,0,0,0,0.04659844,957.413058434239,0.0455453244140607,1002.0270133929
36874,8994,335.2667,23664.3,11.17993,2.332222,-1.328197,0,0,0,0,0,0,0,0,0,0,0,0.04664444,957.36612931696,0.0455892753577824,1002.02193629392
36875,8994,335.3333,23664.32,11.18205,2.334342,-1.325614,0,0,0,0,0,0,0,0,0,0,0,0.04668684,957.366938439672,0.0456297849516637,1002.06337551589
36876,8994,335.4,23662.73,11.18423,2.336522,-1.320525,0,0,0,0,0,0,0,0,0,0,0,0.04673044,957.302613184092,0.0456714393322048,1002.03778551133
36877,8994,335.4667,23661.1,11.18655,2.338842,-1.327582,0,0,0,0,0,0,0,0,0,0,0,0.04677684,957.236669683089,0.0457157668589833,1002.01317622299
36878,8994,335.5333,23661.18,11.18871,2.341002,-1.326413,0,0,0,0,0,0,0,0,0,0,0,0.04682004,957.239906173936,0.0457570355486904,1002.0579168706
36879,8994,335.6,23660.05,11.19093,2.343222,-1.318697,0,0,0,0,0,0,0,0,0,0,0,0.04686444,957.194190740725,0.0457994488162393,1002.05256046104
36880,8994,335.6667,23658.65,11.19325,2.345542,-1.316704,0,0,0,0,0,0,0,0,0,0,0,0.04691084,957.137552150907,0.0458437706691629,1002.03767871785
36881,8994,335.7333,23658.85,11.19545,2.347742,-1.322384,0,0,0,0,0,0,0,0,0,0,0,0.04695484,957.145643378024,0.0458857981978881,1002.08826391954
36882,8994,335.8,23657.76,11.19767,2.349962,-1.31377,0,0,0,0,0,0,0,0,0,0,0,0.04699924,957.101546190236,0.0459282060046599,1002.084591464
36883,8994,335.8667,23656.2,11.19991,2.352202,-1.315293,0,0,0,0,0,0,0,0,0,0,0,0.04704404,957.038434618724,0.0459709940410244,1002.06138901846
36884,8994,335.9333,23655.89,11.20205,2.354342,-1.32497,0,0,0,0,0,0,0,0,0,0,0,0.04708684,957.025893216693,0.0460118701872239,1002.08921832644
36885,8994,336,23654.06,11.20425,2.356542,-1.31806,0,0,0,0,0,0,0,0,0,0,0,0.04713084,956.951858488573,0.0460538906518839,1002.0538034187
36886,8994,336.0667,23651.92,11.20655,2.358842,-1.315271,0,0,0,0,0,0,0,0,0,0,0,0.04717684,956.865282358422,0.0460978192498133,1002.0071626858
36887,8994,336.1333,23651.84,11.20873,2.361022,-1.322292,0,0,0,0,0,0,0,0,0,0,0,0.04722044,956.862045867575,0.046139454139643,1002.04549269274
36888,8994,336.2,23650.52,11.21103,2.363322,-1.325148,0,0,0,0,0,0,0,0,0,0,0,0.04726644,956.808643768603,0.0461833789791315,1002.03358212077
36889,8994,336.2667,23648.97,11.21329,2.365582,-1.312601,0,0,0,0,0,0,0,0,0,0,0,0.04731164,956.745936758447,0.0462265380290983,1002.01115608983
36890,8994,336.3333,23649.23,11.21545,2.367742,-1.310112,0,0,0,0,0,0,0,0,0,0,0,0.04735484,956.756455353699,0.0462677856457652,1002.06350421594
36891,8994,336.4,23647.76,11.21771,2.370002,-1.310776,0,0,0,0,0,0,0,0,0,0,0,0.04740004,956.696984834389,0.0463109410530529,1002.04446018342
36892,8994,336.4667,23645.76,11.21991,2.372202,-1.318468,0,0,0,0,0,0,0,0,0,0,0,0.04744404,956.61607256322,0.0463529489527592,1002.00180377455
36893,8994,336.5333,23645.45,11.22203,2.374322,-1.317347,0,0,0,0,0,0,0,0,0,0,0,0.04748644,956.603531161189,0.0463934276229685,1002.02922734746
36894,8994,336.6,23643.7,11.22425,2.376542,-1.317321,0,0,0,0,0,0,0,0,0,0,0,0.04753084,956.532732923916,0.0464358139082089,1001.99753720728
36895,8994,336.6667,23641.73,11.22653,2.378822,-1.321037,0,0,0,0,0,0,0,0,0,0,0,0.04757644,956.453034336814,0.0464793438987182,1001.95766473776
36896,8994,336.7333,23641.79,11.22875,2.381042,-1.307539,0,0,0,0,0,0,0,0,0,0,0,0.04762084,956.455461704949,0.0465217265425202,1002.00267421393
36897,8994,336.8,23641.1,11.23105,2.383342,-1.301938,0,0,0,0,0,0,0,0,0,0,0,0.04766684,956.427546971395,0.0465656345943323,1002.01742582447
36898,8994,336.8667,23639.9,11.23325,2.385542,-1.302112,0,0,0,0,0,0,0,0,0,0,0,0.04771084,956.378999608694,0.0466076317964848,1002.00864503838
36899,8994,336.9333,23639.44,11.23543,2.387722,-1.306896,0,0,0,0,0,0,0,0,0,0,0,0.04775444,956.360389786325,0.0466492454661767,1002.03084463875
36900,8994,337,23638.23,11.23775,2.390042,-1.315806,0,0,0,0,0,0,0,0,0,0,0,0.04780084,956.311437862267,0.0466935296713709,1002.02392789369
36901,8994,337.0667,23636.86,11.23987,2.392162,-1.318006,0,0,0,0,0,0,0,0,0,0,0,0.04784324,956.256012956516,0.0467339945579519,1002.00639888584
36902,8994,337.1333,23635.84,11.24203,2.394322,-1.32324,0,0,0,0,0,0,0,0,0,0,0,0.04788644,956.21474769822,0.046775221248988,1002.00446784099
36903,8994,337.2,23634.03,11.24439,2.396682,-1.324499,0,0,0,0,0,0,0,0,0,0,0,0.04793364,956.141522092811,0.046820263283329,1001.97286560186
36904,8994,337.2667,23632.57,11.24653,2.398822,-1.321025,0,0,0,0,0,0,0,0,0,0,0,0.04797644,956.082456134858,0.0468611047301203,1001.95188872666
36905,8994,337.3333,23631.7,11.24871,2.401002,-1.321211,0,0,0,0,0,0,0,0,0,0,0,0.04802004,956.047259296899,0.0469027078534292,1001.95668693023
36906,8994,337.4,23630.4,11.25111,2.403402,-1.324571,0,0,0,0,0,0,0,0,0,0,0,0.04806804,955.994666320639,0.0469485074555227,1001.94745618113
36907,8994,337.4667,23629.44,11.25325,2.405542,-1.318759,0,0,0,0,0,0,0,0,0,0,0,0.04811084,955.955828430478,0.0469893436650794,1001.94766633916
36908,8994,337.5333,23628.71,11.25541,2.407702,-1.307997,0,0,0,0,0,0,0,0,0,0,0,0.04815404,955.926295451501,0.0470305598304774,1001.95800851972
36909,8994,337.6,23627.4,11.25777,2.410062,-1.308437,0,0,0,0,0,0,0,0,0,0,0,0.04820124,955.873297913885,0.0470755903655764,1001.94757615622
36910,8994,337.6667,23626.38,11.25987,2.412162,-1.314576,0,0,0,0,0,0,0,0,0,0,0,0.04824324,955.832032655589,0.0471156582046307,1001.94446680668
36911,8994,337.7333,23625.34,11.26203,2.414322,-1.308771,0,0,0,0,0,0,0,0,0,0,0,0.04828644,955.789958274581,0.047156869164264,1001.94165274741
36912,8994,337.8,23624.04,11.26443,2.416722,-1.306463,0,0,0,0,0,0,0,0,0,0,0,0.04833444,955.73736529832,0.0472026571276162,1001.93239563709
36913,8994,337.8667,23623.42,11.26653,2.418822,-1.311362,0,0,0,0,0,0,0,0,0,0,0,0.04837644,955.712282494258,0.0472427198758054,1001.9462403856
36914,8994,337.9333,23622.43,11.26875,2.421042,-1.312989,0,0,0,0,0,0,0,0,0,0,0,0.04842084,955.672230920029,0.0472850701787461,1001.94668310585
36915,8994,338,23621.2,11.27115,2.423442,-1.312868,0,0,0,0,0,0,0,0,0,0,0,0.04846884,955.62246987326,0.0473308522725455,1001.94038246595
36916,8994,338.0667,23620.78,11.27325,2.425542,-1.310728,0,0,0,0,0,0,0,0,0,0,0,0.04851084,955.605478296314,0.0473709098853172,1001.96270275707
36917,8994,338.1333,23619.48,11.27543,2.427722,-1.312516,0,0,0,0,0,0,0,0,0,0,0,0.04855444,955.552885320054,0.0474124918049856,1001.94922055715
36918,8994,338.2,23617.94,11.27783,2.430122,-1.311085,0,0,0,0,0,0,0,0,0,0,0,0.04860244,955.490582871254,0.0474582680656614,1001.92975659582
36919,8994,338.2667,23617.52,11.27991,2.432202,-1.309138,0,0,0,0,0,0,0,0,0,0,0,0.04864404,955.473591294308,0.0474979391299852,1001.95168688817
36920,8994,338.3333,23615.93,11.28202,2.434312,-1.308181,0,0,0,0,0,0,0,0,0,0,0,0.04868624,955.409266038728,0.0475381807651803,1001.92455086331
36921,8994,338.4,23613.81,11.28443,2.436722,-1.317539,0,0,0,0,0,0,0,0,0,0,0,0.04873444,955.323499031289,0.0475841419788444,1001.88065477542
36922,8994,338.4667,23613.34,11.28659,2.438882,-1.316577,0,0,0,0,0,0,0,0,0,0,0,0.04877764,955.304484647564,0.0476253336367308,1001.90198289009
36923,8994,338.5333,23612.56,11.28872,2.441012,-1.321757,0,0,0,0,0,0,0,0,0,0,0,0.04882024,955.272928861808,0.0476659515267583,1001.90958251434
36924,8994,338.6,23610.87,11.29113,2.443422,-1.32025,0,0,0,0,0,0,0,0,0,0,0,0.04886844,955.20455799267,0.0477119068684331,1001.88391462266
36925,8994,338.6667,23610.62,11.29333,2.445622,-1.320433,0,0,0,0,0,0,0,0,0,0,0,0.04891244,955.194443958774,0.0477538559589469,1001.91533488724
36926,8994,338.7333,23609.86,11.29546,2.447752,-1.317011,0,0,0,0,0,0,0,0,0,0,0,0.04895504,955.163697295729,0.0477944686291103,1001.92377430339
36927,8994,338.8,23608.37,11.29777,2.450062,-1.313047,0,0,0,0,0,0,0,0,0,0,0,0.04900124,955.103417653708,0.0478385114916311,1001.90466944698
36928,8994,338.8667,23607.83,11.29993,2.452222,-1.32211,0,0,0,0,0,0,0,0,0,0,0,0.04904444,955.081571340492,0.047879692673164,1001.92301216121
36929,8994,338.9333,23606.36,11.30204,2.454332,-1.323288,0,0,0,0,0,0,0,0,0,0,0,0.04908664,955.022100821183,0.0479199189492132,1001.90092687624
36930,8994,339,23604.31,11.30439,2.456682,-1.313765,0,0,0,0,0,0,0,0,0,0,0,0.04913364,954.939165743234,0.047964718821234,1001.85880293476
36931,8994,339.0667,23603.85,11.30661,2.458902,-1.313938,0,0,0,0,0,0,0,0,0,0,0,0.04917804,954.920555920865,0.048007038558983,1001.88167721676
36932,8994,339.1333,23602.96,11.3088,2.461092,-1.315931,0,0,0,0,0,0,0,0,0,0,0,0.04922184,954.884549960195,0.0480487846536371,1001.88572449681
36933,8994,339.2,23601.48,11.31115,2.463442,-1.321884,0,0,0,0,0,0,0,0,0,0,0,0.04926884,954.82467487953,0.0480935787529924,1001.86777901422
36934,8994,339.2667,23601.55,11.31335,2.465642,-1.314175,0,0,0,0,0,0,0,0,0,0,0,0.04931284,954.827506809021,0.0481355118361082,1001.91276287989
36935,8994,339.3333,23600.24,11.3155,2.467792,-1.319729,0,0,0,0,0,0,0,0,0,0,0,0.04935584,954.774509271405,0.0481764901957853,1001.89820718708
36936,8994,339.4,23598.32,11.31776,2.470052,-1.319866,0,0,0,0,0,0,0,0,0,0,0,0.04940104,954.696833491082,0.0482195633124837,1001.85984995025
36937,8994,339.4667,23597.38,11.31994,2.472232,-1.325432,0,0,0,0,0,0,0,0,0,0,0,0.04944464,954.658804723632,0.0482611099592159,1001.86156564602
36938,8994,339.5333,23595.88,11.32208,2.474372,-1.330055,0,0,0,0,0,0,0,0,0,0,0,0.04948744,954.598120520255,0.0483018926033176,1001.83873773361
36939,8994,339.6,23593.64,11.32438,2.476672,-1.338612,0,0,0,0,0,0,0,0,0,0,0,0.04953344,954.507498776546,0.0483457225627483,1001.78753869674
36940,8994,339.6667,23593.3,11.32664,2.478932,-1.335443,0,0,0,0,0,0,0,0,0,0,0,0.04957864,954.493743690447,0.048388788390855,1001.81624539113
36941,8994,339.7333,23592.44,11.32888,2.481172,-1.325845,0,0,0,0,0,0,0,0,0,0,0,0.04962344,954.458951413844,0.0484314712753982,1001.82248792179
36942,8994,339.8,23591.22,11.3311,2.483392,-1.315426,0,0,0,0,0,0,0,0,0,0,0,0.04966784,954.409594928431,0.0484737712653325,1001.8130579838
36943,8994,339.8667,23590.69,11.33332,2.485612,-1.316205,0,0,0,0,0,0,0,0,0,0,0,0.04971224,954.388153176571,0.0485160694660535,1001.83292610044
36944,8994,339.9333,23589.48,11.33558,2.487872,-1.319518,0,0,0,0,0,0,0,0,0,0,0,0.04975744,954.339201252513,0.0485591279588125,1001.82467679848
36945,8994,340,23587.89,11.3377,2.489992,-1.320193,0,0,0,0,0,0,0,0,0,0,0,0.04979984,954.274875996934,0.0485995174260678,1001.7976121376
36946,8994,340.0667,23587.02,11.3399,2.492192,-1.326697,0,0,0,0,0,0,0,0,0,0,0,0.04984384,954.239679158975,0.0486414292994259,1001.80264904863
36947,8994,340.1333,23585.14,11.3422,2.494492,-1.330265,0,0,0,0,0,0,0,0,0,0,0,0.04988984,954.163621624076,0.0486852443798291,1001.76669204072
36948,8994,340.2,23583.64,11.3444,2.496692,-1.316471,0,0,0,0,0,0,0,0,0,0,0,0.04993384,954.102937420699,0.048727152660439,1001.74496084139
36949,8994,340.2667,23583.24,11.34662,2.498912,-1.319688,0,0,0,0,0,0,0,0,0,0,0,0.04997824,954.086754966465,0.048769440145167,1001.770331787
36950,8994,340.3333,23582.11,11.34895,2.501242,-1.324206,0,0,0,0,0,0,0,0,0,0,0,0.05002484,954.041039533254,0.0488138210324634,1001.76678988934
36951,8994,340.4,23580.96,11.35108,2.503372,-1.320097,0,0,0,0,0,0,0,0,0,0,0,0.05006744,953.994514977332,0.0488543906782943,1001.75857811629
36952,8994,340.4667,23580.24,11.35328,2.505572,-1.326447,0,0,0,0,0,0,0,0,0,0,0,0.05011144,953.965386559711,0.0488962918710216,1001.76996579037
36953,8994,340.5333,23578.62,11.35562,2.507912,-1.329629,0,0,0,0,0,0,0,0,0,0,0,0.05015824,953.899847620063,0.048940857576515,1001.74578511295
36954,8994,340.6,23577.31,11.3577,2.509992,-1.330039,0,0,0,0,0,0,0,0,0,0,0,0.05019984,953.846850082448,0.0489804698696774,1001.72980934109
36955,8994,340.6667,23576.36,11.35992,2.512212,-1.325703,0,0,0,0,0,0,0,0,0,0,0,0.05024424,953.808416753642,0.0490227466438408,1001.73179575903
36956,8994,340.7333,23574.84,11.36228,2.514572,-1.318972,0,0,0,0,0,0,0,0,0,0,0,0.05029144,953.746923427553,0.0490676875610149,1001.71222960229
36957,8994,340.8,23573.77,11.36436,2.516652,-1.313092,0,0,0,0,0,0,0,0,0,0,0,0.05033304,953.703635362478,0.0491072948305686,1001.70643858932
36958,8994,340.8667,23572.89,11.36658,2.518872,-1.308405,0,0,0,0,0,0,0,0,0,0,0,0.05037744,953.668033963163,0.0491495662434354,1001.71138812406
36959,8994,340.9333,23571.49,11.36902,2.521312,-1.306705,0,0,0,0,0,0,0,0,0,0,0,0.05042624,953.611395373345,0.0491960246540648,1001.69843246318
36960,8994,341,23571.01,11.37106,2.523352,-1.311464,0,0,0,0,0,0,0,0,0,0,0,0.05046704,953.591976428264,0.0492348652752364,1001.71694084635
36961,8994,341.0667,23570.01,11.37328,2.525572,-1.318659,0,0,0,0,0,0,0,0,0,0,0,0.05051144,953.551520292679,0.0492771312959779,1001.71678069685
36962,8994,341.1333,23568.18,11.37572,2.528012,-1.322747,0,0,0,0,0,0,0,0,0,0,0,0.05056024,953.477485564559,0.0493235837806535,1001.6855360693
36963,8994,341.2,23567.68,11.37776,2.530052,-1.316162,0,0,0,0,0,0,0,0,0,0,0,0.05060104,953.457257496767,0.0493624194477616,1001.70318632165
36964,8994,341.2667,23566.38,11.37984,2.532132,-1.311739,0,0,0,0,0,0,0,0,0,0,0,0.05064264,953.404664520507,0.0494020150457412,1001.68759372014
36965,8994,341.3333,23563.95,11.38232,2.534612,-1.314873,0,0,0,0,0,0,0,0,0,0,0,0.05069224,953.306356111036,0.0494492231328304,1001.63159070854
36966,8994,341.4,23562.9,11.38444,2.536732,-1.31328,0,0,0,0,0,0,0,0,0,0,0,0.05073464,953.263877168672,0.0494895766663359,1001.62737680183
36967,8994,341.4667,23562.4,11.38654,2.538832,-1.316747,0,0,0,0,0,0,0,0,0,0,0,0.05077664,953.24364910088,0.0495295479007569,1001.64615870356
36968,8994,341.5333,23560.23,11.38902,2.541312,-1.324122,0,0,0,0,0,0,0,0,0,0,0,0.05082624,953.155859286661,0.0495767499677898,1001.60118774817
36969,8994,341.6,23559.79,11.39118,2.543472,-1.325166,0,0,0,0,0,0,0,0,0,0,0,0.05086944,953.138058587004,0.0496178596302564,1001.62365787001
36970,8994,341.6667,23559.11,11.39326,2.545552,-1.326374,0,0,0,0,0,0,0,0,0,0,0,0.05091104,953.110548414806,0.0496574451154212,1001.63439766957
36971,8994,341.7333,23557.54,11.39568,2.547972,-1.321292,0,0,0,0,0,0,0,0,0,0,0,0.05095944,953.047032281938,0.0497034993328139,1001.61377534069
36972,8994,341.8,23556.6,11.3978,2.550092,-1.324745,0,0,0,0,0,0,0,0,0,0,0,0.05100184,953.009003514488,0.0497438426068877,1001.61421623029
36973,8994,341.8667,23555.69,11.3998,2.552092,-1.329499,0,0,0,0,0,0,0,0,0,0,0,0.05104184,952.972188431106,0.0497819008074715,1001.61364239746
36974,8994,341.9333,23553.22,11.40228,2.554572,-1.327425,0,0,0,0,0,0,0,0,0,0,0,0.05109144,952.872261776212,0.0498290909647096,1001.55587776642
36975,8994,342,23552.5,11.40446,2.556752,-1.321059,0,0,0,0,0,0,0,0,0,0,0,0.05113504,952.843133358591,0.0498705707961369,1001.56680509661
36976,8994,342.0667,23551.8,11.40654,2.558832,-1.325271,0,0,0,0,0,0,0,0,0,0,0,0.05117664,952.814814063682,0.0499101462790695,1001.57667478969
36977,8994,342.1333,23550.18,11.40904,2.561332,-1.328672,0,0,0,0,0,0,0,0,0,0,0,0.05122664,952.749275124035,0.0499577108928477,1001.55541925107
36978,8994,342.2,23549.88,11.41124,2.563532,-1.328108,0,0,0,0,0,0,0,0,0,0,0,0.05127064,952.737138283359,0.0499995658816031,1001.58458111492
36979,8994,342.2667,23549.39,11.41328,2.565572,-1.32499,0,0,0,0,0,0,0,0,0,0,0,0.05131144,952.717314776923,0.0500383753058756,1001.60261211106
36980,8994,342.3333,23547.22,11.41566,2.567952,-1.327584,0,0,0,0,0,0,0,0,0,0,0,0.05135904,952.629524962704,0.0500836510639753,1001.55566284044
36981,8994,342.4,23546.4,11.41786,2.570152,-1.329644,0,0,0,0,0,0,0,0,0,0,0,0.05140304,952.596350931525,0.0501255007819487,1001.56269926231
36982,8994,342.4667,23545.2,11.41988,2.572172,-1.327805,0,0,0,0,0,0,0,0,0,0,0,0.05144344,952.547803568823,0.050163924889832,1001.55013934885
36983,8994,342.5333,23542.9,11.42228,2.574572,-1.319598,0,0,0,0,0,0,0,0,0,0,0,0.05149144,952.454754456978,0.0502095753761736,1001.49802129881
36984,8994,342.6,23541.79,11.42454,2.576832,-1.320721,0,0,0,0,0,0,0,0,0,0,0,0.05153664,952.409848146479,0.0502525610123967,1001.49385162286
36985,8994,342.6667,23541.2,11.42666,2.578952,-1.32318,0,0,0,0,0,0,0,0,0,0,0,0.05157904,952.385979026484,0.0502928821420512,1001.50913353413
36986,8994,342.7333,23539.49,11.42896,2.581252,-1.318391,0,0,0,0,0,0,0,0,0,0,0,0.05162504,952.316799034634,0.0503366249252122,1001.48019187747
36987,8994,342.8,23538.6,11.43122,2.583512,-1.321995,0,0,0,0,0,0,0,0,0,0,0,0.05167024,952.280793073964,0.0503796051005938,1001.48537019949
36988,8994,342.8667,23537.36,11.43338,2.585672,-1.322843,0,0,0,0,0,0,0,0,0,0,0,0.05171344,952.230627465839,0.0504206817718802,1001.47374888546
36989,8994,342.9333,23535.94,11.43554,2.587832,-1.322019,0,0,0,0,0,0,0,0,0,0,0,0.05175664,952.173179753308,0.0504617567559427,1001.45446423546
36990,8994,343,23534.63,11.43778,2.590072,-1.314605,0,0,0,0,0,0,0,0,0,0,0,0.05180144,952.120182215693,0.050504351253744,1001.44137870753
36991,8994,343.0667,23532.93,11.43996,2.592252,-1.325318,0,0,0,0,0,0,0,0,0,0,0,0.05184504,952.051406785199,0.0505458030855234,1001.41055005203
36992,8994,343.1333,23531.2,11.4422,2.594492,-1.327304,0,0,0,0,0,0,0,0,0,0,0,0.05188984,951.981417670637,0.0505883940036404,1001.37958111654
36993,8994,343.2,23530.72,11.4445,2.596792,-1.333983,0,0,0,0,0,0,0,0,0,0,0,0.05193584,951.961998725556,0.0506321238624824,1001.40294477745
36994,8994,343.2667,23529.6,11.44678,2.599072,-1.333722,0,0,0,0,0,0,0,0,0,0,0,0.05198144,951.916687853701,0.0506754715743346,1001.39868804837
36995,8994,343.3333,23528.68,11.44892,2.601212,-1.323458,0,0,0,0,0,0,0,0,0,0,0,0.05202424,951.879468208964,0.0507161558751544,1001.40027411414
36996,8994,343.4,23527.95,11.45118,2.603472,-1.327098,0,0,0,0,0,0,0,0,0,0,0,0.05206944,951.849935229987,0.0507591197416747,1001.41222832145
36997,8994,343.4667,23526.52,11.45344,2.605732,-1.324123,0,0,0,0,0,0,0,0,0,0,0,0.05211464,951.792082956101,0.0508020817623807,1001.39438471421
36998,8994,343.5333,23524.94,11.45556,2.607852,-1.316743,0,0,0,0,0,0,0,0,0,0,0,0.05215704,951.728162261877,0.0508423807412708,1001.3674860901
36999,8994,343.6,23524.22,11.45782,2.610112,-1.319702,0,0,0,0,0,0,0,0,0,0,0,0.05220224,951.699033844256,0.0508853391851416,1001.37985521676
37000,8994,343.6667,23522.53,11.4601,2.612392,-1.312951,0,0,0,0,0,0,0,0,0,0,0,0.05224784,951.630662975118,0.0509286759223163,1001.35130959334
37001,8994,343.7333,23521.15,11.46222,2.614512,-1.308836,0,0,0,0,0,0,0,0,0,0,0,0.05229024,951.574833508011,0.0509689698000168,1001.3329099301
37002,8994,343.8,23520.11,11.46446,2.616752,-1.309869,0,0,0,0,0,0,0,0,0,0,0,0.05233504,951.532759127003,0.0510115426992711,1001.33126413722
37003,8994,343.8667,23518.6,11.46682,2.619112,-1.303905,0,0,0,0,0,0,0,0,0,0,0,0.05238224,951.47167036227,0.0510563943289474,1001.31188775239
37004,8994,343.9333,23517.59,11.46892,2.621212,-1.304652,0,0,0,0,0,0,0,0,0,0,0,0.05242424,951.430809665329,0.0510963029860183,1001.30884677462
37005,8994,344,23517.06,11.47112,2.623412,-1.301435,0,0,0,0,0,0,0,0,0,0,0,0.05246824,951.40936791347,0.0511381103471302,1001.3281429674
37006,8994,344.0667,23515.22,11.47354,2.625832,-1.305151,0,0,0,0,0,0,0,0,0,0,0,0.05251664,951.334928623994,0.05118409642567,1001.29584258997
37007,8994,344.1333,23514.57,11.47558,2.627872,-1.303738,0,0,0,0,0,0,0,0,0,0,0,0.05255744,951.308632135863,0.0512228599071007,1001.30697849083
37008,8994,344.2,23513.68,11.47773,2.630022,-1.310829,0,0,0,0,0,0,0,0,0,0,0,0.05260044,951.272626175193,0.0512637119499945,1001.30998487196
37009,8994,344.2667,23511.76,11.48014,2.632432,-1.317646,0,0,0,0,0,0,0,0,0,0,0,0.05264864,951.19495039487,0.0513095022562022,1001.27407090803
37010,8994,344.3333,23510.47,11.48226,2.634552,-1.319399,0,0,0,0,0,0,0,0,0,0,0,0.05269104,951.142761979966,0.0513497807921636,1001.25946329716
37011,8994,344.4,23510.15,11.4844,2.636692,-1.321301,0,0,0,0,0,0,0,0,0,0,0,0.05273384,951.129816016579,0.0513904376689891,1001.28654355363
37012,8994,344.4667,23508.18,11.48684,2.639132,-1.312113,0,0,0,0,0,0,0,0,0,0,0,0.05278264,951.050117429477,0.0514367920912625,1001.24905339972
37013,8994,344.5333,23507.2,11.489,2.641292,-1.308449,0,0,0,0,0,0,0,0,0,0,0,0.05282584,951.010470416604,0.0514778253606631,1001.24839736516
37014,8994,344.6,23506.61,11.49114,2.643432,-1.304945,0,0,0,0,0,0,0,0,0,0,0,0.05286864,950.986601296609,0.0515184770320357,1001.26396956538
37015,8994,344.6667,23505.1,11.49356,2.645852,-1.321482,0,0,0,0,0,0,0,0,0,0,0,0.05291704,950.925512531876,0.0515644456227316,1001.24567591555
37016,8994,344.7333,23503.8,11.49562,2.647912,-1.319519,0,0,0,0,0,0,0,0,0,0,0,0.05295824,950.872919555616,0.0516035742457763,1001.22947583894
37017,8994,344.8,23502.66,11.49771,2.650002,-1.314109,0,0,0,0,0,0,0,0,0,0,0,0.05300004,950.82679956105,0.0516432711385423,1001.22065797086
37018,8994,344.8667,23500.4,11.50014,2.652432,-1.312992,0,0,0,0,0,0,0,0,0,0,0,0.05304864,950.735368694628,0.0516894239178872,1001.17058700378
37019,8994,344.9333,23499.19,11.50228,2.654572,-1.318683,0,0,0,0,0,0,0,0,0,0,0,0.05309144,950.686416770571,0.0517300669885093,1001.15972762536
37020,8994,345,23498.32,11.50441,2.656702,-1.316088,0,0,0,0,0,0,0,0,0,0,0,0.05313404,950.651219932612,0.0517705184980085,1001.16315987856
37021,8994,345.0667,23496.72,11.50688,2.659172,-1.314285,0,0,0,0,0,0,0,0,0,0,0,0.05318344,950.586490115677,0.0518174250070966,1001.14194967755
37022,8994,345.1333,23496.22,11.50904,2.661332,-1.324039,0,0,0,0,0,0,0,0,0,0,0,0.05322664,950.566262047884,0.0518584426611768,1001.16171027405
37023,8994,345.2,23495.61,11.51113,2.663422,-1.318515,0,0,0,0,0,0,0,0,0,0,0,0.05326844,950.541583805178,0.0518981294379486,1001.17545112961
37024,8994,345.2667,23493.79,11.5135,2.665792,-1.318963,0,0,0,0,0,0,0,0,0,0,0,0.05331584,950.467953638414,0.0519431311978667,1001.14295097973
37025,8994,345.3333,23492.74,11.51566,2.667952,-1.316893,0,0,0,0,0,0,0,0,0,0,0,0.05335904,950.42547469605,0.0519841436962034,1001.13926561738
37026,8994,345.4,23491.69,11.51769,2.669982,-1.317173,0,0,0,0,0,0,0,0,0,0,0,0.05339964,950.382995753686,0.0520226863165715,1001.13310558905
37027,8994,345.4667,23489.44,11.52012,2.672412,-1.330607,0,0,0,0,0,0,0,0,0,0,0,0.05344824,950.29196944862,0.0520688215885766,1001.08340270178
37028,8994,345.5333,23488.38,11.52234,2.674632,-1.325536,0,0,0,0,0,0,0,0,0,0,0,0.05349264,950.2490859449,0.0521109680013478,1001.08041820968
37029,8994,345.6,23487.76,11.52447,2.676762,-1.322879,0,0,0,0,0,0,0,0,0,0,0,0.05353524,950.224003140838,0.0521514041060716,1001.09447320274
37030,8994,345.6667,23486.36,11.52684,2.679132,-1.316666,0,0,0,0,0,0,0,0,0,0,0,0.05358264,950.167364551019,0.0521963944698835,1001.07984038551
37031,8994,345.7333,23485.52,11.52906,2.681352,-1.308888,0,0,0,0,0,0,0,0,0,0,0,0.05362704,950.133381397128,0.0522385355063718,1001.08622224665
37032,8994,345.8,23484.46,11.53119,2.683482,-1.3168,0,0,0,0,0,0,0,0,0,0,0,0.05366964,950.090497893408,0.0522789664531959,1001.08151288277
37033,8994,345.8667,23482.68,11.53347,2.685762,-1.322545,0,0,0,0,0,0,0,0,0,0,0,0.05371524,950.018485972068,0.0523222428384826,1001.04895695049
37034,8994,345.9333,23481.49,11.53567,2.687962,-1.333626,0,0,0,0,0,0,0,0,0,0,0,0.05375924,949.970343170722,0.0523639989787575,1001.04002684212
37035,8994,346,23479.71,11.53777,2.690062,-1.328129,0,0,0,0,0,0,0,0,0,0,0,0.05380124,949.898331249381,0.0524038554862259,1001.00403934453
37036,8994,346.0667,23477.94,11.54013,2.692422,-1.321913,0,0,0,0,0,0,0,0,0,0,0,0.05384844,949.826723889396,0.0524486447132553,1000.97341124115
37037,8994,346.1333,23477.27,11.54237,2.694662,-1.318952,0,0,0,0,0,0,0,0,0,0,0,0.05389324,949.799618278554,0.0524911546663789,1000.98739705835
37038,8994,346.2,23476.35,11.54453,2.696822,-1.315578,0,0,0,0,0,0,0,0,0,0,0,0.05393644,949.762398633816,0.052532144695522,1000.98920126199
37039,8994,346.2667,23474.69,11.54681,2.699102,-1.311357,0,0,0,0,0,0,0,0,0,0,0,0.05398204,949.695241448746,0.0525754101257933,1000.96172796044
37040,8994,346.3333,23474.01,11.54905,2.701342,-1.313648,0,0,0,0,0,0,0,0,0,0,0,0.05402684,949.667731276548,0.0526179146905812,1000.97527784739
37041,8994,346.4,23472.38,11.55119,2.703482,-1.318394,0,0,0,0,0,0,0,0,0,0,0,0.05406964,949.601787775545,0.052658520042767,1000.94641458393
37042,8994,346.4667,23470.84,11.55343,2.705722,-1.319,0,0,0,0,0,0,0,0,0,0,0,0.05411444,949.539485326745,0.0527010210752259,1000.92328283309
37043,8994,346.5333,23469.81,11.55569,2.707982,-1.314824,0,0,0,0,0,0,0,0,0,0,0,0.05415964,949.497815507092,0.0527438997506654,1000.92227537574
37044,8994,346.6,23468.38,11.55787,2.710162,-1.320371,0,0,0,0,0,0,0,0,0,0,0,0.05420324,949.439963233206,0.0527852588548499,1000.90268542593
37045,8994,346.6667,23466.82,11.56009,2.712382,-1.323944,0,0,0,0,0,0,0,0,0,0,0,0.05424764,949.376851661694,0.0528273750838099,1000.87830533497
37046,8994,346.7333,23466.17,11.56233,2.714622,-1.324971,0,0,0,0,0,0,0,0,0,0,0,0.05429244,949.350555173564,0.0528698689405135,1000.89311322929
37047,8994,346.8,23464.48,11.56463,2.716922,-1.327489,0,0,0,0,0,0,0,0,0,0,0,0.05433844,949.282184304426,0.0529134991466758,1000.86469731932
37048,8994,346.8667,23463.59,11.56679,2.719082,-1.310038,0,0,0,0,0,0,0,0,0,0,0,0.05438164,949.246178343756,0.0529544718679163,1000.86774228582
37049,8994,346.9333,23463.04,11.56903,2.721322,-1.299417,0,0,0,0,0,0,0,0,0,0,0,0.05442644,949.223927469184,0.0529969603242455,1000.88680660415
37050,8994,347,23461.21,11.57135,2.723642,-1.304659,0,0,0,0,0,0,0,0,0,0,0,0.05447284,949.149892741064,0.0530409643223952,1000.85278298437
37051,8994,347.0667,23460.06,11.57345,2.725742,-1.304713,0,0,0,0,0,0,0,0,0,0,0,0.05451484,949.103368185142,0.053080793858057,1000.84358644522
37052,8994,347.1333,23459.52,11.57561,2.727902,-1.307904,0,0,0,0,0,0,0,0,0,0,0,0.05455804,949.081521871926,0.0531217597254917,1000.86154950548
37053,8994,347.2,23457.21,11.57795,2.730242,-1.304449,0,0,0,0,0,0,0,0,0,0,0,0.05460484,948.988068198725,0.0531661375214898,1000.80740982463
37054,8994,347.2667,23455.69,11.58011,2.732402,-1.303368,0,0,0,0,0,0,0,0,0,0,0,0.05464804,948.926574872636,0.053207099892968,1000.78355229334
37055,8994,347.3333,23455.32,11.58227,2.734562,-1.304233,0,0,0,0,0,0,0,0,0,0,0,0.05469124,948.91160610247,0.053248060586599,1000.80875849061
37056,8994,347.4,23453.68,11.58467,2.736962,-1.30268,0,0,0,0,0,0,0,0,0,0,0,0.05473924,948.845258040111,0.0532935705007331,1000.78432634283
37057,8994,347.4667,23452.27,11.58683,2.739122,-1.307665,0,0,0,0,0,0,0,0,0,0,0,0.05478244,948.788214888937,0.0533345276526939,1000.7651483438
37058,8994,347.5333,23452.26,11.58899,2.741282,-1.311647,0,0,0,0,0,0,0,0,0,0,0,0.05482564,948.787810327581,0.0533754831272349,1000.80570925299
37059,8994,347.6,23450.55,11.59139,2.743682,-1.303207,0,0,0,0,0,0,0,0,0,0,0,0.05487364,948.718630335731,0.0534209872428815,1000.77827491807
37060,8994,347.6667,23449.33,11.59349,2.745782,-1.29548,0,0,0,0,0,0,0,0,0,0,0,0.05491564,948.669273850318,0.0534608016455837,1000.76605417214
37061,8994,347.7333,23448.52,11.59557,2.747862,-1.291024,0,0,0,0,0,0,0,0,0,0,0,0.05495724,948.636504380494,0.0535002353009473,1000.77094842449
37062,8994,347.8,23446.45,11.59799,2.750282,-1.287421,0,0,0,0,0,0,0,0,0,0,0,0.05500564,948.552760179834,0.0535461128853042,1000.72851182729
37063,8994,347.8667,23444.69,11.60015,2.752442,-1.291026,0,0,0,0,0,0,0,0,0,0,0,0.05504884,948.481557381205,0.0535870596953657,1000.69436687643
37064,8994,347.9333,23444.66,11.60225,2.754542,-1.300018,0,0,0,0,0,0,0,0,0,0,0,0.05509084,948.480343697137,0.0536268674866733,1000.7329225549
37065,8994,348,23442.68,11.60475,2.757042,-1.306421,0,0,0,0,0,0,0,0,0,0,0,0.05514084,948.40024054868,0.0536742556483459,1000.69582646874
37066,8994,348.0667,23441.66,11.60691,2.759202,-1.294912,0,0,0,0,0,0,0,0,0,0,0,0.05518404,948.358975290383,0.0537151972118137,1000.69325491717
37067,8994,348.1333,23441.4,11.60897,2.761262,-1.297322,0,0,0,0,0,0,0,0,0,0,0,0.05522524,948.348456695131,0.0537542417709858,1000.72122781975
37068,8994,348.2,23439.71,11.61141,2.763702,-1.304176,0,0,0,0,0,0,0,0,0,0,0,0.05527404,948.280085825993,0.0538004867524186,1000.69535722114
37069,8994,348.2667,23437.94,11.61353,2.765822,-1.300819,0,0,0,0,0,0,0,0,0,0,0,0.05531644,948.208478466008,0.0538406650820447,1000.65999587256
37070,8994,348.3333,23437.42,11.61555,2.767842,-1.298397,0,0,0,0,0,0,0,0,0,0,0,0.05535684,948.187441275504,0.0538789467056269,1000.6761017522
37071,8994,348.4,23434.98,11.61797,2.770262,-1.301576,0,0,0,0,0,0,0,0,0,0,0,0.05540524,948.088728304677,0.0539248069193072,1000.61781183769
37072,8994,348.4667,23433.39,11.62021,2.772502,-1.298541,0,0,0,0,0,0,0,0,0,0,0,0.05545004,948.024403049098,0.0539672541684684,1000.59239411915
37073,8994,348.5333,23433.07,11.62231,2.774602,-1.297219,0,0,0,0,0,0,0,0,0,0,0,0.05549204,948.011457085711,0.0540070468282515,1000.61854678277
37074,8994,348.6,23432.02,11.62471,2.777002,-1.296658,0,0,0,0,0,0,0,0,0,0,0,0.05554004,947.968978143347,0.0540525222148767,1000.61921310819
37075,8994,348.6667,23430.72,11.62693,2.779222,-1.299614,0,0,0,0,0,0,0,0,0,0,0,0.05558444,947.916385167087,0.054094585106409,1000.60578660342
37076,8994,348.7333,23430.12,11.62901,2.781302,-1.302436,0,0,0,0,0,0,0,0,0,0,0,0.05562604,947.892111485736,0.0541339937777843,1000.61959599493
37077,8994,348.8,23428.24,11.63133,2.783622,-1.304806,0,0,0,0,0,0,0,0,0,0,0,0.05567244,947.816053950837,0.0541779477714494,1000.58328634545
37078,8994,348.8667,23427,11.63351,2.785802,-1.299726,0,0,0,0,0,0,0,0,0,0,0,0.05571604,947.765888342712,0.0542192476084233,1000.57165048825
37079,8994,348.9333,23425.44,11.63563,2.787922,-1.295761,0,0,0,0,0,0,0,0,0,0,0,0.05575844,947.702776771199,0.0542594091167979,1000.54520518763
37080,8994,349,23423.98,11.63799,2.790282,-1.295936,0,0,0,0,0,0,0,0,0,0,0,0.05580564,947.643710813246,0.0543041153139291,1000.52757458715
37081,8994,349.0667,23422.86,11.64021,2.792502,-1.298474,0,0,0,0,0,0,0,0,0,0,0,0.05585004,947.598399941391,0.0543461676242816,1000.52180848205
37082,8994,349.1333,23421.96,11.64233,2.794622,-1.299895,0,0,0,0,0,0,0,0,0,0,0,0.05589244,947.561989419365,0.0543863240357829,1000.52354105927
37083,8994,349.2,23420.19,11.64467,2.796962,-1.29703,0,0,0,0,0,0,0,0,0,0,0,0.05593924,947.49038205938,0.0544306457499147,1000.49227393909
37084,8994,349.2667,23419.5,11.64693,2.799222,-1.304433,0,0,0,0,0,0,0,0,0,0,0,0.05598444,947.462467325826,0.054473450327026,1000.50562298008
37085,8994,349.3333,23418.08,11.64905,2.801342,-1.306601,0,0,0,0,0,0,0,0,0,0,0,0.05602684,947.405019613296,0.0545136016277383,1000.48512906237
37086,8994,349.4,23416.82,11.65133,2.803622,-1.307037,0,0,0,0,0,0,0,0,0,0,0,0.05607244,947.354044882459,0.0545567814161497,1000.47449772289
37087,8994,349.4667,23415.55,11.65353,2.805822,-1.309078,0,0,0,0,0,0,0,0,0,0,0,0.05611644,947.302665590267,0.05459844435683,1000.4619187857
37088,8994,349.5333,23413.94,11.65565,2.807942,-1.314363,0,0,0,0,0,0,0,0,0,0,0,0.05615884,947.237531211975,0.0546385906392838,1000.4332921693
37089,8994,349.6,23411.99,11.65797,2.810262,-1.307715,0,0,0,0,0,0,0,0,0,0,0,0.05620524,947.158641747585,0.0546825224599834,1000.39392052508
37090,8994,349.6667,23411.41,11.66021,2.812502,-1.306326,0,0,0,0,0,0,0,0,0,0,0,0.05625004,947.135177188946,0.0547249375590682,1000.41156879123
37091,8994,349.7333,23409.86,11.66245,2.814742,-1.304565,0,0,0,0,0,0,0,0,0,0,0,0.05629484,947.07247017879,0.0547673508591889,1000.38776335591
37092,8994,349.8,23408.9,11.66469,2.816982,-1.30691,0,0,0,0,0,0,0,0,0,0,0,0.05633964,947.033632288629,0.0548097623604976,1000.38916619966
37093,8994,349.8667,23408.07,11.66689,2.819182,-1.310627,0,0,0,0,0,0,0,0,0,0,0,0.05638364,947.000053696093,0.0548514147628002,1000.39536380367
37094,8994,349.9333,23406.3,11.66913,2.821422,-1.306602,0,0,0,0,0,0,0,0,0,0,0,0.05642844,946.928446336108,0.054893822699058,1000.36214135448
37095,8994,350,23404.73,11.67135,2.823642,-1.306401,0,0,0,0,0,0,0,0,0,0,0,0.05647284,946.86493020324,0.0549358502186841,1000.33708190822
37096,8994,350.0667,23404.38,11.67351,2.825802,-1.304262,0,0,0,0,0,0,0,0,0,0,0,0.05651604,946.850770555786,0.054976740164121,1000.36302657855
37097,8994,350.1333,23402.13,11.67573,2.828022,-1.305687,0,0,0,0,0,0,0,0,0,0,0,0.05656044,946.75974425072,0.0550187641991493,1000.30889195983
37098,8994,350.2,23400.36,11.67797,2.830262,-1.310441,0,0,0,0,0,0,0,0,0,0,0,0.05660524,946.688136890735,0.0550611650392071,1000.27564608459
37099,8994,350.2667,23399.63,11.68015,2.832442,-1.314491,0,0,0,0,0,0,0,0,0,0,0,0.05664884,946.658603911758,0.0551024284163078,1000.28571569938
37100,8994,350.3333,23398.2,11.68243,2.834722,-1.308125,0,0,0,0,0,0,0,0,0,0,0,0.05669444,946.600751637872,0.0551455827873355,1000.26775115556
37101,8994,350.4,23396.38,11.68467,2.836962,-1.29595,0,0,0,0,0,0,0,0,0,0,0,0.05673924,946.527121471108,0.0551879782506336,1000.23235098277
37102,8994,350.4667,23396.14,11.68689,2.839182,-1.298071,0,0,0,0,0,0,0,0,0,0,0,0.05678364,946.517411998568,0.0552299934097091,1000.26411597523
37103,8994,350.5333,23394.53,11.68919,2.841482,-1.30062,0,0,0,0,0,0,0,0,0,0,0,0.05682964,946.452277620276,0.0552735207668113,1000.23881983462
37104,8994,350.6,23393.06,11.69133,2.843622,-1.29671,0,0,0,0,0,0,0,0,0,0,0,0.05687244,946.392807100967,0.0553140184324104,1000.21647523925
37105,8994,350.6667,23392.11,11.69349,2.845782,-1.294103,0,0,0,0,0,0,0,0,0,0,0,0.05691564,946.354373772161,0.0553548929178091,1000.2167386222
37106,8994,350.7333,23390.13,11.69577,2.848062,-1.298166,0,0,0,0,0,0,0,0,0,0,0,0.05696124,946.274270623704,0.0553980363955002,1000.17522645853
37107,8994,350.8,23388.02,11.69795,2.850242,-1.309538,0,0,0,0,0,0,0,0,0,0,0,0.05700484,946.18890817762,0.0554392858747788,1000.12625549806
37108,8994,350.8667,23387.52,11.70016,2.852452,-1.312065,0,0,0,0,0,0,0,0,0,0,0,0.05704904,946.168680109828,0.0554811012707105,1000.14669498816
37109,8994,350.9333,23385.77,11.70255,2.854842,-1.308589,0,0,0,0,0,0,0,0,0,0,0,0.05709684,946.097881872554,0.0555263204776349,1000.11708125817
37110,8994,351,23384.64,11.70473,2.857022,-1.309923,0,0,0,0,0,0,0,0,0,0,0,0.05714044,946.052166439344,0.0555675646657102,1000.11000349264
37111,8994,351.0667,23384.27,11.70687,2.859162,-1.311668,0,0,0,0,0,0,0,0,0,0,0,0.05718324,946.037197669177,0.0556080504252094,1000.13466979242
37112,8994,351.1333,23382.66,11.70921,2.861502,-1.312451,0,0,0,0,0,0,0,0,0,0,0,0.05723004,945.972063290886,0.0556523180245953,1000.11008231191
37113,8994,351.2,23380.63,11.71135,2.863642,-1.320778,0,0,0,0,0,0,0,0,0,0,0,0.05727284,945.889937335649,0.0556928003530051,1000.06374037428
37114,8994,351.2667,23379.73,11.71346,2.865752,-1.317562,0,0,0,0,0,0,0,0,0,0,0,0.05731504,945.853526813623,0.0557327135676837,1000.06515953709
37115,8994,351.3333,23377.36,11.71577,2.868062,-1.309741,0,0,0,0,0,0,0,0,0,0,0,0.05736124,945.757645772287,0.0557764081988141,1000.00747707327
37116,8994,351.4,23375.5,11.71799,2.870282,-1.307701,0,0,0,0,0,0,0,0,0,0,0,0.05740564,945.6823973601,0.0558183986427031,999.969900617291
37117,8994,351.4667,23374.82,11.72018,2.872472,-1.306512,0,0,0,0,0,0,0,0,0,0,0,0.05744944,945.654887187902,0.0558598199206153,999.98223089011
37118,8994,351.5333,23373.59,11.72255,2.874842,-1.307243,0,0,0,0,0,0,0,0,0,0,0,0.05749684,945.605126141133,0.0559046437541623,999.974432782049
37119,8994,351.6,23372.14,11.72471,2.877002,-1.299755,0,0,0,0,0,0,0,0,0,0,0,0.05754004,945.546464744535,0.0559454941056757,999.953246147794
37120,8994,351.6667,23371.32,11.72686,2.879152,-1.298549,0,0,0,0,0,0,0,0,0,0,0,0.05758304,945.513290713356,0.0559861536780784,999.958820353034
37121,8994,351.7333,23369.72,11.72923,2.881522,-1.305725,0,0,0,0,0,0,0,0,0,0,0,0.05763044,945.44856089642,0.056030971849347,999.935177458248
37122,8994,351.8,23368.32,11.73134,2.883632,-1.303276,0,0,0,0,0,0,0,0,0,0,0,0.05767264,945.391922306601,0.0560708715690652,999.915170300698
37123,8994,351.8667,23366.88,11.73346,2.885752,-1.303988,0,0,0,0,0,0,0,0,0,0,0,0.05771504,945.33366547136,0.0561109587837223,999.893635787386
37124,8994,351.9333,23364.98,11.73587,2.888162,-1.293634,0,0,0,0,0,0,0,0,0,0,0,0.05776324,945.256798813749,0.0561565276751302,999.857894145259
37125,8994,352,23363.76,11.73804,2.890332,-1.286234,0,0,0,0,0,0,0,0,0,0,0,0.05780664,945.207442328335,0.0561975568090919,999.84670867233
37126,8994,352.0667,23362.96,11.7402,2.892492,-1.290262,0,0,0,0,0,0,0,0,0,0,0,0.05784984,945.175077419868,0.0562383951970008,999.853304420595
37127,8994,352.1333,23361.46,11.74257,2.894862,-1.289866,0,0,0,0,0,0,0,0,0,0,0,0.05789724,945.11439321649,0.0562832020649444,999.833908068
37128,8994,352.2,23360.44,11.74474,2.897032,-1.296176,0,0,0,0,0,0,0,0,0,0,0,0.05794064,945.073127958194,0.0563242260020016,999.831269838894
37129,8994,352.2667,23359.01,11.74688,2.899172,-1.297564,0,0,0,0,0,0,0,0,0,0,0,0.05798344,945.015275684308,0.0563646811396981,999.810512221032
37130,8994,352.3333,23357.27,11.74923,2.901522,-1.297802,0,0,0,0,0,0,0,0,0,0,0,0.05803044,944.944882008391,0.0564091042887634,999.780449287086
37131,8994,352.4,23355.97,11.75136,2.903652,-1.303645,0,0,0,0,0,0,0,0,0,0,0,0.05807304,944.892289032131,0.0564493669700626,999.765056728785
37132,8994,352.4667,23354.2,11.7535,2.905792,-1.305296,0,0,0,0,0,0,0,0,0,0,0,0.05811584,944.820681672146,0.056489817045583,999.729729236895
37133,8994,352.5333,23352.37,11.75584,2.908132,-1.297318,0,0,0,0,0,0,0,0,0,0,0,0.05816264,944.746646944026,0.0565340456293445,999.695606061438
37134,8994,352.6,23351.15,11.758,2.910292,-1.298627,0,0,0,0,0,0,0,0,0,0,0,0.05820584,944.697290458612,0.0565748702781846,999.68418979548
37135,8994,352.6667,23349.73,11.76022,2.912512,-1.302427,0,0,0,0,0,0,0,0,0,0,0,0.05825024,944.639842746082,0.0566168272083813,999.665340299603
37136,8994,352.7333,23348.21,11.76257,2.914862,-1.302366,0,0,0,0,0,0,0,0,0,0,0,0.05829724,944.578349419993,0.0566612391579848,999.644660154934
37137,8994,352.8,23347.73,11.7647,2.916992,-1.300843,0,0,0,0,0,0,0,0,0,0,0,0.05833984,944.558930474913,0.0567014916891422,999.66434734939
37138,8994,352.8667,23345.82,11.7669,2.919192,-1.308611,0,0,0,0,0,0,0,0,0,0,0,0.05838384,944.481659255946,0.0567430653724928,999.62412533288
37139,8994,352.9333,23344.23,11.76926,2.921552,-1.311803,0,0,0,0,0,0,0,0,0,0,0,0.05843104,944.417334000366,0.0567876606750427,999.600621020035
37140,8994,353,23343.59,11.77138,2.923672,-1.305495,0,0,0,0,0,0,0,0,0,0,0,0.05847344,944.391442073592,0.056827719166492,999.613258398196
37141,8994,353.0667,23341.77,11.7735,2.925792,-1.301522,0,0,0,0,0,0,0,0,0,0,0,0.05851584,944.317811906828,0.0568677760533231,999.575361897518
37142,8994,353.1333,23339.23,11.77588,2.928172,-1.308799,0,0,0,0,0,0,0,0,0,0,0,0.05856344,944.215053322443,0.0569127436655023,999.511534944788
37143,8994,353.2,23338.71,11.77804,2.930332,-1.313869,0,0,0,0,0,0,0,0,0,0,0,0.05860664,944.194016131939,0.0569535528573704,999.530054925537
37144,8994,353.2667,23337.16,11.78024,2.932532,-1.309363,0,0,0,0,0,0,0,0,0,0,0,0.05865064,944.131309121782,0.0569951160631479,999.505214645813
37145,8994,353.3333,23335.48,11.78258,2.934872,-1.29965,0,0,0,0,0,0,0,0,0,0,0,0.05869744,944.063342814,0.0570393223043887,999.477444235024
37146,8994,353.4,23335.13,11.78478,2.937072,-1.305426,0,0,0,0,0,0,0,0,0,0,0,0.05874144,944.049183166545,0.05708088194554,999.503991616572
37147,8994,353.4667,23333.89,11.78696,2.939252,-1.307116,0,0,0,0,0,0,0,0,0,0,0,0.05878504,943.99901755842,0.0571220620681199,999.492037565553
37148,8994,353.5333,23331.76,11.78924,2.941532,-1.313764,0,0,0,0,0,0,0,0,0,0,0,0.05883064,943.912845989625,0.057165129372955,999.443842823416
37149,8994,353.6,23331.46,11.79136,2.943652,-1.315361,0,0,0,0,0,0,0,0,0,0,0,0.05887304,943.90070914895,0.0572051727467338,999.471013354704
37150,8994,353.6667,23329.49,11.79352,2.945812,-1.311739,0,0,0,0,0,0,0,0,0,0,0,0.05891624,943.821010561848,0.0572459700067956,999.427395737152
37151,8994,353.7333,23327.24,11.79586,2.948152,-1.312922,0,0,0,0,0,0,0,0,0,0,0,0.05896304,943.729984256782,0.0572901651603623,999.375173067714
37152,8994,353.8,23326.68,11.79804,2.950332,-1.308837,0,0,0,0,0,0,0,0,0,0,0,0.05900664,943.707328820855,0.0573313366657127,999.392327437949
37153,8994,353.8667,23325.69,11.8003,2.952592,-1.315195,0,0,0,0,0,0,0,0,0,0,0,0.05905184,943.667277246626,0.0573740172625269,999.392566315829
37154,8994,353.9333,23323.79,11.80262,2.954912,-1.31262,0,0,0,0,0,0,0,0,0,0,0,0.05909824,943.590410589015,0.0574178290777949,999.354943135703
37155,8994,354,23323.98,11.80478,2.957072,-1.31919,0,0,0,0,0,0,0,0,0,0,0,0.05914144,943.598097254776,0.0574586176631603,999.403847507684
37156,8994,354.0667,23322.28,11.807,2.959292,-1.319566,0,0,0,0,0,0,0,0,0,0,0,0.05918584,943.529321824282,0.0575005375311861,999.372897301083
37157,8994,354.1333,23320.24,11.80924,2.961532,-1.311158,0,0,0,0,0,0,0,0,0,0,0,0.05923064,943.446791307689,0.057542833274662,999.32774856279
37158,8994,354.2,23319.31,11.81138,2.963672,-1.318425,0,0,0,0,0,0,0,0,0,0,0,0.05927344,943.409167101595,0.0575832391444545,999.328273763242
37159,8994,354.2667,23317.46,11.81354,2.965832,-1.316721,0,0,0,0,0,0,0,0,0,0,0,0.05931664,943.334323250764,0.0576240209836729,999.289745702673
37160,8994,354.3333,23314.5,11.81588,2.968172,-1.321245,0,0,0,0,0,0,0,0,0,0,0,0.05936344,943.214573089433,0.0576681994327455,999.207034806153
37161,8994,354.4,23313.88,11.8181,2.970392,-1.317767,0,0,0,0,0,0,0,0,0,0,0,0.05940784,943.189490285371,0.0577101105162357,999.222340613926
37162,8994,354.4667,23312.7,11.82034,2.972632,-1.316193,0,0,0,0,0,0,0,0,0,0,0,0.05945264,943.141752045381,0.0577523973967826,999.214019098704
37163,8994,354.5333,23310.82,11.82256,2.974852,-1.317196,0,0,0,0,0,0,0,0,0,0,0,0.05949704,943.065694510481,0.0577943049516675,999.175311859399
37164,8994,354.6,23309.63,11.82478,2.977072,-1.30673,0,0,0,0,0,0,0,0,0,0,0,0.05954144,943.017551709136,0.057836210750383,999.166174683172
37165,8994,354.6667,23308.37,11.82704,2.979332,-1.304142,0,0,0,0,0,0,0,0,0,0,0,0.05958664,942.966576978299,0.0578788698047681,999.154786932737
37166,8994,354.7333,23306.45,11.82916,2.981452,-1.311274,0,0,0,0,0,0,0,0,0,0,0,0.05962904,942.888901197976,0.0579188846087408,999.112461203066
37167,8994,354.8,23304.93,11.83134,2.983632,-1.311479,0,0,0,0,0,0,0,0,0,0,0,0.05967264,942.827407871888,0.0579600302374332,999.08840836396
37168,8994,354.8667,23303.1,11.83368,2.985972,-1.316023,0,0,0,0,0,0,0,0,0,0,0,0.05971944,942.753373143767,0.0580041938449594,999.054076646024
37169,8994,354.9333,23301.57,11.83582,2.988112,-1.314417,0,0,0,0,0,0,0,0,0,0,0,0.05976224,942.691475256323,0.0580445810777528,999.028829446545
37170,8994,355,23300.43,11.83804,2.990332,-1.300685,0,0,0,0,0,0,0,0,0,0,0,0.05980664,942.645355261756,0.0580864763899792,999.021806671568
37171,8994,355.0667,23299.02,11.84044,2.992732,-1.306709,0,0,0,0,0,0,0,0,0,0,0,0.05985464,942.588312110582,0.0581317666450413,999.006596200168
37172,8994,355.1333,23297.78,11.84256,2.994852,-1.310602,0,0,0,0,0,0,0,0,0,0,0,0.05989704,942.538146502457,0.0581717713308786,998.99339156504
37173,8994,355.2,23296.62,11.84472,2.997012,-1.299344,0,0,0,0,0,0,0,0,0,0,0,0.05994024,942.491217385179,0.0582125291762222,998.984367153138
37174,8994,355.2667,23294.66,11.8471,2.999392,-1.298288,0,0,0,0,0,0,0,0,0,0,0,0.05998784,942.411923359433,0.0582574363600621,998.945179032011
37175,8994,355.3333,23293.13,11.8492,3.001492,-1.303407,0,0,0,0,0,0,0,0,0,0,0,0.06002984,942.350025471988,0.0582970586711415,998.919146725067
37176,8994,355.4,23291.4,11.8514,3.003692,-1.298478,0,0,0,0,0,0,0,0,0,0,0,0.06007384,942.280036357427,0.0583385660751629,998.886416496757
37177,8994,355.4667,23289.69,11.85376,3.006052,-1.297634,0,0,0,0,0,0,0,0,0,0,0,0.06012104,942.210856365577,0.0583830902841902,998.857552949566
37178,8994,355.5333,23288.11,11.85584,3.008132,-1.297114,0,0,0,0,0,0,0,0,0,0,0,0.06016264,942.146935671353,0.0584223303164534,998.828982589252
37179,8994,355.6,23286.31,11.85806,3.010352,-1.300108,0,0,0,0,0,0,0,0,0,0,0,0.06020704,942.0741146273,0.0584642098060777,998.793608529631
37180,8994,355.6667,23284.26,11.86046,3.012752,-1.301526,0,0,0,0,0,0,0,0,0,0,0,0.06025504,941.991179549352,0.0585094829571147,998.750895752745
37181,8994,355.7333,23283.32,11.86254,3.014832,-1.294198,0,0,0,0,0,0,0,0,0,0,0,0.06029664,941.953150781902,0.0585487180301363,998.749760811464
37182,8994,355.8,23281.56,11.86474,3.017032,-1.293869,0,0,0,0,0,0,0,0,0,0,0,0.06034064,941.881947983273,0.0585902149899617,998.715707529031
37183,8994,355.8667,23279.77,11.86712,3.019412,-1.292314,0,0,0,0,0,0,0,0,0,0,0,0.06038824,941.809531500577,0.0586351052165786,998.683751523121
37184,8994,355.9333,23278.8,11.86918,3.021472,-1.285927,0,0,0,0,0,0,0,0,0,0,0,0.06042944,941.770289049059,0.0586739581556066,998.680940224932
37185,8994,356,23276.96,11.87132,3.023612,-1.287324,0,0,0,0,0,0,0,0,0,0,0,0.06047224,941.695849759583,0.058714318348075,998.642307193249
37186,8994,356.0667,23274.44,11.87374,3.026032,-1.284973,0,0,0,0,0,0,0,0,0,0,0,0.06052064,941.59390029791,0.0587599573508881,998.579765764036
37187,8994,356.1333,23273.54,11.87588,3.028172,-1.280516,0,0,0,0,0,0,0,0,0,0,0,0.06056344,941.557489775884,0.0588003140726317,998.581450314476
37188,8994,356.2,23272.07,11.87802,3.030312,-1.285023,0,0,0,0,0,0,0,0,0,0,0,0.06060624,941.498019256574,0.0588406691657763,998.558674171163
37189,8994,356.2667,23270.09,11.88044,3.032732,-1.297568,0,0,0,0,0,0,0,0,0,0,0,0.06065464,941.417916108117,0.05888630240256,998.519280899205
37190,8994,356.3333,23269.34,11.88264,3.034932,-1.297224,0,0,0,0,0,0,0,0,0,0,0,0.06069864,941.387574006428,0.0589277853563151,998.528519461518
37191,8994,356.4,23268.11,11.88476,3.037052,-1.286824,0,0,0,0,0,0,0,0,0,0,0,0.06074104,941.337812959659,0.0589677582109809,998.515650710154
37192,8994,356.4667,23266.05,11.8871,3.039392,-1.286101,0,0,0,0,0,0,0,0,0,0,0,0.06078784,941.254473320354,0.0590118773370025,998.471299643836
37193,8994,356.5333,23264.93,11.88926,3.041552,-1.281761,0,0,0,0,0,0,0,0,0,0,0,0.06083104,941.2091624485,0.0590526009565115,998.463894657771
37194,8994,356.6,23262.88,11.89132,3.043612,-1.281417,0,0,0,0,0,0,0,0,0,0,0,0.06087224,941.126227370551,0.0590914376783033,998.414688953346
37195,8994,356.6667,23260.22,11.89372,3.046012,-1.277678,0,0,0,0,0,0,0,0,0,0,0,0.06092024,941.018614049896,0.0591366824423042,998.345693862283
37196,8994,356.7333,23259.21,11.89592,3.048212,-1.278746,0,0,0,0,0,0,0,0,0,0,0,0.06096424,940.977753352955,0.0591781550110712,998.343746943025
37197,8994,356.8,23257.7,11.89806,3.050352,-1.277839,0,0,0,0,0,0,0,0,0,0,0,0.06100704,940.916664588222,0.0592184948595973,998.319205181422
37198,8994,356.8667,23255.7,11.90046,3.052752,-1.272449,0,0,0,0,0,0,0,0,0,0,0,0.06105504,940.835752317053,0.0592637338754212,998.278516808201
37199,8994,356.9333,23255.27,11.90266,3.054952,-1.275918,0,0,0,0,0,0,0,0,0,0,0,0.06109904,940.818356178751,0.0593052011754829,998.301454555651
37200,8994,357,23254.04,11.90476,3.057052,-1.277028,0,0,0,0,0,0,0,0,0,0,0,0.06114104,940.768595131982,0.0593447819942615,998.288165437691
37201,8994,357.0667,23251.72,11.90708,3.059372,-1.282885,0,0,0,0,0,0,0,0,0,0,0,0.06118744,940.674736897426,0.0593885075536597,998.232215920853
37202,8994,357.1333,23250.77,11.90926,3.061552,-1.290594,0,0,0,0,0,0,0,0,0,0,0,0.06123104,940.63630356862,0.0594295927594445,998.232442697883
37203,8994,357.2,23248.94,11.91135,3.063642,-1.294076,0,0,0,0,0,0,0,0,0,0,0,0.06127284,940.5622688405,0.0594689802021712,998.193190249201
37204,8994,357.2667,23246.43,11.9137,3.065992,-1.296209,0,0,0,0,0,0,0,0,0,0,0,0.06131984,940.460723940183,0.0595132656653695,998.129625058479
37205,8994,357.3333,23245.38,11.91596,3.068252,-1.289104,0,0,0,0,0,0,0,0,0,0,0,0.06136504,940.418244997819,0.0595558532396561,998.12704821884
37206,8994,357.4,23244.34,11.91816,3.070452,-1.287129,0,0,0,0,0,0,0,0,0,0,0,0.06140904,940.376170616811,0.0595973084283366,998.123768493265
37207,8994,357.4667,23242.41,11.9204,3.072692,-1.284157,0,0,0,0,0,0,0,0,0,0,0,0.06145384,940.298090275132,0.0596395155821087,998.083018667206
37208,8994,357.5333,23241.39,11.92264,3.074932,-1.289739,0,0,0,0,0,0,0,0,0,0,0,0.06149864,940.256825016836,0.0596817209545121,998.081341006089
37209,8994,357.6,23239.79,11.92486,3.077152,-1.284577,0,0,0,0,0,0,0,0,0,0,0,0.06154304,940.1920951999,0.0597235477357995,998.054374922472
37210,8994,357.6667,23237.93,11.92703,3.079322,-1.287157,0,0,0,0,0,0,0,0,0,0,0,0.06158644,940.116846787713,0.0597644307817132,998.015296565393
37211,8994,357.7333,23236.44,11.92925,3.081542,-1.289583,0,0,0,0,0,0,0,0,0,0,0,0.06163084,940.056567145691,0.0598062541037301,997.993043026397
37212,8994,357.8,23234.45,11.9315,3.083792,-1.284092,0,0,0,0,0,0,0,0,0,0,0,0.06167584,939.976059435878,0.0598486408210428,997.949872481476
37213,8994,357.8667,23232.62,11.93367,3.085962,-1.282257,0,0,0,0,0,0,0,0,0,0,0,0.06171924,939.902024707758,0.0598895187531948,997.912063347182
37214,8994,357.9333,23231.83,11.93594,3.088232,-1.281969,0,0,0,0,0,0,0,0,0,0,0,0.06176464,939.870064360646,0.0599322786728105,997.920800532658
37215,8994,358,23230.29,11.93824,3.090532,-1.285234,0,0,0,0,0,0,0,0,0,0,0,0.06181064,939.807761911846,0.0599756018367599,997.897881152585
37216,8994,358.0667,23229.03,11.94037,3.092662,-1.281785,0,0,0,0,0,0,0,0,0,0,0,0.06185324,939.756787181009,0.0600157211799449,997.883789280145
37217,8994,358.1333,23227.98,11.94262,3.094912,-1.289631,0,0,0,0,0,0,0,0,0,0,0,0.06189824,939.714308238645,0.060058099019754,997.880970021435
37218,8994,358.2,23226.23,11.94492,3.097212,-1.290836,0,0,0,0,0,0,0,0,0,0,0,0.06194424,939.643510001372,0.0601014167332288,997.849013099339
37219,8994,358.2667,23224.71,11.94701,3.099302,-1.289664,0,0,0,0,0,0,0,0,0,0,0,0.06198604,939.582016675283,0.0601407777239346,997.822985144198
37220,8994,358.3333,23223.36,11.94923,3.101522,-1.286029,0,0,0,0,0,0,0,0,0,0,0,0.06203044,939.527400892244,0.0601825853091624,997.806698961646
37221,8994,358.4,23221.43,11.95158,3.103872,-1.281681,0,0,0,0,0,0,0,0,0,0,0,0.06207744,939.449320550565,0.0602268391820001,997.767929380084
37222,8994,358.4667,23220.04,11.95367,3.105962,-1.286697,0,0,0,0,0,0,0,0,0,0,0,0.06211924,939.393086522103,0.0602661952363607,997.74747111811
37223,8994,358.5333,23219.01,11.95591,3.108202,-1.296651,0,0,0,0,0,0,0,0,0,0,0,0.06216404,939.35141670245,0.0603083741683597,997.745295744398
37224,8994,358.6,23217.09,11.9583,3.110592,-1.295158,0,0,0,0,0,0,0,0,0,0,0,0.06221184,939.273740922128,0.0603533756207467,997.707688608577
37225,8994,358.6667,23216.25,11.96035,3.112642,-1.290442,0,0,0,0,0,0,0,0,0,0,0,0.06225284,939.239757768237,0.0603919735794617,997.710100130221
37226,8994,358.7333,23214.85,11.96259,3.114882,-1.294979,0,0,0,0,0,0,0,0,0,0,0,0.06229764,939.183119178418,0.0604341472067098,997.692011031072
37227,8994,358.8,23212.97,11.96502,3.117312,-1.30518,0,0,0,0,0,0,0,0,0,0,0,0.06234624,939.107061643519,0.0604798960500488,997.656855894441
37228,8994,358.8667,23212.16,11.96705,3.119342,-1.314052,0,0,0,0,0,0,0,0,0,0,0,0.06238684,939.074292173695,0.0605181126151195,997.660169787649
37229,8994,358.9333,23210.72,11.96917,3.121462,-1.309814,0,0,0,0,0,0,0,0,0,0,0,0.06242924,939.016035338453,0.0605580219516542,997.638092772446
37230,8994,359,23207.98,11.97162,3.123912,-1.317259,0,0,0,0,0,0,0,0,0,0,0,0.06247824,938.905185526951,0.0606041416067167,997.566329045548
37231,8994,359.0667,23207.06,11.97371,3.126002,-1.322716,0,0,0,0,0,0,0,0,0,0,0,0.06252004,938.867965882213,0.0606434828150356,997.566028663888
37232,8994,359.1333,23206.03,11.97581,3.128102,-1.325308,0,0,0,0,0,0,0,0,0,0,0,0.06256204,938.826296062561,0.0606830107000061,997.561184349879
37233,8994,359.2,23203.84,11.97832,3.130612,-1.322748,0,0,0,0,0,0,0,0,0,0,0,0.06261224,938.73769712563,0.0607302538842303,997.514167115108
37234,8994,359.2667,23202.86,11.98049,3.132782,-1.324183,0,0,0,0,0,0,0,0,0,0,0,0.06265564,938.698050112757,0.0607710957944803,997.512777209324
37235,8994,359.3333,23202.41,11.98257,3.134862,-1.32447,0,0,0,0,0,0,0,0,0,0,0,0.06269724,938.679844851744,0.0608102422349579,997.532480367577
37236,8994,359.4,23200.32,11.98502,3.137312,-1.318438,0,0,0,0,0,0,0,0,0,0,0,0.06274624,938.595291528372,0.0608563502594429,997.488616953482
37237,8994,359.4667,23199.48,11.98713,3.139422,-1.316606,0,0,0,0,0,0,0,0,0,0,0,0.06278844,938.561308374481,0.0608960579155001,997.492108771674
37238,8994,359.5333,23197.91,11.98915,3.141442,-1.315335,0,0,0,0,0,0,0,0,0,0,0,0.06282884,938.497792241613,0.06093407040287,997.462519870715
37239,8994,359.6,23195.22,11.99161,3.143902,-1.313812,0,0,0,0,0,0,0,0,0,0,0,0.06287804,938.38896523689,0.0609803608867291,997.393024128614
37240,8994,359.6667,23193.71,11.99377,3.146062,-1.317433,0,0,0,0,0,0,0,0,0,0,0,0.06292124,938.327876472157,0.0610210044229392,997.368629986353
37241,8994,359.7333,23192.81,11.99585,3.148142,-1.318275,0,0,0,0,0,0,0,0,0,0,0,0.06296284,938.291465950131,0.0610601410817971,997.368961394115
37242,8994,359.8,23190.34,11.99837,3.150662,-1.317871,0,0,0,0,0,0,0,0,0,0,0,0.06301324,938.191539295237,0.06110755459739,997.310027926817
37243,8994,359.8667,23189.93,12.00055,3.152842,-1.317193,0,0,0,0,0,0,0,0,0,0,0,0.06305684,938.174952279647,0.0611485692378914,997.333300137553
37244,8994,359.9333,23188.96,12.00255,3.154842,-1.305457,0,0,0,0,0,0,0,0,0,0,0,0.06309684,938.13570982813,0.0611861958689116,997.329108609442
37245,8994,360,23186.53,12.00499,3.157282,-1.307893,0,0,0,0,0,0,0,0,0,0,0,0.06314564,938.037401418659,0.0612320984416122,997.270373475178
37246,8994,360.0667,23185.09,12.00715,3.159442,-1.315256,0,0,0,0,0,0,0,0,0,0,0,0.06318884,937.979144583417,0.0612727317478132,997.248958673836
37247,8994,360.1333,23184.06,12.00913,3.161422,-1.319255,0,0,0,0,0,0,0,0,0,0,0,0.06322844,937.937474763765,0.0613099774948047,997.241798110617
37248,8994,360.2,23181.1,12.01157,3.163862,-1.325965,0,0,0,0,0,0,0,0,0,0,0,0.06327724,937.817724602434,0.061355874386092,997.160241838356
37249,8994,360.2667,23179.93,12.01385,3.166142,-1.3333,0,0,0,0,0,0,0,0,0,0,0,0.06332284,937.7703909238,0.0613987597413932,997.152675345006
37250,8994,360.3333,23179.31,12.01595,3.168242,-1.321772,0,0,0,0,0,0,0,0,0,0,0,0.06336484,937.745308119738,0.0614382577837248,997.165389529496
37251,8994,360.4,23177.68,12.01827,3.170562,-1.324046,0,0,0,0,0,0,0,0,0,0,0,0.06341124,937.679364618735,0.0614818919024679,997.138775851621
37252,8994,360.4667,23176.22,12.02055,3.172842,-1.321228,0,0,0,0,0,0,0,0,0,0,0,0.06345684,937.620298660781,0.0615247718539193,997.11871993365
37253,8994,360.5333,23175.04,12.02267,3.174962,-1.328138,0,0,0,0,0,0,0,0,0,0,0,0.06349924,937.572560420791,0.0615646410363669,997.107705452366
37254,8994,360.6,23172.73,12.02489,3.177182,-1.325967,0,0,0,0,0,0,0,0,0,0,0,0.06354364,937.47910674759,0.0616063891369095,997.049941614281
37255,8994,360.6667,23171.07,12.02713,3.179422,-1.322693,0,0,0,0,0,0,0,0,0,0,0,0.06358844,937.41194956252,0.0616485115800129,997.020513072559
37256,8994,360.7333,23168.96,12.02929,3.181582,-1.320815,0,0,0,0,0,0,0,0,0,0,0,0.06363164,937.326587116436,0.0616891279698376,996.970215070258
37257,8994,360.8,23166.9,12.03153,3.183822,-1.32059,0,0,0,0,0,0,0,0,0,0,0,0.06367644,937.243247477132,0.0617312469279967,996.923560890515
37258,8994,360.8667,23165.5,12.03385,3.186142,-1.317947,0,0,0,0,0,0,0,0,0,0,0,0.06372284,937.186608887313,0.0617748682645682,996.906801215582
37259,8994,360.9333,23163.97,12.03605,3.188342,-1.319169,0,0,0,0,0,0,0,0,0,0,0,0.06376684,937.124710999869,0.0618162315674503,996.882192506243
37260,8994,361,23162.2,12.03823,3.190522,-1.31934,0,0,0,0,0,0,0,0,0,0,0,0.06381044,937.053103639884,0.0618572171527128,996.84687448651
37261,8994,361.0667,23161,12.04053,3.192822,-1.31747,0,0,0,0,0,0,0,0,0,0,0,0.06385644,937.004556277182,0.0619004570042512,996.838331504822
37262,8994,361.1333,23159.1,12.04275,3.195042,-1.3146,0,0,0,0,0,0,0,0,0,0,0,0.06390084,936.927689619571,0.0619421910877615,996.798156005521
37263,8994,361.2,23157.43,12.04483,3.197122,-1.318542,0,0,0,0,0,0,0,0,0,0,0,0.06394244,936.860127873145,0.0619812917117559,996.765250388065
37264,8994,361.2667,23155.73,12.04713,3.199422,-1.321973,0,0,0,0,0,0,0,0,0,0,0,0.06398844,936.791352442651,0.0620245261987776,996.735169690946
37265,8994,361.3333,23153.71,12.04939,3.201682,-1.321486,0,0,0,0,0,0,0,0,0,0,0,0.06403364,936.70963104877,0.0620670069610136,996.690558347879
37266,8994,361.4,23152.04,12.05151,3.203802,-1.324189,0,0,0,0,0,0,0,0,0,0,0,0.06407604,936.642069302343,0.0621068545312814,996.658384000643
37267,8994,361.4667,23150.86,12.05379,3.206082,-1.317571,0,0,0,0,0,0,0,0,0,0,0,0.06412164,936.594331062353,0.0621497076933119,996.650295584774
37268,8994,361.5333,23148.79,12.05615,3.208442,-1.319523,0,0,0,0,0,0,0,0,0,0,0,0.06416884,936.510586861693,0.0621940625409714,996.605384868327
37269,8994,361.6,23147.75,12.05821,3.210502,-1.331851,0,0,0,0,0,0,0,0,0,0,0,0.06421004,936.468512480685,0.0622327774524868,996.59919312581
37270,8994,361.6667,23146.27,12.06045,3.212742,-1.33474,0,0,0,0,0,0,0,0,0,0,0,0.06425484,936.408637400019,0.0622748735194011,996.577424570776
37271,8994,361.7333,23143.86,12.06285,3.215142,-1.330917,0,0,0,0,0,0,0,0,0,0,0,0.06430284,936.31113811326,0.0623199744818595,996.518603417575
37272,8994,361.8,23142.49,12.06491,3.217202,-1.323256,0,0,0,0,0,0,0,0,0,0,0,0.06434404,936.255713207509,0.0623586845191063,996.498188268362
37273,8994,361.8667,23141.21,12.06705,3.219342,-1.31823,0,0,0,0,0,0,0,0,0,0,0,0.06438684,936.203929353961,0.0623988962719474,996.483141960646
37274,8994,361.9333,23138.27,12.06945,3.221742,-1.31492,0,0,0,0,0,0,0,0,0,0,0,0.06443484,936.084988315342,0.0624439916413333,996.401474763843
37275,8994,362,23136.6,12.07157,3.223862,-1.32248,0,0,0,0,0,0,0,0,0,0,0,0.06447724,936.017426568915,0.0624838241928077,996.369246825982
37276,8994,362.0667,23135.62,12.07371,3.226002,-1.315103,0,0,0,0,0,0,0,0,0,0,0,0.06452004,935.977779556042,0.0625240309139791,996.367103332109
37277,8994,362.1333,23133.25,12.07617,3.228462,-1.318758,0,0,0,0,0,0,0,0,0,0,0,0.06456924,935.881898514707,0.0625702478579756,996.311081431558
37278,8994,362.2,23131.75,12.07831,3.230602,-1.323336,0,0,0,0,0,0,0,0,0,0,0,0.06461204,935.82121431133,0.0626104511045549,996.286532043262
37279,8994,362.2667,23131.05,12.08043,3.232722,-1.328109,0,0,0,0,0,0,0,0,0,0,0,0.06465444,935.79289501642,0.0626502770262079,996.296060599686
37280,8994,362.3333,23128.77,12.08287,3.235162,-1.320873,0,0,0,0,0,0,0,0,0,0,0,0.06470324,935.700655027287,0.0626961124445286,996.243519077675
37281,8994,362.4,23127.29,12.08495,3.237242,-1.307388,0,0,0,0,0,0,0,0,0,0,0,0.06474484,935.640779946622,0.0627351836014128,996.218692541741
37282,8994,362.4667,23125.89,12.087,3.239292,-1.305328,0,0,0,0,0,0,0,0,0,0,0,0.06478584,935.584141356803,0.0627736897383662,996.196745845283
37283,8994,362.5333,23123.32,12.08947,3.241762,-1.306255,0,0,0,0,0,0,0,0,0,0,0,0.06483524,935.480169088351,0.0628200829681034,996.132250366434
37284,8994,362.6,23121.26,12.09161,3.243902,-1.316531,0,0,0,0,0,0,0,0,0,0,0,0.06487804,935.396829449046,0.0628602761719563,996.083542365914
37285,8994,362.6667,23120.39,12.09371,3.246002,-1.315448,0,0,0,0,0,0,0,0,0,0,0,0.06492004,935.361632611087,0.0628997165305517,996.085347214665
37286,8994,362.7333,23117.95,12.09621,3.248502,-1.315749,0,0,0,0,0,0,0,0,0,0,0,0.06497004,935.262919640261,0.0629466673102925,996.026988939805
37287,8994,362.8,23116.63,12.09835,3.250642,-1.310396,0,0,0,0,0,0,0,0,0,0,0,0.06501284,935.209517541289,0.0629868554267396,996.010144271678
37288,8994,362.8667,23115.59,12.10041,3.252702,-1.312647,0,0,0,0,0,0,0,0,0,0,0,0.06505404,935.167443160281,0.0630255396581051,996.003863414327
37289,8994,362.9333,23113.13,12.10283,3.255122,-1.324722,0,0,0,0,0,0,0,0,0,0,0,0.06510244,935.067921066743,0.0630709823290665,995.943124293915
37290,8994,363,23111.04,12.10497,3.257262,-1.318457,0,0,0,0,0,0,0,0,0,0,0,0.06514524,934.983367743371,0.063111165449938,995.893083631021
37291,8994,363.0667,23109.73,12.10698,3.259272,-1.320791,0,0,0,0,0,0,0,0,0,0,0,0.06518544,934.930370205755,0.0631489060696288,995.87421775698
37292,8994,363.1333,23106.82,12.10941,3.261702,-1.309052,0,0,0,0,0,0,0,0,0,0,0,0.06523404,934.812642851203,0.0631945308871491,995.794248187464
37293,8994,363.2,23105.21,12.11167,3.263962,-1.303329,0,0,0,0,0,0,0,0,0,0,0,0.06527924,934.747508472912,0.0632369619768128,995.767115417917
37294,8994,363.2667,23104.58,12.11377,3.266062,-1.304657,0,0,0,0,0,0,0,0,0,0,0,0.06532124,934.722021107493,0.0632763874818757,995.779222581541
37295,8994,363.3333,23103.1,12.11613,3.268422,-1.314539,0,0,0,0,0,0,0,0,0,0,0,0.06536844,934.662146026828,0.0633206923850728,995.759552439654
37296,8994,363.4,23101.6,12.11837,3.270662,-1.325613,0,0,0,0,0,0,0,0,0,0,0,0.06541324,934.601461823451,0.0633627426809121,995.736771550059
37297,8994,363.4667,23100.49,12.12047,3.272762,-1.319767,0,0,0,0,0,0,0,0,0,0,0,0.06545524,934.556555512952,0.0634021632274166,995.728179147625
37298,8994,363.5333,23098.52,12.12277,3.275062,-1.309564,0,0,0,0,0,0,0,0,0,0,0,0.06550124,934.47685692585,0.0634453363287341,995.686249805796
37299,8994,363.6,23096.99,12.12497,3.277262,-1.312168,0,0,0,0,0,0,0,0,0,0,0,0.06554524,934.414959038406,0.0634866305946446,995.661411788168
37300,8994,363.6667,23094.96,12.12708,3.279372,-1.317011,0,0,0,0,0,0,0,0,0,0,0,0.06558744,934.332833083169,0.0635262339477362,995.613331713041
37301,8994,363.7333,23092.78,12.12941,3.281702,-1.319236,0,0,0,0,0,0,0,0,0,0,0,0.06563404,934.244638707594,0.0635699647382191,995.562888694314
37302,8994,363.8,23091.37,12.13169,3.283982,-1.327241,0,0,0,0,0,0,0,0,0,0,0,0.06567964,934.187595556419,0.0636127552485366,995.544700525031
37303,8994,363.8667,23089.86,12.13383,3.286122,-1.329575,0,0,0,0,0,0,0,0,0,0,0,0.06572244,934.126506791687,0.0636529166056147,995.519580086713
37304,8994,363.9333,23087.94,12.13611,3.288402,-1.322229,0,0,0,0,0,0,0,0,0,0,0,0.06576804,934.048831011364,0.0636957035666026,995.479391891273
37305,8994,364,23086.63,12.13837,3.290662,-1.324635,0,0,0,0,0,0,0,0,0,0,0,0.06581324,933.995833473748,0.0637381133967422,995.465125421156
37306,8994,364.0667,23084.56,12.14051,3.292802,-1.324433,0,0,0,0,0,0,0,0,0,0,0,0.06585604,933.912089273088,0.0637782697196833,995.41584118074
37307,8994,364.1333,23082.7,12.14273,3.295022,-1.321721,0,0,0,0,0,0,0,0,0,0,0,0.06590044,933.8368408609,0.0638199255095665,995.377099561844
37308,8994,364.2,23081.06,12.14499,3.297282,-1.32038,0,0,0,0,0,0,0,0,0,0,0,0.06594564,933.770492798541,0.0638623300719135,995.348585559257
37309,8994,364.2667,23078.73,12.14718,3.299472,-1.319928,0,0,0,0,0,0,0,0,0,0,0,0.06598944,933.676230002629,0.0639034195032166,995.289001561814
37310,8994,364.3333,23076.85,12.1494,3.301692,-1.324927,0,0,0,0,0,0,0,0,0,0,0,0.06603384,933.60017246773,0.0639450700803214,995.249376880436
37311,8994,364.4,23075.63,12.15164,3.303932,-1.320937,0,0,0,0,0,0,0,0,0,0,0,0.06607864,933.550815982316,0.0639870941296403,995.238584273318
37312,8994,364.4667,23073.35,12.15391,3.306202,-1.322798,0,0,0,0,0,0,0,0,0,0,0,0.06612404,933.458575993183,0.0640296791994677,995.1826282105
37313,8994,364.5333,23072,12.1561,3.308392,-1.310617,0,0,0,0,0,0,0,0,0,0,0,0.06616784,933.403960210144,0.0640707617552069,995.165284104695
37314,8994,364.6,23071.06,12.15832,3.310612,-1.310983,0,0,0,0,0,0,0,0,0,0,0,0.06621224,933.365931442694,0.0641124053631385,995.166180503202
37315,8994,364.6667,23068.63,12.16063,3.312922,-1.313044,0,0,0,0,0,0,0,0,0,0,0,0.06625844,933.267623033223,0.0641557353844518,995.104479837913
37316,8994,364.7333,23067.06,12.16278,3.315072,-1.320974,0,0,0,0,0,0,0,0,0,0,0,0.06630144,933.204106900356,0.0641960625053069,995.076883001763
37317,8994,364.8,23066.04,12.16494,3.317232,-1.328109,0,0,0,0,0,0,0,0,0,0,0,0.06634464,933.162841642059,0.0642365755565921,995.073194432179
37318,8994,364.8667,23063.06,12.16724,3.319532,-1.321402,0,0,0,0,0,0,0,0,0,0,0,0.06639064,933.042282358017,0.0642797126495435,994.987556630826
37319,8994,364.9333,23060.92,12.16944,3.321732,-1.322569,0,0,0,0,0,0,0,0,0,0,0,0.06643464,932.955706227865,0.0643209724755769,994.936282707059
37320,8994,365,23060.13,12.1716,3.323892,-1.32285,0,0,0,0,0,0,0,0,0,0,0,0.06647784,932.923745880754,0.0643614804667963,994.942501391615
37321,8994,365.0667,23057.7,12.17397,3.326262,-1.315369,0,0,0,0,0,0,0,0,0,0,0,0.06652524,932.825437471283,0.0644059248470716,994.881873577165
37322,8994,365.1333,23055.77,12.17616,3.328452,-1.313009,0,0,0,0,0,0,0,0,0,0,0,0.06656904,932.747357129604,0.0644469919489029,994.839453256259
37323,8994,365.2,23055.04,12.17832,3.330612,-1.315476,0,0,0,0,0,0,0,0,0,0,0,0.06661224,932.717824150628,0.0644874948357516,994.848247705227
37324,8994,365.2667,23052.63,12.18069,3.332982,-1.314424,0,0,0,0,0,0,0,0,0,0,0,0.06665964,932.620324863868,0.0645319336158734,994.788459975977
37325,8994,365.3333,23050.41,12.18282,3.335112,-1.314036,0,0,0,0,0,0,0,0,0,0,0,0.06670224,932.53051224287,0.0645718705814722,994.732386277817
37326,8994,365.4,23049.25,12.18488,3.337172,-1.309533,0,0,0,0,0,0,0,0,0,0,0,0.06674344,932.483583125592,0.0646104935474951,994.72074520692
37327,8994,365.4667,23046.35,12.18726,3.339552,-1.306829,0,0,0,0,0,0,0,0,0,0,0,0.06679104,932.366260332396,0.0646551143403196,994.639972520908
37328,8994,365.5333,23043.75,12.18944,3.341732,-1.305237,0,0,0,0,0,0,0,0,0,0,0,0.06683464,932.261074379876,0.0646959837396849,994.568407672068
37329,8994,365.6,23042.9,12.19158,3.343872,-1.309938,0,0,0,0,0,0,0,0,0,0,0,0.06687744,932.226686664629,0.0647361016172627,994.571620968442
37330,8994,365.6667,23040.79,12.19403,3.346322,-1.318842,0,0,0,0,0,0,0,0,0,0,0,0.06692644,932.141324218545,0.0647820289871281,994.526224625379
37331,8994,365.7333,23038.89,12.19622,3.348512,-1.311388,0,0,0,0,0,0,0,0,0,0,0,0.06697024,932.064457560935,0.0648230806466735,994.48503797926
37332,8994,365.8,23038.2,12.1983,3.350592,-1.306297,0,0,0,0,0,0,0,0,0,0,0,0.06701184,932.036542827381,0.0648620687903838,994.494026509483
37333,8994,365.8667,23035.7,12.20068,3.352972,-1.312087,0,0,0,0,0,0,0,0,0,0,0,0.06705944,931.935402488419,0.0649066783593837,994.430468695467
37334,8994,365.9333,23033.27,12.20284,3.355132,-1.307214,0,0,0,0,0,0,0,0,0,0,0,0.06710264,931.837094078949,0.0649471626322613,994.365823141574
37335,8994,366,23031.96,12.20488,3.357172,-1.302549,0,0,0,0,0,0,0,0,0,0,0,0.06714344,931.784096541333,0.0649853962740024,994.34728612041
37336,8994,366.0667,23029.22,12.20728,3.359572,-1.3027,0,0,0,0,0,0,0,0,0,0,0,0.06719144,931.673246729831,0.0650303751575487,994.273713787083
37337,8994,366.1333,23026.77,12.20952,3.361812,-1.295293,0,0,0,0,0,0,0,0,0,0,0,0.06723624,931.574129197648,0.0650723536236511,994.209670926172
37338,8994,366.2,23025.9,12.21164,3.363932,-1.303999,0,0,0,0,0,0,0,0,0,0,0,0.06727864,931.538932359689,0.0651120816203055,994.211604835901
37339,8994,366.2667,23024.1,12.21402,3.366312,-1.311481,0,0,0,0,0,0,0,0,0,0,0,0.06732624,931.466111315637,0.0651566800379836,994.17822227794
37340,8994,366.3333,23022.16,12.21622,3.368512,-1.306374,0,0,0,0,0,0,0,0,0,0,0,0.06737024,931.387626412603,0.0651979036971018,994.13543433705
37341,8994,366.4,23020.74,12.21834,3.370632,-1.305865,0,0,0,0,0,0,0,0,0,0,0,0.06741264,931.330178700072,0.0652376267063152,994.113604757916
37342,8994,366.4667,23018.74,12.22064,3.372932,-1.300102,0,0,0,0,0,0,0,0,0,0,0,0.06745864,931.249266428903,0.0652807206393669,994.070075443194
37343,8994,366.5333,23016.55,12.2228,3.375092,-1.296097,0,0,0,0,0,0,0,0,0,0,0,0.06750184,931.160667491972,0.0653211897725529,994.015725883309
37344,8994,366.6,23014.65,12.22492,3.377212,-1.299342,0,0,0,0,0,0,0,0,0,0,0,0.06754424,931.083800834362,0.0653609078848715,993.97314853803
37345,8994,366.6667,23012.5,12.22732,3.379612,-1.299755,0,0,0,0,0,0,0,0,0,0,0,0.06759224,930.996820142854,0.0654058698818752,993.924980649187
37346,8994,366.7333,23010.92,12.2295,3.381792,-1.311426,0,0,0,0,0,0,0,0,0,0,0,0.06763584,930.93289944863,0.0654467086104536,993.897328086474
37347,8994,366.8,23009.17,12.23168,3.383972,-1.316492,0,0,0,0,0,0,0,0,0,0,0,0.06767944,930.862101211357,0.0654875456712985,993.862326938565
37348,8994,366.8667,23007.23,12.234,3.386292,-1.316598,0,0,0,0,0,0,0,0,0,0,0,0.06772584,930.783616308323,0.0655310034640106,993.821718581042
37349,8994,366.9333,23005.62,12.23622,3.388512,-1.310909,0,0,0,0,0,0,0,0,0,0,0,0.06777024,930.718481930032,0.0655725863078493,993.793496822866
37350,8994,367,23003.43,12.23836,3.390652,-1.306722,0,0,0,0,0,0,0,0,0,0,0,0.06781304,930.629882993101,0.0656126690341065,993.738724473708
37351,8994,367.0667,23001.35,12.24066,3.392952,-1.314431,0,0,0,0,0,0,0,0,0,0,0,0.06785904,930.545734231085,0.0656557468084875,993.691674432102
37352,8994,367.1333,22999.52,12.24284,3.395132,-1.316679,0,0,0,0,0,0,0,0,0,0,0,0.06790264,930.471699502965,0.065696575333893,993.653184344503
37353,8994,367.2,22997.03,12.245,3.397292,-1.325512,0,0,0,0,0,0,0,0,0,0,0,0.06794584,930.370963725359,0.0657370276416389,993.585800367288
37354,8994,367.2667,22994.74,12.2473,3.399592,-1.316544,0,0,0,0,0,0,0,0,0,0,0,0.06799184,930.27831917487,0.0657801000593764,993.529653807677
37355,8994,367.3333,22993.13,12.24948,3.401772,-1.315897,0,0,0,0,0,0,0,0,0,0,0,0.06803544,930.213184796579,0.0658209235080416,993.500648118015
37356,8994,367.4,22990.69,12.25172,3.404012,-1.316759,0,0,0,0,0,0,0,0,0,0,0,0.06808024,930.114471825752,0.0658628688019467,993.436888295122
37357,8994,367.4667,22988.72,12.25402,3.406312,-1.313505,0,0,0,0,0,0,0,0,0,0,0,0.06812624,930.03477323865,0.0659059357998589,993.394545408652
37358,8994,367.5333,22987.86,12.2562,3.408492,-1.307889,0,0,0,0,0,0,0,0,0,0,0,0.06816984,929.999980962048,0.065946754111903,993.397930864233
37359,8994,367.6,22985.55,12.25842,3.410712,-1.307686,0,0,0,0,0,0,0,0,0,0,0,0.06821424,929.906527288847,0.0659883196716001,993.339394318895
37360,8994,367.6667,22983.52,12.26066,3.412952,-1.307689,0,0,0,0,0,0,0,0,0,0,0,0.06825904,929.82440133361,0.0660302579447588,993.293322337217
37361,8994,367.7333,22982.41,12.2628,3.415092,-1.308747,0,0,0,0,0,0,0,0,0,0,0,0.06830184,929.779495023111,0.0660703223308536,993.28514532746
37362,8994,367.8,22979.55,12.26498,3.417272,-1.310778,0,0,0,0,0,0,0,0,0,0,0,0.06834544,929.663790475339,0.0661111339336055,993.202071287443
37363,8994,367.8667,22976.73,12.26732,3.419612,-1.310629,0,0,0,0,0,0,0,0,0,0,0,0.06839224,929.54970417299,0.0661549390299873,993.123690632718
37364,8994,367.9333,22975.86,12.2695,3.421792,-1.308254,0,0,0,0,0,0,0,0,0,0,0,0.06843584,929.514507335031,0.0661957471796125,993.12661343669
37365,8994,368,22973.9,12.27172,3.424012,-1.314474,0,0,0,0,0,0,0,0,0,0,0,0.06848024,929.435213309285,0.0662373023912765,993.083159781156
37366,8994,368.0667,22971.39,12.27402,3.426312,-1.314844,0,0,0,0,0,0,0,0,0,0,0,0.06852624,929.333668408967,0.0662803532668238,993.017410410441
37367,8994,368.1333,22970.55,12.27622,3.428512,-1.312297,0,0,0,0,0,0,0,0,0,0,0,0.06857024,929.299685255076,0.0663215306309888,993.021987704941
37368,8994,368.2,22968.53,12.27846,3.430752,-1.309605,0,0,0,0,0,0,0,0,0,0,0,0.06861504,929.217963861195,0.0663634549324762,992.97629162025
37369,8994,368.2667,22965.99,12.28068,3.432972,-1.306804,0,0,0,0,0,0,0,0,0,0,0,0.06865944,929.11520527681,0.0664050031757382,992.907734966601
37370,8994,368.3333,22964.63,12.28282,3.435112,-1.306683,0,0,0,0,0,0,0,0,0,0,0,0.06870224,929.060184932415,0.0664450525510087,992.888700732086
37371,8994,368.4,22961.91,12.28504,3.437332,-1.310712,0,0,0,0,0,0,0,0,0,0,0,0.06874664,928.950144243625,0.0664865974042419,992.812345387889
37372,8994,368.4667,22958.86,12.28728,3.439572,-1.307765,0,0,0,0,0,0,0,0,0,0,0,0.06879144,928.826753030091,0.0665285147861363,992.722082881556
37373,8994,368.5333,22957.54,12.2895,3.441792,-1.305865,0,0,0,0,0,0,0,0,0,0,0,0.06883584,928.773350931119,0.0665700561721597,992.706244712078
37374,8994,368.6,22955.32,12.2918,3.444092,-1.304191,0,0,0,0,0,0,0,0,0,0,0,0.06888184,928.683538310121,0.0666130927250567,992.652969206633
37375,8994,368.6667,22953.15,12.29402,3.446312,-1.299852,0,0,0,0,0,0,0,0,0,0,0,0.06892624,928.595748495903,0.0666546305978168,992.600361919711
37376,8994,368.7333,22952.24,12.2962,3.448492,-1.304541,0,0,0,0,0,0,0,0,0,0,0,0.06896984,928.558933412521,0.0666954183614636,992.601494480553
37377,8994,368.8,22950.02,12.29848,3.450772,-1.311973,0,0,0,0,0,0,0,0,0,0,0,0.06901544,928.469120791523,0.0667380753436547,992.547825689363
37378,8994,368.8667,22947.46,12.30066,3.452952,-1.315401,0,0,0,0,0,0,0,0,0,0,0,0.06905904,928.365553084426,0.0667788597039881,992.477586949505
37379,8994,368.9333,22945.98,12.30278,3.455072,-1.309687,0,0,0,0,0,0,0,0,0,0,0,0.06910144,928.30567800376,0.0668185199637322,992.452937113996
37380,8994,369,22943.43,12.30508,3.457372,-1.309008,0,0,0,0,0,0,0,0,0,0,0,0.06914744,928.202514858019,0.0668615458251624,992.385342562013
37381,8994,369.0667,22940.63,12.3073,3.459592,-1.310281,0,0,0,0,0,0,0,0,0,0,0,0.06919184,928.089237678382,0.0669030733792055,992.305439717547
37382,8994,369.1333,22939.21,12.3095,3.461792,-1.303516,0,0,0,0,0,0,0,0,0,0,0,0.06923584,928.031789965852,0.0669442251099071,992.284850490841
37383,8994,369.2,22937.29,12.31186,3.464152,-1.305834,0,0,0,0,0,0,0,0,0,0,0,0.06928304,927.954114185529,0.0669883678111468,992.24559619681
37384,8994,369.2667,22935.03,12.31402,3.466312,-1.298068,0,0,0,0,0,0,0,0,0,0,0,0.06932624,927.862683319108,0.0670287678976984,992.187914389932
37385,8994,369.3333,22933.32,12.3162,3.468492,-1.300315,0,0,0,0,0,0,0,0,0,0,0,0.06936984,927.793503327258,0.0670695404042866,992.154390206109
37386,8994,369.4,22931.07,12.31854,3.470832,-1.304327,0,0,0,0,0,0,0,0,0,0,0,0.06941664,927.702477022192,0.0671133035386108,992.10046589675
37387,8994,369.4667,22928.93,12.32062,3.472912,-1.303586,0,0,0,0,0,0,0,0,0,0,0,0.06945824,927.615900892041,0.0671522024946872,992.046468764017
37388,8994,369.5333,22926.7,12.32278,3.475072,-1.302732,0,0,0,0,0,0,0,0,0,0,0,0.06950144,927.525683709687,0.0671925959629793,991.990054364495
37389,8994,369.6,22924.03,12.32518,3.477472,-1.305779,0,0,0,0,0,0,0,0,0,0,0,0.06954944,927.417665827676,0.067237475680855,991.919045132098
37390,8994,369.6667,22922.11,12.32732,3.479612,-1.299151,0,0,0,0,0,0,0,0,0,0,0,0.06959224,927.339990047354,0.067277491730662,991.875657196327
37391,8994,369.7333,22920.48,12.3295,3.481792,-1.293911,0,0,0,0,0,0,0,0,0,0,0,0.06963584,927.274046546351,0.067318254097624,991.845553687805
37392,8994,369.8,22918.29,12.33188,3.484172,-1.295923,0,0,0,0,0,0,0,0,0,0,0,0.06968344,927.18544760942,0.0673627542341419,991.794919116784
37393,8994,369.8667,22916.52,12.33402,3.486312,-1.302443,0,0,0,0,0,0,0,0,0,0,0,0.06972624,927.113840249435,0.0674027652712106,991.758002381989
37394,8994,369.9333,22914.48,12.33618,3.488472,-1.300698,0,0,0,0,0,0,0,0,0,0,0,0.06976944,927.031309732842,0.0674431486198751,991.709765075369
37395,8994,370,22912.06,12.33854,3.490832,-1.311534,0,0,0,0,0,0,0,0,0,0,0,0.06981664,926.933405884727,0.0674872693032623,991.648781787355
37396,8994,370.0667,22910.04,12.34064,3.492932,-1.316141,0,0,0,0,0,0,0,0,0,0,0,0.06985864,926.851684490846,0.0675265275967035,991.600282651086
37397,8994,370.1333,22907.62,12.34281,3.495102,-1.301876,0,0,0,0,0,0,0,0,0,0,0,0.06990204,926.753780642731,0.0675670928808604,991.535760487371
37398,8994,370.2,22904.92,12.34518,3.497472,-1.297033,0,0,0,0,0,0,0,0,0,0,0,0.06994944,926.644549076653,0.0676113950209394,991.462816363617
37399,8994,370.2667,22903.02,12.3473,3.499592,-1.293655,0,0,0,0,0,0,0,0,0,0,0,0.06999184,926.567682419042,0.0676510222765111,991.419859396086
37400,8994,370.3333,22900.56,12.34952,3.501812,-1.291063,0,0,0,0,0,0,0,0,0,0,0,0.07003624,926.468160325503,0.0676925170591464,991.354506754419
37401,8994,370.4,22898.19,12.3519,3.504192,-1.293265,0,0,0,0,0,0,0,0,0,0,0,0.07008384,926.372279284168,0.0677370005443982,991.296005885955
37402,8994,370.4667,22896.85,12.35402,3.506312,-1.297586,0,0,0,0,0,0,0,0,0,0,0,0.07012624,926.318068062484,0.0677766228229788,991.27727121977
37403,8994,370.5333,22894.29,12.35624,3.508532,-1.291524,0,0,0,0,0,0,0,0,0,0,0,0.07017064,926.214500355387,0.067818112394282,991.207564622605
37404,8994,370.6,22891.8,12.35858,3.510872,-1.286356,0,0,0,0,0,0,0,0,0,0,0,0.07021744,926.113764577781,0.0678618427817241,991.143102275196
37405,8994,370.6667,22890.54,12.36067,3.512962,-1.286764,0,0,0,0,0,0,0,0,0,0,0,0.07025924,926.062789846945,0.0679008995024965,991.127257653871
37406,8994,370.7333,22887.63,12.36279,3.515082,-1.291359,0,0,0,0,0,0,0,0,0,0,0,0.07030164,925.945062492393,0.0679405152876879,991.040518935511
37407,8994,370.8,22884.39,12.3652,3.517492,-1.29524,0,0,0,0,0,0,0,0,0,0,0,0.07034984,925.813984613099,0.0679855483072695,990.944850300393
37408,8994,370.8667,22883.12,12.36735,3.519642,-1.301129,0,0,0,0,0,0,0,0,0,0,0,0.07039284,925.762605320906,0.0680257212812636,990.929664275244
37409,8994,370.9333,22881.06,12.36951,3.521802,-1.301122,0,0,0,0,0,0,0,0,0,0,0,0.07043604,925.679265681602,0.06806607948122,990.880447466322
37410,8994,371,22878.28,12.3719,3.524192,-1.298598,0,0,0,0,0,0,0,0,0,0,0,0.07048384,925.566797624676,0.0681107331840088,990.804299697766
37411,8994,371.0667,22877.06,12.37408,3.526372,-1.303415,0,0,0,0,0,0,0,0,0,0,0,0.07052744,925.517441139263,0.0681514616009146,990.791816938166
37412,8994,371.1333,22874.82,12.37625,3.528542,-1.307891,0,0,0,0,0,0,0,0,0,0,0,0.07057084,925.426819395553,0.0681920015428794,990.734967398826
37413,8994,371.2,22871.88,12.37854,3.530832,-1.303285,0,0,0,0,0,0,0,0,0,0,0,0.07061664,925.307878356934,0.0682347815427016,990.65001169203
37414,8994,371.2667,22870.3,12.38069,3.532982,-1.305469,0,0,0,0,0,0,0,0,0,0,0,0.07065964,925.24395766271,0.068274944505704,990.621362623333
37415,8994,371.3333,22867.38,12.38283,3.535122,-1.306685,0,0,0,0,0,0,0,0,0,0,0,0.07070244,925.125825746803,0.0683149190624644,990.534478934117
37416,8994,371.4,22863.88,12.38519,3.537482,-1.303979,0,0,0,0,0,0,0,0,0,0,0,0.07074964,924.984229272257,0.068359001300352,990.426530498946
37417,8994,371.4667,22862.36,12.38737,3.539662,-1.311072,0,0,0,0,0,0,0,0,0,0,0,0.07079324,924.922735946168,0.0683997196071514,990.401013173462
37418,8994,371.5333,22859.95,12.38955,3.541842,-1.323718,0,0,0,0,0,0,0,0,0,0,0,0.07083684,924.825236659409,0.0684404362560378,990.336933976613
37419,8994,371.6,22856.9,12.39192,3.544212,-1.3187,0,0,0,0,0,0,0,0,0,0,0,0.07088424,924.701845445876,0.0684846997228827,990.248632986904
37420,8994,371.6667,22855.86,12.3941,3.546392,-1.313435,0,0,0,0,0,0,0,0,0,0,0,0.07092784,924.659771064867,0.0685254129118811,990.243891361393
37421,8994,371.7333,22853.63,12.39627,3.548562,-1.307143,0,0,0,0,0,0,0,0,0,0,0,0.07097124,924.569553882514,0.0685659376970226,990.187401587802
37422,8994,371.8,22850.31,12.39857,3.550862,-1.312501,0,0,0,0,0,0,0,0,0,0,0,0.07101724,924.435239512372,0.0686088884415636,990.08607878128
37423,8994,371.8667,22848.63,12.40071,3.553002,-1.322724,0,0,0,0,0,0,0,0,0,0,0,0.07106004,924.36727320459,0.0686488496515586,990.052848613199
37424,8994,371.9333,22846.13,12.40283,3.555122,-1.330859,0,0,0,0,0,0,0,0,0,0,0,0.07110244,924.266132865628,0.068688435817782,989.983710121739
37425,8994,372,22842.67,12.40517,3.557462,-1.326583,0,0,0,0,0,0,0,0,0,0,0,0.07114924,924.126154636505,0.068732128163032,989.877028203015
37426,8994,372.0667,22841.14,12.40741,3.559702,-1.318639,0,0,0,0,0,0,0,0,0,0,0,0.07119404,924.064256749061,0.0687739515257253,989.852124406623
37427,8994,372.1333,22839.22,12.40965,3.561942,-1.319743,0,0,0,0,0,0,0,0,0,0,0,0.07123884,923.986580968738,0.068815773139298,989.810313172517
37428,8994,372.2,22836.55,12.41187,3.564162,-1.319872,0,0,0,0,0,0,0,0,0,0,0,0.07128324,923.878563086727,0.0688572196199864,989.735620430093
37429,8994,372.2667,22834.62,12.41409,3.566382,-1.314502,0,0,0,0,0,0,0,0,0,0,0,0.07132764,923.800482745048,0.0688986643829349,989.692991010113
37430,8994,372.3333,22832.12,12.41637,3.568662,-1.313709,0,0,0,0,0,0,0,0,0,0,0,0.07137324,923.699342406087,0.0689412274867564,989.626757259478
37431,8994,372.4,22829.28,12.41849,3.570782,-1.313993,0,0,0,0,0,0,0,0,0,0,0,0.07141564,923.584446981026,0.0689808020807832,989.542821356222
37432,8994,372.4667,22826.64,12.42069,3.572982,-1.313772,0,0,0,0,0,0,0,0,0,0,0,0.07145964,923.477642783083,0.0690218683998703,989.46902268441
37433,8994,372.5333,22823.56,12.42299,3.575282,-1.318357,0,0,0,0,0,0,0,0,0,0,0,0.07150564,923.353037885482,0.0690647995667318,989.377987805427
37434,8994,372.6,22820.65,12.42513,3.577422,-1.323465,0,0,0,0,0,0,0,0,0,0,0,0.07154844,923.23531053093,0.0691047425624826,989.291356752334
37435,8994,372.6667,22818.44,12.42739,3.579682,-1.315076,0,0,0,0,0,0,0,0,0,0,0,0.07159364,923.145902471288,0.0691469236203121,989.237277880292
37436,8994,372.7333,22815.96,12.42975,3.582042,-1.312376,0,0,0,0,0,0,0,0,0,0,0,0.07164084,923.045571255038,0.0691909691976375,989.173331338029
37437,8994,372.8,22813.7,12.43185,3.584142,-1.31892,0,0,0,0,0,0,0,0,0,0,0,0.07168284,922.954140388617,0.0692301606649809,989.114114361431
37438,8994,372.8667,22811.28,12.43407,3.586362,-1.305621,0,0,0,0,0,0,0,0,0,0,0,0.07172724,922.856236540502,0.0692715899746782,989.050167304339
37439,8994,372.9333,22808.51,12.43641,3.588702,-1.306585,0,0,0,0,0,0,0,0,0,0,0,0.07177404,922.744173044932,0.0693152568485393,988.973250230826
37440,8994,373,22806.21,12.43847,3.590762,-1.311185,0,0,0,0,0,0,0,0,0,0,0,0.07181524,922.651123933087,0.069353697048245,988.911535834612
37441,8994,373.0667,22803.65,12.44069,3.592982,-1.321151,0,0,0,0,0,0,0,0,0,0,0,0.07185964,922.54755622599,0.0693951212403373,988.84149149927
37442,8994,373.1333,22800.95,12.44307,3.595362,-1.327356,0,0,0,0,0,0,0,0,0,0,0,0.07190724,922.438324659912,0.0694395290539405,988.76831865643
37443,8994,373.2,22798.8,12.44513,3.597422,-1.32111,0,0,0,0,0,0,0,0,0,0,0,0.07194844,922.351343968404,0.0694779644769863,988.713084298834
37444,8994,373.2667,22796.29,12.44737,3.599662,-1.318894,0,0,0,0,0,0,0,0,0,0,0,0.07199324,922.249799068087,0.0695197566585783,988.645550192348
37445,8994,373.3333,22793.55,12.44977,3.602062,-1.32052,0,0,0,0,0,0,0,0,0,0,0,0.07204124,922.138949256585,0.0695645320579067,988.570982613326
37446,8994,373.4,22791.79,12.45183,3.604122,-1.314604,0,0,0,0,0,0,0,0,0,0,0,0.07208244,922.067746457956,0.0696029626768019,988.532639467947
37447,8994,373.4667,22789.24,12.45405,3.606342,-1.316723,0,0,0,0,0,0,0,0,0,0,0,0.07212684,921.964583312215,0.0696443765447675,988.462975298442
37448,8994,373.5333,22786.26,12.45649,3.608782,-1.313225,0,0,0,0,0,0,0,0,0,0,0,0.07217564,921.844024028172,0.0696898925113475,988.378706442581
37449,8994,373.6,22784.56,12.45853,3.610822,-1.31001,0,0,0,0,0,0,0,0,0,0,0,0.07221644,921.775248597678,0.0697279452540203,988.342575531518
37450,8994,373.6667,22781.75,12.46065,3.612942,-1.30283,0,0,0,0,0,0,0,0,0,0,0,0.07225884,921.661566856685,0.0697674887268697,988.259762550332
37451,8994,373.7333,22778.04,12.46305,3.615342,-1.297144,0,0,0,0,0,0,0,0,0,0,0,0.07230684,921.511474593666,0.069812253035518,988.143057345274
37452,8994,373.8,22775.74,12.46517,3.617462,-1.305805,0,0,0,0,0,0,0,0,0,0,0,0.07234924,921.418425481821,0.0698517931747516,988.082348287428
37453,8994,373.8667,22773.21,12.46731,3.619602,-1.307724,0,0,0,0,0,0,0,0,0,0,0,0.07239204,921.316071458792,0.0698917047486134,988.01202135648
37454,8994,373.9333,22770.18,12.46977,3.622062,-1.309315,0,0,0,0,0,0,0,0,0,0,0,0.07244124,921.19348936797,0.0699375824403365,987.925888017713
37455,8994,374,22768.42,12.47193,3.624222,-1.303736,0,0,0,0,0,0,0,0,0,0,0,0.07248444,921.122286569341,0.0699778635562825,987.88931968284
37456,8994,374.0667,22766.41,12.47405,3.626342,-1.299588,0,0,0,0,0,0,0,0,0,0,0,0.07252684,921.040969736816,0.0700173971479246,987.841160782363
37457,8994,374.1333,22763.35,12.47641,3.628702,-1.307287,0,0,0,0,0,0,0,0,0,0,0,0.07257404,920.917173961927,0.0700614044022665,987.751853781727
37458,8994,374.2,22761.14,12.47855,3.630842,-1.308789,0,0,0,0,0,0,0,0,0,0,0,0.07261684,920.827765902285,0.070101307611258,987.695368446368
37459,8994,374.2667,22758.36,12.48063,3.632922,-1.315332,0,0,0,0,0,0,0,0,0,0,0,0.07265844,920.715297845359,0.0701400905128213,987.613035070939
37460,8994,374.3333,22754.81,12.48305,3.635342,-1.301982,0,0,0,0,0,0,0,0,0,0,0,0.07270684,920.571678564034,0.0701852110342162,987.50353630592
37461,8994,374.4,22752.71,12.48523,3.637522,-1.300152,0,0,0,0,0,0,0,0,0,0,0,0.07275044,920.486720679306,0.0702258550502147,987.452534622882
37462,8994,374.4667,22750.22,12.48737,3.639662,-1.298434,0,0,0,0,0,0,0,0,0,0,0,0.07279324,920.3859849017,0.070265751697768,987.383862793286
37463,8994,374.5333,22747.16,12.48979,3.642082,-1.304645,0,0,0,0,0,0,0,0,0,0,0,0.07284164,920.262189126811,0.070310866549749,987.295596212798
37464,8994,374.6,22745.5,12.49197,3.644262,-1.299428,0,0,0,0,0,0,0,0,0,0,0,0.07288524,920.19503194174,0.0703515054590271,987.263667691621
37465,8994,374.6667,22743.11,12.49407,3.646362,-1.297696,0,0,0,0,0,0,0,0,0,0,0,0.07292724,920.098341777693,0.0703906514705233,987.198574372117
37466,8994,374.7333,22739.53,12.49641,3.648702,-1.295071,0,0,0,0,0,0,0,0,0,0,0,0.07297404,919.953508812299,0.0704342695068642,987.086232962509
37467,8994,374.8,22737.15,12.49857,3.650862,-1.293647,0,0,0,0,0,0,0,0,0,0,0,0.07301724,919.857223209608,0.0704745306210713,987.022658842437
37468,8994,374.8667,22734.26,12.50065,3.652942,-1.299619,0,0,0,0,0,0,0,0,0,0,0,0.07305884,919.740304977768,0.0705132990509447,986.93546476069
37469,8994,374.9333,22730.45,12.50301,3.655302,-1.295997,0,0,0,0,0,0,0,0,0,0,0,0.07310604,919.58616710119,0.0705572844878955,986.813470216737
37470,8994,375,22728.33,12.50527,3.657562,-1.286309,0,0,0,0,0,0,0,0,0,0,0,0.07315124,919.500400093751,0.0705994043217364,986.762994541105
37471,8994,375.0667,22726.22,12.50743,3.659722,-1.283655,0,0,0,0,0,0,0,0,0,0,0,0.07319444,919.415037647667,0.0706396587881145,986.711106455867
37472,8994,375.1333,22723.24,12.50971,3.662002,-1.288152,0,0,0,0,0,0,0,0,0,0,0,0.07324004,919.294478363625,0.0706821478558515,986.623642730756
37473,8994,375.2,22720.89,12.51195,3.664242,-1.300619,0,0,0,0,0,0,0,0,0,0,0,0.07328484,919.199406445001,0.070723889743331,986.562787874417
37474,8994,375.2667,22718.2,12.51417,3.666462,-1.298654,0,0,0,0,0,0,0,0,0,0,0,0.07332924,919.090579440278,0.070765257216339,986.486793121793
37475,8994,375.3333,22715.16,12.51633,3.668622,-1.304352,0,0,0,0,0,0,0,0,0,0,0,0.07337244,918.9675927881,0.0708055050070854,986.39448735189
37476,8994,375.4,22712.59,12.51855,3.670842,-1.307349,0,0,0,0,0,0,0,0,0,0,0,0.07341684,918.863620519648,0.0708468691040835,986.323683929159
37477,8994,375.4667,22709.22,12.52077,3.673062,-1.306488,0,0,0,0,0,0,0,0,0,0,0,0.07346124,918.727283342727,0.0708882314901642,986.218128798915
37478,8994,375.5333,22706.01,12.52299,3.675282,-1.306665,0,0,0,0,0,0,0,0,0,0,0,0.07350564,918.5974191475,0.0709295921654683,986.119510344286
37479,8994,375.6,22703.79,12.52525,3.677542,-1.307413,0,0,0,0,0,0,0,0,0,0,0,0.07355084,918.507606526502,0.0709716963210206,986.064612532916
37480,8994,375.6667,22700.93,12.52755,3.679842,-1.304669,0,0,0,0,0,0,0,0,0,0,0,0.07359684,918.39190197873,0.0710145438628413,985.982643845955
37481,8994,375.7333,22698.08,12.52969,3.681982,-1.297487,0,0,0,0,0,0,0,0,0,0,0,0.07363964,918.276601992314,0.0710544090573873,985.898160383451
37482,8994,375.8,22695.56,12.53193,3.684222,-1.298209,0,0,0,0,0,0,0,0,0,0,0,0.07368444,918.17465253064,0.0710961354091977,985.829837624555
37483,8994,375.8667,22692.33,12.53421,3.686502,-1.299586,0,0,0,0,0,0,0,0,0,0,0,0.07373004,918.043979212702,0.0711386050865064,985.731398521814
37484,8994,375.9333,22689.22,12.53631,3.688602,-1.29559,0,0,0,0,0,0,0,0,0,0,0,0.07377204,917.918160631033,0.0711777202989166,985.634855893832
37485,8994,376,22686.45,12.53855,3.690842,-1.287221,0,0,0,0,0,0,0,0,0,0,0,0.07381684,917.806097135464,0.0712194415058234,985.555642958737
37486,8994,376.0667,22683.15,12.54085,3.693142,-1.290828,0,0,0,0,0,0,0,0,0,0,0,0.07386284,917.672591888034,0.0712622784339141,985.454495715045
37487,8994,376.1333,22680.37,12.54296,3.695252,-1.289734,0,0,0,0,0,0,0,0,0,0,0,0.07390504,917.560123831109,0.071301575045432,985.372441485252
37488,8994,376.2,22677.93,12.54521,3.697502,-1.284836,0,0,0,0,0,0,0,0,0,0,0,0.07395004,917.461410860282,0.0713434773138163,985.307718891856
37489,8994,376.2667,22674.97,12.54761,3.699902,-1.282009,0,0,0,0,0,0,0,0,0,0,0,0.07399804,917.341660698951,0.0713881711315626,985.223145601019
37490,8994,376.3333,22672.87,12.54967,3.701962,-1.284219,0,0,0,0,0,0,0,0,0,0,0,0.07403924,917.256702814223,0.0714265317320873,985.169691975495
37491,8994,376.4,22670.37,12.55189,3.704182,-1.287286,0,0,0,0,0,0,0,0,0,0,0,0.07408364,917.155562475262,0.0714678701493815,985.101784989677
37492,8994,376.4667,22666.9,12.55433,3.706622,-1.290218,0,0,0,0,0,0,0,0,0,0,0,0.07413244,917.015179684783,0.0715133031953984,984.995752471854
37493,8994,376.5333,22664.69,12.55637,3.708662,-1.292307,0,0,0,0,0,0,0,0,0,0,0,0.07417324,916.925771625141,0.071551286616831,984.937126946077
37494,8994,376.6,22661.93,12.5585,3.710792,-1.293909,0,0,0,0,0,0,0,0,0,0,0,0.07421584,916.814112690927,0.071590944237885,984.856242188139
37495,8994,376.6667,22657.85,12.56093,3.713222,-1.293508,0,0,0,0,0,0,0,0,0,0,0,0.07426444,916.649051657741,0.0716361855188601,984.723480155635
37496,8994,376.7333,22655.35,12.56304,3.715332,-1.293124,0,0,0,0,0,0,0,0,0,0,0,0.07430664,916.54791131878,0.0716754674401316,984.653507007896
37497,8994,376.8,22653.11,12.56518,3.717472,-1.300232,0,0,0,0,0,0,0,0,0,0,0,0.07434944,916.45728957507,0.0717153062960602,984.595375838894
37498,8994,376.8667,22649.27,12.56763,3.719922,-1.298142,0,0,0,0,0,0,0,0,0,0,0,0.07439844,916.301938014425,0.0717609142526423,984.473372771674
37499,8994,376.9333,22646.58,12.56977,3.722062,-1.300254,0,0,0,0,0,0,0,0,0,0,0,0.07444124,916.193111009702,0.071800749704681,984.395662272722
37500,8994,377,22644.18,12.5719,3.724192,-1.302706,0,0,0,0,0,0,0,0,0,0,0,0.07448384,916.096016284299,0.0718403974340524,984.330365385856
37501,8994,377.0667,22640.54,12.57431,3.726602,-1.298983,0,0,0,0,0,0,0,0,0,0,0,0.07453204,915.94875595077,0.0718852551761069,984.216285267243
37502,8994,377.1333,22637.78,12.57641,3.728702,-1.295232,0,0,0,0,0,0,0,0,0,0,0,0.07457404,915.837097016556,0.0719243411946111,984.134769322953
37503,8994,377.2,22634.69,12.57844,3.730732,-1.286412,0,0,0,0,0,0,0,0,0,0,0,0.07461464,915.7120875576,0.0719621228937079,984.037615314359
37504,8994,377.2667,22630.51,12.58091,3.733202,-1.283748,0,0,0,0,0,0,0,0,0,0,0,0.07466404,915.542980910856,0.0720080918045507,983.901118659303
37505,8994,377.3333,22627.75,12.58306,3.735352,-1.286269,0,0,0,0,0,0,0,0,0,0,0,0.07470704,915.431321976642,0.072048103508817,983.820486364804
37506,8994,377.4,22625.38,12.58516,3.737452,-1.293067,0,0,0,0,0,0,0,0,0,0,0,0.07474904,915.335440935306,0.0720871831628709,983.755886423197
37507,8994,377.4667,22621.86,12.58767,3.739962,-1.296919,0,0,0,0,0,0,0,0,0,0,0,0.07479924,915.193035338048,0.0721338906506498,983.648778834627
37508,8994,377.5333,22619.72,12.58983,3.742122,-1.290371,0,0,0,0,0,0,0,0,0,0,0,0.07484244,915.106459207897,0.0721740833957086,983.595259474776
37509,8994,377.6,22617.43,12.59188,3.744172,-1.285021,0,0,0,0,0,0,0,0,0,0,0,0.07488344,915.013814657408,0.0722122277939189,983.533196746477
37510,8994,377.6667,22613.54,12.59431,3.746602,-1.291595,0,0,0,0,0,0,0,0,0,0,0,0.07493204,914.856440289983,0.0722574409765947,983.40849966805
37511,8994,377.7333,22610.67,12.59645,3.748742,-1.300407,0,0,0,0,0,0,0,0,0,0,0,0.07497484,914.740331180855,0.0722972566545703,983.322841152687
37512,8994,377.8,22607.76,12.59846,3.750752,-1.303661,0,0,0,0,0,0,0,0,0,0,0,0.07501504,914.622603826304,0.0723346521794317,983.233055037238
37513,8994,377.8667,22603.4,12.6009,3.753192,-1.304338,0,0,0,0,0,0,0,0,0,0,0,0.07506384,914.446215075155,0.0723800458628562,983.088059452162
37514,8994,377.9333,22600.38,12.60315,3.755442,-1.314841,0,0,0,0,0,0,0,0,0,0,0,0.07510884,914.324037545689,0.0724219029661719,982.997855389862
37515,8994,378,22598.11,12.60526,3.757552,-1.313761,0,0,0,0,0,0,0,0,0,0,0,0.07515104,914.232202117912,0.0724611540356802,982.937702908563
37516,8994,378.0667,22594.78,12.6076,3.759892,-1.309149,0,0,0,0,0,0,0,0,0,0,0,0.07519784,914.097483186414,0.0725046818561587,982.835639471469
37517,8994,378.1333,22591.96,12.60986,3.762152,-1.307523,0,0,0,0,0,0,0,0,0,0,0,0.07524304,913.983396884066,0.0725467197474832,982.754286175149
37518,8994,378.2,22589.09,12.61196,3.764252,-1.299392,0,0,0,0,0,0,0,0,0,0,0,0.07528504,913.867287774938,0.0725857799210248,982.667823089765
37519,8994,378.2667,22585.62,12.6142,3.766492,-1.301842,0,0,0,0,0,0,0,0,0,0,0,0.07532984,913.726904984459,0.072627442424547,982.557806540633
37520,8994,378.3333,22582.51,12.61644,3.768732,-1.309241,0,0,0,0,0,0,0,0,0,0,0,0.07537464,913.60108640279,0.0726691031923773,982.463439394009
37521,8994,378.4,22578.94,12.61858,3.770872,-1.319523,0,0,0,0,0,0,0,0,0,0,0,0.07541744,913.456657998753,0.072708902483442,982.347220695974
37522,8994,378.4667,22575.36,12.62086,3.773152,-1.318007,0,0,0,0,0,0,0,0,0,0,0,0.07546304,913.31182503336,0.0727513037237069,982.233111818325
37523,8994,378.5333,22572.56,12.62316,3.775452,-1.309841,0,0,0,0,0,0,0,0,0,0,0,0.07550904,913.198547853723,0.0727940750831631,982.153293531551
37524,8994,378.6,22569.29,12.62534,3.777632,-1.311964,0,0,0,0,0,0,0,0,0,0,0,0.07555264,913.066256290361,0.0728346132047905,982.050822448014
37525,8994,378.6667,22565.96,12.62756,3.779852,-1.317495,0,0,0,0,0,0,0,0,0,0,0,0.07559704,912.931537358863,0.0728758934563872,981.946459305843
37526,8994,378.7333,22563.18,12.62984,3.782132,-1.30911,0,0,0,0,0,0,0,0,0,0,0,0.07564264,912.819069301938,0.0729182876167692,981.86711354628
37527,8994,378.8,22559.57,12.63202,3.784312,-1.306005,0,0,0,0,0,0,0,0,0,0,0,0.07568624,912.673022652477,0.0729588207034685,981.749812086478
37528,8994,378.8667,22556.09,12.6342,3.786492,-1.309427,0,0,0,0,0,0,0,0,0,0,0,0.07572984,912.532235300643,0.0729993521473033,981.638155474802
37529,8994,378.9333,22553.02,12.63646,3.788752,-1.314372,0,0,0,0,0,0,0,0,0,0,0,0.07577504,912.408034964398,0.0730413692493111,981.545790310146
37530,8994,379,22549.18,12.6387,3.790992,-1.311566,0,0,0,0,0,0,0,0,0,0,0,0.07581984,912.252683403752,0.0730830127765597,981.419535898995
37531,8994,379.0667,22545.86,12.64086,3.793152,-1.307236,0,0,0,0,0,0,0,0,0,0,0,0.07586304,912.118369033611,0.0731231673926579,981.314441348343
37532,8994,379.1333,22543.09,12.64312,3.795412,-1.309564,0,0,0,0,0,0,0,0,0,0,0,0.07590824,912.006305538041,0.0731651792927392,981.235099060336
37533,8994,379.2,22539.48,12.64544,3.797732,-1.308753,0,0,0,0,0,0,0,0,0,0,0,0.07595464,911.860258888581,0.0732083047171689,981.12027658277
37534,8994,379.2667,22536.43,12.64754,3.799832,-1.314094,0,0,0,0,0,0,0,0,0,0,0,0.07599664,911.736867675047,0.0732473390581372,981.025806182476
37535,8994,379.3333,22533.49,12.64976,3.802052,-1.315084,0,0,0,0,0,0,0,0,0,0,0,0.07604104,911.617926636428,0.0732886022761737,980.938301860506
37536,8994,379.4,22529.28,12.65212,3.804412,-1.315157,0,0,0,0,0,0,0,0,0,0,0,0.07608824,911.447606305617,0.0733324658121111,980.798050521624
37537,8994,379.4667,22526.19,12.65422,3.806512,-1.324597,0,0,0,0,0,0,0,0,0,0,0,0.07613024,911.32259684666,0.0733714953069282,980.701804862019
37538,8994,379.5333,22523.56,12.65636,3.808652,-1.318787,0,0,0,0,0,0,0,0,0,0,0,0.07617304,911.216197210072,0.0734112666536556,980.626305048803
37539,8994,379.6,22519.23,12.65874,3.811032,-1.310889,0,0,0,0,0,0,0,0,0,0,0,0.07622064,911.041022142991,0.0734554964806153,980.481151916984
37540,8994,379.6667,22515.55,12.6609,3.813192,-1.314669,0,0,0,0,0,0,0,0,0,0,0,0.07626384,910.892143564039,0.0734956361428588,980.360276258064
37541,8994,379.7333,22513.03,12.66304,3.815332,-1.312164,0,0,0,0,0,0,0,0,0,0,0,0.07630664,910.790194102365,0.0735354025527426,980.289533559265
37542,8994,379.8,22509.04,12.66546,3.817752,-1.315131,0,0,0,0,0,0,0,0,0,0,0,0.07635504,910.628774121383,0.0735803701391104,980.159870594572
37543,8994,379.8667,22505.45,12.6676,3.819892,-1.311767,0,0,0,0,0,0,0,0,0,0,0,0.07639784,910.483536594634,0.0736201331796371,980.042512146024
37544,8994,379.9333,22502.79,12.66978,3.822072,-1.314112,0,0,0,0,0,0,0,0,0,0,0,0.07644144,910.375923273978,0.073660637828926,979.966369790371
37545,8994,380,22498.93,12.67218,3.824472,-1.319538,0,0,0,0,0,0,0,0,0,0,0,0.07648944,910.219762590621,0.073705228206122,979.841962508111
37546,8994,380.0667,22495.42,12.67426,3.826552,-1.30724,0,0,0,0,0,0,0,0,0,0,0,0.07653104,910.077761554719,0.0737438715914418,979.726959127373
37547,8994,380.1333,22492.14,12.67634,3.828632,-1.309628,0,0,0,0,0,0,0,0,0,0,0,0.07657264,909.945065430001,0.0737825134835083,979.621961344949
37548,8994,380.2,22487.55,12.67876,3.831052,-1.30763,0,0,0,0,0,0,0,0,0,0,0,0.07662104,909.759371767667,0.0738274699595167,979.466080982253
37549,8994,380.2667,22483.66,12.68088,3.833172,-1.307104,0,0,0,0,0,0,0,0,0,0,0,0.07666344,909.601997400243,0.0738668516579399,979.335215551817
37550,8994,380.3333,22480.7,12.68304,3.835332,-1.310763,0,0,0,0,0,0,0,0,0,0,0,0.07670664,909.482247238912,0.0739069748122525,979.245574564259
37551,8994,380.4,22476.85,12.68552,3.837812,-1.302663,0,0,0,0,0,0,0,0,0,0,0,0.07675624,909.326491116911,0.0739530401523791,979.122973507438
37552,8994,380.4667,22473.86,12.68764,3.839932,-1.295127,0,0,0,0,0,0,0,0,0,0,0,0.07679864,909.205527271513,0.0739924169060429,979.031275246448
37553,8994,380.5333,22471.02,12.68974,3.842032,-1.295183,0,0,0,0,0,0,0,0,0,0,0,0.07684064,909.090631846452,0.0740314206523018,978.945737815538
37554,8994,380.6,22466.79,12.69214,3.844432,-1.290016,0,0,0,0,0,0,0,0,0,0,0,0.07688864,908.919502392929,0.074075994499585,978.805086801398
37555,8994,380.6667,22463.23,12.69428,3.846572,-1.290428,0,0,0,0,0,0,0,0,0,0,0,0.07693144,908.775478550248,0.0741157378378547,978.688884751807
37556,8994,380.7333,22459.9,12.69632,3.848612,-1.285883,0,0,0,0,0,0,0,0,0,0,0,0.07697224,908.640759618751,0.0741536225402985,978.580874241907
37557,8994,380.8,22455.36,12.69876,3.851052,-1.282059,0,0,0,0,0,0,0,0,0,0,0,0.07702104,908.457088763196,0.0741989337308779,978.42739853511
37558,8994,380.8667,22451.63,12.70098,3.853272,-1.275293,0,0,0,0,0,0,0,0,0,0,0,0.07706544,908.306187377465,0.0742401577025415,978.305203362432
37559,8994,380.9333,22448.68,12.7031,3.855392,-1.28552,0,0,0,0,0,0,0,0,0,0,0,0.07710784,908.18684177749,0.0742795231522936,978.215167463374
37560,8994,381,22444.88,12.70548,3.857772,-1.290876,0,0,0,0,0,0,0,0,0,0,0,0.07715544,908.033108462268,0.0743237145939337,978.092802480243
37561,8994,381.0667,22441.53,12.70768,3.859972,-1.280993,0,0,0,0,0,0,0,0,0,0,0,0.07719944,907.89758040806,0.0743645620888516,977.986765192917
37562,8994,381.1333,22438.05,12.70978,3.862072,-1.287169,0,0,0,0,0,0,0,0,0,0,0,0.07724144,907.756793056225,0.0744035513230377,977.873234921669
37563,8994,381.2,22434.09,12.7121,3.864392,-1.278056,0,0,0,0,0,0,0,0,0,0,0,0.07728784,907.596586759309,0.0744466233763515,977.742766541309
37564,8994,381.2667,22430.38,12.71428,3.866572,-1.280758,0,0,0,0,0,0,0,0,0,0,0,0.07733144,907.44649449629,0.0744870945634524,977.62063863864
37565,8994,381.3333,22426.3,12.71636,3.868652,-1.285941,0,0,0,0,0,0,0,0,0,0,0,0.07737304,907.281433463105,0.074525707747201,977.480556105703
37566,8994,381.4,22422.01,12.71876,3.871052,-1.296884,0,0,0,0,0,0,0,0,0,0,0,0.07742104,907.107876641446,0.0745702595681416,977.337111843219
37567,8994,381.4667,22418.79,12.72098,3.873272,-1.298116,0,0,0,0,0,0,0,0,0,0,0,0.07746544,906.977607884864,0.0746114682354366,977.237027349812
37568,8994,381.5333,22415.32,12.72312,3.875412,-1.283032,0,0,0,0,0,0,0,0,0,0,0,0.07750824,906.837225094385,0.0746511902983117,977.124582377934
37569,8994,381.6,22411.35,12.72544,3.877732,-1.277449,0,0,0,0,0,0,0,0,0,0,0,0.07755464,906.676614236113,0.0746942516868565,976.993592649614
37570,8994,381.6667,22408.12,12.72768,3.879972,-1.276046,0,0,0,0,0,0,0,0,0,0,0,0.07759944,906.545940918175,0.0747358264405339,976.893398267698
37571,8994,381.7333,22404.21,12.7298,3.882092,-1.277056,0,0,0,0,0,0,0,0,0,0,0,0.07764184,906.387757428039,0.074775172383282,976.761370668225
37572,8994,381.8,22400.01,12.73208,3.884372,-1.28049,0,0,0,0,0,0,0,0,0,0,0,0.07768744,906.217841658583,0.0748174861034452,976.619585859364
37573,8994,381.8667,22396.4,12.7343,3.886592,-1.290803,0,0,0,0,0,0,0,0,0,0,0,0.07773184,906.071795009122,0.0748586845843331,976.502422807284
37574,8994,381.9333,22392.05,12.73646,3.888752,-1.28381,0,0,0,0,0,0,0,0,0,0,0,0.07777504,905.895810819329,0.0748987679637058,976.351893741634
37575,8994,382,22387.88,12.73872,3.891012,-1.27987,0,0,0,0,0,0,0,0,0,0,0,0.07782024,905.727108733941,0.0749407053351838,976.211009710122
37576,8994,382.0667,22384.41,12.74096,3.893252,-1.284829,0,0,0,0,0,0,0,0,0,0,0,0.07786504,905.586725943462,0.0749822698440869,976.100272582518
37577,8994,382.1333,22380.11,12.74322,3.895512,-1.281094,0,0,0,0,0,0,0,0,0,0,0,0.07791024,905.412764560448,0.0750242037139349,975.953690346415
37578,8994,382.2,22376.13,12.74542,3.897712,-1.284669,0,0,0,0,0,0,0,0,0,0,0,0.07795424,905.25174914082,0.0750650226062301,975.819961253764
37579,8994,382.2667,22372.82,12.74762,3.899912,-1.281405,0,0,0,0,0,0,0,0,0,0,0,0.07799824,905.117839332035,0.0751058398324113,975.715437792536
37580,8994,382.3333,22368.1,12.74992,3.902212,-1.275468,0,0,0,0,0,0,0,0,0,0,0,0.07804424,904.926886372075,0.0751485106057693,975.55121747455
37581,8994,382.4,22364.07,12.7521,3.904392,-1.285486,0,0,0,0,0,0,0,0,0,0,0,0.07808784,904.763848145669,0.0751889533972015,975.414902757452
37582,8994,382.4667,22360.86,12.75424,3.906532,-1.288362,0,0,0,0,0,0,0,0,0,0,0,0.07813064,904.633983950442,0.0752286525282521,975.31361608224
37583,8994,382.5333,22355.95,12.75652,3.908812,-1.28551,0,0,0,0,0,0,0,0,0,0,0,0.07817624,904.435344324721,0.0752709470647391,975.140698867133
37584,8994,382.6,22351.54,12.75876,3.911052,-1.289001,0,0,0,0,0,0,0,0,0,0,0,0.07822104,904.256932766793,0.0753124978498585,974.988850475021
37585,8994,382.6667,22348.66,12.76092,3.913212,-1.293488,0,0,0,0,0,0,0,0,0,0,0,0.07826424,904.140419096309,0.0753525630433531,974.902281850163
37586,8994,382.7333,22344.26,12.76326,3.915552,-1.292864,0,0,0,0,0,0,0,0,0,0,0,0.07831104,903.962412099736,0.075395965191603,974.752648712175
37587,8994,382.8,22340.13,12.76546,3.917752,-1.284693,0,0,0,0,0,0,0,0,0,0,0,0.07835504,903.795328259771,0.0754367689121364,974.612247357379
37588,8994,382.8667,22337.38,12.76762,3.919912,-1.28393,0,0,0,0,0,0,0,0,0,0,0,0.07839824,903.684073886913,0.0754768291270961,974.531314795677
37589,8994,382.9333,22332.93,12.76996,3.922252,-1.283507,0,0,0,0,0,0,0,0,0,0,0,0.07844504,903.504044083561,0.0755202258823831,974.379454961858
37590,8994,383,22328.5,12.77212,3.924412,-1.286483,0,0,0,0,0,0,0,0,0,0,0,0.07848824,903.324823402921,0.0755602827542449,974.225198940127
37591,8994,383.0667,22325.35,12.77421,3.926502,-1.284248,0,0,0,0,0,0,0,0,0,0,0,0.07853004,903.197386575829,0.0755990399594043,974.125513471525
37592,8994,383.1333,22320.44,12.77656,3.928852,-1.286125,0,0,0,0,0,0,0,0,0,0,0,0.07857704,902.998746950109,0.075642616841093,973.953715609157
37593,8994,383.2,22315.66,12.77874,3.931032,-1.288488,0,0,0,0,0,0,0,0,0,0,0,0.07862064,902.805366622014,0.0756830396548296,973.784502341271
37594,8994,383.2667,22312.73,12.78091,3.933202,-1.291548,0,0,0,0,0,0,0,0,0,0,0,0.07866404,902.686830144751,0.0757232754201028,973.69582305873
37595,8994,383.3333,22308.45,12.78332,3.935612,-1.294498,0,0,0,0,0,0,0,0,0,0,0,0.07871224,902.513677884448,0.075767959326619,973.552551101371
37596,8994,383.4,22304.34,12.7855,3.937792,-1.296329,0,0,0,0,0,0,0,0,0,0,0,0.07875584,902.347403167195,0.0758083770740796,973.412530875446
37597,8994,383.4667,22301.59,12.78763,3.939922,-1.297544,0,0,0,0,0,0,0,0,0,0,0,0.07879844,902.236148794337,0.0758478662312243,973.330949830938
37598,8994,383.5333,22297.13,12.78998,3.942272,-1.29707,0,0,0,0,0,0,0,0,0,0,0,0.07884544,902.055714429629,0.0758914322714251,973.178694138348
37599,8994,383.6,22292.62,12.79216,3.944452,-1.29683,0,0,0,0,0,0,0,0,0,0,0,0.07888904,901.873257258142,0.0759318450287963,973.02117272491
37600,8994,383.6667,22289.17,12.79423,3.946522,-1.297845,0,0,0,0,0,0,0,0,0,0,0,0.07893044,901.733683590375,0.0759702170987389,972.907919998984
37601,8994,383.7333,22284.36,12.79657,3.948862,-1.29331,0,0,0,0,0,0,0,0,0,0,0,0.07897724,901.539089578213,0.0760135924483344,972.740158625213
37602,8994,383.8,22279.46,12.7988,3.951092,-1.291995,0,0,0,0,0,0,0,0,0,0,0,0.07902184,901.340854513848,0.0760549270350075,972.566467304704
37603,8994,383.8667,22276.37,12.80097,3.953262,-1.283722,0,0,0,0,0,0,0,0,0,0,0,0.07906524,901.215845054891,0.0760951478401901,972.470692135959
37604,8994,383.9333,22272.49,12.80332,3.955612,-1.285338,0,0,0,0,0,0,0,0,0,0,0,0.07911224,901.058875248822,0.0761387031088766,972.343661241637
37605,8994,384,22268.28,12.80552,3.957812,-1.293415,0,0,0,0,0,0,0,0,0,0,0,0.07915624,900.888554918011,0.0761794765348095,972.199505584354
37606,8994,384.0667,22264.52,12.80765,3.959942,-1.296946,0,0,0,0,0,0,0,0,0,0,0,0.07919884,900.736439848212,0.0762189510405572,972.073721029921
37607,8994,384.1333,22260.09,12.80996,3.962252,-1.2956,0,0,0,0,0,0,0,0,0,0,0,0.07924504,900.557219167572,0.0762617596587798,971.921912022795
37608,8994,384.2,22255.54,12.81211,3.964402,-1.296978,0,0,0,0,0,0,0,0,0,0,0,0.07928804,900.373143750662,0.0763016015313961,971.76196558729
37609,8994,384.2667,22251.07,12.81423,3.966522,-1.298036,0,0,0,0,0,0,0,0,0,0,0,0.07933044,900.192304824598,0.0763408859166624,971.604956450948
37610,8994,384.3333,22246.34,12.81662,3.968912,-1.292486,0,0,0,0,0,0,0,0,0,0,0,0.07937824,900.000947303282,0.0763851716514172,971.44143849855
37611,8994,384.4,22242.29,12.81881,3.971102,-1.290023,0,0,0,0,0,0,0,0,0,0,0,0.07942204,899.837099954165,0.0764257497451036,971.303998100208
37612,8994,384.4667,22238.38,12.82097,3.973262,-1.291533,0,0,0,0,0,0,0,0,0,0,0,0.07946524,899.678916464028,0.0764657703616554,971.172117483782
37613,8994,384.5333,22234.04,12.82332,3.975612,-1.295461,0,0,0,0,0,0,0,0,0,0,0,0.07951224,899.503336835591,0.0765093094911208,971.024862034863
37614,8994,384.6,22230.04,12.82553,3.977822,-1.30025,0,0,0,0,0,0,0,0,0,0,0,0.07955644,899.341512293252,0.0765502530705592,970.889921355519
37615,8994,384.6667,22225.7,12.82767,3.979962,-1.30458,0,0,0,0,0,0,0,0,0,0,0,0.07959924,899.165932664814,0.0765898981970336,970.738857538825
37616,8994,384.7333,22221.16,12.82999,3.982282,-1.305339,0,0,0,0,0,0,0,0,0,0,0,0.07964564,898.98226180926,0.0766328761847893,970.582279399706
37617,8994,384.8,22216.98,12.83215,3.984442,-1.30701,0,0,0,0,0,0,0,0,0,0,0,0.07968884,898.813155162516,0.0766728885130375,970.438532874157
37618,8994,384.8667,22212.21,12.83429,3.986582,-1.301338,0,0,0,0,0,0,0,0,0,0,0,0.07973164,898.620179395777,0.0767125287780085,970.268640036096
37619,8994,384.9333,22207.38,12.83663,3.988922,-1.298658,0,0,0,0,0,0,0,0,0,0,0,0.07977844,898.424776260903,0.0767558719422206,970.099703368347
37620,8994,385,22203.15,12.83881,3.991102,-1.298322,0,0,0,0,0,0,0,0,0,0,0,0.07982204,898.253646807379,0.076796249781001,969.954085332984
37621,8994,385.0667,22198.35,12.84103,3.993322,-1.296959,0,0,0,0,0,0,0,0,0,0,0,0.07986644,898.059457356573,0.0768373668221089,969.784269123974
37622,8994,385.1333,22193.77,12.84331,3.995602,-1.294359,0,0,0,0,0,0,0,0,0,0,0,0.07991204,897.874168255595,0.076879593374905,969.625124704203
37623,8994,385.2,22189.83,12.84549,3.997782,-1.300855,0,0,0,0,0,0,0,0,0,0,0,0.07995564,897.714771081391,0.0769199662184915,969.492130140658
37624,8994,385.2667,22184.74,12.84771,4.000002,-1.301257,0,0,0,0,0,0,0,0,0,0,0,0.08000004,897.508849351265,0.0769610781731647,969.30959319972
37625,8994,385.3333,22180.02,12.84999,4.002282,-1.303874,0,0,0,0,0,0,0,0,0,0,0,0.08004564,897.317896391305,0.0770032995024903,969.144281691401
37626,8994,385.4,22176.18,12.85213,4.004422,-1.307243,0,0,0,0,0,0,0,0,0,0,0,0.08008844,897.16254483066,0.0770429266723051,969.014893472578
37627,8994,385.4667,22171.04,12.85429,4.006582,-1.298425,0,0,0,0,0,0,0,0,0,0,0,0.08013164,896.954600293755,0.0770829225971702,968.829043420838
37628,8994,385.5333,22165.71,12.85661,4.008902,-1.297272,0,0,0,0,0,0,0,0,0,0,0,0.08017804,896.738969091088,0.0771258794014069,968.637742024432
37629,8994,385.6,22161.96,12.85881,4.011102,-1.297935,0,0,0,0,0,0,0,0,0,0,0,0.08022204,896.587258582646,0.0771666125974601,968.513317504153
37630,8994,385.6667,22157.23,12.86103,4.013322,-1.299189,0,0,0,0,0,0,0,0,0,0,0,0.08026644,896.39590106133,0.0772077144134773,968.346408870115
37631,8994,385.7333,22152.24,12.86331,4.015602,-1.298812,0,0,0,0,0,0,0,0,0,0,0,0.08031204,896.194024944762,0.0772499253309968,968.169195323887
37632,8994,385.8,22148.53,12.86553,4.017822,-1.288651,0,0,0,0,0,0,0,0,0,0,0,0.08035644,896.043932681743,0.0772910237229226,968.046833195648
37633,8994,385.8667,22143.82,12.86775,4.020042,-1.296333,0,0,0,0,0,0,0,0,0,0,0,0.08040084,895.853384283139,0.0773321204258398,967.880748896346
37634,8994,385.9333,22138.86,12.86997,4.022262,-1.297714,0,0,0,0,0,0,0,0,0,0,0,0.08044524,895.652721850639,0.0773732154398875,967.703720016567
37635,8994,386,22134.8,12.87213,4.024422,-1.283877,0,0,0,0,0,0,0,0,0,0,0,0.08048844,895.488469940165,0.0774131981569932,967.564939923636
37636,8994,386.0667,22129.62,12.87435,4.026642,-1.285828,0,0,0,0,0,0,0,0,0,0,0,0.08053284,895.278907157836,0.0774542898393539,967.378260143353
37637,8994,386.1333,22124.31,12.87661,4.028902,-1.288894,0,0,0,0,0,0,0,0,0,0,0,0.08057804,895.064085077882,0.0774961201780236,967.186594727851
37638,8994,386.2,22120.4,12.87881,4.031102,-1.289906,0,0,0,0,0,0,0,0,0,0,0,0.08062204,894.905901587746,0.0775368382960851,967.055040981789
37639,8994,386.2667,22115.55,12.88111,4.033402,-1.282853,0,0,0,0,0,0,0,0,0,0,0,0.08066804,894.70968933016,0.0775794054650483,966.884166337433
37640,8994,386.3333,22110.78,12.88335,4.035642,-1.289544,0,0,0,0,0,0,0,0,0,0,0,0.08071284,894.516713563421,0.0776208604445209,966.715697942591
37641,8994,386.4,22107.13,12.88551,4.037802,-1.299999,0,0,0,0,0,0,0,0,0,0,0,0.08075604,894.369048668537,0.0776608332615303,966.594751337575
37642,8994,386.4667,22102.07,12.88779,4.040082,-1.303645,0,0,0,0,0,0,0,0,0,0,0,0.08080164,894.164340622478,0.0777030250572234,966.414285774293
37643,8994,386.5333,22096.78,12.88997,4.042262,-1.303479,0,0,0,0,0,0,0,0,0,0,0,0.08084524,893.950327665235,0.0777433646708848,966.22195645341
37644,8994,386.6,22092.54,12.89211,4.044402,-1.313428,0,0,0,0,0,0,0,0,0,0,0,0.08088804,893.778793650356,0.0777829625254414,966.074808462298
37645,8994,386.6667,22087.16,12.89437,4.046662,-1.318945,0,0,0,0,0,0,0,0,0,0,0,0.08093324,893.56113964091,0.0778247791181678,965.879937810142
37646,8994,386.7333,22081.65,12.89661,4.048902,-1.309518,0,0,0,0,0,0,0,0,0,0,0,0.08097804,893.338226333839,0.0778662239271392,965.679004959429
37647,8994,386.8,22077.76,12.89883,4.051122,-1.306133,0,0,0,0,0,0,0,0,0,0,0,0.08102244,893.180851966414,0.0779072969985071,965.548543954012
37648,8994,386.8667,22073.14,12.90117,4.053462,-1.312243,0,0,0,0,0,0,0,0,0,0,0,0.08106924,892.993944620013,0.0779505884097273,965.388285034959
37649,8994,386.9333,22068.47,12.90333,4.055622,-1.312379,0,0,0,0,0,0,0,0,0,0,0,0.08111244,892.805014466832,0.077990548049017,965.222607634472
37650,8994,387,22064.4,12.90551,4.057802,-1.307043,0,0,0,0,0,0,0,0,0,0,0,0.08115604,892.640357995003,0.0780308760660132,965.083514594059
37651,8994,387.0667,22059.32,12.90785,4.060142,-1.314286,0,0,0,0,0,0,0,0,0,0,0,0.08120284,892.434840826232,0.0780741621277675,964.90308441627
37652,8994,387.1333,22054.18,12.90995,4.062242,-1.318695,0,0,0,0,0,0,0,0,0,0,0,0.08124484,892.226896289327,0.0781130069982296,964.71572772205
37653,8994,387.2,22049.42,12.91209,4.064382,-1.311561,0,0,0,0,0,0,0,0,0,0,0,0.08128764,892.034325083944,0.0781525902187373,964.54569016901
37654,8994,387.2667,22043.95,12.91447,4.066762,-1.311024,0,0,0,0,0,0,0,0,0,0,0,0.08133524,891.813030022295,0.0781966108387427,964.348856854286
37655,8994,387.3333,22039.02,12.91663,4.068922,-1.316223,0,0,0,0,0,0,0,0,0,0,0,0.08137844,891.613581273863,0.0782365606484704,964.171703600743
37656,8994,387.4,22034.69,12.91881,4.071102,-1.320655,0,0,0,0,0,0,0,0,0,0,0,0.08142204,891.438406206781,0.0782768787456866,964.021139774486
37657,8994,387.4667,22029.72,12.92121,4.073502,-1.324603,0,0,0,0,0,0,0,0,0,0,0,0.08147004,891.237339212925,0.0783212637618893,963.846480888096
37658,8994,387.5333,22025.06,12.92335,4.075642,-1.315624,0,0,0,0,0,0,0,0,0,0,0,0.08151284,891.048813621101,0.0783608387399453,963.680732997987
37659,8994,387.6,22020.33,12.92549,4.077782,-1.313181,0,0,0,0,0,0,0,0,0,0,0,0.08155564,890.857456099785,0.0784004121518841,963.511906080775
37660,8994,387.6667,22015,12.92785,4.080142,-1.317127,0,0,0,0,0,0,0,0,0,0,0,0.08160284,890.641824897118,0.0784440520427603,963.320727231506
37661,8994,387.7333,22010.1,12.92997,4.082262,-1.320722,0,0,0,0,0,0,0,0,0,0,0,0.08164524,890.443589832753,0.0784832523549182,963.14407043111
37662,8994,387.8,22005.07,12.93211,4.084402,-1.325931,0,0,0,0,0,0,0,0,0,0,0,0.08168804,890.240095470762,0.078522820922925,962.962063999182
37663,8994,387.8667,21999.56,12.93449,4.086782,-1.316979,0,0,0,0,0,0,0,0,0,0,0,0.08173564,890.017182163691,0.0785668252485203,962.763306158837
37664,8994,387.9333,21994.7,12.93659,4.088882,-1.318723,0,0,0,0,0,0,0,0,0,0,0,0.08177764,889.820565344749,0.0786056509866322,962.587991202109
37665,8994,388,21989.56,12.93883,4.091122,-1.317613,0,0,0,0,0,0,0,0,0,0,0,0.08182244,889.612620807844,0.0786470634458204,962.402896097136
37666,8994,388.0667,21984.35,12.94119,4.093482,-1.319101,0,0,0,0,0,0,0,0,0,0,0,0.08186964,889.401844341447,0.0786906925744232,962.216853153018
37667,8994,388.1333,21979.96,12.94329,4.095582,-1.318342,0,0,0,0,0,0,0,0,0,0,0,0.08191164,889.224241906231,0.0787295135036856,962.062057888527
37668,8994,388.2,21974.55,12.94553,4.097822,-1.316818,0,0,0,0,0,0,0,0,0,0,0,0.08195644,889.005374212717,0.0787709208338463,961.86508982406
37669,8994,388.2667,21969.18,12.94791,4.100202,-1.31974,0,0,0,0,0,0,0,0,0,0,0,0.08200404,888.788124764628,0.0788149142435667,961.672341699351
37670,8994,388.3333,21964.8,12.94999,4.102282,-1.310696,0,0,0,0,0,0,0,0,0,0,0,0.08204564,888.610926890767,0.0788533606807162,961.517579098513
37671,8994,388.4,21959.13,12.95213,4.104422,-1.314304,0,0,0,0,0,0,0,0,0,0,0,0.08208844,888.381540602001,0.0788929146070658,961.307395394816
37672,8994,388.4667,21952.88,12.95451,4.106802,-1.31642,0,0,0,0,0,0,0,0,0,0,0,0.08213604,888.128689754597,0.0789369026503095,961.076063341428
37673,8994,388.5333,21948.27,12.95665,4.108942,-1.323893,0,0,0,0,0,0,0,0,0,0,0,0.08217884,887.942186969552,0.0789764532724497,960.912245881772
37674,8994,388.6,21942.87,12.95881,4.111102,-1.321174,0,0,0,0,0,0,0,0,0,0,0,0.08222204,887.723723837394,0.0790163719403868,960.714179367701
37675,8994,388.6667,21936.8,12.96121,4.113502,-1.317111,0,0,0,0,0,0,0,0,0,0,0,0.08227004,887.478155094395,0.0790607241470328,960.491018413137
37676,8994,388.7333,21932.32,12.96341,4.115702,-1.317151,0,0,0,0,0,0,0,0,0,0,0,0.08231404,887.296911606976,0.0791013786084719,960.333905080869
37677,8994,388.8,21927.27,12.96555,4.117842,-1.312197,0,0,0,0,0,0,0,0,0,0,0,0.08235684,887.092608122273,0.0791409227261492,960.150752114582
37678,8994,388.8667,21921.34,12.96787,4.120162,-1.310465,0,0,0,0,0,0,0,0,0,0,0,0.08240324,886.852703238256,0.0791837912180766,959.932239387846
37679,8994,388.9333,21916.52,12.97001,4.122302,-1.308972,0,0,0,0,0,0,0,0,0,0,0,0.08244604,886.657704664737,0.0792233320770185,959.759121249835
37680,8994,389,21910.54,12.9721,4.124392,-1.308687,0,0,0,0,0,0,0,0,0,0,0,0.08248784,886.415776973941,0.0792619475750633,959.534299758443
37681,8994,389.0667,21903.88,12.97451,4.126802,-1.297972,0,0,0,0,0,0,0,0,0,0,0,0.08253604,886.146339110947,0.0793064736428385,959.285348801661
37682,8994,389.1333,21899.22,12.97669,4.128982,-1.302034,0,0,0,0,0,0,0,0,0,0,0,0.08257964,885.957813519122,0.079346748627135,959.119890814719
37683,8994,389.2,21893.76,12.97883,4.131122,-1.29875,0,0,0,0,0,0,0,0,0,0,0,0.08262244,885.73692301883,0.0793862830432533,958.918668796738
37684,8994,389.2667,21887.61,12.98123,4.133522,-1.300789,0,0,0,0,0,0,0,0,0,0,0,0.08267044,885.488117784984,0.0794306188469233,958.69181009704
37685,8994,389.3333,21883.3,12.98343,4.135722,-1.309182,0,0,0,0,0,0,0,0,0,0,0,0.08271444,885.313751840614,0.079471258273579,958.541983048409
37686,8994,389.4,21877.98,12.98557,4.137862,-1.30587,0,0,0,0,0,0,0,0,0,0,0,0.08275724,885.098525199303,0.079510787767685,958.346836272868
37687,8994,389.4667,21871.61,12.98787,4.140162,-1.300838,0,0,0,0,0,0,0,0,0,0,0,0.08280324,884.840819615629,0.0795532709958671,958.108506364058
37688,8994,389.5333,21866.51,12.99003,4.142322,-1.304204,0,0,0,0,0,0,0,0,0,0,0,0.08284644,884.634493324147,0.0795931666451076,957.923311797256
37689,8994,389.6,21860.52,12.99216,4.144452,-1.313298,0,0,0,0,0,0,0,0,0,0,0,0.08288904,884.392161071994,0.0796325066295138,957.698578286777
37690,8994,389.6667,21853.72,12.99451,4.146802,-1.318571,0,0,0,0,0,0,0,0,0,0,0,0.08293604,884.117059350019,0.079675908103106,957.442227148954
37691,8994,389.7333,21848.68,12.99675,4.149042,-1.319097,0,0,0,0,0,0,0,0,0,0,0,0.08298084,883.913160426672,0.0797172762649409,957.261016965932
37692,8994,389.8,21843.45,12.99894,4.151232,-1.316962,0,0,0,0,0,0,0,0,0,0,0,0.08302464,883.701574837564,0.0797577193759214,957.070579955885
37693,8994,389.8667,21837.33,13.00119,4.153482,-1.311668,0,0,0,0,0,0,0,0,0,0,0,0.08306964,883.453983287785,0.0797992688139323,956.842187636068
37694,8994,389.9333,21832.02,13.00341,4.155702,-1.311075,0,0,0,0,0,0,0,0,0,0,0,0.08311404,883.239161207831,0.079840262567524,956.648736182025
37695,8994,390,21826.29,13.00563,4.157922,-1.321267,0,0,0,0,0,0,0,0,0,0,0,0.08315844,883.00734755093,0.079881254640697,956.436861081804
37696,8994,390.0667,21820.14,13.0078,4.160092,-1.316208,0,0,0,0,0,0,0,0,0,0,0,0.08320184,882.758542317084,0.0799213218450364,956.205677313584
37697,8994,390.1333,21814.37,13.01,4.162292,-1.314322,0,0,0,0,0,0,0,0,0,0,0,0.08324584,882.525110414761,0.0799619413351005,955.99165455233
37698,8994,390.2,21808.27,13.01228,4.164572,-1.312188,0,0,0,0,0,0,0,0,0,0,0,0.08329144,882.278327987694,0.0800040361565722,955.764560406581
37699,8994,390.2667,21802.24,13.01446,4.166752,-1.309993,0,0,0,0,0,0,0,0,0,0,0,0.08333504,882.034377490118,0.0800442830569108,955.538747619632
37700,8994,390.3333,21796.76,13.0167,4.168992,-1.310405,0,0,0,0,0,0,0,0,0,0,0,0.08337984,881.812677867114,0.0800856359828727,955.338077857646
37701,8994,390.4,21791.01,13.01903,4.171322,-1.297582,0,0,0,0,0,0,0,0,0,0,0,0.08342644,881.580055087502,0.0801286485958942,955.127140658456
37702,8994,390.4667,21785.23,13.02118,4.173472,-1.297495,0,0,0,0,0,0,0,0,0,0,0,0.08346944,881.346218623823,0.0801683367049561,954.911693938471
37703,8994,390.5333,21779.57,13.0234,4.175692,-1.301406,0,0,0,0,0,0,0,0,0,0,0,0.08351384,881.117236896413,0.0802093153321711,954.702720839822
37704,8994,390.6,21773.56,13.02571,4.178002,-1.308657,0,0,0,0,0,0,0,0,0,0,0,0.08356004,880.874095521549,0.080251953472415,954.479970178294
37705,8994,390.6667,21767.6,13.0278,4.180092,-1.306543,0,0,0,0,0,0,0,0,0,0,0,0.08360184,880.632976953464,0.0802905292709199,954.255514191451
37706,8994,390.7333,21761.55,13.03002,4.182312,-1.308842,0,0,0,0,0,0,0,0,0,0,0,0.08364624,880.388217333177,0.0803315028912598,954.0293814534
37707,8994,390.8,21755.13,13.03237,4.184662,-1.298321,0,0,0,0,0,0,0,0,0,0,0,0.08369324,880.128488942723,0.0803748740386423,953.789293798644
37708,8994,390.8667,21749.29,13.03444,4.186732,-1.292234,0,0,0,0,0,0,0,0,0,0,0,0.08373464,879.892225110909,0.0804130760017959,953.569683819369
37709,8994,390.9333,21743.34,13.0367,4.188992,-1.30029,0,0,0,0,0,0,0,0,0,0,0,0.08377984,879.65151110418,0.0804547827589351,953.348573960246
37710,8994,391,21737.09,13.03907,4.191362,-1.292267,0,0,0,0,0,0,0,0,0,0,0,0.08382724,879.398660256775,0.0804985176225503,953.116222805798
37711,8994,391.0667,21731.63,13.04114,4.193432,-1.297994,0,0,0,0,0,0,0,0,0,0,0,0.08386864,879.177769756483,0.0805367148626585,952.913213624192
37712,8994,391.1333,21725.51,13.04336,4.195652,-1.303685,0,0,0,0,0,0,0,0,0,0,0,0.08391304,878.930178206704,0.0805776783973318,952.683881407771
37713,8994,391.2,21718.95,13.04576,4.198052,-1.303859,0,0,0,0,0,0,0,0,0,0,0,0.08396104,878.664785957269,0.080621961412153,952.438395197618
37714,8994,391.2667,21713.47,13.0478,4.200092,-1.303107,0,0,0,0,0,0,0,0,0,0,0,0.08400184,878.443086334265,0.080659600432988,952.233921921622
37715,8994,391.3333,21707.31,13.04992,4.202212,-1.309789,0,0,0,0,0,0,0,0,0,0,0,0.08404424,878.193876539063,0.0806987139927935,952.001013465442
37716,8994,391.4,21700.29,13.05236,4.204652,-1.307956,0,0,0,0,0,0,0,0,0,0,0,0.08409304,877.909874467258,0.0807437295925511,951.735984657228
37717,8994,391.4667,21694.47,13.0545,4.206792,-1.307744,0,0,0,0,0,0,0,0,0,0,0,0.08413584,877.674419758155,0.0807832088194911,951.51829431102
37718,8994,391.5333,21688.78,13.05664,4.208932,-1.309222,0,0,0,0,0,0,0,0,0,0,0,0.08417864,877.444224346678,0.0808226864878831,951.306285828037
37719,8994,391.6,21682.18,13.0591,4.211392,-1.311718,0,0,0,0,0,0,0,0,0,0,0,0.08422784,877.177213851819,0.0808680654336318,951.059955871776
37720,8994,391.6667,21676.76,13.06126,4.213552,-1.306605,0,0,0,0,0,0,0,0,0,0,0,0.08427104,876.95794159695,0.0809079086638073,950.860099371585
37721,8994,391.7333,21670.97,13.06336,4.215652,-1.316411,0,0,0,0,0,0,0,0,0,0,0,0.08431304,876.723700571915,0.0809466436156985,950.642941007183
37722,8994,391.8,21664.23,13.06576,4.218052,-1.306379,0,0,0,0,0,0,0,0,0,0,0,0.08436104,876.451026218074,0.0809909102950032,950.389346298898
37723,8994,391.8667,21658.34,13.06788,4.220172,-1.305762,0,0,0,0,0,0,0,0,0,0,0,0.08440344,876.21273957948,0.0810300108985,950.168108971813
37724,8994,391.9333,21651.87,13.06994,4.222232,-1.297814,0,0,0,0,0,0,0,0,0,0,0,0.08444464,875.950988382247,0.0810680034166344,949.92035425383
37725,8994,392,21644.62,13.07238,4.224672,-1.302052,0,0,0,0,0,0,0,0,0,0,0,0.08449344,875.657681399258,0.0811130023960502,949.645011163105
37726,8994,392.0667,21638.77,13.07452,4.226812,-1.30143,0,0,0,0,0,0,0,0,0,0,0,0.08453624,875.421013006088,0.0811524670473645,949.425813862613
37727,8994,392.1333,21632.65,13.07664,4.228932,-1.306072,0,0,0,0,0,0,0,0,0,0,0,0.08457864,875.173421456309,0.0811915613345285,949.194399207231
37728,8994,392.2,21625.91,13.0791,4.231392,-1.305827,0,0,0,0,0,0,0,0,0,0,0,0.08462784,874.900747102468,0.0812369235445921,948.941707544137
37729,8994,392.2667,21620.57,13.08128,4.233572,-1.299166,0,0,0,0,0,0,0,0,0,0,0,0.08467144,874.684711338446,0.0812771208566069,948.745525393457
37730,8994,392.3333,21614.6,13.08336,4.235652,-1.303807,0,0,0,0,0,0,0,0,0,0,0,0.08471304,874.443188209005,0.0813154727489419,948.519928989483
37731,8994,392.4,21607.6,13.08572,4.238012,-1.309456,0,0,0,0,0,0,0,0,0,0,0,0.08476024,874.159995259913,0.081358985614892,948.254006256542
37732,8994,392.4667,21601.65,13.08788,4.240172,-1.318494,0,0,0,0,0,0,0,0,0,0,0,0.08480344,873.919281253184,0.0813988092904116,948.030642585781
37733,8994,392.5333,21595.32,13.08994,4.242232,-1.31965,0,0,0,0,0,0,0,0,0,0,0,0.08484464,873.663193914933,0.0814367877998157,947.788833083895
37734,8994,392.6,21587.93,13.09232,4.244612,-1.32031,0,0,0,0,0,0,0,0,0,0,0,0.08489224,873.364223072962,0.0814806640877163,947.506068305485
37735,8994,392.6667,21581.97,13.0946,4.246892,-1.320038,0,0,0,0,0,0,0,0,0,0,0,0.08493784,873.123104504877,0.0815226950286891,947.284295055615
37736,8994,392.7333,21576.31,13.09676,4.249052,-1.314115,0,0,0,0,0,0,0,0,0,0,0,0.08498104,872.894122777467,0.0815625121853614,947.073573140984
37737,8994,392.8,21569.88,13.09904,4.251332,-1.311284,0,0,0,0,0,0,0,0,0,0,0,0.08502664,872.633989825658,0.0816045396863947,946.831125930328
37738,8994,392.8667,21563.94,13.1013,4.253592,-1.308077,0,0,0,0,0,0,0,0,0,0,0,0.08507184,872.393680380285,0.0816461967820731,946.609815974607
37739,8994,392.9333,21557.73,13.10346,4.255752,-1.303939,0,0,0,0,0,0,0,0,0,0,0,0.08511504,872.142447778304,0.0816860090216585,946.374887106652
37740,8994,393,21551.01,13.10568,4.257972,-1.313664,0,0,0,0,0,0,0,0,0,0,0,0.08515944,871.870582547175,0.0817269255051866,946.118593109366
37741,8994,393.0667,21544.87,13.1079,4.260192,-1.321135,0,0,0,0,0,0,0,0,0,0,0,0.08520384,871.622181874685,0.0817678403146245,945.887738799586
37742,8994,393.1333,21538.03,13.1101,4.262392,-1.321322,0,0,0,0,0,0,0,0,0,0,0,0.08524784,871.345461907285,0.0818083848707753,945.625780428684
37743,8994,393.2,21531.2,13.1123,4.264592,-1.31432,0,0,0,0,0,0,0,0,0,0,0,0.08529184,871.069146501242,0.0818489277831315,945.364236773562
37744,8994,393.2667,21525.13,13.11458,4.266872,-1.313186,0,0,0,0,0,0,0,0,0,0,0,0.08533744,870.823577758243,0.0818909432488095,945.137432575772
37745,8994,393.3333,21518.78,13.11684,4.269132,-1.319131,0,0,0,0,0,0,0,0,0,0,0,0.08538264,870.56668129728,0.081932588415704,944.89796284248
37746,8994,393.4,21512.4,13.119,4.271292,-1.323377,0,0,0,0,0,0,0,0,0,0,0,0.08542584,870.30857115225,0.0819723892552565,944.65541190213
37747,8994,393.4667,21506.26,13.12126,4.273552,-1.324368,0,0,0,0,0,0,0,0,0,0,0,0.08547104,870.060170479759,0.0820140310305273,944.425118113242
37748,8994,393.5333,21499.46,13.1235,4.275792,-1.329679,0,0,0,0,0,0,0,0,0,0,0,0.08551584,869.785068757783,0.0820553025834962,944.165469532063
37749,8994,393.6,21492.86,13.12562,4.277912,-1.328161,0,0,0,0,0,0,0,0,0,0,0,0.08555824,869.518058262924,0.0820943615915658,943.912492976118
37750,8994,393.6667,21486.49,13.1279,4.280192,-1.330848,0,0,0,0,0,0,0,0,0,0,0,0.08560384,869.26035267925,0.0821363667467101,943.672376828348
37751,8994,393.7333,21479.62,13.13018,4.282472,-1.324408,0,0,0,0,0,0,0,0,0,0,0,0.08564944,868.982419027783,0.0821783701374953,943.410276587358
37752,8994,393.8,21473.06,13.13228,4.284572,-1.316338,0,0,0,0,0,0,0,0,0,0,0,0.08569144,868.717026778348,0.0822170559103207,943.158639755503
37753,8994,393.8667,21466.61,13.13454,4.286832,-1.31304,0,0,0,0,0,0,0,0,0,0,0,0.08573664,868.456084703826,0.0822586874986959,942.914591393888
37754,8994,393.9333,21459.49,13.13692,4.289212,-1.314463,0,0,0,0,0,0,0,0,0,0,0,0.08578424,868.168037018463,0.0823025277402944,942.643172266384
37755,8994,394,21453.35,13.13898,4.291272,-1.32563,0,0,0,0,0,0,0,0,0,0,0,0.08582544,867.919636345973,0.0823404719439738,942.409221020006
37756,8994,394.0667,21446.94,13.14122,4.293512,-1.327692,0,0,0,0,0,0,0,0,0,0,0,0.08587024,867.660312516875,0.0823817300266959,942.166511791174
37757,8994,394.1333,21439.71,13.14364,4.295932,-1.325793,0,0,0,0,0,0,0,0,0,0,0,0.08591864,867.367814656598,0.0824263015782438,941.890877671665
37758,8994,394.2,21433.63,13.14568,4.297972,-1.324394,0,0,0,0,0,0,0,0,0,0,0,0.08595944,867.121841352243,0.0824638727479888,941.65914924665
37759,8994,394.2667,21427.4,13.1478,4.300092,-1.321267,0,0,0,0,0,0,0,0,0,0,0,0.08600184,866.86979962755,0.0825029158012844,941.422197435951
37760,8994,394.3333,21419.55,13.15022,4.302512,-1.322071,0,0,0,0,0,0,0,0,0,0,0,0.08605024,866.55221896321,0.082547481951842,941.119245377527
37761,8994,394.4,21412.96,13.15234,4.304632,-1.318649,0,0,0,0,0,0,0,0,0,0,0,0.08609264,866.285613029707,0.082586521740979,940.866428449453
37762,8994,394.4667,21406.81,13.15448,4.306772,-1.31818,0,0,0,0,0,0,0,0,0,0,0,0.08613544,866.036807795861,0.0826259282843339,940.633269291553
37763,8994,394.5333,21399.46,13.15694,4.309232,-1.322806,0,0,0,0,0,0,0,0,0,0,0,0.08618464,865.739455199314,0.082671225476457,940.352898479463
37764,8994,394.6,21393.04,13.15908,4.311372,-1.314376,0,0,0,0,0,0,0,0,0,0,0,0.08622744,865.47972680886,0.0827106286821376,940.107828023487
37765,8994,394.6667,21386.9,13.16116,4.313452,-1.318037,0,0,0,0,0,0,0,0,0,0,0,0.08626904,865.23132613637,0.0827489256371733,939.874002020081
37766,8994,394.7333,21379.25,13.16364,4.315932,-1.331829,0,0,0,0,0,0,0,0,0,0,0,0.08631864,864.921836699147,0.0827945854744865,939.580713349319
37767,8994,394.8,21372.39,13.16574,4.318032,-1.325214,0,0,0,0,0,0,0,0,0,0,0,0.08636064,864.644307609036,0.0828332474163497,939.315543386509
37768,8994,394.8667,21365.76,13.16779,4.320082,-1.323495,0,0,0,0,0,0,0,0,0,0,0,0.08640164,864.376083430109,0.0828709873940566,939.059594615248
37769,8994,394.9333,21357.61,13.17024,4.322532,-1.320694,0,0,0,0,0,0,0,0,0,0,0,0.08645064,864.046365925094,0.082916089401643,938.743727248993
37770,8994,395,21350.68,13.17238,4.324672,-1.31962,0,0,0,0,0,0,0,0,0,0,0,0.08649344,863.766004905492,0.0829554829602709,938.476098024825
37771,8994,395.0667,21344.34,13.17447,4.326762,-1.319327,0,0,0,0,0,0,0,0,0,0,0,0.08653524,863.509513005885,0.0829939546108201,938.233515956132
37772,8994,395.1333,21336.59,13.17698,4.329272,-1.315132,0,0,0,0,0,0,0,0,0,0,0,0.08658544,863.195977955104,0.083040155450443,937.936181512577
37773,8994,395.2,21330.2,13.17916,4.331452,-1.3143,0,0,0,0,0,0,0,0,0,0,0,0.08662904,862.937463248718,0.0830802803441498,937.692907269989
37774,8994,395.2667,21324.05,13.18116,4.333452,-1.317271,0,0,0,0,0,0,0,0,0,0,0,0.08666904,862.688658014872,0.0831170907572014,937.457055823909
37775,8994,395.3333,21315.92,13.1836,4.335892,-1.327019,0,0,0,0,0,0,0,0,0,0,0,0.08671784,862.359749632568,0.0831619976262518,937.141724423645
37776,8994,395.4,21308.86,13.18576,4.338052,-1.32489,0,0,0,0,0,0,0,0,0,0,0,0.08676104,862.07412931534,0.0832017495653236,936.868577331834
37777,8994,395.4667,21302.14,13.18777,4.340062,-1.319605,0,0,0,0,0,0,0,0,0,0,0,0.08680124,861.802264084211,0.0832387395337036,936.607769241528
37778,8994,395.5333,21293.89,13.1902,4.342492,-1.322391,0,0,0,0,0,0,0,0,0,0,0,0.08684984,861.468500965637,0.0832834569222994,936.286902439543
37779,8994,395.6,21286.7,13.19248,4.344772,-1.325366,0,0,0,0,0,0,0,0,0,0,0,0.08689544,861.177621350783,0.0833254121600416,936.010029676213
37780,8994,395.6667,21280.76,13.19455,4.346842,-1.312756,0,0,0,0,0,0,0,0,0,0,0,0.08693684,860.93731190541,0.0833635015751136,935.784481240561
37781,8994,395.7333,21273.47,13.19688,4.349172,-1.31284,0,0,0,0,0,0,0,0,0,0,0,0.08698344,860.642386676998,0.0834063734324085,935.504022079973
37782,8994,395.8,21266.26,13.19916,4.351452,-1.317945,0,0,0,0,0,0,0,0,0,0,0,0.08702904,860.350697939432,0.0834483235135843,935.226193244431
37783,8994,395.8667,21259.28,13.20128,4.353572,-1.31267,0,0,0,0,0,0,0,0,0,0,0,0.08707144,860.068314113051,0.0834873281505782,934.955700721246
37784,8994,395.9333,21251.69,13.20352,4.355812,-1.308123,0,0,0,0,0,0,0,0,0,0,0,0.08711624,859.761252043963,0.0835285389443092,934.660419619725
37785,8994,396,21244.24,13.20576,4.358052,-1.311763,0,0,0,0,0,0,0,0,0,0,0,0.08716104,859.459853833857,0.0835697480397805,934.371268532264
37786,8994,396.0667,21236.62,13.20789,4.360182,-1.313522,0,0,0,0,0,0,0,0,0,0,0,0.08720364,859.151578080701,0.083608931899229,934.072723001083
37787,8994,396.1333,21228.82,13.21017,4.362462,-1.311336,0,0,0,0,0,0,0,0,0,0,0,0.08724924,858.836020223141,0.0836508734840995,933.768810272235
37788,8994,396.2,21221.74,13.21246,4.364752,-1.318395,0,0,0,0,0,0,0,0,0,0,0,0.08729504,858.549590783201,0.0836929972526776,933.496711652605
37789,8994,396.2667,21214.54,13.21464,4.366932,-1.320323,0,0,0,0,0,0,0,0,0,0,0,0.08733864,858.258306606991,0.0837330959602501,933.217419874749
37790,8994,396.3333,21207.16,13.21687,4.369162,-1.321354,0,0,0,0,0,0,0,0,0,0,0,0.08738324,857.959740326376,0.0837741126993711,932.931042225654
37791,8994,396.4,21200.16,13.21914,4.371432,-1.326271,0,0,0,0,0,0,0,0,0,0,0,0.08742864,857.676547377283,0.0838158634369167,932.662041474375
37792,8994,396.4667,21192.57,13.22131,4.373602,-1.33489,0,0,0,0,0,0,0,0,0,0,0,0.08747204,857.369485308196,0.0838557733053579,932.365343221854
37793,8994,396.5333,21184.97,13.22349,4.375782,-1.328453,0,0,0,0,0,0,0,0,0,0,0,0.08751564,857.062018677752,0.0838958654864831,932.068349762027
37794,8994,396.6,21177.74,13.22576,4.378052,-1.327724,0,0,0,0,0,0,0,0,0,0,0,0.08756104,856.769520817475,0.0839376111411757,931.789151100554
37795,8994,396.6667,21169.94,13.22797,4.380262,-1.32561,0,0,0,0,0,0,0,0,0,0,0,0.08760524,856.453962959914,0.0839782517123473,931.483817933968
37796,8994,396.7333,21162.48,13.23015,4.382442,-1.317425,0,0,0,0,0,0,0,0,0,0,0,0.08764884,856.152160188452,0.084018338983445,931.192903892464
37797,8994,396.8,21155.37,13.23243,4.384722,-1.31986,0,0,0,0,0,0,0,0,0,0,0,0.08769444,855.864517064445,0.0840602634010079,930.919076604282
37798,8994,396.8667,21147.7,13.23472,4.387012,-1.31767,0,0,0,0,0,0,0,0,0,0,0,0.08774024,855.55421850451,0.0841023699284325,930.620750969108
37799,8994,396.9333,21140.8,13.23685,4.389142,-1.321085,0,0,0,0,0,0,0,0,0,0,0,0.08778284,855.275071168976,0.0841415329236653,930.353545897391
37800,8994,397,21133.68,13.23911,4.391402,-1.323704,0,0,0,0,0,0,0,0,0,0,0,0.08782804,854.987023483613,0.0841830844717128,930.078857981612
37801,8994,397.0667,21125.42,13.24142,4.393712,-1.317039,0,0,0,0,0,0,0,0,0,0,0,0.08787424,854.652855803683,0.084225553517622,929.754825971261
37802,8994,397.1333,21118.17,13.24353,4.395822,-1.318026,0,0,0,0,0,0,0,0,0,0,0,0.08791644,854.359548820694,0.0842643440137788,929.471798833016
37803,8994,397.2,21111.04,13.24571,4.398002,-1.326038,0,0,0,0,0,0,0,0,0,0,0,0.08796004,854.071096573975,0.0843044198180871,929.195224391466
37804,8994,397.2667,21102.43,13.24805,4.400342,-1.329278,0,0,0,0,0,0,0,0,0,0,0,0.08800684,853.722769246591,0.0843474351786952,928.856212404033
37805,8994,397.3333,21094.68,13.25021,4.402502,-1.322027,0,0,0,0,0,0,0,0,0,0,0,0.08805004,853.40923419581,0.0843871400231803,928.55195140312
37806,8994,397.4,21087.77,13.25237,4.404662,-1.320864,0,0,0,0,0,0,0,0,0,0,0,0.08809324,853.129682298919,0.0844268432912535,928.284640152802
37807,8994,397.4667,21079.63,13.25473,4.407022,-1.325918,0,0,0,0,0,0,0,0,0,0,0,0.08814044,852.80036935526,0.0844702209858837,927.966569142395
37808,8994,397.5333,21071.86,13.25691,4.409202,-1.326075,0,0,0,0,0,0,0,0,0,0,0,0.08818404,852.486025181767,0.0845102885405213,927.661686925837
37809,8994,397.6,21065.08,13.25909,4.411382,-1.320216,0,0,0,0,0,0,0,0,0,0,0,0.08822764,852.211732582503,0.0845503544898142,927.400362528568
37810,8994,397.6667,21057.24,13.26148,4.413772,-1.320697,0,0,0,0,0,0,0,0,0,0,0,0.08827544,851.894556479519,0.0845942781584247,927.095923286353
37811,8994,397.7333,21049.7,13.26357,4.415862,-1.324923,0,0,0,0,0,0,0,0,0,0,0,0.08831724,851.58951721721,0.0846326868146599,926.799552990766
37812,8994,397.8,21042.4,13.26567,4.417962,-1.333994,0,0,0,0,0,0,0,0,0,0,0,0.08835924,851.294187427442,0.0846712777585976,926.513894844948
37813,8994,397.8667,21033.78,13.26807,4.420362,-1.327234,0,0,0,0,0,0,0,0,0,0,0,0.08840724,850.945455538701,0.0847153798710188,926.175194653421
37814,8994,397.9333,21025.71,13.27021,4.422502,-1.321983,0,0,0,0,0,0,0,0,0,0,0,0.08845004,850.618974524533,0.0847547026143136,925.856256845987
37815,8994,398,21018.63,13.27237,4.424662,-1.319463,0,0,0,0,0,0,0,0,0,0,0,0.08849324,850.332545084593,0.084794391291922,925.581227076575
37816,8994,398.0667,21010.28,13.27482,4.427112,-1.308463,0,0,0,0,0,0,0,0,0,0,0,0.08854224,849.994736352461,0.0848394066354553,925.255174297317
37817,8994,398.1333,21002.51,13.27697,4.429262,-1.313159,0,0,0,0,0,0,0,0,0,0,0,0.08858524,849.680392178968,0.0848789082267959,924.949533643436
37818,8994,398.2,20995.39,13.27907,4.431362,-1.321691,0,0,0,0,0,0,0,0,0,0,0,0.08862724,849.392344493605,0.08491748967017,924.671643663202
37819,8994,398.2667,20986.79,13.28145,4.433742,-1.321941,0,0,0,0,0,0,0,0,0,0,0,0.08867484,849.044421727577,0.0849612135066047,924.333299977162
37820,8994,398.3333,20978.53,13.28359,4.435882,-1.313658,0,0,0,0,0,0,0,0,0,0,0,0.08871764,848.710254047647,0.0850005265844249,924.005824830555
37821,8994,398.4,20970.89,13.28565,4.437942,-1.30842,0,0,0,0,0,0,0,0,0,0,0,0.08875884,848.40116917178,0.0850383685545983,923.704272802111
37822,8994,398.4667,20962.12,13.28803,4.440322,-1.317555,0,0,0,0,0,0,0,0,0,0,0,0.08880644,848.046368862702,0.0850820871061796,923.358347836325
37823,8994,398.5333,20953.87,13.29027,4.442562,-1.316229,0,0,0,0,0,0,0,0,0,0,0,0.08885124,847.712605744128,0.0851232322323559,923.032921928125
37824,8994,398.6,20946.65,13.29241,4.444702,-1.317853,0,0,0,0,0,0,0,0,0,0,0,0.08889404,847.420512445207,0.0851625389413624,922.751145375331
37825,8994,398.6667,20938.7,13.29477,4.447062,-1.317778,0,0,0,0,0,0,0,0,0,0,0,0.08894124,847.098886167308,0.0852058847356389,922.440911505648
37826,8994,398.7333,20930.95,13.29697,4.449262,-1.314085,0,0,0,0,0,0,0,0,0,0,0,0.08898524,846.785351116527,0.0852462901399626,922.136748814115
37827,8994,398.8,20923.28,13.29909,4.451382,-1.318999,0,0,0,0,0,0,0,0,0,0,0,0.08902764,846.475052556592,0.0852852247122921,921.834728804582
37828,8994,398.8667,20915.07,13.30141,4.453702,-1.323714,0,0,0,0,0,0,0,0,0,0,0,0.08907404,846.142907683442,0.0853278306203937,921.512274888153
37829,8994,398.9333,20907.11,13.30359,4.455882,-1.329806,0,0,0,0,0,0,0,0,0,0,0,0.08911764,845.820876844188,0.0853678638281285,921.198437251272
37830,8994,399,20898.89,13.30571,4.458002,-1.321956,0,0,0,0,0,0,0,0,0,0,0,0.08916004,845.488327409682,0.0854067936674181,920.872100501062
37831,8994,399.0667,20890.36,13.30807,4.460362,-1.311238,0,0,0,0,0,0,0,0,0,0,0,0.08920724,845.143236573144,0.0854501288758017,920.536132112501
37832,8994,399.1333,20882.54,13.31031,4.462602,-1.325071,0,0,0,0,0,0,0,0,0,0,0,0.08925204,844.826869592872,0.0854912588619509,920.22939115085
37833,8994,399.2,20874.62,13.31247,4.464762,-1.320872,0,0,0,0,0,0,0,0,0,0,0,0.08929524,844.506456999041,0.0855309183179582,919.91686375832
37834,8994,399.2667,20866.54,13.31477,4.467062,-1.316285,0,0,0,0,0,0,0,0,0,0,0,0.08934124,844.179571423517,0.0855731465652396,919.599621117162
37835,8994,399.3333,20858.56,13.31699,4.469282,-1.321614,0,0,0,0,0,0,0,0,0,0,0,0.08938564,843.856731461551,0.0856139043127239,919.28540547155
37836,8994,399.4,20850.04,13.31913,4.471422,-1.319082,0,0,0,0,0,0,0,0,0,0,0,0.08942844,843.512045186369,0.0856531917401354,918.946011508596
37837,8994,399.4667,20841.52,13.32139,4.473682,-1.310792,0,0,0,0,0,0,0,0,0,0,0,0.08947364,843.167358911188,0.085694680525172,918.608611642158
37838,8994,399.5333,20833.47,13.32361,4.475902,-1.311782,0,0,0,0,0,0,0,0,0,0,0,0.08951804,842.841687019731,0.0857354333196077,918.291222872031
37839,8994,399.6,20824.74,13.32575,4.478042,-1.320519,0,0,0,0,0,0,0,0,0,0,0,0.08956084,842.488504956076,0.0857747159728411,917.942483150287
37840,8994,399.6667,20816.18,13.32803,4.480322,-1.321863,0,0,0,0,0,0,0,0,0,0,0,0.08960644,842.142200435471,0.0858165668214888,917.60356499026
37841,8994,399.7333,20808.27,13.33025,4.482542,-1.327494,0,0,0,0,0,0,0,0,0,0,0,0.08965084,841.822192402996,0.0858573146491212,917.292259082566
37842,8994,399.8,20799.56,13.33251,4.484802,-1.331707,0,0,0,0,0,0,0,0,0,0,0,0.08969604,841.469819462054,0.0858987949663862,916.946330047315
37843,8994,399.8667,20791.52,13.33473,4.487022,-1.329674,0,0,0,0,0,0,0,0,0,0,0,0.08974044,841.144552131953,0.0859395394436064,916.629234343877
37844,8994,399.9333,20783.91,13.33693,4.489222,-1.326904,0,0,0,0,0,0,0,0,0,0,0,0.08978444,840.836680940153,0.0859799152157849,916.330731469823
37845,8994,400,20774.78,13.33923,4.491522,-1.328354,0,0,0,0,0,0,0,0,0,0,0,0.08983044,840.467316422265,0.0860221245073702,915.966865262096
37846,8994,400.0667,20766.56,13.34143,4.493722,-1.32703,0,0,0,0,0,0,0,0,0,0,0,0.08987444,840.134766987759,0.0860624969453178,915.641408695314
37847,8994,400.1333,20758.97,13.34357,4.495862,-1.332494,0,0,0,0,0,0,0,0,0,0,0,0.08991724,839.827704918671,0.086101766752977,915.342694220492
37848,8994,400.2,20749.58,13.34583,4.498122,-1.336524,0,0,0,0,0,0,0,0,0,0,0,0.08996244,839.44782180553,0.0861432369317409,914.966596107841
37849,8994,400.2667,20740.54,13.34809,4.500382,-1.343918,0,0,0,0,0,0,0,0,0,0,0,0.09000764,839.082098339845,0.0861847053908002,914.605897777662
37850,8994,400.3333,20732.84,13.35023,4.502522,-1.36118,0,0,0,0,0,0,0,0,0,0,0,0.09005044,838.770586095843,0.0862239703997447,914.302246432831
37851,8994,400.4,20723.67,13.35255,4.504842,-1.343514,0,0,0,0,0,0,0,0,0,0,0,0.09009684,838.399603332531,0.0862665363313519,913.936758250045
37852,8994,400.4667,20714.65,13.35479,4.507082,-1.333003,0,0,0,0,0,0,0,0,0,0,0,0.09014164,838.034688989557,0.0863076327530665,913.576510231966
37853,8994,400.5333,20707.13,13.35695,4.509242,-1.333737,0,0,0,0,0,0,0,0,0,0,0,0.09018484,837.73045884996,0.0863472598459831,913.28104624447
37854,8994,400.6,20698.04,13.35927,4.511562,-1.336637,0,0,0,0,0,0,0,0,0,0,0,0.09023124,837.362712577495,0.0863898205300953,912.918988463126
37855,8994,400.6667,20688.9,13.36145,4.513742,-1.338934,0,0,0,0,0,0,0,0,0,0,0,0.09027484,836.992943498251,0.0864298112463842,912.552347553685
37856,8994,400.7333,20681,13.36355,4.515842,-1.338093,0,0,0,0,0,0,0,0,0,0,0,0.09031684,836.673340027132,0.0864683329012089,912.239032210628
37857,8994,400.8,20671.52,13.36585,4.518142,-1.338618,0,0,0,0,0,0,0,0,0,0,0,0.09036284,836.289815861789,0.0865105215824982,911.859338686137
37858,8994,400.8667,20662.08,13.36807,4.520362,-1.346124,0,0,0,0,0,0,0,0,0,0,0,0.09040724,835.907909941869,0.0865512411433664,911.480036973882
37859,8994,400.9333,20654.46,13.37021,4.522502,-1.347616,0,0,0,0,0,0,0,0,0,0,0,0.09045004,835.599634188714,0.086590491763201,911.179654525068
37860,8994,401,20645.42,13.37259,4.524882,-1.344244,0,0,0,0,0,0,0,0,0,0,0,0.09049764,835.233910723028,0.0866341425123172,910.820608491433
37861,8994,401.0667,20636.43,13.37481,4.527102,-1.343353,0,0,0,0,0,0,0,0,0,0,0,0.09054204,834.870210064122,0.0866748570398093,910.461062018556
37862,8994,401.1333,20628.7,13.37693,4.529222,-1.347147,0,0,0,0,0,0,0,0,0,0,0,0.09058444,834.557484136052,0.0867137360322877,910.155406484325
37863,8994,401.2,20619.4,13.37927,4.531562,-1.343204,0,0,0,0,0,0,0,0,0,0,0,0.09063124,834.181242075114,0.0867566478822586,909.784122429122
37864,8994,401.2667,20609.97,13.38149,4.533782,-1.338123,0,0,0,0,0,0,0,0,0,0,0,0.09067564,833.799740716551,0.0867973574224092,909.405065837858
37865,8994,401.3333,20601.72,13.38355,4.535842,-1.339416,0,0,0,0,0,0,0,0,0,0,0,0.09071684,833.465977597977,0.0868351314592987,909.075377333176
37866,8994,401.4,20592.01,13.38585,4.538142,-1.337204,0,0,0,0,0,0,0,0,0,0,0,0.09076284,833.07314852145,0.0868773046690045,908.685233408998
37867,8994,401.4667,20581.95,13.38813,4.540422,-1.339132,0,0,0,0,0,0,0,0,0,0,0,0.09080844,832.666159797468,0.0869191093997733,908.279274809466
37868,8994,401.5333,20573.77,13.39029,4.542582,-1.339251,0,0,0,0,0,0,0,0,0,0,0,0.09085164,832.335228608385,0.0869587122695343,907.954249157231
37869,8994,401.6,20564.83,13.39261,4.544902,-1.341411,0,0,0,0,0,0,0,0,0,0,0,0.09089804,831.973550756258,0.0870012469383209,907.598315851842
37870,8994,401.6667,20555.29,13.39483,4.547122,-1.338024,0,0,0,0,0,0,0,0,0,0,0,0.09094244,831.58759922278,0.0870419465223769,907.214204569841
37871,8994,401.7333,20546.56,13.39697,4.549262,-1.340683,0,0,0,0,0,0,0,0,0,0,0,0.09098524,831.234417159125,0.0870811778868238,906.864480100608
37872,8994,401.8,20537.46,13.39925,4.551542,-1.33946,0,0,0,0,0,0,0,0,0,0,0,0.09103084,830.866266325304,0.0871229740957744,906.50072047656
37873,8994,401.8667,20527.9,13.40143,4.553722,-1.337492,0,0,0,0,0,0,0,0,0,0,0,0.09107444,830.479505669115,0.087162935504058,906.114961579406
37874,8994,401.9333,20518.53,13.40356,4.555852,-1.333242,0,0,0,0,0,0,0,0,0,0,0,0.09111704,830.100431678686,0.0872019788239461,905.73672591597
37875,8994,402,20508.88,13.40591,4.558202,-1.342124,0,0,0,0,0,0,0,0,0,0,0,0.09116404,829.710029970294,0.0872450530185931,905.349748330907
37876,8994,402.0667,20499.61,13.40811,4.560402,-1.343343,0,0,0,0,0,0,0,0,0,0,0,0.09120804,829.335001593424,0.0872853761151073,904.977021592157
37877,8994,402.1333,20490.69,13.4103,4.562592,-1.340605,0,0,0,0,0,0,0,0,0,0,0,0.09125184,828.974132864008,0.0873255143100014,904.619547800253
37878,8994,402.2,20481.57,13.41263,4.564922,-1.336743,0,0,0,0,0,0,0,0,0,0,0,0.09129844,828.605172907476,0.0873682166481186,904.255532569858
37879,8994,402.2667,20472.5,13.41483,4.567122,-1.348785,0,0,0,0,0,0,0,0,0,0,0,0.09134244,828.238235757722,0.0874085347786998,903.891537113128
37880,8994,402.3333,20463.24,13.41698,4.569272,-1.33708,0,0,0,0,0,0,0,0,0,0,0,0.09138544,827.863611942208,0.087447935017639,903.518292379536
37881,8994,402.4,20453.76,13.41929,4.571582,-1.329688,0,0,0,0,0,0,0,0,0,0,0,0.09143164,827.480087776865,0.087490265637488,903.137949269648
37882,8994,402.4667,20444.28,13.42144,4.573732,-1.329621,0,0,0,0,0,0,0,0,0,0,0,0.09147464,827.096563611522,0.0875296626564069,902.754924013123
37883,8994,402.5333,20434.38,13.42364,4.575932,-1.322293,0,0,0,0,0,0,0,0,0,0,0,0.09151864,826.696047869234,0.0875699742784437,902.354145863601
37884,8994,402.6,20424.81,13.42595,4.578242,-1.323669,0,0,0,0,0,0,0,0,0,0,0,0.09156484,826.308882651688,0.0876122997327197,901.969723282269
37885,8994,402.6667,20415.62,13.4281,4.580392,-1.323622,0,0,0,0,0,0,0,0,0,0,0,0.09160784,825.937090765665,0.087651691944247,901.599403626591
37886,8994,402.7333,20405.83,13.43033,4.582622,-1.32052,0,0,0,0,0,0,0,0,0,0,0,0.09165244,825.541025198291,0.0876925482731189,901.203874477815
37887,8994,402.8,20396.45,13.43263,4.584922,-1.318359,0,0,0,0,0,0,0,0,0,0,0,0.09169844,825.161546646506,0.0877346853390647,900.827573221978
37888,8994,402.8667,20387.71,13.43477,4.587062,-1.320307,0,0,0,0,0,0,0,0,0,0,0,0.09174124,824.807960021496,0.0877738895363663,900.476865035738
37889,8994,402.9333,20377.66,13.43701,4.589302,-1.317166,0,0,0,0,0,0,0,0,0,0,0,0.09178604,824.40137585887,0.0878149240591924,900.069913519507
37890,8994,403,20368.05,13.43931,4.591602,-1.31263,0,0,0,0,0,0,0,0,0,0,0,0.09183204,824.012592395901,0.0878570559690058,899.683349741305
37891,8994,403.0667,20359.3,13.44142,4.593712,-1.32471,0,0,0,0,0,0,0,0,0,0,0,0.09187424,823.658601209535,0.0878957058555697,899.331609215124
37892,8994,403.1333,20349.18,13.44362,4.595912,-1.334402,0,0,0,0,0,0,0,0,0,0,0,0.09191824,823.249185117417,0.0879360027248088,898.920801294845
37893,8994,403.2,20338.96,13.44594,4.598232,-1.328837,0,0,0,0,0,0,0,0,0,0,0,0.09196464,822.835723411742,0.087978495846058,898.507514494442
37894,8994,403.2667,20330.13,13.44812,4.600412,-1.321586,0,0,0,0,0,0,0,0,0,0,0,0.09200824,822.478495734529,0.0880184230817897,898.153294564911
37895,8994,403.3333,20320.51,13.45032,4.602612,-1.312847,0,0,0,0,0,0,0,0,0,0,0,0.09205224,822.089307710204,0.0880587150063118,897.764469964978
37896,8994,403.4,20310.51,13.45266,4.604952,-1.316877,0,0,0,0,0,0,0,0,0,0,0,0.09209904,821.684746354357,0.0881015691807783,897.361122676237
37897,8994,403.4667,20301.68,13.45486,4.607152,-1.321573,0,0,0,0,0,0,0,0,0,0,0,0.09214304,821.327518677144,0.088141857755391,897.007133083713
37898,8994,403.5333,20291.92,13.45706,4.609352,-1.317893,0,0,0,0,0,0,0,0,0,0,0,0.09218704,820.932666793838,0.0881821447068996,896.612019384868
37899,8994,403.6,20281.62,13.4593,4.611592,-1.311516,0,0,0,0,0,0,0,0,0,0,0,0.09223184,820.515968597315,0.0882231624809322,896.193666130428
37900,8994,403.6667,20272.29,13.46146,4.613752,-1.315138,0,0,0,0,0,0,0,0,0,0,0,0.09227504,820.13851285231,0.0882627137411286,895.816826931298
37901,8994,403.7333,20261.95,13.46364,4.615932,-1.319696,0,0,0,0,0,0,0,0,0,0,0,0.09231864,819.720196410364,0.0883026296306643,895.395650123502
37902,8994,403.8,20251.27,13.46594,4.618232,-1.319224,0,0,0,0,0,0,0,0,0,0,0,0.09236464,819.28812488232,0.088344740997953,894.96137759335
37903,8994,403.8667,20242.26,13.46814,4.620432,-1.31697,0,0,0,0,0,0,0,0,0,0,0,0.09240864,818.923615100702,0.0883850197769079,894.599232636041
37904,8994,403.9333,20232.31,13.47038,4.622672,-1.32178,0,0,0,0,0,0,0,0,0,0,0,0.09245344,818.521076551634,0.0884260292304715,894.196165791336
37905,8994,404,20222.11,13.47264,4.624932,-1.327343,0,0,0,0,0,0,0,0,0,0,0,0.09249864,818.10842396867,0.0884674031355748,893.782340558315
37906,8994,404.0667,20213.27,13.47484,4.627132,-1.326503,0,0,0,0,0,0,0,0,0,0,0,0.09254264,817.750791730101,0.0885076769742511,893.427608858895
37907,8994,404.1333,20203.23,13.47706,4.629352,-1.32329,0,0,0,0,0,0,0,0,0,0,0,0.09258704,817.344612128831,0.0885483152946332,893.020130425787
37908,8994,404.2,20192.68,13.4793,4.631592,-1.322205,0,0,0,0,0,0,0,0,0,0,0,0.09263184,816.917799898412,0.0885893180522207,892.590398831754
37909,8994,404.2667,20183.27,13.48144,4.633732,-1.324503,0,0,0,0,0,0,0,0,0,0,0,0.09267464,816.53710766256,0.0886284887593021,892.209390161829
37910,8994,404.3333,20172.82,13.48364,4.635932,-1.333323,0,0,0,0,0,0,0,0,0,0,0,0.09271864,816.1143410457,0.0886687561110951,891.783352831954
37911,8994,404.4,20161.8,13.48592,4.638212,-1.336473,0,0,0,0,0,0,0,0,0,0,0,0.09276424,815.668514431557,0.0887104860193217,891.333384264729
37912,8994,404.4667,20152.35,13.48816,4.640452,-1.337543,0,0,0,0,0,0,0,0,0,0,0,0.09280904,815.286203950281,0.0887514821281378,890.952133864151
37913,8994,404.5333,20142.57,13.49046,4.642752,-1.336591,0,0,0,0,0,0,0,0,0,0,0,0.09285504,814.890542944263,0.0887935745982733,890.557236904974
37914,8994,404.6,20132.22,13.49264,4.644932,-1.329527,0,0,0,0,0,0,0,0,0,0,0,0.09289864,814.471821940961,0.0888334693040719,890.135146517599
37915,8994,404.6667,20122.26,13.49486,4.647152,-1.32938,0,0,0,0,0,0,0,0,0,0,0,0.09294304,814.068878830538,0.0888740943872262,889.73091519844
37916,8994,404.7333,20111.74,13.49714,4.649432,-1.333402,0,0,0,0,0,0,0,0,0,0,0,0.09298864,813.643280284187,0.0889158157277638,889.302862362952
37917,8994,404.8,20101.12,13.49926,4.651552,-1.3383,0,0,0,0,0,0,0,0,0,0,0,0.09303104,813.213636124277,0.0889546076932647,888.8677464351
37918,8994,404.8667,20090.64,13.50144,4.653732,-1.33156,0,0,0,0,0,0,0,0,0,0,0,0.09307464,812.78965582335,0.0889944959753405,888.439760434832
37919,8994,404.9333,20079.71,13.50378,4.656072,-1.338124,0,0,0,0,0,0,0,0,0,0,0,0.09312144,812.347470261409,0.0890373100673017,887.994436472508
37920,8994,405,20069.14,13.50592,4.658212,-1.338809,0,0,0,0,0,0,0,0,0,0,0,0.09316424,811.919848908279,0.0890764632304925,887.561744572733
37921,8994,405.0667,20059.19,13.50814,4.660432,-1.344015,0,0,0,0,0,0,0,0,0,0,0,0.09320864,811.517310359211,0.0891170784433983,887.157735194251
37922,8994,405.1333,20048.74,13.5105,4.662792,-1.341898,0,0,0,0,0,0,0,0,0,0,0,0.09325584,811.094543742351,0.0891602531671947,886.733846738461
37923,8994,405.2,20038.51,13.51262,4.664912,-1.343008,0,0,0,0,0,0,0,0,0,0,0,0.09329824,810.680677475319,0.0891990356518293,886.315757885774
37924,8994,405.2667,20028.16,13.51482,4.667112,-1.338206,0,0,0,0,0,0,0,0,0,0,0,0.09334224,810.261956472018,0.0892392800362247,885.893622475898
37925,8994,405.3333,20017.29,13.51716,4.669452,-1.331305,0,0,0,0,0,0,0,0,0,0,0,0.09338904,809.822198278212,0.0892820836494855,885.450715946104
37926,8994,405.4,20006.77,13.51924,4.671532,-1.331721,0,0,0,0,0,0,0,0,0,0,0,0.09343064,809.396599731861,0.0893201297676777,885.019042058633
37927,8994,405.4667,19995.89,13.52144,4.673732,-1.329193,0,0,0,0,0,0,0,0,0,0,0,0.09347464,808.9564369767,0.089360369279108,884.573348698779
37928,8994,405.5333,19984.71,13.52382,4.676112,-1.328393,0,0,0,0,0,0,0,0,0,0,0,0.09352224,808.504137380863,0.0894038992909182,884.117255357989
37929,8994,405.6,19974.14,13.52592,4.678212,-1.332765,0,0,0,0,0,0,0,0,0,0,0,0.09356424,808.076516027732,0.0894423065513437,883.683581111715
37930,8994,405.6667,19963.31,13.52816,4.680452,-1.340664,0,0,0,0,0,0,0,0,0,0,0,0.09360904,807.63837607935,0.0894832726699552,883.240629131297
37931,8994,405.7333,19952.33,13.53054,4.682832,-1.342263,0,0,0,0,0,0,0,0,0,0,0,0.09365664,807.19416771063,0.0895267973322245,882.793261286004
37932,8994,405.8,19942.29,13.5326,4.684892,-1.333561,0,0,0,0,0,0,0,0,0,0,0,0.09369784,806.78798810936,0.0895644684096666,882.382279933153
37933,8994,405.8667,19931.06,13.53484,4.687132,-1.334535,0,0,0,0,0,0,0,0,0,0,0,0.09374264,806.333665706744,0.0896054295241893,881.921512250971
37934,8994,405.9333,19919.66,13.53722,4.689512,-1.335472,0,0,0,0,0,0,0,0,0,0,0,0.09379024,805.872465761078,0.0896489488700629,881.455437734201
37935,8994,406,19909.49,13.53928,4.691572,-1.338549,0,0,0,0,0,0,0,0,0,0,0,0.09383144,805.461026862182,0.0896866153462929,881.038594876539
37936,8994,406.0667,19898.14,13.54142,4.693712,-1.334082,0,0,0,0,0,0,0,0,0,0,0,0.09387424,805.001849723295,0.089725743095877,880.570786564664
37937,8994,406.1333,19886.28,13.54382,4.696112,-1.330458,0,0,0,0,0,0,0,0,0,0,0,0.09392224,804.522039955261,0.089769622862982,880.084552077228
37938,8994,406.2,19875.82,13.54596,4.698252,-1.332494,0,0,0,0,0,0,0,0,0,0,0,0.09396504,804.098868777045,0.0898087473648672,879.656051145635
37939,8994,406.2667,19864.88,13.5481,4.700392,-1.329489,0,0,0,0,0,0,0,0,0,0,0,0.09400784,803.656278653748,0.0898478703360856,879.206269512425
37940,8994,406.3333,19853.21,13.55052,4.702812,-1.325038,0,0,0,0,0,0,0,0,0,0,0,0.09405624,803.184155551475,0.089892110356705,878.728637250222
37941,8994,406.4,19842.98,13.5527,4.704992,-1.333994,0,0,0,0,0,0,0,0,0,0,0,0.09409984,802.770289284443,0.0899319612616786,878.310845062863
37942,8994,406.4667,19832.31,13.55482,4.707112,-1.332833,0,0,0,0,0,0,0,0,0,0,0,0.09414224,802.338622317755,0.089970713829681,877.872577461262
37943,8994,406.5333,19820.59,13.5572,4.709492,-1.331489,0,0,0,0,0,0,0,0,0,0,0,0.09418984,801.864476408702,0.0900142172818696,877.391963143322
37944,8994,406.6,19809.9,13.55934,4.711632,-1.329687,0,0,0,0,0,0,0,0,0,0,0,0.09423264,801.432000319302,0.0900533322154772,876.95305348987
37945,8994,406.6667,19798.29,13.56142,4.713712,-1.337313,0,0,0,0,0,0,0,0,0,0,0,0.09427424,800.962304585163,0.0900913490025253,876.472417118578
37946,8994,406.7333,19785.68,13.56382,4.716112,-1.340164,0,0,0,0,0,0,0,0,0,0,0,0.09432224,800.45215271544,0.0901352127302121,875.952592772383
37947,8994,406.8,19774.76,13.56602,4.718312,-1.341372,0,0,0,0,0,0,0,0,0,0,0,0.09436624,800.010371714855,0.0901754194571247,875.504342454589
37948,8994,406.8667,19763.57,13.56814,4.720432,-1.345751,0,0,0,0,0,0,0,0,0,0,0,0.09440864,799.557667557663,0.0902141625918277,875.042819553354
37949,8994,406.9333,19751.48,13.57054,4.722832,-1.343081,0,0,0,0,0,0,0,0,0,0,0,0.09445664,799.068552878444,0.0902580209329018,874.545883513004
37950,8994,407,19740.88,13.57274,4.725032,-1.341828,0,0,0,0,0,0,0,0,0,0,0,0.09450064,798.639717841246,0.0902982227225008,874.111682306663
37951,8994,407.0667,19729.62,13.57484,4.727132,-1.332099,0,0,0,0,0,0,0,0,0,0,0,0.09454264,798.184181754562,0.0903365956504269,873.646621503878
37952,8994,407.1333,19717.24,13.57716,4.729452,-1.322847,0,0,0,0,0,0,0,0,0,0,0,0.09458904,797.683334796024,0.0903789868874921,873.135435658378
37953,8994,407.2,19705.96,13.57934,4.731632,-1.30763,0,0,0,0,0,0,0,0,0,0,0,0.09463264,797.226989586628,0.0904188183951042,872.670684290463
37954,8994,407.2667,19694.28,13.58144,4.733732,-1.31334,0,0,0,0,0,0,0,0,0,0,0,0.09467464,796.754461922999,0.090457186695789,872.186903773953
37955,8994,407.3333,19681.62,13.58378,4.736072,-1.31563,0,0,0,0,0,0,0,0,0,0,0,0.09472144,796.242287246497,0.0904999382110901,871.663503283378
37956,8994,407.4,19670.44,13.58606,4.738352,-1.3121,0,0,0,0,0,0,0,0,0,0,0,0.09476704,795.78998765066,0.090541591775768,871.204649241949
37957,8994,407.4667,19659.18,13.58822,4.740512,-1.308435,0,0,0,0,0,0,0,0,0,0,0,0.09481024,795.334451563976,0.090581051447185,870.740301797025
37958,8994,407.5333,19647.15,13.59048,4.742772,-1.304312,0,0,0,0,0,0,0,0,0,0,0,0.09485544,794.847764252892,0.0906223362884457,870.243398664117
37959,8994,407.6,19635.6,13.59276,4.745052,-1.304673,0,0,0,0,0,0,0,0,0,0,0,0.09490104,794.380495886889,0.0906639847552257,869.76803110227
37960,8994,407.6667,19623.73,13.59494,4.747232,-1.312836,0,0,0,0,0,0,0,0,0,0,0,0.09494464,793.900281557499,0.0907038049127865,869.276857985874
37961,8994,407.7333,19611.28,13.5971,4.749392,-1.308283,0,0,0,0,0,0,0,0,0,0,0,0.09498784,793.396602669469,0.0907432581839718,868.75963222038
37962,8994,407.8,19599.04,13.59934,4.751632,-1.31336,0,0,0,0,0,0,0,0,0,0,0,0.09503264,792.901419569912,0.090784171043386,868.252934731389
37963,8994,407.8667,19586.54,13.60162,4.753912,-1.324034,0,0,0,0,0,0,0,0,0,0,0,0.09507824,792.395717875104,0.0908258127706823,867.735308114205
37964,8994,407.9333,19574.17,13.60378,4.756072,-1.321608,0,0,0,0,0,0,0,0,0,0,0,0.09512144,791.895275477921,0.0908652612286471,867.221494410577
37965,8994,408,19562.3,13.60604,4.758332,-1.32114,0,0,0,0,0,0,0,0,0,0,0,0.09516664,791.415061148531,0.0909065343382614,866.731373363431
37966,8994,408.0667,19549.89,13.60834,4.760632,-1.318778,0,0,0,0,0,0,0,0,0,0,0,0.09521264,790.913000505925,0.0909485361965028,866.217915294415
37967,8994,408.1333,19537.77,13.61044,4.762732,-1.31335,0,0,0,0,0,0,0,0,0,0,0,0.09525464,790.422672142638,0.0909868841785875,865.714099225423
37968,8994,408.2,19525.39,13.6127,4.764992,-1.310004,0,0,0,0,0,0,0,0,0,0,0,0.09529984,789.921825184099,0.0910281522688533,865.201248736652
37969,8994,408.2667,19512.64,13.615,4.767292,-1.314512,0,0,0,0,0,0,0,0,0,0,0,0.09534584,789.406009455394,0.0910701490193335,864.672588527967
37970,8994,408.3333,19500.32,13.61709,4.769382,-1.317302,0,0,0,0,0,0,0,0,0,0,0,0.09538764,788.907589864991,0.0911083097544358,864.1596230403
37971,8994,408.4,19487.88,13.61934,4.771632,-1.316077,0,0,0,0,0,0,0,0,0,0,0,0.09543264,788.404315538317,0.0911493902578593,863.643820757532
37972,8994,408.4667,19475.04,13.62168,4.773972,-1.311938,0,0,0,0,0,0,0,0,0,0,0,0.09547944,787.88485875741,0.0911921121912809,863.111663856047
37973,8994,408.5333,19462.79,13.62379,4.776082,-1.313746,0,0,0,0,0,0,0,0,0,0,0,0.09552164,787.389271096497,0.0912306333954833,862.601985590039
37974,8994,408.6,19450.38,13.62601,4.778302,-1.324856,0,0,0,0,0,0,0,0,0,0,0,0.09556604,786.887210453891,0.0912711612122487,862.086905083616
37975,8994,408.6667,19437.25,13.6284,4.780692,-1.328979,0,0,0,0,0,0,0,0,0,0,0,0.09561384,786.356021393664,0.0913147906745707,861.542540206235
37976,8994,408.7333,19424.93,13.63048,4.782772,-1.321169,0,0,0,0,0,0,0,0,0,0,0,0.09565544,785.857601803261,0.0913527595361659,861.029156481096
37977,8994,408.8,19412.03,13.63268,4.784972,-1.333902,0,0,0,0,0,0,0,0,0,0,0,0.09569944,785.335717654218,0.0913929173402783,860.491906045725
37978,8994,408.8667,19398.21,13.6351,4.787392,-1.341232,0,0,0,0,0,0,0,0,0,0,0,0.09574784,784.776613860438,0.0914370890622719,859.917279520089
37979,8994,408.9333,19385.42,13.63714,4.789432,-1.342073,0,0,0,0,0,0,0,0,0,0,0,0.09578864,784.259179886309,0.0914743232131766,859.382300135134
37980,8994,409,19372.16,13.63927,4.791562,-1.334591,0,0,0,0,0,0,0,0,0,0,0,0.09583124,783.722731528456,0.0915131985677891,858.827852707015
37981,8994,409.0667,19357.79,13.64168,4.793972,-1.328728,0,0,0,0,0,0,0,0,0,0,0,0.09587944,783.141376860104,0.0915571824753801,858.22853351428
37982,8994,409.1333,19344.73,13.64382,4.796112,-1.331321,0,0,0,0,0,0,0,0,0,0,0,0.09592224,782.613019729368,0.0915962371037216,857.683013634973
37983,8994,409.2,19332.04,13.64595,4.798242,-1.331293,0,0,0,0,0,0,0,0,0,0,0,0.09596484,782.099631368798,0.0916351077192694,857.153697357164
37984,8994,409.2667,19318.11,13.64838,4.800672,-1.326414,0,0,0,0,0,0,0,0,0,0,0,0.09601344,781.536077400103,0.0916794512243591,856.574044675393
37985,8994,409.3333,19305.06,13.65054,4.802832,-1.328392,0,0,0,0,0,0,0,0,0,0,0,0.09605664,781.008124830723,0.0917188660226358,856.029141114663
37986,8994,409.4,19292.28,13.65267,4.804962,-1.333295,0,0,0,0,0,0,0,0,0,0,0,0.09609924,780.491095417951,0.0917577318719068,855.495696514383
37987,8994,409.4667,19278.36,13.65506,4.807352,-1.33055,0,0,0,0,0,0,0,0,0,0,0,0.09614704,779.927946010612,0.0918013401110391,854.915709432812
37988,8994,409.5333,19265.22,13.65721,4.809502,-1.333019,0,0,0,0,0,0,0,0,0,0,0,0.09619004,779.396352389029,0.0918405676553777,854.366518701184
37989,8994,409.6,19251.88,13.65927,4.811562,-1.325486,0,0,0,0,0,0,0,0,0,0,0,0.09623124,778.856667540329,0.091878151672994,853.807010440002
37990,8994,409.6667,19237.3,13.66167,4.813962,-1.320107,0,0,0,0,0,0,0,0,0,0,0,0.09627924,778.266817083504,0.091921937096549,853.197754749523
37991,8994,409.7333,19223.65,13.66385,4.816142,-1.327127,0,0,0,0,0,0,0,0,0,0,0,0.09632284,777.714590832773,0.0919617071947381,852.626268931224
37992,8994,409.8,19210.18,13.66601,4.818302,-1.330646,0,0,0,0,0,0,0,0,0,0,0,0.09636604,777.169646686447,0.0920011108697415,852.062407945819
37993,8994,409.8667,19195.79,13.6684,4.820692,-1.332282,0,0,0,0,0,0,0,0,0,0,0,0.09641384,776.587482895383,0.0920447084970672,851.461264217261
37994,8994,409.9333,19182.19,13.6706,4.822892,-1.331829,0,0,0,0,0,0,0,0,0,0,0,0.09645784,776.037279451431,0.0920848385241975,850.892159186793
37995,8994,410,19167.96,13.67271,4.825002,-1.32768,0,0,0,0,0,0,0,0,0,0,0,0.09650004,775.461588642061,0.0921233253555133,850.293662964483
37996,8994,410.0667,19152.59,13.67501,4.827302,-1.333455,0,0,0,0,0,0,0,0,0,0,0,0.09654604,774.839777838124,0.0921652761384232,849.647490022875
37997,8994,410.1333,19137.46,13.67721,4.829502,-1.341866,0,0,0,0,0,0,0,0,0,0,0,0.09659004,774.227676506728,0.0922054013275596,849.010358749619
37998,8994,410.2,19056.2,13.67988,4.832172,-1.345615,0,0,0,0,0,0,0,0,0,0,0,0.09664344,770.940210929115,0.0922540965535787,845.44652494763
37999,8994,410.2667,12705.83,13.68391,4.836202,-1.339949,0,0,0,0,0,0,0,0,0,0,0,0.09672404,514.028781196119,0.0923275908501534,563.747721589683
38000,8994,410.3333,1197.23,13.68446,4.836752,-1.317947,0,0,0,0,0,0,0,0,0,0,0,0.09673504,48.4352992060676,0.0923376206702676,53.1206898121785
