ID,TestNo,PlayTime,LoadValue,PositionValue,DeformValue,ExtDevValue,PercentWatch,YBValue,YLValue,DeformSwitch,CtrlStep,ExtendDevice1,ExtendDevice2,ExtendDevice3,ExtendDevice4,ExtendDevice5,ExtendDevice6,Engineering Strain,Engineering Stress,Ture Strain,Ture Stress
5997,8990,0.1333333,111.565,0.00127,3.5e-05,-1.412108,0,0,0,0,0,0,0,0,0,0,0,7e-07,5.72768865858528,6.99999754964732e-07,5.72769266796734
5998,8990,0.2,112.685,0.00357,6.6e-05,-1.412593,0,0,0,0,0,0,0,0,0,0,0,1.32e-06,5.78518887189246,1.31999912877211e-06,5.78519650834177
5999,8990,0.2666667,114.9,0.00589,0.000178,-1.407799,0,0,0,0,0,0,0,0,0,0,0,3.56e-06,5.89890581160264,3.55999366311757e-06,5.89892681170733
6000,8990,0.3333333,117.075,0.008189999,0.000331,-1.405729,0,0,0,0,0,0,0,0,0,0,0,6.62e-06,6.01056917226614,6.61997808785392e-06,6.01060896223406
6001,8990,0.4,119.17,0.01045,0.000509,-1.398754,0,0,0,0,0,0,0,0,0,0,0,1.018e-05,6.11812537483627,1.01799481842334e-05,6.11818765735258
6002,8990,0.4666667,121.075,0.01269,0.000682,-1.403001,0,0,0,0,0,0,0,0,0,0,0,1.364e-05,6.21592707693464,1.36399069759718e-05,6.21601186217997
6003,8990,0.5333334,123.18,0.01493,0.000832,-1.404323,0,0,0,0,0,0,0,0,0,0,0,1.664e-05,6.32399667426644,1.6639861556637e-05,6.3241019055711
6004,8990,0.6,125.38,0.01717,0.001005,-1.409446,0,0,0,0,0,0,0,0,0,0,0,2.01e-05,6.43694352183411,2.00997979976742e-05,6.4370729043989
6005,8990,0.6666667,127.635,0.01939,0.001186,-1.406297,0,0,0,0,0,0,0,0,0,0,0,2.372e-05,6.55271404059098,2.37197186851979e-05,6.55286947096802
6006,8990,0.7333333,129.59,0.02159,0.001361,-1.407563,0,0,0,0,0,0,0,0,0,0,0,2.722e-05,6.65308271649771,2.7219629542517e-05,6.65326381340925
6007,8990,0.8,131.58,0.02387,0.001537,-1.410397,0,0,0,0,0,0,0,0,0,0,0,3.074e-05,6.75524827407029,3.07395275358004e-05,6.75545593040223
6008,8990,0.8666667,133.3,0.02605,0.001707,-1.409735,0,0,0,0,0,0,0,0,0,0,0,3.414e-05,6.84355217307774,3.41394172433683e-05,6.84378581194893
6009,8990,0.9333333,134.905,0.02823,0.001875,-1.407277,0,0,0,0,0,0,0,0,0,0,0,3.75e-05,6.92595203232598,3.74992968924902e-05,6.92621175552719
6010,8990,1,136.415,0.03057,0.002046,-1.402548,0,0,0,0,0,0,0,0,0,0,0,4.092e-05,7.00347464133833,4.09191627996386e-05,7.00376122352066
6011,8990,1.066667,138.095,0.03279,0.002176,-1.402216,0,0,0,0,0,0,0,0,0,0,0,4.352e-05,7.0897249612991,4.35190530322382e-05,7.09003350612942
6012,8990,1.133333,139.65,0.03495,0.002339,-1.4027,0,0,0,0,0,0,0,0,0,0,0,4.678e-05,7.16955784673898,4.67789058498358e-05,7.16989323865505
6013,8990,1.2,141.285,0.03717,0.002489,-1.408444,0,0,0,0,0,0,0,0,0,0,0,4.978e-05,7.25349789027223,4.97787610170278e-05,7.25385896939721
6014,8990,1.266667,142.83,0.03941,0.002647,-1.405738,0,0,0,0,0,0,0,0,0,0,0,5.294e-05,7.33281738095044,5.29385987276567e-05,7.33320558030259
6015,8990,1.333333,144.575,0.04159,0.002812,-1.409561,0,0,0,0,0,0,0,0,0,0,0,5.624e-05,7.42240476686207,5.62384185904217e-05,7.42282220290616
6016,8990,1.4,146.205,0.04385,0.002983,-1.405623,0,0,0,0,0,0,0,0,0,0,0,5.966e-05,7.50608811301449,5.96582204129967e-05,7.50653592623131
6017,8990,1.466667,148.085,0.04609,0.003156,-1.411936,0,0,0,0,0,0,0,0,0,0,0,6.312e-05,7.60260632820868,6.31180080167053e-05,7.60308620472012
6018,8990,1.533333,149.865,0.04829,0.00328,-1.410697,0,0,0,0,0,0,0,0,0,0,0,6.56e-05,7.69399059578616,6.55978484142055e-05,7.69449532156925
6019,8990,1.6,151.77,0.05057,0.003448,-1.413494,0,0,0,0,0,0,0,0,0,0,0,6.896e-05,7.79179229788454,6.89576223684028e-05,7.7923296198814
6020,8990,1.666667,153.39,0.05279,0.003627,-1.407651,0,0,0,0,0,0,0,0,0,0,0,7.254e-05,7.87496224927528,7.25373691013283e-05,7.87553349903684
6021,8990,1.733333,155.08,0.05497,0.003797,-1.411575,0,0,0,0,0,0,0,0,0,0,0,7.594e-05,7.96172596399772,7.59371167042783e-05,7.96233057746743
6022,8990,1.8,156.825,0.05721,0.00395,-1.413573,0,0,0,0,0,0,0,0,0,0,0,7.9e-05,8.05131334990935,7.89968796642768e-05,8.05194940366399
6023,8990,1.866667,158.81,0.05943,0.004092,-1.413621,0,0,0,0,0,0,0,0,0,0,0,8.184e-05,8.15322221010109,8.18366512899041e-05,8.15388946980677
6024,8990,1.933333,160.67,0.06161,0.004248,-1.415254,0,0,0,0,0,0,0,0,0,0,0,8.496e-05,8.24871363577195,8.49563911035182e-05,8.24941444648244
6025,8990,2,162.685,0.06391,0.004438,-1.413494,0,0,0,0,0,0,0,0,0,0,0,8.876e-05,8.3521626802487,8.87560610641883e-05,8.3529040182082
6026,8990,2.066667,164.64,0.06613,0.004599,-1.403851,0,0,0,0,0,0,0,0,0,0,0,9.198e-05,8.45253135615543,9.1975770099278e-05,8.45330881998957
6027,8990,2.133333,166.76,0.06831,0.004759,-1.417238,0,0,0,0,0,0,0,0,0,0,0,9.518e-05,8.56137104562974,9.51754706711712e-05,8.56218591692586
6028,8990,2.2,168.71,0.07057,0.00495,-1.419456,0,0,0,0,0,0,0,0,0,0,0,9.9e-05,8.66148302415563,9.89950998234802e-05,8.66234051097502
6029,8990,2.266667,170.875,0.07281,0.00511,-1.411403,0,0,0,0,0,0,0,0,0,0,0,0.0001022,8.77263299005745,0.000102194777935735,8.77352955314904
6030,8990,2.333333,173.27,0.07494999,0.005289,-1.414984,0,0,0,0,0,0,0,0,0,0,0,0.00010578,8.89559103547772,0.000105774405690252,8.89653201109745
6031,8990,2.4,175.675,0.07714999,0.005462,-1.420159,0,0,0,0,0,0,0,0,0,0,0,0.00010924,9.01906247565966,0.000109234033745709,9.0200477180445
6032,8990,2.466667,178.225,0.07945,0.005647,-1.417159,0,0,0,0,0,0,0,0,0,0,0,0.00011294,9.14997813988582,0.00011293362275831,9.15101153841694
6033,8990,2.533333,180.895,0.08165,0.005843,-1.418423,0,0,0,0,0,0,0,0,0,0,0,0.00011686,9.28705454125205,0.000116853172402218,9.28813982644574
6034,8990,2.6,183.605,0.08389,0.006022,-1.422844,0,0,0,0,0,0,0,0,0,0,0,0.00012044,9.42618452166495,0.000120432747685617,9.42731981132874
6035,8990,2.666667,186.21,0.08613,0.006197,-1.430654,0,0,0,0,0,0,0,0,0,0,0,0.00012394,9.55992385708031,0.000123932320072694,9.56110871404316
6036,8990,2.733333,188.95,0.08833,0.006345,-1.422042,0,0,0,0,0,0,0,0,0,0,0,0.0001269,9.70059402177823,0.000126891948876048,9.7018250271596
6037,8990,2.8,191.785,0.09057,0.006508,-1.416076,0,0,0,0,0,0,0,0,0,0,0,0.00013016,9.84614143671203,0.00013015152992227,9.84742301048144
6038,8990,2.866667,194.62,0.09279,0.006709,-1.412606,0,0,0,0,0,0,0,0,0,0,0,0.00013418,9.99168885164583,0.000134170998669085,9.99302953645595
6039,8990,2.933333,197.59,0.09499,0.006879,-1.415034,0,0,0,0,0,0,0,0,0,0,0,0.00013758,10.1441670958622,0.000137570536739842,10.1455627303712
6040,8990,3,200.72,0.09722999,0.007042,-1.415761,0,0,0,0,0,0,0,0,0,0,0,0.00014084,10.3048596562653,0.000140830082978362,10.3063109926993
6041,8990,3.066667,203.795,0.09945,0.007213,-1.412176,0,0,0,0,0,0,0,0,0,0,0,0.00014426,10.4627285454792,0.000144249595526717,10.4642378986992
6042,8990,3.133333,207.07,0.10169,0.007363,-1.414563,0,0,0,0,0,0,0,0,0,0,0,0.00014726,10.6308653299265,0.000147249158310645,10.632430831155
6043,8990,3.2,210.405,0.10389,0.007521,-1.411709,0,0,0,0,0,0,0,0,0,0,0,0.00015042,10.8020824829439,0.000150408688046133,10.803707332191
6044,8990,3.266667,213.825,0.10611,0.007709,-1.406189,0,0,0,0,0,0,0,0,0,0,0,0.00015418,10.9776634914355,0.000154168115485358,10.9793560275926
6045,8990,3.333333,217.205,0.10835,0.007854,-1.410194,0,0,0,0,0,0,0,0,0,0,0,0.00015708,11.1511909208803,0.000157067664228506,11.1529425499502
6046,8990,3.4,220.645,0.11057,0.00803,-1.412425,0,0,0,0,0,0,0,0,0,0,0,0.0001606,11.3277987188953,0.000160587105200651,11.3296179633695
6047,8990,3.466667,223.915,0.11277,0.008165,-1.411506,0,0,0,0,0,0,0,0,0,0,0,0.0001633,11.4956788059618,0.000163286668006478,11.4975560503108
6048,8990,3.533333,227.055,0.11501,0.008307,-1.411872,0,0,0,0,0,0,0,0,0,0,0,0.00016614,11.6568847611265,0.000166126200278562,11.6588214359607
6049,8990,3.6,229.825,0.11723,0.008439,-1.408335,0,0,0,0,0,0,0,0,0,0,0,0.00016878,11.7990951101095,0.000168765758258349,11.8010865613821
6050,8990,3.666667,232.195,0.11941,0.008579,-1.408745,0,0,0,0,0,0,0,0,0,0,0,0.00017158,11.9207696686255,0.000171565281835287,11.9228150342853
6051,8990,3.733333,234.31,0.12171,0.008669,-1.411804,0,0,0,0,0,0,0,0,0,0,0,0.00017338,12.029352660719,0.000173364971424768,12.0314383098833
6052,8990,3.8,235.955,0.12393,0.008763,-1.408283,0,0,0,0,0,0,0,0,0,0,0,0.00017526,12.1138060990139,0.000175244643760407,12.1159291646709
6053,8990,3.866667,237.475,0.12605,0.008847,-1.408745,0,0,0,0,0,0,0,0,0,0,0,0.00017694,12.191842102788,0.000176924347964501,12.1939993273296
6054,8990,3.933333,238.955,0.12837,0.00892,-1.407761,0,0,0,0,0,0,0,0,0,0,0,0.0001784,12.2678245275153,0.000178384088612389,12.270013107411
6055,8990,4,240.87,0.13065,0.008997,-1.399657,0,0,0,0,0,0,0,0,0,0,0,0.00017994,12.3661396243754,0.000179923812739984,12.3683647875394
6056,8990,4.066667,242.815,0.13277,0.009091,-1.397508,0,0,0,0,0,0,0,0,0,0,0,0.00018182,12.4659949055204,0.000181803472747203,12.4682614727141
6057,8990,4.133333,244.495,0.13503,0.009203,-1.392539,0,0,0,0,0,0,0,0,0,0,0,0.00018406,12.5522452254812,0.000184043063036488,12.5545555917374
6058,8990,4.2,246.355,0.13731,0.009302,-1.401145,0,0,0,0,0,0,0,0,0,0,0,0.00018604,12.647736651152,0.000186022696705235,12.6500896360786
6059,8990,4.266667,248.255,0.13945,0.009374,-1.409984,0,0,0,0,0,0,0,0,0,0,0,0.00018748,12.7452816558696,0.00018746242782096,12.7476711412744
6060,8990,4.333333,249.795,0.14167,0.009458,-1.416141,0,0,0,0,0,0,0,0,0,0,0,0.00018916,12.8243444491669,0.000189142111502934,12.8267703021629
6061,8990,4.4,251.4,0.14395,0.009524,-1.412281,0,0,0,0,0,0,0,0,0,0,0,0.00019048,12.9067443084152,0.00019046186098828,12.9092027850711
6062,8990,4.466667,253.105,0.14613,0.009626,-1.412776,0,0,0,0,0,0,0,0,0,0,0,0.00019252,12.9942781152801,0.000192501470402892,12.9967797737029
6063,8990,4.533333,254.735,0.14837,0.009704,-1.41914,0,0,0,0,0,0,0,0,0,0,0,0.00019408,13.0779614614325,0.000194061168913238,13.080499632193
6064,8990,4.6,256.37,0.15065,0.009796,-1.416052,0,0,0,0,0,0,0,0,0,0,0,0.00019592,13.1619015049658,0.00019590081018311,13.1644801847086
6065,8990,4.666667,258.105,0.15281,0.009885,-1.411759,0,0,0,0,0,0,0,0,0,0,0,0.0001977,13.2509754961158,0.000197680459930306,13.2535952139713
6066,8990,4.733333,259.605,0.15501,0.009939,-1.411309,0,0,0,0,0,0,0,0,0,0,0,0.00019878,13.3279847103664,0.000198760245873638,13.3306340471672
6067,8990,4.8,261.215,0.15731,0.010005,-1.414642,0,0,0,0,0,0,0,0,0,0,0,0.0002001,13.4106412669955,0.000200079982665304,13.413324736313
6068,8990,4.866667,263.005,0.15947,0.010084,-1.412811,0,0,0,0,0,0,0,0,0,0,0,0.00020168,13.5025389293347,0.000201659665322801,13.5052621213859
6069,8990,4.933333,264.74,0.16169,0.010155,-1.41354,0,0,0,0,0,0,0,0,0,0,0,0.0002031,13.5916129204846,0.000203079377987185,13.5943733770688
6070,8990,5,266.46,0.16399,0.010206,-1.41271,0,0,0,0,0,0,0,0,0,0,0,0.00020412,13.6799168194921,0.000204099170347281,13.6827091641133
6071,8990,5.066667,268.285,0.16619,0.010313,-1.404753,0,0,0,0,0,0,0,0,0,0,0,0.00020626,13.7736113634971,0.000206238731330636,13.7764523085769
6072,8990,5.133333,270,0.16837,0.010379,-1.405461,0,0,0,0,0,0,0,0,0,0,0,0.00020758,13.8616585651237,0.000207558458252935,13.8645359682087
6073,8990,5.2,271.79,0.17071,0.010443,-1.417386,0,0,0,0,0,0,0,0,0,0,0,0.00020886,13.9535562274629,0.000208838191786811,13.9564705672165
6074,8990,5.266667,273.735,0.17287,0.010521,-1.420579,0,0,0,0,0,0,0,0,0,0,0,0.00021042,14.0534115086079,0.000210397864816803,14.0563686274576
6075,8990,5.333333,275.505,0.175,0.010613,-1.418447,0,0,0,0,0,0,0,0,0,0,0,0.00021226,14.1442823814237,0.00021223747603351,14.147284646802
6076,8990,5.4,277.21,0.17731,0.010694,-1.424027,0,0,0,0,0,0,0,0,0,0,0,0.00021388,14.2318161882887,0.000213857130933565,14.234860089135
6077,8990,5.466667,279.11,0.17953,0.010745,-1.426878,0,0,0,0,0,0,0,0,0,0,0,0.0002149,14.3293611930062,0.000214876912302656,14.3324405727266
6078,8990,5.533333,280.99,0.1817,0.010809,-1.41388,0,0,0,0,0,0,0,0,0,0,0,0.00021618,14.4258794082004,0.000216156636470901,14.4289979948109
6079,8990,5.6,282.735,0.18397,0.010893,-1.419407,0,0,0,0,0,0,0,0,0,0,0,0.00021786,14.515466794112,0.000217836271956413,14.5186291337078
6080,8990,5.666667,284.525,0.18621,0.010964,-1.423402,0,0,0,0,0,0,0,0,0,0,0,0.00021928,14.6073644564512,0.000219255961654865,14.6105675593292
6081,8990,5.733333,286.33,0.1884,0.01103,-1.414673,0,0,0,0,0,0,0,0,0,0,0,0.0002206,14.7000322109329,0.000220575671397876,14.7032750380386
6082,8990,5.8,288.12,0.19063,0.011099,-1.410377,0,0,0,0,0,0,0,0,0,0,0,0.00022198,14.791929873272,0.000221955366085289,14.7952133858653
6083,8990,5.866667,289.78,0.19286,0.01115,-1.422506,0,0,0,0,0,0,0,0,0,0,0,0.000223,14.8771534037094,0.000222975139195988,14.8804710089185
6084,8990,5.933333,291.53,0.19506,0.011234,-1.425602,0,0,0,0,0,0,0,0,0,0,0,0.00022468,14.9669974870019,0.000224654763228949,14.9703602719973
6085,8990,6,293.24,0.19726,0.011318,-1.412303,0,0,0,0,0,0,0,0,0,0,0,0.00022636,15.0547879912477,0.000226334384440778,15.0581957930574
6086,8990,6.066667,295.09,0.19954,0.011399,-1.410424,0,0,0,0,0,0,0,0,0,0,0,0.00022798,15.1497660221569,0.000227954016508886,15.1532198658146
6087,8990,6.133333,297.1,0.20176,0.01144,-1.406925,0,0,0,0,0,0,0,0,0,0,0,0.0002288,15.2529583692528,0.00022877382927175,15.2564482461277
6088,8990,6.2,299.045,0.20396,0.011511,-1.402042,0,0,0,0,0,0,0,0,0,0,0,0.00023022,15.3528136503978,0.000230193503442361,15.3563481751564
6089,8990,6.266667,300.985,0.20624,0.011618,-1.407812,0,0,0,0,0,0,0,0,0,0,0,0.00023236,15.4524122341621,0.00023233300859631,15.4560027566688
6090,8990,6.333333,303.13,0.20844,0.011718,-1.397208,0,0,0,0,0,0,0,0,0,0,0,0.00023436,15.5625354105405,0.000234332541985256,15.5661826463394
6091,8990,6.4,305.245,0.21064,0.011794,-1.400871,0,0,0,0,0,0,0,0,0,0,0,0.00023588,15.671118402634,0.000235852184686731,15.6748149060428
6092,8990,6.466667,307.305,0.2129,0.011881,-1.399304,0,0,0,0,0,0,0,0,0,0,0,0.00023762,15.7768777235383,0.00023759177283932,15.780626625223
6093,8990,6.533333,309.52,0.2151,0.011959,-1.413769,0,0,0,0,0,0,0,0,0,0,0,0.00023918,15.8905946632485,0.000239151401023806,15.89439537568
6094,8990,6.6,311.655,0.21728,0.012018,-1.421007,0,0,0,0,0,0,0,0,0,0,0,0.00024036,16.0002044448653,0.000240331118163183,16.0040502540057
6095,8990,6.666667,313.765,0.21956,0.012104,-1.426927,0,0,0,0,0,0,0,0,0,0,0,0.00024208,16.1085307395779,0.000242050703364824,16.1124302926994
6096,8990,6.733333,315.98,0.22178,0.012196,-1.42017,0,0,0,0,0,0,0,0,0,0,0,0.00024392,16.2222476792881,0.000243890256353368,16.226204609942
6097,8990,6.8,318.22,0.2239,0.01227,-1.41947,0,0,0,0,0,0,0,0,0,0,0,0.0002454,16.3372481059025,0.000245369894345247,16.3412572665877
6098,8990,6.866667,320.2,0.2262,0.012346,-1.421071,0,0,0,0,0,0,0,0,0,0,0,0.00024692,16.4389002687134,0.000246889520273994,16.4429593619677
6099,8990,6.933333,322.355,0.22846,0.012395,-1.415778,0,0,0,0,0,0,0,0,0,0,0,0.0002479,16.5495368398535,0.000247869277872206,16.5536394700361
6100,8990,7,324.685,0.23062,0.012484,-1.422918,0,0,0,0,0,0,0,0,0,0,0,0.00024968,16.6691578193229,0.000249648835136217,16.6733197746473
6101,8990,7.066667,326.6,0.23286,0.012591,-1.420206,0,0,0,0,0,0,0,0,0,0,0,0.00025182,16.767472916183,0.000251788298665611,16.7716953012127
6102,8990,7.133333,328.625,0.23514,0.012675,-1.41526,0,0,0,0,0,0,0,0,0,0,0,0.0002535,16.8714353554214,0.000253467874304035,16.875712264284
6103,8990,7.2,330.84,0.23732,0.012769,-1.41428,0,0,0,0,0,0,0,0,0,0,0,0.00025538,16.9851522951316,0.000255347396078635,16.9894899633247
6104,8990,7.266667,332.79,0.23952,0.01284,-1.425459,0,0,0,0,0,0,0,0,0,0,0,0.0002568,17.0852642736575,0.000256767032523968,17.0896517695229
6105,8990,7.333333,334.685,0.24178,0.012899,-1.415127,0,0,0,0,0,0,0,0,0,0,0,0.00025798,17.1825525809942,0.000257946728881857,17.186985335909
6106,8990,7.4,336.68,0.24398,0.012952,-1.409462,0,0,0,0,0,0,0,0,0,0,0,0.00025904,17.2849748359476,0.000259006454932073,17.2894523358291
6107,8990,7.466667,338.555,0.24622,0.013031,-1.41125,0,0,0,0,0,0,0,0,0,0,0,0.00026062,17.3812363537609,0.000260586044507259,17.3857662515795
6108,8990,7.533333,340.245,0.2485,0.013077,-1.401583,0,0,0,0,0,0,0,0,0,0,0,0.00026154,17.4680000684834,0.000261505804376313,17.4725686492213
6109,8990,7.6,341.85,0.25068,0.01312,-1.393947,0,0,0,0,0,0,0,0,0,0,0,0.0002624,17.5503999277316,0.00026236557914122,17.5550051526727
6110,8990,7.666667,343.17,0.25288,0.013186,-1.392859,0,0,0,0,0,0,0,0,0,0,0,0.00026372,17.6181680362722,0.000263685231993312,17.6228142995468
6111,8990,7.733333,344.615,0.25514,0.01327,-1.394132,0,0,0,0,0,0,0,0,0,0,0,0.0002654,17.6923535793337,0.000265364787650072,17.6970491299737
6112,8990,7.8,346.03,0.2573,0.013303,-1.395979,0,0,0,0,0,0,0,0,0,0,0,0.00026606,17.7649989381102,0.000266024612314849,17.7697254937277
6113,8990,7.866667,347.21,0.25954,0.013347,-1.395119,0,0,0,0,0,0,0,0,0,0,0,0.00026694,17.8255795199874,0.000266904377857313,17.8303378801845
6114,8990,7.933333,348.495,0.26184,0.01338,-1.393802,0,0,0,0,0,0,0,0,0,0,0,0.0002676,17.8915507468622,0.000267564201506232,17.896338525842
6115,8990,8,350.05,0.264,0.013423,-1.404894,0,0,0,0,0,0,0,0,0,0,0,0.00026846,17.971383632302,0.000268423971062301,17.976208229952
6116,8990,8.066667,351.305,0.26622,0.013479,-1.4062,0,0,0,0,0,0,0,0,0,0,0,0.00026958,18.0358146748918,0.000269543669841012,18.0406767698118
6117,8990,8.133333,352.66,0.26852,0.013543,-1.395514,0,0,0,0,0,0,0,0,0,0,0,0.00027086,18.1053796650982,0.000270823324052843,18.1102836882343
6118,8990,8.2,353.93,0.2707,0.013573,-1.387918,0,0,0,0,0,0,0,0,0,0,0,0.00027146,18.1705807998305,0.000271423161400854,18.1755133856944
6119,8990,8.266666,355.195,0.27284,0.013639,-1.388448,0,0,0,0,0,0,0,0,0,0,0,0.00027278,18.2355252371819,0.000272742802300144,18.2404995237561
6120,8990,8.333333,356.245,0.27514,0.013662,-1.394207,0,0,0,0,0,0,0,0,0,0,0,0.00027324,18.2894316871574,0.000273202676749912,18.2944290914716
6121,8990,8.4,357.6,0.27738,0.013733,-1.394679,0,0,0,0,0,0,0,0,0,0,0,0.00027466,18.3589966773638,0.000274622287847482,18.3640391593912
6122,8990,8.466666,358.63,0.27956,0.013749,-1.391774,0,0,0,0,0,0,0,0,0,0,0,0.00027498,18.411876337816,0.000274942199929075,18.4169392355713
6123,8990,8.533334,359.665,0.2818,0.013779,-1.393169,0,0,0,0,0,0,0,0,0,0,0,0.00027558,18.465012695649,0.000275542034806658,18.4701012838476
6124,8990,8.6,360.68,0.28404,0.013807,-1.399614,0,0,0,0,0,0,0,0,0,0,0,0.00027614,18.5171222639586,0.000276101880367589,18.5222355821006
6125,8990,8.666667,361.81,0.28626,0.013861,-1.398228,0,0,0,0,0,0,0,0,0,0,0,0.00027722,18.5751358720274,0.00027718158163594,18.5802852711939
6126,8990,8.733334,362.84,0.2885,0.013891,-1.399501,0,0,0,0,0,0,0,0,0,0,0,0.00027782,18.6280155324796,0.000277781415170044,18.6331907677548
6127,8990,8.8,363.99,0.2907,0.013927,-1.400245,0,0,0,0,0,0,0,0,0,0,0,0.00027854,18.6870559300718,0.00027850121493621,18.6922610226305
6128,8990,8.866667,365.125,0.2929,0.013945,-1.394181,0,0,0,0,0,0,0,0,0,0,0,0.0002789,18.7453262355215,0.000278861114625001,18.7505543070085
6129,8990,8.933333,366.485,0.29512,0.013985,-1.400448,0,0,0,0,0,0,0,0,0,0,0,0.0002797,18.8151479231087,0.000279660891247414,18.8204105199828
6130,8990,9,367.79,0.29738,0.014052,-1.403061,0,0,0,0,0,0,0,0,0,0,0,0.00028104,18.8821459395068,0.000281000515656768,18.8874525778017
6131,8990,9.066667,369.37,0.2996,0.014095,-1.402184,0,0,0,0,0,0,0,0,0,0,0,0.0002819,18.9632623118509,0.000281860273660785,18.9686080554966
6132,8990,9.133333,370.77,0.3018,0.014118,-1.397818,0,0,0,0,0,0,0,0,0,0,0,0.00028236,19.0351375784849,0.000282320143917458,19.0405123399315
6133,8990,9.2,372.355,0.30406,0.014166,-1.39024,0,0,0,0,0,0,0,0,0,0,0,0.00028332,19.1165106482098,0.000283279872467996,19.1219267380066
6134,8990,9.266666,373.91,0.30626,0.014194,-1.389956,0,0,0,0,0,0,0,0,0,0,0,0.00028388,19.1963435336496,0.000283839713696951,19.201792991652
6135,8990,9.333333,375.51,0.30846,0.01423,-1.392576,0,0,0,0,0,0,0,0,0,0,0,0.0002846,19.278486695517,0.00028455950910237,19.2839733528306
6136,8990,9.4,376.955,0.31072,0.014276,-1.397606,0,0,0,0,0,0,0,0,0,0,0,0.00028552,19.3526722385785,0.000285479246921867,19.3581978135561
6137,8990,9.466666,378.425,0.31294,0.014286,-1.392631,0,0,0,0,0,0,0,0,0,0,0,0.00028572,19.4281412685442,0.000285679189814073,19.4336922770675
6138,8990,9.533334,379.74,0.31512,0.014321,-1.392478,0,0,0,0,0,0,0,0,0,0,0,0.00028642,19.495652679704,0.000286378989622306,19.5012366245445
6139,8990,9.6,380.975,0.31738,0.014349,-1.398547,0,0,0,0,0,0,0,0,0,0,0,0.00028698,19.5590569327704,0.000286938829116473,19.5646699909289
6140,8990,9.666667,382.14,0.31966,0.014354,-1.395135,0,0,0,0,0,0,0,0,0,0,0,0.00028708,19.6188674225051,0.000287038800421767,19.6244996069647
6141,8990,9.733334,383.385,0.32178,0.014382,-1.395163,0,0,0,0,0,0,0,0,0,0,0,0.00028764,19.6827850703332,0.000287598639546324,19.6884466266308
6142,8990,9.8,384.225,0.32404,0.014388,-1.388838,0,0,0,0,0,0,0,0,0,0,0,0.00028776,19.7259102303135,0.000287718605032191,19.7315865582414
6143,8990,9.866667,385.315,0.32634,0.014408,-1.385325,0,0,0,0,0,0,0,0,0,0,0,0.00028816,19.7818702593357,0.000288118489881361,19.7875706030696
6144,8990,9.933333,386.34,0.3285,0.014426,-1.385417,0,0,0,0,0,0,0,0,0,0,0,0.00028852,19.834493222407,0.000288478386108915,19.8402158703915
6145,8990,10,387.1,0.33068,0.014441,-1.398026,0,0,0,0,0,0,0,0,0,0,0,0.00028882,19.873511224294,0.00028877829953286,19.8792510918058
6146,8990,10.06667,387.955,0.33298,0.014456,-1.391802,0,0,0,0,0,0,0,0,0,0,0,0.00028912,19.9174064764169,0.000289078212866857,19.9231649969774
6147,8990,10.13333,388.71,0.33516,0.014477,-1.391534,0,0,0,0,0,0,0,0,0,0,0,0.00028954,19.9561677809231,0.000289498091383518,19.9619458897424
6148,8990,10.2,389.295,0.33734,0.014482,-1.392463,0,0,0,0,0,0,0,0,0,0,0,0.00028964,19.9862013744809,0.00028959806243296,19.991990177847
6149,8990,10.26667,390.085,0.33966,0.014484,-1.394761,0,0,0,0,0,0,0,0,0,0,0,0.00028968,20.0267595606529,0.000289638050849894,20.0325609123624
6150,8990,10.33333,390.825,0.34186,0.014502,-1.393185,0,0,0,0,0,0,0,0,0,0,0,0.00029004,20.0647507730166,0.000289997946530565,20.0705703533308
6151,8990,10.4,391.33,0.34402,0.014515,-1.389947,0,0,0,0,0,0,0,0,0,0,0,0.0002903,20.090677208481,0.000290257871108224,20.0965095320746
6152,8990,10.46667,391.935,0.34634,0.01453,-1.388592,0,0,0,0,0,0,0,0,0,0,0,0.0002906,20.1217375915621,0.000290557783998478,20.1275849685062
6153,8990,10.53333,392.65,0.34854,0.014538,-1.386662,0,0,0,0,0,0,0,0,0,0,0,0.00029076,20.1584453170216,0.000290717737503109,20.1643065865819
6154,8990,10.6,393.08,0.35066,0.014563,-1.39973,0,0,0,0,0,0,0,0,0,0,0,0.00029126,20.1805212917734,0.00029121759204051,20.1863990704049
6155,8990,10.66667,393.81,0.353,0.014571,-1.39544,0,0,0,0,0,0,0,0,0,0,0,0.00029142,20.2179991093754,0.000291377545439603,20.2238910386759
6156,8990,10.73333,394.61,0.35518,0.014591,-1.385479,0,0,0,0,0,0,0,0,0,0,0,0.00029182,20.2590706903091,0.000291777428825621,20.264982692318
6157,8990,10.8,395.14,0.35736,0.014617,-1.380899,0,0,0,0,0,0,0,0,0,0,0,0.00029234,20.2862806126777,0.000292297276988318,20.292211103952
6158,8990,10.86667,395.765,0.3597,0.014627,-1.372704,0,0,0,0,0,0,0,0,0,0,0,0.00029254,20.3183677852822,0.000292497218517534,20.3243117205941
6159,8990,10.93333,396.445,0.36188,0.01465,-1.380977,0,0,0,0,0,0,0,0,0,0,0,0.000293,20.3532786290758,0.000292957083882842,20.3592421397141
6160,8990,11,396.99,0.36404,0.014647,-1.388778,0,0,0,0,0,0,0,0,0,0,0,0.00029294,20.3812586435869,0.000292897101455814,20.3872291294939
6161,8990,11.06667,397.585,0.36636,0.014665,-1.391188,0,0,0,0,0,0,0,0,0,0,0,0.0002933,20.4118056319063,0.000293256995963569,20.4177924144982
6162,8990,11.13333,398.285,0.36858,0.01468,-1.389776,0,0,0,0,0,0,0,0,0,0,0,0.0002936,20.4477432652233,0.000293556907954348,20.453746722646
6163,8990,11.2,398.84,0.37068,0.014662,-1.385758,0,0,0,0,0,0,0,0,0,0,0,0.00029324,20.4762366744961,0.000293197013554531,20.4822411261385
6164,8990,11.26667,399.415,0.37298,0.014698,-1.385208,0,0,0,0,0,0,0,0,0,0,0,0.00029396,20.5057568732922,0.000293916802224642,20.5117847455826
6165,8990,11.33333,400.12,0.37524,0.014741,-1.389823,0,0,0,0,0,0,0,0,0,0,0,0.00029482,20.54195120399,0.000294776549123633,20.5480073820439
6166,8990,11.4,400.72,0.37742,0.014739,-1.383741,0,0,0,0,0,0,0,0,0,0,0,0.00029478,20.5727548896903,0.000294736560912179,20.5788193263766
6167,8990,11.46667,401.23,0.37964,0.014731,-1.384538,0,0,0,0,0,0,0,0,0,0,0,0.00029462,20.5989380225355,0.000294576608050371,20.6050068816557
6168,8990,11.53333,401.95,0.3819,0.014746,-1.385881,0,0,0,0,0,0,0,0,0,0,0,0.00029492,20.6359024453758,0.000294876519645384,20.641988385725
6169,8990,11.6,402.41,0.38412,0.01478,-1.389584,0,0,0,0,0,0,0,0,0,0,0,0.0002956,20.6595186044127,0.000295556318927934,20.6656255581122
6170,8990,11.66667,402.955,0.38632,0.014777,-1.393598,0,0,0,0,0,0,0,0,0,0,0,0.00029554,20.6874986189238,0.000295496336656814,20.6936126022656
6171,8990,11.73333,403.605,0.38856,0.014782,-1.393672,0,0,0,0,0,0,0,0,0,0,0,0.00029564,20.7208692784324,0.000295596307106607,20.7269951962259
6172,8990,11.8,404.26,0.39076,0.014797,-1.38898,0,0,0,0,0,0,0,0,0,0,0,0.00029594,20.7544966353219,0.0002958962183958,20.7606387210561
6173,8990,11.86667,404.835,0.39297,0.014802,-1.389888,0,0,0,0,0,0,0,0,0,0,0,0.00029604,20.784016834118,0.000295996188805617,20.7901697344615
6174,8990,11.93333,405.42,0.39524,0.014813,-1.390775,0,0,0,0,0,0,0,0,0,0,0,0.00029626,20.8140504276757,0.000296216123671902,20.8202167982555
6175,8990,12,406.045,0.39746,0.014833,-1.392386,0,0,0,0,0,0,0,0,0,0,0,0.00029666,20.8461376002802,0.000296616005123058,20.8523218154607
6176,8990,12.06667,406.705,0.39963,0.014863,-1.39793,0,0,0,0,0,0,0,0,0,0,0,0.00029726,20.8800216545505,0.00029721582699986,20.8862284497875
6177,8990,12.13333,407.355,0.40192,0.014879,-1.393543,0,0,0,0,0,0,0,0,0,0,0,0.00029758,20.9133923140591,0.000297535731853812,20.919615721344
6178,8990,12.2,408.07,0.40414,0.014889,-1.39656,0,0,0,0,0,0,0,0,0,0,0,0.00029778,20.9501000395186,0.000297735672335424,20.9563385603084
6179,8990,12.26667,408.74,0.40631,0.014884,-1.400859,0,0,0,0,0,0,0,0,0,0,0,0.00029768,20.9844974885506,0.000297635702099726,20.990744153763
6180,8990,12.33333,409.385,0.40858,0.014909,-1.398193,0,0,0,0,0,0,0,0,0,0,0,0.00029818,21.0176114506784,0.000298135553178942,21.0238784820608
6181,8990,12.4,410.01,0.41081,0.014912,-1.396072,0,0,0,0,0,0,0,0,0,0,0,0.00029824,21.0496986232829,0.000298195535291755,21.0559764854003
6182,8990,12.46667,410.655,0.41299,0.014925,-1.393731,0,0,0,0,0,0,0,0,0,0,0,0.0002985,21.0828125854106,0.000298455457738669,21.0891058049674
6183,8990,12.53333,411.335,0.41525,0.01497,-1.391506,0,0,0,0,0,0,0,0,0,0,0,0.0002994,21.1177234292043,0.00029935518876416,21.124046075599
6184,8990,12.6,411.98,0.4175,0.014965,-1.392886,0,0,0,0,0,0,0,0,0,0,0,0.0002993,21.1508373913321,0.000299255218690144,21.1571678369633
6185,8990,12.66667,412.62,0.41965,0.014991,-1.391512,0,0,0,0,0,0,0,0,0,0,0,0.00029982,21.183694656079,0.000299775062965541,21.1900459514108
6186,8990,12.73333,413.185,0.42189,0.015011,-1.388816,0,0,0,0,0,0,0,0,0,0,0,0.00030022,21.2127014601135,0.000300174942993546,21.2190699373458
6187,8990,12.8,413.885,0.42419,0.015024,-1.388456,0,0,0,0,0,0,0,0,0,0,0,0.00030048,21.2486390934305,0.000300434864925968,21.2550238845053
6188,8990,12.86667,414.63,0.42635,0.015044,-1.392524,0,0,0,0,0,0,0,0,0,0,0,0.00030088,21.286887003175,0.000300834744690132,21.2932918017365
6189,8990,12.93333,415.165,0.42851,0.015054,-1.396077,0,0,0,0,0,0,0,0,0,0,0,0.00030108,21.3143536229244,0.000301034684512361,21.3207709485132
6190,8990,13,415.87,0.43081,0.015098,-1.396313,0,0,0,0,0,0,0,0,0,0,0,0.00030196,21.3505479536222,0.000301914419254723,21.3569949650823
6191,8990,13.06667,416.57,0.43303,0.015095,-1.386328,0,0,0,0,0,0,0,0,0,0,0,0.0003019,21.3864855869392,0.000301854437364975,21.3929421669379
6192,8990,13.13333,417.05,0.43519,0.015103,-1.381094,0,0,0,0,0,0,0,0,0,0,0,0.00030206,21.4111285354994,0.000302014389062899,21.4175959809848
6193,8990,13.2,417.685,0.43751,0.015121,-1.388404,0,0,0,0,0,0,0,0,0,0,0,0.00030242,21.4437291028655,0.000302374280289185,21.4502141154208
6194,8990,13.26667,418.345,0.43969,0.015121,-1.390914,0,0,0,0,0,0,0,0,0,0,0,0.00030242,21.4776131571358,0.000302374280289185,21.4841084169068
6195,8990,13.33333,418.74,0.44189,0.015118,-1.389172,0,0,0,0,0,0,0,0,0,0,0,0.00030236,21.4978922502219,0.000302314298427243,21.5043923529226
6196,8990,13.4,419.29,0.44419,0.015154,-1.382816,0,0,0,0,0,0,0,0,0,0,0,0.00030308,21.5261289621138,0.000303034080534647,21.5326531012796
6197,8990,13.46667,419.99,0.44639,0.015179,-1.378997,0,0,0,0,0,0,0,0,0,0,0,0.00030358,21.5620665954308,0.000303533928915707,21.5686124076078
6198,8990,13.53333,420.48,0.44855,0.015169,-1.391885,0,0,0,0,0,0,0,0,0,0,0,0.00030338,21.5872229387526,0.000303333989593398,21.5937720704478
6199,8990,13.6,421.065,0.45085,0.015194,-1.401044,0,0,0,0,0,0,0,0,0,0,0,0.00030388,21.6172565323104,0.000303833837824328,21.6238255842255
6200,8990,13.66667,421.72,0.45303,0.015222,-1.392205,0,0,0,0,0,0,0,0,0,0,0,0.00030444,21.6508838891999,0.000304393667546669,21.6574752842911
6201,8990,13.73333,422.175,0.45523,0.015245,-1.387651,0,0,0,0,0,0,0,0,0,0,0,0.0003049,21.6742433508559,0.000304853527441024,21.6808518276536
6202,8990,13.8,422.785,0.45753,0.015268,-1.384131,0,0,0,0,0,0,0,0,0,0,0,0.00030536,21.7055604313179,0.000305313387124129,21.7121884412512
6203,8990,13.86667,423.51,0.45973,0.015289,-1.384397,0,0,0,0,0,0,0,0,0,0,0,0.00030578,21.742781551539,0.000305733258823824,21.7494300592819
6204,8990,13.93333,424.02,0.46191,0.015281,-1.387621,0,0,0,0,0,0,0,0,0,0,0,0.00030562,21.7689646843843,0.00030557330772096,21.7756177153711
6205,8990,14,424.565,0.46419,0.015271,-1.388596,0,0,0,0,0,0,0,0,0,0,0,0.00030542,21.7969446988954,0.000305373368806181,21.8036019217453
6206,8990,14.06667,425.145,0.46641,0.015309,-1.390956,0,0,0,0,0,0,0,0,0,0,0,0.00030618,21.8267215950723,0.000306133136469274,21.8334045006903
6207,8990,14.13333,425.725,0.46855,0.015332,-1.390705,0,0,0,0,0,0,0,0,0,0,0,0.00030664,21.8564984912492,0.000306592995563939,21.8632005679466
6208,8990,14.2,426.365,0.47079,0.015322,-1.390375,0,0,0,0,0,0,0,0,0,0,0,0.00030644,21.8893557559962,0.000306393056853035,21.896063530174
6209,8990,14.26667,427.155,0.47307,0.015347,-1.392194,0,0,0,0,0,0,0,0,0,0,0,0.00030694,21.9299139421682,0.00030689290355512,21.9366451099536
6210,8990,14.33333,427.77,0.47527,0.015357,-1.384991,0,0,0,0,0,0,0,0,0,0,0,0.00030714,21.961487720011,0.000307092842166086,21.9682329713493
6211,8990,14.4,428.41,0.47747,0.015383,-1.386371,0,0,0,0,0,0,0,0,0,0,0,0.00030766,21.9943449847579,0.000307612682367156,22.001111764936
6212,8990,14.46667,429.165,0.47975,0.015411,-1.391731,0,0,0,0,0,0,0,0,0,0,0,0.00030822,22.0331062892641,0.00030817250997377,22.0398973332846
6213,8990,14.53333,429.85,0.48197,0.015446,-1.39498,0,0,0,0,0,0,0,0,0,0,0,0.00030892,22.0682738304386,0.000308872294041365,22.0750911615903
6214,8990,14.6,430.54,0.48419,0.015439,-1.396651,0,0,0,0,0,0,0,0,0,0,0,0.00030878,22.1036980689939,0.000308732337266978,22.1105232488837
6215,8990,14.66667,431.275,0.48641,0.015457,-1.397306,0,0,0,0,0,0,0,0,0,0,0,0.00030914,22.1414325839768,0.000309092226075764,22.1482773864458
6216,8990,14.73333,432.09,0.48861,0.015485,-1.399628,0,0,0,0,0,0,0,0,0,0,0,0.0003097,22.183274257053,0.000309652052854311,22.1901444170904
6217,8990,14.8,432.91,0.49083,0.0155,-1.397738,0,0,0,0,0,0,0,0,0,0,0,0.00031,22.22537262751,0.000309951959928058,22.2322624930245
6218,8990,14.86667,433.635,0.49309,0.015515,-1.4031,0,0,0,0,0,0,0,0,0,0,0,0.0003103,22.2625937477312,0.00031025186691186,22.2695018305711
6219,8990,14.93333,434.44,0.49531,0.015533,-1.409184,0,0,0,0,0,0,0,0,0,0,0,0.00031066,22.3039220260457,0.000310611755173785,22.3108509624623
6220,8990,15,435.185,0.49749,0.015553,-1.398208,0,0,0,0,0,0,0,0,0,0,0,0.00031106,22.3421699357902,0.000311011630868438,22.3491196911704
6221,8990,15.06667,435.865,0.49975,0.015553,-1.381905,0,0,0,0,0,0,0,0,0,0,0,0.00031106,22.3770807795839,0.000311011630868438,22.3840413943312
6222,8990,15.13333,436.65,0.50197,0.015602,-1.379092,0,0,0,0,0,0,0,0,0,0,0,0.00031204,22.4173822683751,0.00031199132564457,22.4243773883381
6223,8990,15.2,437.365,0.50417,0.015619,-1.38668,0,0,0,0,0,0,0,0,0,0,0,0.00031238,22.4540899938346,0.000312331219526233,22.4611042024668
6224,8990,15.26667,438.08,0.50641,0.015635,-1.389564,0,0,0,0,0,0,0,0,0,0,0,0.0003127,22.490797719294,0.000312651119544735,22.4978305917409
6225,8990,15.33333,438.785,0.50863,0.015624,-1.390816,0,0,0,0,0,0,0,0,0,0,0,0.00031248,22.5269920499919,0.000312431188293049,22.5340312844677
6226,8990,15.4,439.615,0.51083,0.015635,-1.389555,0,0,0,0,0,0,0,0,0,0,0,0.0003127,22.5696038152106,0.000312651119544735,22.5766613303236
6227,8990,15.46667,440.34,0.51305,0.015632,-1.395942,0,0,0,0,0,0,0,0,0,0,0,0.00031264,22.6068249354317,0.000312591138298991,22.6138927331796
6228,8990,15.53333,441.07,0.51535,0.01565,-1.406742,0,0,0,0,0,0,0,0,0,0,0,0.000313,22.6443027530337,0.000312951025719041,22.6513904197954
6229,8990,15.6,441.895,0.51751,0.015686,-1.404226,0,0,0,0,0,0,0,0,0,0,0,0.00031372,22.6866578208716,0.000313670800170584,22.6937750791632
6230,8990,15.66667,442.565,0.51969,0.015696,-1.401402,0,0,0,0,0,0,0,0,0,0,0,0.00031392,22.7210552699036,0.000313870737426169,22.7281878635739
6231,8990,15.73333,443.34,0.52203,0.015706,-1.395407,0,0,0,0,0,0,0,0,0,0,0,0.00031412,22.7608433639331,0.000314070674642002,22.7679930000506
6232,8990,15.8,444.24,0.52425,0.015742,-1.400016,0,0,0,0,0,0,0,0,0,0,0,0.00031484,22.8070488924835,0.000314790448287429,22.8142294637568
6233,8990,15.86667,444.855,0.52639,0.015739,-1.396123,0,0,0,0,0,0,0,0,0,0,0,0.00031478,22.8386226703263,0.000314730467170227,22.8458118119705
6234,8990,15.93333,445.51,0.52867,0.015762,-1.395225,0,0,0,0,0,0,0,0,0,0,0,0.00031524,22.8722500272158,0.000315190322311128,22.8794602753144
6235,8990,16,446.345,0.53089,0.015759,-1.392311,0,0,0,0,0,0,0,0,0,0,0,0.00031518,22.9151184898153,0.000315130341217911,22.922340876861
6236,8990,16.06667,447.07,0.53303,0.015762,-1.395396,0,0,0,0,0,0,0,0,0,0,0,0.00031524,22.9523396100365,0.000315190322311128,22.9595751055752
6237,8990,16.13333,447.695,0.53533,0.015798,-1.404026,0,0,0,0,0,0,0,0,0,0,0,0.00031596,22.9844267826409,0.000315910095150885,22.9916889421272
6238,8990,16.2,448.525,0.53755,0.0158,-1.402938,0,0,0,0,0,0,0,0,0,0,0,0.000316,23.0270385478597,0.000315950082515656,23.0343150920408
6239,8990,16.26667,449.18,0.53971,0.01582,-1.393631,0,0,0,0,0,0,0,0,0,0,0,0.0003164,23.0606659047491,0.000316349956075648,23.0679622994414
6240,8990,16.33333,449.835,0.54203,0.015851,-1.400751,0,0,0,0,0,0,0,0,0,0,0,0.00031702,23.0942932616386,0.000316969759777624,23.1016146144884
6241,8990,16.4,450.65,0.54427,0.015874,-1.396313,0,0,0,0,0,0,0,0,0,0,0,0.00031748,23.1361349347148,0.000317429613888998,23.1434801948339
6242,8990,16.46667,451.305,0.54639,0.015882,-1.392532,0,0,0,0,0,0,0,0,0,0,0,0.00031764,23.1697622916043,0.000317589563095444,23.1771219348986
6243,8990,16.53333,451.99,0.54865,0.015899,-1.384811,0,0,0,0,0,0,0,0,0,0,0,0.00031798,23.2049298327788,0.000317929455074306,23.212308536367
6244,8990,16.6,452.825,0.55091,0.015925,-1.387118,0,0,0,0,0,0,0,0,0,0,0,0.0003185,23.2477982953783,0.000318449289642324,23.2552027191354
6245,8990,16.66667,453.45,0.55305,0.015935,-1.387335,0,0,0,0,0,0,0,0,0,0,0,0.0003187,23.2798854679828,0.000318649225942513,23.2873047674814
6246,8990,16.73333,454.005,0.55535,0.015938,-1.393174,0,0,0,0,0,0,0,0,0,0,0,0.00031876,23.3083788772555,0.000318709206824886,23.3158086561064
6247,8990,16.8,454.845,0.55759,0.015958,-1.390507,0,0,0,0,0,0,0,0,0,0,0,0.00031916,23.3515040372359,0.000319109079281579,23.3589569032644
6248,8990,16.86667,455.61,0.55975,0.015983,-1.381137,0,0,0,0,0,0,0,0,0,0,0,0.00031966,23.3907787365037,0.000319608919627422,23.3982558328347
6249,8990,16.93333,456.245,0.56203,0.015971,-1.381394,0,0,0,0,0,0,0,0,0,0,0,0.00031942,23.4233793038699,0.000319368996292651,23.4308611996871
6250,8990,17,456.96,0.56431,0.015999,-1.388079,0,0,0,0,0,0,0,0,0,0,0,0.00031998,23.4600870293294,0.000319928817317796,23.467593787977
6251,8990,17.06667,457.605,0.56643,0.016037,-1.387469,0,0,0,0,0,0,0,0,0,0,0,0.00032074,23.4932009914572,0.000320688573922215,23.5007362007432
6252,8990,17.13333,458.215,0.56861,0.016044,-1.384075,0,0,0,0,0,0,0,0,0,0,0,0.00032088,23.5245180719191,0.000320828529023256,23.532066619278
6253,8990,17.2,458.945,0.57095,0.016044,-1.3828,0,0,0,0,0,0,0,0,0,0,0,0.00032088,23.5619958895211,0.000320828529023256,23.5695564627621
6254,8990,17.26667,459.725,0.57315,0.01608,-1.381821,0,0,0,0,0,0,0,0,0,0,0,0.0003216,23.6020406809315,0.000321548297804576,23.6096310972145
6255,8990,17.33333,460.27,0.57531,0.016108,-1.38678,0,0,0,0,0,0,0,0,0,0,0,0.00032216,23.6300206954425,0.000322108117609926,23.6376333429098
6256,8990,17.4,460.955,0.57759,0.016095,-1.380919,0,0,0,0,0,0,0,0,0,0,0,0.0003219,23.665188236617,0.000321848201310798,23.6728060607104
6257,8990,17.46667,461.755,0.57983,0.016144,-1.373963,0,0,0,0,0,0,0,0,0,0,0,0.00032288,23.7062598175507,0.000322827885470239,23.7139140947206
6258,8990,17.53333,462.35,0.58199,0.016141,-1.380719,0,0,0,0,0,0,0,0,0,0,0,0.00032282,23.7368068058702,0.000322767904835129,23.7444695218432
6259,8990,17.6,463.08,0.58425,0.016151,-1.380563,0,0,0,0,0,0,0,0,0,0,0,0.00032302,23.7742846234722,0.000322967840271873,23.7819641928912
6260,8990,17.66667,463.835,0.58645,0.016182,-1.377354,0,0,0,0,0,0,0,0,0,0,0,0.00032364,23.8130459279783,0.000323587639872075,23.8207527821625
6261,8990,17.73333,464.375,0.58867,0.016172,-1.375684,0,0,0,0,0,0,0,0,0,0,0,0.00032344,23.8407692451086,0.000323387704559251,23.8484803035132
6262,8990,17.8,465.145,0.59091,0.016182,-1.37077,0,0,0,0,0,0,0,0,0,0,0,0.00032364,23.8803006417573,0.000323587639872075,23.888029262257
6263,8990,17.86667,465.895,0.59315,0.016202,-1.380356,0,0,0,0,0,0,0,0,0,0,0,0.00032404,23.9188052488826,0.000323987510378022,23.9265558985355
6264,8990,17.93333,466.575,0.59533,0.01621,-1.382465,0,0,0,0,0,0,0,0,0,0,0,0.0003242,23.9537160926763,0.000324147458535763,23.9614818874335
6265,8990,18,467.17,0.59759,0.016228,-1.376973,0,0,0,0,0,0,0,0,0,0,0,0.00032456,23.9842630809957,0.000324507341796641,23.9920474134213
6266,8990,18.06667,467.825,0.59981,0.016248,-1.371623,0,0,0,0,0,0,0,0,0,0,0,0.00032496,24.0178904378852,0.000324907211934827,24.0256952915619
6267,8990,18.13333,468.41,0.60203,0.016271,-1.366992,0,0,0,0,0,0,0,0,0,0,0,0.00032542,24.0479240314429,0.000325367062396146,24.0557497068813
6268,8990,18.2,469.05,0.60427,0.016279,-1.370159,0,0,0,0,0,0,0,0,0,0,0,0.00032558,24.0807812961899,0.000325527010333008,24.0886215169643
6269,8990,18.26667,469.69,0.60649,0.016276,-1.374967,0,0,0,0,0,0,0,0,0,0,0,0.00032552,24.1136385609369,0.000325467029859794,24.1214880325612
6270,8990,18.33333,470.425,0.60869,0.016291,-1.369738,0,0,0,0,0,0,0,0,0,0,0,0.00032582,24.1513730759197,0.000325766932190555,24.1592420762953
6271,8990,18.4,470.975,0.61092,0.016296,-1.372884,0,0,0,0,0,0,0,0,0,0,0,0.00032592,24.1796097878116,0.000325866899614229,24.1874904062337
6272,8990,18.46667,471.645,0.61319,0.016296,-1.381448,0,0,0,0,0,0,0,0,0,0,0,0.00032592,24.2140072368436,0.000325866899614229,24.2218990660822
6273,8990,18.53333,472.305,0.61538,0.016314,-1.381981,0,0,0,0,0,0,0,0,0,0,0,0.00032628,24.2478912911139,0.00032622678225631,24.2558028930844
6274,8990,18.6,472.84,0.61754,0.016324,-1.382833,0,0,0,0,0,0,0,0,0,0,0,0.00032648,24.2753579108633,0.000326426717001725,24.283283329714
6275,8990,18.66667,473.435,0.61985,0.016345,-1.37715,0,0,0,0,0,0,0,0,0,0,0,0.0003269,24.3059048991827,0.000326846579836625,24.3138504994943
6276,8990,18.73333,474.11,0.62209,0.016368,-1.37139,0,0,0,0,0,0,0,0,0,0,0,0.00032736,24.3405590455956,0.000327306429406126,24.3485271710047
6277,8990,18.8,474.68,0.62424,0.016365,-1.373973,0,0,0,0,0,0,0,0,0,0,0,0.0003273,24.3698225470108,0.00032724644903942,24.3777987899304
6278,8990,18.86667,475.195,0.6265,0.016388,-1.37697,0,0,0,0,0,0,0,0,0,0,0,0.00032776,24.3962623772369,0.000327706298425042,24.4042584961936
6279,8990,18.93333,475.845,0.62874,0.016436,-1.380325,0,0,0,0,0,0,0,0,0,0,0,0.00032872,24.4296330367455,0.000328665983417979,24.4376635457174
6280,8990,19,476.38,0.6309,0.016452,-1.373814,0,0,0,0,0,0,0,0,0,0,0,0.00032904,24.4570996564949,0.000328985878211033,24.4651470205659
6281,8990,19.06667,476.99,0.63316,0.016447,-1.368804,0,0,0,0,0,0,0,0,0,0,0,0.00032894,24.4884167369569,0.000328885911099155,24.4964719567583
6282,8990,19.13333,477.705,0.6354,0.016434,-1.374085,0,0,0,0,0,0,0,0,0,0,0,0.00032868,24.5251244624164,0.00032862599656168,24.5331853803247
6283,8990,19.2,478.345,0.63762,0.016441,-1.380202,0,0,0,0,0,0,0,0,0,0,0,0.00032882,24.5579817271633,0.000328765950551842,24.5660568827149
6284,8990,19.26667,478.825,0.63988,0.016467,-1.387927,0,0,0,0,0,0,0,0,0,0,0,0.00032934,24.5826246757235,0.000329285779486485,24.5907207173342
6285,8990,19.33333,479.51,0.6421,0.016475,-1.383873,0,0,0,0,0,0,0,0,0,0,0,0.0003295,24.617792216898,0.00032944572679678,24.6259037794335
6286,8990,19.4,480.035,0.64426,0.016515,-1.386575,0,0,0,0,0,0,0,0,0,0,0,0.0003303,24.6447454418858,0.000330245462963619,24.6528856013052
6287,8990,19.46667,480.545,0.6465,0.016523,-1.395763,0,0,0,0,0,0,0,0,0,0,0,0.00033046,24.670928574731,0.000330405410120416,24.6790813297878
6288,8990,19.53333,481.27,0.64874,0.016523,-1.390162,0,0,0,0,0,0,0,0,0,0,0,0.00033046,24.7081496949522,0.000330405410120416,24.7163147501004
6289,8990,19.6,481.9,0.65092,0.016528,-1.390625,0,0,0,0,0,0,0,0,0,0,0,0.00033056,24.7404935649375,0.000330505377080394,24.7486717824903
6290,8990,19.66667,482.515,0.6532,0.016561,-1.382887,0,0,0,0,0,0,0,0,0,0,0,0.00033122,24.7720673427802,0.000331165158765218,24.7802723469255
6291,8990,19.73333,483.185,0.65544,0.016594,-1.387703,0,0,0,0,0,0,0,0,0,0,0,0.00033188,24.8064647918122,0.000331824940014731,24.8146975613473
6292,8990,19.8,483.885,0.65762,0.016594,-1.386056,0,0,0,0,0,0,0,0,0,0,0,0.00033188,24.8424024251292,0.000331824940014731,24.8506471216461
6293,8990,19.86667,484.44,0.65984,0.016609,-1.385196,0,0,0,0,0,0,0,0,0,0,0,0.00033218,24.870895834402,0.000332124840438746,24.8791574485802
6294,8990,19.93333,485.09,0.66214,0.01663,-1.388729,0,0,0,0,0,0,0,0,0,0,0,0.0003326,24.9042664939106,0.000332544700881223,24.9125496529465
6295,8990,20,485.72,0.66428,0.016637,-1.387552,0,0,0,0,0,0,0,0,0,0,0,0.00033274,24.9366103638959,0.000332684654322949,24.9449077716284
6296,8990,20.06667,486.325,0.66646,0.016648,-1.387459,0,0,0,0,0,0,0,0,0,0,0,0.00033296,24.967670746977,0.00033290458112031,24.9759839826289
6297,8990,20.13333,486.995,0.66876,0.016665,-1.384989,0,0,0,0,0,0,0,0,0,0,0,0.0003333,25.002068196009,0.000333244467893983,25.0104013853387
6298,8990,20.2,487.73,0.67098,0.016688,-1.378578,0,0,0,0,0,0,0,0,0,0,0,0.00033376,25.0398027109918,0.000333704314521206,25.0481599955446
6299,8990,20.26667,488.31,0.67318,0.016711,-1.372683,0,0,0,0,0,0,0,0,0,0,0,0.00033422,25.0695796071687,0.000334164160937193,25.077958362065
6300,8990,20.33333,488.905,0.67544,0.016711,-1.377465,0,0,0,0,0,0,0,0,0,0,0,0.00033422,25.1001265954882,0.000334164160937193,25.1085155597989
6301,8990,20.4,489.575,0.67766,0.016721,-1.38986,0,0,0,0,0,0,0,0,0,0,0,0.00033442,25.1345240445201,0.000334364094095434,25.1429295320511
6302,8990,20.46667,490.23,0.67988,0.016755,-1.382499,0,0,0,0,0,0,0,0,0,0,0,0.0003351,25.1681514014096,0.000335043866534899,25.1765852489442
6303,8990,20.53333,490.8,0.6821,0.016767,-1.3788,0,0,0,0,0,0,0,0,0,0,0,0.00033534,25.1974149028249,0.000335283786108933,25.2058646039384
6304,8990,20.6,491.415,0.6843,0.01679,-1.380758,0,0,0,0,0,0,0,0,0,0,0,0.0003358,25.2289886806676,0.000335743631798606,25.2374605750666
6305,8990,20.66667,491.94,0.68654,0.016805,-1.387665,0,0,0,0,0,0,0,0,0,0,0,0.0003361,25.2559419056554,0.000336043531047406,25.2644304277299
6306,8990,20.73333,492.575,0.68874,0.01679,-1.380593,0,0,0,0,0,0,0,0,0,0,0,0.0003358,25.2885424730215,0.000335743631798606,25.297034365584
6307,8990,20.8,493.215,0.691,0.016813,-1.371673,0,0,0,0,0,0,0,0,0,0,0,0.00033626,25.3213997377685,0.00033620347727682,25.3299143116443
6308,8990,20.86667,493.835,0.69322,0.016826,-1.372153,0,0,0,0,0,0,0,0,0,0,0,0.00033652,25.3532302129921,0.000336463389844806,25.3617620820234
6309,8990,20.93333,494.385,0.69542,0.016839,-1.377547,0,0,0,0,0,0,0,0,0,0,0,0.00033678,25.381466924884,0.000336723302345237,25.390014895315
6310,8990,21,495.01,0.69768,0.016859,-1.387872,0,0,0,0,0,0,0,0,0,0,0,0.00033718,25.4135540974885,0.000337123167598655,25.4221230396591
6311,8990,21.06667,495.61,0.69988,0.016861,-1.389196,0,0,0,0,0,0,0,0,0,0,0,0.00033722,25.4443577831887,0.000337163154115181,25.4529381295204
6312,8990,21.13333,496.21,0.70208,0.016856,-1.390944,0,0,0,0,0,0,0,0,0,0,0,0.00033712,25.475161468889,0.000337063187820758,25.4837496553234
6313,8990,21.2,496.85,0.70432,0.016884,-1.38508,0,0,0,0,0,0,0,0,0,0,0,0.00033768,25.508018733636,0.000337622998940413,25.5166322814019
6314,8990,21.26667,497.405,0.70654,0.016912,-1.383397,0,0,0,0,0,0,0,0,0,0,0,0.00033824,25.5365121429087,0.000338182809746903,25.5451496127759
6315,8990,21.33333,497.95,0.70872,0.016907,-1.376158,0,0,0,0,0,0,0,0,0,0,0,0.00033814,25.5644921574198,0.000338082843554411,25.5731365347979
6316,8990,21.4,498.595,0.71102,0.016917,-1.369938,0,0,0,0,0,0,0,0,0,0,0,0.00033834,25.5976061195476,0.000338282775929401,25.6062668136021
6317,8990,21.46667,499.25,0.71324,0.016943,-1.375322,0,0,0,0,0,0,0,0,0,0,0,0.00033886,25.6312334764371,0.000338802599916947,25.6399188762129
6318,8990,21.53333,499.76,0.71536,0.016968,-1.376936,0,0,0,0,0,0,0,0,0,0,0,0.00033936,25.6574166092823,0.000339302430419273,25.6661237101828
6319,8990,21.6,500.275,0.71768,0.016989,-1.384063,0,0,0,0,0,0,0,0,0,0,0,0.00033978,25.6838564395084,0.000339722287848398,25.6925833002494
6320,8990,21.66667,501.055,0.71996,0.017001,-1.388228,0,0,0,0,0,0,0,0,0,0,0,0.00034002,25.7239012309187,0.000339962206300212,25.7326478718153
6321,8990,21.73333,501.595,0.72208,0.017017,-1.385032,0,0,0,0,0,0,0,0,0,0,0,0.00034034,25.751624548049,0.000340282097479462,25.7603888559477
6322,8990,21.8,502.06,0.72434,0.017035,-1.385984,0,0,0,0,0,0,0,0,0,0,0,0.0003407,25.7754974044667,0.000340641974934024,25.7842791164324
6323,8990,21.86667,502.715,0.7266,0.017055,-1.389645,0,0,0,0,0,0,0,0,0,0,0,0.0003411,25.8091247613562,0.000341041838620505,25.8179282538123
6324,8990,21.93333,503.275,0.72876,0.01705,-1.390587,0,0,0,0,0,0,0,0,0,0,0,0.000341,25.8378748680097,0.000340941872713819,25.8466855833397
6325,8990,22,503.75,0.73098,0.017065,-1.387753,0,0,0,0,0,0,0,0,0,0,0,0.0003413,25.8622611191891,0.000341241770403897,25.8710879089091
6326,8990,22.06667,504.47,0.73326,0.017065,-1.38839,0,0,0,0,0,0,0,0,0,0,0,0.0003413,25.8992255420295,0.000341241770403897,25.908064947707
6327,8990,22.13333,505.075,0.73544,0.017075,-1.387048,0,0,0,0,0,0,0,0,0,0,0,0.0003415,25.9302859251106,0.000341441702147095,25.939141117754
6328,8990,22.2,505.545,0.73768,0.017096,-1.383112,0,0,0,0,0,0,0,0,0,0,0,0.00034192,25.9544154789091,0.000341861558678032,25.9632898126497
6329,8990,22.26667,506.17,0.73996,0.017113,-1.38585,0,0,0,0,0,0,0,0,0,0,0,0.00034226,25.9865026515136,0.000342201442407139,25.9953967919111
6330,8990,22.33333,506.8,0.74212,0.017154,-1.388903,0,0,0,0,0,0,0,0,0,0,0,0.00034308,26.0188465214989,0.000343021161513894,26.0277730673635
6331,8990,22.4,507.295,0.74432,0.017139,-1.383657,0,0,0,0,0,0,0,0,0,0,0,0.00034278,26.0442595622016,0.000342721264357673,26.0531870134943
6332,8990,22.46667,507.885,0.7466,0.017162,-1.384521,0,0,0,0,0,0,0,0,0,0,0,0.00034324,26.0745498531402,0.000343181106627267,26.0834996816318
6333,8990,22.53333,508.59,0.74878,0.01718,-1.375668,0,0,0,0,0,0,0,0,0,0,0,0.0003436,26.110744183838,0.000343540983038542,26.1197158355396
6334,8990,22.6,509.015,0.75098,0.017197,-1.374944,0,0,0,0,0,0,0,0,0,0,0,0.00034394,26.132563461209,0.000343880866196841,26.1415514950859
6335,8990,22.66667,509.685,0.7533,0.01719,-1.381561,0,0,0,0,0,0,0,0,0,0,0,0.0003438,26.166960910241,0.000343740914322055,26.175957111402
6336,8990,22.73333,510.32,0.75548,0.017195,-1.386079,0,0,0,0,0,0,0,0,0,0,0,0.0003439,26.1995614776071,0.000343840879948932,26.2085715067993
6337,8990,22.8,510.85,0.75766,0.017215,-1.384558,0,0,0,0,0,0,0,0,0,0,0,0.0003443,26.2267713999757,0.000344240742356289,26.2358012773687
6338,8990,22.86667,511.56,0.76,0.017246,-1.380895,0,0,0,0,0,0,0,0,0,0,0,0.00034492,26.2632224280544,0.000344860528771699,26.2722811387343
6339,8990,22.93333,512.525,0.76216,0.017271,-1.382678,0,0,0,0,0,0,0,0,0,0,0,0.00034542,26.3127650225557,0.000345360356246098,26.3218539778497
6340,8990,23,513.555,0.76428,0.017279,-1.379714,0,0,0,0,0,0,0,0,0,0,0,0.00034558,26.3656446830078,0.000345520300985328,26.3747561224973
6341,8990,23.06667,514.755,0.7666,0.017307,-1.373893,0,0,0,0,0,0,0,0,0,0,0,0.00034614,26.4272520544083,0.000346080107370619,26.4363995834345
6342,8990,23.13333,516.235,0.76884,0.01736,-1.374138,0,0,0,0,0,0,0,0,0,0,0,0.0003472,26.5032344791357,0.000347139740027763,26.5124364021468
6343,8990,23.2,517.52,0.771,0.017396,-1.374542,0,0,0,0,0,0,0,0,0,0,0,0.00034792,26.5692057060104,0.000347859489871573,26.5784496640597
6344,8990,23.26667,518.845,0.77328,0.017404,-1.383049,0,0,0,0,0,0,0,0,0,0,0,0.00034808,26.6372305119319,0.000348019434210858,26.6465023991285
6345,8990,23.33333,520.285,0.77552,0.017429,-1.379354,0,0,0,0,0,0,0,0,0,0,0,0.00034858,26.7111593576125,0.000348519260106574,26.7204703335414
6346,8990,23.4,521.77,0.77772,0.017467,-1.367841,0,0,0,0,0,0,0,0,0,0,0,0.00034934,26.7873984797207,0.000349278994989534,26.7967563895056
6347,8990,23.46667,523.13,0.77994,0.01751,-1.370199,0,0,0,0,0,0,0,0,0,0,0,0.0003502,26.857220167308,0.000350138694292389,26.8666255658106
6348,8990,23.53333,524.5,0.78216,0.017536,-1.374483,0,0,0,0,0,0,0,0,0,0,0,0.00035072,26.927555249657,0.000350658512116982,26.9369992818341
6349,8990,23.6,525.87,0.78438,0.017577,-1.378065,0,0,0,0,0,0,0,0,0,0,0,0.00035154,26.9978903320059,0.00035147822429157,27.0073811703732
6350,8990,23.66667,527.16,0.78658,0.017607,-1.3837,0,0,0,0,0,0,0,0,0,0,0,0.00035214,27.0641182562615,0.000352078013261725,27.0736486148643
6351,8990,23.73333,528.47,0.78884,0.017625,-1.380932,0,0,0,0,0,0,0,0,0,0,0,0.0003525,27.1313729700405,0.000352437886471228,27.1409367790124
6352,8990,23.8,529.815,0.79106,0.017648,-1.374369,0,0,0,0,0,0,0,0,0,0,0,0.00035296,27.2004245654852,0.000352897724272732,27.2100252273399
6353,8990,23.86667,531.15,0.79326,0.017694,-1.378745,0,0,0,0,0,0,0,0,0,0,0,0.00035388,27.2689627661684,0.000353817399241164,27.278612706712
6354,8990,23.93333,532.51,0.79552,0.017717,-1.387781,0,0,0,0,0,0,0,0,0,0,0,0.00035434,27.3387844537556,0.000354277236408094,27.348471678639
6355,8990,24,533.955,0.79774,0.017762,-1.389564,0,0,0,0,0,0,0,0,0,0,0,0.00035524,27.4129699968171,0.000355176917210424,27.4227081802788
6356,8990,24.06667,535.2,0.79992,0.017785,-1.385616,0,0,0,0,0,0,0,0,0,0,0,0.0003557,27.4768876446452,0.000355636753752419,27.4866611735804
6357,8990,24.13333,536.47,0.8022,0.017801,-1.377546,0,0,0,0,0,0,0,0,0,0,0,0.00035602,27.5420887793775,0.00035595663991756,27.5518943138247
6358,8990,24.2,537.93,0.80442,0.017831,-1.373977,0,0,0,0,0,0,0,0,0,0,0,0.00035662,27.6170444145815,0.000356556426201839,27.6268932049606
6359,8990,24.26667,539.285,0.80658,0.017867,-1.378693,0,0,0,0,0,0,0,0,0,0,0,0.00035734,27.6866094047879,0.000357276169268025,27.6965029377926
6360,8990,24.33333,540.565,0.80886,0.01791,-1.371648,0,0,0,0,0,0,0,0,0,0,0,0.0003582,27.7523239342818,0.000358135861695745,27.7622648167151
6361,8990,24.4,542.025,0.81112,0.017961,-1.368546,0,0,0,0,0,0,0,0,0,0,0,0.00035922,27.8272795694858,0.000359155495942763,27.8372756848528
6362,8990,24.46667,543.435,0.81325,0.017981,-1.378542,0,0,0,0,0,0,0,0,0,0,0,0.00035962,27.8996682308815,0.000359555352226429,27.9097015095707
6363,8990,24.53333,544.585,0.81552,0.017984,-1.380181,0,0,0,0,0,0,0,0,0,0,0,0.00035968,27.9587086284737,0.000359615330655266,27.9687648167932
6364,8990,24.6,546.06,0.8178,0.017999,-1.373358,0,0,0,0,0,0,0,0,0,0,0,0.00035998,28.0344343558202,0.000359915222745049,28.0445261914996
6365,8990,24.66667,547.525,0.81995,0.018058,-1.375055,0,0,0,0,0,0,0,0,0,0,0,0.00036116,28.109646688405,0.00036109479742574,28.119798768403
6366,8990,24.73333,548.695,0.82217,0.018101,-1.363926,0,0,0,0,0,0,0,0,0,0,0,0.00036202,28.1697138755206,0.000361954486570845,28.1799118753378
6367,8990,24.8,550.15,0.82444,0.018103,-1.369902,0,0,0,0,0,0,0,0,0,0,0,0.00036206,28.2444128133437,0.000361994472094465,28.2546389854469
6368,8990,24.86667,551.645,0.82663,0.018139,-1.369684,0,0,0,0,0,0,0,0,0,0,0,0.00036278,28.3211653302136,0.000362714211246444,28.3314396825721
6369,8990,24.93333,553.035,0.82883,0.018185,-1.371961,0,0,0,0,0,0,0,0,0,0,0,0.0003637,28.3925272020859,0.00036363387718717,28.4028535642293
6370,8990,25,554.355,0.83109,0.018203,-1.368854,0,0,0,0,0,0,0,0,0,0,0,0.00036406,28.4602953106265,0.000363993746238052,28.4706565657373
6371,8990,25.06667,555.96,0.83331,0.018246,-1.352202,0,0,0,0,0,0,0,0,0,0,0,0.00036492,28.5426951698747,0.000364853432890745,28.5531109701961
6372,8990,25.13333,557.46,0.83553,0.018282,-1.355414,0,0,0,0,0,0,0,0,0,0,0,0.00036564,28.6197043841254,0.000365573169985244,28.6301688928364
6373,8990,25.2,559,0.83782,0.018305,-1.351307,0,0,0,0,0,0,0,0,0,0,0,0.0003661,28.6987671774228,0.000366033001746467,28.7092737960864
6374,8990,25.26667,560.6,0.84001,0.018333,-1.3576,0,0,0,0,0,0,0,0,0,0,0,0.00036666,28.7809103392902,0.000366592796648959,28.7914631478752
6375,8990,25.33333,562.145,0.84219,0.018378,-1.360832,0,0,0,0,0,0,0,0,0,0,0,0.00036756,28.8602298299684,0.000367492466371067,28.8708376960447
6376,8990,25.4,563.725,0.84445,0.018414,-1.358364,0,0,0,0,0,0,0,0,0,0,0,0.00036828,28.9413462023124,0.000368212201566159,28.9520047212918
6377,8990,25.46667,565.54,0.84663,0.018455,-1.358813,0,0,0,0,0,0,0,0,0,0,0,0.0003691,29.0345273515558,0.000369031899351684,29.0452439956012
6378,8990,25.53333,567.14,0.84885,0.018488,-1.366666,0,0,0,0,0,0,0,0,0,0,0,0.00036976,29.1166705134232,0.000369691655618135,29.1274366935122
6379,8990,25.6,568.93,0.85115,0.018541,-1.367617,0,0,0,0,0,0,0,0,0,0,0,0.00037082,29.2085681757623,0.00037075126325602,29.2193992970133
6380,8990,25.66667,570.91,0.85331,0.0186,-1.365088,0,0,0,0,0,0,0,0,0,0,0,0.000372,29.3102203385732,0.000371930825154869,29.3211237405392
6381,8990,25.73333,572.665,0.85553,0.018648,-1.364307,0,0,0,0,0,0,0,0,0,0,0,0.00037296,29.4003211192465,0.00037289046770715,29.4112862630112
6382,8990,25.8,574.435,0.85781,0.018686,-1.367752,0,0,0,0,0,0,0,0,0,0,0,0.00037372,29.4911919920623,0.000373650184074685,29.5022134403336
6383,8990,25.86667,576.48,0.86001,0.018725,-1.372211,0,0,0,0,0,0,0,0,0,0,0,0.0003745,29.5961812208241,0.000374429892377934,29.6072649906913
6384,8990,25.93333,578.385,0.86215,0.018763,-1.374738,0,0,0,0,0,0,0,0,0,0,0,0.00037526,29.6939829229225,0.000375189607575945,29.7051258869541
6385,8990,26,580.245,0.86443,0.018806,-1.377048,0,0,0,0,0,0,0,0,0,0,0,0.00037612,29.7894743485933,0.000376049284603985,29.8006787656853
6386,8990,26.06667,582.4,0.86669,0.018834,-1.371305,0,0,0,0,0,0,0,0,0,0,0,0.00037668,29.9001109197335,0.000376609073899222,29.9113736935147
6387,8990,26.13333,584.445,0.86889,0.018892,-1.367592,0,0,0,0,0,0,0,0,0,0,0,0.00037784,30.0051001484953,0.000377768636442712,30.0164372755354
6388,8990,26.2,586.405,0.87111,0.018921,-1.368647,0,0,0,0,0,0,0,0,0,0,0,0.00037842,30.1057255217828,0.000378348417210238,30.1171181304348
6389,8990,26.26667,588.565,0.87335,0.018948,-1.364188,0,0,0,0,0,0,0,0,0,0,0,0.00037896,30.2166187903038,0.000378888212794875,30.2280696801606
6390,8990,26.33333,590.745,0.87557,0.018976,-1.369351,0,0,0,0,0,0,0,0,0,0,0,0.00037952,30.3285388483482,0.000379448000501135,30.3400491354119
6391,8990,26.4,592.86,0.87779,0.019043,-1.378303,0,0,0,0,0,0,0,0,0,0,0,0.00038086,30.4371218404416,0.000380787491240001,30.4487141226658
6392,8990,26.46667,594.985,0.8800099,0.019119,-1.38695,0,0,0,0,0,0,0,0,0,0,0,0.00038238,30.5462182272968,0.000382306911398968,30.5578984902225
6393,8990,26.53333,597.185,0.88223,0.01916,-1.384494,0,0,0,0,0,0,0,0,0,0,0,0.0003832,30.6591650748644,0.000383126597631177,30.6709136669211
6394,8990,26.6,599.48,0.88445,0.019193,-1.384209,0,0,0,0,0,0,0,0,0,0,0,0.00038386,30.776989172668,0.000383786344598408,30.7888032277318
6395,8990,26.66667,601.76,0.88669,0.019239,-1.386278,0,0,0,0,0,0,0,0,0,0,0,0.00038478,30.894043178329,0.000384705991160024,30.9059305882632
6396,8990,26.73333,604.015,0.88891,0.019295,-1.385233,0,0,0,0,0,0,0,0,0,0,0,0.0003859,31.0098136970859,0.000385825559745319,31.0217803841916
6397,8990,26.8,606.265,0.89111,0.019379,-1.382104,0,0,0,0,0,0,0,0,0,0,0,0.00038758,31.1253275184619,0.000387504910273301,31.1373910729015
6398,8990,26.86667,608.515,0.89337,0.019402,-1.373289,0,0,0,0,0,0,0,0,0,0,0,0.00038804,31.240841339838,0.000387964731949947,31.2529640359115
6399,8990,26.93333,610.81,0.89557,0.019447,-1.379833,0,0,0,0,0,0,0,0,0,0,0,0.00038894,31.3586654376415,0.000388864382444586,31.3708620769768
6400,8990,27,613.07,0.89777,0.019534,-1.375552,0,0,0,0,0,0,0,0,0,0,0,0.00039068,31.4746926537792,0.000390603704439563,31.4869891867052
6401,8990,27.06667,615.21,0.90001,0.019562,-1.36436,0,0,0,0,0,0,0,0,0,0,0,0.00039124,31.5845591327769,0.000391163485587453,31.596916275692
6402,8990,27.13333,617.335,0.90225,0.019605,-1.377165,0,0,0,0,0,0,0,0,0,0,0,0.0003921,31.693655519632,0.000392023148883232,31.7060826019613
6403,8990,27.2,619.635,0.90445,0.019674,-1.379784,0,0,0,0,0,0,0,0,0,0,0,0.00039348,31.8117363148164,0.000393402607045911,31.8242535968215
6404,8990,27.26667,621.875,0.90669,0.019715,-1.376584,0,0,0,0,0,0,0,0,0,0,0,0.0003943,31.9267367414308,0.000394222284183185,31.9393254537279
6405,8990,27.33333,624.125,0.90895,0.019745,-1.366051,0,0,0,0,0,0,0,0,0,0,0,0.0003949,32.0422505628068,0.000394822047516702,32.054904047554
6406,8990,27.4,626.48,0.91109,0.019806,-1.371795,0,0,0,0,0,0,0,0,0,0,0,0.00039612,32.1631550291804,0.000396041565185182,32.1758954981505
6407,8990,27.46667,628.595,0.91335,0.019849,-1.374272,0,0,0,0,0,0,0,0,0,0,0,0.00039698,32.2717380212738,0.000396901224287468,32.2845492558335
6408,8990,27.53333,630.65,0.91567,0.01986,-1.377207,0,0,0,0,0,0,0,0,0,0,0,0.0003972,32.3772406447973,0.000397121136962339,32.3901008847814
6409,8990,27.6,632.99,0.91781,0.019931,-1.376294,0,0,0,0,0,0,0,0,0,0,0,0.00039862,32.4973750190283,0.000398540572154689,32.5103291226584
6410,8990,27.66667,635.06,0.92001,0.019972,-1.373846,0,0,0,0,0,0,0,0,0,0,0,0.00039944,32.6036477346943,0.000399360245080725,32.6166709357454
6411,8990,27.73333,636.92,0.92229,0.020002,-1.371199,0,0,0,0,0,0,0,0,0,0,0,0.00040004,32.6991391603651,0.000399960005332468,32.7122201239949
6412,8990,27.8,639.18,0.92449,0.020056,-1.367756,0,0,0,0,0,0,0,0,0,0,0,0.00040112,32.8151663765028,0.000401039572879398,32.8283291960398
6413,8990,27.86667,641.33,0.92667,0.020091,-1.374292,0,0,0,0,0,0,0,0,0,0,0,0.00040182,32.9255462502622,0.000401739291963142,32.9387763932564
6414,8990,27.93333,643.34,0.92895,0.020137,-1.382233,0,0,0,0,0,0,0,0,0,0,0,0.00040274,33.0287385973581,0.000402658922014325,33.0420405915408
6415,8990,28,645.51,0.93115,0.020193,-1.382116,0,0,0,0,0,0,0,0,0,0,0,0.00040386,33.1401452606408,0.000403778470500498,33.1535292397057
6416,8990,28.06667,647.54,0.93335,0.020254,-1.378812,0,0,0,0,0,0,0,0,0,0,0,0.00040508,33.24436439726,0.000404997977246517,33.2578310243901
6417,8990,28.13333,649.505,0.93565,0.020287,-1.379964,0,0,0,0,0,0,0,0,0,0,0,0.00040574,33.3452464679284,0.000405657709784335,33.3587759682303
6418,8990,28.2,651.745,0.93785,0.020331,-1.375528,0,0,0,0,0,0,0,0,0,0,0,0.00040662,33.4602468945428,0.000406537352491041,33.473852500135
6419,8990,28.26667,653.955,0.94001,0.020384,-1.371603,0,0,0,0,0,0,0,0,0,0,0,0.00040768,33.5737071368721,0.000407596921087684,33.5873944657977
6420,8990,28.33333,656.275,0.9422899,0.020425,-1.375468,0,0,0,0,0,0,0,0,0,0,0,0.0004085,33.6928147215798,0.000408416586590513,33.7065782363936
6421,8990,28.4,658.855,0.94447,0.020481,-1.37034,0,0,0,0,0,0,0,0,0,0,0,0.00040962,33.825270570091,0.000409536128630722,33.839126077422
6422,8990,28.46667,661.505,0.94667,0.020549,-1.368197,0,0,0,0,0,0,0,0,0,0,0,0.00041098,33.9613201819339,0.00041089557085153,33.9752776053023
6423,8990,28.53333,664.025,0.94899,0.020616,-1.368232,0,0,0,0,0,0,0,0,0,0,0,0.00041232,34.0906956618751,0.000412235019467357,34.1047519375104
6424,8990,28.6,666.555,0.95119,0.020682,-1.361026,0,0,0,0,0,0,0,0,0,0,0,0.00041364,34.2205845365779,0.000413554474558987,34.2347395391656
6425,8990,28.66667,669.03,0.95337,0.020738,-1.360005,0,0,0,0,0,0,0,0,0,0,0,0.00041476,34.3476497400915,0.000414674010846911,34.3618957712977
6426,8990,28.73333,671.475,0.95563,0.020806,-1.362574,0,0,0,0,0,0,0,0,0,0,0,0.00041612,34.4731747593201,0.000416033446083087,34.487519736801
6427,8990,28.8,674.34,0.95789,0.020885,-1.358244,0,0,0,0,0,0,0,0,0,0,0,0.0004177,34.620262358539,0.000417612787639966,34.6347232421261
6428,8990,28.86667,677.18,0.96001,0.020939,-1.356223,0,0,0,0,0,0,0,0,0,0,0,0.00041878,34.7660664708536,0.000418692336129482,34.7806258041702
6429,8990,28.93333,679.605,0.96227,0.02099,-1.363674,0,0,0,0,0,0,0,0,0,0,0,0.0004198,34.8905647005589,0.000419711908632945,34.9052117596202
6430,8990,29,682.235,0.96455,0.021069,-1.365642,0,0,0,0,0,0,0,0,0,0,0,0.00042138,35.0255875228784,0.000421291244380069,35.0403466049488
6431,8990,29.06667,685.135,0.96673,0.021145,-1.364401,0,0,0,0,0,0,0,0,0,0,0,0.0004229,35.1744720037631,0.000422810602998111,35.1893472879735
6432,8990,29.13333,687.74,0.96895,0.021193,-1.368745,0,0,0,0,0,0,0,0,0,0,0,0.00042386,35.3082113391784,0.000423770196725257,35.3231770776367
6433,8990,29.2,690.3,0.97121,0.021239,-1.370403,0,0,0,0,0,0,0,0,0,0,0,0.00042478,35.4396403981663,0.000424689806516391,35.4546944486146
6434,8990,29.26667,692.995,0.97343,0.021295,-1.370122,0,0,0,0,0,0,0,0,0,0,0,0.0004259,35.5780002864367,0.000425809330338205,35.5931529567587
6435,8990,29.33333,695.68,0.97561,0.021341,-1.369013,0,0,0,0,0,0,0,0,0,0,0,0.00042682,35.7158467799454,0.000426728938254134,35.731091017668
6436,8990,29.4,698.25,0.97787,0.021397,-1.358267,0,0,0,0,0,0,0,0,0,0,0,0.00042794,35.8477892336949,0.000427848459793095,35.8631299366196
6437,8990,29.46667,699.945,0.98007,0.021407,-1.374578,0,0,0,0,0,0,0,0,0,0,0,0.00042814,35.9348096457982,0.000428048374221618,35.9501947751999
6438,8990,29.53333,651.66,0.98231,0.018409,-1.370243,0,0,0,0,0,0,0,0,0,0,0,0.00036818,33.4558830390686,0.000368112238375547,33.4682008260859
6439,8990,29.6,579.635,0.98453,0.013492,-1.358895,0,0,0,0,0,0,0,0,0,0,0,0.00026984,29.7581572681314,0.000269803599735294,29.7661872092886
6440,8990,29.66667,581.53,0.98677,0.013319,-1.356633,0,0,0,0,0,0,0,0,0,0,0,0.00026638,29.8554455754681,0.000266344527147176,29.8633984690605
6441,8990,29.73333,590.47,0.98895,0.013593,-1.360507,0,0,0,0,0,0,0,0,0,0,0,0.00027186,30.3144204924022,0.000271823052766378,30.3226617707573
6442,8990,29.8,598.41,0.99119,0.013685,-1.360436,0,0,0,0,0,0,0,0,0,0,0,0.0002737,30.7220559331692,0.000273662550987973,30.7304645598781
6443,8990,29.86667,605.53,0.99343,0.013741,-1.359448,0,0,0,0,0,0,0,0,0,0,0,0.00027482,31.0875930034791,0.000274782243901071,31.0961364957883
6444,8990,29.93333,612.6,0.99563,0.013912,-1.367052,0,0,0,0,0,0,0,0,0,0,0,0.00027824,31.4505630999807,0.000278201298430013,31.4593139046576
6445,8990,30,619.985,0.99787,0.014184,-1.371971,0,0,0,0,0,0,0,0,0,0,0,0.00028368,31.8297051314749,0.000283639770436733,31.8387345822266
6446,8990,30.06667,627.5,1.00011,0.014472,-1.365538,0,0,0,0,0,0,0,0,0,0,0,0.00028944,32.2155212948708,0.000289398120324082,32.2248457553544
6447,8990,30.13333,635.41,1.00231,0.014601,-1.359897,0,0,0,0,0,0,0,0,0,0,0,0.00029202,32.6216165513528,0.000291977370458777,32.6311427158181
6448,8990,30.2,642.4,1.00451,0.014652,-1.359048,0,0,0,0,0,0,0,0,0,0,0,0.00029304,32.980479489761,0.000292997072165455,32.9901440894707
6449,8990,30.26667,647.92,1.00681,0.014764,-1.363028,0,0,0,0,0,0,0,0,0,0,0,0.00029528,33.2638733982035,0.000295236413440757,33.2736955547405
6450,8990,30.33333,652.355,1.00897,0.014912,-1.365959,0,0,0,0,0,0,0,0,0,0,0,0.00029824,33.4915639750047,0.000298195535291755,33.5015524990446
6451,8990,30.4,656.52,1.01119,0.015113,-1.363751,0,0,0,0,0,0,0,0,0,0,0,0.00030226,33.7053928932408,0.000302214328649049,33.7155806852967
6452,8990,30.46667,660.455,1.01349,0.015184,-1.365589,0,0,0,0,0,0,0,0,0,0,0,0.00030368,33.9074137319584,0.000303633898561982,33.9177107353606
6453,8990,30.53333,665.05,1.01567,0.015187,-1.361566,0,0,0,0,0,0,0,0,0,0,0,0.00030374,34.1433186249464,0.000303693880344994,34.1536893165455
6454,8990,30.6,670.88,1.01783,0.015294,-1.369836,0,0,0,0,0,0,0,0,0,0,0,0.00030588,34.4426277710007,0.000305833228250233,34.4531630819833
6455,8990,30.66667,677.445,1.02011,0.015497,-1.370511,0,0,0,0,0,0,0,0,0,0,0,0.00030994,34.7796714320379,0.000309891978520415,34.7904510434015
6456,8990,30.73333,684.475,1.02235,0.015744,-1.363872,0,0,0,0,0,0,0,0,0,0,0,0.00031488,35.1405879494928,0.000314830435696972,35.1516530178263
6457,8990,30.8,691.35,1.02452,0.015897,-1.36654,0,0,0,0,0,0,0,0,0,0,0,0.00031794,35.4935468481418,0.000317889467788685,35.5048316664267
6458,8990,30.86667,697.32,1.02679,0.015983,-1.380033,0,0,0,0,0,0,0,0,0,0,0,0.00031966,35.8000435208595,0.000319608919627422,35.8114873627714
6459,8990,30.93333,702.49,1.02901,0.016067,-1.374637,0,0,0,0,0,0,0,0,0,0,0,0.00032134,36.0654686126435,0.000321288381359941,36.0770578903275
6460,8990,31,706.935,1.03121,0.016179,-1.375014,0,0,0,0,0,0,0,0,0,0,0,0.00032358,36.2936725842064,0.000323527659282536,36.3054164907812
6461,8990,31.06667,710.555,1.03347,0.016335,-1.381633,0,0,0,0,0,0,0,0,0,0,0,0.0003267,36.4795214879314,0.000326646645175378,36.4914393476015
6462,8990,31.13333,713.98,1.03569,0.016434,-1.378633,0,0,0,0,0,0,0,0,0,0,0,0.00032868,36.6553591938038,0.00032862599656168,36.6674070772636
6463,8990,31.2,717.315,1.03788,0.016447,-1.378665,0,0,0,0,0,0,0,0,0,0,0,0.00032894,36.8265763468211,0.000328885911099155,36.8386900808447
6464,8990,31.26667,720.375,1.04013,0.016487,-1.378347,0,0,0,0,0,0,0,0,0,0,0,0.00032974,36.9836751438925,0.000329685647713921,36.9958701409345
6465,8990,31.33333,723.5,1.04234,0.016553,-1.374479,0,0,0,0,0,0,0,0,0,0,0,0.00033106,37.1441110069148,0.000331005211729942,37.1564079363048
6466,8990,31.4,726.72,1.04454,0.016671,-1.370715,0,0,0,0,0,0,0,0,0,0,0,0.00033342,37.309424120173,0.000333364427904051,37.3218638283631
6467,8990,31.46667,729.645,1.0468,0.016734,-1.376112,0,0,0,0,0,0,0,0,0,0,0,0.00033468,37.4595920879618,0.000334624007141499,37.4721290642418
6468,8990,31.53333,732.665,1.04902,0.016793,-1.374848,0,0,0,0,0,0,0,0,0,0,0,0.00033586,37.6146373059865,0.00033580361165565,37.6272705580721
6469,8990,31.6,735.645,1.05124,0.016816,-1.369271,0,0,0,0,0,0,0,0,0,0,0,0.00033632,37.7676289449645,0.000336263457106061,37.7803309539313
6470,8990,31.66667,738.575,1.05348,0.016877,-1.368834,0,0,0,0,0,0,0,0,0,0,0,0.00033754,37.9180536101342,0.000337483046190046,37.9308524699498
6471,8990,31.73333,741.425,1.05572,0.016966,-1.364267,0,0,0,0,0,0,0,0,0,0,0,0.00033932,38.0643711172105,0.00033926244398829,38.077287119618
6472,8990,31.8,744.27,1.05788,0.017073,-1.373222,0,0,0,0,0,0,0,0,0,0,0,0.00034146,38.210431926906,0.000341401715801653,38.2234792609918
6473,8990,31.86667,746.785,1.0601,0.017106,-1.37123,0,0,0,0,0,0,0,0,0,0,0,0.00034212,38.3395507094663,0.000342061490297314,38.352667436555
6474,8990,31.93333,749.365,1.06238,0.017119,-1.367016,0,0,0,0,0,0,0,0,0,0,0,0.00034238,38.4720065579775,0.000342321401342733,38.4851786035828
6475,8990,32,752.1,1.06458,0.017185,-1.382943,0,0,0,0,0,0,0,0,0,0,0,0.0003437,38.6124200252946,0.000343640948685184,38.6256911140573
6476,8990,32.06667,754.725,1.0668,0.017281,-1.379647,0,0,0,0,0,0,0,0,0,0,0,0.00034562,38.7471861502333,0.000345560287166083,38.7605779527105
6477,8990,32.13334,757.185,1.06904,0.017335,-1.383555,0,0,0,0,0,0,0,0,0,0,0,0.0003467,38.8734812616044,0.000346639913442527,38.8869586975578
6478,8990,32.2,759.635,1.07128,0.01734,-1.383174,0,0,0,0,0,0,0,0,0,0,0,0.0003468,38.9992629782139,0.000346739878779605,39.0127879226147
6479,8990,32.26667,762.075,1.0735,0.017401,-1.381625,0,0,0,0,0,0,0,0,0,0,0,0.00034802,39.1245313000617,0.000347959455086513,39.1381474194447
6480,8990,32.33333,764.345,1.07568,0.017462,-1.390403,0,0,0,0,0,0,0,0,0,0,0,0.00034924,39.241071910961,0.000349179029906279,39.2547764629152
6481,8990,32.4,766.405,1.0779,0.017536,-1.391121,0,0,0,0,0,0,0,0,0,0,0,0.00035072,39.3468312318653,0.000350658512116982,39.3606309525149
6482,8990,32.46667,768.645,1.08016,0.017594,-1.383958,0,0,0,0,0,0,0,0,0,0,0,0.00035188,39.4618316584797,0.000351818104752145,39.4757174878036
6483,8990,32.53333,770.875,1.08238,0.017622,-1.386024,0,0,0,0,0,0,0,0,0,0,0,0.00035244,39.5763186903324,0.000352377907611897,39.5902669680916
6484,8990,32.6,773.03,1.0846,0.017648,-1.383137,0,0,0,0,0,0,0,0,0,0,0,0.00035296,39.6869552614725,0.000352897724272732,39.7009631692016
6485,8990,32.66667,775.195,1.08682,0.017706,-1.374556,0,0,0,0,0,0,0,0,0,0,0,0.00035412,39.7981052273743,0.000354057314311103,39.8121985323975
6486,8990,32.73333,777.24,1.08904,0.017775,-1.377949,0,0,0,0,0,0,0,0,0,0,0,0.0003555,39.9030944561361,0.000355436824847021,39.9172800062153
6487,8990,32.8,779.365,1.09128,0.017836,-1.373047,0,0,0,0,0,0,0,0,0,0,0,0.00035672,40.0121908429912,0.000356656390547614,40.0264639917088
6488,8990,32.86666,781.635,1.0935,0.017887,-1.36816,0,0,0,0,0,0,0,0,0,0,0,0.00035774,40.1287314538906,0.000357676026303152,40.1430871062809
6489,8990,32.93333,783.705,1.09572,0.017923,-1.363479,0,0,0,0,0,0,0,0,0,0,0,0.00035846,40.2350041695566,0.000358395768563292,40.2494268091512
6490,8990,33,785.96,1.09794,0.017966,-1.369008,0,0,0,0,0,0,0,0,0,0,0,0.00035932,40.3507746883134,0.000359255460028724,40.3652735286744
6491,8990,33.06667,788.19,1.10016,0.018035,-1.372651,0,0,0,0,0,0,0,0,0,0,0,0.0003607,40.4652617201661,0.000360634963393768,40.4798575400686
6492,8990,33.13334,790.415,1.10236,0.018083,-1.378889,0,0,0,0,0,0,0,0,0,0,0,0.00036166,40.579492054638,0.000361594616786095,40.5941680337344
6493,8990,33.2,792.57,1.10466,0.018111,-1.376195,0,0,0,0,0,0,0,0,0,0,0,0.00036222,40.6901286257781,0.000362154414172956,40.704867404169
6494,8990,33.26667,794.93,1.10684,0.018139,-1.36967,0,0,0,0,0,0,0,0,0,0,0,0.00036278,40.8112897895325,0.000362714211246444,40.8260953092424
6495,8990,33.33333,797.215,1.10902,0.018205,-1.37345,0,0,0,0,0,0,0,0,0,0,0,0.0003641,40.9286004925744,0.000364033731680132,40.9435025960138
6496,8990,33.4,799.325,1.11134,0.018279,-1.375168,0,0,0,0,0,0,0,0,0,0,0,0.00036558,41.0369267872871,0.000365513191913747,41.051929066982
6497,8990,33.46667,801.805,1.11356,0.01834,-1.372807,0,0,0,0,0,0,0,0,0,0,0,0.0003668,41.1642486881815,0.000366732745325397,41.1793477346003
6498,8990,33.53333,804.12,1.11568,0.018389,-1.371,0,0,0,0,0,0,0,0,0,0,0,0.00036778,41.2830995755084,0.000367712385513391,41.2982826738703
6499,8990,33.6,806.16,1.11798,0.018394,-1.374389,0,0,0,0,0,0,0,0,0,0,0,0.00036788,41.3878321068893,0.000367812348743975,41.4030578625648
6500,8990,33.66667,808.53,1.1202,0.018442,-1.375278,0,0,0,0,0,0,0,0,0,0,0,0.00036884,41.5095066654054,0.000368771995248527,41.5248170318439
6501,8990,33.73333,810.935,1.12236,0.018526,-1.380137,0,0,0,0,0,0,0,0,0,0,0,0.00037052,41.6329781055874,0.000370451374415641,41.6484039566351
6502,8990,33.8,813.2,1.12464,0.018564,-1.372388,0,0,0,0,0,0,0,0,0,0,0,0.00037128,41.7492620191059,0.000371211092636197,41.7647626851084
6503,8990,33.86666,815.52,1.12686,0.018625,-1.375779,0,0,0,0,0,0,0,0,0,0,0,0.0003725,41.8683696038136,0.000372430639099198,41.8839655714911
6504,8990,33.93333,817.89,1.12904,0.018669,-1.375354,0,0,0,0,0,0,0,0,0,0,0,0.00037338,41.9900441623297,0.000373310311034327,42.0057224050191
6505,8990,34,820.135,1.13134,0.018727,-1.370962,0,0,0,0,0,0,0,0,0,0,0,0.00037454,42.1053012863249,0.000374469877402722,42.1210714058687
6506,8990,34.06667,822.52,1.13358,0.018783,-1.36803,0,0,0,0,0,0,0,0,0,0,0,0.00037566,42.2277459369835,0.000375589457448324,42.2436092120222
6507,8990,34.13334,824.79,1.13572,0.018831,-1.370526,0,0,0,0,0,0,0,0,0,0,0,0.00037662,42.3442865478829,0.000376549096489633,42.3602342530826
6508,8990,34.2,826.91,1.13796,0.018862,-1.369256,0,0,0,0,0,0,0,0,0,0,0,0.00037724,42.4531262373572,0.000377168862881094,42.469141254699
6509,8990,34.26667,829.235,1.1402,0.018887,-1.366336,0,0,0,0,0,0,0,0,0,0,0,0.00037774,42.5724905194458,0.000377668674207387,42.5885718520146
6510,8990,34.33333,831.665,1.14238,0.018948,-1.361563,0,0,0,0,0,0,0,0,0,0,0,0.00037896,42.6972454465319,0.000378888212794875,42.7134259946663
6511,8990,34.4,833.935,1.14464,0.019025,-1.36218,0,0,0,0,0,0,0,0,0,0,0,0.0003805,42.8137860574312,0.000380427628232618,42.8300767030261
6512,8990,34.46667,836.21,1.1469,0.019094,-1.376219,0,0,0,0,0,0,0,0,0,0,0,0.00038188,42.9305833657115,0.000381807102390914,42.9469776968872
6513,8990,34.53333,838.69,1.14908,0.019144,-1.376444,0,0,0,0,0,0,0,0,0,0,0,0.00038288,43.0579052666059,0.000382806720157213,43.0743912773744
6514,8990,34.6,840.94,1.15132,0.019175,-1.375926,0,0,0,0,0,0,0,0,0,0,0,0.0003835,43.173419087982,0.000383426482670422,43.1899760942022
6515,8990,34.66667,843.16,1.1536,0.019236,-1.378841,0,0,0,0,0,0,0,0,0,0,0,0.00038472,43.287392725073,0.000384646014236066,43.3040462508022
6516,8990,34.73333,845.65,1.15574,0.019287,-1.374178,0,0,0,0,0,0,0,0,0,0,0,0.00038574,43.4152280207291,0.000385665621452796,43.4319750107858
6517,8990,34.8,847.915,1.15792,0.019328,-1.379954,0,0,0,0,0,0,0,0,0,0,0,0.00038656,43.5315119342476,0.000386485304931922,43.5483394755009
6518,8990,34.86666,850.12,1.16024,0.019376,-1.389731,0,0,0,0,0,0,0,0,0,0,0,0.00038752,43.6447154791962,0.000387444933517435,43.6616286793387
6519,8990,34.93333,852.625,1.16246,0.019427,-1.395048,0,0,0,0,0,0,0,0,0,0,0,0.00038854,43.7733208669948,0.000388464537880372,43.7903285530845
6520,8990,35,855.025,1.16464,0.01947,-1.380561,0,0,0,0,0,0,0,0,0,0,0,0.0003894,43.8965356097959,0.000389324203496118,43.9136289207624
6521,8990,35.06667,857.195,1.1669,0.019531,-1.367327,0,0,0,0,0,0,0,0,0,0,0,0.00039062,44.0079422730786,0.000390543727869331,44.0251326554893
6522,8990,35.13334,859.58,1.16914,0.019585,-1.373359,0,0,0,0,0,0,0,0,0,0,0,0.0003917,44.1303869237372,0.00039162330558181,44.1476727962952
6523,8990,35.2,861.98,1.17134,0.019659,-1.378864,0,0,0,0,0,0,0,0,0,0,0,0.00039318,44.2536016665383,0.000393102724998564,44.2710012976415
6524,8990,35.26667,864.185,1.17356,0.01971,-1.381769,0,0,0,0,0,0,0,0,0,0,0,0.0003942,44.3668052114868,0.00039412232359259,44.3842946061011
6525,8990,35.33333,866.455,1.17576,0.019753,-1.380352,0,0,0,0,0,0,0,0,0,0,0,0.00039506,44.4833458223861,0.00039498198434477,44.5009194129867
6526,8990,35.4,868.9,1.17796,0.019816,-1.381469,0,0,0,0,0,0,0,0,0,0,0,0.00039632,44.6088708416148,0.000396241485972462,44.6265502293067
6527,8990,35.46667,871.185,1.1802,0.019855,-1.378018,0,0,0,0,0,0,0,0,0,0,0,0.0003971,44.7261815446566,0.000397021176661514,44.743942311348
6528,8990,35.53333,873.53,1.18248,0.019913,-1.374091,0,0,0,0,0,0,0,0,0,0,0,0.00039826,44.8465726162686,0.00039818071553615,44.8644332122787
6529,8990,35.6,876.135,1.18466,0.019974,-1.372859,0,0,0,0,0,0,0,0,0,0,0,0.00039948,44.9803119516839,0.000399400229108684,44.9982806867024
6530,8990,35.66667,878.455,1.18688,0.020045,-1.371479,0,0,0,0,0,0,0,0,0,0,0,0.0004009,45.0994195363916,0.000400819661066239,45.1174998936838
6531,8990,35.73333,880.71,1.18914,0.020086,-1.367283,0,0,0,0,0,0,0,0,0,0,0,0.00040172,45.2151900551485,0.000401639332123948,45.2333539012975
6532,8990,35.8,881.45,1.19136,0.020104,-1.371034,0,0,0,0,0,0,0,0,0,0,0,0.00040208,45.2531812675122,0.000401999187498106,45.2713766666362
6533,8990,35.86666,848.88,1.19356,0.019717,-1.374072,0,0,0,0,0,0,0,0,0,0,0,0.00039434,43.5810545287489,0.000394262268416581,43.5982402817918
6534,8990,35.93333,818.87,1.1958,0.019356,-1.372927,0,0,0,0,0,0,0,0,0,0,0,0.00038712,42.0403568489735,0.00038704508838544,42.0566315119169
6535,8990,36,825.61,1.19802,0.019516,-1.372435,0,0,0,0,0,0,0,0,0,0,0,0.00039032,42.3863849183399,0.000390243844964655,42.4029291721013
6536,8990,36.06667,833.81,1.2002,0.019704,-1.386818,0,0,0,0,0,0,0,0,0,0,0,0.00039408,42.8073686229104,0.000394002370870819,42.8242381507373
6537,8990,36.13334,841.58,1.2025,0.019888,-1.384306,0,0,0,0,0,0,0,0,0,0,0,0.00039776,43.2062763527289,0.000397680914461906,43.223462081211
6538,8990,36.2,850.135,1.2047,0.020066,-1.38252,0,0,0,0,0,0,0,0,0,0,0,0.00040132,43.6454855713387,0.000401239492667476,43.6630013776082
6539,8990,36.26667,858.97,1.20684,0.020241,-1.38104,0,0,0,0,0,0,0,0,0,0,0,0.00040482,44.0990698432752,0.000404738082490924,44.1169220287292
6540,8990,36.33333,867.27,1.20916,0.020409,-1.384765,0,0,0,0,0,0,0,0,0,0,0,0.00040818,44.5251874954623,0.000408096717205923,44.5433617864942
6541,8990,36.4,875.295,1.21142,0.020603,-1.385009,0,0,0,0,0,0,0,0,0,0,0,0.00041206,44.9371867917035,0.000411975126592627,44.9557036088929
6542,8990,36.46667,882.005,1.21356,0.020768,-1.373343,0,0,0,0,0,0,0,0,0,0,0,0.00041536,45.2816746767849,0.000415273761914361,45.3004828731787
6543,8990,36.53333,886.61,1.2158,0.02088,-1.369922,0,0,0,0,0,0,0,0,0,0,0,0.0004176,45.5180929645345,0.000417512829387472,45.5371013201565
6544,8990,36.6,890.44,1.21804,0.020972,-1.379221,0,0,0,0,0,0,0,0,0,0,0,0.00041944,45.7147231582546,0.00041935205963275,45.7338977417361
6545,8990,36.66667,893.98,1.2202,0.021023,-1.374361,0,0,0,0,0,0,0,0,0,0,0,0.00042046,45.8964649038863,0.000420371631463578,45.9157625315197
6546,8990,36.73333,896.975,1.22246,0.021089,-1.37518,0,0,0,0,0,0,0,0,0,0,0,0.00042178,46.0502266350068,0.000421691075819143,46.0696496995969
6547,8990,36.8,899.805,1.22468,0.021148,-1.37377,0,0,0,0,0,0,0,0,0,0,0,0.00042296,46.1955173525598,0.000422870577633118,46.2150562085792
6548,8990,36.86666,902.725,1.2269,0.021216,-1.373053,0,0,0,0,0,0,0,0,0,0,0,0.00042432,46.3454286229678,0.000424230001726645,46.3650939152411
6549,8990,36.93333,905.395,1.22916,0.021262,-1.37647,0,0,0,0,0,0,0,0,0,0,0,0.00042524,46.482505024334,0.000425149611094938,46.5022712447705
6550,8990,37,908.135,1.23142,0.021316,-1.377205,0,0,0,0,0,0,0,0,0,0,0,0.00042632,46.6231751890319,0.000426229151448344,46.6430515810785
6551,8990,37.06667,910.955,1.23356,0.021387,-1.384061,0,0,0,0,0,0,0,0,0,0,0,0.00042774,46.7679525118232,0.000427648545324385,46.7879570358306
6552,8990,37.13334,913.45,1.2358,0.021443,-1.389862,0,0,0,0,0,0,0,0,0,0,0,0.00042886,46.8960445048602,0.000428768065833827,46.9161563425065
6553,8990,37.2,916.12,1.23804,0.021506,-1.385292,0,0,0,0,0,0,0,0,0,0,0,0.00043012,47.0331209062264,0.000430027524908863,47.0533507921906
6554,8990,37.26667,919.05,1.24023,0.021552,-1.381294,0,0,0,0,0,0,0,0,0,0,0,0.00043104,47.1835455713961,0.000430947128945717,47.2038835668792
6555,8990,37.33333,921.64,1.2425,0.021603,-1.379331,0,0,0,0,0,0,0,0,0,0,0,0.00043206,47.3165148146689,0.000431966688954613,47.3369583880598
6556,8990,37.4,924.41,1.24476,0.021705,-1.375936,0,0,0,0,0,0,0,0,0,0,0,0.0004341,47.4587251636519,0.000434005805853904,47.4793269962454
6557,8990,37.46667,927.245,1.24694,0.021748,-1.37819,0,0,0,0,0,0,0,0,0,0,0,0.00043496,47.6042725785857,0.000434865432320296,47.6249785329864
6558,8990,37.53333,929.815,1.24915,0.021794,-1.387368,0,0,0,0,0,0,0,0,0,0,0,0.00043588,47.7362150323352,0.000435785031908203,47.7570222937435
6559,8990,37.6,932.435,1.25144,0.02184,-1.393479,0,0,0,0,0,0,0,0,0,0,0,0.0004368,47.870724459893,0.000436704630650448,47.8916343923371
6560,8990,37.66667,935.275,1.25359,0.021919,-1.39708,0,0,0,0,0,0,0,0,0,0,0,0.00043838,48.0165285722077,0.00043828393956083,48.0375780580032
6561,8990,37.73333,937.795,1.25577,0.02197,-1.392801,0,0,0,0,0,0,0,0,0,0,0,0.0004394,48.1459040521488,0.000439303492089439,48.1670593623893
6562,8990,37.8,940.18,1.25807,0.022049,-1.385581,0,0,0,0,0,0,0,0,0,0,0,0.00044098,48.2683487028074,0.000440882796895202,48.2896340792184
6563,8990,37.86666,942.98,1.26029,0.02211,-1.381861,0,0,0,0,0,0,0,0,0,0,0,0.0004422,48.4120992360754,0.000442102258393112,48.4335070663576
6564,8990,37.93333,945.79,1.26247,0.022166,-1.392943,0,0,0,0,0,0,0,0,0,0,0,0.00044332,48.556363164105,0.000443221762721453,48.5778891710229
6565,8990,38,948.28,1.26473,0.022227,-1.396141,0,0,0,0,0,0,0,0,0,0,0,0.00044454,48.6841984597611,0.000444441221367089,48.7058405333444
6566,8990,38.06667,950.865,1.26697,0.02227,-1.392244,0,0,0,0,0,0,0,0,0,0,0,0.0004454,48.8169110056532,0.000445300838863194,48.8386540578151
6567,8990,38.13334,953.625,1.26919,0.022326,-1.393483,0,0,0,0,0,0,0,0,0,0,0,0.00044652,48.9586079598744,0.000446420339610496,48.9804689575007
6568,8990,38.2,956.26,1.27141,0.022395,-1.39801,0,0,0,0,0,0,0,0,0,0,0,0.0004479,49.0938874795748,0.000447799722736619,49.1158766317769
6569,8990,38.26667,958.83,1.27361,0.02244,-1.402841,0,0,0,0,0,0,0,0,0,0,0,0.0004488,49.2258299333243,0.000448699319402535,49.2479224857984
6570,8990,38.33333,961.41,1.27583,0.022504,-1.396579,0,0,0,0,0,0,0,0,0,0,0,0.00045008,49.3582857818355,0.000449978744377767,49.3805009591002
6571,8990,38.4,964.005,1.27807,0.022555,-1.391678,0,0,0,0,0,0,0,0,0,0,0,0.0004511,49.4915117224892,0.000450998284982984,49.5138373434272
6572,8990,38.46667,966.625,1.28031,0.022624,-1.399838,0,0,0,0,0,0,0,0,0,0,0,0.00045248,49.626021150047,0.000452377661794385,49.648475932097
6573,8990,38.53333,969.245,1.28253,0.022672,-1.394509,0,0,0,0,0,0,0,0,0,0,0,0.00045344,49.7605305776049,0.000453337227149601,49.78309399259
6574,8990,38.6,971.85,1.28473,0.022746,-1.383445,0,0,0,0,0,0,0,0,0,0,0,0.00045492,49.8942699130203,0.000454816555268244,49.9169678142891
6575,8990,38.66667,974.44,1.28699,0.022792,-1.382974,0,0,0,0,0,0,0,0,0,0,0,0.00045584,50.0272391562931,0.00045573613650952,50.0500435729901
6576,8990,38.73333,977.095,1.28919,0.022838,-1.386756,0,0,0,0,0,0,0,0,0,0,0,0.00045676,50.1635454655168,0.000456655716904945,50.1864581665437
6577,8990,38.8,979.615,1.29139,0.022906,-1.389181,0,0,0,0,0,0,0,0,0,0,0,0.00045812,50.292920945458,0.000458015095070948,50.3159611384015
6578,8990,38.86666,982.165,1.29363,0.022962,-1.39524,0,0,0,0,0,0,0,0,0,0,0,0.00045924,50.4238366096842,0.00045913458158495,50.4469932524088
6579,8990,38.93333,984.84,1.29585,0.023031,-1.400228,0,0,0,0,0,0,0,0,0,0,0,0.00046062,50.5611697084312,0.000460513947173164,50.5844591944223
6580,8990,39,987.465,1.29803,0.023097,-1.390789,0,0,0,0,0,0,0,0,0,0,0,0.00046194,50.6959358333699,0.000461833338564497,50.7193543139688
6581,8990,39.06667,989.985,1.30033,0.023143,-1.390066,0,0,0,0,0,0,0,0,0,0,0,0.00046286,50.8253113133111,0.000462752913353074,50.8488363169056
6582,8990,39.13334,992.685,1.30257,0.023199,-1.387984,0,0,0,0,0,0,0,0,0,0,0,0.00046398,50.9639278989623,0.000463872394562947,50.9875741422289
6583,8990,39.2,995.34,1.30469,0.023252,-1.385716,0,0,0,0,0,0,0,0,0,0,0,0.00046504,51.100234208186,0.000464931902410953,51.1239978611022
6584,8990,39.26667,997.785,1.30699,0.023308,-1.379828,0,0,0,0,0,0,0,0,0,0,0,0.00046616,51.2257592274146,0.000466051381181715,51.2496386273361
6585,8990,39.33333,1000.375,1.30927,0.023359,-1.383041,0,0,0,0,0,0,0,0,0,0,0,0.00046718,51.3587284706875,0.000467070905400366,51.3827222414544
6586,8990,39.4,1003.16,1.31141,0.023418,-1.383621,0,0,0,0,0,0,0,0,0,0,0,0.00046836,51.5017089118129,0.000468250353689774,51.5258302521989
6587,8990,39.46667,1005.58,1.31365,0.023492,-1.38274,0,0,0,0,0,0,0,0,0,0,0,0.00046984,51.6259504441374,0.000469729659747411,51.6502063806941
6588,8990,39.53333,1008.135,1.31591,0.023553,-1.374811,0,0,0,0,0,0,0,0,0,0,0,0.00047106,51.7571228057444,0.000470949086068212,51.7815035160133
6589,8990,39.6,1010.995,1.31809,0.023614,-1.383058,0,0,0,0,0,0,0,0,0,0,0,0.00047228,51.9039537075824,0.000472168510902236,51.9284669068394
6590,8990,39.66667,1013.515,1.32031,0.023662,-1.38517,0,0,0,0,0,0,0,0,0,0,0,0.00047324,52.0333291875235,0.000473128057267035,52.0579534402282
6591,8990,39.73333,1016.1,1.32257,0.023713,-1.386229,0,0,0,0,0,0,0,0,0,0,0,0.00047426,52.1660417334155,0.000474147574270873,52.190782000368
6592,8990,39.8,1019.05,1.32477,0.023794,-1.390096,0,0,0,0,0,0,0,0,0,0,0,0.00047588,52.3174931881086,0.000475766805022844,52.3423900367669
6593,8990,39.86666,1021.74,1.32699,0.023863,-1.389128,0,0,0,0,0,0,0,0,0,0,0,0.00047726,52.4555963789981,0.00047714614766957,52.480631336926
6594,8990,39.93333,1024.46,1.32927,0.023929,-1.392388,0,0,0,0,0,0,0,0,0,0,0,0.00047858,52.5952397541727,0.000478465517116495,52.6204107840143
6595,8990,40,1027.45,1.33145,0.024006,-1.401731,0,0,0,0,0,0,0,0,0,0,0,0.00048012,52.7487447879124,0.000480004779271148,52.77407051526
6596,8990,40.06667,1030.245,1.33363,0.024072,-1.396725,0,0,0,0,0,0,0,0,0,0,0,0.00048144,52.8922386237995,0.000481324144946491,52.9177030631626
6597,8990,40.13334,1033.02,1.33591,0.024125,-1.394513,0,0,0,0,0,0,0,0,0,0,0,0.0004825,53.0347056701633,0.000482383634304402,53.0602949156491
6598,8990,40.2,1036.24,1.33809,0.024202,-1.400722,0,0,0,0,0,0,0,0,0,0,0,0.00048404,53.2000187834214,0.000483922890428062,53.2257697205134
6599,8990,40.26667,1039.2,1.34031,0.024276,-1.397131,0,0,0,0,0,0,0,0,0,0,0,0.00048552,53.3519836328761,0.00048540217330142,53.3778870879696
6600,8990,40.33333,1042.02,1.34261,0.024324,-1.397493,0,0,0,0,0,0,0,0,0,0,0,0.00048648,53.4967609556674,0.000486361706967997,53.5227860599371
6601,8990,40.4,1045.18,1.34481,0.024385,-1.397462,0,0,0,0,0,0,0,0,0,0,0,0.0004877,53.6589937003555,0.000487581113007644,53.6851631915832
6602,8990,40.46667,1048.135,1.34699,0.024433,-1.389975,0,0,0,0,0,0,0,0,0,0,0,0.00048866,53.8107018524294,0.000488540644583459,53.8369969899966
6603,8990,40.53333,1050.925,1.34931,0.024515,-1.389119,0,0,0,0,0,0,0,0,0,0,0,0.0004903,53.9539389909357,0.00049017984222902,53.9803926072229
6604,8990,40.6,1053.91,1.35149,0.024606,-1.382391,0,0,0,0,0,0,0,0,0,0,0,0.00049212,54.1071873272945,0.000491998948665789,54.133814556322
6605,8990,40.66667,1056.735,1.35361,0.024675,-1.378851,0,0,0,0,0,0,0,0,0,0,0,0.0004935,54.2522213474667,0.000493378268922802,54.2789948187016
6606,8990,40.73333,1059.19,1.35591,0.024736,-1.368082,0,0,0,0,0,0,0,0,0,0,0,0.00049472,54.378259761457,0.000494597666406447,54.4051617741261
6607,8990,40.8,1062.065,1.35815,0.024813,-1.372234,0,0,0,0,0,0,0,0,0,0,0,0.00049626,54.5258607554374,0.000496136903729712,54.5529197590959
6608,8990,40.86666,1064.985,1.36033,0.024884,-1.379409,0,0,0,0,0,0,0,0,0,0,0,0.00049768,54.6757720258454,0.000497556198382879,54.7029830640673
6609,8990,40.93333,1067.64,1.36259,0.024922,-1.376872,0,0,0,0,0,0,0,0,0,0,0,0.00049844,54.8120783350692,0.000498315820045757,54.8393988673945
6610,8990,41,1070.4,1.36483,0.024975,-1.378277,0,0,0,0,0,0,0,0,0,0,0,0.0004995,54.9537752892904,0.000499375291401332,54.9812247000474
6611,8990,41.06667,1073.24,1.36703,0.025039,-1.382448,0,0,0,0,0,0,0,0,0,0,0,0.00050078,55.099579401605,0.000500654651542144,55.1271721689778
6612,8990,41.13334,1075.86,1.36925,0.02509,-1.384378,0,0,0,0,0,0,0,0,0,0,0,0.0005018,55.2340888291629,0.000501674140482551,55.2618052949374
6613,8990,41.2,1078.62,1.37145,0.025194,-1.382398,0,0,0,0,0,0,0,0,0,0,0,0.00050388,55.3757857833842,0.000503753095100805,55.4036885343247
6614,8990,41.26667,1081.475,1.37367,0.025255,-1.381369,0,0,0,0,0,0,0,0,0,0,0,0.0005051,55.5223599878413,0.000504972479933486,55.5504043318712
6615,8990,41.33333,1084.37,1.37589,0.025314,-1.379708,0,0,0,0,0,0,0,0,0,0,0,0.00050628,55.6709877713451,0.00050615188352082,55.699172879034
6616,8990,41.4,1087.35,1.37815,0.02539,-1.374922,0,0,0,0,0,0,0,0,0,0,0,0.0005078,55.8239794103232,0.000507671113210687,55.8523268270677
6617,8990,41.46667,1090.355,1.38037,0.025477,-1.380485,0,0,0,0,0,0,0,0,0,0,0,0.00050954,55.9782545362054,0.000509410228574736,56.0067776960218
6618,8990,41.53333,1093.265,1.38257,0.025571,-1.40018,0,0,0,0,0,0,0,0,0,0,0,0.00051142,56.1276524118517,0.000511289269362116,56.1563572158482
6619,8990,41.6,1096.225,1.38483,0.025617,-1.402238,0,0,0,0,0,0,0,0,0,0,0,0.00051234,56.2796172613064,0.000512208798673412,56.3084515604141
6620,8990,41.66667,1099.295,1.38705,0.025698,-1.395703,0,0,0,0,0,0,0,0,0,0,0,0.00051396,56.4372294531395,0.000513827967796702,56.4662359315892
6621,8990,41.73333,1102.21,1.38923,0.025757,-1.392779,0,0,0,0,0,0,0,0,0,0,0,0.00051514,56.5868840261667,0.000515007360940116,56.6160341936039
6622,8990,41.8,1105.06,1.39151,0.025818,-1.395493,0,0,0,0,0,0,0,0,0,0,0,0.00051636,56.733201533243,0.000516226732049379,56.7624962891867
6623,8990,41.86666,1108.02,1.39373,0.025882,-1.393979,0,0,0,0,0,0,0,0,0,0,0,0.00051764,56.8851663826976,0.000517506070631325,56.914612420224
6624,8990,41.93333,1110.985,1.39589,0.025958,-1.389617,0,0,0,0,0,0,0,0,0,0,0,0.00051916,57.0373879295332,0.000519025283071684,57.0669994598507
6625,8990,42,1113.795,1.39817,0.026022,-1.3903,0,0,0,0,0,0,0,0,0,0,0,0.00052044,57.1816518575628,0.000520304618073343,57.2114114764556
6626,8990,42.06667,1116.77,1.40041,0.026085,-1.400424,0,0,0,0,0,0,0,0,0,0,0,0.0005217,57.33438679916,0.000521563961866965,57.3642981487531
6627,8990,42.13334,1120.005,1.40255,0.026144,-1.400965,0,0,0,0,0,0,0,0,0,0,0,0.00052288,57.5004700045606,0.000522743345886419,57.5305358503166
6628,8990,42.2,1122.74,1.40481,0.026207,-1.403189,0,0,0,0,0,0,0,0,0,0,0,0.00052414,57.6408834718777,0.000524002686609072,57.6710953645407
6629,8990,42.26667,1125.535,1.40711,0.026274,-1.404044,0,0,0,0,0,0,0,0,0,0,0,0.00052548,57.7843773077648,0.00052534198373262,57.8147418423525
6630,8990,42.33333,1128.865,1.40925,0.026337,-1.390388,0,0,0,0,0,0,0,0,0,0,0,0.00052674,57.9553377634014,0.000526601321182487,57.9858651580149
6631,8990,42.4,1131.695,1.41145,0.026413,-1.391224,0,0,0,0,0,0,0,0,0,0,0,0.00052826,58.1006284809543,0.000528120519805301,58.1313207189557
6632,8990,42.46667,1134.375,1.41375,0.02647,-1.399695,0,0,0,0,0,0,0,0,0,0,0,0.0005294,58.2382182770822,0.000529259917257702,58.2690495898381
6633,8990,42.53333,1137.475,1.41593,0.026546,-1.399902,0,0,0,0,0,0,0,0,0,0,0,0.00053092,58.3973706532003,0.00053077911184159,58.4283749852275
6634,8990,42.6,1140.485,1.41813,0.02662,-1.394461,0,0,0,0,0,0,0,0,0,0,0,0.0005324,58.5519024764634,0.000532258325402795,58.5830755093418
6635,8990,42.66667,1143.315,1.42043,0.026681,-1.394658,0,0,0,0,0,0,0,0,0,0,0,0.00053362,58.6971931940163,0.000533477675476925,58.7285151902485
6636,8990,42.73333,1146.4,1.42263,0.026744,-1.394288,0,0,0,0,0,0,0,0,0,0,0,0.00053488,58.8555754779919,0.00053473700268148,58.8870561482036
6637,8990,42.8,1149.46,1.42483,0.02679,-1.391099,0,0,0,0,0,0,0,0,0,0,0,0.0005358,59.0126742750633,0.000535656510432161,59.0442932659399
6638,8990,42.86666,1152.325,1.42713,0.026859,-1.394864,0,0,0,0,0,0,0,0,0,0,0,0.00053718,59.1597618742821,0.000537035770472993,59.1915413151657
6639,8990,42.93333,1155.39,1.42929,0.026956,-1.392117,0,0,0,0,0,0,0,0,0,0,0,0.00053912,59.3171173687344,0.000538974727023504,59.3490964130502
6640,8990,43,1158.36,1.43147,0.027032,-1.387915,0,0,0,0,0,0,0,0,0,0,0,0.00054064,59.4695956129507,0.000540493906848788,59.5017472551229
6641,8990,43.06667,1161.18,1.43377,0.027073,-1.389175,0,0,0,0,0,0,0,0,0,0,0,0.00054146,59.614372935742,0.000541313463427603,59.6466517341118
6642,8990,43.13334,1164.34,1.43591,0.027136,-1.397089,0,0,0,0,0,0,0,0,0,0,0,0.00054272,59.7766056804301,0.000542572780764382,59.809047639865
6643,8990,43.2,1167.185,1.43813,0.027223,-1.390986,0,0,0,0,0,0,0,0,0,0,0,0.00054446,59.9226664901256,0.000544311835431517,59.9552919851228
6644,8990,43.26667,1169.96,1.44045,0.027281,-1.391004,0,0,0,0,0,0,0,0,0,0,0,0.00054562,60.0651335364894,0.000545471203529584,60.0979062746495
6645,8990,43.33333,1173.195,1.44263,0.027345,-1.393896,0,0,0,0,0,0,0,0,0,0,0,0.0005469,60.23121674189,0.00054675050469852,60.2641571943262
6646,8990,43.4,1176.255,1.44483,0.027419,-1.392201,0,0,0,0,0,0,0,0,0,0,0,0.00054838,60.3883155389614,0.000548229694634831,60.4214312834367
6647,8990,43.46667,1179.06,1.44713,0.02751,-1.388269,0,0,0,0,0,0,0,0,0,0,0,0.0005502,60.5323227696102,0.000550048695475901,60.565627653598
6648,8990,43.53333,1182.325,1.44931,0.027592,-1.383458,0,0,0,0,0,0,0,0,0,0,0,0.00055184,60.6999461592959,0.000551687792300794,60.7334428175844
6649,8990,43.6,1185.425,1.45146,0.02765,-1.377926,0,0,0,0,0,0,0,0,0,0,0,0.000553,60.8590985354139,0.000552847151847449,60.892753616904
6650,8990,43.66667,1188.05,1.45375,0.027694,-1.386301,0,0,0,0,0,0,0,0,0,0,0,0.00055388,60.9938646603526,0.000553726665089621,61.0276479421107
6651,8990,43.73333,1191.035,1.45599,0.02778,-1.400191,0,0,0,0,0,0,0,0,0,0,0,0.0005556,61.1471129967115,0.000555445711465817,61.1810863326925
6652,8990,43.8,1194.37,1.45818,0.027897,-1.393089,0,0,0,0,0,0,0,0,0,0,0,0.00055794,61.3183301497289,0.000557784409348988,61.3525420988526
6653,8990,43.86666,1197.265,1.46043,0.027966,-1.390347,0,0,0,0,0,0,0,0,0,0,0,0.00055932,61.4669579332327,0.000559163638870051,61.5013376321439
6654,8990,43.93333,1200.28,1.46267,0.02803,-1.385603,0,0,0,0,0,0,0,0,0,0,0,0.0005606,61.6217464538766,0.00056044292252237,61.6562916049386
6655,8990,44,1203.31,1.46488,0.028109,-1.380925,0,0,0,0,0,0,0,0,0,0,0,0.00056218,61.777305066663,0.000562022036023787,61.8120350320253
6656,8990,44.06667,1206.235,1.4671,0.028162,-1.3908,0,0,0,0,0,0,0,0,0,0,0,0.00056324,61.9274730344518,0.000563081439886637,61.9623530643637
6657,8990,44.13334,1209.18,1.46934,0.028226,-1.384457,0,0,0,0,0,0,0,0,0,0,0,0.00056452,62.078667791764,0.00056436071852699,62.1137124413058
6658,8990,44.2,1212.245,1.47152,0.028322,-1.38853,0,0,0,0,0,0,0,0,0,0,0,0.00056644,62.2360232862162,0.000566279633419097,62.2712762592465
6659,8990,44.26667,1215.15,1.47376,0.028381,-1.400657,0,0,0,0,0,0,0,0,0,0,0,0.00056762,62.3851644644817,0.000567458964702813,62.4205755315351
6660,8990,44.33333,1218.15,1.476,0.028452,-1.401874,0,0,0,0,0,0,0,0,0,0,0,0.00056904,62.5391828929831,0.000568878158132641,62.5747701896165
6661,8990,44.4,1221.15,1.47822,0.028521,-1.400129,0,0,0,0,0,0,0,0,0,0,0,0.00057042,62.6932013214845,0.000570257372352974,62.7289627773823
6662,8990,44.46667,1224.205,1.48042,0.028595,-1.392589,0,0,0,0,0,0,0,0,0,0,0,0.0005719,62.850043421175,0.000571736527518597,62.8859873610076
6663,8990,44.53333,1227.205,1.48268,0.028679,-1.383677,0,0,0,0,0,0,0,0,0,0,0,0.00057358,63.0040618496764,0.000573415565866178,63.0401997194722
6664,8990,44.6,1230.245,1.48488,0.028768,-1.384125,0,0,0,0,0,0,0,0,0,0,0,0.00057536,63.1601338572245,0.000575194543896732,63.1964736718406
6665,8990,44.66667,1233.315,1.48708,0.028831,-1.392179,0,0,0,0,0,0,0,0,0,0,0,0.00057662,63.3177460490576,0.000576453818567006,63.3542563277844
6666,8990,44.73333,1236.36,1.48934,0.028895,-1.389795,0,0,0,0,0,0,0,0,0,0,0,0.0005779,63.4740747539865,0.000577733080100486,63.5107564217868
6667,8990,44.8,1239.49,1.49156,0.028979,-1.387881,0,0,0,0,0,0,0,0,0,0,0,0.00057958,63.6347673143896,0.000579412108379664,63.6716487528296
6668,8990,44.86666,1242.64,1.49374,0.029053,-1.38611,0,0,0,0,0,0,0,0,0,0,0,0.00058106,63.796486664316,0.000580891250004306,63.8335562508572
6669,8990,44.93333,1245.595,1.496,0.029132,-1.385579,0,0,0,0,0,0,0,0,0,0,0,0.00058264,63.9481948163899,0.000582470331215849,63.9854535926177
6670,8990,45,1248.605,1.49828,0.029188,-1.384161,0,0,0,0,0,0,0,0,0,0,0,0.00058376,64.1027266396529,0.000583589678412641,64.1401472473561
6671,8990,45.06667,1251.915,1.50042,0.029279,-1.379851,0,0,0,0,0,0,0,0,0,0,0,0.00058558,64.2726603057661,0.000585408614935066,64.3102970901879
6672,8990,45.13334,1254.87,1.50266,0.029325,-1.378278,0,0,0,0,0,0,0,0,0,0,0,0.0005865,64.4243684578399,0.000586328076094008,64.4621533499405
6673,8990,45.2,1257.8,1.50498,0.029399,-1.384452,0,0,0,0,0,0,0,0,0,0,0,0.00058798,64.5747931230096,0.000587807207488775,64.6127618098701
6674,8990,45.26667,1261.265,1.50714,0.029463,-1.391131,0,0,0,0,0,0,0,0,0,0,0,0.00058926,64.7526844079287,0.000589086454498393,64.7908405747429
6675,8990,45.33333,1264.455,1.50928,0.029547,-1.386184,0,0,0,0,0,0,0,0,0,0,0,0.00059094,64.9164573369018,0.000590765463715059,64.9548190682005
6676,8990,45.4,1267.04,1.5116,0.029641,-1.384929,0,0,0,0,0,0,0,0,0,0,0,0.00059282,65.0491698827938,0.000592644351638995,65.0877323316838
6677,8990,45.46667,1270.245,1.5138,0.029704,-1.381728,0,0,0,0,0,0,0,0,0,0,0,0.00059408,65.2137129039095,0.000593903604335375,65.2524550664714
6678,8990,45.53333,1273.455,1.51596,0.029773,-1.379663,0,0,0,0,0,0,0,0,0,0,0,0.00059546,65.3785126224059,0.000595282784040712,65.4174429115321
6679,8990,45.6,1276.275,1.51828,0.029834,-1.387165,0,0,0,0,0,0,0,0,0,0,0,0.00059668,65.5232899451972,0.000596502057268433,65.5623863818417
6680,8990,45.66667,1279.54,1.52048,0.029898,-1.382947,0,0,0,0,0,0,0,0,0,0,0,0.00059796,65.6909133348829,0.000597781293155245,65.7301938734206
6681,8990,45.73333,1282.815,1.52264,0.029997,-1.387066,0,0,0,0,0,0,0,0,0,0,0,0.00059994,65.8590501193302,0.000599760107944307,65.8985615978588
6682,8990,45.8,1285.755,1.52498,0.030061,-1.387114,0,0,0,0,0,0,0,0,0,0,0,0.00060122,66.0099881792616,0.000601039339663314,66.0496747043547
6683,8990,45.86666,1289.085,1.52718,0.030135,-1.377174,0,0,0,0,0,0,0,0,0,0,0,0.0006027,66.1809486348981,0.000602518449298365,66.2208358926404
6684,8990,45.93333,1292.34,1.5293,0.030206,-1.380667,0,0,0,0,0,0,0,0,0,0,0,0.00060412,66.3480586298221,0.000603937592972911,66.3881408190015
6685,8990,46,1295.105,1.53162,0.030267,-1.379245,0,0,0,0,0,0,0,0,0,0,0,0.00060534,66.4900122814242,0.000605156855648106,66.5302613454586
6686,8990,46.06667,1298.22,1.53382,0.030361,-1.375238,0,0,0,0,0,0,0,0,0,0,0,0.00060722,66.6499347496848,0.00060703571653245,66.6904059230635
6687,8990,46.13334,1301.555,1.53598,0.030443,-1.379454,0,0,0,0,0,0,0,0,0,0,0,0.00060886,66.8211519027022,0.000608674719952836,66.8618366292496
6688,8990,46.2,1304.525,1.53832,0.030493,-1.382955,0,0,0,0,0,0,0,0,0,0,0,0.00060986,66.9736301469185,0.000609674110963848,67.0144746849999
6689,8990,46.26667,1307.855,1.54052,0.03058,-1.379501,0,0,0,0,0,0,0,0,0,0,0,0.0006116,67.144590602555,0.00061141304894234,67.1856562341676
6690,8990,46.33333,1311.25,1.54268,0.030661,-1.390943,0,0,0,0,0,0,0,0,0,0,0,0.00061322,67.3188881241424,0.000613032057445267,67.3601694127179
6691,8990,46.4,1314.175,1.54496,0.030722,-1.392741,0,0,0,0,0,0,0,0,0,0,0,0.00061444,67.4690560919313,0.000614251309032201,67.5105117787564
6692,8990,46.46667,1317.355,1.54722,0.030781,-1.39659,0,0,0,0,0,0,0,0,0,0,0,0.00061562,67.6323156261427,0.00061543058374281,67.6739514322885
6693,8990,46.53333,1320.775,1.54932,0.03087,-1.398806,0,0,0,0,0,0,0,0,0,0,0,0.0006174,67.8078966346343,0.000617209487031206,67.8497612300165
6694,8990,46.6,1323.675,1.55158,0.030916,-1.393879,0,0,0,0,0,0,0,0,0,0,0,0.00061832,67.956781115519,0.00061812891895096,67.9988001524183
6695,8990,46.66667,1326.685,1.55386,0.031025,-1.391193,0,0,0,0,0,0,0,0,0,0,0,0.0006205,68.111312938782,0.000620307569472893,68.1535760084605
6696,8990,46.73333,1330.27,1.55604,0.031122,-1.398787,0,0,0,0,0,0,0,0,0,0,0,0.00062244,68.2953649608411,0.000622246364569883,68.3378747278074
6697,8990,46.8,1333.43,1.55826,0.031176,-1.401526,0,0,0,0,0,0,0,0,0,0,0,0.00062352,68.4575977055293,0.000623325692170472,68.5002823868506
6698,8990,46.86666,1336.385,1.56054,0.031252,-1.395699,0,0,0,0,0,0,0,0,0,0,0,0.00062504,68.6093058576031,0.000624844743856973,68.6521894181364
6699,8990,46.93333,1339.75,1.56274,0.031338,-1.394633,0,0,0,0,0,0,0,0,0,0,0,0.00062676,68.7820631949055,0.000626563667982347,68.8251730408335
6700,8990,47,1342.965,1.56492,0.031402,-1.397817,0,0,0,0,0,0,0,0,0,0,0,0.00062804,68.9471196107828,0.00062784286541387,68.9904211597832
6701,8990,47.06667,1345.985,1.56718,0.031471,-1.396714,0,0,0,0,0,0,0,0,0,0,0,0.00062942,69.1021648288075,0.000629221998311695,69.1456591133941
6702,8990,47.13334,1349.27,1.56938,0.031542,-1.388025,0,0,0,0,0,0,0,0,0,0,0,0.00063084,69.2708150080165,0.000630641104090378,69.3145138089562
6703,8990,47.2,1352.405,1.57156,0.031623,-1.39815,0,0,0,0,0,0,0,0,0,0,0,0.00063246,69.4317642658005,0.000632260081463467,69.475677079428
6704,8990,47.26667,1355.42,1.57386,0.031702,-1.399791,0,0,0,0,0,0,0,0,0,0,0,0.00063404,69.5865527864443,0.000633839081561601,69.6306734443731
6705,8990,47.33333,1358.69,1.57608,0.031799,-1.39781,0,0,0,0,0,0,0,0,0,0,0,0.00063598,69.7544328735108,0.000635777850423965,69.7987952977297
6706,8990,47.4,1362.085,1.57824,0.031886,-1.394826,0,0,0,0,0,0,0,0,0,0,0,0.00063772,69.9287303950982,0.000637516743010305,69.9733253450458
6707,8990,47.46667,1365.175,1.58054,0.031952,-1.391928,0,0,0,0,0,0,0,0,0,0,0,0.00063904,70.0873693764546,0.000638835900886271,70.132158008981
6708,8990,47.53333,1368.315,1.58276,0.032023,-1.384673,0,0,0,0,0,0,0,0,0,0,0,0.00064046,70.2485753316194,0.000640254993022107,70.2935667341763
6709,8990,47.6,1371.7,1.58494,0.032105,-1.388819,0,0,0,0,0,0,0,0,0,0,0,0.0006421,70.4223594584451,0.000641893941996934,70.4675776554534
6710,8990,47.66667,1374.815,1.5872,0.032145,-1.391066,0,0,0,0,0,0,0,0,0,0,0,0.0006429,70.5822819267057,0.000642693428326768,70.6276592757564
6711,8990,47.73333,1377.985,1.58942,0.032239,-1.385855,0,0,0,0,0,0,0,0,0,0,0,0.00064478,70.7450280661555,0.000644572218686504,70.790643045352
6712,8990,47.8,1381.34,1.5916,0.032321,-1.38895,0,0,0,0,0,0,0,0,0,0,0,0.00064642,70.9172720086962,0.000646211160585639,70.9631143516681
6713,8990,47.86666,1384.455,1.59384,0.032392,-1.388214,0,0,0,0,0,0,0,0,0,0,0,0.00064784,71.0771944769568,0.000647630242255349,71.1232411266268
6714,8990,47.93333,1387.585,1.59612,0.032463,-1.383337,0,0,0,0,0,0,0,0,0,0,0,0.00064926,71.2378870373599,0.000649049321911268,71.2841389478978
6715,8990,48,1391.14,1.59826,0.032535,-1.378988,0,0,0,0,0,0,0,0,0,0,0,0.0006507,71.420398875134,0.000650488386547944,71.4668721286821
6716,8990,48.06667,1394.315,1.60046,0.032616,-1.386017,0,0,0,0,0,0,0,0,0,0,0,0.00065232,71.5834017119647,0.000652107331788854,71.6300969965694
6717,8990,48.13334,1397.28,1.6028,0.032703,-1.386536,0,0,0,0,0,0,0,0,0,0,0,0.00065406,71.7356232588002,0.000653846195980237,71.7825426605488
6718,8990,48.2,1400.825,1.60498,0.032804,-1.385165,0,0,0,0,0,0,0,0,0,0,0,0.00065608,71.9176217018126,0.000655864873605022,71.9648054150588
6719,8990,48.26667,1404.145,1.60714,0.032871,-1.381649,0,0,0,0,0,0,0,0,0,0,0,0.00065742,72.0880687626875,0.000657203994137684,72.1354609008534
6720,8990,48.33333,1407.035,1.60942,0.032932,-1.390981,0,0,0,0,0,0,0,0,0,0,0,0.00065864,72.2364398488105,0.000658423191868914,72.2840176575525
6721,8990,48.4,1410.36,1.61164,0.033018,-1.394536,0,0,0,0,0,0,0,0,0,0,0,0.00066036,72.4071436070662,0.000660142058276502,72.4549583884185
6722,8990,48.46667,1413.81,1.61382,0.033105,-1.389005,0,0,0,0,0,0,0,0,0,0,0,0.0006621,72.5842647998428,0.000661880908496654,72.6323228415667
6723,8990,48.53333,1416.925,1.6161,0.033196,-1.385451,0,0,0,0,0,0,0,0,0,0,0,0.00066392,72.7441872681033,0.000663699702618006,72.7924835889144
6724,8990,48.6,1420.32,1.6183,0.03328,-1.385744,0,0,0,0,0,0,0,0,0,0,0,0.0006656,72.9184847896907,0.000665378586563119,72.9670193331668
6725,8990,48.66667,1423.86,1.6205,0.033331,-1.376806,0,0,0,0,0,0,0,0,0,0,0,0.00066662,73.1002265353223,0.000666397907583212,73.1489566083353
6726,8990,48.73333,1426.93,1.6228,0.033385,-1.37759,0,0,0,0,0,0,0,0,0,0,0,0.0006677,73.2578387271554,0.000667477187530678,73.3067529860735
6727,8990,48.8,1430.28,1.625,0.033479,-1.381618,0,0,0,0,0,0,0,0,0,0,0,0.00066958,73.4298259723153,0.000669355931327547,73.4789931151899
6728,8990,48.86666,1433.74,1.62716,0.033565,-1.392656,0,0,0,0,0,0,0,0,0,0,0,0.0006713,73.6074605598535,0.000671074778943335,73.6568732481274
6729,8990,48.93333,1436.775,1.62946,0.033644,-1.405109,0,0,0,0,0,0,0,0,0,0,0,0.00067288,73.7632758700208,0.000672653717754295,73.8129097030882
6730,8990,49,1440.075,1.63164,0.033716,-1.405044,0,0,0,0,0,0,0,0,0,0,0,0.00067432,73.9326961413723,0.000674092748423145,73.9825504370343
6731,8990,49.06667,1443.46,1.63384,0.033805,-1.393823,0,0,0,0,0,0,0,0,0,0,0,0.0006761,74.106480268198,0.000675871547360378,74.1565836595073
6732,8990,49.13334,1446.5,1.63614,0.033879,-1.39463,0,0,0,0,0,0,0,0,0,0,0,0.00067758,74.2625522757461,0.000677350546314835,74.3128710959171
6733,8990,49.2,1449.925,1.63834,0.033955,-1.393356,0,0,0,0,0,0,0,0,0,0,0,0.0006791,74.4383899816185,0.000678869515936848,74.488941092255
6734,8990,49.26667,1453.415,1.64052,0.034031,-1.389884,0,0,0,0,0,0,0,0,0,0,0,0.00068062,74.6175647534417,0.000680388483251817,74.6683509603642
6735,8990,49.33333,1456.52,1.6428,0.034141,-1.396151,0,0,0,0,0,0,0,0,0,0,0,0.00068282,74.7769738269406,0.000682586984489507,74.8280330402092
6736,8990,49.4,1459.835,1.64504,0.034209,-1.392554,0,0,0,0,0,0,0,0,0,0,0,0.00068418,74.9471641904347,0.000683946055564378,74.9984415412305
6737,8990,49.46667,1463.36,1.64718,0.034304,-1.394143,0,0,0,0,0,0,0,0,0,0,0,0.00068608,75.1281358439238,0.000685844754708633,75.1796797553636
6738,8990,49.53333,1466.395,1.64942,0.034395,-1.39463,0,0,0,0,0,0,0,0,0,0,0,0.0006879,75.283951154091,0.000687663505245243,75.3357389840899
6739,8990,49.6,1469.54,1.65168,0.034456,-1.400314,0,0,0,0,0,0,0,0,0,0,0,0.00068912,75.4454138066366,0.000688882665841116,75.4974047501991
6740,8990,49.66667,1473.145,1.65386,0.034494,-1.39729,0,0,0,0,0,0,0,0,0,0,0,0.00068988,75.6304926182191,0.000689642142182001,75.6826685824666
6741,8990,49.73333,1476.53,1.6561,0.034584,-1.398967,0,0,0,0,0,0,0,0,0,0,0,0.00069168,75.8042767450448,0.00069144089963649,75.8567090471838
6742,8990,49.8,1479.835,1.65836,0.034693,-1.396168,0,0,0,0,0,0,0,0,0,0,0,0.00069386,75.9739537137772,0.000693619390443267,76.026669001301
6743,8990,49.86666,1483.325,1.66056,0.03479,-1.396153,0,0,0,0,0,0,0,0,0,0,0,0.0006958,76.1531284856004,0.000695558043409005,76.2061158324007
6744,8990,49.93333,1486.79,1.6628,0.034848,-1.388062,0,0,0,0,0,0,0,0,0,0,0,0.00069696,76.3310197705195,0.000696717236170406,76.3842194380588
6745,8990,50,1490.095,1.66502,0.034917,-1.398083,0,0,0,0,0,0,0,0,0,0,0,0.00069834,76.5006967392519,0.000698096274084656,76.5541202358128
6746,8990,50.06667,1493.445,1.66721,0.035006,-1.397765,0,0,0,0,0,0,0,0,0,0,0,0.00070012,76.6726839844117,0.000699875030324993,76.7263640639229
6747,8990,50.13334,1496.765,1.66945,0.03508,-1.396814,0,0,0,0,0,0,0,0,0,0,0,0.0007016,76.8431310452866,0.000701353993778554,76.897044186028
6748,8990,50.2,1500.17,1.6717,0.035182,-1.393075,0,0,0,0,0,0,0,0,0,0,0,0.00070364,77.0179419616357,0.000703392561440181,77.0721348663175
6749,8990,50.26667,1503.71,1.67392,0.035263,-1.394566,0,0,0,0,0,0,0,0,0,0,0,0.00070526,77.1996837072673,0.000705011421034464,77.2541295561987
6750,8990,50.33333,1507.135,1.67613,0.035342,-1.395972,0,0,0,0,0,0,0,0,0,0,0,0.00070684,77.3755214131397,0.000706590306262717,77.4302135266954
6751,8990,50.4,1510.51,1.67837,0.035441,-1.392497,0,0,0,0,0,0,0,0,0,0,0,0.00070882,77.5487921452037,0.000708568905750599,77.6037602800521
6752,8990,50.46667,1513.905,1.68059,0.035507,-1.385957,0,0,0,0,0,0,0,0,0,0,0,0.00071014,77.7230896667911,0.000709887969900937,77.7782839416871
6753,8990,50.53333,1517.39,1.68281,0.035604,-1.378401,0,0,0,0,0,0,0,0,0,0,0,0.00071208,77.9020077412335,0.000711826591327833,77.9574802029059
6754,8990,50.6,1520.775,1.68503,0.035688,-1.370691,0,0,0,0,0,0,0,0,0,0,0,0.00071376,78.0757918680593,0.000713505394475497,78.131519245263
6755,8990,50.66667,1524.16,1.68725,0.035782,-1.366029,0,0,0,0,0,0,0,0,0,0,0,0.00071564,78.249575994885,0.000715384051799007,78.30557452145
6756,8990,50.73333,1527.71,1.68947,0.035861,-1.367351,0,0,0,0,0,0,0,0,0,0,0,0.00071722,78.4318311352783,0.000716962920650164,78.4880840132051
6757,8990,50.8,1531.19,1.69167,0.03594,-1.369575,0,0,0,0,0,0,0,0,0,0,0,0.0007188,78.6104925123399,0.000718541787008276,78.6669977343577
6758,8990,50.86666,1534.47,1.69397,0.036001,-1.38336,0,0,0,0,0,0,0,0,0,0,0,0.00072002,78.778885994168,0.000719760909958947,78.8356083676615
6759,8990,50.93333,1538.075,1.69613,0.03609,-1.389547,0,0,0,0,0,0,0,0,0,0,0,0.0007218,78.9639648057505,0.00072153962766363,79.0209609955473
6760,8990,51,1541.62,1.69831,0.036207,-1.385688,0,0,0,0,0,0,0,0,0,0,0,0.00072414,79.145963248763,0.000723877937136021,79.2032760065899
6761,8990,51.06667,1544.78,1.70063,0.036271,-1.384533,0,0,0,0,0,0,0,0,0,0,0,0.00072542,79.3081959934511,0.000725157010089518,79.3657277449887
6762,8990,51.13334,1548.565,1.70287,0.036337,-1.40059,0,0,0,0,0,0,0,0,0,0,0,0.00072674,79.5025159107437,0.000726476052359279,79.5602935691566
6763,8990,51.2,1552.39,1.70499,0.036429,-1.387697,0,0,0,0,0,0,0,0,0,0,0,0.00072858,79.6988894070829,0.000728314714438572,79.7569564239271
6764,8990,51.26667,1555.54,1.70729,0.036497,-1.388492,0,0,0,0,0,0,0,0,0,0,0,0.00072994,79.8606087570094,0.000729673723367671,79.9189022097654
6765,8990,51.33333,1559.005,1.70953,0.036587,-1.394691,0,0,0,0,0,0,0,0,0,0,0,0.00073174,80.0385000419284,0.000731472408816339,80.0970674139491
6766,8990,51.4,1562.845,1.71167,0.036691,-1.388504,0,0,0,0,0,0,0,0,0,0,0,0.00073382,80.2356436304102,0.000733550885750028,80.2945221504191
6767,8990,51.46667,1566.11,1.71395,0.036777,-1.384933,0,0,0,0,0,0,0,0,0,0,0,0.00073554,80.4032670200959,0.000735269623028107,80.4624068391198
6768,8990,51.53333,1569.575,1.71619,0.036849,-1.395967,0,0,0,0,0,0,0,0,0,0,0,0.00073698,80.581158305015,0.000736708563593857,80.6405450070626
6769,8990,51.6,1573.42,1.71837,0.036935,-1.397581,0,0,0,0,0,0,0,0,0,0,0,0.0007387,80.7785585908776,0.000738427295444731,80.8382297121086
6770,8990,51.66667,1576.825,1.72065,0.037029,-1.3973,0,0,0,0,0,0,0,0,0,0,0,0.00074058,80.9533695072266,0.000740305905949157,81.0133219536163
6771,8990,51.73333,1580.375,1.72289,0.037103,-1.391639,0,0,0,0,0,0,0,0,0,0,0,0.00074206,81.1356246476199,0.000741784809608406,81.1958321492459
6772,8990,51.8,1584.19,1.72501,0.037195,-1.388283,0,0,0,0,0,0,0,0,0,0,0,0.0007439,81.3314847491975,0.000743623443540088,81.3919872407024
6773,8990,51.86666,1587.54,1.72727,0.037292,-1.381899,0,0,0,0,0,0,0,0,0,0,0,0.00074584,81.5034719943573,0.000745561999567838,81.5642605439096
6774,8990,51.93333,1590.875,1.72953,0.037383,-1.3854,0,0,0,0,0,0,0,0,0,0,0,0.00074766,81.6746891473747,0.000747380641497019,81.7357540454626
6775,8990,52,1594.755,1.73169,0.037472,-1.390823,0,0,0,0,0,0,0,0,0,0,0,0.00074944,81.8738863149032,0.000749159310074718,81.935245880263
6776,8990,52.06667,1598.205,1.73395,0.037533,-1.397901,0,0,0,0,0,0,0,0,0,0,0,0.00075066,82.0510075076797,0.000750378395699458,82.1125999169754
6777,8990,52.13334,1601.605,1.73621,0.037607,-1.394001,0,0,0,0,0,0,0,0,0,0,0,0.00075214,82.225561726648,0.000751857284462329,82.287406860645
6778,8990,52.2,1605.515,1.73839,0.037717,-1.396589,0,0,0,0,0,0,0,0,0,0,0,0.00075434,82.4262990784614,0.00075405562858178,82.4884765329083
6779,8990,52.26667,1609.095,1.74063,0.037801,-1.401034,0,0,0,0,0,0,0,0,0,0,0,0.00075602,82.6100944031397,0.00075573436083676,82.6725492867104
6780,8990,52.33333,1612.645,1.74293,0.037915,-1.391918,0,0,0,0,0,0,0,0,0,0,0,0.0007583,82.792349543533,0.000758012635817986,82.8551309821919
6781,8990,52.4,1616.475,1.74505,0.037999,-1.389576,0,0,0,0,0,0,0,0,0,0,0,0.00075998,82.9889797372531,0.000759691361430229,83.0520497020738
6782,8990,52.46667,1619.985,1.74725,0.038086,-1.388236,0,0,0,0,0,0,0,0,0,0,0,0.00076172,83.1691812985997,0.00076143003855782,83.2325329273785
6783,8990,52.53333,1623.31,1.74957,0.038152,-1.389644,0,0,0,0,0,0,0,0,0,0,0,0.00076304,83.3398850568554,0.000762749032982822,83.4034767227492
6784,8990,52.6,1627.24,1.75177,0.038236,-1.391935,0,0,0,0,0,0,0,0,0,0,0,0.00076472,83.5416491981922,0.000764427750643979,83.6055351681671
6785,8990,52.66667,1630.85,1.75393,0.038348,-1.388106,0,0,0,0,0,0,0,0,0,0,0,0.00076696,83.7269847071555,0.000766666036475091,83.7911999553465
6786,8990,52.73333,1634.185,1.75621,0.03845,-1.383182,0,0,0,0,0,0,0,0,0,0,0,0.000769,83.8982018601729,0.000768704470998183,83.9627195774034
6787,8990,52.8,1637.865,1.75845,0.038526,-1.387658,0,0,0,0,0,0,0,0,0,0,0,0.00077052,84.0871311324679,0.000770223301863025,84.1519219487481
6788,8990,52.86666,1641.71,1.76063,0.038592,-1.393005,0,0,0,0,0,0,0,0,0,0,0,0.00077184,84.2845314183305,0.00077154228468982,84.3495855910604
6789,8990,52.93333,1645.255,1.76287,0.038679,-1.392754,0,0,0,0,0,0,0,0,0,0,0,0.00077358,84.466529861343,0.0007732809412124,84.5318714795131
6790,8990,53,1648.805,1.76507,0.038798,-1.386876,0,0,0,0,0,0,0,0,0,0,0,0.00077596,84.6487850017363,0.000775659098687303,84.7144690729462
6791,8990,53.06667,1652.47,1.76729,0.0389,-1.391674,0,0,0,0,0,0,0,0,0,0,0,0.000778,84.8369441818888,0.000777697514878727,84.9029473244623
6792,8990,53.13334,1656.215,1.76953,0.038971,-1.393702,0,0,0,0,0,0,0,0,0,0,0,0.00077942,85.0292105201346,0.00077911640997096,85.0954839873982
6793,8990,53.2,1660.06,1.77177,0.039081,-1.399323,0,0,0,0,0,0,0,0,0,0,0,0.00078162,85.2266108059972,0.000781314694166133,85.2932256295354
6794,8990,53.26667,1663.98,1.77397,0.039195,-1.395351,0,0,0,0,0,0,0,0,0,0,0,0.0007839,85.4278615525724,0.00078359291086936,85.4948284532434
6795,8990,53.33333,1667.795,1.77621,0.039277,-1.390763,0,0,0,0,0,0,0,0,0,0,0,0.00078554,85.62372165415,0.000785231624937682,85.6909825124582
6796,8990,53.4,1671.595,1.77845,0.039376,-1.396931,0,0,0,0,0,0,0,0,0,0,0,0.00078752,85.818811663585,0.000787210068832163,85.8863956941463
6797,8990,53.46667,1675.655,1.78067,0.039463,-1.396662,0,0,0,0,0,0,0,0,0,0,0,0.00078926,86.0272499368236,0.000788948698114085,86.0951478041087
6798,8990,53.53333,1679.605,1.78287,0.039536,-1.4025,0,0,0,0,0,0,0,0,0,0,0,0.00079072,86.2300408676837,0.000790407545639138,86.2982246855986
6799,8990,53.6,1683.285,1.78511,0.039654,-1.396447,0,0,0,0,0,0,0,0,0,0,0,0.00079308,86.4189701399787,0.000792765678234027,86.4875072968173
6800,8990,53.66667,1687.16,1.78733,0.039771,-1.400334,0,0,0,0,0,0,0,0,0,0,0,0.00079542,86.6179106101263,0.000795103821163995,86.6868082285838
6801,8990,53.73333,1690.945,1.78951,0.039883,-1.4007,0,0,0,0,0,0,0,0,0,0,0,0.00079766,86.8122305274189,0.000797342038334423,86.8814771712214
6802,8990,53.8,1694.585,1.79181,0.039944,-1.404357,0,0,0,0,0,0,0,0,0,0,0,0.00079888,86.9991062206672,0.000798561065221964,87.0686080666448
6803,8990,53.86666,1698.55,1.79401,0.040066,-1.401002,0,0,0,0,0,0,0,0,0,0,0,0.00080132,87.2026672436699,0.000800999114538755,87.2725444849856
6804,8990,53.93333,1702.465,1.79615,0.040163,-1.392844,0,0,0,0,0,0,0,0,0,0,0,0.00080326,87.4036612928642,0.000802937559343851,87.4738691578343
6805,8990,54,1705.97,1.79845,0.040241,-1.397962,0,0,0,0,0,0,0,0,0,0,0,0.00080482,87.5836061568299,0.000804496306048996,87.6540951947371
6806,8990,54.06667,1710.05,1.80071,0.040356,-1.402297,0,0,0,0,0,0,0,0,0,0,0,0.00080712,87.7930712195918,0.000806794453810856,87.8639307632346
6807,8990,54.13334,1714.29,1.80283,0.040435,-1.403849,0,0,0,0,0,0,0,0,0,0,0,0.0008087,88.0107505985404,0.000808373178343686,88.0819248925495
6808,8990,54.2,1718.025,1.80509,0.040521,-1.409509,0,0,0,0,0,0,0,0,0,0,0,0.00081042,88.2025035420246,0.000810091787026824,88.2739846149452
6809,8990,54.26667,1721.89,1.80733,0.040631,-1.405525,0,0,0,0,0,0,0,0,0,0,0,0.00081262,88.4009306174106,0.000812290003130445,88.4727669816489
6810,8990,54.33333,1726.21,1.80951,0.040743,-1.399246,0,0,0,0,0,0,0,0,0,0,0,0.00081486,88.6227171544525,0.000814528181834838,88.694932261753
6811,8990,54.4,1730.17,1.81177,0.040809,-1.392015,0,0,0,0,0,0,0,0,0,0,0,0.00081618,88.8260214800744,0.00081584710622559,88.898519502286
6812,8990,54.46667,1734.065,1.81401,0.040906,-1.38848,0,0,0,0,0,0,0,0,0,0,0,0.00081812,89.0259887397453,0.000817785522248916,89.0988226816531
6813,8990,54.53333,1738.325,1.81621,0.041033,-1.401154,0,0,0,0,0,0,0,0,0,0,0,0.00082066,89.2446949082173,0.000820323442702383,89.3179344595407
6814,8990,54.6,1742.335,1.81847,0.041135,-1.394634,0,0,0,0,0,0,0,0,0,0,0,0.0008227,89.4505662076474,0.000822361767851411,89.5241571884665
6815,8990,54.66667,1746.28,1.82073,0.041229,-1.397624,0,0,0,0,0,0,0,0,0,0,0,0.00082458,89.6531004411267,0.000824240220682421,89.7270265946885
6816,8990,54.73333,1750.535,1.82291,0.041323,-1.398198,0,0,0,0,0,0,0,0,0,0,0,0.00082646,89.8715499122179,0.000826118669985074,89.9458251533583
6817,8990,54.8,1754.435,1.82511,0.04142,-1.39268,0,0,0,0,0,0,0,0,0,0,0,0.0008284,90.0717738692696,0.000828057066097957,90.146389326743
6818,8990,54.86666,1758.16,1.82737,0.041524,-1.384112,0,0,0,0,0,0,0,0,0,0,0,0.00083048,90.2630134179922,0.000830135342292566,90.3379750453756
6819,8990,54.93333,1762.38,1.82953,0.041618,-1.375646,0,0,0,0,0,0,0,0,0,0,0,0.00083236,90.4796660074175,0.000832013780521353,90.5549776622154
6820,8990,55,1766.375,1.83179,0.041746,-1.385326,0,0,0,0,0,0,0,0,0,0,0,0.00083492,90.6847672147051,0.000834571648180544,90.760481740548
6821,8990,55.06667,1770.32,1.83405,0.041837,-1.388573,0,0,0,0,0,0,0,0,0,0,0,0.00083674,90.8873014481844,0.000836390128240397,90.9633504887982
6822,8990,55.13334,1774.75,1.83625,0.041921,-1.392166,0,0,0,0,0,0,0,0,0,0,0,0.00083842,91.1147353276048,0.000838068722283603,91.1911277439982
6823,8990,55.2,1778.855,1.83847,0.042036,-1.399468,0,0,0,0,0,0,0,0,0,0,0,0.00084072,91.3254838772708,0.000840366792892473,91.4022630380761
6824,8990,55.26667,1782.94,1.84073,0.042143,-1.400289,0,0,0,0,0,0,0,0,0,0,0,0.00084286,91.5352056374135,0.000842504992976898,91.6123570008371
6825,8990,55.33333,1787.11,1.84289,0.042224,-1.391675,0,0,0,0,0,0,0,0,0,0,0,0.00084448,91.7492912530304,0.000844123627383755,91.8267716945078
6826,8990,55.4,1791.115,1.84507,0.042323,-1.395702,0,0,0,0,0,0,0,0,0,0,0,0.00084646,91.9549058550798,0.00084610195476726,92.0327420046899
6827,8990,55.46667,1795.015,1.84737,0.042435,-1.389798,0,0,0,0,0,0,0,0,0,0,0,0.0008487,92.1551298121316,0.000848340057795827,92.2333418708031
6828,8990,55.53333,1799.505,1.84961,0.04254,-1.387404,0,0,0,0,0,0,0,0,0,0,0,0.0008508,92.385644060122,0.000850438274836013,92.4642457660883
6829,8990,55.6,1804.025,1.85181,0.042664,-1.393186,0,0,0,0,0,0,0,0,0,0,0,0.00085328,92.6176984923974,0.00085291616357572,92.696727322167
6830,8990,55.66667,1808.14,1.85403,0.042748,-1.394623,0,0,0,0,0,0,0,0,0,0,0,0.00085496,92.8289604368251,0.000854594729878673,92.9083254848402
6831,8990,55.73333,1812.4,1.85625,0.042832,-1.393539,0,0,0,0,0,0,0,0,0,0,0,0.00085664,93.047666605297,0.000856273293364047,93.1273749584178
6832,8990,55.8,1816.615,1.85849,0.042952,-1.38813,0,0,0,0,0,0,0,0,0,0,0,0.00085904,93.2640624973415,0.000858671236312516,93.3441800575892
6833,8990,55.86666,1820.805,1.86071,0.043072,-1.388132,0,0,0,0,0,0,0,0,0,0,0,0.00086144,93.4791749024817,0.000861069173511091,93.5597016029097
6834,8990,55.93333,1824.95,1.86293,0.043186,-1.388556,0,0,0,0,0,0,0,0,0,0,0,0.00086372,93.6919770311945,0.000863347208523561,93.7729006655958
6835,8990,56,1829.15,1.86515,0.04327,-1.392547,0,0,0,0,0,0,0,0,0,0,0,0.0008654,93.9076028310964,0.00086502575731742,93.9888704705864
6836,8990,56.06667,1833.315,1.86735,0.043372,-1.395315,0,0,0,0,0,0,0,0,0,0,0,0.00086744,94.1214317493325,0.000867063991350726,94.2030764440891
6837,8990,56.13334,1837.45,1.86961,0.043489,-1.392053,0,0,0,0,0,0,0,0,0,0,0,0.00086978,94.3337204832835,0.000869401960567275,94.4157700666855
6838,8990,56.2,1841.835,1.87185,0.043588,-1.396281,0,0,0,0,0,0,0,0,0,0,0,0.00087176,94.5588440862764,0.000871380237942865,94.641276704197
6839,8990,56.26667,1846.345,1.87403,0.043708,-1.394215,0,0,0,0,0,0,0,0,0,0,0,0.00087416,94.7903851237901,0.00087377814466606,94.8732470868499
6840,8990,56.33333,1850.55,1.87629,0.043802,-1.393694,0,0,0,0,0,0,0,0,0,0,0,0.00087604,95.0062676210729,0.000875656500916626,95.0894969117596
6841,8990,56.4,1854.88,1.87851,0.043912,-1.399477,0,0,0,0,0,0,0,0,0,0,0,0.00087824,95.2285675528765,0.00087785457289972,95.3122010900442
6842,8990,56.46667,1859.29,1.8807,0.044041,-1.402154,0,0,0,0,0,0,0,0,0,0,0,0.00088082,95.4549746427735,0.000880432305706249,95.5390532935384
6843,8990,56.53333,1863.515,1.88295,0.044143,-1.398729,0,0,0,0,0,0,0,0,0,0,0,0.00088286,95.6718839295796,0.000882470508337678,95.7563488090257
6844,8990,56.6,1867.97,1.88517,0.044227,-1.392011,0,0,0,0,0,0,0,0,0,0,0,0.00088454,95.9006012959042,0.000884149025032479,95.9854292137744
6845,8990,56.66667,1872.37,1.88736,0.044354,-1.391287,0,0,0,0,0,0,0,0,0,0,0,0.00088708,96.1264949910395,0.000886686777066458,96.2117668822162
6846,8990,56.73333,1876.485,1.88963,0.044464,-1.391003,0,0,0,0,0,0,0,0,0,0,0,0.00088928,96.3377569354672,0.000888884824804371,96.4234281759548
6847,8990,56.8,1880.8,1.89187,0.044578,-1.400168,0,0,0,0,0,0,0,0,0,0,0,0.00089156,96.5592867751284,0.000891162796452767,96.6453751728456
6848,8990,56.86666,1885.27,1.894,0.044678,-1.398894,0,0,0,0,0,0,0,0,0,0,0,0.00089356,96.7887742335954,0.000893161012924731,96.8752608106996
6849,8990,56.93333,1889.275,1.89628,0.044782,-1.400001,0,0,0,0,0,0,0,0,0,0,0,0.00089564,96.9943888356448,0.000895239153819902,97.0812608900615
6850,8990,57,1893.435,1.89857,0.044876,-1.394023,0,0,0,0,0,0,0,0,0,0,0,0.00089752,97.2079610565,0.000897117469759518,97.2952071457074
6851,8990,57.06667,1898.24,1.90072,0.045026,-1.395845,0,0,0,0,0,0,0,0,0,0,0,0.00090052,97.454647239483,0.000900114775122029,97.5424070984151
6852,8990,57.13334,1902.535,1.90294,0.045143,-1.394209,0,0,0,0,0,0,0,0,0,0,0,0.00090286,97.6751502896208,0.00090245266706823,97.7633372758113
6853,8990,57.2,1906.6,1.90522,0.045217,-1.393546,0,0,0,0,0,0,0,0,0,0,0,0.00090434,97.8838452602402,0.000903931330947436,97.9723655368628
6854,8990,57.26667,1911.26,1.90738,0.045329,-1.395651,0,0,0,0,0,0,0,0,0,0,0,0.00090658,98.123087219179,0.000906169304552011,98.2120436475902
6855,8990,57.33333,1915.69,1.9096,0.045457,-1.403944,0,0,0,0,0,0,0,0,0,0,0,0.00090914,98.3505210985994,0.00090872698253846,98.439935491351
6856,8990,57.4,1919.955,1.91188,0.045528,-1.403904,0,0,0,0,0,0,0,0,0,0,0,0.00091056,98.5694839644521,0.000910145691725714,98.6592373937708
6857,8990,57.46667,1924.73,1.91408,0.045673,-1.402003,0,0,0,0,0,0,0,0,0,0,0,0.00091346,98.8146299631502,0.000913043049306767,98.9048931750363
6858,8990,57.53333,1929.16,1.91628,0.045803,-1.400882,0,0,0,0,0,0,0,0,0,0,0,0.00091606,99.0420638425705,0.000915640673104387,99.1327923155742
6859,8990,57.6,1933.495,1.9186,0.045899,-1.395132,0,0,0,0,0,0,0,0,0,0,0,0.00091798,99.264620471755,0.000917558914039186,99.3557434080557
6860,8990,57.66667,1938.375,1.92076,0.046004,-1.395555,0,0,0,0,0,0,0,0,0,0,0,0.00092008,99.5151571154506,0.000919656985848146,99.6067190212094
6861,8990,57.73333,1942.815,1.92292,0.046121,-1.400192,0,0,0,0,0,0,0,0,0,0,0,0.00092242,99.7431043896326,0.00092199483210727,99.8351094239837
6862,8990,57.8,1946.78,1.92524,0.04622,-1.403117,0,0,0,0,0,0,0,0,0,0,0,0.0009244,99.9466654126353,0.000923973005442188,100.039056110143
6863,8990,57.86666,1951.375,1.92742,0.04635,-1.398447,0,0,0,0,0,0,0,0,0,0,0,0.000927,100.182570305623,0.000926570600848086,100.275439548297
6864,8990,57.93333,1955.82,1.9296,0.046436,-1.394488,0,0,0,0,0,0,0,0,0,0,0,0.00092872,100.410774277186,0.000928289006408508,100.504027771473
6865,8990,58,1959.98,1.93192,0.046531,-1.397998,0,0,0,0,0,0,0,0,0,0,0,0.00093062,100.624346498041,0.000930187241676127,100.717989527379
6866,8990,58.06667,1964.645,1.93412,0.04665,-1.399016,0,0,0,0,0,0,0,0,0,0,0,0.000933,100.863845154361,0.000932565026032855,100.95795112189
6867,8990,58.13334,1969.215,1.93628,0.046808,-1.392959,0,0,0,0,0,0,0,0,0,0,0,0.00093616,101.098466560445,0.000935722075517441,101.1931109009
6868,8990,58.2,1973.37,1.93862,0.046892,-1.385326,0,0,0,0,0,0,0,0,0,0,0,0.00093784,101.311782083919,0.000937400502831053,101.406796325629
6869,8990,58.26667,1977.955,1.9408,0.047012,-1.38107,0,0,0,0,0,0,0,0,0,0,0,0.00094024,101.547173582145,0.000939798251249448,101.642652296634
6870,8990,58.33333,1982.515,1.9429,0.047124,-1.391417,0,0,0,0,0,0,0,0,0,0,0,0.00094248,101.781281593467,0.000942036144586109,101.877208415744
6871,8990,58.4,1986.575,1.94524,0.047213,-1.400446,0,0,0,0,0,0,0,0,0,0,0,0.00094426,101.989719866706,0.000943814466970184,102.086024679587
6872,8990,58.46667,1991.12,1.94748,0.047335,-1.389208,0,0,0,0,0,0,0,0,0,0,0,0.0009467,102.223057785886,0.000946252162178168,102.319832354691
6873,8990,58.53333,1995.995,1.94964,0.047465,-1.386232,0,0,0,0,0,0,0,0,0,0,0,0.0009493,102.4733377322,0.000948849699712551,102.57061567171
6874,8990,58.6,2000.26,1.95188,0.047572,-1.388338,0,0,0,0,0,0,0,0,0,0,0,0.00095144,102.692300598053,0.000950987667851644,102.790006160534
6875,8990,58.66667,2004.64,1.95414,0.047691,-1.384631,0,0,0,0,0,0,0,0,0,0,0,0.00095382,102.917167503665,0.000953365402750239,103.015331956373
6876,8990,58.73333,2009.38,1.95634,0.047801,-1.387909,0,0,0,0,0,0,0,0,0,0,0,0.00095602,103.160516620697,0.000955563303930398,103.259140137797
6877,8990,58.8,2013.785,1.95854,0.047908,-1.388893,0,0,0,0,0,0,0,0,0,0,0,0.00095816,103.386667013213,0.000957701257716082,103.485727982079
6878,8990,58.86666,2018.16,1.9608,0.048002,-1.395175,0,0,0,0,0,0,0,0,0,0,0,0.00096004,103.611277221445,0.000959579456335907,103.710748192028
6879,8990,58.93333,2022.725,1.963,0.048132,-1.398057,0,0,0,0,0,0,0,0,0,0,0,0.00096264,103.845641930148,0.000962176959252419,103.945607898895
6880,8990,59,2027.125,1.9652,0.048233,-1.395393,0,0,0,0,0,0,0,0,0,0,0,0.00096466,104.071535625283,0.000964195014553365,104.171929272839
6881,8990,59.06667,2031.615,1.96746,0.048335,-1.401543,0,0,0,0,0,0,0,0,0,0,0,0.0009667,104.302049873273,0.000966233046466744,104.402878664886
6882,8990,59.13334,2036.14,1.96968,0.04846,-1.394418,0,0,0,0,0,0,0,0,0,0,0,0.0009692,104.53436100293,0.000968730628931703,104.635675705614
6883,8990,59.2,2040.67,1.97188,0.048592,-1.387653,0,0,0,0,0,0,0,0,0,0,0,0.00097184,104.766928829967,0.000971368069243298,104.868745522081
6884,8990,59.26667,2044.995,1.97414,0.048684,-1.384108,0,0,0,0,0,0,0,0,0,0,0,0.00097368,104.988972064389,0.000973206281104249,105.091197726709
6885,8990,59.33333,2049.54,1.97636,0.048791,-1.388753,0,0,0,0,0,0,0,0,0,0,0,0.00097582,105.222309983569,0.000975344197170659,105.324988018097
6886,8990,59.4,2054.14,1.97856,0.04891,-1.397107,0,0,0,0,0,0,0,0,0,0,0,0.0009782,105.458471573938,0.000977721874156436,105.561631050831
6887,8990,59.46667,2058.65,1.98082,0.04901,-1.391046,0,0,0,0,0,0,0,0,0,0,0,0.0009802,105.690012611452,0.000979719917672284,105.793609961813
6888,8990,59.53333,2063.2,1.98302,0.04916,-1.382999,0,0,0,0,0,0,0,0,0,0,0,0.0009832,105.923607228012,0.000982716975460631,106.027751318639
6889,8990,59.6,2067.84,1.9852,0.049269,-1.381314,0,0,0,0,0,0,0,0,0,0,0,0.00098538,106.161822397427,0.000984894831818249,106.266432133981
6890,8990,59.66667,2072.28,1.9875,0.049366,-1.381349,0,0,0,0,0,0,0,0,0,0,0,0.00098732,106.389769671609,0.000986832920184767,106.494810419002
6891,8990,59.73333,2076.815,1.98972,0.049514,-1.383574,0,0,0,0,0,0,0,0,0,0,0,0.00099028,106.622594196027,0.000989789996227974,106.728180418608
6892,8990,59.8,2081.62,1.99186,0.049626,-1.394969,0,0,0,0,0,0,0,0,0,0,0,0.00099252,106.86928037901,0.000992027777691585,106.975350277172
6893,8990,59.86666,2085.9,1.99412,0.049694,-1.400766,0,0,0,0,0,0,0,0,0,0,0,0.00099388,107.089013337006,0.000993386428279772,107.195446965581
6894,8990,59.93333,2090.205,1.99642,0.049801,-1.396145,0,0,0,0,0,0,0,0,0,0,0,0.00099602,107.310029781905,0.000995524301203202,107.416912717769
6895,8990,60,2095.19,1.99856,0.049928,-1.391379,0,0,0,0,0,0,0,0,0,0,0,0.00099856,107.565957070598,0.000998061770610223,107.673368132691
6896,8990,60.06667,2099.735,2.00078,0.05004,-1.3904,0,0,0,0,0,0,0,0,0,0,0,0.0010008,107.799294989778,0.00100029953356329,107.907180524204
6897,8990,60.13334,2104.075,2.00306,0.050163,-1.394735,0,0,0,0,0,0,0,0,0,0,0,0.00100326,108.022108316343,0.00100275707103716,108.130482576733
6898,8990,60.2,2108.82,2.00524,0.050282,-1.385563,0,0,0,0,0,0,0,0,0,0,0,0.00100564,108.265714130756,0.00100513468284495,108.374590463515
6899,8990,60.26667,2113.38,2.00746,0.050404,-1.384413,0,0,0,0,0,0,0,0,0,0,0,0.00100808,108.499822142078,0.0010075722285777,108.609198642783
6900,8990,60.33333,2117.77,2.00974,0.050514,-1.382846,0,0,0,0,0,0,0,0,0,0,0,0.00101028,108.725202442452,0.00100977001061997,108.835045339976
6901,8990,60.4,2122.61,2.01192,0.050628,-1.381405,0,0,0,0,0,0,0,0,0,0,0,0.00101256,108.973685507101,0.0010120477069123,109.084027902098
6902,8990,60.46667,2127.195,2.01414,0.05075,-1.384907,0,0,0,0,0,0,0,0,0,0,0,0.001015,109.209077005327,0.00101448523579432,109.319924218488
6903,8990,60.53333,2131.72,2.01644,0.050862,-1.394015,0,0,0,0,0,0,0,0,0,0,0,0.00101724,109.441388134983,0.00101672296199591,109.55271629265
6904,8990,60.6,2136.525,2.0186,0.05098,-1.390928,0,0,0,0,0,0,0,0,0,0,0,0.0010196,109.688074317966,0.00101908056097005,109.799912278541
6905,8990,60.66667,2141.14,2.02078,0.051092,-1.380633,0,0,0,0,0,0,0,0,0,0,0,0.00102184,109.925006000478,0.00102131827688859,110.037331768609
6906,8990,60.73333,2145.53,2.02306,0.051196,-1.386328,0,0,0,0,0,0,0,0,0,0,0,0.00102392,110.150386300851,0.00102339615147225,110.263171484393
6907,8990,60.8,2150.185,2.02522,0.051313,-1.390328,0,0,0,0,0,0,0,0,0,0,0,0.00102626,110.389371562409,0.00102573375521802,110.502659758869
6908,8990,60.86666,2154.8,2.02744,0.051422,-1.393293,0,0,0,0,0,0,0,0,0,0,0,0.00102844,110.626303244921,0.00102791151789361,110.74007576023
6909,8990,60.93333,2159.155,2.02976,0.051539,-1.396045,0,0,0,0,0,0,0,0,0,0,0,0.00103078,110.849886663628,0.00103024911108427,110.964148509804
6910,8990,61,2164.005,2.03194,0.051679,-1.395268,0,0,0,0,0,0,0,0,0,0,0,0.00103358,111.098883123039,0.00103304622396039,111.213712706657
6911,8990,61.06667,2168.64,2.03414,0.051799,-1.39269,0,0,0,0,0,0,0,0,0,0,0,0.00103598,111.336841595074,0.00103544374305543,111.452184336229
6912,8990,61.13334,2172.975,2.03642,0.051916,-1.394935,0,0,0,0,0,0,0,0,0,0,0,0.00103832,111.559398224258,0.0010377813186389,111.675232578622
6913,8990,61.2,2177.69,2.03864,0.052051,-1.393625,0,0,0,0,0,0,0,0,0,0,0,0.00104102,111.801463854386,0.00104047851444536,111.917851414288
6914,8990,61.26667,2182.31,2.04078,0.052171,-1.394315,0,0,0,0,0,0,0,0,0,0,0,0.00104342,112.038652234278,0.00104287601572165,112.155555604792
6915,8990,61.33333,2186.45,2.04304,0.052247,-1.39085,0,0,0,0,0,0,0,0,0,0,0,0.00104494,112.25119766561,0.00104439443022368,112.368493432099
6916,8990,61.4,2190.905,2.0453,0.052331,-1.393453,0,0,0,0,0,0,0,0,0,0,0,0.00104662,112.479915031935,0.00104607267514871,112.597638760605
6917,8990,61.46667,2195.665,2.04748,0.052453,-1.399053,0,0,0,0,0,0,0,0,0,0,0,0.00104906,112.72429093849,0.00104851012109518,112.842545483142
6918,8990,61.53333,2200.005,2.0497,0.052586,-1.392208,0,0,0,0,0,0,0,0,0,0,0,0.00105172,112.947104265055,0.00105116732998957,113.065892993553
6919,8990,61.6,2204.59,2.05198,0.052736,-1.389627,0,0,0,0,0,0,0,0,0,0,0,0.00105472,113.182495763282,0.00105416417365386,113.301871605213
6920,8990,61.66667,2209.34,2.0542,0.052827,-1.384157,0,0,0,0,0,0,0,0,0,0,0,0.00105654,113.426358275076,0.00105598225443329,113.546197759648
6921,8990,61.73333,2214.08,2.0564,0.052937,-1.392205,0,0,0,0,0,0,0,0,0,0,0,0.00105874,113.669707392108,0.00105817993008357,113.790054058112
6922,8990,61.8,2218.645,2.05862,0.053077,-1.392186,0,0,0,0,0,0,0,0,0,0,0,0.00106154,113.904072100811,0.00106097696483523,114.024985829509
6923,8990,61.86666,2223.24,2.0608,0.053201,-1.391703,0,0,0,0,0,0,0,0,0,0,0,0.00106402,114.139976993799,0.00106345433193905,114.26142421212
6924,8990,61.93333,2227.77,2.06304,0.053313,-1.386836,0,0,0,0,0,0,0,0,0,0,0,0.00106626,114.372544820836,0.00106569194856401,114.494495690476
6925,8990,62,2232.515,2.06532,0.053423,-1.39306,0,0,0,0,0,0,0,0,0,0,0,0.00106846,114.616150635249,0.00106788960287566,114.738613407556
6926,8990,62.06667,2237.25,2.06754,0.053545,-1.391863,0,0,0,0,0,0,0,0,0,0,0,0.0010709,114.8592430549,0.00107032699564541,114.982245818288
6927,8990,62.13334,2242.025,2.06972,0.053665,-1.390008,0,0,0,0,0,0,0,0,0,0,0,0.0010733,115.104389053598,0.00107272442536108,115.227930594369
6928,8990,62.2,2246.54,2.07198,0.053767,-1.392244,0,0,0,0,0,0,0,0,0,0,0,0.00107534,115.336186788493,0.00107476223610028,115.460212403594
6929,8990,62.26667,2251.03,2.0742,0.053871,-1.388116,0,0,0,0,0,0,0,0,0,0,0,0.00107742,115.566701036483,0.00107683999963718,115.691214911514
6930,8990,62.33333,2255.77,2.0764,0.054001,-1.393802,0,0,0,0,0,0,0,0,0,0,0,0.00108002,115.810050153515,0.00107943719798734,115.935127323882
6931,8990,62.4,2260.355,2.07864,0.054128,-1.390361,0,0,0,0,0,0,0,0,0,0,0,0.00108256,116.045441651741,0.00108197445447716,116.171067805056
6932,8990,62.46667,2264.98,2.08086,0.054245,-1.389606,0,0,0,0,0,0,0,0,0,0,0,0.0010849,116.282886729014,0.00108431192129424,116.409042032827
6933,8990,62.53333,2269.705,2.08306,0.05437,-1.395919,0,0,0,0,0,0,0,0,0,0,0,0.0010874,116.525465753904,0.00108680920886547,116.652175545365
6934,8990,62.6,2274.5,2.0853,0.054472,-1.401206,0,0,0,0,0,0,0,0,0,0,0,0.00108944,116.771638542125,0.00108884699090278,116.898854236019
6935,8990,62.66667,2279.17,2.08758,0.054576,-1.389243,0,0,0,0,0,0,0,0,0,0,0,0.00109152,117.011393895826,0.00109092472517491,117.139114172491
6936,8990,62.73333,2284.21,2.08973,0.054693,-1.381442,0,0,0,0,0,0,0,0,0,0,0,0.00109386,117.270144855708,0.00109326217107114,117.39842197636
6937,8990,62.8,2288.96,2.09195,0.05483,-1.383604,0,0,0,0,0,0,0,0,0,0,0,0.0010966,117.514007367502,0.00109599917342406,117.642873227981
6938,8990,62.86666,2293.37,2.09426,0.054942,-1.386208,0,0,0,0,0,0,0,0,0,0,0,0.00109884,117.740414457399,0.00109823671722763,117.869792334421
6939,8990,62.93333,2298.48,2.09643,0.055087,-1.388777,0,0,0,0,0,0,0,0,0,0,0,0.00110174,118.002759180613,0.00110113352989354,118.132767540513
6940,8990,63,2303.42,2.09861,0.055225,-1.386047,0,0,0,0,0,0,0,0,0,0,0,0.0011045,118.256376192879,0.00110389048863731,118.386990360384
6941,8990,63.06667,2307.64,2.1009,0.055309,-1.38094,0,0,0,0,0,0,0,0,0,0,0,0.00110618,118.473028782304,0.00110556863371644,118.604081277282
6942,8990,63.13334,2312.415,2.10311,0.055441,-1.383996,0,0,0,0,0,0,0,0,0,0,0,0.00110882,118.718174781002,0.00110820571315091,118.849811867563
6943,8990,63.2,2317.285,2.10527,0.055594,-1.382062,0,0,0,0,0,0,0,0,0,0,0,0.00111188,118.968198029936,0.00111126231924838,119.100476389961
6944,8990,63.26667,2321.61,2.10758,0.055678,-1.384569,0,0,0,0,0,0,0,0,0,0,0,0.00111356,119.190241264359,0.00111294045195656,119.322966749421
6945,8990,63.33333,2326.37,2.10979,0.055792,-1.385326,0,0,0,0,0,0,0,0,0,0,0,0.00111584,119.434617170914,0.00111521791327034,119.567887094138
6946,8990,63.4,2331.235,2.11197,0.05592,-1.391519,0,0,0,0,0,0,0,0,0,0,0,0.0011184,119.684383722467,0.00111777505663434,119.818238737222
6947,8990,63.46667,2335.69,2.11428,0.056027,-1.392772,0,0,0,0,0,0,0,0,0,0,0,0.00112054,119.913101088792,0.00111991266364751,120.047468515086
6948,8990,63.53333,2340.38,2.11649,0.056123,-1.382373,0,0,0,0,0,0,0,0,0,0,0,0.00112246,120.153883232016,0.00112183051277959,120.288751159788
6949,8990,63.6,2345.195,2.11863,0.05624,-1.378423,0,0,0,0,0,0,0,0,0,0,0,0.0011248,120.40108280976,0.00112416788643641,120.536509947705
6950,8990,63.66667,2349.51,2.12091,0.056378,-1.378886,0,0,0,0,0,0,0,0,0,0,0,0.00112756,120.622612649421,0.00112692478167624,120.75862188254
6951,8990,63.73333,2354.09,2.12311,0.056492,-1.371956,0,0,0,0,0,0,0,0,0,0,0,0.00112984,120.857747450267,0.00112920221114151,120.994297367646
6952,8990,63.8,2359.015,2.12529,0.056625,-1.374743,0,0,0,0,0,0,0,0,0,0,0,0.0011325,121.11059437039,0.0011318592056291,121.247752118514
6953,8990,63.86666,2363.53,2.12761,0.056729,-1.380868,0,0,0,0,0,0,0,0,0,0,0,0.00113458,121.342392105285,0.00113393685053551,121.480064756519
6954,8990,63.93333,2368.315,2.12981,0.056854,-1.379881,0,0,0,0,0,0,0,0,0,0,0,0.00113708,121.588051498744,0.00113643401418203,121.726306840342
6955,8990,64,2373.26,2.13197,0.056976,-1.379305,0,0,0,0,0,0,0,0,0,0,0,0.00113952,121.841925208391,0.00113887123988806,121.980766519004
6956,8990,64.06667,2377.77,2.13427,0.057111,-1.38828,0,0,0,0,0,0,0,0,0,0,0,0.00114222,122.073466245904,0.00114156816304936,122.21290100052
6957,8990,64.13333,2382.55,2.13651,0.05721,-1.386269,0,0,0,0,0,0,0,0,0,0,0,0.0011442,122.318868941983,0.00114354590207828,122.458826191827
6958,8990,64.2,2387.595,2.13863,0.05734,-1.38236,0,0,0,0,0,0,0,0,0,0,0,0.0011468,122.577876599246,0.00114614292718598,122.71844890813
6959,8990,64.26667,2391.965,2.14089,0.05747,-1.379246,0,0,0,0,0,0,0,0,0,0,0,0.0011494,122.802230110097,0.00114873994554939,122.943378993385
6960,8990,64.33334,2396.425,2.14317,0.057569,-1.372909,0,0,0,0,0,0,0,0,0,0,0,0.00115138,123.031204173802,0.00115071767039446,123.172859841664
6961,8990,64.4,2401.535,2.14535,0.057673,-1.373384,0,0,0,0,0,0,0,0,0,0,0,0.00115346,123.293548897016,0.00115279527612009,123.435763073927
6962,8990,64.46667,2406.38,2.14757,0.057818,-1.388094,0,0,0,0,0,0,0,0,0,0,0,0.00115636,123.542288659046,0.00115569193074461,123.68514801996
6963,8990,64.53333,2410.915,2.14985,0.057933,-1.392496,0,0,0,0,0,0,0,0,0,0,0,0.00115866,123.775113183464,0.00115798927154967,123.918526456105
6964,8990,64.6,2415.7,2.15205,0.058055,-1.390552,0,0,0,0,0,0,0,0,0,0,0,0.0011611,124.020772576923,0.0011604264447213,124.164773095963
6965,8990,64.66666,2420.565,2.15425,0.058198,-1.392581,0,0,0,0,0,0,0,0,0,0,0,0.00116396,124.270539128477,0.00116328312374617,124.4151850652
6966,8990,64.73333,2425.185,2.15649,0.058292,-1.389746,0,0,0,0,0,0,0,0,0,0,0,0.00116584,124.507727508369,0.00116516093628247,124.652883597407
6967,8990,64.8,2429.87,2.15867,0.058409,-1.391711,0,0,0,0,0,0,0,0,0,0,0,0.00116818,124.748252954212,0.00116749820866222,124.893981368348
6968,8990,64.86667,2434.535,2.16091,0.058518,-1.386288,0,0,0,0,0,0,0,0,0,0,0,0.00117036,124.987751610531,0.00116967566263047,125.134032275506
6969,8990,64.93333,2439.29,2.16317,0.058633,-1.390149,0,0,0,0,0,0,0,0,0,0,0,0.00117266,125.231870819706,0.00117197297131039,125.378725225341
6970,8990,65,2444.1,2.16539,0.058773,-1.396815,0,0,0,0,0,0,0,0,0,0,0,0.00117546,125.47881370007,0.00117476968779752,125.626309026422
6971,8990,65.06667,2448.96,2.16757,0.058905,-1.399151,0,0,0,0,0,0,0,0,0,0,0,0.0011781,125.728323554242,0.00117740658474986,125.876444092221
6972,8990,65.13333,2453.695,2.16985,0.059012,-1.39224,0,0,0,0,0,0,0,0,0,0,0,0.00118024,125.971415973893,0.0011795440642982,126.120092477882
6973,8990,65.2,2458.355,2.17205,0.059127,-1.387948,0,0,0,0,0,0,0,0,0,0,0,0.00118254,126.210657932832,0.00118184135030749,126.359907084264
6974,8990,65.26667,2463.185,2.17427,0.059274,-1.389109,0,0,0,0,0,0,0,0,0,0,0,0.00118548,126.458627602719,0.00118477787343464,126.60854177657
6975,8990,65.33334,2467.86,2.17651,0.059396,-1.392851,0,0,0,0,0,0,0,0,0,0,0,0.00118792,126.698639653801,0.00118721498131877,126.849147501818
6976,8990,65.4,2472.52,2.17873,0.059526,-1.39967,0,0,0,0,0,0,0,0,0,0,0,0.00119052,126.937881612739,0.0011898118930194,127.089003699557
6977,8990,65.46667,2477.31,2.18093,0.059623,-1.398106,0,0,0,0,0,0,0,0,0,0,0,0.00119246,127.18379770358,0.00119174958427962,127.33545929499
6978,8990,65.53333,2482.04,2.18315,0.059715,-1.400834,0,0,0,0,0,0,0,0,0,0,0,0.0011943,127.426633425851,0.00119358739107788,127.578819054151
6979,8990,65.6,2486.715,2.18543,0.059862,-1.402232,0,0,0,0,0,0,0,0,0,0,0,0.00119724,127.666645476932,0.00119652387971277,127.819493091563
6980,8990,65.66666,2491.63,2.18759,0.06,-1.403345,0,0,0,0,0,0,0,0,0,0,0,0.0012,127.918979002293,0.00119928057548219,128.072481777096
6981,8990,65.73333,2496.29,2.18981,0.060079,-1.401222,0,0,0,0,0,0,0,0,0,0,0,0.00120158,128.158220961232,0.0012008586805094,128.312213316375
6982,8990,65.8,2500.64,2.19211,0.060196,-1.400852,0,0,0,0,0,0,0,0,0,0,0,0.00120392,128.381547682559,0.00120319586945538,128.536108795445
6983,8990,65.86667,2505.63,2.19429,0.060348,-1.403577,0,0,0,0,0,0,0,0,0,0,0,0.00120696,128.637731668633,0.0012062322093298,128.792992265248
6984,8990,65.93333,2510.515,2.19647,0.06046,-1.401993,0,0,0,0,0,0,0,0,0,0,0,0.0012092,128.888525009709,0.00120846950649577,129.044377014151
6985,8990,66,2514.925,2.19873,0.060593,-1.396789,0,0,0,0,0,0,0,0,0,0,0,0.00121186,129.114932099606,0.00121112629037922,129.271401321221
6986,8990,66.06667,2519.615,2.20097,0.060697,-1.395103,0,0,0,0,0,0,0,0,0,0,0,0.00121394,129.35571424283,0.00121320377060348,129.512744318578
6987,8990,66.13333,2524.685,2.20313,0.060814,-1.392543,0,0,0,0,0,0,0,0,0,0,0,0.00121628,129.616005386998,0.00121554093069687,129.77365474203
6988,8990,66.2,2529.355,2.20541,0.060921,-1.386094,0,0,0,0,0,0,0,0,0,0,0,0.00121842,129.855760740698,0.00121767832873546,130.0139795967
6989,8990,66.26667,2534.29,2.20763,0.061076,-1.392336,0,0,0,0,0,0,0,0,0,0,0,0.00122152,130.109121055583,0.00122077455143669,130.268051949135
6990,8990,66.33334,2539.43,2.20985,0.061198,-1.398418,0,0,0,0,0,0,0,0,0,0,0,0.00122396,130.373005963082,0.00122321157159449,130.53257730746
6991,8990,66.4,2544.205,2.21213,0.061308,-1.401419,0,0,0,0,0,0,0,0,0,0,0,0.00122616,130.61815196178,0.00122540887976032,130.778310714989
6992,8990,66.46667,2549.06,2.21433,0.061433,-1.406179,0,0,0,0,0,0,0,0,0,0,0,0.00122866,130.867405118571,0.00122790581499695,131.028196664544
6993,8990,66.53333,2553.97,2.21649,0.06156,-1.413478,0,0,0,0,0,0,0,0,0,0,0,0.0012312,131.119481946552,0.00123044269481246,131.280916252724
6994,8990,66.6,2558.475,2.21875,0.061687,-1.403987,0,0,0,0,0,0,0,0,0,0,0,0.00123374,131.350766286685,0.00123297956819201,131.512818981083
6995,8990,66.66666,2563.165,2.22095,0.061784,-1.404838,0,0,0,0,0,0,0,0,0,0,0,0.00123568,131.591548429908,0.00123491717580849,131.754153474472
6996,8990,66.73333,2568.175,2.22315,0.061929,-1.404786,0,0,0,0,0,0,0,0,0,0,0,0.00123858,131.848759205506,0.00123781359256457,132.012064441683
6997,8990,66.8,2572.865,2.22545,0.062071,-1.407419,0,0,0,0,0,0,0,0,0,0,0,0.00124142,132.08954134873,0.00124065007532579,132.253519947151
6998,8990,66.86667,2577.795,2.22763,0.062171,-1.403034,0,0,0,0,0,0,0,0,0,0,0,0.00124342,132.342644966234,0.00124264759356923,132.507202457837
6999,8990,66.93333,2582.79,2.22983,0.062278,-1.403791,0,0,0,0,0,0,0,0,0,0,0,0.00124556,132.599085649688,0.00124478493367094,132.76424576681
7000,8990,67,2587.415,2.23209,0.062412,-1.40175,0,0,0,0,0,0,0,0,0,0,0,0.00124824,132.836530726961,0.00124746159614043,133.002342598076
7001,8990,67.06667,2592.355,2.23435,0.06254,-1.399153,0,0,0,0,0,0,0,0,0,0,0,0.0012508,133.090147739227,0.00125001840136116,133.256616896019
7002,8990,67.13333,2597.425,2.23647,0.062647,-1.395789,0,0,0,0,0,0,0,0,0,0,0,0.00125294,133.350438883394,0.00125215572570902,133.517518982289
7003,8990,67.2,2601.9,2.23871,0.062756,-1.398405,0,0,0,0,0,0,0,0,0,0,0,0.00125512,133.580183039242,0.00125433299534743,133.747842198578
7004,8990,67.26667,2606.42,2.24099,0.062883,-1.391575,0,0,0,0,0,0,0,0,0,0,0,0.00125766,133.812237471518,0.00125686980812134,133.980527770096
7005,8990,67.33334,2611.585,2.24319,0.063028,-1.390887,0,0,0,0,0,0,0,0,0,0,0,0.00126056,134.077405865921,0.00125976616129401,134.246418480659
7006,8990,67.4,2616.555,2.24545,0.063135,-1.394826,0,0,0,0,0,0,0,0,0,0,0,0.0012627,134.332563062471,0.00126190346480788,134.50218478985
7007,8990,67.46667,2621.4,2.24767,0.063273,-1.399052,0,0,0,0,0,0,0,0,0,0,0,0.00126546,134.581302824501,0.00126465998035159,134.751610079973
7008,8990,67.53333,2626.295,2.24987,0.063395,-1.400759,0,0,0,0,0,0,0,0,0,0,0,0.0012679,134.832609560339,0.00126709689356241,135.003563826001
7009,8990,67.6,2631.045,2.25209,0.063522,-1.404963,0,0,0,0,0,0,0,0,0,0,0,0.00127044,135.076472072133,0.00126963367395695,135.248078625312
7010,8990,67.66666,2635.945,2.25433,0.063655,-1.407834,0,0,0,0,0,0,0,0,0,0,0,0.0012731,135.328035505352,0.00127229029534539,135.500321627354
7011,8990,67.73333,2640.92,2.25653,0.063769,-1.403182,0,0,0,0,0,0,0,0,0,0,0,0.00127538,135.583449399283,0.00127456739377562,135.756369818978
7012,8990,67.8,2645.905,2.25877,0.063891,-1.400314,0,0,0,0,0,0,0,0,0,0,0,0.00127782,135.839376687976,0.00127700428284308,136.012954960296
7013,8990,67.86667,2650.92,2.26099,0.064016,-1.400863,0,0,0,0,0,0,0,0,0,0,0,0.00128032,136.096844160955,0.00127950108925281,136.271091672471
7014,8990,67.93333,2655.82,2.26319,0.064148,-1.403102,0,0,0,0,0,0,0,0,0,0,0,0.00128296,136.348407594173,0.00128213771005408,136.52333714718
7015,8990,68,2660.685,2.26543,0.064237,-1.409503,0,0,0,0,0,0,0,0,0,0,0,0.00128474,136.598174145727,0.0012839154277313,136.773667283979
7016,8990,68.06667,2665.57,2.26767,0.064347,-1.411872,0,0,0,0,0,0,0,0,0,0,0,0.00128694,136.848967486803,0.00128611260251603,137.02508389702
7017,8990,68.13333,2670.42,2.26989,0.064474,-1.406092,0,0,0,0,0,0,0,0,0,0,0,0.00128948,137.097963946213,0.0012886493346724,137.274749028763
7018,8990,68.2,2675.42,2.27211,0.064624,-1.412318,0,0,0,0,0,0,0,0,0,0,0,0.00129248,137.354661327049,0.00129164546672582,137.532189479721
7019,8990,68.26667,2680.345,2.27433,0.064777,-1.412695,0,0,0,0,0,0,0,0,0,0,0,0.00129554,137.607508247172,0.00129470151217251,137.785784278407
7020,8990,68.33334,2685.14,2.27655,0.064902,-1.410356,0,0,0,0,0,0,0,0,0,0,0,0.00129804,137.853681035394,0.00129719827439613,138.032620627525
7021,8990,68.4,2690.055,2.27877,0.065021,-1.409615,0,0,0,0,0,0,0,0,0,0,0,0.00130042,138.106014560755,0.00129957518624093,138.28561038421
7022,8990,68.46667,2694.995,2.28097,0.065118,-1.412021,0,0,0,0,0,0,0,0,0,0,0,0.00130236,138.359631573021,0.00130151266482565,138.539825622796
7023,8990,68.53333,2699.81,2.28327,0.065233,-1.415607,0,0,0,0,0,0,0,0,0,0,0,0.00130466,138.606831150765,0.00130380967065559,138.787665939094
7024,8990,68.6,2704.94,2.28547,0.065383,-1.409487,0,0,0,0,0,0,0,0,0,0,0,0.00130766,138.870202663503,0.00130680575728705,139.051797672718
7025,8990,68.66666,2710.06,2.28762,0.0655,-1.417414,0,0,0,0,0,0,0,0,0,0,0,0.00131,139.133060781478,0.00130914269862811,139.315325091102
7026,8990,68.73333,2714.65,2.28993,0.065609,-1.417315,0,0,0,0,0,0,0,0,0,0,0,0.00131218,139.368708977085,0.0013113198441944,139.551585809631
7027,8990,68.8,2719.795,2.29217,0.065734,-1.403422,0,0,0,0,0,0,0,0,0,0,0,0.00131468,139.632850581965,0.0013138165649264,139.816423097968
7028,8990,68.86667,2725.11,2.29431,0.065904,-1.389286,0,0,0,0,0,0,0,0,0,0,0,0.00131808,139.905719897794,0.00131721209511858,140.090126829076
7029,8990,68.93333,2729.735,2.29657,0.066019,-1.392755,0,0,0,0,0,0,0,0,0,0,0,0.00132038,140.143164975066,0.00131950906488694,140.328207207236
7030,8990,69,2734.435,2.29881,0.066113,-1.400299,0,0,0,0,0,0,0,0,0,0,0,0.00132226,140.384460513052,0.0013213865840834,140.57008526981
7031,8990,69.06667,2739.675,2.30098,0.066268,-1.403505,0,0,0,0,0,0,0,0,0,0,0,0.00132536,140.653479368168,0.00132448248569792,140.839895863583
7032,8990,69.13333,2744.48,2.30323,0.066391,-1.397267,0,0,0,0,0,0,0,0,0,0,0,0.00132782,140.900165551151,0.00132693922660992,141.087255608973
7033,8990,69.2,2749.29,2.30547,0.066497,-1.397071,0,0,0,0,0,0,0,0,0,0,0,0.00132994,141.147108431515,0.0013290564131231,141.334825616902
7034,8990,69.26667,2754.525,2.30769,0.066635,-1.395931,0,0,0,0,0,0,0,0,0,0,0,0.0013327,141.41587058925,0.00133181274356536,141.604335519984
7035,8990,69.33334,2759.435,2.30993,0.066747,-1.396486,0,0,0,0,0,0,0,0,0,0,0,0.00133494,141.66794741723,0.00133404975978831,141.857065626955
7036,8990,69.4,2764.405,2.31219,0.066879,-1.39276,0,0,0,0,0,0,0,0,0,0,0,0.00133758,141.923104613781,0.00133668623676952,142.11293812005
7037,8990,69.46667,2769.63,2.31434,0.066999,-1.401258,0,0,0,0,0,0,0,0,0,0,0,0.00133998,142.191353376754,0.00133908302799344,142.381886946452
7038,8990,69.53333,2774.31,2.31656,0.067126,-1.39286,0,0,0,0,0,0,0,0,0,0,0,0.00134252,142.431622125216,0.00134161962578154,142.622839426552
7039,8990,69.6,2778.96,2.31882,0.067243,-1.376234,0,0,0,0,0,0,0,0,0,0,0,0.00134486,142.670350689393,0.00134395648576614,142.862222337221
7040,8990,69.66666,2784.225,2.32102,0.067373,-1.374595,0,0,0,0,0,0,0,0,0,0,0,0.00134746,142.940653031413,0.00134655299045557,143.133259843747
7041,8990,69.73333,2789.22,2.32326,0.067498,-1.371036,0,0,0,0,0,0,0,0,0,0,0,0.00134996,143.197093714868,0.0013490496232219,143.390404063499
7042,8990,69.8,2794.185,2.32552,0.067645,-1.371628,0,0,0,0,0,0,0,0,0,0,0,0.0013529,143.451994214038,0.00135198565538008,143.64607041701
7043,8990,69.86667,2799.54,2.32772,0.067762,-1.382448,0,0,0,0,0,0,0,0,0,0,0,0.00135524,143.726917108913,0.00135432249114088,143.921701576055
7044,8990,69.93333,2804.465,2.32994,0.067882,-1.389868,0,0,0,0,0,0,0,0,0,0,0,0.00135764,143.979764029036,0.00135671924009457,144.175236715872
7045,8990,70,2809.33,2.33221,0.068027,-1.393125,0,0,0,0,0,0,0,0,0,0,0,0.00136054,144.229530580589,0.00135961530408311,144.425760626125
7046,8990,70.06667,2814.545,2.33436,0.068116,-1.397866,0,0,0,0,0,0,0,0,0,0,0,0.00136232,144.4972659488,0.00136139288403228,144.694117464148
7047,8990,70.13333,2819.46,2.33654,0.068233,-1.405135,0,0,0,0,0,0,0,0,0,0,0,0.00136466,144.749599474162,0.00136372969781005,144.94713346258
7048,8990,70.2,2824.06,2.33884,0.068383,-1.408725,0,0,0,0,0,0,0,0,0,0,0,0.00136766,144.985761064531,0.00136672560492179,145.184052290508
7049,8990,70.26667,2829.175,2.34108,0.068518,-1.404681,0,0,0,0,0,0,0,0,0,0,0,0.00137036,145.248362485125,0.00136942191364798,145.447405031141
7050,8990,70.33334,2834.43,2.34328,0.068633,-1.406973,0,0,0,0,0,0,0,0,0,0,0,0.00137266,145.518151432384,0.00137171876349546,145.717898378129
7051,8990,70.4,2839.275,2.34552,0.068768,-1.406923,0,0,0,0,0,0,0,0,0,0,0,0.00137536,145.766891194413,0.00137441505875883,145.967373145886
7052,8990,70.46667,2844.235,2.34776,0.068913,-1.407992,0,0,0,0,0,0,0,0,0,0,0,0.00137826,146.021534996202,0.00137731107149967,146.222790637026
7053,8990,70.53333,2849.395,2.34994,0.06904,-1.41287,0,0,0,0,0,0,0,0,0,0,0,0.0013808,146.286446693225,0.00137984757232058,146.488439018819
7054,8990,70.6,2854.19,2.35216,0.069139,-1.412292,0,0,0,0,0,0,0,0,0,0,0,0.00138278,146.532619481446,0.00138182484015162,146.735241857013
7055,8990,70.66666,2858.985,2.3544,0.069282,-1.408365,0,0,0,0,0,0,0,0,0,0,0,0.00138564,146.778792269667,0.00138468088678347,146.982174835388
7056,8990,70.73333,2864.025,2.35664,0.069427,-1.401246,0,0,0,0,0,0,0,0,0,0,0,0.00138854,147.03754322955,0.00138757686979432,147.241710739826
7057,8990,70.8,2869.11,2.35884,0.069519,-1.39687,0,0,0,0,0,0,0,0,0,0,0,0.00139038,147.29860446586,0.00138941431673521,147.503405499537
7058,8990,70.86667,2874.045,2.36108,0.069664,-1.400495,0,0,0,0,0,0,0,0,0,0,0,0.00139328,147.551964780744,0.0013923102860384,147.757545982234
7059,8990,70.93333,2878.99,2.3633,0.069778,-1.409875,0,0,0,0,0,0,0,0,0,0,0,0.00139556,147.805838490391,0.00139458711118778,148.012110406354
7060,8990,71,2884.05,2.3655,0.069908,-1.4083,0,0,0,0,0,0,0,0,0,0,0,0.00139816,148.065616239796,0.00139718348441784,148.272635661798
7061,8990,71.06667,2888.915,2.36774,0.070028,-1.403524,0,0,0,0,0,0,0,0,0,0,0,0.00140056,148.315382791349,0.00139958013064704,148.523107383872
7062,8990,71.13333,2893.955,2.36998,0.070185,-1.399035,0,0,0,0,0,0,0,0,0,0,0,0.0014037,148.574133751232,0.00140271573412335,148.782687262778
7063,8990,71.2,2899.17,2.37216,0.070292,-1.393045,0,0,0,0,0,0,0,0,0,0,0,0.00140584,148.841869119443,0.00140485273213275,149.051116972726
7064,8990,71.26667,2904.145,2.37442,0.070397,-1.4002,0,0,0,0,0,0,0,0,0,0,0,0.00140794,149.097283013375,0.00140694978181442,149.307203042021
7065,8990,71.33334,2909.185,2.37666,0.070534,-1.404913,0,0,0,0,0,0,0,0,0,0,0,0.00141068,149.356033973257,0.00140968592573943,149.566727543262
7066,8990,71.4,2914.4,2.37882,0.070677,-1.404858,0,0,0,0,0,0,0,0,0,0,0,0.00141354,149.623769341469,0.00141254189279973,149.835268524384
7067,8990,71.46667,2919.265,2.3811,0.070786,-1.407965,0,0,0,0,0,0,0,0,0,0,0,0.00141572,149.873535893022,0.00141471881326281,150.085714855256
7068,8990,71.53333,2924.28,2.38336,0.070941,-1.407694,0,0,0,0,0,0,0,0,0,0,0,0.00141882,150.131003366,0.00141781442594386,150.344012236196
7069,8990,71.6,2929.635,2.3855,0.071104,-1.406173,0,0,0,0,0,0,0,0,0,0,0,0.00142208,150.405926260875,0.00142106980184511,150.619815520492
7070,8990,71.66666,2934.365,2.38776,0.071178,-1.409629,0,0,0,0,0,0,0,0,0,0,0,0.00142356,150.648761983145,0.0014225476990635,150.863219534754
7071,8990,71.73333,2939.22,2.39004,0.071316,-1.407653,0,0,0,0,0,0,0,0,0,0,0,0.00142632,150.898015139937,0.00142530377182506,151.113243996891
7072,8990,71.8,2944.67,2.39218,0.071453,-1.406371,0,0,0,0,0,0,0,0,0,0,0,0.00142906,151.177815285047,0.00142803986553144,151.393857453759
7073,8990,71.86667,2949.555,2.39438,0.071552,-1.405949,0,0,0,0,0,0,0,0,0,0,0,0.00143104,151.428608626124,0.0014300170380758,151.645309022212
7074,8990,71.93333,2954.215,2.39668,0.071667,-1.410344,0,0,0,0,0,0,0,0,0,0,0,0.00143334,151.667850585063,0.00143231374874975,151.88524218202
7075,8990,72,2959.495,2.39886,0.071809,-1.413955,0,0,0,0,0,0,0,0,0,0,0,0.00143618,151.938923019225,0.00143514967986928,152.157134661687
7076,8990,72.06667,2964.58,2.40106,0.071944,-1.402254,0,0,0,0,0,0,0,0,0,0,0,0.00143888,152.199984255535,0.00143784580410982,152.418981768881
7077,8990,72.13333,2969.33,2.40334,0.072061,-1.402356,0,0,0,0,0,0,0,0,0,0,0,0.00144122,152.443846767329,0.0014401824392384,152.663551888167
7078,8990,72.2,2974.545,2.40554,0.072183,-1.410716,0,0,0,0,0,0,0,0,0,0,0,0.00144366,152.71158213554,0.00144261892475428,152.932045738206
7079,8990,72.26667,2979.675,2.40776,0.072288,-1.417892,0,0,0,0,0,0,0,0,0,0,0,0.00144576,152.974953648278,0.00144471589523994,153.196118717264
7080,8990,72.33334,2984.64,2.41004,0.072405,-1.412989,0,0,0,0,0,0,0,0,0,0,0,0.0014481,153.229854147447,0.00144705251431569,153.451746299238
7081,8990,72.4,2989.92,2.41222,0.07255,-1.406818,0,0,0,0,0,0,0,0,0,0,0,0.001451,153.50092658161,0.00144994831670548,153.72365642608
7082,8990,72.46667,2994.885,2.4144,0.0727,-1.4117,0,0,0,0,0,0,0,0,0,0,0,0.001454,153.75582708078,0.00145294396552555,153.979388053355
7083,8990,72.53333,2999.61,2.41666,0.072817,-1.418433,0,0,0,0,0,0,0,0,0,0,0,0.00145634,153.998406105669,0.00145528056537553,154.222680144417
7084,8990,72.6,3004.825,2.41886,0.07296,-1.410346,0,0,0,0,0,0,0,0,0,0,0,0.0014592,154.266141473881,0.00145813640222219,154.49124662752
7085,8990,72.66666,3009.91,2.4211,0.073107,-1.414612,0,0,0,0,0,0,0,0,0,0,0,0.00146214,154.527202710191,0.0014610721141158,154.753143114361
7086,8990,72.73333,3014.93,2.42336,0.073235,-1.415977,0,0,0,0,0,0,0,0,0,0,0,0.0014647,154.78492688055,0.00146362837323529,155.011640362952
7087,8990,72.8,3020.305,2.42556,0.073349,-1.411591,0,0,0,0,0,0,0,0,0,0,0,0.00146698,155.060876564948,0.00146590503601183,155.288347769651
7088,8990,72.86667,3025.225,2.42778,0.073464,-1.411563,0,0,0,0,0,0,0,0,0,0,0,0.00146928,155.31346678769,0.00146820166426301,155.541665758172
7089,8990,72.93333,3030.195,2.43004,0.073581,-1.414127,0,0,0,0,0,0,0,0,0,0,0,0.00147162,155.568623984241,0.00147053822846218,155.797561882669
7090,8990,73,3035.515,2.43222,0.073749,-1.417726,0,0,0,0,0,0,0,0,0,0,0,0.00147498,155.84174999745,0.00147389328545672,156.071613461861
7091,8990,73.06667,3040.485,2.43438,0.073896,-1.410171,0,0,0,0,0,0,0,0,0,0,0,0.00147792,156.096907194001,0.00147682895109309,156.327605935081
7092,8990,73.13333,3045.235,2.43666,0.073988,-1.406489,0,0,0,0,0,0,0,0,0,0,0,0.00147976,156.340769705794,0.00147866623404571,156.572116523174
7093,8990,73.2,3050.445,2.4389,0.074133,-1.407528,0,0,0,0,0,0,0,0,0,0,0,0.00148266,156.608248376625,0.00148156194488977,156.840445162163
7094,8990,73.26667,3055.875,2.44112,0.07426,-1.404698,0,0,0,0,0,0,0,0,0,0,0,0.0014852,156.887021732213,0.00148409818129259,157.120030336889
7095,8990,73.33334,3060.99,2.44334,0.074388,-1.405877,0,0,0,0,0,0,0,0,0,0,0,0.00148776,157.149623152807,0.00148665438155201,157.383424076149
7096,8990,73.4,3066.205,2.44558,0.074545,-1.408305,0,0,0,0,0,0,0,0,0,0,0,0.0014909,157.417358521019,0.00148978971201032,157.652052060838
7097,8990,73.46667,3071.465,2.44782,0.074675,-1.409683,0,0,0,0,0,0,0,0,0,0,0,0.0014935,157.687404165658,0.00149238583807097,157.92291030378
7098,8990,73.53333,3076.76,2.45,0.074805,-1.404779,0,0,0,0,0,0,0,0,0,0,0,0.0014961,157.959246691963,0.00149498195739178,158.195569520939
7099,8990,73.6,3081.855,2.4522,0.074927,-1.407489,0,0,0,0,0,0,0,0,0,0,0,0.00149854,158.220821323034,0.00149741830939325,158.45792155262
7100,8990,73.66666,3086.7,2.45446,0.075072,-1.405448,0,0,0,0,0,0,0,0,0,0,0,0.00150144,158.469561085064,0.00150031396593731,158.70749362286
7101,8990,73.73333,3091.86,2.45668,0.075182,-1.404423,0,0,0,0,0,0,0,0,0,0,0,0.00150364,158.734472782087,0.00150251066530859,158.973152284741
7102,8990,73.8,3097.13,2.45894,0.075304,-1.405683,0,0,0,0,0,0,0,0,0,0,0,0.00150608,159.005031821487,0.00150494699896757,159.244506119813
7103,8990,73.86667,3102.335,2.46116,0.075446,-1.414601,0,0,0,0,0,0,0,0,0,0,0,0.00150892,159.272253794937,0.00150778272411197,159.512582884133
7104,8990,73.93333,3107.435,2.46334,0.075571,-1.402768,0,0,0,0,0,0,0,0,0,0,0,0.00151142,159.53408512339,0.00151027895437982,159.775208130327
7105,8990,74,3112.3,2.46558,0.075698,-1.402094,0,0,0,0,0,0,0,0,0,0,0,0.00151396,159.783851674943,0.00151281511795065,160.025758035024
7106,8990,74.06667,3117.275,2.46782,0.07581,-1.39927,0,0,0,0,0,0,0,0,0,0,0,0.0015162,160.039265568874,0.00151505172930545,160.28191710333
7107,8990,74.13333,3122.505,2.47,0.075968,-1.393141,0,0,0,0,0,0,0,0,0,0,0,0.00151936,160.307771029228,0.00151820694038929,160.551336244219
7108,8990,74.2,3127.59,2.47224,0.076098,-1.397351,0,0,0,0,0,0,0,0,0,0,0,0.00152196,160.568832265538,0.00152080299267638,160.813211605493
7109,8990,74.26667,3132.715,2.47448,0.07622,-1.394982,0,0,0,0,0,0,0,0,0,0,0,0.0015244,160.831947080894,0.00152323928176961,161.077119301025
7110,8990,74.33334,3137.965,2.47666,0.076332,-1.395168,0,0,0,0,0,0,0,0,0,0,0,0.00152664,161.101479330772,0.00152547586980976,161.347423293177
7111,8990,74.4,3143.005,2.47892,0.076454,-1.396124,0,0,0,0,0,0,0,0,0,0,0,0.00152908,161.360230290654,0.00152791214751855,161.606962991587
7112,8990,74.46667,3148.12,2.4812,0.076597,-1.39887,0,0,0,0,0,0,0,0,0,0,0,0.00153194,161.622831711249,0.00153076777694909,161.870428192061
7113,8990,74.53333,3153.6,2.48332,0.076742,-1.402219,0,0,0,0,0,0,0,0,0,0,0,0.00153484,161.904172040645,0.00153366333692629,162.15266904006
7114,8990,74.6,3158.57,2.4856,0.076849,-1.403465,0,0,0,0,0,0,0,0,0,0,0,0.00153698,162.159329237195,0.00153580005511955,162.408564883046
7115,8990,74.66666,3163.595,2.4879,0.076963,-1.394895,0,0,0,0,0,0,0,0,0,0,0,0.00153926,162.417310104935,0.00153807655359163,162.667312573687
7116,8990,74.73333,3169.135,2.49002,0.077131,-1.397702,0,0,0,0,0,0,0,0,0,0,0,0.00154262,162.701730802901,0.00154143138399927,162.952717746872
7117,8990,74.8,3174.145,2.49224,0.077279,-1.403985,0,0,0,0,0,0,0,0,0,0,0,0.00154558,162.958941578498,0.00154438682050975,163.210807659423
7118,8990,74.86667,3178.81,2.49454,0.077386,-1.406377,0,0,0,0,0,0,0,0,0,0,0,0.00154772,163.198440234818,0.00154652351579009,163.451025724738
7119,8990,74.93333,3184.28,2.4967,0.077503,-1.404621,0,0,0,0,0,0,0,0,0,0,0,0.00155006,163.479267169452,0.0015488598969926,163.732669842321
7120,8990,75,3189.48,2.4989,0.077666,-1.401281,0,0,0,0,0,0,0,0,0,0,0,0.00155332,163.746232445521,0.00155211484632023,164.000582743304
7121,8990,75.06667,3194.3,2.5012,0.077785,-1.412403,0,0,0,0,0,0,0,0,0,0,0,0.0015557,163.993688720647,0.00155449115232875,164.24881370219
7122,8990,75.13333,3199.77,2.50338,0.077925,-1.414596,0,0,0,0,0,0,0,0,0,0,0,0.0015585,164.274515655281,0.00155728679922705,164.53053748793
7123,8990,75.2,3204.955,2.50558,0.078058,-1.410126,0,0,0,0,0,0,0,0,0,0,0,0.00156116,164.540710839208,0.00155994265654118,164.797585215341
7124,8990,75.26667,3209.835,2.5079,0.078147,-1.404631,0,0,0,0,0,0,0,0,0,0,0,0.00156294,164.791247482903,0.00156171988042845,165.048806315244
7125,8990,75.33334,3215.275,2.51006,0.078294,-1.40801,0,0,0,0,0,0,0,0,0,0,0,0.00156588,165.070534233252,0.00156465528824722,165.329014881397
7126,8990,75.4,3220.5,2.51223,0.078445,-1.411944,0,0,0,0,0,0,0,0,0,0,0,0.0015689,165.338782996226,0.00156767056213716,165.598183012868
7127,8990,75.46667,3225.265,2.51452,0.078546,-1.407916,0,0,0,0,0,0,0,0,0,0,0,0.00157092,165.583415600162,0.00156968739588962,165.843533899396
7128,8990,75.53333,3230.63,2.51671,0.078697,-1.406553,0,0,0,0,0,0,0,0,0,0,0,0.00157394,165.858851889799,0.00157270265460643,166.119903771142
7129,8990,75.6,3235.875,2.51889,0.078842,-1.399876,0,0,0,0,0,0,0,0,0,0,0,0.00157684,166.128127442295,0.0015755980931614,166.390084918771
7130,8990,75.66666,3240.83,2.52124,0.078956,-1.406921,0,0,0,0,0,0,0,0,0,0,0,0.00157912,166.382514546703,0.00157787450103522,166.645252503074
7131,8990,75.73333,3246.37,2.52344,0.079116,-1.409463,0,0,0,0,0,0,0,0,0,0,0,0.00158232,166.666935244669,0.00158106945071446,166.930655669645
7132,8990,75.8,3251.7,2.52559,0.079244,-1.411218,0,0,0,0,0,0,0,0,0,0,0,0.00158488,166.94057465264,0.00158362540310823,167.205155430595
7133,8990,75.86667,3256.5,2.52792,0.079381,-1.406973,0,0,0,0,0,0,0,0,0,0,0,0.00158762,167.187004138242,0.00158636106366667,167.452433569752
7134,8990,75.93333,3261.93,2.5301,0.079531,-1.409953,0,0,0,0,0,0,0,0,0,0,0,0.00159062,167.465777493829,0.00158935630387054,167.732151908827
7135,8990,76,3267.38,2.53223,0.079654,-1.405342,0,0,0,0,0,0,0,0,0,0,0,0.00159308,167.74557763894,0.00159181239414317,168.012809763765
7136,8990,76.06667,3272.09,2.53453,0.079768,-1.401441,0,0,0,0,0,0,0,0,0,0,0,0.00159536,167.987386571687,0.00159408876510718,168.255386928729
7137,8990,76.13333,3277.15,2.53678,0.079911,-1.402353,0,0,0,0,0,0,0,0,0,0,0,0.00159822,168.247164321093,0.00159694420556835,168.516060304054
7138,8990,76.2,3282.79,2.53895,0.080038,-1.403615,0,0,0,0,0,0,0,0,0,0,0,0.00160076,168.536718966676,0.00159948014935173,168.806505804929
7139,8990,76.26667,3287.97,2.54119,0.080201,-1.407416,0,0,0,0,0,0,0,0,0,0,0,0.00160402,168.802657453221,0.00160273493391744,169.07342029183
7140,8990,76.33334,3293.115,2.54345,0.080315,-1.405324,0,0,0,0,0,0,0,0,0,0,0,0.0016063,169.066799058101,0.00160501128001765,169.338371057428
7141,8990,76.4,3298.64,2.54567,0.080455,-1.41549,0,0,0,0,0,0,0,0,0,0,0,0.0016091,169.350449663925,0.00160780678568327,169.622951472479
7142,8990,76.46667,3303.855,2.54787,0.080598,-1.418959,0,0,0,0,0,0,0,0,0,0,0,0.00161196,169.618185032136,0.00161066218697377,169.891602761681
7143,8990,76.53333,3308.945,2.55009,0.080725,-1.414061,0,0,0,0,0,0,0,0,0,0,0,0.0016145,169.879502965827,0.00161319809596941,170.153773423365
7144,8990,76.6,3314.175,2.55229,0.08085,-1.406751,0,0,0,0,0,0,0,0,0,0,0,0.001617,170.148008426181,0.00161569406311041,170.423137755806
7145,8990,76.66666,3319.245,2.55449,0.080974,-1.400938,0,0,0,0,0,0,0,0,0,0,0,0.00161948,170.408299570348,0.00161817005635912,170.684272403336
7146,8990,76.73333,3324.27,2.55679,0.08113,-1.403354,0,0,0,0,0,0,0,0,0,0,0,0.0016226,170.666280438088,0.00162128500689961,170.943203544727
7147,8990,76.8,3329.625,2.55903,0.081247,-1.400221,0,0,0,0,0,0,0,0,0,0,0,0.00162494,170.941203332963,0.00162362121343751,171.218972531907
7148,8990,76.86667,3335.055,2.56119,0.0814,-1.406403,0,0,0,0,0,0,0,0,0,0,0,0.001628,171.21997668855,0.00162667624452116,171.498722810599
7149,8990,76.93333,3340.09,2.56347,0.081565,-1.406712,0,0,0,0,0,0,0,0,0,0,0,0.0016313,171.478470951052,0.00162997087542584,171.758203780714
7150,8990,77,3345.245,2.56569,0.081667,-1.403988,0,0,0,0,0,0,0,0,0,0,0,0.00163334,171.743125950693,0.00163200755091974,172.023640868034
7151,8990,77.06667,3350.75,2.56787,0.081797,-1.403405,0,0,0,0,0,0,0,0,0,0,0,0.00163594,172.025749766994,0.00163460330779169,172.307173572067
7152,8990,77.13333,3355.895,2.57013,0.081934,-1.396745,0,0,0,0,0,0,0,0,0,0,0,0.00163868,172.289891371873,0.00163733882889563,172.572219371067
7153,8990,77.2,3360.995,2.57237,0.082049,-1.387172,0,0,0,0,0,0,0,0,0,0,0,0.00164098,172.551722700326,0.00163963506346132,172.834876626242
7154,8990,77.26667,3366.33,2.57451,0.082178,-1.390931,0,0,0,0,0,0,0,0,0,0,0,0.00164356,172.825618805677,0.00164221083335178,173.109668079722
7155,8990,77.33334,3371.305,2.57679,0.082331,-1.39608,0,0,0,0,0,0,0,0,0,0,0,0.00164662,173.081032699609,0.00164526580764418,173.366031389673
7156,8990,77.4,3376.4,2.57907,0.082448,-1.401628,0,0,0,0,0,0,0,0,0,0,0,0.00164896,173.34260733068,0.00164760195815872,173.628442356464
7157,8990,77.46667,3381.955,2.58117,0.082598,-1.412462,0,0,0,0,0,0,0,0,0,0,0,0.00165196,173.627798120789,0.00165059701493728,173.914624298172
7158,8990,77.53333,3386.91,2.58343,0.082741,-1.412717,0,0,0,0,0,0,0,0,0,0,0,0.00165482,173.882185225197,0.0016534522940473,174.169928942951
7159,8990,77.6,3391.85,2.58575,0.082858,-1.411498,0,0,0,0,0,0,0,0,0,0,0,0.00165716,174.135802237462,0.00165578842543707,174.424373123498
7160,8990,77.66666,3397.59,2.58789,0.083026,-1.417861,0,0,0,0,0,0,0,0,0,0,0,0.00166052,174.430490830662,0.00165914286096525,174.720136149296
7161,8990,77.73333,3402.825,2.59007,0.083158,-1.419825,0,0,0,0,0,0,0,0,0,0,0,0.00166316,174.699252988397,0.00166177848098664,174.989805797997
7162,8990,77.8,3407.6,2.59237,0.083252,-1.408365,0,0,0,0,0,0,0,0,0,0,0,0.00166504,174.944398987095,0.00166365535767604,175.235688409184
7163,8990,77.86667,3413.04,2.59455,0.083408,-1.408985,0,0,0,0,0,0,0,0,0,0,0,0.00166816,175.223685737444,0.00166677016653551,175.515986881043
7164,8990,77.93333,3418.415,2.59673,0.083558,-1.41001,0,0,0,0,0,0,0,0,0,0,0,0.00167116,175.499635421842,0.00166976516590484,175.792923392574
7165,8990,78,3423.38,2.59905,0.083652,-1.405993,0,0,0,0,0,0,0,0,0,0,0,0.00167304,175.754535921012,0.00167164202760451,176.048580289789
7166,8990,78.06667,3428.99,2.60125,0.083792,-1.405033,0,0,0,0,0,0,0,0,0,0,0,0.00167584,176.042550382309,0.00167443734700997,176.337569529942
7167,8990,78.13333,3434.46,2.60345,0.083942,-1.409425,0,0,0,0,0,0,0,0,0,0,0,0.00167884,176.323377316944,0.00167743232341622,176.619396055718
7168,8990,78.2,3439.485,2.60577,0.084092,-1.422045,0,0,0,0,0,0,0,0,0,0,0,0.00168184,176.581358184683,0.00168042729085261,176.878339776133
7169,8990,78.26667,3444.935,2.60793,0.084237,-1.420229,0,0,0,0,0,0,0,0,0,0,0,0.00168474,176.861158329794,0.00168332241751477,177.159123397679
7170,8990,78.33334,3450.185,2.61007,0.084365,-1.421727,0,0,0,0,0,0,0,0,0,0,0,0.0016873,177.130690579672,0.00168587810856853,177.429563193887
7171,8990,78.4,3455.035,2.61239,0.084484,-1.418801,0,0,0,0,0,0,0,0,0,0,0,0.00168968,177.379687039082,0.00168825409673624,177.679401948678
7172,8990,78.46667,3460.415,2.61455,0.084617,-1.419098,0,0,0,0,0,0,0,0,0,0,0,0.00169234,177.655893420861,0.00169090960624315,177.956547595533
7173,8990,78.53333,3465.83,2.61675,0.084782,-1.417621,0,0,0,0,0,0,0,0,0,0,0,0.00169564,177.933896684306,0.00169420402552998,178.23560851688
7174,8990,78.6,3470.915,2.61909,0.084891,-1.425188,0,0,0,0,0,0,0,0,0,0,0,0.00169782,178.194957920616,0.00169638033292379,178.497500884073
7175,8990,78.66666,3476.475,2.62127,0.085029,-1.422792,0,0,0,0,0,0,0,0,0,0,0,0.00170058,178.480405408105,0.00169913565108727,178.783925615934
7176,8990,78.73333,3481.89,2.62343,0.085164,-1.418163,0,0,0,0,0,0,0,0,0,0,0,0.00170328,178.75840867155,0.00170183106368373,179.062884293872
7177,8990,78.8,3486.885,2.62573,0.085306,-1.415739,0,0,0,0,0,0,0,0,0,0,0,0.00170612,179.014849355005,0.00170466623057457,179.320270169787
7178,8990,78.86667,3492.205,2.62793,0.085444,-1.414325,0,0,0,0,0,0,0,0,0,0,0,0.00170888,179.287975368214,0.00170742152590789,179.594357003561
7179,8990,78.93333,3497.69,2.63007,0.085576,-1.41491,0,0,0,0,0,0,0,0,0,0,0,0.00171152,179.569572394991,0.00171005701868808,179.876909309536
7180,8990,79,3502.585,2.63235,0.085701,-1.41805,0,0,0,0,0,0,0,0,0,0,0,0.00171402,179.820879130829,0.00171255274408462,180.129095714077
7181,8990,79.06667,3507.725,2.63461,0.085836,-1.410144,0,0,0,0,0,0,0,0,0,0,0,0.00171672,180.084764038328,0.00171524812051656,180.393919154448
7182,8990,79.13333,3513.325,2.63679,0.085986,-1.408616,0,0,0,0,0,0,0,0,0,0,0,0.00171972,180.372265104864,0.0017182429746984,180.68245489661
7183,8990,79.2,3518.44,2.63903,0.086116,-1.403586,0,0,0,0,0,0,0,0,0,0,0,0.00172232,180.634866525459,0.0017208385077341,180.945977568773
7184,8990,79.26667,3523.565,2.64129,0.086263,-1.413272,0,0,0,0,0,0,0,0,0,0,0,0.00172526,180.897981340815,0.00172377344851244,181.210077392103
7185,8990,79.33334,3528.95,2.64351,0.086413,-1.411787,0,0,0,0,0,0,0,0,0,0,0,0.00172826,181.174444419975,0.0017267682771621,181.487560965288
7186,8990,79.4,3534.205,2.64571,0.086546,-1.406642,0,0,0,0,0,0,0,0,0,0,0,0.00173092,181.444233367233,0.00172942368439634,181.758298819653
7187,8990,79.46667,3539.44,2.64793,0.086653,-1.411858,0,0,0,0,0,0,0,0,0,0,0,0.00173306,181.712995524968,0.00173155998434629,182.027915048993
7188,8990,79.53333,3544.6,2.65011,0.086795,-1.414407,0,0,0,0,0,0,0,0,0,0,0,0.0017359,181.977907221991,0.00173439506695205,182.293802671137
7189,8990,79.6,3549.67,2.65235,0.086923,-1.409539,0,0,0,0,0,0,0,0,0,0,0,0.00173846,182.238198366158,0.00173695062748361,182.55501218449
7190,8990,79.66666,3555,2.65461,0.087055,-1.415184,0,0,0,0,0,0,0,0,0,0,0,0.0017411,182.511837774129,0.00173958604244132,182.829609134877
7191,8990,79.73333,3560.41,2.65683,0.087172,-1.41032,0,0,0,0,0,0,0,0,0,0,0,0.00174344,182.789584340193,0.00174192197262024,183.108267013115
7192,8990,79.8,3565.89,2.65903,0.087327,-1.407133,0,0,0,0,0,0,0,0,0,0,0,0.00174654,183.070924669589,0.0017450165725743,183.390665362361
7193,8990,79.86667,3571.225,2.66131,0.08747,-1.405661,0,0,0,0,0,0,0,0,0,0,0,0.0017494,183.34482077494,0.00174787158210323,183.665564204404
7194,8990,79.93333,3576.42,2.66351,0.08762,-1.402308,0,0,0,0,0,0,0,0,0,0,0,0.0017524,183.611529353629,0.00175086633858409,183.933290197668
7195,8990,80,3581.89,2.66569,0.087773,-1.404621,0,0,0,0,0,0,0,0,0,0,0,0.00175546,183.892356288263,0.00175392098095525,184.215171964033
7196,8990,80.06667,3587.18,2.66795,0.087918,-1.410984,0,0,0,0,0,0,0,0,0,0,0,0.00175836,184.163942117187,0.001756815894852,184.487768626448
7197,8990,80.13333,3592.44,2.67017,0.088022,-1.409795,0,0,0,0,0,0,0,0,0,0,0,0.00176044,184.433987761826,0.00175889224172732,184.758672731241
7198,8990,80.2,3597.945,2.67237,0.088154,-1.416081,0,0,0,0,0,0,0,0,0,0,0,0.00176308,184.716611578126,0.00176152759886048,185.042281741667
7199,8990,80.26667,3603.355,2.67463,0.088289,-1.419577,0,0,0,0,0,0,0,0,0,0,0,0.00176578,184.99435814419,0.00176422284329038,185.321017481914
7200,8990,80.33334,3608.655,2.67689,0.088429,-1.423257,0,0,0,0,0,0,0,0,0,0,0,0.00176858,185.266457367876,0.00176701790391522,185.594115919048
7201,8990,80.4,3614.345,2.67903,0.088557,-1.423691,0,0,0,0,0,0,0,0,0,0,0,0.00177114,185.558578987267,0.0017695733810784,185.887229208854
7202,8990,80.46667,3619.62,2.68125,0.088702,-1.419014,0,0,0,0,0,0,0,0,0,0,0,0.00177404,185.829394724048,0.00177246824966321,186.159063503465
7203,8990,80.53333,3624.53,2.68359,0.088882,-1.418285,0,0,0,0,0,0,0,0,0,0,0,0.00177764,186.081471552029,0.00177606186797218,186.412257419119
7204,8990,80.6,3630.295,2.68575,0.08902,-1.421779,0,0,0,0,0,0,0,0,0,0,0,0.0017804,186.377443632132,0.00177881696659651,186.709270032775
7205,8990,80.66666,3635.87,2.68791,0.089155,-1.419936,0,0,0,0,0,0,0,0,0,0,0,0.0017831,186.663661211764,0.0017815121644278,186.996501186071
7206,8990,80.73333,3640.685,2.69021,0.089279,-1.415582,0,0,0,0,0,0,0,0,0,0,0,0.00178558,186.910860789509,0.00178398774714656,187.244605084317
7207,8990,80.8,3645.88,2.69241,0.089391,-1.419887,0,0,0,0,0,0,0,0,0,0,0,0.00178782,187.177569368197,0.0017862237520767,187.512209170265
7208,8990,80.86667,3651.295,2.69457,0.089552,-1.421087,0,0,0,0,0,0,0,0,0,0,0,0.00179104,187.455572631642,0.00178943800040429,187.791313060448
7209,8990,80.93333,3656.295,2.69689,0.089692,-1.422856,0,0,0,0,0,0,0,0,0,0,0,0.00179384,187.712270012478,0.00179223299055201,188.048995790917
7210,8990,81,3661.675,2.69909,0.089804,-1.418627,0,0,0,0,0,0,0,0,0,0,0,0.00179608,187.988476394257,0.00179446897704585,188.326118736939
7211,8990,81.06667,3667.255,2.70129,0.089944,-1.411964,0,0,0,0,0,0,0,0,0,0,0,0.00179888,188.274950671269,0.00179726395313209,188.613634714533
7212,8990,81.13333,3672.36,2.70361,0.090096,-1.40623,0,0,0,0,0,0,0,0,0,0,0,0.00180192,188.537038697103,0.00180029848975232,188.876767357872
7213,8990,81.2,3677.91,2.70579,0.090216,-1.406825,0,0,0,0,0,0,0,0,0,0,0,0.00180432,188.82197278983,0.00180269417005332,189.162668051774
7214,8990,81.26667,3683.445,2.70792,0.090353,-1.41092,0,0,0,0,0,0,0,0,0,0,0,0.00180706,189.106136790415,0.00180542923138044,189.447862925964
7215,8990,81.33334,3688.3,2.71023,0.090491,-1.415386,0,0,0,0,0,0,0,0,0,0,0,0.00180982,189.355389947207,0.0018081842490963,189.698089119041
7216,8990,81.4,3693.515,2.71243,0.090618,-1.421287,0,0,0,0,0,0,0,0,0,0,0,0.00181236,189.623125315418,0.00181071965724385,189.966790682815
7217,8990,81.46667,3699.12,2.71458,0.09075,-1.41318,0,0,0,0,0,0,0,0,0,0,0,0.001815,189.910883079335,0.00181335487779698,190.255571332124
7218,8990,81.53333,3704.21,2.71693,0.090878,-1.410451,0,0,0,0,0,0,0,0,0,0,0,0.00181756,190.172201013025,0.00181591023655019,190.517850398699
7219,8990,81.6,3709.715,2.71913,0.091033,-1.404291,0,0,0,0,0,0,0,0,0,0,0,0.00182066,190.454824829326,0.00181900460754878,190.801578310699
7220,8990,81.66666,3715.465,2.7213,0.091173,-1.411217,0,0,0,0,0,0,0,0,0,0,0,0.00182346,190.750026817286,0.00182179951505968,191.097851861187
7221,8990,81.73333,3720.55,2.72359,0.09131,-1.415197,0,0,0,0,0,0,0,0,0,0,0,0.0018262,191.011088053596,0.00182453452413308,191.3599125026
7222,8990,81.8,3725.805,2.72581,0.091435,-1.412283,0,0,0,0,0,0,0,0,0,0,0,0.0018287,191.280877000855,0.00182702996384169,191.630672340626
7223,8990,81.86667,3731.415,2.72794,0.091611,-1.407051,0,0,0,0,0,0,0,0,0,0,0,0.00183222,191.568891462152,0.00183054353239514,191.919887816467
7224,8990,81.93333,3736.36,2.7302,0.091713,-1.401639,0,0,0,0,0,0,0,0,0,0,0,0.00183426,191.822765171799,0.001832579799429,192.174617997043
7225,8990,82,3741.31,2.73247,0.091817,-1.407557,0,0,0,0,0,0,0,0,0,0,0,0.00183634,192.076895578826,0.0018346559889983,192.429614065253
7226,8990,82.06667,3747.125,2.73466,0.091972,-1.415448,0,0,0,0,0,0,0,0,0,0,0,0.00183944,192.375434632738,0.00183775030199121,192.729297702218
7227,8990,82.13333,3752.625,2.73688,0.092125,-1.410852,0,0,0,0,0,0,0,0,0,0,0,0.0018425,192.657801751657,0.00184080467897487,193.012773751384
7228,8990,82.2,3757.65,2.73915,0.092247,-1.410737,0,0,0,0,0,0,0,0,0,0,0,0.00184494,192.915782619397,0.00184324018857716,193.271700663382
7229,8990,82.26667,3763.095,2.74136,0.092405,-1.404341,0,0,0,0,0,0,0,0,0,0,0,0.0018481,193.195326067127,0.00184639436432844,193.552370349231
7230,8990,82.33334,3768.505,2.74356,0.092535,-1.400622,0,0,0,0,0,0,0,0,0,0,0,0.0018507,193.473072633191,0.00184898956476494,193.831133248713
7231,8990,82.4,3773.71,2.7458,0.092647,-1.401694,0,0,0,0,0,0,0,0,0,0,0,0.00185294,193.740294606641,0.00185122542435537,194.099283748129
7232,8990,82.46667,3778.985,2.748,0.09281,-1.407729,0,0,0,0,0,0,0,0,0,0,0,0.0018562,194.011110343422,0.0018544793896489,194.371233766442
7233,8990,82.53333,3784.35,2.75022,0.092947,-1.409967,0,0,0,0,0,0,0,0,0,0,0,0.00185894,194.286546633059,0.00185721430934413,194.647713666057
7234,8990,82.6,3789.635,2.75246,0.093079,-1.41835,0,0,0,0,0,0,0,0,0,0,0,0.00186158,194.557875764602,0.00185984940737661,194.920060814968
7235,8990,82.66666,3794.995,2.75468,0.093227,-1.414232,0,0,0,0,0,0,0,0,0,0,0,0.00186454,194.833055356858,0.00186280390297404,195.196329381893
7236,8990,82.73333,3800.495,2.75688,0.093362,-1.413427,0,0,0,0,0,0,0,0,0,0,0,0.00186724,195.115422475777,0.00186549887445373,195.479749797241
7237,8990,82.8,3805.85,2.75914,0.093481,-1.412772,0,0,0,0,0,0,0,0,0,0,0,0.00186962,195.390345370652,0.00186787443588346,195.755651068164
7238,8990,82.86667,3811.055,2.76136,0.093601,-1.414193,0,0,0,0,0,0,0,0,0,0,0,0.00187202,195.657567344102,0.00187026995429976,196.023842223321
7239,8990,82.93333,3816.49,2.76356,0.093754,-1.420523,0,0,0,0,0,0,0,0,0,0,0,0.00187508,195.93659739707,0.00187332423195791,196.303994192118
7240,8990,83,3821.84,2.7658,0.093914,-1.41451,0,0,0,0,0,0,0,0,0,0,0,0.00187828,196.211263594564,0.00187651823783084,196.579803286749
7241,8990,83.06667,3827.06,2.76804,0.094052,-1.414423,0,0,0,0,0,0,0,0,0,0,0,0.00188104,196.479255660157,0.00187927305970247,196.848840999224
7242,8990,83.13333,3832.555,2.77024,0.094207,-1.416351,0,0,0,0,0,0,0,0,0,0,0,0.00188414,196.761366081695,0.00188236723463971,197.132092041984
7243,8990,83.2,3837.955,2.77246,0.094334,-1.423661,0,0,0,0,0,0,0,0,0,0,0,0.00188668,197.038599252998,0.00188490245471032,197.410348037436
7244,8990,83.26667,3843.06,2.77474,0.094466,-1.420163,0,0,0,0,0,0,0,0,0,0,0,0.00188932,197.300687278831,0.00188753747978315,197.67345141332
7245,8990,83.33334,3848.58,2.77692,0.094594,-1.403992,0,0,0,0,0,0,0,0,0,0,0,0.00189188,197.584081187273,0.00189009264898025,197.95788655879
7246,8990,83.4,3853.945,2.7791,0.094751,-1.39481,0,0,0,0,0,0,0,0,0,0,0,0.00189502,197.85951747691,0.00189322671478337,198.234465219719
7247,8990,83.46667,3858.815,2.78144,0.094884,-1.401063,0,0,0,0,0,0,0,0,0,0,0,0.00189768,198.109540725844,0.00189588168003983,198.485489239088
7248,8990,83.53333,3864.365,2.78362,0.095014,-1.394795,0,0,0,0,0,0,0,0,0,0,0,0.00190028,198.394474818571,0.00189847675205017,198.77147987118
7249,8990,83.6,3870.02,2.78578,0.095164,-1.392719,0,0,0,0,0,0,0,0,0,0,0,0.00190328,198.684799556296,0.00190147105753985,199.062952361596
7250,8990,83.66666,3874.855,2.78806,0.095283,-1.398883,0,0,0,0,0,0,0,0,0,0,0,0.00190566,198.933025923564,0.00190384653351709,199.312124633746
7251,8990,83.73333,3879.94,2.79028,0.095431,-1.395218,0,0,0,0,0,0,0,0,0,0,0,0.00190862,199.194087159874,0.00190680089912826,199.574272978509
7252,8990,83.8,3885.54,2.79242,0.095579,-1.392899,0,0,0,0,0,0,0,0,0,0,0,0.00191158,199.48158822641,0.00190975525601117,199.862913240832
7253,8990,83.86667,3890.755,2.7947,0.095688,-1.393955,0,0,0,0,0,0,0,0,0,0,0,0.00191376,199.749323594622,0.00191193109435053,200.131595860144
7254,8990,83.93333,3895.9,2.79694,0.095815,-1.400689,0,0,0,0,0,0,0,0,0,0,0,0.0019163,200.013465199502,0.00191446623947146,200.396751002863
7255,8990,84,3901.525,2.79914,0.095966,-1.403515,0,0,0,0,0,0,0,0,0,0,0,0.00191932,200.302249752942,0.00191748045877162,200.686693866938
7256,8990,84.06667,3906.885,2.80144,0.096118,-1.400413,0,0,0,0,0,0,0,0,0,0,0,0.00192236,200.577429345197,0.00192051463061294,200.963011372274
7257,8990,84.13333,3912.235,2.80364,0.096251,-1.401498,0,0,0,0,0,0,0,0,0,0,0,0.00192502,200.852095542692,0.00192316952342223,201.238739843653
7258,8990,84.2,3917.835,2.80578,0.09638,-1.399908,0,0,0,0,0,0,0,0,0,0,0,0.0019276,201.139596609228,0.00192574456309742,201.527313295651
7259,8990,84.26667,3922.84,2.80806,0.09651,-1.404821,0,0,0,0,0,0,0,0,0,0,0,0.0019302,201.396550687444,0.00192833955761269,201.785286309581
7260,8990,84.33334,3927.89,2.81028,0.096643,-1.406919,0,0,0,0,0,0,0,0,0,0,0,0.00193286,201.655815042088,0.00193099442964753,202.04558750075
7261,8990,84.4,3933.48,2.81246,0.0968,-1.393653,0,0,0,0,0,0,0,0,0,0,0,0.001936,201.942802713862,0.0019341283672646,202.333763979916
7262,8990,84.46667,3938.61,2.81476,0.096925,-1.392647,0,0,0,0,0,0,0,0,0,0,0,0.0019385,202.2061742266,0.00193662353350393,202.598150895338
7263,8990,84.53333,3944.06,2.81698,0.097088,-1.396178,0,0,0,0,0,0,0,0,0,0,0,0.00194176,202.48597437171,0.0019398772209273,202.879153537306
7264,8990,84.6,3949.835,2.81916,0.097253,-1.401457,0,0,0,0,0,0,0,0,0,0,0,0.00194506,202.782459846576,0.00194317082011364,203.176883897925
7265,8990,84.66666,3955.035,2.82142,0.097373,-1.396914,0,0,0,0,0,0,0,0,0,0,0,0.00194746,203.049425122645,0.00194556615816308,203.444855756094
7266,8990,84.73333,3960.32,2.82366,0.097498,-1.398466,0,0,0,0,0,0,0,0,0,0,0,0.00194996,203.320754254188,0.00194806129586319,203.717221592153
7267,8990,84.8,3965.865,2.82578,0.097622,-1.394449,0,0,0,0,0,0,0,0,0,0,0,0.00195244,203.605431649534,0.00195053646631065,204.002959038504
7268,8990,84.86667,3970.915,2.82802,0.097757,-1.404269,0,0,0,0,0,0,0,0,0,0,0,0.00195514,203.864696004178,0.00195323120136427,204.263280025924
7269,8990,84.93333,3975.915,2.8303,0.09788,-1.40542,0,0,0,0,0,0,0,0,0,0,0,0.0019576,204.121393385014,0.00195568639809098,204.520981424705
7270,8990,85,3981.72,2.8325,0.098045,-1.39717,0,0,0,0,0,0,0,0,0,0,0,0.0019609,204.419419044164,0.00195897994520894,204.820265082968
7271,8990,85.06667,3987.315,2.83474,0.098159,-1.387467,0,0,0,0,0,0,0,0,0,0,0,0.00196318,204.706663413319,0.00196125548051755,205.108539440799
7272,8990,85.13333,3992.63,2.83698,0.098327,-1.391965,0,0,0,0,0,0,0,0,0,0,0,0.00196654,204.979532729148,0.00196460889153439,205.382633179441
7273,8990,85.2,3998.05,2.83918,0.098473,-1.402147,0,0,0,0,0,0,0,0,0,0,0,0.00196946,205.257792689973,0.00196752315626143,205.662039702365
7274,8990,85.26667,4003.425,2.84142,0.098597,-1.396534,0,0,0,0,0,0,0,0,0,0,0,0.00197194,205.533742374372,0.00196999827853799,205.939042582309
7275,8990,85.33334,4008.765,2.84364,0.09874,-1.392922,0,0,0,0,0,0,0,0,0,0,0,0.0019748,205.807895177104,0.00197285264581517,206.2143246085
7276,8990,85.4,4014.115,2.84582,0.098905,-1.393345,0,0,0,0,0,0,0,0,0,0,0,0.0019781,206.082561374598,0.00197614613639587,206.490213289253
7277,8990,85.46667,4019.475,2.84808,0.09901,-1.396014,0,0,0,0,0,0,0,0,0,0,0,0.0019802,206.357740966854,0.00197824198839029,206.766370565517
7278,8990,85.53333,4024.95,2.8503,0.099178,-1.392491,0,0,0,0,0,0,0,0,0,0,0,0.00198356,206.638824598869,0.00198159534244497,207.04870510579
7279,8990,85.6,4030.385,2.85252,0.099328,-1.399251,0,0,0,0,0,0,0,0,0,0,0,0.00198656,206.917854651837,0.00198458939906291,207.328909385175
7280,8990,85.66666,4035.88,2.85476,0.099455,-1.401168,0,0,0,0,0,0,0,0,0,0,0,0.0019891,207.199965073376,0.00198712435999164,207.612106523903
7281,8990,85.73333,4041.315,2.85698,0.0996,-1.400626,0,0,0,0,0,0,0,0,0,0,0,0.001992,207.478995126344,0.00199001859886437,207.892293284636
7282,8990,85.8,4046.68,2.8592,0.099727,-1.395255,0,0,0,0,0,0,0,0,0,0,0,0.00199454,207.754431415981,0.00199255354603034,208.168805939617
7283,8990,85.86667,4052.2,2.86144,0.099872,-1.394033,0,0,0,0,0,0,0,0,0,0,0,0.00199744,208.037825324423,0.00199544776918977,208.453368398239
7284,8990,85.93333,4057.665,2.86362,0.100007,-1.392379,0,0,0,0,0,0,0,0,0,0,0,0.00200014,208.318395561677,0.00199814238322222,208.735061517375
7285,8990,86,4062.945,2.86586,0.100157,-1.402873,0,0,0,0,0,0,0,0,0,0,0,0.00200314,208.589467995839,0.00200113639029787,209.00730190276
7286,8990,86.06667,4068.295,2.86808,0.100295,-1.408299,0,0,0,0,0,0,0,0,0,0,0,0.0020059,208.864134193333,0.00200389086889032,209.283094760112
7287,8990,86.13333,4073.71,2.87026,0.10044,-1.411337,0,0,0,0,0,0,0,0,0,0,0,0.0020088,209.142137456778,0.00200678505923747,209.562262182501
7288,8990,86.2,4078.915,2.87256,0.100549,-1.406321,0,0,0,0,0,0,0,0,0,0,0,0.00201098,209.409359430228,0.00200896068646614,209.830477463855
7289,8990,86.26667,4084.575,2.87478,0.100694,-1.406044,0,0,0,0,0,0,0,0,0,0,0,0.00201388,209.699940865334,0.0020118548621401,210.122251382244
7290,8990,86.33334,4090.345,2.87692,0.100847,-1.407463,0,0,0,0,0,0,0,0,0,0,0,0.00201694,209.996169642818,0.00201490870738991,210.419719317218
7291,8990,86.4,4095.49,2.87924,0.100964,-1.406998,0,0,0,0,0,0,0,0,0,0,0,0.00201928,210.260311247698,0.00201724399452358,210.684885688994
7292,8990,86.46667,4101.115,2.8815,0.101122,-1.402201,0,0,0,0,0,0,0,0,0,0,0,0.00202244,210.549095801138,0.00202039762148489,210.97491871445
7293,8990,86.53333,4106.98,2.8836,0.101267,-1.405344,0,0,0,0,0,0,0,0,0,0,0,0.00202534,210.850201828858,0.00202329176405882,211.27724517663
7294,8990,86.6,4112.03,2.88588,0.101405,-1.403866,0,0,0,0,0,0,0,0,0,0,0,0.0020281,211.109466183502,0.00202604618162553,211.537617291869
7295,8990,86.66666,4117.285,2.88814,0.101547,-1.408705,0,0,0,0,0,0,0,0,0,0,0,0.00203094,211.379255130761,0.00202888042946292,211.808553715176
7296,8990,86.73333,4123.235,2.89028,0.101669,-1.415116,0,0,0,0,0,0,0,0,0,0,0,0.00203338,211.684725013955,0.00203131548104854,212.115160500104
7297,8990,86.8,4128.495,2.89254,0.101825,-1.416859,0,0,0,0,0,0,0,0,0,0,0,0.0020365,211.954770658594,0.00203442914492928,212.38641654904
7298,8990,86.86667,4133.77,2.89482,0.10198,-1.414232,0,0,0,0,0,0,0,0,0,0,0,0.0020396,212.225586395376,0.00203752283982443,212.658441701388
7299,8990,86.93333,4139.69,2.89698,0.10212,-1.407519,0,0,0,0,0,0,0,0,0,0,0,0.0020424,212.529516094285,0.00204031713666466,212.963586377956
7300,8990,87,4145.01,2.89924,0.10226,-1.394301,0,0,0,0,0,0,0,0,0,0,0,0.0020452,212.802642107494,0.0020431114256966,213.237866071132
7301,8990,87.06667,4150.295,2.9015,0.102407,-1.39447,0,0,0,0,0,0,0,0,0,0,0,0.00204814,213.073971239037,0.00204604542077701,213.510376562491
7302,8990,87.13333,4156.14,2.90364,0.102542,-1.396439,0,0,0,0,0,0,0,0,0,0,0,0.00205084,213.374050477234,0.00204873989847194,213.811646514915
7303,8990,87.2,4161.3,2.90586,0.102682,-1.394264,0,0,0,0,0,0,0,0,0,0,0,0.00205364,213.638962174257,0.00205153416396838,214.077699692536
7304,8990,87.26667,4166.24,2.90816,0.102835,-1.400762,0,0,0,0,0,0,0,0,0,0,0,0.0020567,213.892579186522,0.00205458788804632,214.332492054135
7305,8990,87.33334,4172.13,2.91032,0.102993,-1.402638,0,0,0,0,0,0,0,0,0,0,0,0.00205986,214.194968701147,0.00205774139724131,214.636180349375
7306,8990,87.4,4177.58,2.91256,0.103107,-1.39829,0,0,0,0,0,0,0,0,0,0,0,0.00206214,214.474768846257,0.00206001670782633,214.917045846086
7307,8990,87.46667,4182.985,2.91484,0.103232,-1.399244,0,0,0,0,0,0,0,0,0,0,0,0.00206464,214.752258714941,0.00206251155997326,215.195644818374
7308,8990,87.53333,4188.99,2.91702,0.103408,-1.402138,0,0,0,0,0,0,0,0,0,0,0,0.00206816,215.060552269324,0.00206602430124485,215.505331901106
7309,8990,87.6,4194.585,2.91924,0.103558,-1.402188,0,0,0,0,0,0,0,0,0,0,0,0.00207116,215.347796638479,0.00206901810508876,215.793816380965
7310,8990,87.66666,4199.93,2.92154,0.10368,-1.398953,0,0,0,0,0,0,0,0,0,0,0,0.0020736,215.622206138593,0.00207145305893893,216.069320345242
7311,8990,87.73333,4205.76,2.9237,0.103823,-1.403007,0,0,0,0,0,0,0,0,0,0,0,0.00207646,215.921515284647,0.00207430713664223,216.369867674275
7312,8990,87.8,4211.185,2.92585,0.103955,-1.406843,0,0,0,0,0,0,0,0,0,0,0,0.0020791,216.200031942854,0.00207694166267667,216.649533429266
7313,8990,87.86667,4216.135,2.92816,0.10409,-1.396516,0,0,0,0,0,0,0,0,0,0,0,0.0020818,216.454162349881,0.00207963605712377,216.904776625061
7314,8990,87.93333,4221.89,2.93038,0.104265,-1.396486,0,0,0,0,0,0,0,0,0,0,0,0.0020853,216.749621035223,0.00208312877986136,217.201609019967
7315,8990,88,4227.79,2.93256,0.104418,-1.406606,0,0,0,0,0,0,0,0,0,0,0,0.00208836,217.052523944609,0.00208618240745951,217.505807753514
7316,8990,88.06667,4233.1,2.93482,0.104558,-1.408971,0,0,0,0,0,0,0,0,0,0,0,0.00209116,217.325136563056,0.00208897656833397,217.779598195631
7317,8990,88.13333,4238.665,2.93706,0.104688,-1.402943,0,0,0,0,0,0,0,0,0,0,0,0.00209376,217.610840747926,0.00209157113929797,218.066465621851
7318,8990,88.2,4244.265,2.93924,0.104833,-1.405317,0,0,0,0,0,0,0,0,0,0,0,0.00209666,217.898341814462,0.00209446507589322,218.355200551811
7319,8990,88.26667,4249.58,2.94148,0.104986,-1.400315,0,0,0,0,0,0,0,0,0,0,0,0.00209972,218.17121113029,0.0020975186688748,218.629309585725
7320,8990,88.33334,4254.795,2.94369,0.105105,-1.39305,0,0,0,0,0,0,0,0,0,0,0,0.0021021,218.438946498502,0.00209989367919206,218.898127007936
7321,8990,88.4,4260.26,2.94591,0.105212,-1.393843,0,0,0,0,0,0,0,0,0,0,0,0.00210424,218.719516735755,0.00210202918785418,219.179755091651
7322,8990,88.46667,4265.655,2.94813,0.105367,-1.392975,0,0,0,0,0,0,0,0,0,0,0,0.00210734,218.996493209677,0.00210512267362282,219.457993279677
7323,8990,88.53333,4271.08,2.95039,0.105538,-1.401209,0,0,0,0,0,0,0,0,0,0,0,0.00211076,219.275009867884,0.00210853547585237,219.737846787712
7324,8990,88.6,4276.83,2.95261,0.105708,-1.393743,0,0,0,0,0,0,0,0,0,0,0,0.00211416,219.570211855844,0.00211192830862883,220.034418414942
7325,8990,88.66666,4282.49,2.95481,0.105843,-1.400626,0,0,0,0,0,0,0,0,0,0,0,0.00211686,219.86079329095,0.00211462260880988,220.326207809836
7326,8990,88.73333,4287.865,2.95707,0.105978,-1.395896,0,0,0,0,0,0,0,0,0,0,0,0.00211956,220.136742975349,0.00211731690173147,220.603336010289
7327,8990,88.8,4293.61,2.95931,0.106118,-1.390461,0,0,0,0,0,0,0,0,0,0,0,0.00212236,220.431688265929,0.00212011097561262,220.899523663837
7328,8990,88.86667,4299.185,2.96149,0.106266,-1.393026,0,0,0,0,0,0,0,0,0,0,0,0.00212532,220.717905845561,0.00212306470236958,221.187002025212
7329,8990,88.93333,4304.565,2.96373,0.106403,-1.393827,0,0,0,0,0,0,0,0,0,0,0,0.00212806,220.99411222734,0.00212579888760519,221.464400957806
7330,8990,89,4310.195,2.96597,0.106556,-1.39953,0,0,0,0,0,0,0,0,0,0,0,0.00213112,221.283153478161,0.00212885238490792,221.754734432201
7331,8990,89.06667,4315.775,2.96813,0.106721,-1.394148,0,0,0,0,0,0,0,0,0,0,0,0.00213442,221.569627755173,0.00213214536174564,222.042550400046
7332,8990,89.13333,4321.11,2.97041,0.106861,-1.395286,0,0,0,0,0,0,0,0,0,0,0,0.00213722,221.843523860525,0.00213493939419534,222.31765227659
7333,8990,89.2,4326.785,2.97265,0.106991,-1.389361,0,0,0,0,0,0,0,0,0,0,0,0.00213982,222.134875387773,0.00213753384590843,222.610204036825
7334,8990,89.26667,4332.575,2.97475,0.107116,-1.397686,0,0,0,0,0,0,0,0,0,0,0,0.00214232,222.432130954781,0.0021400285046693,222.908651757568
7335,8990,89.33334,4337.67,2.97705,0.107251,-1.397774,0,0,0,0,0,0,0,0,0,0,0,0.00214502,222.693705585852,0.00214272272914115,223.171388038208
7336,8990,89.4,4343.11,2.97933,0.107401,-1.38783,0,0,0,0,0,0,0,0,0,0,0,0.00214802,222.972992336201,0.00214571630337416,223.451942783199
7337,8990,89.46667,4349.22,2.98147,0.107564,-1.392407,0,0,0,0,0,0,0,0,0,0,0,0.00215128,223.286676535583,0.00214896931054747,223.76702869708
7338,8990,89.53333,4354.625,2.98369,0.107729,-1.398261,0,0,0,0,0,0,0,0,0,0,0,0.00215458,223.564166404266,0.00215226222114139,224.045853285917
7339,8990,89.6,4360.025,2.98597,0.107862,-1.397462,0,0,0,0,0,0,0,0,0,0,0,0.00215724,223.841399575568,0.00215491649875778,224.324279196389
7340,8990,89.66666,4366.015,2.98815,0.107999,-1.392921,0,0,0,0,0,0,0,0,0,0,0,0.00215998,224.14892303781,0.00215765059690618,224.633080228593
7341,8990,89.73333,4371.455,2.99037,0.108139,-1.392892,0,0,0,0,0,0,0,0,0,0,0,0.00216278,224.428209788159,0.00216044455809421,224.913598631724
7342,8990,89.8,4376.835,2.99265,0.108261,-1.391871,0,0,0,0,0,0,0,0,0,0,0,0.00216522,224.704416169938,0.00216287928933585,225.190950665917
7343,8990,89.86667,4382.71,2.99485,0.108414,-1.389425,0,0,0,0,0,0,0,0,0,0,0,0.00216828,225.00603559242,0.00216593267341595,225.493911679274
7344,8990,89.93333,4388.16,2.99707,0.108585,-1.386484,0,0,0,0,0,0,0,0,0,0,0,0.0021717,225.28583573753,0.00216934526811966,225.775088987002
7345,8990,90,4393.65,2.99935,0.108737,-1.387851,0,0,0,0,0,0,0,0,0,0,0,0.00217474,225.567689461688,0.00217237867585726,226.058240538668
7346,8990,90.06667,4399.525,3.00153,0.108887,-1.377429,0,0,0,0,0,0,0,0,0,0,0,0.00217774,225.86930888417,0.00217537216131444,226.361193512899
7347,8990,90.13333,4404.89,3.00373,0.109007,-1.372307,0,0,0,0,0,0,0,0,0,0,0,0.00218014,226.144745173807,0.00217776694322841,226.63777237855
7348,8990,90.2,4410.04,3.00599,0.109132,-1.375967,0,0,0,0,0,0,0,0,0,0,0,0.00218264,226.409143476067,0.00218026150162358,226.903313128984
7349,8990,90.26667,4415.74,3.00815,0.109264,-1.371052,0,0,0,0,0,0,0,0,0,0,0,0.00218528,226.70177849022,0.00218289574853364,227.197185352719
7350,8990,90.33334,4421.005,3.01039,0.109417,-1.369781,0,0,0,0,0,0,0,0,0,0,0,0.00218834,226.97208083224,0.00218594907149651,227.468772915608
7351,8990,90.4,4426.235,3.01269,0.109549,-1.369379,0,0,0,0,0,0,0,0,0,0,0,0.00219098,227.240586292594,0.00218858330342417,227.738465872349
7352,8990,90.46667,4432.125,3.01487,0.109715,-1.371138,0,0,0,0,0,0,0,0,0,0,0,0.0021943,227.542975807218,0.00219189603978595,228.042273359032
7353,8990,90.53333,4437.56,3.01709,0.109839,-1.376883,0,0,0,0,0,0,0,0,0,0,0,0.00219678,227.822005860186,0.00219437060677517,228.32248068622
7354,8990,90.6,4442.91,3.01937,0.109954,-1.374532,0,0,0,0,0,0,0,0,0,0,0,0.00219908,228.096672057681,0.00219666556262287,228.598274887269
7355,8990,90.66666,4448.74,3.02153,0.110135,-1.376905,0,0,0,0,0,0,0,0,0,0,0,0.0022027,228.395981203735,0.00220027761289753,228.899069031532
7356,8990,90.73333,4454.215,3.02369,0.11029,-1.377694,0,0,0,0,0,0,0,0,0,0,0,0.0022058,228.67706483575,0.00220337079475146,229.181480705365
7357,8990,90.8,4459.39,3.02597,0.110417,-1.382513,0,0,0,0,0,0,0,0,0,0,0,0.00220834,228.942746624915,0.00220590520113904,229.448330049996
7358,8990,90.86667,4465.115,3.02821,0.110557,-1.391768,0,0,0,0,0,0,0,0,0,0,0,0.00221114,229.236665125972,0.00220869902750924,229.743539485698
7359,8990,90.93333,4471.045,3.03043,0.110715,-1.389184,0,0,0,0,0,0,0,0,0,0,0,0.0022143,229.541108219643,0.00221185205075155,230.049381095573
7360,8990,91,4476.495,3.03267,0.110878,-1.38249,0,0,0,0,0,0,0,0,0,0,0,0.00221756,229.820908364753,0.00221510484279225,230.330550018307
7361,8990,91.06667,4482.215,3.03489,0.111023,-1.384129,0,0,0,0,0,0,0,0,0,0,0,0.00222046,230.114570168429,0.00221799842191117,230.625530366906
7362,8990,91.13333,4487.88,3.03711,0.111165,-1.386753,0,0,0,0,0,0,0,0,0,0,0,0.0022233,230.405408300916,0.00222083212576132,230.917668645192
7363,8990,91.2,4493.375,3.03933,0.111282,-1.387108,0,0,0,0,0,0,0,0,0,0,0,0.00222564,230.687518722455,0.00222316693205476,231.200946091624
7364,8990,91.26667,4498.91,3.04153,0.111417,-1.389436,0,0,0,0,0,0,0,0,0,0,0,0.00222834,230.97168272304,0.00222586093254264,231.486366162519
7365,8990,91.33334,4504.335,3.04377,0.111567,-1.38891,0,0,0,0,0,0,0,0,0,0,0,0.00223134,231.250199381246,0.00222885425790599,231.766197201134
7366,8990,91.4,4509.75,3.04599,0.1117,-1.396041,0,0,0,0,0,0,0,0,0,0,0,0.002234,231.528202644691,0.0022315083322339,232.045436649399
7367,8990,91.46667,4515.45,3.04823,0.111865,-1.398718,0,0,0,0,0,0,0,0,0,0,0,0.0022373,231.820837658844,0.00223480097104587,232.339490418938
7368,8990,91.53333,4521.135,3.05047,0.112003,-1.39257,0,0,0,0,0,0,0,0,0,0,0,0.00224006,232.112702580854,0.00223755480609054,232.632648961397
7369,8990,91.6,4526.755,3.05265,0.11215,-1.397441,0,0,0,0,0,0,0,0,0,0,0,0.002243,232.401230436913,0.0022404882307311,232.922506396783
7370,8990,91.66666,4532.255,3.05489,0.112303,-1.391819,0,0,0,0,0,0,0,0,0,0,0,0.00224606,232.683597555832,0.00224354137785085,233.206218876959
7371,8990,91.73333,4537.835,3.05713,0.11243,-1.398513,0,0,0,0,0,0,0,0,0,0,0,0.0022486,232.970071832845,0.00224607568243202,233.493928336368
7372,8990,91.8,4543.385,3.05931,0.11258,-1.399118,0,0,0,0,0,0,0,0,0,0,0,0.0022516,233.255005925572,0.00224906894728675,233.780202896914
7373,8990,91.86667,4548.985,3.06157,0.112723,-1.398223,0,0,0,0,0,0,0,0,0,0,0,0.00225446,233.542506992108,0.00225192251810625,234.069019232422
7374,8990,91.93333,4554.775,3.06381,0.112878,-1.393479,0,0,0,0,0,0,0,0,0,0,0,0.00225756,233.839762559116,0.00225501554021747,234.367669853479
7375,8990,92,4560.52,3.06595,0.113031,-1.391167,0,0,0,0,0,0,0,0,0,0,0,0.00226062,234.134707849696,0.00225806864298338,234.663997452955
7376,8990,92.06667,4566.01,3.06823,0.113176,-1.385598,0,0,0,0,0,0,0,0,0,0,0,0.00226352,234.416561573854,0.00226096209778622,234.947168149307
7377,8990,92.13333,4571.685,3.07051,0.113301,-1.378162,0,0,0,0,0,0,0,0,0,0,0,0.00226602,234.707913101102,0.00226345644865511,235.239765926347
7378,8990,92.2,4577.78,3.07263,0.113443,-1.38326,0,0,0,0,0,0,0,0,0,0,0,0.00226886,235.020827208341,0.00226629002369378,235.554056562361
7379,8990,92.26667,4583.235,3.07489,0.113634,-1.38414,0,0,0,0,0,0,0,0,0,0,0,0.00227268,235.300884050832,0.00227010136900507,235.835647663997
7380,8990,92.33334,4588.675,3.07721,0.113779,-1.383679,0,0,0,0,0,0,0,0,0,0,0,0.00227558,235.580170801182,0.00227299478899202,236.116252326253
7381,8990,92.4,4594.76,3.07933,0.113909,-1.385376,0,0,0,0,0,0,0,0,0,0,0,0.00227818,235.892571513658,0.00227558888255224,236.429977252229
7382,8990,92.46667,4600.355,3.08153,0.114057,-1.386541,0,0,0,0,0,0,0,0,0,0,0,0.00228114,236.179815882814,0.00227854215010632,236.718575108016
7383,8990,92.53333,4605.59,3.08385,0.114199,-1.387804,0,0,0,0,0,0,0,0,0,0,0,0.00228398,236.448578040548,0.00228137568239891,236.988621863822
7384,8990,92.6,4611.56,3.08601,0.114349,-1.383849,0,0,0,0,0,0,0,0,0,0,0,0.00228698,236.755074713266,0.00228436884159342,237.296528834034
7385,8990,92.66666,4617.235,3.08819,0.114466,-1.378218,0,0,0,0,0,0,0,0,0,0,0,0.00228932,237.046426240515,0.00228670349954581,237.589101365036
7386,8990,92.73333,4622.56,3.09051,0.114622,-1.383993,0,0,0,0,0,0,0,0,0,0,0,0.00229244,237.319808951105,0.00228981636833687,237.863850373936
7387,8990,92.8,4628.67,3.09271,0.114764,-1.388449,0,0,0,0,0,0,0,0,0,0,0,0.00229528,237.633493150486,0.00229264986868383,238.178928554644
7388,8990,92.86667,4634.485,3.09489,0.114925,-1.389044,0,0,0,0,0,0,0,0,0,0,0,0.0022985,237.932032204398,0.00229586248964684,238.478918980419
7389,8990,92.93333,4639.975,3.09721,0.115082,-1.381788,0,0,0,0,0,0,0,0,0,0,0,0.00230164,238.213885928555,0.00229899528400054,238.762168536964
7390,8990,93,4645.88,3.09939,0.11523,-1.388607,0,0,0,0,0,0,0,0,0,0,0,0.0023046,238.517045535322,0.00230194848243017,239.066731918463
7391,8990,93.06667,4651.615,3.10151,0.11535,-1.393175,0,0,0,0,0,0,0,0,0,0,0,0.002307,238.81147743114,0.002304342961241,239.362415509574
7392,8990,93.13333,4656.725,3.10387,0.115474,-1.388251,0,0,0,0,0,0,0,0,0,0,0,0.00230948,239.073822154354,0.00230681724998877,239.625958365143
7393,8990,93.2,4662.665,3.10603,0.115614,-1.386557,0,0,0,0,0,0,0,0,0,0,0,0.00231228,239.378778642787,0.00230961079444262,239.932289405067
7394,8990,93.26667,4668.525,3.10821,0.115803,-1.393817,0,0,0,0,0,0,0,0,0,0,0,0.00231606,239.679627973126,0.00231338206707676,240.23474037229
7395,8990,93.33334,4673.865,3.11057,0.11594,-1.392539,0,0,0,0,0,0,0,0,0,0,0,0.0023188,239.953780775859,0.00231611573199966,240.510185602722
7396,8990,93.4,4679.8,3.11275,0.116067,-1.386517,0,0,0,0,0,0,0,0,0,0,0,0.00232134,240.258480566911,0.00231864985266222,240.81620218819
7397,8990,93.46667,4685.64,3.11491,0.116212,-1.39317,0,0,0,0,0,0,0,0,0,0,0,0.00232424,240.558303107727,0.00232154313218162,241.117418338142
7398,8990,93.53333,4690.87,3.11723,0.116378,-1.394043,0,0,0,0,0,0,0,0,0,0,0,0.00232756,240.826808568081,0.00232485542811233,241.387347414632
7399,8990,93.6,4696.7,3.11941,0.116523,-1.393451,0,0,0,0,0,0,0,0,0,0,0,0.00233046,241.126117714135,0.00232774868967735,241.688052486423
7400,8990,93.66666,4702.465,3.12152,0.116663,-1.396579,0,0,0,0,0,0,0,0,0,0,0,0.00233326,241.422089794239,0.00233054217565899,241.985390299472
7401,8990,93.73333,4707.465,3.12385,0.116826,-1.39955,0,0,0,0,0,0,0,0,0,0,0,0.00233652,241.678787175074,0.00233379458164894,242.243474494885
7402,8990,93.8,4713.2,3.12609,0.116958,-1.402391,0,0,0,0,0,0,0,0,0,0,0,0.00233916,241.973219070893,0.00233642842414654,242.539233146015
7403,8990,93.86667,4719.41,3.12825,0.117108,-1.400954,0,0,0,0,0,0,0,0,0,0,0,0.00234216,242.292037217891,0.0023394214185642,242.859523935781
7404,8990,93.93333,4725.03,3.13051,0.117261,-1.396303,0,0,0,0,0,0,0,0,0,0,0,0.00234522,242.58056507395,0.00234247426364178,243.149469866773
7405,8990,94,4730.67,3.13277,0.117409,-1.396238,0,0,0,0,0,0,0,0,0,0,0,0.00234818,242.870119719532,0.00234542733367234,243.440422477255
7406,8990,94.06667,4736.68,3.13495,0.117531,-1.397477,0,0,0,0,0,0,0,0,0,0,0,0.00235062,243.178669971297,0.00234786161457284,243.750290616505
7407,8990,94.13333,4742.43,3.13717,0.117719,-1.402982,0,0,0,0,0,0,0,0,0,0,0,0.00235438,243.473871959258,0.00235161278993283,244.047101973921
7408,8990,94.2,4748.1,3.13939,0.117874,-1.398267,0,0,0,0,0,0,0,0,0,0,0,0.00235748,243.764966789125,0.00235470550371546,244.339637823031
7409,8990,94.26667,4753.875,3.14159,0.118004,-1.403265,0,0,0,0,0,0,0,0,0,0,0,0.00236008,244.061452263991,0.0023572993853196,244.63745681625
7410,8990,94.33334,4759.5,3.14381,0.118147,-1.403313,0,0,0,0,0,0,0,0,0,0,0,0.00236294,244.350236817431,0.00236015264731281,244.927621766016
7411,8990,94.4,4765.325,3.14609,0.118299,-1.407309,0,0,0,0,0,0,0,0,0,0,0,0.00236598,244.649289266104,0.00236318547630992,245.228124591522
7412,8990,94.46667,4771.26,3.14831,0.118439,-1.416659,0,0,0,0,0,0,0,0,0,0,0,0.00236878,244.953989057156,0.0023659788633015,245.534231167355
7413,8990,94.53333,4777.16,3.1505,0.118585,-1.40989,0,0,0,0,0,0,0,0,0,0,0,0.0023717,245.256891966542,0.0023688919585666,245.838567737219
7414,8990,94.6,4782.76,3.15277,0.118773,-1.399529,0,0,0,0,0,0,0,0,0,0,0,0.00237546,245.544393033078,0.00237264305503906,246.127673916952
7415,8990,94.66666,4788.47,3.15497,0.118923,-1.390464,0,0,0,0,0,0,0,0,0,0,0,0.00237846,245.837541441992,0.00237563594106866,246.42225620081
7416,8990,94.73333,4794.23,3.15716,0.119068,-1.400193,0,0,0,0,0,0,0,0,0,0,0,0.00238136,246.133256824715,0.0023785290557161,246.719388717187
7417,8990,94.8,4799.825,3.15943,0.119206,-1.402825,0,0,0,0,0,0,0,0,0,0,0,0.00238412,246.42050119387,0.00238128249498632,247.007997239176
7418,8990,94.86667,4805.515,3.16165,0.11934,-1.401746,0,0,0,0,0,0,0,0,0,0,0,0.0023868,246.712622813261,0.00238395611716747,247.301476501392
7419,8990,94.93333,4811.32,3.16382,0.119511,-1.395342,0,0,0,0,0,0,0,0,0,0,0,0.00239022,247.010648472411,0.0023873679679279,247.601058264603
7420,8990,95,4816.96,3.1661,0.119651,-1.39762,0,0,0,0,0,0,0,0,0,0,0,0.00239302,247.300203117994,0.00239016128736912,247.891997450059
7421,8990,95.06667,4822.665,3.16835,0.119773,-1.399637,0,0,0,0,0,0,0,0,0,0,0,0.00239546,247.593094829527,0.00239259545937718,248.186194184467
7422,8990,95.13333,4828.715,3.1705,0.119928,-1.396608,0,0,0,0,0,0,0,0,0,0,0,0.00239856,247.903698660338,0.00239568804641516,248.498310555797
7423,8990,95.2,4834.335,3.17274,0.120099,-1.391155,0,0,0,0,0,0,0,0,0,0,0,0.00240198,248.192226516397,0.00239909985714808,248.788379280645
7424,8990,95.26667,4839.75,3.17505,0.120221,-1.400786,0,0,0,0,0,0,0,0,0,0,0,0.00240442,248.470229779842,0.00240153400739825,249.06765656973
7425,8990,95.33334,4845.97,3.1772,0.120379,-1.407841,0,0,0,0,0,0,0,0,0,0,0,0.00240758,248.789561321602,0.00240468642268718,249.388542093649
7426,8990,95.4,4851.825,3.17936,0.120534,-1.404491,0,0,0,0,0,0,0,0,0,0,0,0.00241068,249.09015395456,0.00240777897233309,249.690630606896
7427,8990,95.46667,4856.895,3.18168,0.120679,-1.399884,0,0,0,0,0,0,0,0,0,0,0,0.00241358,249.350445098728,0.00241067199398868,249.952272346009
7428,8990,95.53333,4862.67,3.18386,0.120809,-1.390594,0,0,0,0,0,0,0,0,0,0,0,0.00241618,249.646930573593,0.0024132657304264,250.250122494306
7429,8990,95.6,4868.625,3.18604,0.120977,-1.387084,0,0,0,0,0,0,0,0,0,0,0,0.00241954,249.952657154168,0.00241661762601215,250.557427606259
7430,8990,95.66666,4874.075,3.18836,0.121137,-1.399878,0,0,0,0,0,0,0,0,0,0,0,0.00242274,250.232457299279,0.00241980989707707,250.838705482876
7431,8990,95.73333,4879.89,3.19054,0.121282,-1.40001,0,0,0,0,0,0,0,0,0,0,0,0.00242564,250.530996353191,0.0024227028839272,251.138694359185
7432,8990,95.8,4885.675,3.19274,0.121425,-1.397692,0,0,0,0,0,0,0,0,0,0,0,0.0024285,250.827995222818,0.00242555595931346,251.437131009216
7433,8990,95.86667,4891.28,3.19506,0.121567,-1.39267,0,0,0,0,0,0,0,0,0,0,0,0.00243134,251.115752986734,0.00242838907506889,251.726300761601
7434,8990,95.93333,4897.205,3.19724,0.121728,-1.398949,0,0,0,0,0,0,0,0,0,0,0,0.00243456,251.419939383025,0.00243160125998357,252.032036310649
7435,8990,96,4903.05,3.19938,0.12187,-1.398933,0,0,0,0,0,0,0,0,0,0,0,0.0024374,251.720018621221,0.00243443435861204,252.333560994609
7436,8990,96.06667,4908.485,3.2017,0.122021,-1.401261,0,0,0,0,0,0,0,0,0,0,0,0.00244042,251.99904867419,0.00243744701102402,252.614032192555
7437,8990,96.13333,4914.255,3.20386,0.122171,-1.402873,0,0,0,0,0,0,0,0,0,0,0,0.00244342,252.295277451674,0.00244043970310934,252.911740778505
7438,8990,96.2,4920.115,3.20606,0.122316,-1.39852,0,0,0,0,0,0,0,0,0,0,0,0.00244632,252.596126782013,0.00244333263027841,253.214057738883
7439,8990,96.26667,4925.7,3.2084,0.122461,-1.386539,0,0,0,0,0,0,0,0,0,0,0,0.00244922,252.882857756407,0.00244622554907848,253.502223509281
7440,8990,96.33334,4931.755,3.21058,0.122639,-1.383793,0,0,0,0,0,0,0,0,0,0,0,0.00245278,253.193718284599,0.00244977684485267,253.814746772933
7441,8990,96.4,4937.745,3.21276,0.122776,-1.39014,0,0,0,0,0,0,0,0,0,0,0,0.00245552,253.50124174684,0.00245251013694388,254.123719115974
7442,8990,96.46667,4943.26,3.21506,0.122911,-1.387067,0,0,0,0,0,0,0,0,0,0,0,0.00245822,253.784378957901,0.00245520351965273,254.408236793943
7443,8990,96.53333,4949.16,3.21726,0.123082,-1.385432,0,0,0,0,0,0,0,0,0,0,0,0.00246164,254.087281867288,0.00245861512733651,254.712753283823
7444,8990,96.6,4955.175,3.21938,0.123237,-1.396863,0,0,0,0,0,0,0,0,0,0,0,0.00246474,254.396088816433,0.00246170751020998,255.023109032382
7445,8990,96.66666,4960.495,3.22168,0.123359,-1.397953,0,0,0,0,0,0,0,0,0,0,0,0.00246718,254.669214829642,0.00246414150806867,255.297529623085
7446,8990,96.73333,4966.19,3.22394,0.123525,-1.398178,0,0,0,0,0,0,0,0,0,0,0,0.0024705,254.961593146414,0.00246745333170603,255.591475762282
7447,8990,96.8,4972.335,3.2261,0.123695,-1.396557,0,0,0,0,0,0,0,0,0,0,0,0.0024739,255.277074227461,0.0024708449469548,255.908604181392
7448,8990,96.86667,4978.07,3.22836,0.12382,-1.401094,0,0,0,0,0,0,0,0,0,0,0,0.0024764,255.571506123279,0.00247333877435781,256.204403401043
7449,8990,96.93333,4983.725,3.2306,0.123988,-1.399774,0,0,0,0,0,0,0,0,0,0,0,0.00247976,255.861830861004,0.00247669046859138,256.4963067947
7450,8990,97,4989.61,3.2328,0.12412,-1.400329,0,0,0,0,0,0,0,0,0,0,0,0.0024824,256.163963678248,0.00247932393475132,256.799865101683
7451,8990,97.06667,4995.5,3.23504,0.124265,-1.400947,0,0,0,0,0,0,0,0,0,0,0,0.0024853,256.466353192872,0.00248221674943349,257.103749020462
7452,8990,97.13333,5001.335,3.23726,0.124449,-1.3941,0,0,0,0,0,0,0,0,0,0,0,0.00248898,256.765919036307,0.00248588761946587,257.40500427347
7453,8990,97.2,5007.105,3.23944,0.124622,-1.391039,0,0,0,0,0,0,0,0,0,0,0,0.00249244,257.062147813792,0.00248933902302037,257.702859793489
7454,8990,97.26667,5012.785,3.24168,0.124713,-1.392386,0,0,0,0,0,0,0,0,0,0,0,0.00249426,257.353756038421,0.00249115449640983,257.995663217957
7455,8990,97.33334,5018.715,3.24394,0.124876,-1.394564,0,0,0,0,0,0,0,0,0,0,0,0.00249752,257.658199132092,0.00249440638006589,258.301705637588
7456,8990,97.4,5024.63,3.24616,0.125049,-1.397902,0,0,0,0,0,0,0,0,0,0,0,0.00250098,257.96187213362,0.0024978577542191,258.607029616589
7457,8990,97.46667,5030.595,3.24838,0.125212,-1.400055,0,0,0,0,0,0,0,0,0,0,0,0.00250424,258.268112108957,0.00250110961607705,258.914877446025
7458,8990,97.53333,5036.555,3.25062,0.125375,-1.393368,0,0,0,0,0,0,0,0,0,0,0,0.0025075,258.574095386913,0.00250436146736065,259.222469931096
7459,8990,97.6,5042.135,3.2528,0.125512,-1.397221,0,0,0,0,0,0,0,0,0,0,0,0.00251024,258.860569663926,0.00250709461026042,259.510371820319
7460,8990,97.66666,5047.82,3.25502,0.125652,-1.397247,0,0,0,0,0,0,0,0,0,0,0,0.00251304,259.152434585936,0.00250988759528737,259.803695020148
7461,8990,97.73333,5053.545,3.25726,0.12581,-1.394016,0,0,0,0,0,0,0,0,0,0,0,0.0025162,259.446353086993,0.00251303966901984,260.09917200063
7462,8990,97.8,5059.105,3.25948,0.125935,-1.389471,0,0,0,0,0,0,0,0,0,0,0,0.0025187,259.731800574482,0.00251553339119885,260.385987060589
7463,8990,97.86667,5065.025,3.26168,0.126095,-1.397101,0,0,0,0,0,0,0,0,0,0,0,0.0025219,260.035730273391,0.00251872534651396,260.691514381568
7464,8990,97.93333,5070.82,3.2639,0.126248,-1.400996,0,0,0,0,0,0,0,0,0,0,0,0.00252496,260.33324253778,0.00252177764425411,260.990573561858
7465,8990,98,5076.5,3.2662,0.126393,-1.398214,0,0,0,0,0,0,0,0,0,0,0,0.00252786,260.624850762409,0.00252467033612857,261.283673897657
7466,8990,98.06667,5082.475,3.26834,0.126561,-1.400254,0,0,0,0,0,0,0,0,0,0,0,0.00253122,260.931604132508,0.00252802185831914,261.59207942752
7467,8990,98.13333,5088.33,3.27056,0.126732,-1.395851,0,0,0,0,0,0,0,0,0,0,0,0.00253464,261.232196765466,0.00253143321758478,261.894326340676
7468,8990,98.2,5093.87,3.2729,0.126849,-1.391373,0,0,0,0,0,0,0,0,0,0,0,0.00253698,261.516617463432,0.00253376729879829,262.180079891605
7469,8990,98.26667,5100.175,3.27508,0.127027,-1.392198,0,0,0,0,0,0,0,0,0,0,0,0.00254054,261.840312860666,0.00253731828369999,262.505528649101
7470,8990,98.33334,5106.445,3.27722,0.127205,-1.398309,0,0,0,0,0,0,0,0,0,0,0,0.0025441,262.162211376234,0.00254086925599202,262.829178258196
7471,8990,98.4,5111.84,3.27952,0.12732,-1.392574,0,0,0,0,0,0,0,0,0,0,0,0.0025464,262.439187850155,0.00254316341677929,263.107462998097
7472,8990,98.46667,5117.595,3.28172,0.127482,-1.400347,0,0,0,0,0,0,0,0,0,0,0,0.00254964,262.734646535497,0.00254639518217649,263.40452529969
7473,8990,98.53333,5123.79,3.28388,0.127668,-1.401978,0,0,0,0,0,0,0,0,0,0,0,0.00255336,263.052694590353,0.00255010571475267,263.724362818612
7474,8990,98.6,5129.495,3.2862,0.127801,-1.396213,0,0,0,0,0,0,0,0,0,0,0,0.00255602,263.345586301886,0.00255275893659341,264.018702887385
7475,8990,98.66666,5135.45,3.2884,0.127941,-1.402158,0,0,0,0,0,0,0,0,0,0,0,0.00255882,263.651312882461,0.00255555179408367,264.325949134891
7476,8990,98.73333,5141.56,3.29058,0.128101,-1.40456,0,0,0,0,0,0,0,0,0,0,0,0.00256202,263.964997081842,0.00255874362166459,264.641280683666
7477,8990,98.8,5147.165,3.29292,0.128264,-1.394344,0,0,0,0,0,0,0,0,0,0,0,0.00256528,264.252754845759,0.00256199528553646,264.93063715271
7478,8990,98.86667,5153.105,3.2951,0.128422,-1.393378,0,0,0,0,0,0,0,0,0,0,0,0.00256844,264.557711334192,0.00256514719502596,265.237211942291
7479,8990,98.93333,5159.335,3.29722,0.128582,-1.396767,0,0,0,0,0,0,0,0,0,0,0,0.00257164,264.877556270713,0.00256833899198021,265.558725989521
7480,8990,99,5164.735,3.29952,0.128702,-1.388688,0,0,0,0,0,0,0,0,0,0,0,0.00257404,265.154789442015,0.00257073283301032,265.837308476231
7481,8990,99.06667,5170.3,3.30174,0.128865,-1.392315,0,0,0,0,0,0,0,0,0,0,0,0.0025773,265.440493626885,0.0025739844578976,266.12461341111
7482,8990,99.13333,5176.495,3.3039,0.12904,-1.38852,0,0,0,0,0,0,0,0,0,0,0,0.0025808,265.758541681741,0.00257747545444301,266.444411326113
7483,8990,99.2,5182.135,3.30624,0.129172,-1.393537,0,0,0,0,0,0,0,0,0,0,0,0.00258344,266.048096327323,0.00258010865520261,266.735415621299
7484,8990,99.26667,5188.095,3.30844,0.129338,-1.405665,0,0,0,0,0,0,0,0,0,0,0,0.00258676,266.354079605279,0.00258342009480014,267.043073684239
7485,8990,99.33334,5194.375,3.3106,0.129503,-1.398834,0,0,0,0,0,0,0,0,0,0,0,0.00259006,266.676491515609,0.00258671157509955,267.367199629224
7486,8990,99.4,5200.02,3.3129,0.129643,-1.40599,0,0,0,0,0,0,0,0,0,0,0,0.00259286,266.966302858572,0.00258950433776689,267.658509106602
7487,8990,99.46667,5205.835,3.31512,0.129788,-1.403082,0,0,0,0,0,0,0,0,0,0,0,0.00259576,267.264841912484,0.00259239683373559,267.958597298527
7488,8990,99.53333,5212.025,3.31722,0.129949,-1.404282,0,0,0,0,0,0,0,0,0,0,0,0.00259898,267.582633269959,0.00259560849187107,268.278075182175
7489,8990,99.6,5217.47,3.3195,0.130091,-1.407284,0,0,0,0,0,0,0,0,0,0,0,0.00260182,267.862176717689,0.00259844112588963,268.559105886316
7490,8990,99.66666,5222.97,3.3218,0.130236,-1.406967,0,0,0,0,0,0,0,0,0,0,0,0.00260472,268.144543836608,0.00260133359600886,268.84298529283
7491,8990,99.73333,5229.36,3.32396,0.130402,-1.397746,0,0,0,0,0,0,0,0,0,0,0,0.00260804,268.472603089316,0.00260464496532214,269.172790377077
7492,8990,99.8,5235.355,3.32618,0.130555,-1.395882,0,0,0,0,0,0,0,0,0,0,0,0.0026111,268.780383248938,0.00260769700082192,269.482195707639
7493,8990,99.86667,5240.935,3.32846,0.130682,-1.401184,0,0,0,0,0,0,0,0,0,0,0,0.00261364,269.06685752595,0.00261023038269123,269.770101427455
7494,8990,99.93333,5246.955,3.33066,0.130865,-1.405981,0,0,0,0,0,0,0,0,0,0,0,0.0026173,269.375921172476,0.00261388083504259,270.080958770961
7495,8990,100,5253,3.33288,0.13099,-1.403226,0,0,0,0,0,0,0,0,0,0,0,0.0026198,269.686268305907,0.00261637430576474,270.392792391615
7496,8990,100.0667,5258.675,3.3351,0.131168,-1.399074,0,0,0,0,0,0,0,0,0,0,0,0.00262336,269.977619833155,0.00261992499734284,270.685868321921
7497,8990,100.1333,5264.4,3.33726,0.131323,-1.405563,0,0,0,0,0,0,0,0,0,0,0,0.00262646,270.271538334212,0.00262301688142543,270.981395718785
7498,8990,100.2,5270.22,3.33952,0.131499,-1.400238,0,0,0,0,0,0,0,0,0,0,0,0.00262998,270.570334085505,0.00262652765434176,271.281928652743
7499,8990,100.2667,5276.155,3.34176,0.131634,-1.397157,0,0,0,0,0,0,0,0,0,0,0,0.00263268,270.875033876556,0.00262922056839624,271.588161160743
7500,8990,100.3333,5282.085,3.34398,0.131786,-1.402025,0,0,0,0,0,0,0,0,0,0,0,0.00263572,271.179476970228,0.00263225258146737,271.894230141267
7501,8990,100.4,5288.11,3.3462,0.131942,-1.390599,0,0,0,0,0,0,0,0,0,0,0,0.00263884,271.488797314134,0.00263536437479697,272.205212812039
7502,8990,100.4667,5294.16,3.34844,0.132117,-1.378706,0,0,0,0,0,0,0,0,0,0,0,0.00264234,271.799401144946,0.00263885515707225,272.517587574567
7503,8990,100.5333,5300.06,3.35066,0.132265,-1.383761,0,0,0,0,0,0,0,0,0,0,0,0.0026453,272.102304054332,0.00264180735200025,272.822096279247
7504,8990,100.6,5306.01,3.35288,0.132423,-1.388604,0,0,0,0,0,0,0,0,0,0,0,0.00264846,272.407773937526,0.00264495900994,273.129235030489
7505,8990,100.6667,5312.015,3.35512,0.132568,-1.385268,0,0,0,0,0,0,0,0,0,0,0,0.00265136,272.71606749191,0.00264785134551097,273.439135964615
7506,8990,100.7333,5317.915,3.35732,0.132723,-1.384929,0,0,0,0,0,0,0,0,0,0,0,0.00265446,273.018970401296,0.00265094314324987,273.743688337467
7507,8990,100.8,5323.83,3.35954,0.132871,-1.384446,0,0,0,0,0,0,0,0,0,0,0,0.00265742,273.322643402824,0.00265389530249205,274.048976461856
7508,8990,100.8667,5329.625,3.36177,0.133049,-1.38322,0,0,0,0,0,0,0,0,0,0,0,0.00266098,273.620155667213,0.00265744586084717,274.34825342904
7509,8990,100.9333,5335.26,3.36402,0.133168,-1.381054,0,0,0,0,0,0,0,0,0,0,0,0.00266336,273.909453615414,0.00265981954170517,274.638973097796
7510,8990,101,5341.285,3.36623,0.133321,-1.383526,0,0,0,0,0,0,0,0,0,0,0,0.00266642,274.218773959321,0.00266287140881509,274.949956382582
7511,8990,101.0667,5347.185,3.36843,0.133474,-1.381205,0,0,0,0,0,0,0,0,0,0,0,0.00266948,274.521676868707,0.00266592326661114,275.254506994675
7512,8990,101.1333,5352.67,3.37072,0.133627,-1.389447,0,0,0,0,0,0,0,0,0,0,0,0.00267254,274.803273895484,0.00266897511509338,275.537696637101
7513,8990,101.2,5358.705,3.37291,0.133787,-1.391215,0,0,0,0,0,0,0,0,0,0,0,0.00267574,275.113107634153,0.0026721665806675,275.849238780774
7514,8990,101.2667,5364.89,3.37509,0.133952,-1.391937,0,0,0,0,0,0,0,0,0,0,0,0.00267904,275.430642294246,0.00267545776887327,276.168532002178
7515,8990,101.3333,5370.245,3.37735,0.134108,-1.395409,0,0,0,0,0,0,0,0,0,0,0,0.00268216,275.705565189121,0.00267856942776037,276.445051627849
7516,8990,101.4,5375.965,3.37959,0.134268,-1.38772,0,0,0,0,0,0,0,0,0,0,0,0.00268536,275.999226992797,0.00268176086271499,276.740384276995
7517,8990,101.4667,5382.17,3.38177,0.13439,-1.389335,0,0,0,0,0,0,0,0,0,0,0,0.0026878,276.317788442414,0.00268419432502365,277.06047539419
7518,8990,101.5333,5387.895,3.38401,0.134561,-1.391256,0,0,0,0,0,0,0,0,0,0,0,0.00269122,276.611706943471,0.00268760515157163,277.356129901431
7519,8990,101.6,5393.64,3.38625,0.134718,-1.387858,0,0,0,0,0,0,0,0,0,0,0,0.00269436,276.906652234051,0.00269073671891841,277.652738441565
7520,8990,101.6667,5399.93,3.38847,0.134889,-1.389892,0,0,0,0,0,0,0,0,0,0,0,0.00269778,277.229577539142,0.00269414752315153,277.977481948836
7521,8990,101.7333,5405.79,3.39075,0.135019,-1.389742,0,0,0,0,0,0,0,0,0,0,0,0.00270038,277.530426869482,0.0026967405244336,278.279864483592
7522,8990,101.8,5411.74,3.39295,0.135159,-1.394686,0,0,0,0,0,0,0,0,0,0,0,0.00270318,277.835896752676,0.00269953297983331,278.58693719206
7523,8990,101.8667,5417.905,3.39511,0.135327,-1.396882,0,0,0,0,0,0,0,0,0,0,0,0.00270654,278.152404623246,0.00270288391602006,278.905235232455
7524,8990,101.9333,5423.485,3.39737,0.135479,-1.402712,0,0,0,0,0,0,0,0,0,0,0,0.00270958,278.438878900259,0.00270591570575174,279.19333131775
7525,8990,102,5429.185,3.39959,0.135619,-1.3994,0,0,0,0,0,0,0,0,0,0,0,0.00271238,278.731513914412,0.00270870813553032,279.487539698123
7526,8990,102.0667,5435.265,3.40177,0.135787,-1.390045,0,0,0,0,0,0,0,0,0,0,0,0.00271574,279.043657929508,0.00271205904097191,279.801467953093
7527,8990,102.1333,5440.805,3.40407,0.135955,-1.386339,0,0,0,0,0,0,0,0,0,0,0,0.0027191,279.328078627474,0.00271540993518497,280.08759960607
7528,8990,102.2,5446.62,3.40629,0.136131,-1.3845,0,0,0,0,0,0,0,0,0,0,0,0.00272262,279.626617681385,0.00271892038374582,280.387934703217
7529,8990,102.2667,5452.885,3.40845,0.136263,-1.373502,0,0,0,0,0,0,0,0,0,0,0,0.00272526,279.948259499572,0.00272155321207958,280.711191293256
7530,8990,102.3333,5458.46,3.41073,0.136426,-1.372582,0,0,0,0,0,0,0,0,0,0,0,0.00272852,280.234477079204,0.00272480434659333,280.999102454604
7531,8990,102.4,5464.26,3.41297,0.136571,-1.378134,0,0,0,0,0,0,0,0,0,0,0,0.00273142,280.532246040974,0.00272769645123435,281.298497428455
7532,8990,102.4667,5470.395,3.41509,0.136693,-1.388972,0,0,0,0,0,0,0,0,0,0,0,0.00273386,280.847213727259,0.00273012980176341,281.615010690979
7533,8990,102.5333,5476.105,3.41733,0.136856,-1.39458,0,0,0,0,0,0,0,0,0,0,0,0.00273712,281.140362136173,0.00273338090839368,281.909877044183
7534,8990,102.6,5481.62,3.41961,0.137017,-1.38685,0,0,0,0,0,0,0,0,0,0,0,0.00274034,281.423499347235,0.00273659211376916,282.194695419436
7535,8990,102.6667,5487.865,3.42181,0.137177,-1.375937,0,0,0,0,0,0,0,0,0,0,0,0.00274354,281.744114375899,0.00273978336355382,282.517090623453
7536,8990,102.7333,5493.935,3.42407,0.137348,-1.375447,0,0,0,0,0,0,0,0,0,0,0,0.00274696,282.055744996233,0.00274319400050282,282.830540845508
7537,8990,102.8,5499.805,3.42629,0.137505,-1.375536,0,0,0,0,0,0,0,0,0,0,0,0.0027501,282.357107721334,0.00274632539377449,283.133618003278
7538,8990,102.8667,5505.855,3.42849,0.137661,-1.378217,0,0,0,0,0,0,0,0,0,0,0,0.00275322,282.667711552145,0.00274943683215387,283.445957948945
7539,8990,102.9333,5511.755,3.43075,0.137821,-1.373229,0,0,0,0,0,0,0,0,0,0,0,0.00275642,282.970614461531,0.00275262804094816,283.750600322645
7540,8990,103,5517.675,3.43293,0.137984,-1.373182,0,0,0,0,0,0,0,0,0,0,0,0.00275968,283.27454416044,0.0027558790744352,284.056291254469
7541,8990,103.0667,5523.515,3.43513,0.138154,-1.364959,0,0,0,0,0,0,0,0,0,0,0,0.00276308,283.574366701257,0.00275926971159754,284.357905362401
7542,8990,103.1333,5529.25,3.43741,0.138266,-1.368025,0,0,0,0,0,0,0,0,0,0,0,0.00276532,283.868798597075,0.00276150353685769,284.653786663211
7543,8990,103.2,5535.29,3.43961,0.138409,-1.37938,0,0,0,0,0,0,0,0,0,0,0,0.00276818,284.178889033124,0.00276435564578526,284.965547350168
7544,8990,103.2667,5541.285,3.44183,0.138595,-1.376563,0,0,0,0,0,0,0,0,0,0,0,0.0027719,284.486669192746,0.00276806536970166,285.275237791082
7545,8990,103.3333,5547.2,3.44409,0.138732,-1.370227,0,0,0,0,0,0,0,0,0,0,0,0.00277464,284.790342194275,0.002770797791957,285.580532869341
7546,8990,103.4,5553.17,3.44627,0.138875,-1.364188,0,0,0,0,0,0,0,0,0,0,0,0.0027775,285.096838866993,0.00277364987437672,285.888695336946
7547,8990,103.4667,5559.015,3.44851,0.13904,-1.375554,0,0,0,0,0,0,0,0,0,0,0,0.0027808,285.396918105189,0.00277694072859914,286.190549855056
7548,8990,103.5333,5564.935,3.45077,0.139188,-1.382571,0,0,0,0,0,0,0,0,0,0,0,0.00278376,285.700847804099,0.00277989251590036,286.496170396182
7549,8990,103.6,5570.98,3.45295,0.139358,-1.377114,0,0,0,0,0,0,0,0,0,0,0,0.00278716,286.011194937529,0.00278328307164295,286.808353899611
7550,8990,103.6667,5576.845,3.45515,0.139519,-1.359098,0,0,0,0,0,0,0,0,0,0,0,0.00279038,286.312300965249,0.00278649411677659,287.111221083617
7551,8990,103.7333,5582.715,3.45739,0.139651,-1.356503,0,0,0,0,0,0,0,0,0,0,0,0.00279302,286.61366369035,0.00278912676720633,287.414181385311
7552,8990,103.8,5588.765,3.45959,0.139814,-1.374052,0,0,0,0,0,0,0,0,0,0,0,0.00279628,286.924267521161,0.00279237768203737,287.726588111946
7553,8990,103.8667,5594.605,3.46187,0.139974,-1.368479,0,0,0,0,0,0,0,0,0,0,0,0.00279948,287.224090061977,0.00279556875380138,288.028168157624
7554,8990,103.9333,5600.685,3.46409,0.140147,-1.365719,0,0,0,0,0,0,0,0,0,0,0,0.00280294,287.536234077074,0.00279901908868886,288.342180889018
7555,8990,104,5606.965,3.46625,0.140297,-1.361974,0,0,0,0,0,0,0,0,0,0,0,0.00280594,287.858645987403,0.0028020106988975,288.666360076525
7556,8990,104.0667,5612.595,3.46855,0.14045,-1.35722,0,0,0,0,0,0,0,0,0,0,0,0.002809,288.147687238224,0.00280506213209041,288.957094091676
7557,8990,104.1333,5618.685,3.47081,0.140631,-1.36139,0,0,0,0,0,0,0,0,0,0,0,0.00281262,288.460344648082,0.0028086719854784,289.271673982646
7558,8990,104.2,5625.205,3.47293,0.140809,-1.358097,0,0,0,0,0,0,0,0,0,0,0,0.00281618,288.795078032691,0.00281222199433338,289.608376955546
7559,8990,104.2667,5630.66,3.47517,0.140969,-1.362173,0,0,0,0,0,0,0,0,0,0,0,0.00281938,289.075134875183,0.00281541300277371,289.890147528948
7560,8990,104.3333,5636.235,3.47745,0.141099,-1.364019,0,0,0,0,0,0,0,0,0,0,0,0.00282198,289.361352454815,0.0028180056896337,290.177924404215
7561,8990,104.4,5642.505,3.47959,0.141216,-1.369774,0,0,0,0,0,0,0,0,0,0,0,0.00282432,289.683250970383,0.0028203391020604,290.501409169763
7562,8990,104.4667,5648.235,3.48183,0.141384,-1.367039,0,0,0,0,0,0,0,0,0,0,0,0.00282768,289.97742616882,0.00282368963345868,290.797389537249
7563,8990,104.5333,5653.915,3.48411,0.141567,-1.368661,0,0,0,0,0,0,0,0,0,0,0,0.00283134,290.26903439345,0.00282733930667179,291.090884721289
7564,8990,104.6,5660.365,3.48631,0.141748,-1.365784,0,0,0,0,0,0,0,0,0,0,0,0.00283496,290.600174014728,0.00283094907964349,291.424013884052
7565,8990,104.6667,5666.275,3.48853,0.141888,-1.359702,0,0,0,0,0,0,0,0,0,0,0,0.00283776,290.903590318875,0.00283374116029768,291.729104891339
7566,8990,104.7333,5672.195,3.49083,0.142033,-1.364116,0,0,0,0,0,0,0,0,0,0,0,0.00284066,291.207520017785,0.00283663294989965,292.034741571598
7567,8990,104.8,5678.62,3.49297,0.142191,-1.363994,0,0,0,0,0,0,0,0,0,0,0,0.00284382,291.537376152158,0.00283978399387653,292.366455973207
7568,8990,104.8667,5684.395,3.49517,0.142382,-1.359913,0,0,0,0,0,0,0,0,0,0,0,0.00284764,291.833861627024,0.00284359315403507,292.664899404747
7569,8990,104.9333,5689.98,3.49745,0.142519,-1.373315,0,0,0,0,0,0,0,0,0,0,0,0.00285038,292.120592601417,0.00284632536992468,292.953247296156
7570,8990,105,5696.315,3.49963,0.142685,-1.381616,0,0,0,0,0,0,0,0,0,0,0,0.0028537,292.445828182936,0.00284963592808043,293.280380842821
7571,8990,105.0667,5702.305,3.50187,0.142832,-1.384756,0,0,0,0,0,0,0,0,0,0,0,0.00285664,292.753351645177,0.00285256755777939,293.58964257962
7572,8990,105.1333,5708.295,3.50415,0.142983,-1.391026,0,0,0,0,0,0,0,0,0,0,0,0.00285966,293.060875107418,0.00285557895076638,293.898929569527
7573,8990,105.2,5714.755,3.50633,0.143146,-1.396621,0,0,0,0,0,0,0,0,0,0,0,0.00286292,293.392528123457,0.00285882964957456,294.232487460073
7574,8990,105.2667,5720.57,3.50855,0.143321,-1.387464,0,0,0,0,0,0,0,0,0,0,0,0.00286642,293.691067177369,0.00286231965186951,294.532909126148
7575,8990,105.3333,5726.415,3.51085,0.143479,-1.382283,0,0,0,0,0,0,0,0,0,0,0,0.00286958,293.991146415566,0.00286547061490763,294.834777529497
7576,8990,105.4,5732.77,3.51299,0.143632,-1.387936,0,0,0,0,0,0,0,0,0,0,0,0.00287264,294.317408786608,0.00286852185446329,295.162876747785
7577,8990,105.4667,5738.57,3.51515,0.143772,-1.392455,0,0,0,0,0,0,0,0,0,0,0,0.00287544,294.615177748378,0.00287131383021316,295.462326015082
7578,8990,105.5333,5743.79,3.51745,0.143924,-1.392098,0,0,0,0,0,0,0,0,0,0,0,0.00287848,294.88316981397,0.00287434510934431,295.731985120616
7579,8990,105.6,5749.855,3.51969,0.144085,-1.393869,0,0,0,0,0,0,0,0,0,0,0,0.0028817,295.194543736923,0.00287755586208764,296.04520585361
7580,8990,105.6667,5756.015,3.52189,0.144245,-1.387676,0,0,0,0,0,0,0,0,0,0,0,0.0028849,295.510794910113,0.00288074666205397,296.363314002349
7581,8990,105.7333,5761.79,3.52415,0.144416,-1.387806,0,0,0,0,0,0,0,0,0,0,0,0.00288832,295.807280384978,0.00288415681826304,296.66166646906
7582,8990,105.8,5767.785,3.52637,0.144591,-1.387697,0,0,0,0,0,0,0,0,0,0,0,0.00289182,296.1150605446,0.00288764673216761,296.971371998984
7583,8990,105.8667,5774.09,3.52859,0.144762,-1.382229,0,0,0,0,0,0,0,0,0,0,0,0.00289524,296.438755941834,0.00289105686484627,297.297017285587
7584,8990,105.9333,5779.945,3.53079,0.144932,-1.374561,0,0,0,0,0,0,0,0,0,0,0,0.00289864,296.739348574792,0.00289444704370153,297.599489120145
7585,8990,106,5785.88,3.53299,0.145077,-1.37382,0,0,0,0,0,0,0,0,0,0,0,0.00290154,297.044048365844,0.00289733865776065,297.90593355394
7586,8990,106.0667,5791.765,3.53523,0.145197,-1.3808,0,0,0,0,0,0,0,0,0,0,0,0.00290394,297.346181183088,0.00289973171134813,298.209656652473
7587,8990,106.1333,5797.55,3.53743,0.145342,-1.37703,0,0,0,0,0,0,0,0,0,0,0,0.00290684,297.643180052715,0.0029026233101261,298.508381154219
7588,8990,106.2,5803.6,3.53969,0.145533,-1.377287,0,0,0,0,0,0,0,0,0,0,0,0.00291066,297.953783883526,0.0029064322309276,298.821026044124
7589,8990,106.2667,5809.665,3.54193,0.145696,-1.384245,0,0,0,0,0,0,0,0,0,0,0,0.00291392,298.265157806479,0.00290968276443133,299.134278615115
7590,8990,106.3333,5815.725,3.54411,0.145851,-1.384464,0,0,0,0,0,0,0,0,0,0,0,0.00291702,298.576275032052,0.00291277375274766,299.447227997846
7591,8990,106.4,5821.51,3.54637,0.145971,-1.390242,0,0,0,0,0,0,0,0,0,0,0,0.00291942,298.873273901679,0.00291516676939868,299.745810514973
7592,8990,106.4667,5827.445,3.54861,0.146141,-1.391843,0,0,0,0,0,0,0,0,0,0,0,0.00292282,299.177973692731,0.00291855686651818,300.052417057799
7593,8990,106.5333,5833.385,3.55077,0.146332,-1.38923,0,0,0,0,0,0,0,0,0,0,0,0.00292664,299.482930181163,0.00292236572663084,300.359408903949
7594,8990,106.6,5839.15,3.55303,0.146505,-1.389932,0,0,0,0,0,0,0,0,0,0,0,0.0029301,299.778902261267,0.00292581562405457,300.657284422783
7595,8990,106.6667,5845.12,3.55527,0.146658,-1.390188,0,0,0,0,0,0,0,0,0,0,0,0.00293316,300.085398933985,0.00292886667948898,300.965597422722
7596,8990,106.7333,5851.23,3.55743,0.146785,-1.388675,0,0,0,0,0,0,0,0,0,0,0,0.0029357,300.399083133366,0.00293139924784453,301.28096472172
7597,8990,106.8,5857.09,3.55971,0.146945,-1.387782,0,0,0,0,0,0,0,0,0,0,0,0.0029389,300.699932463705,0.00293458987601229,301.583659495223
7598,8990,106.8667,5863.045,3.56197,0.147108,-1.387816,0,0,0,0,0,0,0,0,0,0,0,0.00294216,301.00565904428,0.00293784031799009,301.891265854094
7599,8990,106.9333,5869.38,3.5641,0.147266,-1.383988,0,0,0,0,0,0,0,0,0,0,0,0.00294532,301.330894625799,0.00294099104307475,302.218410536358
7600,8990,107,5875.11,3.56637,0.147406,-1.382241,0,0,0,0,0,0,0,0,0,0,0,0.00294812,301.625069824237,0.00294378281650024,302.514296725087
7601,8990,107.0667,5880.945,3.56867,0.147582,-1.39532,0,0,0,0,0,0,0,0,0,0,0,0.00295164,301.924635667672,0.00294729246346278,302.815808499294
7602,8990,107.1333,5887.39,3.5708,0.147742,-1.405353,0,0,0,0,0,0,0,0,0,0,0,0.00295484,302.255518591569,0.00295048304092168,303.148635288124
7603,8990,107.2,5893.21,3.573,0.147897,-1.4007,0,0,0,0,0,0,0,0,0,0,0,0.00295794,302.554314342862,0.0029535739031276,303.449251851429
7604,8990,107.2667,5898.785,3.57529,0.14805,-1.393191,0,0,0,0,0,0,0,0,0,0,0,0.002961,302.840531922493,0.00295662487387127,303.737242737516
7605,8990,107.3333,5905,3.57746,0.14818,-1.385862,0,0,0,0,0,0,0,0,0,0,0,0.0029636,303.159606766872,0.00295921719463943,304.058050577486
7606,8990,107.4,5910.965,3.57968,0.148355,-1.377414,0,0,0,0,0,0,0,0,0,0,0,0.0029671,303.465846742209,0.00296270684660003,304.366260256078
7607,8990,107.4667,5916.71,3.58197,0.148513,-1.383517,0,0,0,0,0,0,0,0,0,0,0,0.00297026,303.760792032789,0.00296585749333797,304.663040562932
7608,8990,107.5333,5923,3.58416,0.148669,-1.385105,0,0,0,0,0,0,0,0,0,0,0,0.00297338,304.08371733788,0.00296896824873301,304.987873781338
7609,8990,107.6,5929.005,3.58638,0.148826,-1.384828,0,0,0,0,0,0,0,0,0,0,0,0.00297652,304.392010892264,0.00297209893509762,305.298039800525
7610,8990,107.6667,5934.815,3.58865,0.148999,-1.378969,0,0,0,0,0,0,0,0,0,0,0,0.00297998,304.690293248795,0.00297554866095167,305.598264228871
7611,8990,107.7333,5941.1,3.59084,0.14917,-1.384977,0,0,0,0,0,0,0,0,0,0,0,0.0029834,305.012961856505,0.00297895849388677,305.922937526908
7612,8990,107.8,5946.98,3.593,0.149312,-1.389052,0,0,0,0,0,0,0,0,0,0,0,0.00298624,305.314837976368,0.00298179004222472,306.226581358127
7613,8990,107.8667,5952.525,3.59532,0.149478,-1.389971,0,0,0,0,0,0,0,0,0,0,0,0.00298956,305.599515371715,0.00298510015194791,306.513123458889
7614,8990,107.9333,5958.765,3.59748,0.149643,-1.382638,0,0,0,0,0,0,0,0,0,0,0,0.00299286,305.919873702998,0.002988390310393,306.835449056208
7615,8990,108,5964.795,3.5997,0.149773,-1.382117,0,0,0,0,0,0,0,0,0,0,0,0.00299546,306.229450744285,0.00299098254881637,307.146748814812
7616,8990,108.0667,5970.68,3.602,0.149939,-1.383497,0,0,0,0,0,0,0,0,0,0,0,0.00299878,306.531583561529,0.00299429262811154,307.450804343682
7617,8990,108.1333,5977.03,3.60418,0.150107,-1.385223,0,0,0,0,0,0,0,0,0,0,0,0.00300214,306.85758923519,0.00299764257672474,307.778818678137
7618,8990,108.2,5982.835,3.60638,0.150259,-1.384524,0,0,0,0,0,0,0,0,0,0,0,0.00300518,307.15561489434,0.00300067347294296,308.078672805108
7619,8990,108.2667,5988.565,3.60868,0.150402,-1.382946,0,0,0,0,0,0,0,0,0,0,0,0.00300804,307.449790092778,0.00300352489981458,308.374611359369
7620,8990,108.3333,5994.785,3.61084,0.150577,-1.37235,0,0,0,0,0,0,0,0,0,0,0,0.00301154,307.769121634537,0.00300701439716019,308.695980655105
7621,8990,108.4,6000.83,3.613,0.150745,-1.376612,0,0,0,0,0,0,0,0,0,0,0,0.0030149,308.079468767968,0.00301036430315645,309.008297558356
7622,8990,108.4667,6006.1,3.61528,0.15086,-1.381881,0,0,0,0,0,0,0,0,0,0,0,0.0030172,308.350027807368,0.00301265738710063,309.280381511269
7623,8990,108.5333,6012.135,3.61754,0.151041,-1.392831,0,0,0,0,0,0,0,0,0,0,0,0.00302082,308.659861546037,0.00301626649117931,309.592267428993
7624,8990,108.6,6018.355,3.61974,0.151201,-1.38982,0,0,0,0,0,0,0,0,0,0,0,0.00302402,308.979193087797,0.0030194568485794,309.913552347278
7625,8990,108.6667,6024.185,3.62196,0.151366,-1.393901,0,0,0,0,0,0,0,0,0,0,0,0.00302732,309.278502233851,0.00302274689398764,310.214787229233
7626,8990,108.7333,6030.2,3.62422,0.151517,-1.397058,0,0,0,0,0,0,0,0,0,0,0,0.00303034,309.587309182996,0.00302575777454236,310.525463989506
7627,8990,108.8,6036.25,3.62644,0.151677,-1.393425,0,0,0,0,0,0,0,0,0,0,0,0.00303354,309.897913013807,0.00302894810166183,310.838000728851
7628,8990,108.8667,6042.24,3.62862,0.151822,-1.393675,0,0,0,0,0,0,0,0,0,0,0,0.00303644,310.205436476048,0.00303183932682252,311.147356671582
7629,8990,108.9333,6048.125,3.63084,0.151993,-1.393335,0,0,0,0,0,0,0,0,0,0,0,0.00303986,310.507569293292,0.00303524896782159,311.451468832884
7630,8990,109,6053.825,3.63308,0.15215,-1.38739,0,0,0,0,0,0,0,0,0,0,0,0.003043,310.800204307444,0.00303837944668926,311.745969329152
7631,8990,109.0667,6059.675,3.6353,0.152311,-1.390352,0,0,0,0,0,0,0,0,0,0,0,0.00304622,311.100540243022,0.00304158967280293,312.048220930721
7632,8990,109.1333,6065.815,3.63754,0.152481,-1.385778,0,0,0,0,0,0,0,0,0,0,0,0.00304962,311.415764626688,0.00304497934136432,312.365464370809
7633,8990,109.2,6071.84,3.63978,0.152644,-1.392351,0,0,0,0,0,0,0,0,0,0,0,0.00305288,311.725084970595,0.00304822942454795,312.676744248
7634,8990,109.2667,6077.845,3.64198,0.152787,-1.385882,0,0,0,0,0,0,0,0,0,0,0,0.00305574,312.033378524979,0.00305108071582045,312.986871401073
7635,8990,109.3333,6083.8,3.64422,0.152965,-1.373965,0,0,0,0,0,0,0,0,0,0,0,0.0030593,312.339105105554,0.00305462986422834,313.294644129803
7636,8990,109.4,6089.685,3.64646,0.153128,-1.377589,0,0,0,0,0,0,0,0,0,0,0,0.00306256,312.641237922798,0.00305787991604718,313.59872047241
7637,8990,109.4667,6095.665,3.64862,0.153265,-1.381661,0,0,0,0,0,0,0,0,0,0,0,0.0030653,312.948247990277,0.00306061154652262,313.907528254842
7638,8990,109.5333,6101.57,3.65086,0.153408,-1.385581,0,0,0,0,0,0,0,0,0,0,0,0.00306816,313.251407597044,0.00306346280249034,314.212513035777
7639,8990,109.6,6107.31,3.65312,0.153568,-1.385644,0,0,0,0,0,0,0,0,0,0,0,0.00307136,313.546096190243,0.00306665300932111,314.509109128238
7640,8990,109.6667,6113.4,3.65528,0.153736,-1.387058,0,0,0,0,0,0,0,0,0,0,0,0.00307472,313.858753600101,0.00307000271553993,314.82378138697
7641,8990,109.7333,6119.475,3.65754,0.153894,-1.394448,0,0,0,0,0,0,0,0,0,0,0,0.00307788,314.170640917816,0.00307315302424515,315.137620450084
7642,8990,109.8,6125.425,3.65984,0.154046,-1.385184,0,0,0,0,0,0,0,0,0,0,0,0.00308092,314.476110801011,0.00307618369160803,315.4449865403
7643,8990,109.8667,6131.845,3.66192,0.154214,-1.381189,0,0,0,0,0,0,0,0,0,0,0,0.00308428,314.805710238004,0.00307953336590206,315.776659193976
7644,8990,109.9333,6137.485,3.6642,0.154357,-1.381781,0,0,0,0,0,0,0,0,0,0,0,0.00308714,315.095264883586,0.00308238456791965,316.068008079619
7645,8990,110,6143.115,3.66654,0.154517,-1.378136,0,0,0,0,0,0,0,0,0,0,0,0.00309034,315.384306134407,0.00308557471438652,316.358950871026
7646,8990,110.0667,6149.73,3.66866,0.154708,-1.380238,0,0,0,0,0,0,0,0,0,0,0,0.00309416,315.723916769253,0.0030893829384059,316.700817083563
7647,8990,110.1333,6155.69,3.67086,0.154853,-1.386188,0,0,0,0,0,0,0,0,0,0,0,0.00309706,316.029900047209,0.00309227398884118,317.008663609449
7648,8990,110.2,6161.075,3.67318,0.154998,-1.383115,0,0,0,0,0,0,0,0,0,0,0,0.00309996,316.306363126369,0.00309516503091831,317.286900199806
7649,8990,110.2667,6167.275,3.6753,0.155159,-1.379045,0,0,0,0,0,0,0,0,0,0,0,0.00310318,316.624667878605,0.00309837507474288,317.607211215472
7650,8990,110.3333,6173.305,3.67748,0.155314,-1.390301,0,0,0,0,0,0,0,0,0,0,0,0.00310628,316.934244919893,0.00310146547986919,317.918731426202
7651,8990,110.4,6178.795,3.67984,0.155454,-1.387584,0,0,0,0,0,0,0,0,0,0,0,0.00310908,317.21609864405,0.00310425680532299,318.202348872022
7652,8990,110.4667,6185.045,3.68202,0.155612,-1.385113,0,0,0,0,0,0,0,0,0,0,0,0.00311224,317.536970370095,0.00310740700611949,318.525221630759
7653,8990,110.5333,6191.38,3.6842,0.155795,-1.387243,0,0,0,0,0,0,0,0,0,0,0,0.0031159,317.862205951613,0.00311105564400568,318.852632799138
7654,8990,110.6,6197.22,3.68654,0.155948,-1.389011,0,0,0,0,0,0,0,0,0,0,0,0.00311896,318.162028492429,0.0031141061343155,319.154363132816
7655,8990,110.6667,6203.4,3.6887,0.156085,-1.389665,0,0,0,0,0,0,0,0,0,0,0,0.0031217,318.479306455142,0.00311683761120622,319.473503306103
7656,8990,110.7333,6209.435,3.6908,0.156253,-1.383994,0,0,0,0,0,0,0,0,0,0,0,0.00312506,318.789140193811,0.00312018714932586,319.785375384265
7657,8990,110.8,6214.9,3.69316,0.156419,-1.375788,0,0,0,0,0,0,0,0,0,0,0,0.00312838,319.069710431064,0.0031234968009719,320.067881731782
7658,8990,110.8667,6221.04,3.69534,0.156564,-1.373231,0,0,0,0,0,0,0,0,0,0,0,0.00313128,319.38493481473,0.00312638775278433,320.385018473417
7659,8990,110.9333,6227.385,3.6975,0.156739,-1.373274,0,0,0,0,0,0,0,0,0,0,0,0.00313478,319.710683791011,0.00312987682142742,320.712906448345
7660,8990,111,6233.055,3.69986,0.156889,-1.374662,0,0,0,0,0,0,0,0,0,0,0,0.00313778,320.001778620878,0.00313286744200412,321.005873801799
7661,8990,111.0667,6239.28,3.70206,0.157055,-1.37411,0,0,0,0,0,0,0,0,0,0,0,0.0031411,320.321366860019,0.00313617705168292,321.327528305463
7662,8990,111.1333,6245.63,3.7042,0.157225,-1.364625,0,0,0,0,0,0,0,0,0,0,0,0.0031445,320.64737253368,0.00313956639964037,321.655648196612
7663,8990,111.2,6251.195,3.70652,0.157365,-1.365173,0,0,0,0,0,0,0,0,0,0,0,0.0031473,320.93307671855,0.00314235761874405,321.943149390906
7664,8990,111.2667,6257.15,3.70872,0.157523,-1.373149,0,0,0,0,0,0,0,0,0,0,0,0.00315046,321.238803299125,0.00314550769951782,322.250853299367
7665,8990,111.3333,6263.35,3.71082,0.157676,-1.376575,0,0,0,0,0,0,0,0,0,0,0,0.00315352,321.557108051361,0.00314855808473396,322.571144822743
7666,8990,111.4,6268.85,3.71312,0.157831,-1.377475,0,0,0,0,0,0,0,0,0,0,0,0.00315662,321.83947517028,0.00315164833477879,322.855400094392
7667,8990,111.4667,6274.695,3.71542,0.157997,-1.365059,0,0,0,0,0,0,0,0,0,0,0,0.00315994,322.139554408477,0.00315495788230107,323.157496072035
7668,8990,111.5333,6281.16,3.71756,0.158177,-1.372667,0,0,0,0,0,0,0,0,0,0,0,0.00316354,322.471464121898,0.00315854653591151,323.491615497506
7669,8990,111.6,6287.25,3.7198,0.158325,-1.376654,0,0,0,0,0,0,0,0,0,0,0,0.0031665,322.784121531756,0.00316149719701012,323.806217452586
7670,8990,111.6667,6293.135,3.72208,0.158495,-1.372795,0,0,0,0,0,0,0,0,0,0,0,0.0031699,323.086254348999,0.0031648864591498,324.11040546666
7671,8990,111.7333,6299.345,3.72426,0.158648,-1.366068,0,0,0,0,0,0,0,0,0,0,0,0.00317296,323.405072495997,0.00316793678525392,324.431223854824
7672,8990,111.8,6305.36,3.72648,0.158781,-1.372075,0,0,0,0,0,0,0,0,0,0,0,0.00317562,323.713879445142,0.00317058836836022,324.741871714986
7673,8990,111.8667,6311.205,3.72872,0.158959,-1.381674,0,0,0,0,0,0,0,0,0,0,0,0.00317918,324.013958683339,0.00317413709264381,325.044057380506
7674,8990,111.9333,6317.085,3.73092,0.159114,-1.366628,0,0,0,0,0,0,0,0,0,0,0,0.00318228,324.315834803202,0.00317722726364424,325.347898597979
7675,8990,112,6322.995,3.73314,0.159249,-1.364487,0,0,0,0,0,0,0,0,0,0,0,0.00318498,324.619251107349,0.00317991869512205,325.653156929741
7676,8990,112.0667,6329.115,3.7354,0.159427,-1.375866,0,0,0,0,0,0,0,0,0,0,0,0.00318854,324.933448701492,0.00318346738629509,325.969512000015
7677,8990,112.1333,6335.19,3.73764,0.159605,-1.374093,0,0,0,0,0,0,0,0,0,0,0,0.0031921,325.245336019208,0.00318701606487475,326.283551656314
7678,8990,112.2,6341.39,3.7398,0.159763,-1.37268,0,0,0,0,0,0,0,0,0,0,0,0.00319526,325.563640771444,0.00319016600497417,326.603901250255
7679,8990,112.2667,6347.335,3.74208,0.159921,-1.367055,0,0,0,0,0,0,0,0,0,0,0,0.00319842,325.868853957257,0.00319331593515128,326.911119417131
7680,8990,112.3333,6353.195,3.7443,0.160084,-1.359952,0,0,0,0,0,0,0,0,0,0,0,0.00320168,326.169703287597,0.00319656553626541,327.213994303218
7681,8990,112.4,6359.38,3.74646,0.160257,-1.366192,0,0,0,0,0,0,0,0,0,0,0,0.00320514,326.48723794769,0.00320001448785923,327.533675253526
7682,8990,112.4667,6365.475,3.74872,0.160402,-1.369468,0,0,0,0,0,0,0,0,0,0,0,0.00320804,326.800152054929,0.0032029052184715,327.848540014727
7683,8990,112.5333,6371.335,3.75098,0.160547,-1.366743,0,0,0,0,0,0,0,0,0,0,0,0.00321094,327.101001385268,0.00320579594072724,328.151303074656
7684,8990,112.6,6377.54,3.75314,0.160707,-1.366596,0,0,0,0,0,0,0,0,0,0,0,0.00321414,327.419562834885,0.00320898569351891,328.471935148575
7685,8990,112.6667,6383.66,3.75536,0.160898,-1.370366,0,0,0,0,0,0,0,0,0,0,0,0.00321796,327.733760429028,0.0032127934475913,328.788394560738
7686,8990,112.7333,6389.46,3.7577,0.161051,-1.362615,0,0,0,0,0,0,0,0,0,0,0,0.00322102,328.031529390797,0.00321584362756743,329.088125507596
7687,8990,112.8,6395.855,3.75982,0.161209,-1.361984,0,0,0,0,0,0,0,0,0,0,0,0.00322418,328.359845340886,0.00321899347686298,329.418536587037
7688,8990,112.8667,6401.86,3.76204,0.161364,-1.366619,0,0,0,0,0,0,0,0,0,0,0,0.00322728,328.66813889527,0.00322208350925284,329.728843006564
7689,8990,112.9333,6407.4,3.76438,0.161517,-1.364127,0,0,0,0,0,0,0,0,0,0,0,0.00323034,328.952559593236,0.00322513366089278,330.015188204592
7690,8990,113,6413.805,3.76652,0.161672,-1.363547,0,0,0,0,0,0,0,0,0,0,0,0.00323344,329.281388938086,0.00322822367430935,330.346100552334
7691,8990,113.0667,6420.06,3.76867,0.161845,-1.366485,0,0,0,0,0,0,0,0,0,0,0,0.0032369,329.602517361511,0.00323167251671793,330.669407749959
7692,8990,113.1333,6425.48,3.77098,0.161985,-1.368895,0,0,0,0,0,0,0,0,0,0,0,0.0032397,329.880777322337,0.00323446347874545,330.949492076628
7693,8990,113.2,6431.46,3.77318,0.16212,-1.365687,0,0,0,0,0,0,0,0,0,0,0,0.0032424,330.187787389817,0.00323715475618075,331.258388271649
7694,8990,113.2667,6437.97,3.77535,0.162303,-1.367603,0,0,0,0,0,0,0,0,0,0,0,0.00324606,330.522007379665,0.00324080292069595,331.594901646939
7695,8990,113.3333,6443.68,3.77766,0.162484,-1.364456,0,0,0,0,0,0,0,0,0,0,0,0.00324968,330.815155788579,0.00324441120146906,331.890199184042
7696,8990,113.4,6449.685,3.77986,0.162639,-1.355888,0,0,0,0,0,0,0,0,0,0,0,0.00325278,331.123449342963,0.00324750115531844,332.200521076516
7697,8990,113.4667,6456.195,3.78206,0.162802,-1.356017,0,0,0,0,0,0,0,0,0,0,0,0.00325604,331.45766933281,0.00325075058035705,332.536908762465
7698,8990,113.5333,6462.135,3.78438,0.16298,-1.358972,0,0,0,0,0,0,0,0,0,0,0,0.0032596,331.762625821243,0.00325429902017896,332.84403927637
7699,8990,113.6,6468.355,3.78654,0.16314,-1.358653,0,0,0,0,0,0,0,0,0,0,0,0.0032628,332.081957363003,0.00325748861826156,333.165474373487
7700,8990,113.6667,6474.61,3.78869,0.163301,-1.363441,0,0,0,0,0,0,0,0,0,0,0,0.00326602,332.403085786428,0.00326069814106343,333.488720912668
7701,8990,113.7333,6480.14,3.79098,0.163436,-1.36554,0,0,0,0,0,0,0,0,0,0,0,0.00326872,332.686993089632,0.00326338934789477,333.774453717684
7702,8990,113.8,6486.035,3.79319,0.163599,-1.366407,0,0,0,0,0,0,0,0,0,0,0,0.00327198,332.989639301637,0.0032666387213066,334.07917474164
7703,8990,113.8667,6492.285,3.79537,0.163772,-1.368712,0,0,0,0,0,0,0,0,0,0,0,0.00327544,333.310511027682,0.00327008743123029,334.402249607922
7704,8990,113.9333,6498.1,3.7977,0.163927,-1.374784,0,0,0,0,0,0,0,0,0,0,0,0.00327854,333.609050081594,0.00327317730574245,334.702800696648
7705,8990,114,6504.25,3.79989,0.164077,-1.371328,0,0,0,0,0,0,0,0,0,0,0,0.00328154,333.924787860022,0.00327616749779289,335.020575408376
7706,8990,114.0667,6510.615,3.80207,0.164268,-1.370515,0,0,0,0,0,0,0,0,0,0,0,0.00328536,334.251563625825,0.0032799749960628,335.349700342899
7707,8990,114.1333,6516.48,3.80435,0.164436,-1.37457,0,0,0,0,0,0,0,0,0,0,0,0.00328872,334.552669653546,0.00328332398779303,335.652919709289
7708,8990,114.2,6522.535,3.80657,0.164571,-1.368613,0,0,0,0,0,0,0,0,0,0,0,0.00329142,334.863530181738,0.00328601513373453,335.965706702248
7709,8990,114.2667,6528.89,3.80869,0.164749,-1.365558,0,0,0,0,0,0,0,0,0,0,0,0.00329498,335.18979255278,0.0032895634484245,336.294236215445
7710,8990,114.3333,6534.62,3.81097,0.164897,-1.366879,0,0,0,0,0,0,0,0,0,0,0,0.00329794,335.483967751217,0.00329251372296249,336.590373747823
7711,8990,114.4,6540.49,3.81325,0.165057,-1.367096,0,0,0,0,0,0,0,0,0,0,0,0.00330114,335.785330476318,0.0032957031991583,336.893804862167
7712,8990,114.4667,6546.975,3.81541,0.16524,-1.361784,0,0,0,0,0,0,0,0,0,0,0,0.0033048,336.118266979262,0.00329935115008579,337.229070627975
7713,8990,114.5333,6553.22,3.81767,0.165405,-1.365387,0,0,0,0,0,0,0,0,0,0,0,0.0033081,336.438882007926,0.00330264027475945,337.551855473496
7714,8990,114.6,6559.285,3.81991,0.165553,-1.374334,0,0,0,0,0,0,0,0,0,0,0,0.00331106,336.750255930879,0.00330559051071752,337.865256233282
7715,8990,114.6667,6565.46,3.82213,0.165701,-1.372214,0,0,0,0,0,0,0,0,0,0,0,0.00331402,337.067277196211,0.00330854073797173,338.184324894185
7716,8990,114.7333,6571.705,3.82435,0.165866,-1.364244,0,0,0,0,0,0,0,0,0,0,0,0.00331732,337.387892224875,0.0033118298324201,338.507115827511
7717,8990,114.8,6577.795,3.82655,0.166037,-1.363536,0,0,0,0,0,0,0,0,0,0,0,0.00332074,337.700549634733,0.00331523851888732,338.821965357927
7718,8990,114.8667,6583.555,3.82875,0.166207,-1.361573,0,0,0,0,0,0,0,0,0,0,0,0.00332414,337.996265017456,0.00331862725999829,339.119811921851
7719,8990,114.9333,6589.49,3.83101,0.16638,-1.364256,0,0,0,0,0,0,0,0,0,0,0,0.0033276,338.300964808507,0.00332207579063378,339.426695099004
7720,8990,115,6595.74,3.83325,0.166548,-1.37444,0,0,0,0,0,0,0,0,0,0,0,0.00333096,338.621836534552,0.003325424641372,339.749772327175
7721,8990,115.0667,6601.7,3.83547,0.166688,-1.37519,0,0,0,0,0,0,0,0,0,0,0,0.00333376,338.927819812508,0.00332821534175376,340.057723821086
7722,8990,115.1333,6607.83,3.83767,0.166838,-1.37529,0,0,0,0,0,0,0,0,0,0,0,0.00333676,339.242530801412,0.00333120536923468,340.374501708489
7723,8990,115.2,6613.86,3.83991,0.167003,-1.372245,0,0,0,0,0,0,0,0,0,0,0,0.00334006,339.5521078427,0.00333449438913768,340.686232256021
7724,8990,115.2667,6619.78,3.84213,0.167161,-1.373046,0,0,0,0,0,0,0,0,0,0,0,0.00334322,339.85603754161,0.0033376438647242,340.992251043439
7725,8990,115.3333,6625.96,3.84433,0.167347,-1.370033,0,0,0,0,0,0,0,0,0,0,0,0.00334694,340.173315504322,0.00334135146251281,341.311855180916
7726,8990,115.4,6632.005,3.84657,0.167525,-1.376223,0,0,0,0,0,0,0,0,0,0,0,0.0033505,340.483662637753,0.00334489958085807,341.62445314942
7727,8990,115.4667,6637.88,3.84879,0.167688,-1.382746,0,0,0,0,0,0,0,0,0,0,0,0.00335376,340.785282060235,0.00334814868942373,341.928194107797
7728,8990,115.5333,6644.155,3.85099,0.167856,-1.379805,0,0,0,0,0,0,0,0,0,0,0,0.00335712,341.107437273183,0.00335149745284899,342.252575873002
7729,8990,115.6,6650.45,3.85321,0.168019,-1.381434,0,0,0,0,0,0,0,0,0,0,0,0.00336038,341.430619275655,0.00335474653997755,342.577955900057
7730,8990,115.6667,6656.31,3.85553,0.168174,-1.38224,0,0,0,0,0,0,0,0,0,0,0,0.00336348,341.731468605995,0.00335783615291516,342.880875566022
7731,8990,115.7333,6662.75,3.85769,0.168327,-1.389025,0,0,0,0,0,0,0,0,0,0,0,0.00336654,342.062094832511,0.00336088589051769,343.213660557248
7732,8990,115.8,6669.165,3.85989,0.168482,-1.377669,0,0,0,0,0,0,0,0,0,0,0,0.00336964,342.391437572123,0.00336397548448717,343.545173455824
7733,8990,115.8667,6674.755,3.86221,0.168637,-1.373158,0,0,0,0,0,0,0,0,0,0,0,0.00337274,342.678425243897,0.00336706506891109,343.834190475854
7734,8990,115.9333,6681.245,3.86437,0.1688,-1.375558,0,0,0,0,0,0,0,0,0,0,0,0.003376,343.011618444222,0.00337031410545959,344.16962566809
7735,8990,116,6687.745,3.86651,0.168975,-1.378807,0,0,0,0,0,0,0,0,0,0,0,0.0033795,343.345325039308,0.00337380232313239,344.505660565279
7736,8990,116.0667,6693.21,3.86883,0.169118,-1.375612,0,0,0,0,0,0,0,0,0,0,0,0.00338236,343.625895276562,0.00337665268625414,344.788161759709
7737,8990,116.1333,6699.385,3.87105,0.169296,-1.371505,0,0,0,0,0,0,0,0,0,0,0,0.00338592,343.942916541894,0.0033802006793487,345.107479741871
7738,8990,116.2,6706.13,3.87321,0.169459,-1.375929,0,0,0,0,0,0,0,0,0,0,0,0.00338918,344.289201308641,0.00338344967321969,345.456059383932
7739,8990,116.2667,6712.035,3.87553,0.169637,-1.377502,0,0,0,0,0,0,0,0,0,0,0,0.00339274,344.592360915408,0.0033869976421987,345.76147320198
7740,8990,116.3333,6718.125,3.87771,0.169803,-1.383892,0,0,0,0,0,0,0,0,0,0,0,0.00339606,344.905018325265,0.00339030641091421,346.076336461799
7741,8990,116.4,6724.63,3.87987,0.169988,-1.381809,0,0,0,0,0,0,0,0,0,0,0,0.00339976,345.238981617733,0.00339399388122192,346.412711297877
7742,8990,116.4667,6730.435,3.88221,0.170159,-1.377941,0,0,0,0,0,0,0,0,0,0,0,0.00340318,345.537007276883,0.00339740228762986,346.712931909307
7743,8990,116.5333,6736.64,3.88443,0.170296,-1.374577,0,0,0,0,0,0,0,0,0,0,0,0.00340592,345.8555687265,0.00340013299081434,347.033525125137
7744,8990,116.6,6743.28,3.88653,0.170434,-1.377414,0,0,0,0,0,0,0,0,0,0,0,0.00340868,346.196462848249,0.00340288361860017,347.376535807231
7745,8990,116.6667,6748.975,3.88885,0.170594,-1.380755,0,0,0,0,0,0,0,0,0,0,0,0.00341188,346.488841165021,0.00340607274279381,347.671019512415
7746,8990,116.7333,6754.805,3.89105,0.170762,-1.379679,0,0,0,0,0,0,0,0,0,0,0,0.00341524,346.788150311076,0.00340942131225106,347.972515073544
7747,8990,116.8,6761.33,3.89319,0.170915,-1.377467,0,0,0,0,0,0,0,0,0,0,0,0.0034183,347.123140393066,0.00341247089253668,348.309711423872
7748,8990,116.8667,6767.115,3.89555,0.171075,-1.384536,0,0,0,0,0,0,0,0,0,0,0,0.0034215,347.420139262693,0.00341565998615529,348.60883726918
7749,8990,116.9333,6773.11,3.89777,0.171235,-1.385802,0,0,0,0,0,0,0,0,0,0,0,0.0034247,347.727919422315,0.00341884906960383,348.91878322796
7750,8990,117,6779.78,3.89991,0.171446,-1.390616,0,0,0,0,0,0,0,0,0,0,0,0.00342892,348.07035372835,0.00342305465785186,349.263859125656
7751,8990,117.0667,6785.51,3.90221,0.171602,-1.377238,0,0,0,0,0,0,0,0,0,0,0,0.00343204,348.364528926787,0.00342616399134564,349.560129924645
7752,8990,117.1333,6791.365,3.90445,0.171744,-1.375429,0,0,0,0,0,0,0,0,0,0,0,0.00343488,348.665121559746,0.00342899427368428,349.862744412489
7753,8990,117.2,6798.03,3.90655,0.171904,-1.377097,0,0,0,0,0,0,0,0,0,0,0,0.00343808,349.0072991684,0.00343218331460901,350.207214183524
7754,8990,117.2667,6803.75,3.90879,0.17206,-1.377051,0,0,0,0,0,0,0,0,0,0,0,0.0034412,349.300960972076,0.0034352926197187,350.502975438973
7755,8990,117.3333,6809.36,3.91109,0.172205,-1.381714,0,0,0,0,0,0,0,0,0,0,0,0.0034441,349.588975433373,0.00343818267028626,350.792994823663
7756,8990,117.4,6815.975,3.91327,0.172411,-1.380528,0,0,0,0,0,0,0,0,0,0,0,0.00344822,349.928586068219,0.00344228852086805,351.135216817271
7757,8990,117.4667,6822.275,3.91549,0.172553,-1.377274,0,0,0,0,0,0,0,0,0,0,0,0.00345106,350.252024768072,0.00344511875757037,351.460765520668
7758,8990,117.5333,6828.15,3.91775,0.172726,-1.3873,0,0,0,0,0,0,0,0,0,0,0,0.00345452,350.553644190553,0.00344856685202439,351.764638765483
7759,8990,117.6,6834.43,3.91997,0.172881,-1.381022,0,0,0,0,0,0,0,0,0,0,0,0.00345762,350.876056100883,0.0034516561751076,352.089252169979
7760,8990,117.6667,6840.795,3.92219,0.173044,-1.377408,0,0,0,0,0,0,0,0,0,0,0,0.00346088,351.202831866687,0.00345490493682857,352.418302723437
7761,8990,117.7333,6846.84,3.92441,0.17321,-1.370546,0,0,0,0,0,0,0,0,0,0,0,0.0034642,351.513179000117,0.00345821348086254,352.730890954809
7762,8990,117.8,6852.805,3.92659,0.173378,-1.368339,0,0,0,0,0,0,0,0,0,0,0,0.00346756,351.819418975454,0.00346156187572776,353.039373919916
7763,8990,117.8667,6858.795,3.92883,0.173523,-1.374062,0,0,0,0,0,0,0,0,0,0,0,0.00347046,352.126942437695,0.00346445185037672,353.348984906347
7764,8990,117.9333,6864.835,3.93107,0.173673,-1.373242,0,0,0,0,0,0,0,0,0,0,0,0.00347346,352.437032873744,0.00346744147053509,353.66120880995
7765,8990,118,6870.955,3.93331,0.173851,-1.370803,0,0,0,0,0,0,0,0,0,0,0,0.00347702,352.751230467887,0.00347098914152708,353.977753551249
7766,8990,118.0667,6877.34,3.93553,0.174042,-1.370835,0,0,0,0,0,0,0,0,0,0,0,0.00348084,353.079033023214,0.00347479589808737,354.308044644523
7767,8990,118.1333,6883.57,3.93775,0.174197,-1.370591,0,0,0,0,0,0,0,0,0,0,0,0.00348394,353.398877959735,0.00347788514014176,354.630098446614
7768,8990,118.2,6889.275,3.93999,0.17434,-1.366555,0,0,0,0,0,0,0,0,0,0,0,0.0034868,353.691769671269,0.00348073520660555,354.925022133759
7769,8990,118.2667,6895.475,3.94219,0.174497,-1.373164,0,0,0,0,0,0,0,0,0,0,0,0.00348994,354.010074423505,0.00348386429120074,355.245548342639
7770,8990,118.3333,6901.585,3.94441,0.174683,-1.368008,0,0,0,0,0,0,0,0,0,0,0,0.00349366,354.323758622886,0.00348757134690368,355.561645365437
7771,8990,118.4,6907.415,3.94663,0.174823,-1.374439,0,0,0,0,0,0,0,0,0,0,0,0.00349646,354.623067768941,0.00349036159481988,355.862993140472
7772,8990,118.4667,6913.705,3.94885,0.174986,-1.383521,0,0,0,0,0,0,0,0,0,0,0,0.00349972,354.945993074032,0.0034936102307988,356.188204664913
7773,8990,118.5333,6919.94,3.95107,0.175133,-1.381281,0,0,0,0,0,0,0,0,0,0,0,0.00350266,355.266094707934,0.00349653997321407,356.510471047223
7774,8990,118.6,6925.8,3.95335,0.175296,-1.376738,0,0,0,0,0,0,0,0,0,0,0,0.00350592,355.566944038273,0.00349978858912179,356.813533298716
7775,8990,118.6667,6932.295,3.95555,0.175487,-1.362356,0,0,0,0,0,0,0,0,0,0,0,0.00350974,355.900393935979,0.00350359523605137,357.149511784591
7776,8990,118.7333,6938.75,3.95771,0.175658,-1.365079,0,0,0,0,0,0,0,0,0,0,0,0.00351316,356.231790254637,0.00350700326891446,357.483289530888
7777,8990,118.8,6944.375,3.96003,0.175838,-1.358714,0,0,0,0,0,0,0,0,0,0,0,0.00351676,356.520574808077,0.00351059065938036,357.774372104739
7778,8990,118.8667,6950.725,3.96225,0.175993,-1.345251,0,0,0,0,0,0,0,0,0,0,0,0.00351986,356.846580481739,0.00351367979085822,358.102630486513
7779,8990,118.9333,6957.39,3.96439,0.176164,-1.349641,0,0,0,0,0,0,0,0,0,0,0,0.00352328,357.188758090393,0.00351708778935305,358.447234097997
7780,8990,119,6962.92,3.96665,0.176296,-1.362978,0,0,0,0,0,0,0,0,0,0,0,0.00352592,357.472665393597,0.00351971851709002,358.733085413961
7781,8990,119.0667,6968.765,3.96889,0.176452,-1.363896,0,0,0,0,0,0,0,0,0,0,0,0.00352904,357.772744631794,0.00352282755003861,359.035338958509
7782,8990,119.1333,6975.26,3.97105,0.176647,-1.366747,0,0,0,0,0,0,0,0,0,0,0,0.00353294,358.106194529499,0.00352671382763113,359.3713622284
7783,8990,119.2,6981.03,3.97331,0.176777,-1.362953,0,0,0,0,0,0,0,0,0,0,0,0.00353554,358.402423306983,0.00352930467096894,359.669569410682
7784,8990,119.2667,6986.89,3.97557,0.17694,-1.35887,0,0,0,0,0,0,0,0,0,0,0,0.0035388,358.703272637323,0.00353255318043887,359.972651778532
7785,8990,119.3333,6993.47,3.97775,0.177123,-1.356575,0,0,0,0,0,0,0,0,0,0,0,0.00354246,359.041086390502,0.00353620026745314,360.312975077397
7786,8990,119.4,6999.475,3.98003,0.177296,-1.360668,0,0,0,0,0,0,0,0,0,0,0,0.00354592,359.349379944886,0.00353964804786435,360.62360409822
7787,8990,119.4667,7005.495,3.98225,0.177436,-1.361488,0,0,0,0,0,0,0,0,0,0,0,0.00354872,359.658443591412,0.00354243815047741,360.934770703354
7788,8990,119.5333,7012.005,3.98441,0.177627,-1.361619,0,0,0,0,0,0,0,0,0,0,0,0.00355254,359.99266358126,0.00354624463505916,361.271551918339
7789,8990,119.6,7017.875,3.98667,0.177803,-1.363768,0,0,0,0,0,0,0,0,0,0,0,0.00355606,360.294026306361,0.00354975216823393,361.575253481548
7790,8990,119.6667,7023.64,3.98889,0.177963,-1.365283,0,0,0,0,0,0,0,0,0,0,0,0.00355926,360.589998386465,0.00355294082408066,361.873431944122
7791,8990,119.7333,7030.075,3.99108,0.178136,-1.361709,0,0,0,0,0,0,0,0,0,0,0,0.00356272,360.9203679156,0.00355638854677448,362.20622612878
7792,8990,119.8,7035.915,3.99337,0.178281,-1.360646,0,0,0,0,0,0,0,0,0,0,0,0.00356562,361.220190456416,0.00355927824739037,362.508164391911
7793,8990,119.8667,7042.105,3.99561,0.178421,-1.364313,0,0,0,0,0,0,0,0,0,0,0,0.00356842,361.537981813891,0.00356206829523377,362.828101178955
7794,8990,119.9333,7048.775,3.99778,0.178609,-1.361649,0,0,0,0,0,0,0,0,0,0,0,0.00357218,361.880416119925,0.00356581491866416,363.173118104781
7795,8990,120,7054.71,4.00001,0.178759,-1.36128,0,0,0,0,0,0,0,0,0,0,0,0.00357518,362.185115910977,0.00356880423580128,363.47999289368
7796,8990,120.0667,7060.57,4.00227,0.178917,-1.362969,0,0,0,0,0,0,0,0,0,0,0,0.00357834,362.485965241317,0.00357195297352226,363.783063270178
7797,8990,120.1333,7067.015,4.00442,0.179106,-1.362216,0,0,0,0,0,0,0,0,0,0,0,0.00358212,362.816848165214,0.00357571948853213,364.116501653363
7798,8990,120.2,7072.795,4.00664,0.179256,-1.360862,0,0,0,0,0,0,0,0,0,0,0,0.00358512,363.11359033746,0.00357870877606175,364.41539613245
7799,8990,120.2667,7078.42,4.00892,0.179388,-1.362563,0,0,0,0,0,0,0,0,0,0,0,0.00358776,363.4023748909,0.00358133934169588,364.706175395438
7800,8990,120.3333,7084.955,4.01112,0.179553,-1.364255,0,0,0,0,0,0,0,0,0,0,0,0.00359106,363.737878367652,0.0035846275390075,365.044082913143
7801,8990,120.4,7091.175,4.01336,0.179742,-1.357765,0,0,0,0,0,0,0,0,0,0,0,0.00359484,364.057209909411,0.00358839400627904,365.365937329882
7802,8990,120.4667,7097.085,4.0156,0.179897,-1.358859,0,0,0,0,0,0,0,0,0,0,0,0.00359794,364.360626213559,0.00359148289742164,365.671573885038
7803,8990,120.5333,7103.375,4.01782,0.180078,-1.362379,0,0,0,0,0,0,0,0,0,0,0,0.00360156,364.68355151865,0.00359508991306706,365.996981210458
7804,8990,120.6,7109.59,4.02006,0.180248,-1.370583,0,0,0,0,0,0,0,0,0,0,0,0.00360496,365.002626363029,0.00359847770596862,366.318446230963
7805,8990,120.6667,7115.725,4.02226,0.180421,-1.376366,0,0,0,0,0,0,0,0,0,0,0,0.00360842,365.317594049314,0.00360192527166773,366.635813362034
7806,8990,120.7333,7121.845,4.02442,0.180586,-1.377425,0,0,0,0,0,0,0,0,0,0,0,0.00361172,365.631791643457,0.00360521340128978,366.952351297972
7807,8990,120.8,7127.835,4.0267,0.180724,-1.374175,0,0,0,0,0,0,0,0,0,0,0,0.00361448,365.939315105698,0.00360796346503435,367.261995441361
7808,8990,120.8667,7133.97,4.02892,0.180882,-1.373011,0,0,0,0,0,0,0,0,0,0,0,0.00361764,366.254282791984,0.0036111120794558,367.579258935583
7809,8990,120.9333,7140.215,4.03114,0.181062,-1.361723,0,0,0,0,0,0,0,0,0,0,0,0.00362124,366.574897820647,0.00361469909646285,367.902353503631
7810,8990,121,7146.48,4.0334,0.181228,-1.356579,0,0,0,0,0,0,0,0,0,0,0,0.00362456,366.896539638834,0.00361800711185392,368.226378160548
7811,8990,121.0667,7152.705,4.0356,0.181408,-1.355451,0,0,0,0,0,0,0,0,0,0,0,0.00362816,367.216127877975,0.00362159410412872,368.548446744496
7812,8990,121.1333,7158.71,4.03782,0.181553,-1.356128,0,0,0,0,0,0,0,0,0,0,0,0.00363106,367.524421432358,0.00362448361632627,368.858924658044
7813,8990,121.2,7164.84,4.04006,0.181691,-1.359259,0,0,0,0,0,0,0,0,0,0,0,0.00363382,367.839132421263,0.0036272336270771,369.175793617438
7814,8990,121.2667,7170.93,4.04224,0.181879,-1.358611,0,0,0,0,0,0,0,0,0,0,0,0.00363758,368.15178983112,0.00363098000636595,369.490971418774
7815,8990,121.3333,7176.815,4.04446,0.18205,-1.347775,0,0,0,0,0,0,0,0,0,0,0,0.003641,368.453922648364,0.00363438760512595,369.795463380727
7816,8990,121.4,7182.98,4.04672,0.182215,-1.351109,0,0,0,0,0,0,0,0,0,0,0,0.0036443,368.770430518934,0.00363767562800932,370.114340598874
7817,8990,121.4667,7189.16,4.0489,0.182373,-1.353062,0,0,0,0,0,0,0,0,0,0,0,0.00364746,369.087708481647,0.00364082414888016,370.433941134826
7818,8990,121.5333,7195.115,4.05118,0.182569,-1.354059,0,0,0,0,0,0,0,0,0,0,0,0.00365138,369.393435062222,0.00364472989517147,370.74223086314
7819,8990,121.6,7201.48,4.05342,0.182726,-1.359699,0,0,0,0,0,0,0,0,0,0,0,0.00365452,369.720210828026,0.00364785846665628,371.071360732901
7820,8990,121.6667,7207.96,4.05554,0.182877,-1.362816,0,0,0,0,0,0,0,0,0,0,0,0.00365754,370.052890633589,0.00365086746566571,371.406373883197
7821,8990,121.7333,7213.775,4.05784,0.183009,-1.367552,0,0,0,0,0,0,0,0,0,0,0,0.00366018,370.351429687501,0.00365349784148877,371.706982583415
7822,8990,121.8,7219.945,4.06014,0.183174,-1.36877,0,0,0,0,0,0,0,0,0,0,0,0.00366348,370.668194255452,0.00365678580153796,372.026129771743
7823,8990,121.8667,7226.895,4.06226,0.183375,-1.363449,0,0,0,0,0,0,0,0,0,0,0,0.0036675,371.025003614814,0.00366079112008288,372.385737815571
7824,8990,121.9333,7232.785,4.06448,0.183556,-1.356964,0,0,0,0,0,0,0,0,0,0,0,0.00367112,371.327393129438,0.00366439788574157,372.690580548903
7825,8990,122,7238.645,4.06676,0.183701,-1.367767,0,0,0,0,0,0,0,0,0,0,0,0.00367402,371.628242459777,0.00366728727426012,372.993612055139
7826,8990,122.0667,7245.26,4.0689,0.183864,-1.359764,0,0,0,0,0,0,0,0,0,0,0,0.00367728,371.967853094623,0.00367053533552369,373.335683041451
7827,8990,122.1333,7251.25,4.07114,0.184034,-1.367886,0,0,0,0,0,0,0,0,0,0,0,0.00368068,372.275376556864,0.00367392287284164,373.645603089849
7828,8990,122.2,7257.115,4.07346,0.184205,-1.370115,0,0,0,0,0,0,0,0,0,0,0,0.0036841,372.576482584584,0.00367733032527297,373.949091604074
7829,8990,122.2667,7263.73,4.07564,0.184401,-1.365465,0,0,0,0,0,0,0,0,0,0,0,0.00368802,372.91609321943,0.0036812359289833,374.291415229545
7830,8990,122.3333,7269.92,4.07788,0.184554,-1.363725,0,0,0,0,0,0,0,0,0,0,0,0.00369108,373.233884576904,0.00368428468046233,374.611520703588
7831,8990,122.4,7275.9,4.08012,0.184711,-1.368059,0,0,0,0,0,0,0,0,0,0,0,0.00369422,373.540894644384,0.00368741312819981,374.920836888197
7832,8990,122.4667,7282.375,4.08226,0.184866,-1.376078,0,0,0,0,0,0,0,0,0,0,0,0.00369732,373.873317752566,0.00369050171349874,375.255647047759
7833,8990,122.5333,7288.13,4.08448,0.18505,-1.374086,0,0,0,0,0,0,0,0,0,0,0,0.003701,374.168776437907,0.00369416815076074,375.553575079504
7834,8990,122.6,7293.88,4.08678,0.185225,-1.367529,0,0,0,0,0,0,0,0,0,0,0,0.0037045,374.463978425868,0.00369765523894501,375.851180233947
7835,8990,122.6667,7300.6,4.08894,0.185393,-1.361305,0,0,0,0,0,0,0,0,0,0,0,0.00370786,374.808979705712,0.00370100283216199,376.198718929203
7836,8990,122.7333,7306.695,4.09116,0.185538,-1.363884,0,0,0,0,0,0,0,0,0,0,0,0.00371076,375.12189381295,0.0037038921149165,376.513881131635
7837,8990,122.8,7312.515,4.09346,0.185701,-1.364306,0,0,0,0,0,0,0,0,0,0,0,0.00371402,375.420689564243,0.00370714005728789,376.815009513698
7838,8990,122.8667,7319.455,4.09566,0.185879,-1.363324,0,0,0,0,0,0,0,0,0,0,0,0.00371758,375.776985528843,0.00371068687801136,377.173966534705
7839,8990,122.9333,7325.8,4.09784,0.186037,-1.369203,0,0,0,0,0,0,0,0,0,0,0,0.00372074,376.102734505123,0.00371383516901329,377.502114993506
7840,8990,123,7331.665,4.10016,0.186197,-1.364553,0,0,0,0,0,0,0,0,0,0,0,0.00372394,376.403840532843,0.00371702330169956,377.805545850757
7841,8990,123.0667,7338.255,4.1023,0.186386,-1.369683,0,0,0,0,0,0,0,0,0,0,0,0.00372772,376.742167680785,0.00372078927034074,378.146556994092
7842,8990,123.1333,7344.33,4.10444,0.186551,-1.369251,0,0,0,0,0,0,0,0,0,0,0,0.00373102,377.0540549985,0.0037240770091462,378.46085121878
7843,8990,123.2,7349.715,4.10678,0.186696,-1.374443,0,0,0,0,0,0,0,0,0,0,0,0.00373392,377.33051807766,0.00372696622523375,378.73944004572
7844,8990,123.2667,7356.17,4.10902,0.186854,-1.366312,0,0,0,0,0,0,0,0,0,0,0,0.00373708,377.661914396319,0.00373011446498428,379.073267183371
7845,8990,123.3333,7362.59,4.1112,0.187035,-1.367319,0,0,0,0,0,0,0,0,0,0,0,0.0037407,377.991513833312,0.00373372098061902,379.405466689108
7846,8990,123.4,7368.54,4.11346,0.187205,-1.360574,0,0,0,0,0,0,0,0,0,0,0,0.0037441,378.296983716506,0.00373710830390036,379.713365453239
7847,8990,123.4667,7374.78,4.11568,0.18736,-1.363801,0,0,0,0,0,0,0,0,0,0,0,0.0037472,378.617342047789,0.00374019673571577,380.03609695191
7848,8990,123.5333,7381.05,4.1179,0.187531,-1.373824,0,0,0,0,0,0,0,0,0,0,0,0.00375062,378.939240563357,0.00374360396232971,380.360497657798
7849,8990,123.6,7387.025,4.1201,0.187688,-1.380885,0,0,0,0,0,0,0,0,0,0,0,0.00375376,379.245993933455,0.00374673222449571,380.669592375643
7850,8990,123.6667,7393.045,4.1223,0.187856,-1.378278,0,0,0,0,0,0,0,0,0,0,0,0.00375712,379.555057579981,0.00375007965342722,380.981091477916
7851,8990,123.7333,7399.06,4.12454,0.188019,-1.371218,0,0,0,0,0,0,0,0,0,0,0,0.00376038,379.863864529127,0.00375332744578763,381.292297008025
7852,8990,123.8,7405.15,4.12674,0.188169,-1.375488,0,0,0,0,0,0,0,0,0,0,0,0.00376338,380.176521938984,0.00375631620244394,381.607270658119
7853,8990,123.8667,7411.495,4.12898,0.188337,-1.373712,0,0,0,0,0,0,0,0,0,0,0,0.00376674,380.502270915265,0.00375966359929397,381.935524039212
7854,8990,123.9333,7417.85,4.13124,0.188513,-1.367331,0,0,0,0,0,0,0,0,0,0,0,0.00377026,380.828533286307,0.00376317038397582,382.264355872215
7855,8990,124,7424.205,4.13342,0.188666,-1.37058,0,0,0,0,0,0,0,0,0,0,0,0.00377332,381.154795657349,0.00376621888566769,382.593014670899
7856,8990,124.0667,7430.35,4.13568,0.188826,-1.379629,0,0,0,0,0,0,0,0,0,0,0,0.00377652,381.470276738396,0.00376940685135214,382.910906867904
7857,8990,124.1333,7436.47,4.13792,0.189019,-1.383118,0,0,0,0,0,0,0,0,0,0,0,0.00378038,381.784474332539,0.00377325232143578,383.227764723616
7858,8990,124.2,7442.765,4.14008,0.189208,-1.384653,0,0,0,0,0,0,0,0,0,0,0,0.00378416,382.107656335011,0.00377701807832637,383.553612843808
7859,8990,124.2667,7448.72,4.14234,0.189355,-1.382497,0,0,0,0,0,0,0,0,0,0,0,0.0037871,382.413382915586,0.00377994699054851,383.861620638026
7860,8990,124.3333,7454.65,4.1446,0.189505,-1.382189,0,0,0,0,0,0,0,0,0,0,0,0.0037901,382.717826009257,0.00378293566764644,384.168364841615
7861,8990,124.4,7460.83,4.14674,0.189686,-1.386743,0,0,0,0,0,0,0,0,0,0,0,0.00379372,383.03510397197,0.00378654199278606,384.48823190661
7862,8990,124.4667,7466.54,4.14902,0.189849,-1.389826,0,0,0,0,0,0,0,0,0,0,0,0.00379698,383.328252380884,0.00378978966672673,384.783742088609
7863,8990,124.5333,7472.465,4.1513,0.189986,-1.387307,0,0,0,0,0,0,0,0,0,0,0,0.00379972,383.632438777174,0.00379251929862939,385.090134627445
7864,8990,124.6,7478.975,4.1534,0.190172,-1.382261,0,0,0,0,0,0,0,0,0,0,0,0.00380344,383.966658767022,0.00379622521030971,385.427052915643
7865,8990,124.6667,7484.83,4.15566,0.190335,-1.38278,0,0,0,0,0,0,0,0,0,0,0,0.0038067,384.267251399981,0.00379947285280264,385.730041545885
7866,8990,124.7333,7490.845,4.158,0.190513,-1.385285,0,0,0,0,0,0,0,0,0,0,0,0.00381026,384.576058349126,0.00380301934605415,386.041393121212
7867,8990,124.8,7497.735,4.1601,0.190701,-1.383977,0,0,0,0,0,0,0,0,0,0,0,0.00381402,384.929787339918,0.00380676506684213,386.397917247428
7868,8990,124.8667,7503.925,4.16228,0.190882,-1.382438,0,0,0,0,0,0,0,0,0,0,0,0.00381764,385.247578697392,0.00381037130604637,386.718315263731
7869,8990,124.9333,7509.765,4.16462,0.191019,-1.380135,0,0,0,0,0,0,0,0,0,0,0,0.00382038,385.547401238208,0.00381310088176939,387.020338818951
7870,8990,125,7516.42,4.16678,0.191185,-1.373546,0,0,0,0,0,0,0,0,0,0,0,0.0038237,385.8890654521,0.00381640824091049,387.36458947167
7871,8990,125.0667,7522.74,4.16896,0.191381,-1.366913,0,0,0,0,0,0,0,0,0,0,0,0.00382762,386.213530941477,0.00382031330147643,387.691809576779
7872,8990,125.1333,7528.57,4.1713,0.191544,-1.378713,0,0,0,0,0,0,0,0,0,0,0,0.00383088,386.512840087531,0.00382356086574092,387.993524396365
7873,8990,125.2,7535.135,4.17348,0.191699,-1.374912,0,0,0,0,0,0,0,0,0,0,0,0.00383398,386.849883748568,0.00382664903056544,388.333058465863
7874,8990,125.2667,7541.435,4.17568,0.19189,-1.375723,0,0,0,0,0,0,0,0,0,0,0,0.0038378,387.173322448421,0.00383045443345842,388.659216225314
7875,8990,125.3333,7547.35,4.178,0.192058,-1.374259,0,0,0,0,0,0,0,0,0,0,0,0.00384116,387.47699544995,0.00383380158214798,388.965356585792
7876,8990,125.4,7553.775,4.18014,0.192228,-1.374997,0,0,0,0,0,0,0,0,0,0,0,0.00384456,387.806851584323,0.00383718856644173,389.29779829365
7877,8990,125.4667,7559.765,4.18229,0.192391,-1.376675,0,0,0,0,0,0,0,0,0,0,0,0.00384782,388.114375046564,0.00384043607590326,389.607769301156
7878,8990,125.5333,7565.275,4.18462,0.192549,-1.384704,0,0,0,0,0,0,0,0,0,0,0,0.00385098,388.397255560245,0.0038435839584441,389.892965623463
7879,8990,125.6,7571.555,4.1868,0.192717,-1.387192,0,0,0,0,0,0,0,0,0,0,0,0.00385434,388.719667470575,0.00384693106318755,390.217925233693
7880,8990,125.6667,7577.71,4.189,0.192877,-1.375184,0,0,0,0,0,0,0,0,0,0,0,0.00385754,389.035661946383,0.00385011877157537,390.536382573768
7881,8990,125.7333,7583.72,4.19132,0.193022,-1.375298,0,0,0,0,0,0,0,0,0,0,0,0.00386044,389.344212198148,0.0038530076235245,390.847252168686
7882,8990,125.8,7590.23,4.1935,0.193195,-1.386165,0,0,0,0,0,0,0,0,0,0,0,0.0038639,389.678432187996,0.00385645431182841,391.184110682127
7883,8990,125.8667,7596.285,4.19568,0.193368,-1.387853,0,0,0,0,0,0,0,0,0,0,0,0.00386736,389.989292716188,0.00385990098825269,391.497521707267
7884,8990,125.9333,7602.13,4.19798,0.193546,-1.384745,0,0,0,0,0,0,0,0,0,0,0,0.00387092,390.289371954385,0.00386344726720286,391.80015089007
7885,8990,126,7608.59,4.20014,0.193712,-1.375358,0,0,0,0,0,0,0,0,0,0,0,0.00387424,390.621024970424,0.00386675445983485,392.134384570206
7886,8990,126.0667,7614.795,4.20229,0.193877,-1.383022,0,0,0,0,0,0,0,0,0,0,0,0.00387754,390.939586420041,0.0038700417187807,392.455470303968
7887,8990,126.1333,7620.435,4.2046,0.194037,-1.38076,0,0,0,0,0,0,0,0,0,0,0,0.00388074,391.229141065624,0.00387322935349946,392.747399642523
7888,8990,126.2,7626.985,4.20684,0.194198,-1.37196,0,0,0,0,0,0,0,0,0,0,0,0.00388396,391.565414634519,0.00387643690067864,393.086239042342
7889,8990,126.2667,7633.55,4.20904,0.194358,-1.366298,0,0,0,0,0,0,0,0,0,0,0,0.00388716,391.902458295556,0.00387962451501176,393.425845855344
7890,8990,126.3333,7639.51,4.21128,0.194531,-1.37428,0,0,0,0,0,0,0,0,0,0,0,0.00389062,392.208441573512,0.00388307111157692,393.734375580467
7891,8990,126.4,7645.775,4.21352,0.194691,-1.365672,0,0,0,0,0,0,0,0,0,0,0,0.00389382,392.530083391699,0.00388625870476306,394.058524881011
7892,8990,126.4667,7651.965,4.21573,0.194867,-1.362344,0,0,0,0,0,0,0,0,0,0,0,0.00389734,392.847874749173,0.00388976504553201,394.378936485348
7893,8990,126.5333,7657.975,4.21795,0.195027,-1.372736,0,0,0,0,0,0,0,0,0,0,0,0.00390054,393.156425000938,0.00389295261738072,394.689947362911
7894,8990,126.6,7664.05,4.22017,0.195195,-1.382153,0,0,0,0,0,0,0,0,0,0,0,0.0039039,393.468312318653,0.00389629955688646,395.004373263114
7895,8990,126.6667,7669.995,4.22239,0.195345,-1.387197,0,0,0,0,0,0,0,0,0,0,0,0.0039069,393.773525504467,0.00389928788626488,395.31195929126
7896,8990,126.7333,7675.955,4.22461,0.195521,-1.378869,0,0,0,0,0,0,0,0,0,0,0,0.00391042,394.079508782423,0.00390279418134946,395.620525175156
7897,8990,126.8,7682.35,4.22685,0.195701,-1.371337,0,0,0,0,0,0,0,0,0,0,0,0.00391402,394.407824732511,0.00390638015224252,395.951544846671
7898,8990,126.8667,7688.535,4.22909,0.195872,-1.375946,0,0,0,0,0,0,0,0,0,0,0,0.00391744,394.725359392605,0.00390978681267992,396.271672304504
7899,8990,126.9333,7694.785,4.23127,0.196009,-1.376962,0,0,0,0,0,0,0,0,0,0,0,0.00392018,395.04623111865,0.00391251611705464,396.594883452956
7900,8990,127,7701.055,4.23353,0.196192,-1.381446,0,0,0,0,0,0,0,0,0,0,0,0.00392384,395.368129634217,0.00391616181857678,396.919490916001
7901,8990,127.0667,7707.24,4.23575,0.196363,-1.377251,0,0,0,0,0,0,0,0,0,0,0,0.00392726,395.685664294311,0.0039195684456918,397.239624776268
7902,8990,127.1333,7713.52,4.23791,0.196521,-1.367641,0,0,0,0,0,0,0,0,0,0,0,0.00393042,396.008076204641,0.0039227160791437,397.564554267517
7903,8990,127.2,7719.91,4.24017,0.196717,-1.372928,0,0,0,0,0,0,0,0,0,0,0,0.00393434,396.336135457349,0.00392662072459397,397.895456568524
7904,8990,127.2667,7726.105,4.24243,0.196895,-1.368489,0,0,0,0,0,0,0,0,0,0,0,0.0039379,396.654183512204,0.00393016676694565,398.216168021457
7905,8990,127.3333,7732.53,4.24457,0.19704,-1.367224,0,0,0,0,0,0,0,0,0,0,0,0.0039408,396.984039646578,0.00393305538765779,398.548474350017
7906,8990,127.4,7738.65,4.24685,0.197218,-1.371551,0,0,0,0,0,0,0,0,0,0,0,0.00394436,397.298237240721,0.003936601407192,398.865324515763
7907,8990,127.4667,7744.625,4.24915,0.197388,-1.379404,0,0,0,0,0,0,0,0,0,0,0,0.00394776,397.604990610819,0.00393998804332262,399.174639688553
7908,8990,127.5333,7751.245,4.25125,0.197544,-1.374391,0,0,0,0,0,0,0,0,0,0,0,0.00395088,397.944857943045,0.00394309576991597,399.517090323396
7909,8990,127.6,7757.34,4.25351,0.197724,-1.369568,0,0,0,0,0,0,0,0,0,0,0,0.00395448,398.257772050284,0.00394668159629166,399.832674444702
7910,8990,127.6667,7762.995,4.25585,0.197862,-1.371126,0,0,0,0,0,0,0,0,0,0,0,0.00395724,398.548096788009,0.00394943072113874,400.125247258543
7911,8990,127.7333,7769.645,4.25797,0.198042,-1.378475,0,0,0,0,0,0,0,0,0,0,0,0.00396084,398.889504304521,0.00395301652479851,400.46944180875
7912,8990,127.8,7775.895,4.26013,0.198215,-1.371293,0,0,0,0,0,0,0,0,0,0,0,0.0039643,399.210376030565,0.00395646286842073,400.792965724263
7913,8990,127.8667,7781.38,4.26249,0.198355,-1.373045,0,0,0,0,0,0,0,0,0,0,0,0.0039671,399.491973057342,0.00395925180832163,401.076797663658
7914,8990,127.9333,7787.82,4.26465,0.198539,-1.367648,0,0,0,0,0,0,0,0,0,0,0,0.00397078,399.822599283858,0.00396291726036247,401.410206864642
7915,8990,128,7794.325,4.26681,0.198735,-1.366714,0,0,0,0,0,0,0,0,0,0,0,0.0039747,400.156562576325,0.00396682174884506,401.747064865597
7916,8990,128.0667,7800.16,4.26915,0.198874,-1.367255,0,0,0,0,0,0,0,0,0,0,0,0.00397748,400.45612841976,0.00396959073909061,402.048934661427
7917,8990,128.1333,7806.58,4.27131,0.199053,-1.358152,0,0,0,0,0,0,0,0,0,0,0,0.00398106,400.785727856753,0.00397315654976717,402.381279886495
7918,8990,128.2,7813.03,4.27347,0.199213,-1.358531,0,0,0,0,0,0,0,0,0,0,0,0.00398426,401.116867478031,0.00397634385581075,402.715021368449
7919,8990,128.2667,7818.96,4.27587,0.199373,-1.3628,0,0,0,0,0,0,0,0,0,0,0,0.00398746,401.421310571702,0.00397953115169567,403.021961990755
7920,8990,128.3333,7825.575,4.27803,0.199539,-1.364835,0,0,0,0,0,0,0,0,0,0,0,0.00399078,401.760921206548,0.00398283796043881,403.364260655681
7921,8990,128.4,7832.185,4.28013,0.19974,-1.362584,0,0,0,0,0,0,0,0,0,0,0,0.0039948,402.100275144013,0.00398684197325647,403.706585323158
7922,8990,128.4667,7837.835,4.28247,0.199913,-1.365608,0,0,0,0,0,0,0,0,0,0,0,0.00399826,402.390343184357,0.00399028820030653,403.999204397897
7923,8990,128.5333,7843.905,4.28463,0.200083,-1.368156,0,0,0,0,0,0,0,0,0,0,0,0.00400166,402.701973804691,0.0039936746546247,404.313450185186
7924,8990,128.6,7850.225,4.28681,0.200246,-1.364994,0,0,0,0,0,0,0,0,0,0,0,0.00400492,403.026439294068,0.00399692165593699,404.640527941325
7925,8990,128.6667,7856.14,4.28921,0.200404,-1.363468,0,0,0,0,0,0,0,0,0,0,0,0.00400808,403.330112295596,0.00400006904591892,404.946691652086
7926,8990,128.7333,7862.66,4.29139,0.200579,-1.362405,0,0,0,0,0,0,0,0,0,0,0,0.00401158,403.664845680206,0.0040035550675648,405.28417950184
7927,8990,128.8,7869.09,4.29351,0.20073,-1.367161,0,0,0,0,0,0,0,0,0,0,0,0.0040146,403.99495851196,0.00400656299647544,405.616836672402
7928,8990,128.8667,7874.83,4.29585,0.2009,-1.364559,0,0,0,0,0,0,0,0,0,0,0,0.004018,404.28964710516,0.00400994939568031,405.914082907228
7929,8990,128.9333,7881.08,4.29805,0.201109,-1.365759,0,0,0,0,0,0,0,0,0,0,0,0.00402218,404.610518831204,0.00401411265898703,406.237935167837
7930,8990,129,7887.46,4.30013,0.201249,-1.365617,0,0,0,0,0,0,0,0,0,0,0,0.00402498,404.93806468915,0.00401690143811121,406.567932300763
7931,8990,129.0667,7893.16,4.30245,0.201383,-1.364791,0,0,0,0,0,0,0,0,0,0,0,0.00402766,405.230699703303,0.00401957069084546,406.86283118327
7932,8990,129.1333,7899.41,4.30471,0.201569,-1.36865,0,0,0,0,0,0,0,0,0,0,0,0.00403138,405.551571429348,0.00402327576119045,407.186503923376
7933,8990,129.2,7906.35,4.30685,0.20176,-1.367963,0,0,0,0,0,0,0,0,0,0,0,0.0040352,405.907867393947,0.00402708041591448,407.545786820455
7934,8990,129.2667,7912.51,4.30913,0.201897,-1.365014,0,0,0,0,0,0,0,0,0,0,0,0.00403794,406.224118567137,0.00402980940017847,407.864427184464
7935,8990,129.3333,7918.83,4.31139,0.202073,-1.366823,0,0,0,0,0,0,0,0,0,0,0,0.00404146,406.548584056513,0.004033315237647,408.191633897034
7936,8990,129.4,7925.41,4.31357,0.202254,-1.358827,0,0,0,0,0,0,0,0,0,0,0,0.00404508,406.886397809693,0.00403692065995115,408.532285839745
7937,8990,129.4667,7931.645,4.31577,0.202409,-1.356705,0,0,0,0,0,0,0,0,0,0,0,0.00404818,407.206499443595,0.00404000816595675,408.854944650512
7938,8990,129.5333,7937.61,4.31803,0.202587,-1.365504,0,0,0,0,0,0,0,0,0,0,0,0.00405174,407.512739418932,0.00404355380625528,409.163875085745
7939,8990,129.6,7943.715,4.32021,0.202752,-1.36069,0,0,0,0,0,0,0,0,0,0,0,0.00405504,407.826166920932,0.00404684048406823,409.479918340843
7940,8990,129.6667,7949.82,4.32243,0.202918,-1.348839,0,0,0,0,0,0,0,0,0,0,0,0.00405836,408.139594422932,0.00405014707024014,409.795971827355
7941,8990,129.7333,7956.025,4.32471,0.203099,-1.358188,0,0,0,0,0,0,0,0,0,0,0,0.00406198,408.458155872549,0.00405375243185904,410.11730473254
7942,8990,129.8,7962.27,4.32693,0.203274,-1.365732,0,0,0,0,0,0,0,0,0,0,0,0.00406548,408.778770901213,0.00405723826636881,410.440652818736
7943,8990,129.8667,7968.655,4.32911,0.203445,-1.356549,0,0,0,0,0,0,0,0,0,0,0,0.0040689,409.10657345654,0.0040606444129237,410.771187193277
7944,8990,129.9333,7974.815,4.33139,0.203602,-1.357297,0,0,0,0,0,0,0,0,0,0,0,0.00407204,409.42282462973,0.0040637716834628,411.090010748535
7945,8990,130,7980.92,4.33361,0.203765,-1.360791,0,0,0,0,0,0,0,0,0,0,0,0.0040753,409.73625213173,0.00406701845717807,411.406050280042
7946,8990,130.0667,7987.355,4.33579,0.20391,-1.359149,0,0,0,0,0,0,0,0,0,0,0,0.0040782,410.066621660865,0.00406990668260498,411.738955357323
7947,8990,130.1333,7993.565,4.33803,0.204083,-1.369298,0,0,0,0,0,0,0,0,0,0,0,0.00408166,410.385439807863,0.00407335262340779,412.060493642109
7948,8990,130.2,7999.595,4.34025,0.204256,-1.367966,0,0,0,0,0,0,0,0,0,0,0,0.00408512,410.695016849151,0.00407679855233614,412.372755276382
7949,8990,130.2667,8005.96,4.34243,0.20445,-1.366311,0,0,0,0,0,0,0,0,0,0,0,0.004089,411.021792614955,0.00408066275909124,412.702460724957
7950,8990,130.3333,8012.455,4.34469,0.204628,-1.365742,0,0,0,0,0,0,0,0,0,0,0,0.00409256,411.35524251266,0.00408420825524638,413.038738523958
7951,8990,130.4,8018.675,4.34697,0.204775,-1.365268,0,0,0,0,0,0,0,0,0,0,0,0.0040955,411.67457405442,0.00408713626787496,413.36058727246
7952,8990,130.4667,8025.325,4.34911,0.204943,-1.366608,0,0,0,0,0,0,0,0,0,0,0,0.00409886,412.015981570931,0.00409048255752395,413.704777397153
7953,8990,130.5333,8031.65,4.35133,0.205121,-1.365744,0,0,0,0,0,0,0,0,0,0,0,0.00410242,412.340703757688,0.00409402801886327,414.032298507598
7954,8990,130.6,8037.42,4.35367,0.205289,-1.361589,0,0,0,0,0,0,0,0,0,0,0,0.00410578,412.636932535172,0.00409737428545058,414.331129000037
7955,8990,130.6667,8044.07,4.35581,0.205478,-1.357839,0,0,0,0,0,0,0,0,0,0,0,0.00410956,412.978340051684,0.00410113882197695,414.675499318827
7956,8990,130.7333,8050.57,4.35797,0.205643,-1.369221,0,0,0,0,0,0,0,0,0,0,0,0.00411286,413.31204664677,0.00410442531053227,415.011941230942
7957,8990,130.8,8056.135,4.36029,0.205808,-1.370267,0,0,0,0,0,0,0,0,0,0,0,0.00411616,413.59775083164,0.00410771178828661,415.300185349703
7958,8990,130.8667,8062.285,4.36249,0.205979,-1.365407,0,0,0,0,0,0,0,0,0,0,0,0.00411958,413.913488610068,0.00411111776292591,415.618638339476
7959,8990,130.9333,8068.74,4.36467,0.206144,-1.363588,0,0,0,0,0,0,0,0,0,0,0,0.00412288,414.244884928727,0.00411440421868577,415.952766879902
7960,8990,131,8074.675,4.36699,0.206295,-1.365577,0,0,0,0,0,0,0,0,0,0,0,0.0041259,414.549584719779,0.00411741181418903,416.259974851374
7961,8990,131.0667,8081.025,4.36915,0.20648,-1.371037,0,0,0,0,0,0,0,0,0,0,0,0.0041296,414.87559039344,0.00412109660429661,416.588860631529
7962,8990,131.1333,8087.53,4.37137,0.206656,-1.373986,0,0,0,0,0,0,0,0,0,0,0,0.00413312,415.209553685907,0.00412460212174221,416.925664596437
7963,8990,131.2,8093.625,4.37369,0.206814,-1.373546,0,0,0,0,0,0,0,0,0,0,0,0.00413628,415.522467793146,0.00412774910989021,417.241185066229
7964,8990,131.2667,8100.215,4.37583,0.207002,-1.379925,0,0,0,0,0,0,0,0,0,0,0,0.00414004,415.860794941087,0.00413149361453091,417.582475266575
7965,8990,131.3333,8106.825,4.37799,0.207205,-1.377815,0,0,0,0,0,0,0,0,0,0,0,0.0041441,416.200148878552,0.00413553686709573,417.924923915519
7966,8990,131.4,8112.775,4.38033,0.207353,-1.367043,0,0,0,0,0,0,0,0,0,0,0,0.00414706,416.505618761746,0.00413848464683898,418.232892553088
7967,8990,131.4667,8119.19,4.38247,0.207524,-1.372461,0,0,0,0,0,0,0,0,0,0,0,0.00415048,416.834961501358,0.0041418905166685,418.56502667237
7968,8990,131.5333,8125.815,4.38465,0.207707,-1.369519,0,0,0,0,0,0,0,0,0,0,0,0.00415414,417.175085530965,0.00414553538205746,418.908089240773
7969,8990,131.6,8131.87,4.38703,0.207852,-1.38023,0,0,0,0,0,0,0,0,0,0,0,0.00415704,417.485946059157,0.00414842338071902,419.221451836363
7970,8990,131.6667,8138.43,4.38919,0.208032,-1.38803,0,0,0,0,0,0,0,0,0,0,0,0.00416064,417.822733022814,0.00415200847090267,419.561142998738
7971,8990,131.7333,8145.07,4.39137,0.208216,-1.380292,0,0,0,0,0,0,0,0,0,0,0,0.00416432,418.163627144563,0.0041556732164726,419.904994300354
7972,8990,131.8,8150.985,4.39369,0.208333,-1.373145,0,0,0,0,0,0,0,0,0,0,0,0.00416666,418.467300146092,0.00415800350965962,420.210911106919
7973,8990,131.8667,8157.25,4.39587,0.208534,-1.367778,0,0,0,0,0,0,0,0,0,0,0,0.00417068,418.788941964279,0.004162006821175,420.535576628751
7974,8990,131.9333,8163.53,4.39798,0.20872,-1.370564,0,0,0,0,0,0,0,0,0,0,0,0.0041744,419.111353874609,0.00416571136382245,420.860892310223
7975,8990,132,8169.26,4.40029,0.208872,-1.370204,0,0,0,0,0,0,0,0,0,0,0,0.00417744,419.405529073046,0.00416873872181783,421.157570506417
7976,8990,132.0667,8175.345,4.40253,0.209045,-1.369897,0,0,0,0,0,0,0,0,0,0,0,0.0041809,419.717929785523,0.00417218432206847,421.472728478163
7977,8990,132.1333,8182.02,4.40469,0.209198,-1.377504,0,0,0,0,0,0,0,0,0,0,0,0.00418396,420.060620788939,0.00417523157713751,421.818137623895
7978,8990,132.2,8188.335,4.40701,0.209373,-1.380758,0,0,0,0,0,0,0,0,0,0,0,0.00418746,420.384829580934,0.00417871698821755,422.145174239411
7979,8990,132.2667,8194.7,4.40923,0.209539,-1.37435,0,0,0,0,0,0,0,0,0,0,0,0.00419078,420.711605346738,0.00418202313835791,422.474715128193
7980,8990,132.3333,8201.165,4.41139,0.20974,-1.374995,0,0,0,0,0,0,0,0,0,0,0,0.0041948,421.043515060158,0.00418602635371658,422.809708397133
7981,8990,132.4,8207.35,4.41367,0.209908,-1.373501,0,0,0,0,0,0,0,0,0,0,0,0.00419816,421.361049720252,0.00418937231246761,423.129990824746
7982,8990,132.4667,8213.665,4.41585,0.210071,-1.363983,0,0,0,0,0,0,0,0,0,0,0,0.00420142,421.685258512247,0.00419261867841233,423.456935391066
7983,8990,132.5333,8219.87,4.41802,0.210254,-1.36035,0,0,0,0,0,0,0,0,0,0,0,0.00420508,422.003819961864,0.004196263358909,423.77837978511
7984,8990,132.6,8225.965,4.42031,0.210394,-1.371079,0,0,0,0,0,0,0,0,0,0,0,0.00420788,422.316734069103,0.00419905163010208,424.093792208058
7985,8990,132.6667,8232.53,4.42257,0.210577,-1.367979,0,0,0,0,0,0,0,0,0,0,0,0.00421154,422.65377773014,0.00420269628715281,424.433801021202
7986,8990,132.7333,8239.095,4.42475,0.210781,-1.36319,0,0,0,0,0,0,0,0,0,0,0,0.00421562,422.990821391177,0.00420675916787991,424.77398995765
7987,8990,132.8,8245.365,4.42699,0.21091,-1.369695,0,0,0,0,0,0,0,0,0,0,0,0.0042182,423.312719906745,0.00420932833393774,425.098337621856
7988,8990,132.8667,8251.735,4.42923,0.211109,-1.373902,0,0,0,0,0,0,0,0,0,0,0,0.00422218,423.63975236993,0.00421329160816748,425.428435659591
7989,8990,132.9333,8257.92,4.43142,0.211287,-1.369299,0,0,0,0,0,0,0,0,0,0,0,0.00422574,423.957287030023,0.00421683663411979,425.748820296118
7990,8990,133,8264.05,4.43366,0.211455,-1.367465,0,0,0,0,0,0,0,0,0,0,0,0.0042291,424.271998018928,0.00422018248978266,426.06628672575
7991,8990,133.0667,8270.225,4.4359,0.211613,-1.359557,0,0,0,0,0,0,0,0,0,0,0,0.00423226,424.58901928426,0.00422332917715522,426.385990407016
7992,8990,133.1333,8276.415,4.43808,0.211768,-1.360114,0,0,0,0,0,0,0,0,0,0,0,0.00423536,424.906810641734,0.00422641610767794,426.706443951254
7993,8990,133.2,8282.68,4.4403,0.211966,-1.357228,0,0,0,0,0,0,0,0,0,0,0,0.00423932,425.228452459921,0.00423035939861344,427.031131943004
7994,8990,133.2667,8289.075,4.44254,0.212134,-1.36845,0,0,0,0,0,0,0,0,0,0,0,0.00424268,425.55676841001,0.00423370520903147,427.362269600208
7995,8990,133.3333,8295.21,4.44482,0.212307,-1.371726,0,0,0,0,0,0,0,0,0,0,0,0.00424614,425.871736096295,0.00423715058544145,427.680047109803
7996,8990,133.4,8301.73,4.44698,0.212491,-1.362228,0,0,0,0,0,0,0,0,0,0,0,0.00424982,426.206469480905,0.00424081501900104,428.017770259035
7997,8990,133.4667,8308.2,4.44918,0.212671,-1.362246,0,0,0,0,0,0,0,0,0,0,0,0.00425342,426.538635891707,0.00424439977796801,428.352883856381
7998,8990,133.5333,8314.055,4.4515,0.212824,-1.361183,0,0,0,0,0,0,0,0,0,0,0,0.00425648,426.839228524665,0.00424744681298642,428.656061164096
7999,8990,133.6,8320.54,4.4537,0.213007,-1.363346,0,0,0,0,0,0,0,0,0,0,0,0.00426014,427.172165027609,0.00425109129365789,428.99197825473
8000,8990,133.6667,8327.38,4.45586,0.213203,-1.363265,0,0,0,0,0,0,0,0,0,0,0,0.00426406,427.523327044592,0.00425499465713237,429.34631216251
8001,8990,133.7333,8333.225,4.45814,0.213361,-1.362494,0,0,0,0,0,0,0,0,0,0,0,0.00426722,427.823406282789,0.00425814123496422,429.649022878547
8002,8990,133.8,8339.405,4.46036,0.213503,-1.36342,0,0,0,0,0,0,0,0,0,0,0,0.00427006,428.140684245502,0.00426096916355518,429.968870655671
8003,8990,133.8667,8346.225,4.46252,0.213712,-1.364239,0,0,0,0,0,0,0,0,0,0,0,0.00427424,428.490819472961,0.00426513138193385,430.322292073186
8004,8990,133.9333,8352.245,4.46482,0.213865,-1.362423,0,0,0,0,0,0,0,0,0,0,0,0.0042773,428.799883119488,0.00426817835378308,430.633988859555
8005,8990,134,8358.325,4.46704,0.214025,-1.364743,0,0,0,0,0,0,0,0,0,0,0,0.0042805,429.112027134584,0.00427136471964208,430.948841166733
8006,8990,134.0667,8365.145,4.46922,0.214203,-1.362294,0,0,0,0,0,0,0,0,0,0,0,0.00428406,429.462162362043,0.00427490953973004,431.302004033332
8007,8990,134.1333,8371.155,4.47152,0.214369,-1.361802,0,0,0,0,0,0,0,0,0,0,0,0.00428738,429.770712613808,0.0042782153718592,431.613302971654
8008,8990,134.2,8377.17,4.4737,0.214549,-1.370051,0,0,0,0,0,0,0,0,0,0,0,0.00429098,430.079519562953,0.00428179999675767,431.924982179807
8009,8990,134.2667,8383.85,4.47584,0.214755,-1.365104,0,0,0,0,0,0,0,0,0,0,0,0.0042951,430.42246726375,0.00428590238504073,432.271174802894
8010,8990,134.3333,8389.785,4.47816,0.214903,-1.367289,0,0,0,0,0,0,0,0,0,0,0,0.00429806,430.727167054801,0.00428884972157353,432.578458262433
8011,8990,134.4,8395.905,4.48038,0.21505,-1.374402,0,0,0,0,0,0,0,0,0,0,0,0.004301,431.041364648944,0.00429177713507149,432.895273558299
8012,8990,134.4667,8402.905,4.48252,0.215249,-1.375521,0,0,0,0,0,0,0,0,0,0,0,0.00430498,431.400740982114,0.00429574008254793,433.257912544027
8013,8990,134.5333,8408.99,4.48484,0.215414,-1.367347,0,0,0,0,0,0,0,0,0,0,0,0.00430828,431.713141694591,0.00429902593161193,433.573082788691
8014,8990,134.6,8415.33,4.48706,0.215592,-1.361916,0,0,0,0,0,0,0,0,0,0,0,0.00431184,432.038633973491,0.00430257065364718,433.901515437003
8015,8990,134.6667,8422.27,4.48924,0.215773,-1.358998,0,0,0,0,0,0,0,0,0,0,0,0.00431546,432.39492993809,0.00430617510530427,434.260912962441
8016,8990,134.7333,8428.42,4.49154,0.215959,-1.36146,0,0,0,0,0,0,0,0,0,0,0,0.00431918,432.710667716518,0.00430987911391387,434.579622978306
8017,8990,134.8,8434.795,4.49376,0.216117,-1.363645,0,0,0,0,0,0,0,0,0,0,0,0.00432234,433.037956877084,0.00431302551905252,434.909694159612
8018,8990,134.8667,8441.46,4.49586,0.216313,-1.365209,0,0,0,0,0,0,0,0,0,0,0,0.00432626,433.380134485738,0.00431692864078316,435.255049626358
8019,8990,134.9333,8447.21,4.49812,0.216468,-1.360647,0,0,0,0,0,0,0,0,0,0,0,0.00432936,433.675336473698,0.0043200152823848,435.552873128414
8020,8990,135,8452.85,4.5004,0.216628,-1.362832,0,0,0,0,0,0,0,0,0,0,0,0.00433256,433.964891119281,0.00432320148307693,435.845070047949
8021,8990,135.0667,8459.56,4.50258,0.216801,-1.367727,0,0,0,0,0,0,0,0,0,0,0,0.00433602,434.309379004362,0.00432664655115288,436.192553157913
8022,8990,135.1333,8465.885,4.50484,0.216969,-1.374096,0,0,0,0,0,0,0,0,0,0,0,0.00433938,434.63410119112,0.0043299920394284,436.520143717146
8023,8990,135.2,8471.975,4.50708,0.217122,-1.369481,0,0,0,0,0,0,0,0,0,0,0,0.00434244,434.946758600977,0.00433303881365575,436.835488803397
8024,8990,135.2667,8478.37,4.50926,0.217305,-1.362589,0,0,0,0,0,0,0,0,0,0,0,0.0043461,435.275074551066,0.00433668298240275,437.166823552573
8025,8990,135.3333,8484.56,4.51152,0.217481,-1.361384,0,0,0,0,0,0,0,0,0,0,0,0.00434962,435.592865908541,0.0043401877441891,437.487529349954
8026,8990,135.4,8490.71,4.51372,0.217656,-1.353588,0,0,0,0,0,0,0,0,0,0,0,0.00435312,435.908603686968,0.0043436725803775,437.80616614785
8027,8990,135.4667,8496.985,4.51588,0.217814,-1.35429,0,0,0,0,0,0,0,0,0,0,0,0.00435628,436.230758899917,0.00434681887919018,438.131102230298
8028,8990,135.5333,8503.25,4.51816,0.217972,-1.354381,0,0,0,0,0,0,0,0,0,0,0,0.00435944,436.552400718104,0.00434996516810347,438.455524715891
8029,8990,135.6,8509.51,4.5204,0.21817,-1.357883,0,0,0,0,0,0,0,0,0,0,0,0.0043634,436.87378583891,0.00435390797188014,438.78004091604
8030,8990,135.6667,8515.89,4.52258,0.218356,-1.361921,0,0,0,0,0,0,0,0,0,0,0,0.00436712,437.201331696857,0.00435761180369133,439.110642376537
8031,8990,135.7333,8522.23,4.52484,0.218496,-1.346728,0,0,0,0,0,0,0,0,0,0,0,0.00436992,437.526823975756,0.0043603996250381,439.438781194384
8032,8990,135.8,8528.545,4.52708,0.218664,-1.342309,0,0,0,0,0,0,0,0,0,0,0,0.00437328,437.851032767752,0.0043637450003952,439.765877932334
8033,8990,135.8667,8534.755,4.52928,0.21885,-1.350243,0,0,0,0,0,0,0,0,0,0,0,0.004377,438.169850914749,0.00436744879577194,440.087720352203
8034,8990,135.9333,8540.905,4.53154,0.219023,-1.353584,0,0,0,0,0,0,0,0,0,0,0,0.00438046,438.485588693177,0.00437089371141631,440.406357275024
8035,8990,136,8547.165,4.53374,0.219178,-1.349206,0,0,0,0,0,0,0,0,0,0,0,0.00438356,438.806973813984,0.00437398018645188,440.730510512116
8036,8990,136.0667,8553.11,4.53594,0.219358,-1.35211,0,0,0,0,0,0,0,0,0,0,0,0.00438716,439.112186999797,0.00437756446808667,441.038642422115
8037,8990,136.1333,8559.345,4.53818,0.219514,-1.344666,0,0,0,0,0,0,0,0,0,0,0,0.00439028,439.432288633699,0.0043806708351115,441.361519421842
8038,8990,136.2,8565.475,4.5404,0.219677,-1.347098,0,0,0,0,0,0,0,0,0,0,0,0.00439354,439.746999622604,0.00438391658009162,441.679045655325
8039,8990,136.2667,8571.525,4.54264,0.219844,-1.356072,0,0,0,0,0,0,0,0,0,0,0,0.00439688,440.057603453415,0.00438724196432969,441.992483928887
8040,8990,136.3333,8577.86,4.54488,0.220018,-1.354754,0,0,0,0,0,0,0,0,0,0,0,0.00440036,440.382839034933,0.00439070672416772,442.320682064509
8041,8990,136.4,8584.38,4.54704,0.220198,-1.347981,0,0,0,0,0,0,0,0,0,0,0,0.00440396,440.717572419543,0.00439429094585051,442.658474979776
8042,8990,136.4667,8590.12,4.5493,0.220364,-1.359534,0,0,0,0,0,0,0,0,0,0,0,0.00440728,441.012261012742,0.00439759638334876,442.955925530459
8043,8990,136.5333,8596.58,4.55156,0.220554,-1.368461,0,0,0,0,0,0,0,0,0,0,0,0.00441108,441.343914028782,0.00440137970201577,443.290717341076
8044,8990,136.6,8603.235,4.5537,0.220702,-1.362551,0,0,0,0,0,0,0,0,0,0,0,0.00441404,441.685578242674,0.0044043266982182,443.63519605246
8045,8990,136.6667,8609.155,4.55592,0.220875,-1.360987,0,0,0,0,0,0,0,0,0,0,0,0.0044175,441.989507941584,0.00440777148682409,443.941996592916
8046,8990,136.7333,8615.115,4.55818,0.221028,-1.36135,0,0,0,0,0,0,0,0,0,0,0,0.00442056,442.29549121954,0.0044108180240846,444.250684976205
8047,8990,136.8,8621.925,4.56038,0.221244,-1.35922,0,0,0,0,0,0,0,0,0,0,0,0.00442488,442.645113052238,0.00441511900206322,444.60376456008
8048,8990,136.8667,8628.245,4.56262,0.221417,-1.35145,0,0,0,0,0,0,0,0,0,0,0,0.00442834,442.969578541614,0.00441856375349217,444.931198445053
8049,8990,136.9333,8634.42,4.56488,0.22158,-1.357769,0,0,0,0,0,0,0,0,0,0,0,0.0044316,443.286599806946,0.00442180937548407,445.25106870265
8050,8990,137,8641.215,4.5671,0.221748,-1.362084,0,0,0,0,0,0,0,0,0,0,0,0.00443496,443.635451547502,0.00442515454540915,445.602957029697
8051,8990,137.0667,8647.48,4.56934,0.221939,-1.361717,0,0,0,0,0,0,0,0,0,0,0,0.00443878,443.957093365689,0.00442895767143349,445.927721232578
8052,8990,137.1333,8653.685,4.57156,0.222081,-1.368541,0,0,0,0,0,0,0,0,0,0,0,0.00444162,444.275654815306,0.00443178511700949,446.248958449246
8053,8990,137.2,8660.195,4.57374,0.222272,-1.369539,0,0,0,0,0,0,0,0,0,0,0,0.00444544,444.609874805154,0.00443558821781706,446.586361327007
8054,8990,137.2667,8666,4.57596,0.222427,-1.367595,0,0,0,0,0,0,0,0,0,0,0,0.00444854,444.907900464304,0.00443867449318141,446.887091055835
8055,8990,137.3333,8671.81,4.57818,0.222585,-1.358005,0,0,0,0,0,0,0,0,0,0,0,0.0044517,445.206182820835,0.00444182049310413,447.188107184898
8056,8990,137.4,8678.355,4.58038,0.222761,-1.350512,0,0,0,0,0,0,0,0,0,0,0,0.00445522,445.542199692349,0.00444532488642878,447.527188211262
8057,8990,137.4667,8684.375,4.58268,0.222921,-1.352362,0,0,0,0,0,0,0,0,0,0,0,0.00445842,445.851263338875,0.00444851068788501,447.83905552837
8058,8990,137.5333,8690.69,4.5849,0.223099,-1.355011,0,0,0,0,0,0,0,0,0,0,0,0.00446198,446.17547213087,0.00445205488007911,448.166298164009
8059,8990,137.6,8697.635,4.58708,0.223295,-1.35161,0,0,0,0,0,0,0,0,0,0,0,0.0044659,446.532024792851,0.00445595745920001,448.526192162373
8060,8990,137.6667,8703.58,4.58934,0.223448,-1.353345,0,0,0,0,0,0,0,0,0,0,0,0.00446896,446.837237978664,0.00445900384966392,448.834135721701
8061,8990,137.7333,8709.73,4.59158,0.223608,-1.357003,0,0,0,0,0,0,0,0,0,0,0,0.00447216,447.152975757092,0.00446218960754205,449.152715409154
8062,8990,137.8,8716.44,4.59372,0.223809,-1.36265,0,0,0,0,0,0,0,0,0,0,0,0.00447618,447.497463642174,0.00446619170149336,449.500542838979
8063,8990,137.8667,8722.375,4.59594,0.224,-1.368227,0,0,0,0,0,0,0,0,0,0,0,0.00448,447.802163433225,0.00446999467145172,449.808317125406
8064,8990,137.9333,8728.1,4.59822,0.224127,-1.370669,0,0,0,0,0,0,0,0,0,0,0,0.00448254,448.096081934282,0.00447252333980597,450.104690545396
8065,8990,138,8734.78,4.60042,0.224295,-1.374019,0,0,0,0,0,0,0,0,0,0,0,0.0044859,448.439029635079,0.00447586834008881,450.450682278119
8066,8990,138.0667,8741.22,4.6027,0.224488,-1.367039,0,0,0,0,0,0,0,0,0,0,0,0.00448976,448.769655861595,0.00447971109446054,450.784523911696
8067,8990,138.1333,8747.485,4.60488,0.224674,-1.367404,0,0,0,0,0,0,0,0,0,0,0,0.00449348,449.091297679782,0.0044834144603483,451.10928044408
8068,8990,138.2,8753.89,4.6071,0.22485,-1.361277,0,0,0,0,0,0,0,0,0,0,0,0.004497,449.420127024632,0.0044869187079144,451.441169335862
8069,8990,138.2667,8760.11,4.60938,0.225028,-1.35156,0,0,0,0,0,0,0,0,0,0,0,0.00450056,449.739458566392,0.00449046276398595,451.763537984038
8070,8990,138.3333,8766.365,4.61156,0.22517,-1.346443,0,0,0,0,0,0,0,0,0,0,0,0.0045034,450.060586989817,0.00449329003566524,452.087389837267
8071,8990,138.4,8772.68,4.61374,0.22531,-1.351638,0,0,0,0,0,0,0,0,0,0,0,0.0045062,450.384795781813,0.00449607747879152,452.414319748565
8072,8990,138.4667,8778.63,4.61604,0.225506,-1.354849,0,0,0,0,0,0,0,0,0,0,0,0.00451012,450.690265665007,0.00449997988611486,452.722932845988
8073,8990,138.5333,8784.815,4.61822,0.225697,-1.356081,0,0,0,0,0,0,0,0,0,0,0,0.00451394,451.007800325101,0.00450378272758019,453.0436224753
8074,8990,138.6,8791.24,4.62044,0.225883,-1.356865,0,0,0,0,0,0,0,0,0,0,0,0.00451766,451.337656459474,0.00450748600432312,453.376646536555
8075,8990,138.6667,8797.505,4.62272,0.226035,-1.363399,0,0,0,0,0,0,0,0,0,0,0,0.0045207,451.659298277661,0.00451051232782244,453.701114467385
8076,8990,138.7333,8803.975,4.6249,0.226196,-1.362684,0,0,0,0,0,0,0,0,0,0,0,0.00452392,451.991464688463,0.0045137178315409,454.036237915396
8077,8990,138.8,8810.335,4.62712,0.226382,-1.358448,0,0,0,0,0,0,0,0,0,0,0,0.00452764,452.317983756886,0.00451742107149164,454.365916752863
8078,8990,138.8667,8816.595,4.62938,0.226575,-1.356365,0,0,0,0,0,0,0,0,0,0,0,0.0045315,452.639368877692,0.00452126366618983,454.690504177761
8079,8990,138.9333,8822.91,4.63154,0.226758,-1.349134,0,0,0,0,0,0,0,0,0,0,0,0.00453516,452.963577669687,0.00452490714907973,455.017839968592
8080,8990,139,8829.15,4.63377,0.226911,-1.35435,0,0,0,0,0,0,0,0,0,0,0,0.00453822,453.28393600097,0.0045279533295033,455.341038225008
8081,8990,139.0667,8835.27,4.63604,0.227053,-1.361588,0,0,0,0,0,0,0,0,0,0,0,0.00454106,453.598133595113,0.00453078049518892,455.657949935656
8082,8990,139.1333,8841.54,4.63821,0.227219,-1.357917,0,0,0,0,0,0,0,0,0,0,0,0.00454438,453.920032110681,0.00453408548156126,455.982817226204
8083,8990,139.2,8847.74,4.64047,0.227422,-1.359152,0,0,0,0,0,0,0,0,0,0,0,0.00454844,454.238336862917,0.0045381271066764,456.304412683838
8084,8990,139.2667,8853.965,4.64274,0.227611,-1.355481,0,0,0,0,0,0,0,0,0,0,0,0.00455222,454.557925102057,0.0045418899843414,456.627172779866
8085,8990,139.3333,8860.545,4.64487,0.227799,-1.356213,0,0,0,0,0,0,0,0,0,0,0,0.00455598,454.895738855237,0.00454563293855343,456.968234743547
8086,8990,139.4,8866.515,4.64713,0.227954,-1.358173,0,0,0,0,0,0,0,0,0,0,0,0.00455908,455.202235527955,0.00454871887430868,457.277538935906
8087,8990,139.4667,8872.67,4.64944,0.22812,-1.356711,0,0,0,0,0,0,0,0,0,0,0,0.0045624,455.518230003763,0.00455202380139555,457.596486376333
8088,8990,139.5333,8879.595,4.65157,0.228305,-1.365584,0,0,0,0,0,0,0,0,0,0,0,0.0045661,455.873755876221,0.00455570699040008,457.955321032927
8089,8990,139.6,8885.64,4.65377,0.22846,-1.367296,0,0,0,0,0,0,0,0,0,0,0,0.0045692,456.184103009651,0.00455879289506766,458.268499413123
8090,8990,139.6667,8891.455,4.65607,0.228636,-1.368043,0,0,0,0,0,0,0,0,0,0,0,0.00457272,456.482642063563,0.0045622968784997,458.57000937058
8091,8990,139.7333,8898.18,4.65823,0.228809,-1.371425,0,0,0,0,0,0,0,0,0,0,0,0.00457618,456.827900040787,0.00456574112297541,458.918426740395
8092,8990,139.8,8904.625,4.66045,0.228974,-1.365043,0,0,0,0,0,0,0,0,0,0,0,0.00457948,457.158782964684,0.00456902608497796,459.252332468095
8093,8990,139.8667,8910.68,4.66277,0.229163,-1.354137,0,0,0,0,0,0,0,0,0,0,0,0.00458326,457.469643492876,0.00457278884637567,459.566345811111
8094,8990,139.9333,8917.595,4.66495,0.229341,-1.352168,0,0,0,0,0,0,0,0,0,0,0,0.00458682,457.824655970571,0.00457633259813225,459.92461525907
8095,8990,140,8923.99,4.66715,0.229524,-1.349819,0,0,0,0,0,0,0,0,0,0,0,0.00459048,458.15297192066,0.0045799758803851,460.256113975203
8096,8990,140.0667,8930.005,4.66945,0.229689,-1.356154,0,0,0,0,0,0,0,0,0,0,0,0.00459378,458.461778869806,0.0045832607956272,460.567851420342
8097,8990,140.1333,8936.82,4.67159,0.22987,-1.357737,0,0,0,0,0,0,0,0,0,0,0,0.0045974,458.811657399884,0.00458686423569405,460.920998113615
8098,8990,140.2,8942.895,4.67375,0.230043,-1.350386,0,0,0,0,0,0,0,0,0,0,0,0.00460086,459.1235447176,0.00459030839555518,461.235907869549
8099,8990,140.2667,8948.57,4.67609,0.230178,-1.351682,0,0,0,0,0,0,0,0,0,0,0,0.00460356,459.414896244848,0.00459299602651313,461.529840284605
8100,8990,140.3333,8955.305,4.67827,0.230377,-1.355567,0,0,0,0,0,0,0,0,0,0,0,0.00460754,459.760667616834,0.00459695778045727,461.879033283305
8101,8990,140.4,8961.775,4.68049,0.230552,-1.354461,0,0,0,0,0,0,0,0,0,0,0,0.00461104,460.092834027635,0.00460044172196037,462.21434048905
8102,8990,140.4667,8967.9,4.68281,0.230718,-1.357841,0,0,0,0,0,0,0,0,0,0,0,0.00461436,460.407288319159,0.0046037464781117,462.531773294087
8103,8990,140.5333,8974.815,4.68497,0.230893,-1.366169,0,0,0,0,0,0,0,0,0,0,0,0.00461786,460.762300796854,0.00460723039596372,462.890036595212
8104,8990,140.6,8981.07,4.68713,0.231051,-1.367049,0,0,0,0,0,0,0,0,0,0,0,0.00462102,461.08342922028,0.00461037586565532,463.214104968375
8105,8990,140.6667,8986.86,4.68945,0.231229,-1.365537,0,0,0,0,0,0,0,0,0,0,0,0.00462458,461.380684787287,0.00461391948421535,463.514376674541
8106,8990,140.7333,8993.57,4.69163,0.231435,-1.365664,0,0,0,0,0,0,0,0,0,0,0,0.0046287,461.725172672369,0.00461802051024434,463.862359979117
8107,8990,140.8,8999.825,4.69375,0.231618,-1.372825,0,0,0,0,0,0,0,0,0,0,0,0.00463236,462.046301095794,0.00462166364061981,464.186665899138
8108,8990,140.8667,9005.585,4.69609,0.231753,-1.376933,0,0,0,0,0,0,0,0,0,0,0,0.00463506,462.342016478517,0.00462435118730786,464.484999465416
8109,8990,140.9333,9012.37,4.69833,0.231944,-1.374313,0,0,0,0,0,0,0,0,0,0,0,0.00463888,462.690354824311,0.00462815355583894,464.836719857498
8110,8990,141,9019.12,4.70051,0.232135,-1.371149,0,0,0,0,0,0,0,0,0,0,0,0.0046427,463.036896288439,0.00463195590991228,465.186637686837
8111,8990,141.0667,9025.13,4.70275,0.232288,-1.372022,0,0,0,0,0,0,0,0,0,0,0,0.00464576,463.345446540203,0.00463500176426418,465.498038281922
8112,8990,141.1333,9031.54,4.70499,0.232481,-1.369605,0,0,0,0,0,0,0,0,0,0,0,0.00464962,463.674532582435,0.00463884390717486,465.830442962621
8113,8990,141.2,9038.09,4.70723,0.232659,-1.367066,0,0,0,0,0,0,0,0,0,0,0,0.00465318,464.010806151329,0.00464238742485684,466.169931954296
8114,8990,141.2667,9044.365,4.70939,0.232814,-1.367162,0,0,0,0,0,0,0,0,0,0,0,0.00465628,464.332961364278,0.00464547306204887,466.495025645619
8115,8990,141.3333,9050.49,4.71161,0.232987,-1.373578,0,0,0,0,0,0,0,0,0,0,0,0.00465974,464.647415655802,0.00464891702005787,466.81255180443
8116,8990,141.4,9056.53,4.71387,0.233183,-1.371719,0,0,0,0,0,0,0,0,0,0,0,0.00466366,464.957506091851,0.00465281883098603,467.125909814711
8117,8990,141.4667,9062.665,4.71605,0.233356,-1.370934,0,0,0,0,0,0,0,0,0,0,0,0.00466712,465.272473778136,0.00465626276369665,467.443956245956
8118,8990,141.5333,9069.075,4.71829,0.233524,-1.378857,0,0,0,0,0,0,0,0,0,0,0,0.00467048,465.601559820368,0.00465960714942856,467.776142593477
8119,8990,141.6,9075.19,4.72057,0.233672,-1.371067,0,0,0,0,0,0,0,0,0,0,0,0.00467344,465.91550071713,0.00466255338473505,468.092928854801
8120,8990,141.6667,9081.57,4.72275,0.233852,-1.371786,0,0,0,0,0,0,0,0,0,0,0,0.00467704,466.243046575076,0.00466613663219331,468.423683953629
8121,8990,141.7333,9087.74,4.72499,0.234031,-1.371432,0,0,0,0,0,0,0,0,0,0,0,0.00468062,466.559811143027,0.00466969995998833,468.743600326259
8122,8990,141.8,9094.075,4.72725,0.234211,-1.375409,0,0,0,0,0,0,0,0,0,0,0,0.00468422,466.885046724546,0.00467328318183856,469.072038998114
8123,8990,141.8667,9100.46,4.72941,0.234379,-1.375958,0,0,0,0,0,0,0,0,0,0,0,0.00468758,467.212849279873,0.0046766275106482,469.4029468879
8124,8990,141.9333,9106.815,4.73163,0.234555,-1.380803,0,0,0,0,0,0,0,0,0,0,0,0.0046911,467.539111650915,0.00468013108121475,469.732384377581
8125,8990,142,9113.095,4.73391,0.234753,-1.379887,0,0,0,0,0,0,0,0,0,0,0,0.00469506,467.861523561244,0.00468407258342945,470.058161486056
8126,8990,142.0667,9119.485,4.73605,0.234934,-1.37297,0,0,0,0,0,0,0,0,0,0,0,0.00469868,468.189582813952,0.00468767566024603,470.389455842929
8127,8990,142.1333,9125.575,4.73833,0.235092,-1.373412,0,0,0,0,0,0,0,0,0,0,0,0.00470184,468.50224022381,0.00469082087691007,470.705062796984
8128,8990,142.2,9131.895,4.74061,0.235277,-1.363572,0,0,0,0,0,0,0,0,0,0,0,0.00470554,468.826705713186,0.00469450355473516,471.032788529988
8129,8990,142.2667,9138.58,4.74271,0.235435,-1.362958,0,0,0,0,0,0,0,0,0,0,0,0.0047087,469.169910111364,0.00469764874992387,471.379090467105
8130,8990,142.3333,9144.6,4.74497,0.235606,-1.369175,0,0,0,0,0,0,0,0,0,0,0,0.00471212,469.47897375789,0.00470105271584883,471.691215019714
8131,8990,142.4,9150.52,4.74731,0.235763,-1.359803,0,0,0,0,0,0,0,0,0,0,0,0.00471526,469.782903456799,0.00470417798430219,471.998051990153
8132,8990,142.4667,9157.33,4.74941,0.235962,-1.367371,0,0,0,0,0,0,0,0,0,0,0,0.00471924,470.132525289497,0.00470813929779613,472.351193508144
8133,8990,142.5333,9163.49,4.75159,0.23615,-1.371479,0,0,0,0,0,0,0,0,0,0,0,0.004723,470.448776462687,0.0047118816297977,472.67070603392
8134,8990,142.6,9169.22,4.75393,0.236326,-1.363659,0,0,0,0,0,0,0,0,0,0,0,0.00472652,470.742951661124,0.00471538507685112,472.96792763701
8135,8990,142.6667,9175.8,4.75609,0.236499,-1.367734,0,0,0,0,0,0,0,0,0,0,0,0.00472998,471.080765414304,0.00471882879409513,473.308968013098
8136,8990,142.7333,9182.28,4.75827,0.236677,-1.372524,0,0,0,0,0,0,0,0,0,0,0,0.00473354,471.413445219867,0.00472237202836087,473.644899619353
8137,8990,142.8,9188.33,4.76061,0.236825,-1.368343,0,0,0,0,0,0,0,0,0,0,0,0.0047365,471.724049050678,0.00472531807875334,473.958370009007
8138,8990,142.8667,9195.055,4.76279,0.237008,-1.368979,0,0,0,0,0,0,0,0,0,0,0,0.00474016,472.069307027902,0.00472896081825168,474.306991074303
8139,8990,142.9333,9201.605,4.76497,0.237194,-1.371255,0,0,0,0,0,0,0,0,0,0,0,0.00474388,472.405580596797,0.00473266326119303,474.646615982478
8140,8990,143,9207.87,4.76729,0.237374,-1.367708,0,0,0,0,0,0,0,0,0,0,0,0.00474748,472.727222414984,0.00473624625743951,474.971485448854
8141,8990,143.0667,9214.68,4.76945,0.237545,-1.367979,0,0,0,0,0,0,0,0,0,0,0,0.0047509,473.076844247682,0.0047396500919824,475.324385027018
8142,8990,143.1333,9221.06,4.77159,0.237733,-1.369624,0,0,0,0,0,0,0,0,0,0,0,0.00475466,473.404390105628,0.00474339230606219,475.655267023088
8143,8990,143.2,9226.95,4.77393,0.237911,-1.365396,0,0,0,0,0,0,0,0,0,0,0,0.00475822,473.706779620252,0.00474693545329509,475.960780693177
8144,8990,143.2667,9233.485,4.77609,0.238107,-1.364723,0,0,0,0,0,0,0,0,0,0,0,0.00476214,474.042283097005,0.00475083688179313,476.299738815032
8145,8990,143.3333,9239.925,4.77829,0.238275,-1.368415,0,0,0,0,0,0,0,0,0,0,0,0.0047655,474.372909323521,0.00475418095124819,476.633533422902
8146,8990,143.4,9246.07,4.78065,0.23844,-1.369918,0,0,0,0,0,0,0,0,0,0,0,0.0047688,474.688390404568,0.00475746529429218,476.952084400729
8147,8990,143.4667,9252.88,4.78281,0.238631,-1.364091,0,0,0,0,0,0,0,0,0,0,0,0.00477262,475.038012237266,0.00476126715670923,477.30518815523
8148,8990,143.5333,9259.28,4.78499,0.238807,-1.365612,0,0,0,0,0,0,0,0,0,0,0,0.00477614,475.366584884736,0.00476477043074765,477.637002245467
8149,8990,143.6,9265.295,4.78729,0.23898,-1.352478,0,0,0,0,0,0,0,0,0,0,0,0.0047796,475.675391833881,0.00476821397792696,477.94892993669
8150,8990,143.6667,9271.915,4.78945,0.23913,-1.343519,0,0,0,0,0,0,0,0,0,0,0,0.0047826,476.015259166107,0.00477119970287738,478.291849744595
8151,8990,143.7333,9278.105,4.79159,0.239308,-1.347948,0,0,0,0,0,0,0,0,0,0,0,0.00478616,476.333050523582,0.00477474275158612,478.612856716676
8152,8990,143.8,9283.735,4.79391,0.239496,-1.346418,0,0,0,0,0,0,0,0,0,0,0,0.00478992,476.622091774403,0.004778484834344,478.905073464235
8153,8990,143.8667,9290.205,4.79615,0.239672,-1.351286,0,0,0,0,0,0,0,0,0,0,0,0.00479344,476.954258185204,0.00478198804806502,479.240509804559
8154,8990,143.9333,9296.94,4.79833,0.239848,-1.351974,0,0,0,0,0,0,0,0,0,0,0,0.00479696,477.30002955719,0.00478549124951337,479.589618706974
8155,8990,144,9303.09,4.80057,0.240038,-1.354161,0,0,0,0,0,0,0,0,0,0,0,0.00480076,477.615767335617,0.00478927310093784,479.908686006811
8156,8990,144.0667,9309.425,4.80283,0.240194,-1.354357,0,0,0,0,0,0,0,0,0,0,0,0.00480388,477.941002917136,0.00479237818930999,480.23697414223
8157,8990,144.1333,9315.88,4.80505,0.240379,-1.357069,0,0,0,0,0,0,0,0,0,0,0,0.00480758,478.272399235795,0.00479606049315189,480.571732056913
8158,8990,144.2,9322.27,4.80725,0.24056,-1.345011,0,0,0,0,0,0,0,0,0,0,0,0.0048112,478.600458488503,0.00479966316649075,480.903101014383
8159,8990,144.2667,9328.59,4.80947,0.240751,-1.34473,0,0,0,0,0,0,0,0,0,0,0,0.00481502,478.924923977879,0.00480346486848076,481.230957065331
8160,8990,144.3333,9334.615,4.81169,0.240924,-1.351732,0,0,0,0,0,0,0,0,0,0,0,0.00481848,479.234244321786,0.00480690828241676,481.543424943366
8161,8990,144.4,9340.775,4.81391,0.241074,-1.347991,0,0,0,0,0,0,0,0,0,0,0,0.00482148,479.550495494975,0.00480989389183903,481.862638617994
8162,8990,144.4667,9347.31,4.81617,0.241252,-1.343806,0,0,0,0,0,0,0,0,0,0,0,0.00482504,479.885998971728,0.00481343680345528,482.201468112206
8163,8990,144.5333,9353.55,4.81841,0.24144,-1.344086,0,0,0,0,0,0,0,0,0,0,0,0.0048288,480.20635730301,0.0048171787414201,482.525177761155
8164,8990,144.6,9359.945,4.82059,0.241634,-1.350986,0,0,0,0,0,0,0,0,0,0,0,0.00483268,480.534673253099,0.00482104008825744,482.856943557836
8165,8990,144.6667,9366.265,4.82285,0.241825,-1.345356,0,0,0,0,0,0,0,0,0,0,0,0.0048365,480.859138742475,0.00482484170897979,483.184813967003
8166,8990,144.7333,9372.35,4.82507,0.241985,-1.344291,0,0,0,0,0,0,0,0,0,0,0,0.0048397,481.171539454952,0.00482802630160232,483.500265354452
8167,8990,144.8,9378.525,4.82723,0.242138,-1.350714,0,0,0,0,0,0,0,0,0,0,0,0.00484276,481.488560720284,0.00483107155881182,483.820294262598
8168,8990,144.8667,9384.73,4.82947,0.242328,-1.349924,0,0,0,0,0,0,0,0,0,0,0,0.00484656,481.807122169901,0.00483485323786259,484.142229295925
8169,8990,144.9333,9390.78,4.83173,0.242486,-1.341985,0,0,0,0,0,0,0,0,0,0,0,0.00484972,482.117726000713,0.00483799799165583,484.455861978853
8170,8990,145,9397.015,4.83389,0.242657,-1.348196,0,0,0,0,0,0,0,0,0,0,0,0.00485314,482.437827634615,0.00484140147987109,484.779165953421
8171,8990,145.0667,9403.195,4.83613,0.242853,-1.347842,0,0,0,0,0,0,0,0,0,0,0,0.00485706,482.755105597327,0.0048453025398348,485.09987611052
8172,8990,145.1333,9409.325,4.83845,0.243026,-1.348057,0,0,0,0,0,0,0,0,0,0,0,0.00486052,483.069816586232,0.00484874580970963,485.417787091146
8173,8990,145.2,9416.005,4.84056,0.243176,-1.35169,0,0,0,0,0,0,0,0,0,0,0,0.00486352,483.412764287028,0.00485173129422419,485.763851934393
8174,8990,145.2667,9422.385,4.8428,0.243351,-1.351794,0,0,0,0,0,0,0,0,0,0,0,0.00486702,483.740310144975,0.00485521434822609,486.094683909256
8175,8990,145.3333,9428.235,4.84517,0.243514,-1.338324,0,0,0,0,0,0,0,0,0,0,0,0.00487028,484.040646080552,0.00485845855332688,486.398059558345
8176,8990,145.4,9435.1,4.84727,0.24371,-1.334415,0,0,0,0,0,0,0,0,0,0,0,0.0048742,484.39309158444,0.00486235954675062,486.75412039144
8177,8990,145.4667,9441.585,4.84944,0.243911,-1.343877,0,0,0,0,0,0,0,0,0,0,0,0.00487822,484.726028087383,0.00486636003950783,487.09062829212
8178,8990,145.5333,9447.15,4.85179,0.244066,-1.337847,0,0,0,0,0,0,0,0,0,0,0,0.00488132,485.011732272253,0.00486944498568009,487.379229741228
8179,8990,145.6,9453.635,4.85396,0.244252,-1.334825,0,0,0,0,0,0,0,0,0,0,0,0.00488504,485.344668775197,0.00487314690852454,487.715596895951
8180,8990,145.6667,9460.26,4.8561,0.244438,-1.342626,0,0,0,0,0,0,0,0,0,0,0,0.00488876,485.684792804804,0.0048768488176648,488.059189192477
8181,8990,145.7333,9466.085,4.85847,0.244591,-1.344137,0,0,0,0,0,0,0,0,0,0,0,0.00489182,485.983845253478,0.00487989392620104,488.361190747366
8182,8990,145.8,9472.6,4.86065,0.244766,-1.346164,0,0,0,0,0,0,0,0,0,0,0,0.00489532,486.318321940707,0.00488337688211231,488.699005748469
8183,8990,145.8667,9479.325,4.8628,0.244962,-1.349319,0,0,0,0,0,0,0,0,0,0,0,0.00489924,486.663579917931,0.00488727777833143,489.047861595208
8184,8990,145.9333,9485.17,4.86517,0.245125,-1.347766,0,0,0,0,0,0,0,0,0,0,0,0.0049025,486.963659156127,0.00489052187941371,489.35099849514
8185,8990,146,9491.57,4.86734,0.245306,-1.348969,0,0,0,0,0,0,0,0,0,0,0,0.00490612,487.292231803597,0.00489412421245574,489.682945967893
8186,8990,146.0667,9498.085,4.86942,0.245466,-1.356347,0,0,0,0,0,0,0,0,0,0,0,0.00490932,487.626708490826,0.00489730858444971,490.020624043354
8187,8990,146.1333,9503.645,4.87178,0.245631,-1.356496,0,0,0,0,0,0,0,0,0,0,0,0.00491262,487.912155978315,0.00490059245744786,490.309082994017
8188,8990,146.2,9509.845,4.87394,0.24581,-1.361231,0,0,0,0,0,0,0,0,0,0,0,0.0049162,488.230460730551,0.00490415494989934,490.630699321595
8189,8990,146.2667,9516.285,4.8761,0.245985,-1.359828,0,0,0,0,0,0,0,0,0,0,0,0.0049197,488.561086957067,0.00490763782131193,490.96466093657
8190,8990,146.3333,9522.115,4.87851,0.246148,-1.35452,0,0,0,0,0,0,0,0,0,0,0,0.00492296,488.860396103122,0.00491088185634495,491.267036278722
8191,8990,146.4,9528.825,4.8807,0.246346,-1.350686,0,0,0,0,0,0,0,0,0,0,0,0.00492692,489.204883988203,0.00491482244916168,491.615157315222
8192,8990,146.4667,9535.505,4.88282,0.246555,-1.345708,0,0,0,0,0,0,0,0,0,0,0,0.0049311,489.547831689,0.0049189819469556,491.961841001841
8193,8990,146.5333,9541.39,4.88518,0.246693,-1.34753,0,0,0,0,0,0,0,0,0,0,0,0.00493386,489.849964506243,0.00492172840013012,492.266815652122
8194,8990,146.6,9547.815,4.88734,0.246858,-1.346898,0,0,0,0,0,0,0,0,0,0,0,0.00493716,490.179820640617,0.00492501219293804,492.599916843891
8195,8990,146.6667,9554.43,4.88942,0.247046,-1.359259,0,0,0,0,0,0,0,0,0,0,0,0.00494092,490.519431275462,0.00492875371341852,492.94304854384
8196,8990,146.7333,9559.935,4.89176,0.247201,-1.364092,0,0,0,0,0,0,0,0,0,0,0,0.00494402,490.802055091762,0.00493183846711595,493.228590268177
8197,8990,146.8,9566.07,4.89404,0.247392,-1.353706,0,0,0,0,0,0,0,0,0,0,0,0.00494784,491.117022778048,0.00493563966664925,493.54699122803
8198,8990,146.8667,9572.99,4.89618,0.247578,-1.342135,0,0,0,0,0,0,0,0,0,0,0,0.00495156,491.472291953124,0.00493934134445466,493.905846495068
8199,8990,146.9333,9579.32,4.89846,0.247743,-1.335528,0,0,0,0,0,0,0,0,0,0,0,0.00495486,491.797270837262,0.0049426250794257,494.234057462643
8200,8990,147,9585.47,4.90072,0.247922,-1.337717,0,0,0,0,0,0,0,0,0,0,0,0.00495844,492.11300861569,0.00494618742213969,494.55312144213
8201,8990,147.0667,9591.995,4.90288,0.248097,-1.346382,0,0,0,0,0,0,0,0,0,0,0,0.00496194,492.447998697681,0.00494967014716191,494.891496120339
8202,8990,147.1333,9598.175,4.90508,0.248285,-1.34452,0,0,0,0,0,0,0,0,0,0,0,0.0049657,492.765276660393,0.00495341157538569,495.212201194706
8203,8990,147.2,9604.35,4.90734,0.248464,-1.346249,0,0,0,0,0,0,0,0,0,0,0,0.00496928,493.082297925725,0.00495697387967476,495.532561927162
8204,8990,147.2667,9610.54,4.9095,0.248626,-1.355698,0,0,0,0,0,0,0,0,0,0,0,0.00497252,493.4000892832,0.00496019785362252,495.853531095162
8205,8990,147.3333,9616.72,4.91174,0.248794,-1.35139,0,0,0,0,0,0,0,0,0,0,0,0.00497588,493.717367245913,0.0049635412230344,496.174045619244
8206,8990,147.4,9623.15,4.91404,0.248983,-1.355339,0,0,0,0,0,0,0,0,0,0,0,0.00497966,494.047480077667,0.00496730250026158,496.507668552311
8207,8990,147.4667,9629.52,4.91624,0.249163,-1.356689,0,0,0,0,0,0,0,0,0,0,0,0.00498326,494.374512540852,0.00497088465589646,496.838109274216
8208,8990,147.5333,9635.91,4.91844,0.249336,-1.351662,0,0,0,0,0,0,0,0,0,0,0,0.00498672,494.70257179356,0.00497432749338607,497.169515002374
8209,8990,147.6,9642.205,4.92072,0.249497,-1.346113,0,0,0,0,0,0,0,0,0,0,0,0.00498994,495.025753796032,0.0049775315106904,497.495902605929
8210,8990,147.6667,9648.405,4.92292,0.249659,-1.363253,0,0,0,0,0,0,0,0,0,0,0,0.00499318,495.344058548268,0.0049807554183619,497.81740059453
8211,8990,147.7333,9654.76,4.9251,0.24984,-1.35666,0,0,0,0,0,0,0,0,0,0,0,0.0049968,495.67032091931,0.00498435742636791,498.14708637888
8212,8990,147.8,9660.895,4.92736,0.250036,-1.351774,0,0,0,0,0,0,0,0,0,0,0,0.00500072,495.985288605595,0.00498825792869285,498.465572158031
8213,8990,147.8667,9666.93,4.92958,0.250194,-1.355282,0,0,0,0,0,0,0,0,0,0,0,0.00500388,496.295122344264,0.00499140220010409,498.77852358106
8214,8990,147.9333,9673.315,4.93176,0.250408,-1.344839,0,0,0,0,0,0,0,0,0,0,0,0.00500816,496.622924899591,0.00499566088106201,499.110091967156
8215,8990,148,9679.71,4.934,0.250563,-1.348004,0,0,0,0,0,0,0,0,0,0,0,0.00501126,496.95124084968,0.00499874542837453,499.4415927249
8216,8990,148.0667,9685.675,4.9363,0.250733,-1.356782,0,0,0,0,0,0,0,0,0,0,0,0.00501466,497.257480825017,0.00500212846932556,499.751058023811
8217,8990,148.1333,9692.21,4.93844,0.250899,-1.356034,0,0,0,0,0,0,0,0,0,0,0,0.00501798,497.592984301769,0.00500543189826891,500.089895945135
8218,8990,148.2,9698.62,4.94066,0.251087,-1.35309,0,0,0,0,0,0,0,0,0,0,0,0.00502174,497.922070344,0.00500917311787031,500.42250552153
8219,8990,148.2667,9704.38,4.94298,0.251265,-1.343758,0,0,0,0,0,0,0,0,0,0,0,0.0050253,498.217785726723,0.00501271532352924,500.721479565335
8220,8990,148.3333,9711.02,4.94512,0.251448,-1.344803,0,0,0,0,0,0,0,0,0,0,0,0.00502896,498.558679848473,0.0050163570162664,501.065911507083
8221,8990,148.4,9717.54,4.94728,0.251637,-1.34881,0,0,0,0,0,0,0,0,0,0,0,0.00503274,498.893413233082,0.00502011809484436,501.404214069597
8222,8990,148.4667,9723.15,4.94962,0.251805,-1.352169,0,0,0,0,0,0,0,0,0,0,0,0.0050361,499.18142769438,0.00502346126392707,501.695355282391
8223,8990,148.5333,9729.475,4.9518,0.251978,-1.352033,0,0,0,0,0,0,0,0,0,0,0,0.00503956,499.506149881137,0.00502690392040882,502.023441093832
8224,8990,148.6,9736.33,4.95396,0.252196,-1.345906,0,0,0,0,0,0,0,0,0,0,0,0.00504392,499.858081990262,0.00503124204869407,502.379326167175
8225,8990,148.6667,9742.15,4.9563,0.252352,-1.342659,0,0,0,0,0,0,0,0,0,0,0,0.00504704,500.156877741555,0.00503434638582309,502.681189509792
8226,8990,148.7333,9748.5,4.95848,0.252515,-1.347204,0,0,0,0,0,0,0,0,0,0,0,0.0050503,500.482883415216,0.0050375900098358,503.010472121328
8227,8990,148.8,9755.285,4.96068,0.252685,-1.351443,0,0,0,0,0,0,0,0,0,0,0,0.0050537,500.83122176101,0.00504097291937679,503.362272506424
8228,8990,148.8667,9761.355,4.96302,0.252853,-1.341396,0,0,0,0,0,0,0,0,0,0,0,0.00505706,501.142852381345,0.00504431601873914,503.677161854408
8229,8990,148.9333,9767.79,4.96516,0.253059,-1.350722,0,0,0,0,0,0,0,0,0,0,0,0.00506118,501.47322191048,0.00504841528008414,504.011268151749
8230,8990,149,9774.27,4.9673,0.25324,-1.351297,0,0,0,0,0,0,0,0,0,0,0,0.0050648,501.805901716043,0.00505201704438748,504.347448247055
8231,8990,149.0667,9779.915,4.96964,0.25339,-1.350329,0,0,0,0,0,0,0,0,0,0,0,0.0050678,502.095713059007,0.00505500192210149,504.640233713647
8232,8990,149.1333,9786.05,4.97182,0.253555,-1.351655,0,0,0,0,0,0,0,0,0,0,0,0.0050711,502.410680745292,0.00505828527729665,504.958455548419
8233,8990,149.2,9792.755,4.97398,0.253749,-1.351773,0,0,0,0,0,0,0,0,0,0,0,0.00507498,502.754911932992,0.00506214569325206,505.306383055954
8234,8990,149.2667,9798.72,4.97634,0.253932,-1.357241,0,0,0,0,0,0,0,0,0,0,0,0.00507864,503.061151908329,0.00506578720598377,505.616018396857
8235,8990,149.3333,9805.16,4.9785,0.254113,-1.355325,0,0,0,0,0,0,0,0,0,0,0,0.00508226,503.391778134846,0.00506938890771818,505.950146033189
8236,8990,149.4,9811.81,4.98066,0.254296,-1.340534,0,0,0,0,0,0,0,0,0,0,0,0.00508592,503.733185651357,0.00507303039407378,506.295132334925
8237,8990,149.4667,9817.795,4.98298,0.254479,-1.333703,0,0,0,0,0,0,0,0,0,0,0,0.00508958,504.040452416217,0.005076671867169,506.605806622026
8238,8990,149.5333,9824.165,4.98518,0.254665,-1.339388,0,0,0,0,0,0,0,0,0,0,0,0.0050933,504.367484879402,0.00508037302295643,506.936379790138
8239,8990,149.6,9830.845,4.98728,0.254822,-1.339856,0,0,0,0,0,0,0,0,0,0,0,0.00509644,504.710432580198,0.00508349710615866,507.282659017217
8240,8990,149.6667,9836.605,4.98958,0.254995,-1.340116,0,0,0,0,0,0,0,0,0,0,0,0.0050999,505.006147962921,0.0050869395559644,507.581628816917
8241,8990,149.7333,9842.71,4.99184,0.255179,-1.347299,0,0,0,0,0,0,0,0,0,0,0,0.00510358,505.319575464921,0.00509060087685721,507.898514343872
8242,8990,149.8,9849.505,4.99402,0.25538,-1.352654,0,0,0,0,0,0,0,0,0,0,0,0.0051076,505.668427205477,0.00509460045664266,508.251179264272
8243,8990,149.8667,9856.005,4.9963,0.255553,-1.353515,0,0,0,0,0,0,0,0,0,0,0,0.00511106,506.002133800563,0.00509804286822573,508.588341066546
8244,8990,149.9333,9862.495,4.99856,0.255749,-1.348007,0,0,0,0,0,0,0,0,0,0,0,0.00511498,506.335327000888,0.00510194292714663,508.925222071791
8245,8990,150,9868.92,5.00072,0.255932,-1.353791,0,0,0,0,0,0,0,0,0,0,0,0.00511864,506.665183135262,0.00510558429495936,509.258619808265
8246,8990,150.0667,9875.125,5.00296,0.25613,-1.360796,0,0,0,0,0,0,0,0,0,0,0,0.0051226,506.983744584879,0.00510952412060926,509.580819514889
8247,8990,150.1333,9881.3,5.00518,0.256291,-1.354602,0,0,0,0,0,0,0,0,0,0,0,0.00512582,507.300765850211,0.00511272770477123,509.901098261821
8248,8990,150.2,9887.52,5.00734,0.256428,-1.353346,0,0,0,0,0,0,0,0,0,0,0,0.00512856,507.62009739197,0.00511545372793254,510.223457518651
8249,8990,150.2667,9893.595,5.00962,0.256611,-1.349689,0,0,0,0,0,0,0,0,0,0,0,0.00513222,507.931984709685,0.00511909504654789,510.538803400252
8250,8990,150.3333,9899.95,5.01186,0.256792,-1.351328,0,0,0,0,0,0,0,0,0,0,0,0.00513584,508.258247080727,0.00512269655628882,510.868580116414
8251,8990,150.4,9906.28,5.01404,0.256957,-1.355884,0,0,0,0,0,0,0,0,0,0,0,0.00513914,508.583225964865,0.00512597968922634,511.19690636475
8252,8990,150.4667,9912.6,5.0163,0.257151,-1.355316,0,0,0,0,0,0,0,0,0,0,0,0.00514302,508.907691454242,0.00512983984386251,511.525013889545
8253,8990,150.5333,9919.055,5.01854,0.257321,-1.349015,0,0,0,0,0,0,0,0,0,0,0,0.00514642,509.2390877729,0.00513322244134557,511.859845998997
8254,8990,150.6,9925.245,5.02072,0.257497,-1.348003,0,0,0,0,0,0,0,0,0,0,0,0.00514994,509.556879130375,0.0051367244125673,512.181066484483
8255,8990,150.6667,9931.48,5.02296,0.257698,-1.351721,0,0,0,0,0,0,0,0,0,0,0,0.00515396,509.876980764277,0.0051407238078826,512.504866328057
8256,8990,150.7333,9937.835,5.02518,0.257858,-1.354353,0,0,0,0,0,0,0,0,0,0,0,0.00515716,510.203243135319,0.00514390739470979,512.834442892687
8257,8990,150.8,9943.88,5.02738,0.258018,-1.35108,0,0,0,0,0,0,0,0,0,0,0,0.00516036,510.513590268749,0.00514709097140179,513.148024179428
8258,8990,150.8667,9950.155,5.02962,0.258225,-1.338175,0,0,0,0,0,0,0,0,0,0,0,0.0051645,510.835745481698,0.00515120970870869,513.473956689238
8259,8990,150.9333,9956.695,5.03182,0.25841,-1.348847,0,0,0,0,0,0,0,0,0,0,0,0.0051682,511.171505655831,0.00515489069146338,513.813342231361
8260,8990,151,9962.68,5.03412,0.258566,-1.361292,0,0,0,0,0,0,0,0,0,0,0,0.00517132,511.478772420691,0.00515799464476987,514.123792826086
8261,8990,151.0667,9969.165,5.03632,0.258754,-1.359436,0,0,0,0,0,0,0,0,0,0,0,0.00517508,511.811708923635,0.00516173529364513,514.460375462252
8262,8990,151.1333,9975.835,5.03848,0.258929,-1.356503,0,0,0,0,0,0,0,0,0,0,0,0.00517858,512.15414322967,0.00516521726805538,514.806374432716
8263,8990,151.2,9981.34,5.04082,0.259092,-1.352726,0,0,0,0,0,0,0,0,0,0,0,0.00518184,512.43676704597,0.00516846046760083,515.092132382919
8264,8990,151.2667,9987.74,5.04302,0.259288,-1.349867,0,0,0,0,0,0,0,0,0,0,0,0.00518576,512.765339693439,0.00517236025189893,515.424417681408
8265,8990,151.3333,9994.68,5.04515,0.259474,-1.354281,0,0,0,0,0,0,0,0,0,0,0,0.00518948,513.121635658039,0.00517606105354633,515.784470123854
8266,8990,151.4,10000.26,5.04742,0.25965,-1.353155,0,0,0,0,0,0,0,0,0,0,0,0.005193,513.408109935052,0.00517956287475194,516.074238249944
8267,8990,151.4667,10006.35,5.04966,0.25983,-1.347637,0,0,0,0,0,0,0,0,0,0,0,0.0051966,513.72076734491,0.0051831442701194,516.390368684494
8268,8990,151.5333,10013.29,5.05183,0.260001,-1.346145,0,0,0,0,0,0,0,0,0,0,0,0.00520002,514.077063309509,0.00518654658383784,516.75027432026
8269,8990,151.6,10019.18,5.0541,0.260169,-1.348726,0,0,0,0,0,0,0,0,0,0,0,0.00520338,514.379452824134,0.0051898891965692,517.05596458137
8270,8990,151.6667,10025.34,5.05634,0.260332,-1.351607,0,0,0,0,0,0,0,0,0,0,0,0.00520664,514.695703997323,0.00519313231609957,517.375539237584
8271,8990,151.7333,10032.28,5.05854,0.260553,-1.351982,0,0,0,0,0,0,0,0,0,0,0,0.00521106,515.051999961923,0.00519752941228512,517.735966836845
8272,8990,151.8,10038.48,5.06082,0.260734,-1.352131,0,0,0,0,0,0,0,0,0,0,0,0.00521468,515.370304714159,0.0052011306395555,518.057795934746
8273,8990,151.8667,10044.58,5.06302,0.260899,-1.35665,0,0,0,0,0,0,0,0,0,0,0,0.00521798,515.683475518779,0.00520441351499402,518.374301580366
8274,8990,151.9333,10051.37,5.06515,0.261085,-1.359502,0,0,0,0,0,0,0,0,0,0,0,0.0052217,516.032070561954,0.00520811419802077,518.726635224807
8275,8990,152,10057.29,5.06743,0.26126,-1.358931,0,0,0,0,0,0,0,0,0,0,0,0.0052252,516.336000260863,0.00521159601094488,519.033959129426
8276,8990,152.0667,10063.13,5.06967,0.261426,-1.359499,0,0,0,0,0,0,0,0,0,0,0,0.00522852,516.635822801679,0.0052148987480007,519.337063533914
8277,8990,152.1333,10070.04,5.07183,0.261619,-1.354989,0,0,0,0,0,0,0,0,0,0,0,0.00523238,516.990578581994,0.00521873866351469,519.695669745555
8278,8990,152.2,10076.11,5.07414,0.26179,-1.346684,0,0,0,0,0,0,0,0,0,0,0,0.0052358,517.302209202328,0.0052221408561322,520.01070010927
8279,8990,152.2667,10082.34,5.07638,0.26198,-1.35169,0,0,0,0,0,0,0,0,0,0,0,0.0052396,517.622054138849,0.00522592105657633,520.334186653715
8280,8990,152.3333,10089.29,5.07855,0.262184,-1.351013,0,0,0,0,0,0,0,0,0,0,0,0.00524368,517.978863498211,0.00522997978219785,520.694978905159
8281,8990,152.4,10095.43,5.08083,0.262334,-1.35141,0,0,0,0,0,0,0,0,0,0,0,0.00524668,518.294087881877,0.00523296412876291,521.013411106885
8282,8990,152.4667,10101.41,5.08306,0.262494,-1.350203,0,0,0,0,0,0,0,0,0,0,0,0.00524988,518.601097949356,0.00523614742194904,521.323691481459
8283,8990,152.5333,10108.12,5.08517,0.262698,-1.347813,0,0,0,0,0,0,0,0,0,0,0,0.00525396,518.945585834438,0.00524020610606462,521.672105184589
8284,8990,152.6,10114.21,5.08741,0.262866,-1.350694,0,0,0,0,0,0,0,0,0,0,0,0.00525732,519.258243244296,0.00524354853943809,521.988149991669
8285,8990,152.6667,10119.89,5.08969,0.263039,-1.343519,0,0,0,0,0,0,0,0,0,0,0,0.00526078,519.549851468925,0.00524699043831985,522.283088936536
8286,8990,152.7333,10126.63,5.09191,0.263225,-1.339865,0,0,0,0,0,0,0,0,0,0,0,0.0052645,519.895879538291,0.00525069096378655,522.632871396121
8287,8990,152.8,10133.36,5.09417,0.263408,-1.340263,0,0,0,0,0,0,0,0,0,0,0,0.00526816,520.241394212896,0.00525433178999423,522.982109116233
8288,8990,152.8667,10139.59,5.09639,0.263581,-1.343906,0,0,0,0,0,0,0,0,0,0,0,0.00527162,520.561239149417,0.00525777365176139,523.305440188942
8289,8990,152.9333,10146.13,5.09859,0.263777,-1.352247,0,0,0,0,0,0,0,0,0,0,0,0.00527554,520.89699932355,0.00526167308777357,523.645012279361
8290,8990,153,10152.5,5.10081,0.26396,-1.355373,0,0,0,0,0,0,0,0,0,0,0,0.0052792,521.224031786735,0.00526531387399754,523.975677695343
8291,8990,153.0667,10158.54,5.10303,0.264143,-1.358801,0,0,0,0,0,0,0,0,0,0,0,0.00528286,521.534122222784,0.00526895464696623,524.28931397571
8292,8990,153.1333,10164.72,5.10521,0.264304,-1.35963,0,0,0,0,0,0,0,0,0,0,0,0.00528608,521.851400185497,0.00527215772042085,524.60994843499
8293,8990,153.2,10170.92,5.10751,0.264497,-1.350598,0,0,0,0,0,0,0,0,0,0,0,0.00528994,522.169704937733,0.00527599741607171,524.931951346672
8294,8990,153.2667,10177.26,5.10969,0.264703,-1.345503,0,0,0,0,0,0,0,0,0,0,0,0.00529406,522.495197216633,0.00528009572780607,525.26131814041
8295,8990,153.3333,10183.49,5.11193,0.264866,-1.355298,0,0,0,0,0,0,0,0,0,0,0,0.00529732,522.815042153154,0.00528333855479954,525.584560732253
8296,8990,153.4,10189.74,5.11417,0.265054,-1.352224,0,0,0,0,0,0,0,0,0,0,0,0.00530108,523.135913879198,0.00528707873483751,525.909099209545
8297,8990,153.4667,10196.18,5.11637,0.265225,-1.34814,0,0,0,0,0,0,0,0,0,0,0,0.0053045,523.466540105715,0.00529048069495749,526.243268367706
8298,8990,153.5333,10202.25,5.11857,0.265372,-1.349723,0,0,0,0,0,0,0,0,0,0,0,0.00530744,523.778170726049,0.00529340517773948,526.558091940488
8299,8990,153.6,10208.54,5.12085,0.265556,-1.354782,0,0,0,0,0,0,0,0,0,0,0,0.00531112,524.101096031141,0.00529706574277482,526.884659844293
8300,8990,153.6667,10214.99,5.12301,0.265749,-1.361755,0,0,0,0,0,0,0,0,0,0,0,0.00531498,524.432235652418,0.00530090534278805,527.219582496266
8301,8990,153.7333,10221,5.12525,0.265932,-1.362498,0,0,0,0,0,0,0,0,0,0,0,0.00531864,524.740785904183,0.00530454598617883,527.531693237724
8302,8990,153.8,10227.42,5.12751,0.26612,-1.357964,0,0,0,0,0,0,0,0,0,0,0,0.0053224,525.070385341176,0.00530828608689818,527.865019960116
8303,8990,153.8667,10234.05,5.12967,0.266288,-1.349702,0,0,0,0,0,0,0,0,0,0,0,0.00532576,525.410766068164,0.00531162829272698,528.208977709659
8304,8990,153.9333,10240.03,5.13195,0.266467,-1.347121,0,0,0,0,0,0,0,0,0,0,0,0.00532934,525.717776135643,0.0053151893211699,528.519504908714
8305,8990,154,10246.3,5.13421,0.26665,-1.347815,0,0,0,0,0,0,0,0,0,0,0,0.005333,526.039674651211,0.00531882991255828,528.845044236126
8306,8990,154.0667,10253.17,5.13635,0.266853,-1.349074,0,0,0,0,0,0,0,0,0,0,0,0.00533706,526.392376852479,0.00532286836728115,529.201764551284
8307,8990,154.1333,10258.93,5.13861,0.267009,-1.356874,0,0,0,0,0,0,0,0,0,0,0,0.00534018,526.688092235202,0.00532597179923716,529.500701451594
8308,8990,154.2,10265.02,5.14091,0.267192,-1.354189,0,0,0,0,0,0,0,0,0,0,0,0.00534384,527.00074964506,0.00532961235137144,529.816957331043
8309,8990,154.2667,10271.83,5.14303,0.267388,-1.350409,0,0,0,0,0,0,0,0,0,0,0,0.00534776,527.350371477758,0.00533351150726381,530.170514700332
8310,8990,154.3333,10277.5,5.14523,0.267568,-1.34707,0,0,0,0,0,0,0,0,0,0,0,0.00535136,527.641466307625,0.00533709235132355,530.465065744765
8311,8990,154.4,10283.09,5.14755,0.267726,-1.344455,0,0,0,0,0,0,0,0,0,0,0,0.00535452,527.9284539794,0.00534023552609769,530.755257444801
8312,8990,154.4667,10289.93,5.14971,0.267922,-1.348322,0,0,0,0,0,0,0,0,0,0,0,0.00535844,528.279615996383,0.00534413464056894,531.110370621922
8313,8990,154.5333,10296.07,5.15191,0.268082,-1.35278,0,0,0,0,0,0,0,0,0,0,0,0.00536164,528.594840380049,0.00534731757988698,531.428975620024
8314,8990,154.6,10301.87,5.15421,0.268248,-1.356419,0,0,0,0,0,0,0,0,0,0,0,0.00536496,528.892609341818,0.0053506198687213,531.730097035233
8315,8990,154.6667,10308.67,5.15641,0.268423,-1.354242,0,0,0,0,0,0,0,0,0,0,0,0.00536846,529.241717779755,0.00535410118550354,532.082930771987
8316,8990,154.7333,10315.03,5.15861,0.268612,-1.349904,0,0,0,0,0,0,0,0,0,0,0,0.00537224,529.568236848178,0.00535786099401602,532.413204512903
8317,8990,154.8,10321.07,5.16089,0.268797,-1.349887,0,0,0,0,0,0,0,0,0,0,0,0.00537594,529.878327284227,0.00536154121617088,532.726921379007
8318,8990,154.8667,10327.79,5.16305,0.269003,-1.349163,0,0,0,0,0,0,0,0,0,0,0,0.00538006,530.22332856407,0.0053656391773358,533.075961885145
8319,8990,154.9333,10333.79,5.16523,0.269197,-1.352293,0,0,0,0,0,0,0,0,0,0,0,0.00538394,530.531365421073,0.00536949840696191,533.387714460618
8320,8990,155,10339.61,5.16751,0.269367,-1.354963,0,0,0,0,0,0,0,0,0,0,0,0.00538734,530.830161172366,0.00537288019387503,533.689923732856
8321,8990,155.0667,10346.39,5.16971,0.269543,-1.358129,0,0,0,0,0,0,0,0,0,0,0,0.00539086,531.178242820779,0.00537638132592445,534.041750362871
8322,8990,155.1333,10352.8,5.17197,0.269731,-1.347846,0,0,0,0,0,0,0,0,0,0,0,0.00539462,531.50732886301,0.00538012115798232,534.374608929441
8323,8990,155.2,10359.01,5.17423,0.269894,-1.346063,0,0,0,0,0,0,0,0,0,0,0,0.00539788,531.826147010008,0.0053833636606276,534.69688073243
8324,8990,155.2667,10365.88,5.17643,0.270085,-1.348771,0,0,0,0,0,0,0,0,0,0,0,0.0054017,532.178849211276,0.005387163144214,535.05351970106
8325,8990,155.3333,10372.09,5.17865,0.270266,-1.348076,0,0,0,0,0,0,0,0,0,0,0,0.00540532,532.497667358274,0.0053907636886362,535.375987649599
8326,8990,155.4,10378.03,5.18089,0.270446,-1.354052,0,0,0,0,0,0,0,0,0,0,0,0.00540892,532.802623846707,0.00539434432769126,535.684510614883
8327,8990,155.4667,10384.43,5.18305,0.270612,-1.352021,0,0,0,0,0,0,0,0,0,0,0,0.00541224,533.131196494176,0.00539764646123359,536.01663048109
8328,8990,155.5333,10390.43,5.18525,0.270787,-1.345037,0,0,0,0,0,0,0,0,0,0,0,0.00541574,533.439233351179,0.00540112761430549,536.328201544808
8329,8990,155.6,10396.08,5.18751,0.270968,-1.348915,0,0,0,0,0,0,0,0,0,0,0,0.00541936,533.729301391523,0.00540472810844866,536.621772618312
8330,8990,155.6667,10402.73,5.18975,0.271141,-1.347509,0,0,0,0,0,0,0,0,0,0,0,0.00542282,534.070708908034,0.00540816945261207,536.966878229715
8331,8990,155.7333,10409.3,5.19199,0.271324,-1.343775,0,0,0,0,0,0,0,0,0,0,0,0.00542648,534.408009266452,0.00541180970551413,537.307963640577
8332,8990,155.8,10415.39,5.19419,0.271505,-1.347151,0,0,0,0,0,0,0,0,0,0,0,0.0054301,534.72066667631,0.00541541016119676,537.624253368429
8333,8990,155.8667,10421.88,5.19641,0.271683,-1.35059,0,0,0,0,0,0,0,0,0,0,0,0.00543366,535.053859876635,0.00541895092817533,537.961160632892
8334,8990,155.9333,10428.35,5.19869,0.271866,-1.346954,0,0,0,0,0,0,0,0,0,0,0,0.00543732,535.386026287436,0.00542259114183038,538.297091435889
8335,8990,156,10434.73,5.20083,0.272044,-1.339272,0,0,0,0,0,0,0,0,0,0,0,0.00544088,535.713572145382,0.00542613188338313,538.628325405797
8336,8990,156.0667,10440.96,5.20303,0.27225,-1.34172,0,0,0,0,0,0,0,0,0,0,0,0.005445,536.033417081904,0.00543022957986686,538.952119037915
8337,8990,156.1333,10447.14,5.20535,0.272439,-1.337795,0,0,0,0,0,0,0,0,0,0,0,0.00544878,536.350695044616,0.00543398910216259,539.273151984762
8338,8990,156.2,10453.67,5.20751,0.272619,-1.332965,0,0,0,0,0,0,0,0,0,0,0,0.00545238,536.685941823988,0.00543756958644645,539.61215751947
8339,8990,156.2667,10460.17,5.20975,0.272795,-1.33381,0,0,0,0,0,0,0,0,0,0,0,0.0054559,537.019648419074,0.00544107049201749,539.949573918884
8340,8990,156.3333,10466.61,5.21205,0.272976,-1.344754,0,0,0,0,0,0,0,0,0,0,0,0.00545952,537.35027464559,0.00544467084234946,540.283949217024
8341,8990,156.4,10473.14,5.21419,0.273161,-1.349811,0,0,0,0,0,0,0,0,0,0,0,0.00546322,537.685521424962,0.00544835074503925,540.623015719321
8342,8990,156.4667,10479.3,5.21643,0.273367,-1.352489,0,0,0,0,0,0,0,0,0,0,0,0.00546734,538.001772598151,0.00545244835047826,540.943211209548
8343,8990,156.5333,10485.54,5.21871,0.273538,-1.351299,0,0,0,0,0,0,0,0,0,0,0,0.00547076,538.322130929434,0.00545584974806466,541.267162110438
8344,8990,156.6,10492.01,5.22083,0.273711,-1.350893,0,0,0,0,0,0,0,0,0,0,0,0.00547422,538.654297340235,0.00545929091630594,541.603009467821
8345,8990,156.6667,10498.08,5.22307,0.273899,-1.354513,0,0,0,0,0,0,0,0,0,0,0,0.00547798,538.96592796057,0.00546303043830952,541.918372534619
8346,8990,156.7333,10504.29,5.22537,0.274067,-1.353158,0,0,0,0,0,0,0,0,0,0,0,0.00548134,539.284746107568,0.00546637212699172,542.240749157797
8347,8990,156.8,10510.88,5.22749,0.274245,-1.352729,0,0,0,0,0,0,0,0,0,0,0,0.0054849,539.623073255509,0.00546991271353077,542.582851850008
8348,8990,156.8667,10517.13,5.22975,0.274449,-1.350058,0,0,0,0,0,0,0,0,0,0,0,0.00548898,539.943944981554,0.0054739704489799,542.907686496678
8349,8990,156.9333,10523.49,5.23207,0.274632,-1.353471,0,0,0,0,0,0,0,0,0,0,0,0.00549264,540.270464049976,0.00547761046235801,543.237975211636
8350,8990,157,10530.45,5.23417,0.274818,-1.359862,0,0,0,0,0,0,0,0,0,0,0,0.00549636,540.6277868041,0.00548131013450942,543.599271746378
8351,8990,157.0667,10536.67,5.23643,0.274983,-1.356577,0,0,0,0,0,0,0,0,0,0,0,0.00549966,540.947118345859,0.00548459209028368,543.922143574741
8352,8990,157.1333,10542.94,5.23877,0.275189,-1.351858,0,0,0,0,0,0,0,0,0,0,0,0.00550378,541.269016861427,0.00548868954722295,544.248042451049
8353,8990,157.2,10549.93,5.24085,0.27538,-1.350375,0,0,0,0,0,0,0,0,0,0,0,0.0055076,541.627879799835,0.00549248863064743,544.610949510621
8354,8990,157.2667,10555.97,5.24305,0.275581,-1.343449,0,0,0,0,0,0,0,0,0,0,0,0.00551162,541.937970235885,0.0054964866033769,544.924926391396
8355,8990,157.3333,10561.68,5.24541,0.275729,-1.343528,0,0,0,0,0,0,0,0,0,0,0,0.00551458,542.231118644799,0.00549943037407466,545.221295527055
8356,8990,157.4,10568.59,5.24753,0.275904,-1.350472,0,0,0,0,0,0,0,0,0,0,0,0.00551808,542.585874425114,0.00550291117284006,545.579906687062
8357,8990,157.4667,10575.08,5.24974,0.276075,-1.349726,0,0,0,0,0,0,0,0,0,0,0,0.0055215,542.919067625438,0.00550631239878696,545.916795257332
8358,8990,157.5333,10580.8,5.25209,0.276273,-1.34943,0,0,0,0,0,0,0,0,0,0,0,0.00552546,543.212729429114,0.00551025064595762,546.214229637066
8359,8990,157.6,10587.65,5.25425,0.27649,-1.346961,0,0,0,0,0,0,0,0,0,0,0,0.0055298,543.564404840859,0.00551456678792164,546.570207286748
8360,8990,157.6667,10594.01,5.25643,0.276668,-1.350945,0,0,0,0,0,0,0,0,0,0,0,0.00553336,543.890923909282,0.00551810720382795,546.900468192005
8361,8990,157.7333,10600.08,5.25877,0.27682,-1.360725,0,0,0,0,0,0,0,0,0,0,0,0.0055364,544.202554529617,0.00552113047041017,547.215477552514
8362,8990,157.8,10607.07,5.26091,0.277034,-1.353341,0,0,0,0,0,0,0,0,0,0,0,0.00554068,544.561417468025,0.00552538689602661,547.578658022561
8363,8990,157.8667,10613.3,5.26306,0.27721,-1.35315,0,0,0,0,0,0,0,0,0,0,0,0.0055442,544.881262404546,0.00552888749417158,547.902193099569
8364,8990,157.9333,10618.91,5.26539,0.277373,-1.354493,0,0,0,0,0,0,0,0,0,0,0,0.00554746,545.169276865843,0.00553212951447805,548.193581622486
8365,8990,158,10625.75,5.26757,0.277558,-1.354416,0,0,0,0,0,0,0,0,0,0,0,0.00555116,545.520438882827,0.00553580909534311,548.548710122335
8366,8990,158.0667,10632.2,5.26974,0.277744,-1.355902,0,0,0,0,0,0,0,0,0,0,0,0.00555488,545.851578504105,0.00553950855218532,548.883718520506
8367,8990,158.1333,10638.19,5.27211,0.277915,-1.348888,0,0,0,0,0,0,0,0,0,0,0,0.0055583,546.159101966346,0.00554290965365875,549.194818102805
8368,8990,158.2,10645.29,5.27429,0.278105,-1.347161,0,0,0,0,0,0,0,0,0,0,0,0.0055621,546.523612247132,0.00554668864172928,549.563431230812
8369,8990,158.2667,10651.76,5.27642,0.278324,-1.353073,0,0,0,0,0,0,0,0,0,0,0,0.00556648,546.855778657934,0.00555104440499931,549.899840412717
8370,8990,158.3333,10657.37,5.27877,0.27848,-1.354057,0,0,0,0,0,0,0,0,0,0,0,0.0055696,547.143793119231,0.00555414712890861,550.191165189388
8371,8990,158.4,10664.04,5.28096,0.278673,-1.3592,0,0,0,0,0,0,0,0,0,0,0,0.00557346,547.486227425266,0.00555798574196069,550.537620014372
8372,8990,158.4667,10670.56,5.28306,0.278856,-1.361158,0,0,0,0,0,0,0,0,0,0,0,0.00557712,547.820960809875,0.00556162544953563,550.876224046827
8373,8990,158.5333,10675.92,5.2854,0.279006,-1.354786,0,0,0,0,0,0,0,0,0,0,0,0.00558012,548.096140402131,0.00556460880652067,551.154582637112
8374,8990,158.6,10682.29,5.28763,0.2792,-1.354335,0,0,0,0,0,0,0,0,0,0,0,0.005584,548.423172865316,0.00556846726835516,551.485567862596
8375,8990,158.6667,10689.04,5.28982,0.279388,-1.352638,0,0,0,0,0,0,0,0,0,0,0,0.00558776,548.769714329444,0.00557220638211442,551.836107788386
8376,8990,158.7333,10695.17,5.29206,0.279548,-1.346694,0,0,0,0,0,0,0,0,0,0,0,0.00559096,549.084425318349,0.00557538859557765,552.154334376926
8377,8990,158.8,10701.59,5.29432,0.279724,-1.347329,0,0,0,0,0,0,0,0,0,0,0,0.00559448,549.414024755341,0.00557888901869144,552.487710528555
8378,8990,158.8667,10708.13,5.29654,0.27993,-1.346943,0,0,0,0,0,0,0,0,0,0,0,0.0055986,549.749784929474,0.00558298608927189,552.82761407538
8379,8990,158.9333,10714.41,5.2987,0.280146,-1.345109,0,0,0,0,0,0,0,0,0,0,0,0.00560292,550.072196839804,0.0055872820287461,553.154207352922
8380,8990,159,10720.53,5.30092,0.280329,-1.349736,0,0,0,0,0,0,0,0,0,0,0,0.00560658,550.386394433947,0.00559092162969266,553.472179785252
8381,8990,159.0667,10726.67,5.30314,0.280487,-1.351118,0,0,0,0,0,0,0,0,0,0,0,0.00560974,550.701618817613,0.00559406400673929,553.790911716759
8382,8990,159.1333,10732.97,5.30532,0.28066,-1.350131,0,0,0,0,0,0,0,0,0,0,0,0.0056132,551.025057517466,0.00559750469939574,554.118071370323
8383,8990,159.2,10739.53,5.30762,0.280854,-1.343669,0,0,0,0,0,0,0,0,0,0,0,0.00561708,551.361844481122,0.00560136303430502,554.45888807052
8384,8990,159.2667,10746.15,5.3099,0.281039,-1.33702,0,0,0,0,0,0,0,0,0,0,0,0.00562078,551.701711813348,0.00560504236042925,554.802705761075
8385,8990,159.3333,10752.9,5.31204,0.281215,-1.342451,0,0,0,0,0,0,0,0,0,0,0,0.0056243,552.048253277477,0.00560854267974381,555.153138268385
8386,8990,159.4,10759.14,5.31432,0.281419,-1.340177,0,0,0,0,0,0,0,0,0,0,0,0.00562838,552.368611608759,0.00561259985270935,555.477552054966
8387,8990,159.4667,10765.37,5.31658,0.281627,-1.335832,0,0,0,0,0,0,0,0,0,0,0,0.00563254,552.688456545281,0.00561673656113783,555.80149638431
8388,8990,159.5333,10771.83,5.31868,0.281795,-1.34096,0,0,0,0,0,0,0,0,0,0,0,0.0056359,553.02010956132,0.00562007773622235,556.136875596797
8389,8990,159.6,10777.83,5.32096,0.281976,-1.346659,0,0,0,0,0,0,0,0,0,0,0,0.00563952,553.328146418323,0.00562367744212438,556.448651566612
8390,8990,159.6667,10783.77,5.32326,0.282172,-1.347671,0,0,0,0,0,0,0,0,0,0,0,0.00564344,553.633102906756,0.00562757545158214,556.757498105024
8391,8990,159.7333,10790.24,5.32534,0.282342,-1.337668,0,0,0,0,0,0,0,0,0,0,0,0.00564684,553.965269317557,0.00563095636584778,557.09342255895
8392,8990,159.8,10796.33,5.32762,0.282531,-1.340712,0,0,0,0,0,0,0,0,0,0,0,0.00565062,554.277926727415,0.00563471513358361,557.409940665739
8393,8990,159.8667,10802.38,5.32996,0.282714,-1.346675,0,0,0,0,0,0,0,0,0,0,0,0.00565428,554.588530558226,0.005638354561897,557.724329394791
8394,8990,159.9333,10809.26,5.33202,0.282889,-1.345799,0,0,0,0,0,0,0,0,0,0,0,0.00565778,554.941746154256,0.00564183487712968,558.081484466812
8395,8990,160,10815.48,5.33428,0.283039,-1.343011,0,0,0,0,0,0,0,0,0,0,0,0.00566078,555.261077696015,0.00564481799483132,558.404288499415
8396,8990,160.0667,10821.42,5.33664,0.283223,-1.343472,0,0,0,0,0,0,0,0,0,0,0,0.00566446,555.566034184448,0.00564847727372553,558.713015762444
8397,8990,160.1333,10828.34,5.33872,0.283447,-1.34557,0,0,0,0,0,0,0,0,0,0,0,0.00566894,555.921303359524,0.00565293202995848,559.072787872991
8398,8990,160.2,10834.55,5.34088,0.283625,-1.349311,0,0,0,0,0,0,0,0,0,0,0,0.0056725,556.240121506522,0.00565647195602882,559.395393595768
8399,8990,160.2667,10840.11,5.34324,0.28379,-1.35297,0,0,0,0,0,0,0,0,0,0,0,0.0056758,556.525568994012,0.00565975333698102,559.684296818508
8400,8990,160.3333,10846.65,5.3454,0.283981,-1.357384,0,0,0,0,0,0,0,0,0,0,0,0.00567962,556.861329168144,0.00566355177057671,560.024089910514
8401,8990,160.4,10853.25,5.34756,0.284172,-1.355338,0,0,0,0,0,0,0,0,0,0,0,0.00568344,557.200169710847,0.00566735018974436,560.366983443389
8402,8990,160.4667,10859.22,5.34994,0.284327,-1.353371,0,0,0,0,0,0,0,0,0,0,0,0.00568654,557.506666383565,0.00567043266589806,560.676950342222
8403,8990,160.5333,10865.98,5.3521,0.28452,-1.352151,0,0,0,0,0,0,0,0,0,0,0,0.0056904,557.853721242455,0.005674270832602,561.028132057813
8404,8990,160.6,10872.41,5.35428,0.284742,-1.35466,0,0,0,0,0,0,0,0,0,0,0,0.00569484,558.18383407421,0.00567868570043717,561.362601699849
8405,8990,160.6667,10878.23,5.35662,0.284884,-1.354909,0,0,0,0,0,0,0,0,0,0,0,0.00569768,558.482629825502,0.00568150961468723,561.664685135806
8406,8990,160.7333,10884.78,5.35878,0.285078,-1.352565,0,0,0,0,0,0,0,0,0,0,0,0.00570156,558.818903394397,0.00568536762549187,562.005042901234
8407,8990,160.8,10890.87,5.36088,0.285269,-1.349317,0,0,0,0,0,0,0,0,0,0,0,0.00570538,559.131560804255,0.0056891659617946,562.321618828636
8408,8990,160.8667,10896.25,5.36326,0.285434,-1.351619,0,0,0,0,0,0,0,0,0,0,0,0.00570868,559.407767186034,0.00569244723546724,562.601247118413
8409,8990,160.9333,10902.61,5.3654,0.285597,-1.352921,0,0,0,0,0,0,0,0,0,0,0,0.00571194,559.734286254457,0.00569568872555415,562.931454913485
8410,8990,161,10909.09,5.36758,0.285775,-1.358341,0,0,0,0,0,0,0,0,0,0,0,0.0057155,560.06696606002,0.00569922850027246,563.268028804536
8411,8990,161.0667,10915.14,5.36998,0.285961,-1.355488,0,0,0,0,0,0,0,0,0,0,0,0.00571922,560.377569890831,0.00570292735260215,563.582492496102
8412,8990,161.1333,10922.17,5.37214,0.286162,-1.355444,0,0,0,0,0,0,0,0,0,0,0,0.00572324,560.738486408286,0.00570692448409354,563.947727343237
8413,8990,161.2,10928.83,5.37426,0.286363,-1.356934,0,0,0,0,0,0,0,0,0,0,0,0.00572726,561.080407319559,0.00571092159960794,564.293860693184
8414,8990,161.2667,10934.73,5.3766,0.286538,-1.356874,0,0,0,0,0,0,0,0,0,0,0,0.00573076,561.383310228945,0.00571440166229406,564.600463247873
8415,8990,161.3333,10941.15,5.37876,0.286747,-1.365849,0,0,0,0,0,0,0,0,0,0,0,0.00573494,561.712909665938,0.00571855783557598,564.934299500097
8416,8990,161.4,10947.39,5.38088,0.286948,-1.361068,0,0,0,0,0,0,0,0,0,0,0,0.00573896,562.033267997221,0.00572255490459089,565.258754440926
8417,8990,161.4667,10953.37,5.38322,0.287096,-1.356146,0,0,0,0,0,0,0,0,0,0,0,0.00574192,562.3402780647,0.00572549800987161,565.569190954125
8418,8990,161.5333,10960.22,5.38548,0.287246,-1.353413,0,0,0,0,0,0,0,0,0,0,0,0.00574492,562.691953476445,0.00572848087800708,565.924573733811
8419,8990,161.6,10966.92,5.38764,0.287467,-1.34937,0,0,0,0,0,0,0,0,0,0,0,0.00574934,563.035927966765,0.00573287562084867,566.273012948861
8420,8990,161.6667,10972.96,5.38992,0.28766,-1.343418,0,0,0,0,0,0,0,0,0,0,0,0.0057532,563.346018402814,0.00573671354789407,566.587060715889
8421,8990,161.7333,10979.51,5.39216,0.287836,-1.352114,0,0,0,0,0,0,0,0,0,0,0,0.00575672,563.682291971709,0.00574021340634859,566.927253095548
8422,8990,161.8,10986.14,5.39436,0.288047,-1.351013,0,0,0,0,0,0,0,0,0,0,0,0.00576094,564.022672698697,0.00574440924323736,567.271973474754
8423,8990,161.8667,10992.4,5.39656,0.2882,-1.349489,0,0,0,0,0,0,0,0,0,0,0,0.005764,564.344057819503,0.00574745171110758,567.596936968775
8424,8990,161.9333,10998.59,5.39878,0.288373,-1.359516,0,0,0,0,0,0,0,0,0,0,0,0.00576746,564.661849176978,0.00575089187604525,567.918513805632
8425,8990,162,11004.55,5.40098,0.288564,-1.350982,0,0,0,0,0,0,0,0,0,0,0,0.00577128,564.967832454934,0.00575468996347368,568.228420007024
8426,8990,162.0667,11010.76,5.40322,0.288747,-1.355973,0,0,0,0,0,0,0,0,0,0,0,0.00577494,565.286650601931,0.00575832895517427,568.551147091958
8427,8990,162.1333,11017.61,5.40548,0.288953,-1.349674,0,0,0,0,0,0,0,0,0,0,0,0.00577906,565.638326013676,0.00576242529064432,568.907183838009
8428,8990,162.2,11023.97,5.4077,0.289164,-1.352179,0,0,0,0,0,0,0,0,0,0,0,0.00578328,565.964845082099,0.00576662103433665,569.237978251365
8429,8990,162.2667,11030.23,5.40988,0.28933,-1.350192,0,0,0,0,0,0,0,0,0,0,0,0.0057866,566.286230202905,0.0057699219388024,569.563102102597
8430,8990,162.3333,11036.56,5.41216,0.289498,-1.346506,0,0,0,0,0,0,0,0,0,0,0,0.00578996,566.611209087043,0.00577326260210782,569.891865323209
8431,8990,162.4,11042.86,5.41436,0.289699,-1.352802,0,0,0,0,0,0,0,0,0,0,0,0.00579398,566.934647786896,0.00577725945247042,570.21945579748
8432,8990,162.4667,11049.08,5.41652,0.28989,-1.357013,0,0,0,0,0,0,0,0,0,0,0,0.0057978,567.253979328656,0.00578105743975401,570.542804450007
8433,8990,162.5333,11055.49,5.4188,0.290045,-1.357635,0,0,0,0,0,0,0,0,0,0,0,0.0058009,567.583065370887,0.00578413956542851,570.875557974797
8434,8990,162.6,11061.72,5.42104,0.290241,-1.358953,0,0,0,0,0,0,0,0,0,0,0,0.00580482,567.902910307408,0.00578803694945458,571.199484479219
8435,8990,162.6667,11068.29,5.42318,0.290432,-1.351188,0,0,0,0,0,0,0,0,0,0,0,0.00580864,568.240210665826,0.00579183489580545,571.540913483108
8436,8990,162.7333,11074.7,5.42546,0.290605,-1.355308,0,0,0,0,0,0,0,0,0,0,0,0.0058121,568.569296708057,0.00579527490806151,571.873878317454
8437,8990,162.8,11080.93,5.42778,0.290793,-1.365441,0,0,0,0,0,0,0,0,0,0,0,0.00581586,568.889141644579,0.00579901317385895,572.197721247904
8438,8990,162.8667,11087.88,5.42988,0.291014,-1.362129,0,0,0,0,0,0,0,0,0,0,0,0.00582028,569.24595100394,0.00580340760674084,572.559121827649
8439,8990,162.9333,11094.26,5.43212,0.29118,-1.365213,0,0,0,0,0,0,0,0,0,0,0,0.0058236,569.573496861886,0.00580670838978007,572.890465078211
8440,8990,163,11100.12,5.43448,0.29137,-1.360294,0,0,0,0,0,0,0,0,0,0,0,0.0058274,569.874346192226,0.00581048638109169,573.195231957226
8441,8990,163.0667,11106.91,5.43658,0.291577,-1.358585,0,0,0,0,0,0,0,0,0,0,0,0.00583154,570.2229412354,0.0058146023869589,573.548219126132
8442,8990,163.1333,11113.34,5.43874,0.291737,-1.363725,0,0,0,0,0,0,0,0,0,0,0,0.00583474,570.553054067155,0.00581778382916123,573.882082793843
8443,8990,163.2,11118.93,5.4411,0.291897,-1.359622,0,0,0,0,0,0,0,0,0,0,0,0.00583794,570.840041738929,0.00582096526124179,574.172571652199
8444,8990,163.2667,11125.55,5.44324,0.292116,-1.362659,0,0,0,0,0,0,0,0,0,0,0,0.00584232,571.179909071156,0.00582531982999421,574.51692487752
8445,8990,163.3333,11132.54,5.4454,0.292287,-1.36553,0,0,0,0,0,0,0,0,0,0,0,0.00584574,571.538772009564,0.00582871995953526,574.879839070651
8446,8990,163.4,11138.46,5.44778,0.29247,-1.36111,0,0,0,0,0,0,0,0,0,0,0,0.0058494,571.842701708473,0.00583235868185177,575.187638407847
8447,8990,163.4667,11144.8,5.44994,0.292696,-1.356469,0,0,0,0,0,0,0,0,0,0,0,0.00585392,572.168193987373,0.00583685238622173,575.517620821519
8448,8990,163.5333,11151.54,5.45212,0.292895,-1.35253,0,0,0,0,0,0,0,0,0,0,0,0.0058579,572.514222056739,0.00584080921538628,575.867953118126
8449,8990,163.6,11157.55,5.4545,0.29307,-1.352989,0,0,0,0,0,0,0,0,0,0,0,0.0058614,572.822772308504,0.00584428882608527,576.180315706113
8450,8990,163.6667,11164.1,5.45664,0.293256,-1.357541,0,0,0,0,0,0,0,0,0,0,0,0.00586512,573.159045877398,0.00584798714189814,576.520692460555
8451,8990,163.7333,11170.58,5.45873,0.293434,-1.362039,0,0,0,0,0,0,0,0,0,0,0,0.00586868,573.491725682961,0.00585152637755659,576.857365103642
8452,8990,163.8,11176.01,5.46112,0.293577,-1.356312,0,0,0,0,0,0,0,0,0,0,0,0.00587154,573.770499038549,0.00585436968701723,577.139415474474
8453,8990,163.8667,11182.27,5.46328,0.293778,-1.350828,0,0,0,0,0,0,0,0,0,0,0,0.00587556,574.091884159355,0.00585836621322074,577.464995470246
8454,8990,163.9333,11188.91,5.46541,0.293974,-1.353571,0,0,0,0,0,0,0,0,0,0,0,0.00587948,574.432778281105,0.00586226330796836,577.810144312353
8455,8990,164,11194.7,5.46784,0.294144,-1.360736,0,0,0,0,0,0,0,0,0,0,0,0.00588288,574.730033848112,0.00586564342886891,578.111101669637
8456,8990,164.0667,11201.41,5.47,0.294322,-1.360946,0,0,0,0,0,0,0,0,0,0,0,0.00588644,575.074521733194,0.00586918260203826,578.459663400905
8457,8990,164.1333,11208.38,5.47211,0.294503,-1.360054,0,0,0,0,0,0,0,0,0,0,0,0.00589006,575.432357882079,0.00587278141134932,578.821688995945
8458,8990,164.2,11214.18,5.47448,0.294686,-1.355561,0,0,0,0,0,0,0,0,0,0,0,0.00589372,575.730126843848,0.00587641997334226,579.12331900703
8459,8990,164.2667,11220.63,5.47664,0.294879,-1.363988,0,0,0,0,0,0,0,0,0,0,0,0.00589758,576.061266465126,0.00588025734951551,579.458633869005
8460,8990,164.3333,11227.18,5.47871,0.295055,-1.371137,0,0,0,0,0,0,0,0,0,0,0,0.0059011,576.39754003402,0.00588375670562397,579.798919557515
8461,8990,164.4,11232.68,5.48106,0.295236,-1.363997,0,0,0,0,0,0,0,0,0,0,0,0.00590472,576.67990715294,0.00588735546248609,580.085040534304
8462,8990,164.4667,11238.9,5.48334,0.295432,-1.364172,0,0,0,0,0,0,0,0,0,0,0,0.00590864,576.999238694699,0.00589125244426172,580.40851947642
8463,8990,164.5333,11246.12,5.48549,0.29564,-1.3618,0,0,0,0,0,0,0,0,0,0,0,0.0059128,577.369909712626,0.00589538800014886,580.783782514775
8464,8990,164.6,11252.54,5.48778,0.295821,-1.36077,0,0,0,0,0,0,0,0,0,0,0,0.00591642,577.699509149619,0.00589898671515309,581.117422079542
8465,8990,164.6667,11258.87,5.49002,0.296009,-1.358521,0,0,0,0,0,0,0,0,0,0,0,0.00592018,578.024488033757,0.00590272459326906,581.446497047324
8466,8990,164.7333,11265.38,5.49219,0.296195,-1.36236,0,0,0,0,0,0,0,0,0,0,0,0.0059239,578.358708023605,0.00590642269297473,581.784847174066
8467,8990,164.8,11271.5,5.49443,0.296388,-1.358081,0,0,0,0,0,0,0,0,0,0,0,0.00592776,578.672905617747,0.0059102599540182,582.103139720752
8468,8990,164.8667,11277.86,5.49665,0.296592,-1.36803,0,0,0,0,0,0,0,0,0,0,0,0.00593184,578.99942468617,0.00591431590305148,582.433956633501
8469,8990,164.9333,11284,5.49881,0.29674,-1.366966,0,0,0,0,0,0,0,0,0,0,0,0.0059348,579.314649069837,0.00591725844401433,582.752765649136
8470,8990,165,11289.94,5.50107,0.296923,-1.368105,0,0,0,0,0,0,0,0,0,0,0,0.00593846,579.619605558269,0.00592089684417895,583.061653401093
8471,8990,165.0667,11296.49,5.50335,0.297131,-1.359769,0,0,0,0,0,0,0,0,0,0,0,0.00594262,579.955879127164,0.00592503227747187,583.402336533583
8472,8990,165.1333,11302.94,5.50553,0.297327,-1.35842,0,0,0,0,0,0,0,0,0,0,0,0.00594654,580.287018748442,0.00592892911242491,583.73771871691
8473,8990,165.2,11309.35,5.50775,0.297508,-1.359027,0,0,0,0,0,0,0,0,0,0,0,0.00595016,580.616104790673,0.00593252770672648,584.070863512754
8474,8990,165.2667,11315.95,5.51003,0.297681,-1.358006,0,0,0,0,0,0,0,0,0,0,0,0.00595362,580.954945333376,0.00593596723503242,584.413730315012
8475,8990,165.3333,11322.3,5.51221,0.29788,-1.352471,0,0,0,0,0,0,0,0,0,0,0,0.0059576,581.280951007037,0.00593992367203643,584.743990400757
8476,8990,165.4,11328.74,5.51441,0.298083,-1.359556,0,0,0,0,0,0,0,0,0,0,0,0.00596166,581.611577233554,0.00594395961928434,585.078947709084
8477,8990,165.4667,11335.03,5.51665,0.298279,-1.356544,0,0,0,0,0,0,0,0,0,0,0,0.00596558,581.934502538645,0.00594785638048127,585.4060793683
8478,8990,165.5333,11341.15,5.51887,0.29846,-1.360029,0,0,0,0,0,0,0,0,0,0,0,0.0059692,582.248700132788,0.00595145490667205,585.72425907362
8479,8990,165.6,11347.57,5.52107,0.298648,-1.36233,0,0,0,0,0,0,0,0,0,0,0,0.00597296,582.578299569781,0.00595519258867382,586.058016449979
8480,8990,165.6667,11354.14,5.52331,0.298821,-1.362508,0,0,0,0,0,0,0,0,0,0,0,0.00597642,582.915599928199,0.00595863203902428,586.399348377922
8481,8990,165.7333,11360.2,5.52561,0.298989,-1.356397,0,0,0,0,0,0,0,0,0,0,0,0.00597978,583.226717153771,0.00596197207197332,586.714284612473
8482,8990,165.8,11366.86,5.52777,0.299187,-1.349865,0,0,0,0,0,0,0,0,0,0,0,0.00598374,583.568638065045,0.00596590852505565,587.06056106738
8483,8990,165.8667,11373.36,5.52997,0.299383,-1.35886,0,0,0,0,0,0,0,0,0,0,0,0.00598766,583.902344660131,0.00596980520072404,587.398553373159
8484,8990,165.9333,11379.07,5.53231,0.299556,-1.357834,0,0,0,0,0,0,0,0,0,0,0,0.00599112,584.195493069045,0.00597324460081559,587.695478371481
8485,8990,166,11385.65,5.53445,0.29974,-1.356753,0,0,0,0,0,0,0,0,0,0,0,0.0059948,584.533306822225,0.00597690267810479,588.037467089963
8486,8990,166.0667,11392.39,5.53661,0.299941,-1.355229,0,0,0,0,0,0,0,0,0,0,0,0.00599882,584.879334891591,0.00598089871463297,588.387920743326
8487,8990,166.1333,11398.03,5.53891,0.300101,-1.35556,0,0,0,0,0,0,0,0,0,0,0,0.00600202,585.168889537174,0.00598407962781775,588.681084915554
8488,8990,166.2,11404.33,5.54111,0.300294,-1.357516,0,0,0,0,0,0,0,0,0,0,0,0.00600588,585.492328237027,0.00598791659088344,589.008724901339
8489,8990,166.2667,11411.39,5.54327,0.300523,-1.356464,0,0,0,0,0,0,0,0,0,0,0,0.00601046,585.854784938767,0.0059924692378067,589.37604168945
8490,8990,166.3333,11417.63,5.54561,0.300714,-1.353355,0,0,0,0,0,0,0,0,0,0,0,0.00601428,586.175143270049,0.00599626640781576,589.700564710716
8491,8990,166.4,11424.02,5.54779,0.300864,-1.360597,0,0,0,0,0,0,0,0,0,0,0,0.00601728,586.503202522757,0.00599924846839534,590.032356513234
8492,8990,166.4667,11431,5.54999,0.301078,-1.360647,0,0,0,0,0,0,0,0,0,0,0,0.00602156,586.861552066404,0.00600350285942884,590.395374113865
8493,8990,166.5333,11437.38,5.55231,0.301292,-1.360131,0,0,0,0,0,0,0,0,0,0,0,0.00602584,587.18909792435,0.00600775723236257,590.727405478187
8494,8990,166.6,11443.91,5.55447,0.301485,-1.36552,0,0,0,0,0,0,0,0,0,0,0,0.0060297,587.524344703721,0.00601159410457941,591.066940244982
8495,8990,166.6667,11450.68,5.55661,0.301679,-1.370391,0,0,0,0,0,0,0,0,0,0,0,0.00603358,587.871912957373,0.00601545084212691,591.418885173954
8496,8990,166.7333,11456.61,5.55893,0.301857,-1.368782,0,0,0,0,0,0,0,0,0,0,0,0.00603714,588.176356051044,0.00601898948514253,591.727259057214
8497,8990,166.8,11462.9,5.56111,0.30205,-1.369776,0,0,0,0,0,0,0,0,0,0,0,0.006041,588.499281356135,0.00602282631426276,592.054405514808
8498,8990,166.8667,11469.85,5.56331,0.302246,-1.363516,0,0,0,0,0,0,0,0,0,0,0,0.00604492,588.856090715497,0.00602672276814773,592.415678675385
8499,8990,166.9333,11476.08,5.56567,0.302447,-1.357233,0,0,0,0,0,0,0,0,0,0,0,0.00604894,589.175935652018,0.00603071860559837,592.739825536221
8500,8990,167,11482.7,5.56783,0.302633,-1.352612,0,0,0,0,0,0,0,0,0,0,0,0.00605266,589.515802984244,0.00603441623200058,593.083941704335
8501,8990,167.0667,11489.54,5.56999,0.302834,-1.351574,0,0,0,0,0,0,0,0,0,0,0,0.00605668,589.866965001227,0.00603841203870957,593.439600450811
8502,8990,167.1333,11495.43,5.57231,0.302981,-1.3521,0,0,0,0,0,0,0,0,0,0,0,0.00605962,590.169354515852,0.00604133433500042,593.745556539863
8503,8990,167.2,11501.68,5.57449,0.303162,-1.35125,0,0,0,0,0,0,0,0,0,0,0,0.00606324,590.490226241896,0.00604493252482466,594.070510201255
8504,8990,167.2667,11508.17,5.57659,0.303378,-1.353838,0,0,0,0,0,0,0,0,0,0,0,0.00606756,590.823419442221,0.00604922648026727,594.408275989092
8505,8990,167.3333,11513.92,5.57891,0.303551,-1.360392,0,0,0,0,0,0,0,0,0,0,0,0.00607102,591.118621430182,0.00605266560720859,594.707314403257
8506,8990,167.4,11520.04,5.58117,0.303732,-1.358386,0,0,0,0,0,0,0,0,0,0,0,0.00607464,591.432819024325,0.00605626375626106,595.025560484083
8507,8990,167.4667,11526.97,5.58331,0.303913,-1.357098,0,0,0,0,0,0,0,0,0,0,0,0.00607826,591.788601594163,0.00605986189236691,595.385646579689
8508,8990,167.5333,11533.33,5.58565,0.304132,-1.352982,0,0,0,0,0,0,0,0,0,0,0,0.00608264,592.115120662586,0.00606421542095404,595.716743780133
8509,8990,167.6,11539.74,5.58783,0.304315,-1.350159,0,0,0,0,0,0,0,0,0,0,0,0.0060863,592.444206704817,0.00606785328647041,596.049999880085
8510,8990,167.6667,11546.29,5.59001,0.304518,-1.351123,0,0,0,0,0,0,0,0,0,0,0,0.00609036,592.780480273712,0.00607188871743498,596.390726799552
8511,8990,167.7333,11552.54,5.59231,0.304689,-1.357893,0,0,0,0,0,0,0,0,0,0,0,0.00609378,593.101351999756,0.00607528800871465,596.715581156545
8512,8990,167.8,11559.07,5.59447,0.30488,-1.363393,0,0,0,0,0,0,0,0,0,0,0,0.0060976,593.436598779128,0.00607908486426015,597.055137783843
8513,8990,167.8667,11565.37,5.59661,0.305076,-1.363142,0,0,0,0,0,0,0,0,0,0,0,0.00610152,593.760037478981,0.00608298109894309,597.382876222859
8514,8990,167.9333,11571.38,5.59897,0.305246,-1.368776,0,0,0,0,0,0,0,0,0,0,0,0.00610492,594.068587730745,0.00608636047387441,597.695328933354
8515,8990,168,11578.06,5.60117,0.30546,-1.37021,0,0,0,0,0,0,0,0,0,0,0,0.0061092,594.411535431541,0.0060906144943163,598.0429143838
8516,8990,168.0667,11584.71,5.60335,0.305656,-1.368461,0,0,0,0,0,0,0,0,0,0,0,0.00611312,594.752942948053,0.00609451068407722,598.388739058647
8517,8990,168.1333,11591.04,5.60565,0.305847,-1.365311,0,0,0,0,0,0,0,0,0,0,0,0.00611694,595.077921832191,0.00609830746663806,598.717977775363
8518,8990,168.2,11597.67,5.60785,0.30606,-1.353114,0,0,0,0,0,0,0,0,0,0,0,0.0061212,595.418302559179,0.00610254155793689,599.062977072804
8519,8990,168.2667,11603.97,5.61003,0.306244,-1.35331,0,0,0,0,0,0,0,0,0,0,0,0.00612488,595.741741259031,0.00610619916227927,599.390587935234
8520,8990,168.3333,11610.2,5.61229,0.306424,-1.360739,0,0,0,0,0,0,0,0,0,0,0,0.00612848,596.061586195553,0.00610977724053886,599.714537705321
8521,8990,168.4,11616.68,5.61449,0.30663,-1.371395,0,0,0,0,0,0,0,0,0,0,0,0.0061326,596.394266001116,0.00611387213661451,600.051713476794
8522,8990,168.4667,11622.84,5.61667,0.306821,-1.374019,0,0,0,0,0,0,0,0,0,0,0,0.00613642,596.710517174305,0.00611766884566498,600.372183526104
8523,8990,168.5333,11629.02,5.61893,0.307004,-1.373209,0,0,0,0,0,0,0,0,0,0,0,0.00614008,597.027795137018,0.00612130651673052,600.693593561383
8524,8990,168.6,11635.6,5.62113,0.307203,-1.366541,0,0,0,0,0,0,0,0,0,0,0,0.00614406,597.365608890198,0.00612526222052096,601.035859033156
8525,8990,168.6667,11641.76,5.62341,0.307345,-1.365896,0,0,0,0,0,0,0,0,0,0,0,0.0061469,597.681860063387,0.00612808487396076,601.355750689011
8526,8990,168.7333,11648.32,5.62563,0.307531,-1.362694,0,0,0,0,0,0,0,0,0,0,0,0.00615062,598.018647027043,0.00613178214035708,601.696832477821
8527,8990,168.8,11655.18,5.62781,0.30775,-1.368355,0,0,0,0,0,0,0,0,0,0,0,0.006155,598.37083583355,0.00613613535584908,602.053808328105
8528,8990,168.8667,11661.17,5.63009,0.307923,-1.368807,0,0,0,0,0,0,0,0,0,0,0,0.00615846,598.678359295791,0.00613957418391324,602.36529602438
8529,8990,168.9333,11667.57,5.63233,0.308109,-1.361485,0,0,0,0,0,0,0,0,0,0,0,0.00616218,599.006931943261,0.00614327140783084,602.698120479143
8530,8990,169,11674.58,5.63447,0.308325,-1.352899,0,0,0,0,0,0,0,0,0,0,0,0.0061665,599.366821671192,0.00614756494103234,603.062817177028
8531,8990,169.0667,11680.29,5.63673,0.308488,-1.347791,0,0,0,0,0,0,0,0,0,0,0,0.00616976,599.659970080107,0.00615080495619755,603.359728177108
8532,8990,169.1333,11686.2,5.63899,0.308684,-1.353608,0,0,0,0,0,0,0,0,0,0,0,0.00617368,599.963386384254,0.00615470091145275,603.667368343507
8533,8990,169.2,11693.25,5.64113,0.308877,-1.345467,0,0,0,0,0,0,0,0,0,0,0,0.00617754,600.325329691232,0.00615853721990775,604.033863428413
8534,8990,169.2667,11699.36,5.64341,0.309053,-1.354731,0,0,0,0,0,0,0,0,0,0,0,0.00618106,600.639013890614,0.00616203560235325,604.351599673812
8535,8990,169.3333,11705.46,5.64567,0.309234,-1.369168,0,0,0,0,0,0,0,0,0,0,0,0.00618468,600.952184695233,0.00616563335789841,604.668881652874
8536,8990,169.4,11712.59,5.64785,0.309414,-1.363316,0,0,0,0,0,0,0,0,0,0,0,0.00618828,601.318235160305,0.00616921122350428,605.039360768582
8537,8990,169.4667,11718.75,5.65013,0.309605,-1.357477,0,0,0,0,0,0,0,0,0,0,0,0.0061921,601.634486333494,0.00617300772245455,605.35986723632
8538,8990,169.5333,11724.88,5.65233,0.309826,-1.354311,0,0,0,0,0,0,0,0,0,0,0,0.00619652,601.949197322399,0.0061774005121534,605.679187562591
8539,8990,169.6,11731.82,5.65447,0.31003,-1.354705,0,0,0,0,0,0,0,0,0,0,0,0.0062006,602.305493286998,0.0061814553778251,606.040148728674
8540,8990,169.6667,11737.56,5.65673,0.31019,-1.359877,0,0,0,0,0,0,0,0,0,0,0,0.0062038,602.600181880198,0.00618463565312175,606.338592888546
8541,8990,169.7333,11743.47,5.65897,0.310368,-1.366489,0,0,0,0,0,0,0,0,0,0,0,0.00620736,602.903598184345,0.00618817369750442,606.646037863571
8542,8990,169.8,11750.46,5.66115,0.310575,-1.367616,0,0,0,0,0,0,0,0,0,0,0,0.0062115,603.262461122754,0.00619228814910515,607.009625900018
8543,8990,169.8667,11756.55,5.66347,0.310758,-1.360029,0,0,0,0,0,0,0,0,0,0,0,0.00621516,603.575118532611,0.00619592554874084,607.326434466311
8544,8990,169.9333,11762.82,5.66569,0.310944,-1.369119,0,0,0,0,0,0,0,0,0,0,0,0.00621888,603.897017048179,0.00619962256432108,607.65258012956
8545,8990,170,11770.06,5.66787,0.31116,-1.363849,0,0,0,0,0,0,0,0,0,0,0,0.0062232,604.268714855629,0.00620391585558435,608.029199921919
8546,8990,170.0667,11776.24,5.67015,0.31134,-1.355108,0,0,0,0,0,0,0,0,0,0,0,0.0062268,604.585992818342,0.00620749358422368,608.350628878423
8547,8990,170.1333,11782.4,5.67237,0.311534,-1.363596,0,0,0,0,0,0,0,0,0,0,0,0.00623068,604.902243991532,0.00621134956631376,608.671196305125
8548,8990,170.2,11789.3,5.67449,0.311748,-1.36214,0,0,0,0,0,0,0,0,0,0,0,0.00623496,605.256486377085,0.00621560305508386,609.030236359386
8549,8990,170.2667,11795.43,5.67675,0.311903,-1.365264,0,0,0,0,0,0,0,0,0,0,0,0.00623806,605.571197365989,0.00621868384172718,609.34878682943
8550,8990,170.3333,11801.22,5.67901,0.312076,-1.366531,0,0,0,0,0,0,0,0,0,0,0,0.00624152,605.868452932997,0.0062221223859335,609.649992999347
8551,8990,170.4,11808.09,5.68118,0.312272,-1.366226,0,0,0,0,0,0,0,0,0,0,0,0.00624544,606.221155134265,0.00622601806334941,610.007272985387
8552,8990,170.4667,11814.46,5.68345,0.312486,-1.36987,0,0,0,0,0,0,0,0,0,0,0,0.00624972,606.54818759745,0.00623027148972781,610.338943936441
8553,8990,170.5333,11820.46,5.68569,0.312669,-1.362441,0,0,0,0,0,0,0,0,0,0,0,0.00625338,606.856224454452,0.00623390875120578,610.651127031331
8554,8990,170.6,11827.03,5.68789,0.312867,-1.36368,0,0,0,0,0,0,0,0,0,0,0,0.00625734,607.19352481287,0.00623784413396977,610.992941143423
8555,8990,170.6667,11833.43,5.69015,0.313043,-1.373711,0,0,0,0,0,0,0,0,0,0,0,0.00626086,607.52209746034,0.00624134223898085,611.325708259445
8556,8990,170.7333,11839.64,5.69232,0.313249,-1.370184,0,0,0,0,0,0,0,0,0,0,0,0.00626498,607.840915607338,0.00624543659634826,611.649026786799
8557,8990,170.8,11845.91,5.69448,0.313455,-1.363121,0,0,0,0,0,0,0,0,0,0,0,0.0062691,608.162814122906,0.00624953093695176,611.975447620923
8558,8990,170.8667,11851.76,5.69677,0.313605,-1.359083,0,0,0,0,0,0,0,0,0,0,0,0.0062721,608.463150058483,0.00625251224237793,612.279491781965
8559,8990,170.9333,11857.84,5.69898,0.313796,-1.354315,0,0,0,0,0,0,0,0,0,0,0,0.00627592,608.77529407358,0.00625630842508974,612.595919117162
8560,8990,171,11864.29,5.7012,0.314012,-1.349756,0,0,0,0,0,0,0,0,0,0,0,0.00628024,609.106433694858,0.00626060147299152,612.931768284005
8561,8990,171.0667,11870.73,5.70351,0.314193,-1.358239,0,0,0,0,0,0,0,0,0,0,0,0.00628386,609.437059921374,0.00626419887393889,613.266677084731
8562,8990,171.1333,11877.42,5.7057,0.314384,-1.358929,0,0,0,0,0,0,0,0,0,0,0,0.00628768,609.780521016932,0.00626799501228645,613.61462580332
8563,8990,171.2,11883.71,5.7079,0.314552,-1.350834,0,0,0,0,0,0,0,0,0,0,0,0.00629104,610.103446322023,0.0062713340121145,613.941631506973
8564,8990,171.2667,11890,5.71017,0.314755,-1.351622,0,0,0,0,0,0,0,0,0,0,0,0.0062951,610.426371627114,0.00627536862203185,614.269066679144
8565,8990,171.3333,11896.47,5.71236,0.314977,-1.352799,0,0,0,0,0,0,0,0,0,0,0,0.00629954,610.758538037916,0.00627978083690301,614.606035878627
8566,8990,171.4,11902.66,5.71454,0.315155,-1.352799,0,0,0,0,0,0,0,0,0,0,0,0.0063031,611.07632939539,0.00628331854467418,614.928004607202
8567,8990,171.4667,11908.89,5.71682,0.315323,-1.347982,0,0,0,0,0,0,0,0,0,0,0,0.00630646,611.396174331911,0.00628665749333744,615.251919849488
8568,8990,171.5333,11915.49,5.719,0.315526,-1.357909,0,0,0,0,0,0,0,0,0,0,0,0.00631052,611.735014874614,0.00629069204143111,615.595380920681
8569,8990,171.6,11921.67,5.72124,0.315745,-1.36125,0,0,0,0,0,0,0,0,0,0,0,0.0063149,612.052292837327,0.00629504456521076,615.917341861365
8570,8990,171.6667,11928.07,5.72352,0.315933,-1.353634,0,0,0,0,0,0,0,0,0,0,0,0.00631866,612.380865484797,0.00629878096320665,616.250291964301
8571,8990,171.7333,11934.78,5.72564,0.31614,-1.361553,0,0,0,0,0,0,0,0,0,0,0,0.0063228,612.725353369878,0.00630289495974524,616.599493234165
8572,8990,171.8,11940.72,5.7279,0.31633,-1.365136,0,0,0,0,0,0,0,0,0,0,0,0.0063266,613.030309858311,0.00630667107693684,616.90870741666
8573,8990,171.8667,11946.88,5.73018,0.316521,-1.365312,0,0,0,0,0,0,0,0,0,0,0,0.00633042,613.3465610315,0.00631046705405778,617.229302368385
8574,8990,171.9333,11953.7,5.73232,0.316692,-1.370568,0,0,0,0,0,0,0,0,0,0,0,0.00633384,613.69669625896,0.00631386553443808,617.583752941593
8575,8990,172,11959.56,5.7345,0.31686,-1.373908,0,0,0,0,0,0,0,0,0,0,0,0.0063372,613.997545589299,0.00631720438110823,617.888570835208
8576,8990,172.0667,11965.41,5.73682,0.317028,-1.366093,0,0,0,0,0,0,0,0,0,0,0,0.00634056,614.297881524877,0.00632054321663053,618.192874100558
8577,8990,172.1333,11972.24,5.73902,0.317236,-1.359403,0,0,0,0,0,0,0,0,0,0,0,0.00634472,614.648530147099,0.00632467699754638,618.548302969293
8578,8990,172.2,11978.63,5.74122,0.31744,-1.36309,0,0,0,0,0,0,0,0,0,0,0,0.0063488,614.976589399806,0.00632873126607711,618.880952770588
8579,8990,172.2667,11984.64,5.7435,0.317605,-1.362934,0,0,0,0,0,0,0,0,0,0,0,0.0063521,615.285139651571,0.00633201044183535,619.193492387152
8580,8990,172.3333,11991.39,5.74574,0.317801,-1.361422,0,0,0,0,0,0,0,0,0,0,0,0.00635602,615.631681115699,0.0063359056911872,619.544648393504
8581,8990,172.4,11997.75,5.74794,0.318012,-1.365977,0,0,0,0,0,0,0,0,0,0,0,0.00636024,615.958200184122,0.00634009902939783,619.875842167261
8582,8990,172.4667,12003.96,5.7502,0.318191,-1.36846,0,0,0,0,0,0,0,0,0,0,0,0.00636382,616.27701833112,0.00634365639731642,620.198894345916
8583,8990,172.5333,12010.66,5.75238,0.31843,-1.368401,0,0,0,0,0,0,0,0,0,0,0,0.0063686,616.620992821439,0.00634840615933401,620.548005276322
8584,8990,172.6,12016.65,5.75456,0.318621,-1.373966,0,0,0,0,0,0,0,0,0,0,0,0.00637242,616.928516283681,0.00635220197803292,620.859843899417
8585,8990,172.6667,12022.57,5.75682,0.318771,-1.371968,0,0,0,0,0,0,0,0,0,0,0,0.00637542,617.23244598259,0.00635518297738153,621.167562063356
8586,8990,172.7333,12029.15,5.75902,0.318956,-1.365112,0,0,0,0,0,0,0,0,0,0,0,0.00637912,617.57025973577,0.00635885953100656,621.509814531055
8587,8990,172.8,12035.15,5.76128,0.319168,-1.36382,0,0,0,0,0,0,0,0,0,0,0,0.00638336,617.878296592772,0.00636307264610794,621.822436196111
8588,8990,172.8667,12041.33,5.76354,0.319348,-1.364138,0,0,0,0,0,0,0,0,0,0,0,0.00638696,618.195574555485,0.00636664980537357,622.143964962348
8589,8990,172.9333,12048.26,5.76572,0.319562,-1.361104,0,0,0,0,0,0,0,0,0,0,0,0.00639124,618.551357125323,0.00637090263362854,622.504667301037
8590,8990,173,12054.43,5.76796,0.31973,-1.355162,0,0,0,0,0,0,0,0,0,0,0,0.0063946,618.868121693275,0.00637424128986632,622.825535784254
8591,8990,173.0667,12060.5,5.7702,0.319903,-1.362811,0,0,0,0,0,0,0,0,0,0,0,0.00639806,619.179752313609,0.00637767929922399,623.141301519697
8592,8990,173.1333,12067.18,5.77236,0.320112,-1.36394,0,0,0,0,0,0,0,0,0,0,0,0.00640224,619.522700014405,0.00638183271672886,623.489033025346
8593,8990,173.2,12073.22,5.77456,0.32032,-1.364508,0,0,0,0,0,0,0,0,0,0,0,0.0064064,619.832790450455,0.00638596624429563,623.803687239197
8594,8990,173.2667,12078.99,5.77682,0.320486,-1.366657,0,0,0,0,0,0,0,0,0,0,0,0.00640972,620.129019227939,0.00638926510499835,624.103872605065
8595,8990,173.3333,12085.79,5.77906,0.320682,-1.368115,0,0,0,0,0,0,0,0,0,0,0,0.00641364,620.478127665876,0.00639316013133604,624.457651004599
8596,8990,173.4,12092.39,5.78132,0.320875,-1.366068,0,0,0,0,0,0,0,0,0,0,0,0.0064175,620.816968208579,0.00639699552509874,624.801061102057
8597,8990,173.4667,12098.74,5.78352,0.321076,-1.365065,0,0,0,0,0,0,0,0,0,0,0,0.00642152,621.14297388224,0.00640098988327647,625.131655911884
8598,8990,173.5333,12105.5,5.78574,0.321267,-1.360345,0,0,0,0,0,0,0,0,0,0,0,0.00642534,621.49002874113,0.00640478550238294,625.483313482401
8599,8990,173.6,12111.84,5.78802,0.321465,-1.359078,0,0,0,0,0,0,0,0,0,0,0,0.0064293,621.815521020029,0.00640872021274029,625.813359549323
8600,8990,173.6667,12118.16,5.79016,0.321687,-1.365903,0,0,0,0,0,0,0,0,0,0,0,0.00643374,622.139986509405,0.0064131318392761,626.14267342621
8601,8990,173.7333,12124.62,5.79234,0.321898,-1.373686,0,0,0,0,0,0,0,0,0,0,0,0.00643796,622.471639525445,0.00641732485366434,626.479087041844
8602,8990,173.8,12130.61,5.79466,0.322063,-1.369243,0,0,0,0,0,0,0,0,0,0,0,0.00644126,622.779162987686,0.00642060373892198,626.790645499072
8603,8990,173.8667,12136.77,5.79684,0.322247,-1.363176,0,0,0,0,0,0,0,0,0,0,0,0.00644494,623.095414160876,0.00642426018010586,627.111226719418
8604,8990,173.9333,12143.41,5.79906,0.322437,-1.355288,0,0,0,0,0,0,0,0,0,0,0,0.00644874,623.436308282625,0.00642803583903684,627.4566869413
8605,8990,174,12149.59,5.80134,0.322621,-1.355816,0,0,0,0,0,0,0,0,0,0,0,0.00645242,623.753586245338,0.00643169225304582,627.778306360299
8606,8990,174.0667,12155.88,5.8035,0.322827,-1.354865,0,0,0,0,0,0,0,0,0,0,0,0.00645654,624.076511550429,0.00643578583112802,628.105886510315
8607,8990,174.1333,12162.31,5.80572,0.323018,-1.359713,0,0,0,0,0,0,0,0,0,0,0,0.00646036,624.406624382184,0.00643958131816465,628.440515962078
8608,8990,174.2,12168.53,5.80804,0.323206,-1.364848,0,0,0,0,0,0,0,0,0,0,0,0.00646412,624.725955923944,0.00644331717615374,628.764259470151
8609,8990,174.2667,12174.92,5.81018,0.323409,-1.356617,0,0,0,0,0,0,0,0,0,0,0,0.00646818,625.054015176651,0.00644735109224717,629.096977056537
8610,8990,174.3333,12181.25,5.81236,0.323603,-1.356269,0,0,0,0,0,0,0,0,0,0,0,0.00647206,625.378994060789,0.00645120614956369,629.42648443309
8611,8990,174.4,12187.33,5.81466,0.323804,-1.367222,0,0,0,0,0,0,0,0,0,0,0,0.00647608,625.691138075885,0.00645520029121129,629.743163941356
8612,8990,174.4667,12193.64,5.81682,0.323954,-1.370188,0,0,0,0,0,0,0,0,0,0,0,0.00647908,626.0150901705,0.00645818098353827,630.071092020922
8613,8990,174.5333,12199.92,5.81906,0.324135,-1.361962,0,0,0,0,0,0,0,0,0,0,0,0.0064827,626.337502080829,0.0064617776737844,630.397860205569
8614,8990,174.6,12206.3,5.82138,0.324326,-1.361641,0,0,0,0,0,0,0,0,0,0,0,0.00648652,626.665047938776,0.0064655730621708,630.729923305532
8615,8990,174.6667,12213.22,5.8235,0.324552,-1.359932,0,0,0,0,0,0,0,0,0,0,0,0.00649104,627.020317113852,0.00647006392196963,631.090331073051
8616,8990,174.7333,12219.44,5.82574,0.324738,-1.358285,0,0,0,0,0,0,0,0,0,0,0,0.00649476,627.339648655612,0.00647375992419681,631.414069112114
8617,8990,174.8,12225.6,5.82808,0.324921,-1.363054,0,0,0,0,0,0,0,0,0,0,0,0.00649842,627.655899828801,0.0064773963001531,631.734671481367
8618,8990,174.8667,12232.72,5.83018,0.325153,-1.361328,0,0,0,0,0,0,0,0,0,0,0,0.00650306,628.021436899111,0.00648200633153769,632.105497984552
8619,8990,174.9333,12238.84,5.83234,0.325371,-1.367597,0,0,0,0,0,0,0,0,0,0,0,0.00650742,628.335634493254,0.00648633815200584,632.424478367868
8620,8990,175,12244.58,5.8347,0.325527,-1.378863,0,0,0,0,0,0,0,0,0,0,0,0.00651054,628.630323086453,0.00648943797531803,632.723045950121
8621,8990,175.0667,12251.32,5.83686,0.325715,-1.373821,0,0,0,0,0,0,0,0,0,0,0,0.0065143,628.97635115582,0.00649317364705472,633.073691800154
8622,8990,175.1333,12257.75,5.83902,0.325916,-1.362508,0,0,0,0,0,0,0,0,0,0,0,0.00651832,629.306463987574,0.00649716762108183,633.408484897914
8623,8990,175.2,12263.63,5.8414,0.326091,-1.370778,0,0,0,0,0,0,0,0,0,0,0,0.00652182,629.608340107437,0.00650064494866242,633.714532372116
8624,8990,175.2667,12270.58,5.84358,0.326318,-1.374246,0,0,0,0,0,0,0,0,0,0,0,0.00652636,629.965149466799,0.00650515552128087,634.076528819673
8625,8990,175.3333,12277.15,5.84574,0.326511,-1.364636,0,0,0,0,0,0,0,0,0,0,0,0.00653022,630.302449825217,0.00650899048552203,634.418463489114
8626,8990,175.4,12283.24,5.84808,0.3267,-1.364628,0,0,0,0,0,0,0,0,0,0,0,0.006534,630.615107235074,0.00651274595438643,634.735546345748
8627,8990,175.4667,12290.11,5.85024,0.326896,-1.360129,0,0,0,0,0,0,0,0,0,0,0,0.00653792,630.967809436343,0.00651664049979337,635.093026497013
8628,8990,175.5333,12296.39,5.85234,0.327066,-1.364098,0,0,0,0,0,0,0,0,0,0,0,0.00654132,631.290221346672,0.00652001840954718,635.419692697371
8629,8990,175.6,12302,5.85472,0.327257,-1.36829,0,0,0,0,0,0,0,0,0,0,0,0.00654514,631.57823580797,0.00652381357689444,635.712003782286
8630,8990,175.6667,12308.92,5.8569,0.327463,-1.36997,0,0,0,0,0,0,0,0,0,0,0,0.00654926,631.933504983046,0.00652790677788872,636.072201809891
8631,8990,175.7333,12315.49,5.85904,0.327684,-1.367037,0,0,0,0,0,0,0,0,0,0,0,0.00655368,632.270805341464,0.0065322980088707,636.414505873014
8632,8990,175.8,12321.46,5.86144,0.32786,-1.37032,0,0,0,0,0,0,0,0,0,0,0,0.0065572,632.577302014182,0.00653579508400463,636.725237898949
8633,8990,175.8667,12328.62,5.8636,0.328081,-1.362416,0,0,0,0,0,0,0,0,0,0,0,0.00656162,632.944892663539,0.00654018628034744,637.098036530138
8634,8990,175.9333,12335.16,5.86576,0.328282,-1.36313,0,0,0,0,0,0,0,0,0,0,0,0.00656564,633.280652837671,0.0065441800666121,637.438545623169
8635,8990,176,12341.05,5.86808,0.328461,-1.362616,0,0,0,0,0,0,0,0,0,0,0,0.00656922,633.583042352296,0.00654773670861472,637.745188745777
8636,8990,176.0667,12347.88,5.87024,0.328684,-1.367999,0,0,0,0,0,0,0,0,0,0,0,0.00657368,633.933690974517,0.00655216759129075,638.100968200203
8637,8990,176.1333,12354.28,5.87235,0.32888,-1.370373,0,0,0,0,0,0,0,0,0,0,0,0.0065776,634.262263621987,0.00655606198317166,638.434187087187
8638,8990,176.2,12359.8,5.8747,0.329043,-1.3691,0,0,0,0,0,0,0,0,0,0,0,0.00658086,634.545657530429,0.00655930067507269,638.721513666245
8639,8990,176.2667,12366.49,5.87696,0.329239,-1.371608,0,0,0,0,0,0,0,0,0,0,0,0.00658478,634.889118625988,0.00656319503917496,639.069723796534
8640,8990,176.3333,12373.31,5.87912,0.329453,-1.371414,0,0,0,0,0,0,0,0,0,0,0,0.00658906,635.239253853447,0.00656744703164072,639.424883411443
8641,8990,176.4,12379.53,5.88138,0.329644,-1.365739,0,0,0,0,0,0,0,0,0,0,0,0.00659288,635.558585395207,0.00657124201899281,639.748746881687
8642,8990,176.4667,12386.13,5.88362,0.329845,-1.366286,0,0,0,0,0,0,0,0,0,0,0,0.0065969,635.89742593791,0.00657523568122966,640.09237766708
8643,8990,176.5333,12392.47,5.8858,0.330043,-1.374183,0,0,0,0,0,0,0,0,0,0,0,0.00660086,636.222918216809,0.00657916972097362,640.42253662875
8644,8990,176.6,12398.68,5.888,0.330221,-1.375999,0,0,0,0,0,0,0,0,0,0,0,0.00660442,636.541736363807,0.00658270636975481,640.745725338283
8645,8990,176.6667,12405.2,5.89024,0.330415,-1.373469,0,0,0,0,0,0,0,0,0,0,0,0.0066083,636.876469748417,0.0065865609053053,641.085140523455
8646,8990,176.7333,12411.5,5.89248,0.330629,-1.372456,0,0,0,0,0,0,0,0,0,0,0,0.00661258,637.19990844827,0.00659081279842116,641.413443818877
8647,8990,176.8,12417.78,5.89468,0.330814,-1.373538,0,0,0,0,0,0,0,0,0,0,0,0.00661628,637.522320358599,0.00659448848584395,641.740346536342
8648,8990,176.8667,12424.41,5.89692,0.331013,-1.376942,0,0,0,0,0,0,0,0,0,0,0,0.00662026,637.862701085587,0.00659844231831315,642.085518011076
8649,8990,176.9333,12430.83,5.89918,0.331226,-1.373943,0,0,0,0,0,0,0,0,0,0,0,0.00662452,638.19230052258,0.0066026742925293,642.420018181238
8650,8990,177,12437.19,5.90134,0.33142,-1.370559,0,0,0,0,0,0,0,0,0,0,0,0.0066284,638.518819591003,0.00660652875111385,642.75117773478
8651,8990,177.0667,12443.64,5.90362,0.331631,-1.366089,0,0,0,0,0,0,0,0,0,0,0,0.00663262,638.849959212281,0.00661072095466616,643.087208228752
8652,8990,177.1333,12450,5.90588,0.33183,-1.359336,0,0,0,0,0,0,0,0,0,0,0,0.0066366,639.176478280704,0.00661467472295555,643.418436896462
8653,8990,177.2,12456.47,5.90801,0.332028,-1.357811,0,0,0,0,0,0,0,0,0,0,0,0.00664056,639.508644691505,0.0066186086075479,643.755340217098
8654,8990,177.2667,12462.73,5.91025,0.332204,-1.357995,0,0,0,0,0,0,0,0,0,0,0,0.00664408,639.830029812312,0.00662210538086073,644.081111716787
8655,8990,177.3333,12468.75,5.91252,0.332384,-1.367061,0,0,0,0,0,0,0,0,0,0,0,0.00664768,640.139093458838,0.00662568161364667,644.394533307642
8656,8990,177.4,12475.07,5.91467,0.33258,-1.373252,0,0,0,0,0,0,0,0,0,0,0,0.0066516,640.463558948214,0.00662957571924647,644.723666356914
8657,8990,177.4667,12481.55,5.91693,0.332771,-1.377635,0,0,0,0,0,0,0,0,0,0,0,0.00665542,640.796238753777,0.00663337047082875,645.061006857104
8658,8990,177.5333,12487.71,5.91924,0.332987,-1.374404,0,0,0,0,0,0,0,0,0,0,0,0.00665974,641.112489926966,0.00663766190029373,645.382132420633
8659,8990,177.6,12494.49,5.92137,0.333193,-1.367129,0,0,0,0,0,0,0,0,0,0,0,0.00666386,641.46057157538,0.00664175463531165,645.735175019878
8660,8990,177.6667,12500.78,5.92359,0.333377,-1.366541,0,0,0,0,0,0,0,0,0,0,0,0.00666754,641.783496880471,0.00664541026796116,646.062614017261
8661,8990,177.7333,12506.61,5.92594,0.333552,-1.368633,0,0,0,0,0,0,0,0,0,0,0,0.00667104,642.082806026525,0.00664888708009283,646.36616610884
8662,8990,177.8,12513.37,5.92803,0.333741,-1.371471,0,0,0,0,0,0,0,0,0,0,0,0.00667482,642.429860885415,0.00665264202361744,646.71796456945
8663,8990,177.8667,12519.66,5.93017,0.333942,-1.36559,0,0,0,0,0,0,0,0,0,0,0,0.00667884,642.752786190506,0.00665663536078404,647.045629209027
8664,8990,177.9333,12525.18,5.93255,0.334132,-1.364096,0,0,0,0,0,0,0,0,0,0,0,0.00668264,643.036180098949,0.00666041014244918,647.333359397525
8665,8990,178,12531.75,5.93471,0.334313,-1.373135,0,0,0,0,0,0,0,0,0,0,0,0.00668626,643.373480457367,0.00666400610541452,647.675242824809
8666,8990,178.0667,12538.4,5.93685,0.334512,-1.368845,0,0,0,0,0,0,0,0,0,0,0,0.00669024,643.714887973878,0.0066679596630328,648.021495065996
8667,8990,178.1333,12544.33,5.93925,0.334718,-1.357593,0,0,0,0,0,0,0,0,0,0,0,0.00669436,644.019331067549,0.00667205227405214,648.330628316674
8668,8990,178.2,12550.94,5.94141,0.334921,-1.35688,0,0,0,0,0,0,0,0,0,0,0,0.00669842,644.358685005014,0.00667608526755475,648.674870107825
8669,8990,178.2667,12557.55,5.94357,0.335127,-1.361313,0,0,0,0,0,0,0,0,0,0,0,0.00670254,644.698038942478,0.00668017784531935,649.019153336412
8670,8990,178.3333,12563.56,5.94594,0.335311,-1.35855,0,0,0,0,0,0,0,0,0,0,0,0.00670622,645.006589194243,0.00668383333751068,649.332145282829
8671,8990,178.4,12570.2,5.94807,0.335506,-1.362804,0,0,0,0,0,0,0,0,0,0,0,0.00671012,645.347483315993,0.00668770734997631,649.677842370741
8672,8990,178.4667,12576.54,5.95019,0.335687,-1.36414,0,0,0,0,0,0,0,0,0,0,0,0.00671374,645.672975594892,0.00669130321478343,650.007856078063
8673,8990,178.5333,12582.25,5.95257,0.335881,-1.371339,0,0,0,0,0,0,0,0,0,0,0,0.00671762,645.966124003806,0.00669515733176726,650.305478957737
8674,8990,178.6,12588.68,5.95471,0.336097,-1.373227,0,0,0,0,0,0,0,0,0,0,0,0.00672194,646.296236835561,0.00669944849608704,650.640601361795
8675,8990,178.6667,12595.18,5.95689,0.336285,-1.367333,0,0,0,0,0,0,0,0,0,0,0,0.0067257,646.629943430647,0.00670318338337721,650.978982441179
8676,8990,178.7333,12601.29,5.95929,0.336494,-1.37407,0,0,0,0,0,0,0,0,0,0,0,0.00672988,646.943627630028,0.00670733544915053,651.297480610743
8677,8990,178.8,12608.26,5.96145,0.336702,-1.366837,0,0,0,0,0,0,0,0,0,0,0,0.00673404,647.301463778913,0.00671146763146452,651.660417728059
8678,8990,178.8667,12614.78,5.96359,0.336888,-1.359352,0,0,0,0,0,0,0,0,0,0,0,0.00673776,647.636197163523,0.00671516274157239,651.999814427323
8679,8990,178.9333,12620.64,5.96593,0.337074,-1.365911,0,0,0,0,0,0,0,0,0,0,0,0.00674148,647.937046493862,0.00671885783802647,652.30510113406
8680,8990,179,12627.26,5.96809,0.33728,-1.363778,0,0,0,0,0,0,0,0,0,0,0,0.0067456,648.276913826089,0.00672295024074488,652.649930575994
8681,8990,179.0667,12633.68,5.97019,0.337473,-1.363842,0,0,0,0,0,0,0,0,0,0,0,0.00674946,648.606513263082,0.00672678436984384,652.98425698009
8682,8990,179.1333,12639.31,5.97253,0.337677,-1.363012,0,0,0,0,0,0,0,0,0,0,0,0.00675354,648.895554513903,0.00673083700845434,653.277896597134
8683,8990,179.2,12645.74,5.97479,0.337873,-1.364652,0,0,0,0,0,0,0,0,0,0,0,0.00675746,649.225667345657,0.00673473070459004,653.612783823719
8684,8990,179.2667,12652.56,5.97695,0.338066,-1.362226,0,0,0,0,0,0,0,0,0,0,0,0.00676132,649.575802573117,0.00673856478852153,653.967792438571
8685,8990,179.3333,12658.72,5.97921,0.338265,-1.358345,0,0,0,0,0,0,0,0,0,0,0,0.0067653,649.892053746306,0.00674251805137933,654.288768457516
8686,8990,179.4,12665.3,5.98147,0.338425,-1.365496,0,0,0,0,0,0,0,0,0,0,0,0.0067685,650.229867499486,0.00674569654284531,654.630948357656
8687,8990,179.4667,12671.63,5.98365,0.338616,-1.366189,0,0,0,0,0,0,0,0,0,0,0,0.00677232,650.554846383624,0.00674949085380455,654.960611980885
8688,8990,179.5333,12677.84,5.98589,0.338855,-1.359324,0,0,0,0,0,0,0,0,0,0,0,0.0067771,650.873664530622,0.00675423868860072,655.284700442512
8689,8990,179.6,12684.36,5.98811,0.339043,-1.35706,0,0,0,0,0,0,0,0,0,0,0,0.00678086,651.208397915232,0.00675797337126168,655.624150892319
8690,8990,179.6667,12690.36,5.99029,0.339206,-1.36128,0,0,0,0,0,0,0,0,0,0,0,0.00678412,651.516434772234,0.00676121140930101,655.936400447701
8691,8990,179.7333,12696.36,5.99253,0.339402,-1.366778,0,0,0,0,0,0,0,0,0,0,0,0.00678804,651.824471629237,0.00676510498717005,656.249082215635
8692,8990,179.8,12702.92,5.99481,0.339621,-1.367419,0,0,0,0,0,0,0,0,0,0,0,0.00679242,652.161258592893,0.00676945544655028,656.591011768985
8693,8990,179.8667,12709.25,5.99701,0.339825,-1.363952,0,0,0,0,0,0,0,0,0,0,0,0.0067965,652.486237477031,0.00677350791223437,656.920860190044
8694,8990,179.9333,12715.62,5.99923,0.340015,-1.349162,0,0,0,0,0,0,0,0,0,0,0,0.0068003,652.813269940216,0.00677728225275776,657.25259601979
8695,8990,180,12722.19,6.00147,0.340206,-1.349235,0,0,0,0,0,0,0,0,0,0,0,0.00680412,653.150570298634,0.00678107644387289,657.594685157014
8696,8990,180.0667,12728.29,6.00367,0.340382,-1.347285,0,0,0,0,0,0,0,0,0,0,0,0.00680764,653.463741103253,0.00678457264911946,657.912287005737
8697,8990,180.1333,12734.54,6.00585,0.340601,-1.351478,0,0,0,0,0,0,0,0,0,0,0,0.00681202,653.784612829298,0.00678892302380743,658.238206687583
8698,8990,180.2,12740.93,6.00811,0.340815,-1.358505,0,0,0,0,0,0,0,0,0,0,0,0.0068163,654.112672082006,0.00679317405659008,658.571300288718
8699,8990,180.2667,12747.02,6.01035,0.34099,-1.360773,0,0,0,0,0,0,0,0,0,0,0,0.0068198,654.425329491864,0.00679665035501344,658.888379353932
8700,8990,180.3333,12753.37,6.01251,0.341168,-1.350606,0,0,0,0,0,0,0,0,0,0,0,0.00682336,654.751335165525,0.00680018623472723,659.21893923584
8701,8990,180.4,12759.74,6.01475,0.341356,-1.348163,0,0,0,0,0,0,0,0,0,0,0,0.00682712,655.078367628709,0.00680392074579295,659.550666253915
8702,8990,180.4667,12765.59,6.01707,0.34153,-1.353981,0,0,0,0,0,0,0,0,0,0,0,0.0068306,655.378703564287,0.00680737714254338,659.855333336853
8703,8990,180.5333,12772.14,6.01919,0.341741,-1.353729,0,0,0,0,0,0,0,0,0,0,0,0.00683482,655.714977133182,0.00681156850418468,660.196670973191
8704,8990,180.6,12778.63,6.02141,0.341932,-1.349515,0,0,0,0,0,0,0,0,0,0,0,0.00683864,656.048170333506,0.00681536256521392,660.534647593076
8705,8990,180.6667,12784.42,6.02379,0.342117,-1.347159,0,0,0,0,0,0,0,0,0,0,0,0.00684234,656.345425900514,0.00681903742735613,660.83636446197
8706,8990,180.7333,12791.08,6.02591,0.342339,-1.346783,0,0,0,0,0,0,0,0,0,0,0,0.00684678,656.687346811787,0.00682344724410094,661.183540604191
8707,8990,180.8,12797.91,6.02805,0.342558,-1.343313,0,0,0,0,0,0,0,0,0,0,0,0.00685116,657.037995434009,0.00682779744967351,661.539467866806
8708,8990,180.8667,12803.61,6.03041,0.342718,-1.351027,0,0,0,0,0,0,0,0,0,0,0,0.00685436,657.330630448161,0.00683097567009163,661.83621122828
8709,8990,180.9333,12809.92,6.03257,0.342904,-1.350632,0,0,0,0,0,0,0,0,0,0,0,0.00685808,657.654582542776,0.00683467033863134,662.164830282221
8710,8990,181,12816.74,6.03471,0.343117,-1.350863,0,0,0,0,0,0,0,0,0,0,0,0.00686234,658.004717770235,0.006838901313257,662.520169865179
8711,8990,181.0667,12822.64,6.03711,0.343308,-1.356919,0,0,0,0,0,0,0,0,0,0,0,0.00686616,658.307620679621,0.00684269527058529,662.827666132427
8712,8990,181.1333,12829.11,6.03927,0.343519,-1.362265,0,0,0,0,0,0,0,0,0,0,0,0.00687038,658.639787090423,0.00684688648419869,663.164892710853
8713,8990,181.2,12835.88,6.04141,0.343738,-1.352592,0,0,0,0,0,0,0,0,0,0,0,0.00687476,658.987355344074,0.00685123658780716,663.5177352551
8714,8990,181.2667,12841.8,6.04381,0.343927,-1.351206,0,0,0,0,0,0,0,0,0,0,0,0.00687854,659.291285042984,0.00685499077159909,663.826246518803
8715,8990,181.3333,12848.17,6.04593,0.344112,-1.35419,0,0,0,0,0,0,0,0,0,0,0,0.00688224,659.618317506168,0.00685866548811626,664.157969075642
8716,8990,181.4,12854.82,6.04801,0.344318,-1.36066,0,0,0,0,0,0,0,0,0,0,0,0.00688636,659.95972502268,0.00686275731872684,664.504445274687
8717,8990,181.4667,12860.22,6.05041,0.344471,-1.369222,0,0,0,0,0,0,0,0,0,0,0,0.00688942,660.236958193982,0.00686579638596605,664.785607898503
8718,8990,181.5333,12866.52,6.05257,0.344659,-1.358585,0,0,0,0,0,0,0,0,0,0,0,0.00689318,660.560396893835,0.00686953065201843,665.113758610496
8719,8990,181.6,12873.67,6.05471,0.344904,-1.349079,0,0,0,0,0,0,0,0,0,0,0,0.00689808,660.92747414843,0.00687439709482937,665.486604739304
8720,8990,181.6667,12879.66,6.05715,0.3451,-1.34466,0,0,0,0,0,0,0,0,0,0,0,0.006902,661.234997610671,0.00687829023202693,665.79884156418
8721,8990,181.7333,12886.28,6.05933,0.345301,-1.340769,0,0,0,0,0,0,0,0,0,0,0,0.00690602,661.574864942897,0.00688228266820761,666.14371419169
8722,8990,181.8,12893.33,6.06141,0.345532,-1.345739,0,0,0,0,0,0,0,0,0,0,0,0.00691064,661.936808249876,0.00688687097069998,666.51121523444
8723,8990,181.8667,12899.24,6.06381,0.345715,-1.352461,0,0,0,0,0,0,0,0,0,0,0,0.0069143,662.240224554023,0.00689050584474218,666.819152138657
8724,8990,181.9333,12905.51,6.06599,0.345906,-1.347919,0,0,0,0,0,0,0,0,0,0,0,0.00691812,662.562123069591,0.0068942996062905,667.145807344441
8725,8990,182,12912.13,6.06802,0.34611,-1.343432,0,0,0,0,0,0,0,0,0,0,0,0.0069222,662.901990401817,0.00689835156608052,667.490730559777
8726,8990,182.0667,12917.67,6.07039,0.346301,-1.341158,0,0,0,0,0,0,0,0,0,0,0,0.00692602,663.186411099783,0.00690214529786444,667.779653446789
8727,8990,182.1333,12923.86,6.07267,0.346489,-1.339265,0,0,0,0,0,0,0,0,0,0,0,0.00692978,663.504202457258,0.00690587942818303,668.102140609362
8728,8990,182.2,12931.03,6.07479,0.34671,-1.34205,0,0,0,0,0,0,0,0,0,0,0,0.0069342,663.872306501376,0.00691026899971684,668.475729849118
8729,8990,182.2667,12937.42,6.07707,0.346924,-1.352641,0,0,0,0,0,0,0,0,0,0,0,0.00693848,664.200365754084,0.00691451951668616,668.808906707862
8730,8990,182.3333,12943.6,6.07935,0.347112,-1.357789,0,0,0,0,0,0,0,0,0,0,0,0.00694224,664.517643716797,0.00691825360079818,669.130884683713
8731,8990,182.4,12950.08,6.08149,0.347288,-1.355999,0,0,0,0,0,0,0,0,0,0,0,0.00694576,664.85032352236,0.00692174932647898,669.468214305469
8732,8990,182.4667,12956.38,6.08373,0.347484,-1.351243,0,0,0,0,0,0,0,0,0,0,0,0.00694968,665.173762222213,0.00692564227933252,669.796507014053
8733,8990,182.5333,12962.45,6.08597,0.347685,-1.348246,0,0,0,0,0,0,0,0,0,0,0,0.0069537,665.485392842547,0.00692963452646803,670.112978618757
8734,8990,182.6,12968.53,6.08808,0.347866,-1.34824,0,0,0,0,0,0,0,0,0,0,0,0.00695732,665.797536857643,0.0069332295214445,670.429703376774
8735,8990,182.6667,12974.51,6.09037,0.348051,-1.35066,0,0,0,0,0,0,0,0,0,0,0,0.00696102,666.104546925123,0.00693690395046844,670.74131399836
8736,8990,182.7333,12980.92,6.09265,0.34828,-1.349968,0,0,0,0,0,0,0,0,0,0,0,0.0069656,666.433632967354,0.0069414522790465,671.075743081151
8737,8990,182.8,12987.31,6.09483,0.348481,-1.34969,0,0,0,0,0,0,0,0,0,0,0,0.00696962,666.761692220062,0.00694544446306521,671.408767845393
8738,8990,182.8667,12993.76,6.09709,0.348677,-1.35419,0,0,0,0,0,0,0,0,0,0,0,0.00697354,667.09283184134,0.00694933732367597,671.744830387899
8739,8990,182.9333,13000.33,6.09933,0.348883,-1.353072,0,0,0,0,0,0,0,0,0,0,0,0.00697766,667.430132199758,0.00695342878329034,672.087232736003
8740,8990,183,13006.55,6.10149,0.349062,-1.348817,0,0,0,0,0,0,0,0,0,0,0,0.00698124,667.749463741517,0.00695698397004217,672.411183007768
8741,8990,183.0667,13012.71,6.10371,0.349275,-1.352069,0,0,0,0,0,0,0,0,0,0,0,0.0069855,668.065714914707,0.0069612144271947,672.732487966244
8742,8990,183.1333,13019.09,6.10599,0.349497,-1.355305,0,0,0,0,0,0,0,0,0,0,0,0.00698994,668.393260772653,0.00696562361701073,673.065289561858
8743,8990,183.2,13025.38,6.10817,0.349698,-1.358286,0,0,0,0,0,0,0,0,0,0,0,0.00699396,668.716186077744,0.00696961570453437,673.393160334525
8744,8990,183.2667,13031.79,6.11039,0.349876,-1.354617,0,0,0,0,0,0,0,0,0,0,0,0.00699752,669.045272119976,0.00697315097271746,673.726929792541
8745,8990,183.3333,13038.25,6.11263,0.350064,-1.357844,0,0,0,0,0,0,0,0,0,0,0,0.00700128,669.376925136015,0.00697688483790151,674.063420414432
8746,8990,183.4,13044.29,6.11491,0.35028,-1.357978,0,0,0,0,0,0,0,0,0,0,0,0.0070056,669.687015572065,0.00698117479345514,674.378574928356
8747,8990,183.4667,13050.92,6.11706,0.350497,-1.35769,0,0,0,0,0,0,0,0,0,0,0,0.00700994,670.027396299053,0.00698548459138258,674.724248145465
8748,8990,183.5333,13057.46,6.1193,0.350667,-1.357421,0,0,0,0,0,0,0,0,0,0,0,0.00701334,670.363156473186,0.00698886091779722,675.064641213006
8749,8990,183.6,13063.13,6.12159,0.350853,-1.353352,0,0,0,0,0,0,0,0,0,0,0,0.00701706,670.654251303053,0.00699255500305018,675.360272423702
8750,8990,183.6667,13069.62,6.12376,0.351062,-1.355209,0,0,0,0,0,0,0,0,0,0,0,0.00702124,670.987444503378,0.00699670586751004,675.698608388223
8751,8990,183.7333,13076.24,6.12592,0.351265,-1.35748,0,0,0,0,0,0,0,0,0,0,0,0.0070253,671.327311835604,0.00700073755190198,676.043587599443
8752,8990,183.8,13081.72,6.1282,0.351433,-1.354574,0,0,0,0,0,0,0,0,0,0,0,0.00702866,671.608652165,0.00700407410600306,676.329161034126
8753,8990,183.8667,13087.78,6.13042,0.351642,-1.352394,0,0,0,0,0,0,0,0,0,0,0,0.00703284,671.919769390573,0.00700822492264884,676.645273621534
8754,8990,183.9333,13094.58,6.1326,0.351866,-1.343107,0,0,0,0,0,0,0,0,0,0,0,0.00703732,672.268877828509,0.0070126736256673,676.99984904783
8755,8990,184,13100.58,6.13491,0.352039,-1.357558,0,0,0,0,0,0,0,0,0,0,0,0.00704078,672.576914685512,0.00701610944079291,677.312380774892
8756,8990,184.0667,13106.87,6.1371,0.352237,-1.357924,0,0,0,0,0,0,0,0,0,0,0,0.00704474,672.899839990603,0.00702004174650743,677.640244409379
8757,8990,184.1333,13113.7,6.13932,0.352471,-1.360606,0,0,0,0,0,0,0,0,0,0,0,0.00704942,673.250488612825,0.00702468899696169,677.996514072262
8758,8990,184.2,13119.71,6.14163,0.35268,-1.355444,0,0,0,0,0,0,0,0,0,0,0,0.0070536,673.559038864589,0.00702883972804012,678.310054901125
8759,8990,184.2667,13126.03,6.14378,0.352871,-1.352252,0,0,0,0,0,0,0,0,0,0,0,0.00705742,673.883504353966,0.00703263296481997,678.639383275263
8760,8990,184.3333,13132.62,6.14592,0.353057,-1.352349,0,0,0,0,0,0,0,0,0,0,0,0.00706114,674.221831501907,0.00703632688837931,678.982606245198
8761,8990,184.4,13138.34,6.14824,0.353255,-1.358156,0,0,0,0,0,0,0,0,0,0,0,0.0070651,674.515493305583,0.00704025911459361,679.281012717336
8762,8990,184.4667,13144.46,6.15042,0.353487,-1.358429,0,0,0,0,0,0,0,0,0,0,0,0.00706974,674.829690899726,0.00704486655189906,679.600561358667
8763,8990,184.5333,13151.48,6.1526,0.353677,-1.357539,0,0,0,0,0,0,0,0,0,0,0,0.00707354,675.190094022419,0.00704863986836342,679.96607816009
8764,8990,184.6,13157.55,6.15498,0.353856,-1.353345,0,0,0,0,0,0,0,0,0,0,0,0.00707712,675.501724642753,0.00705219471663878,680.282331408257
8765,8990,184.6667,13164.03,6.15716,0.354062,-1.346221,0,0,0,0,0,0,0,0,0,0,0,0.00708124,675.834404448316,0.00705628575543878,680.620150066472
8766,8990,184.7333,13171.12,6.1593,0.354275,-1.336859,0,0,0,0,0,0,0,0,0,0,0,0.0070855,676.198401334341,0.00706051579252111,680.989605106996
8767,8990,184.8,13177.18,6.16162,0.354456,-1.336738,0,0,0,0,0,0,0,0,0,0,0,0.00708912,676.509518559914,0.00706411031701173,681.305375718127
8768,8990,184.8667,13183.36,6.16382,0.354665,-1.345242,0,0,0,0,0,0,0,0,0,0,0,0.0070933,676.826796522627,0.0070682608844662,681.627732038401
8769,8990,184.9333,13190,6.1659,0.354881,-1.353396,0,0,0,0,0,0,0,0,0,0,0,0.00709762,677.167690644377,0.00707255044803941,681.973969588848
8770,8990,185,13195.82,6.16822,0.355085,-1.348894,0,0,0,0,0,0,0,0,0,0,0,0.0071017,677.466486395669,0.00707660168563001,682.277650142105
8771,8990,185.0667,13201.67,6.17048,0.355263,-1.351078,0,0,0,0,0,0,0,0,0,0,0,0.00710526,677.766822331247,0.00708013657560965,682.582531823284
8772,8990,185.1333,13208.54,6.17264,0.355456,-1.349056,0,0,0,0,0,0,0,0,0,0,0,0.00710912,678.119524532515,0.00708396933545727,682.94035760676
8773,8990,185.2,13215,6.17496,0.355655,-1.347953,0,0,0,0,0,0,0,0,0,0,0,0.0071131,678.451177548555,0.00708792123307859,683.277068619575
8774,8990,185.2667,13221.33,6.17716,0.355889,-1.351657,0,0,0,0,0,0,0,0,0,0,0,0.00711778,678.776156432692,0.00709256816809131,683.607535783426
8775,8990,185.3333,13227.87,6.17934,0.356077,-1.348352,0,0,0,0,0,0,0,0,0,0,0,0.00712154,679.111916606826,0.00709630158741511,683.948239285418
8776,8990,185.4,13234.1,6.18162,0.35627,-1.352722,0,0,0,0,0,0,0,0,0,0,0,0.0071254,679.431761543347,0.00710013428530675,684.272984617048
8777,8990,185.4667,13240.43,6.18378,0.356466,-1.360124,0,0,0,0,0,0,0,0,0,0,0,0.00712932,679.756740427485,0.00710402654377934,684.602943752149
8778,8990,185.5333,13246.51,6.18592,0.356672,-1.357733,0,0,0,0,0,0,0,0,0,0,0,0.00713344,680.068884442581,0.00710811737053926,684.920115025619
8779,8990,185.6,13252.54,6.18826,0.356858,-1.359238,0,0,0,0,0,0,0,0,0,0,0,0.00713716,680.378461483868,0.00711181101527601,685.234431424033
8780,8990,185.6667,13259,6.19046,0.357059,-1.358659,0,0,0,0,0,0,0,0,0,0,0,0.00714118,680.710114499908,0.00711580251925058,685.571187955373
8781,8990,185.7333,13265.56,6.19266,0.357242,-1.357115,0,0,0,0,0,0,0,0,0,0,0,0.00714484,681.046901463564,0.00711943656125219,685.912872607017
8782,8990,185.8,13271.99,6.19496,0.357461,-1.365916,0,0,0,0,0,0,0,0,0,0,0,0.00714922,681.377014295319,0.00712378547940373,686.248328473459
8783,8990,185.8667,13278.58,6.19716,0.35769,-1.359565,0,0,0,0,0,0,0,0,0,0,0,0.0071538,681.71534144326,0.00712833295806454,686.592196652877
8784,8990,185.9333,13284.92,6.19934,0.357899,-1.349457,0,0,0,0,0,0,0,0,0,0,0,0.00715798,682.04083372216,0.00713248325896772,686.922868369126
8785,8990,186,13291.21,6.20162,0.358123,-1.35727,0,0,0,0,0,0,0,0,0,0,0,0.00716246,682.363759027251,0.00713693140923332,687.251162156733
8786,8990,186.0667,13297.57,6.2038,0.358304,-1.36176,0,0,0,0,0,0,0,0,0,0,0,0.00716608,682.690278095674,0.00714052565905712,687.58249124373
8787,8990,186.1333,13303.59,6.20596,0.358489,-1.358268,0,0,0,0,0,0,0,0,0,0,0,0.00716978,682.9993417422,0.00714419932646623,687.896296762636
8788,8990,186.2,13309.81,6.20824,0.35868,-1.35757,0,0,0,0,0,0,0,0,0,0,0,0.0071736,683.31867328396,0.0071479921256861,688.22052811863
8789,8990,186.2667,13316.39,6.21046,0.358871,-1.36364,0,0,0,0,0,0,0,0,0,0,0,0.00717742,683.656487037139,0.00715178491052069,688.56337678033
8790,8990,186.3333,13322.75,6.21272,0.359069,-1.361232,0,0,0,0,0,0,0,0,0,0,0,0.00718138,683.983006105562,0.00715571668275503,688.894947985949
8791,8990,186.4,13329.29,6.21494,0.359298,-1.351598,0,0,0,0,0,0,0,0,0,0,0,0.00718596,684.318766279695,0.00716026401621203,689.236253561431
8792,8990,186.4667,13336.08,6.2171,0.359522,-1.358015,0,0,0,0,0,0,0,0,0,0,0,0.00719044,684.66736132287,0.00716471204290663,689.590420904421
8793,8990,186.5333,13341.79,6.2194,0.359711,-1.368019,0,0,0,0,0,0,0,0,0,0,0,0.00719422,684.960509731784,0.00716846505004073,689.888266330107
8794,8990,186.6,13348.38,6.22166,0.359894,-1.3646,0,0,0,0,0,0,0,0,0,0,0,0.00719788,685.298836879726,0.0071720989006701,690.231535671726
8795,8990,186.6667,13355.54,6.22378,0.360115,-1.370038,0,0,0,0,0,0,0,0,0,0,0,0.0072023,685.666427529082,0.00717648730377281,690.604802840075
8796,8990,186.7333,13361.23,6.22602,0.360344,-1.373556,0,0,0,0,0,0,0,0,0,0,0,0.00720688,685.958549148473,0.00718103454278007,690.90217009716
8797,8990,186.8,13367.08,6.2283,0.360512,-1.377916,0,0,0,0,0,0,0,0,0,0,0,0.00721024,686.258885084051,0.0071843704953657,691.206976347639
8798,8990,186.8667,13374.08,6.23044,0.360741,-1.376635,0,0,0,0,0,0,0,0,0,0,0,0.00721482,686.618261417221,0.00718891769852642,691.572088582059
8799,8990,186.9333,13380,6.2327,0.360935,-1.377184,0,0,0,0,0,0,0,0,0,0,0,0.0072187,686.92219111613,0.0071927698981264,691.88087633714
8800,8990,187,13385.97,6.23498,0.361118,-1.378478,0,0,0,0,0,0,0,0,0,0,0,0.00722236,687.228687788848,0.00719640366043681,692.192100774387
8801,8990,187.0667,13393.23,6.23716,0.361352,-1.370587,0,0,0,0,0,0,0,0,0,0,0,0.00722704,687.601412385821,0.00720105009136725,692.57073529719
8802,8990,187.1333,13399.38,6.23944,0.361566,-1.363156,0,0,0,0,0,0,0,0,0,0,0,0.00723132,687.917150164249,0.0072052993725487,692.891699210575
8803,8990,187.2,13405.42,6.24168,0.361739,-1.366365,0,0,0,0,0,0,0,0,0,0,0,0.00723478,688.227240600299,0.00720873452591272,693.206413276049
8804,8990,187.2667,13412.4,6.24378,0.361932,-1.369853,0,0,0,0,0,0,0,0,0,0,0,0.00723864,688.585590143945,0.0072125667929077,693.570013340185
8805,8990,187.3333,13418.24,6.24602,0.362128,-1.367945,0,0,0,0,0,0,0,0,0,0,0,0.00724256,688.885412684761,0.00721645861378936,693.874706619255
8806,8990,187.4,13423.91,6.24828,0.362339,-1.37225,0,0,0,0,0,0,0,0,0,0,0,0.00724678,689.176507514629,0.00722064826117674,694.170818045755
8807,8990,187.4667,13430.94,6.25046,0.362558,-1.36949,0,0,0,0,0,0,0,0,0,0,0,0.00725116,689.537424032084,0.00722499673919011,694.537370219728
8808,8990,187.5333,13437.11,6.25276,0.362744,-1.370605,0,0,0,0,0,0,0,0,0,0,0,0.00725488,689.854188600035,0.00722868995224203,694.858997955825
8809,8990,187.6,13443.28,6.255,0.36293,-1.364396,0,0,0,0,0,0,0,0,0,0,0,0.0072586,690.170953167986,0.00723238315165395,695.180628048651
8810,8990,187.6667,13450.58,6.25716,0.363141,-1.356352,0,0,0,0,0,0,0,0,0,0,0,0.00726282,690.545731344006,0.0072365727323238,695.561040692526
8811,8990,187.7333,13456.78,6.25944,0.363372,-1.348252,0,0,0,0,0,0,0,0,0,0,0,0.00726744,690.864036096242,0.00724115940951763,695.884849026729
8812,8990,187.8,13462.58,6.2617,0.363548,-1.350677,0,0,0,0,0,0,0,0,0,0,0,0.00727096,691.161805058011,0.00724465400659272,696.187214896116
8813,8990,187.8667,13469.54,6.2638,0.363785,-1.352327,0,0,0,0,0,0,0,0,0,0,0,0.0072757,691.519127812135,0.00724935977995025,696.550413530357
8814,8990,187.9333,13475.58,6.266,0.36398,-1.362763,0,0,0,0,0,0,0,0,0,0,0,0.0072796,691.829218248184,0.00725323160218302,696.865458225343
8815,8990,188,13481.17,6.2683,0.364154,-1.360897,0,0,0,0,0,0,0,0,0,0,0,0.00728308,692.116205919958,0.00725668644628861,697.15694361697
8816,8990,188.0667,13488.13,6.2705,0.364375,-1.35162,0,0,0,0,0,0,0,0,0,0,0,0.0072875,692.473528674081,0.00726107447820337,697.519929514294
8817,8990,188.1333,13494.75,6.27276,0.364571,-1.349049,0,0,0,0,0,0,0,0,0,0,0,0.00729142,692.813396006308,0.00726496611030698,697.864989458216
8818,8990,188.2,13500.78,6.275,0.364779,-1.360092,0,0,0,0,0,0,0,0,0,0,0,0.00729558,693.122973047596,0.0072690959890365,698.179707147302
8819,8990,188.2667,13507.46,6.2772,0.365014,-1.362853,0,0,0,0,0,0,0,0,0,0,0,0.00730028,693.465920748392,0.00727376193727275,698.528416140313
8820,8990,188.3333,13513.85,6.27946,0.365197,-1.357817,0,0,0,0,0,0,0,0,0,0,0,0.00730394,693.7939800011,0.00727739540528958,698.861409603389
8821,8990,188.4,13519.91,6.28164,0.365413,-1.357456,0,0,0,0,0,0,0,0,0,0,0,0.00730826,694.105097226673,0.0072816840718629,699.17779774453
8822,8990,188.4667,13526.21,6.2838,0.365627,-1.364143,0,0,0,0,0,0,0,0,0,0,0,0.00731254,694.428535926525,0.00728593301042243,699.50657237263
8823,8990,188.5333,13532.38,6.28612,0.365792,-1.360891,0,0,0,0,0,0,0,0,0,0,0,0.00731584,694.745300494477,0.00728920904885482,699.827945953646
8824,8990,188.6,13538.55,6.2883,0.365993,-1.356941,0,0,0,0,0,0,0,0,0,0,0,0.00731986,695.062065062428,0.00729319984480865,700.149822069996
8825,8990,188.6667,13545.04,6.2905,0.366222,-1.363476,0,0,0,0,0,0,0,0,0,0,0,0.00732444,695.395258262753,0.00729774655312848,700.488639108183
8826,8990,188.7333,13551.36,6.2928,0.366464,-1.364651,0,0,0,0,0,0,0,0,0,0,0,0.00732928,695.719723752129,0.00730255134906125,700.818848409031
8827,8990,188.8,13557.79,6.295,0.36664,-1.363821,0,0,0,0,0,0,0,0,0,0,0,0.0073328,696.049836583883,0.00730604573160299,701.153830825586
8828,8990,188.8667,13564.22,6.2972,0.366828,-1.352974,0,0,0,0,0,0,0,0,0,0,0,0.00733656,696.379949415638,0.00730977835401208,701.488982697323
8829,8990,188.9333,13570.66,6.2995,0.367039,-1.345157,0,0,0,0,0,0,0,0,0,0,0,0.00734078,696.710575642154,0.00731396761044172,701.824974701617
8830,8990,189,13577.08,6.30162,0.36725,-1.348839,0,0,0,0,0,0,0,0,0,0,0,0.007345,697.040175079147,0.00731815684932133,702.159935165103
8831,8990,189.0667,13583.03,6.30382,0.367451,-1.35096,0,0,0,0,0,0,0,0,0,0,0,0.00734902,697.345644962342,0.0073221475297523,702.470452054083
8832,8990,189.1333,13589.14,6.30612,0.367652,-1.355615,0,0,0,0,0,0,0,0,0,0,0,0.00735304,697.659329161723,0.0073261381942578,702.789246115422
8833,8990,189.2,13595.67,6.30828,0.367858,-1.347881,0,0,0,0,0,0,0,0,0,0,0,0.00735716,697.994575941094,0.00733022811250019,703.129833715425
8834,8990,189.2667,13601.85,6.31054,0.368057,-1.346244,0,0,0,0,0,0,0,0,0,0,0,0.00736114,698.311853903807,0.00733417903705378,703.452225224052
8835,8990,189.3333,13608.28,6.31286,0.368243,-1.350994,0,0,0,0,0,0,0,0,0,0,0,0.00736486,698.641966735561,0.00733787184689497,703.787367010694
8836,8990,189.4,13615.22,6.31496,0.368469,-1.347871,0,0,0,0,0,0,0,0,0,0,0,0.00736938,698.998262700161,0.00734235879103909,704.149446517339
8837,8990,189.4667,13621.03,6.31722,0.368685,-1.346388,0,0,0,0,0,0,0,0,0,0,0,0.0073737,699.296545056692,0.00734664717901554,704.452947990977
8838,8990,189.5333,13627.2,6.31954,0.368897,-1.354249,0,0,0,0,0,0,0,0,0,0,0,0.00737794,699.613309624644,0.00735085613451737,704.775014646256
8839,8990,189.6,13634.07,6.32164,0.369108,-1.354462,0,0,0,0,0,0,0,0,0,0,0,0.00738216,699.966011825912,0.00735504521886532,705.133272919772
8840,8990,189.6667,13639.82,6.32383,0.369294,-1.355541,0,0,0,0,0,0,0,0,0,0,0,0.00738588,700.261213813873,0.00735873795165261,705.433259107756
8841,8990,189.7333,13645.38,6.32616,0.369492,-1.352401,0,0,0,0,0,0,0,0,0,0,0,0.00738984,700.546661301362,0.00736266891028074,705.723589040913
8842,8990,189.8,13652.14,6.32833,0.369711,-1.347616,0,0,0,0,0,0,0,0,0,0,0,0.00739422,700.893716160252,0.00736701677076541,706.076278494158
8843,8990,189.8667,13658.31,6.33051,0.369899,-1.347628,0,0,0,0,0,0,0,0,0,0,0,0.00739798,701.210480728203,0.0073707491656,706.39802184042
8844,8990,189.9333,13664.08,6.33284,0.370087,-1.348058,0,0,0,0,0,0,0,0,0,0,0,0.00740174,701.506709505687,0.00737448154650387,706.699079777704
8845,8990,190,13671.04,6.33504,0.370296,-1.343365,0,0,0,0,0,0,0,0,0,0,0,0.00740592,701.86403225981,0.00737863082594441,707.061981133604
8846,8990,190.0667,13677.36,6.33725,0.37051,-1.346282,0,0,0,0,0,0,0,0,0,0,0,0.0074102,702.188497749186,0.00738287935260397,707.391854955207
8847,8990,190.1333,13683.38,6.3395,0.370701,-1.341426,0,0,0,0,0,0,0,0,0,0,0,0.00741402,702.497561395713,0.00738667124666794,707.705892365851
8848,8990,190.2,13690.13,6.34167,0.370915,-1.346251,0,0,0,0,0,0,0,0,0,0,0,0.0074183,702.844102859841,0.007390919739168,708.058011268086
8849,8990,190.2667,13695.99,6.34383,0.371116,-1.356281,0,0,0,0,0,0,0,0,0,0,0,0.00742232,703.14495219018,0.00739491012923667,708.36391903172
8850,8990,190.3333,13701.46,6.34615,0.371294,-1.358123,0,0,0,0,0,0,0,0,0,0,0,0.00742588,703.425779124814,0.00739844389421202,708.649334549501
8851,8990,190.4,13708.18,6.34835,0.371507,-1.356931,0,0,0,0,0,0,0,0,0,0,0,0.00743014,703.770780404657,0.00740267248420338,708.999895830973
8852,8990,190.4667,13714.45,6.35057,0.371716,-1.355362,0,0,0,0,0,0,0,0,0,0,0,0.00743432,704.092678920225,0.00740682164667351,709.327129204975
8853,8990,190.5333,13720.43,6.35286,0.371935,-1.352506,0,0,0,0,0,0,0,0,0,0,0,0.0074387,704.399688987705,0.00741116931519312,709.639506954177
8854,8990,190.6,13727.54,6.35505,0.372154,-1.357729,0,0,0,0,0,0,0,0,0,0,0,0.00744308,704.764712663253,0.00741551696481059,710.010332800782
8855,8990,190.6667,13733.66,6.35725,0.372373,-1.364325,0,0,0,0,0,0,0,0,0,0,0,0.00744746,705.078910257396,0.00741986459552608,710.329957238381
8856,8990,190.7333,13739.38,6.35953,0.372563,-1.367087,0,0,0,0,0,0,0,0,0,0,0,0.00745126,705.372572061071,0.0074236364972721,710.628486492367
8857,8990,190.8,13746.03,6.36167,0.372777,-1.361899,0,0,0,0,0,0,0,0,0,0,0,0.00745554,705.713979577583,0.00742788483272858,710.975458380883
8858,8990,190.8667,13752.16,6.36383,0.372965,-1.357944,0,0,0,0,0,0,0,0,0,0,0,0.0074593,706.028690566487,0.00743161700038686,711.29517037803
8859,8990,190.9333,13757.67,6.36613,0.373151,-1.358467,0,0,0,0,0,0,0,0,0,0,0,0.00746302,706.311571080168,0.00743530945042637,711.582788461371
8860,8990,191,13764.46,6.36839,0.37335,-1.357826,0,0,0,0,0,0,0,0,0,0,0,0.007467,706.660166123343,0.00743925995983394,711.936797583786
8861,8990,191.0667,13771.2,6.37061,0.373584,-1.360155,0,0,0,0,0,0,0,0,0,0,0,0.00747168,707.006194192709,0.00744390526248921,712.288718233735
8862,8990,191.1333,13777.33,6.37283,0.3738,-1.358685,0,0,0,0,0,0,0,0,0,0,0,0.007476,707.320905181614,0.00744819321501804,712.608836268752
8863,8990,191.2,13784,6.37505,0.374009,-1.367718,0,0,0,0,0,0,0,0,0,0,0,0.00748018,707.663339487649,0.00745234218861995,712.956788646417
8864,8990,191.2667,13790.45,6.37731,0.374212,-1.371655,0,0,0,0,0,0,0,0,0,0,0,0.00748424,707.994479108927,0.00745637203645218,713.293279709253
8865,8990,191.3333,13796.72,6.37947,0.374431,-1.372647,0,0,0,0,0,0,0,0,0,0,0,0.00748862,708.316377624494,0.00746071948954892,713.620689816301
8866,8990,191.4,13803.17,6.38167,0.374619,-1.376251,0,0,0,0,0,0,0,0,0,0,0,0.00749238,708.647517245772,0.00746445153466501,713.956973731034
8867,8990,191.4667,13809.38,6.38397,0.374808,-1.373598,0,0,0,0,0,0,0,0,0,0,0,0.00749616,708.96633539277,0.00746820341704556,714.280860477488
8868,8990,191.5333,13815.63,6.38613,0.375029,-1.377036,0,0,0,0,0,0,0,0,0,0,0,0.00750058,709.287207118815,0.00747259052091751,714.607272558786
8869,8990,191.6,13822.29,6.38837,0.375291,-1.385299,0,0,0,0,0,0,0,0,0,0,0,0.00750582,709.629128030088,0.00747779149695403,714.955476531839
8870,8990,191.6667,13828.65,6.39069,0.375495,-1.383941,0,0,0,0,0,0,0,0,0,0,0,0.0075099,709.955647098511,0.0074818410931528,715.287343012656
8871,8990,191.7333,13835.01,6.39283,0.37567,-1.378661,0,0,0,0,0,0,0,0,0,0,0,0.0075134,710.282166166934,0.00748531499839233,715.618800194212
8872,8990,191.8,13841.5,6.39505,0.375869,-1.382581,0,0,0,0,0,0,0,0,0,0,0,0.00751738,710.615359367258,0.00748926531025806,715.957325057458
8873,8990,191.8667,13847.67,6.39735,0.376049,-1.377288,0,0,0,0,0,0,0,0,0,0,0,0.00752098,710.932123935209,0.0074928384432282,716.279030220684
8874,8990,191.9333,13854.11,6.39945,0.376294,-1.37747,0,0,0,0,0,0,0,0,0,0,0,0.00752588,711.262750161726,0.00749770185369994,716.615628267913
8875,8990,192,13860.37,6.40169,0.37649,-1.378796,0,0,0,0,0,0,0,0,0,0,0,0.0075298,711.584135282532,0.00750159256504737,716.942221504382
8876,8990,192.0667,13866.46,6.40401,0.376691,-1.378638,0,0,0,0,0,0,0,0,0,0,0,0.00753382,711.89679269239,0.00750558251351361,717.260094987111
8877,8990,192.1333,13872.98,6.40611,0.376925,-1.378703,0,0,0,0,0,0,0,0,0,0,0,0.0075385,712.231526076999,0.00751022750809126,717.600683436331
8878,8990,192.2,13879.33,6.40837,0.377151,-1.373583,0,0,0,0,0,0,0,0,0,0,0,0.00754302,712.557531750661,0.00751471367895354,717.932367463806
8879,8990,192.2667,13885.43,6.41071,0.377337,-1.369563,0,0,0,0,0,0,0,0,0,0,0,0.00754674,712.87070255528,0.00751840582217603,718.250552401082
8880,8990,192.3333,13892.32,6.41277,0.377551,-1.382169,0,0,0,0,0,0,0,0,0,0,0,0.00755102,713.224431546072,0.00752265375504056,718.610003493165
8881,8990,192.4,13898.51,6.41505,0.377744,-1.378062,0,0,0,0,0,0,0,0,0,0,0,0.00755488,713.542222903546,0.00752648481920456,718.932948772516
8882,8990,192.4667,13904.51,6.41743,0.377963,-1.381713,0,0,0,0,0,0,0,0,0,0,0,0.00755926,713.850259760549,0.00753083196750062,719.246439475146
8883,8990,192.5333,13911.54,6.41947,0.378179,-1.378893,0,0,0,0,0,0,0,0,0,0,0,0.00756358,714.211176278004,0.00753511954730886,719.613169646677
8884,8990,192.6,13917.7,6.42165,0.378388,-1.366935,0,0,0,0,0,0,0,0,0,0,0,0.00756776,714.527427451193,0.00753926816027214,719.934799535561
8885,8990,192.6667,13923.18,6.42403,0.378581,-1.366867,0,0,0,0,0,0,0,0,0,0,0,0.00757162,714.808767780589,0.00754309916078594,720.221028142892
8886,8990,192.7333,13929.96,6.42615,0.378782,-1.366724,0,0,0,0,0,0,0,0,0,0,0,0.00757564,715.156849429002,0.00754708894364677,720.57462026381
8887,8990,192.8,13936.42,6.42833,0.379011,-1.361362,0,0,0,0,0,0,0,0,0,0,0,0.00758022,715.488502445042,0.00755163449775585,720.912062701046
8888,8990,192.8667,13942.19,6.43073,0.37921,-1.360733,0,0,0,0,0,0,0,0,0,0,0,0.0075842,715.784731222526,0.00755558454764808,721.213385781064
8889,8990,192.9333,13949.07,6.43291,0.379431,-1.371271,0,0,0,0,0,0,0,0,0,0,0,0.00758862,716.137946818556,0.00755997126818752,721.572445564542
8890,8990,193,13955.64,6.43503,0.379653,-1.376956,0,0,0,0,0,0,0,0,0,0,0,0.00759306,716.475247176974,0.00756437781876723,721.915486717303
8891,8990,193.0667,13961.41,6.43741,0.379836,-1.373609,0,0,0,0,0,0,0,0,0,0,0,0.00759672,716.771475954458,0.00756801023099589,722.216588161271
8892,8990,193.1333,13967.95,6.43953,0.380042,-1.371941,0,0,0,0,0,0,0,0,0,0,0,0.00760084,717.107236128591,0.00757209916012307,722.557853493247
8893,8990,193.2,13974.17,6.44161,0.380235,-1.372006,0,0,0,0,0,0,0,0,0,0,0,0.0076047,717.426567670351,0.00757593003486338,722.882381489513
8894,8990,193.2667,13979.58,6.44401,0.380436,-1.367731,0,0,0,0,0,0,0,0,0,0,0,0.00760872,717.704314236415,0.00757991968673857,723.165125406232
8895,8990,193.3333,13986.33,6.44619,0.380663,-1.368766,0,0,0,0,0,0,0,0,0,0,0,0.00761326,718.050855700543,0.00758442539384699,723.517563558214
8896,8990,193.4,13993.04,6.44833,0.380889,-1.370017,0,0,0,0,0,0,0,0,0,0,0,0.00761778,718.395343585624,0.00758891123185775,723.867921266084
8897,8990,193.4667,13999.11,6.45075,0.381098,-1.373552,0,0,0,0,0,0,0,0,0,0,0,0.00762196,718.706974205959,0.00759305962166684,724.184930015078
8898,8990,193.5333,14006.18,6.45295,0.381324,-1.380016,0,0,0,0,0,0,0,0,0,0,0,0.00762648,719.06994430246,0.00759754542094633,724.553916851284
8899,8990,193.6,14013.02,6.45505,0.381548,-1.379282,0,0,0,0,0,0,0,0,0,0,0,0.00763096,719.421106319444,0.00760199150303088,724.910980004923
8900,8990,193.6667,14018.86,6.45737,0.381752,-1.376471,0,0,0,0,0,0,0,0,0,0,0,0.00763504,719.72092886026,0.00760604059630201,725.216026940945
8901,8990,193.7333,14025.45,6.45957,0.381976,-1.375444,0,0,0,0,0,0,0,0,0,0,0,0.00763952,720.059256008201,0.00761048664061656,725.560163095661
8902,8990,193.8,14031.91,6.46165,0.382187,-1.375779,0,0,0,0,0,0,0,0,0,0,0,0.00764374,720.390909024241,0.0076146746374941,725.897389831185
8903,8990,193.8667,14037.41,6.46399,0.382352,-1.371863,0,0,0,0,0,0,0,0,0,0,0,0.00764704,720.67327614316,0.00761794959913505,726.184293512757
8904,8990,193.9333,14043.97,6.46629,0.382559,-1.37219,0,0,0,0,0,0,0,0,0,0,0,0.00765118,721.010063106816,0.00762205817220783,726.526640881458
8905,8990,194,14050.8,6.46843,0.38279,-1.368722,0,0,0,0,0,0,0,0,0,0,0,0.0076558,721.360711729037,0.00762664308164918,726.883305065893
8906,8990,194.0667,14056.96,6.47069,0.382999,-1.369935,0,0,0,0,0,0,0,0,0,0,0,0.00765998,721.676962902227,0.0076307913149349,727.204994004519
8907,8990,194.1333,14063.38,6.47295,0.383195,-1.360678,0,0,0,0,0,0,0,0,0,0,0,0.0076639,722.00656233922,0.00763468150850533,727.539948432332
8908,8990,194.2,14069.79,6.47511,0.383439,-1.370903,0,0,0,0,0,0,0,0,0,0,0,0.00766878,722.335648381451,0.00763952438139507,727.875081555046
8909,8990,194.2667,14075.96,6.47731,0.383658,-1.38132,0,0,0,0,0,0,0,0,0,0,0,0.00767316,722.652412949402,0.00764387103832023,728.197440538349
8910,8990,194.3333,14082.21,6.47955,0.383838,-1.375003,0,0,0,0,0,0,0,0,0,0,0,0.00767676,722.973284675447,0.00764744361890723,728.523377068312
8911,8990,194.4,14088.46,6.48177,0.384062,-1.366367,0,0,0,0,0,0,0,0,0,0,0,0.00768124,723.294156401491,0.00765188947914633,728.849952407409
8912,8990,194.4667,14094.81,6.48397,0.384263,-1.37275,0,0,0,0,0,0,0,0,0,0,0,0.00768526,723.620162075153,0.00765587882798188,729.181371161942
8913,8990,194.5333,14101.47,6.48625,0.384477,-1.36399,0,0,0,0,0,0,0,0,0,0,0,0.00768954,723.962082986426,0.00766012617691192,729.529018382033
8914,8990,194.6,14107.77,6.48851,0.384711,-1.362238,0,0,0,0,0,0,0,0,0,0,0,0.00769422,724.285521686279,0.00766477045369222,729.858333832948
8915,8990,194.6667,14114.2,6.49063,0.384925,-1.362751,0,0,0,0,0,0,0,0,0,0,0,0.0076985,724.615634518033,0.00766901776485645,730.19408798037
8916,8990,194.7333,14120.5,6.49291,0.385116,-1.352775,0,0,0,0,0,0,0,0,0,0,0,0.00770232,724.939073217886,0.00767280857407114,730.522785940314
8917,8990,194.8,14126.55,6.49519,0.385317,-1.348382,0,0,0,0,0,0,0,0,0,0,0,0.00770634,725.249677048697,0.00767679783945417,730.838697644925
8918,8990,194.8667,14133.03,6.49731,0.385546,-1.341302,0,0,0,0,0,0,0,0,0,0,0,0.00771092,725.58235685426,0.00768134280400424,731.177264361375
8919,8990,194.9333,14139.41,6.49957,0.385783,-1.343702,0,0,0,0,0,0,0,0,0,0,0,0.00771566,725.909902712206,0.0076860465228565,731.510776712167
8920,8990,195,14145.37,6.50187,0.385981,-1.345101,0,0,0,0,0,0,0,0,0,0,0,0.00771962,726.215885990163,0.00768997619506125,731.82199666797
8921,8990,195.0667,14151.83,6.50397,0.386172,-1.347454,0,0,0,0,0,0,0,0,0,0,0,0.00772344,726.547539006202,0.00769376692482752,732.158985330864
8922,8990,195.1333,14158.18,6.50619,0.386406,-1.347307,0,0,0,0,0,0,0,0,0,0,0,0.00772812,726.873544679863,0.00769841104537387,732.490910657975
8923,8990,195.2,14163.95,6.50857,0.386584,-1.347686,0,0,0,0,0,0,0,0,0,0,0,0.00773168,727.169773457348,0.00770194373801317,732.792017451393
8924,8990,195.2667,14170.64,6.51067,0.386813,-1.355782,0,0,0,0,0,0,0,0,0,0,0,0.00773626,727.513234552906,0.0077064885882775,733.141466088848
8925,8990,195.3333,14177.4,6.51289,0.387027,-1.3634,0,0,0,0,0,0,0,0,0,0,0,0.00774054,727.860289411796,0.00771073572225589,733.494321096399
8926,8990,195.4,14183.33,6.51527,0.38721,-1.357418,0,0,0,0,0,0,0,0,0,0,0,0.0077442,728.164732505467,0.0077143676028924,733.803785826935
8927,8990,195.4667,14190.09,6.51735,0.387424,-1.363052,0,0,0,0,0,0,0,0,0,0,0,0.00774848,728.511787364356,0.00771861470340776,734.156646378513
8928,8990,195.5333,14196.66,6.51948,0.387643,-1.378901,0,0,0,0,0,0,0,0,0,0,0,0.00775286,728.849087722774,0.00772296101656877,734.499752661017
8929,8990,195.6,14202.08,6.52187,0.387839,-1.377766,0,0,0,0,0,0,0,0,0,0,0,0.00775678,729.1273476836,0.00772685085159823,734.783028111565
8930,8990,195.6667,14208.34,6.52401,0.388045,-1.372942,0,0,0,0,0,0,0,0,0,0,0,0.0077609,729.448732804406,0.00773093913129028,735.109911474828
8931,8990,195.7333,14215.2,6.52616,0.388261,-1.375171,0,0,0,0,0,0,0,0,0,0,0,0.00776522,729.800921610913,0.00773522585321076,735.467986323424
8932,8990,195.8,14220.99,6.52857,0.388467,-1.385121,0,0,0,0,0,0,0,0,0,0,0,0.00776934,730.098177177921,0.00773931409866368,735.770558149796
8933,8990,195.8667,14227.49,6.53075,0.388688,-1.375657,0,0,0,0,0,0,0,0,0,0,0,0.00777376,730.431883773007,0.00774370001330873,736.110085933806
8934,8990,195.9333,14234.29,6.53288,0.38892,-1.374691,0,0,0,0,0,0,0,0,0,0,0,0.0077784,730.780992210943,0.00774830421070147,736.465299080757
8935,8990,196,14240.12,6.53527,0.389103,-1.368896,0,0,0,0,0,0,0,0,0,0,0,0.00778206,731.080301356998,0.0077519359548963,736.769612126976
8936,8990,196.0667,14246.43,6.53739,0.389302,-1.360619,0,0,0,0,0,0,0,0,0,0,0,0.00778604,731.404253451612,0.00775588521366858,737.098996225157
8937,8990,196.1333,14252.74,6.5395,0.389513,-1.366719,0,0,0,0,0,0,0,0,0,0,0,0.00779026,731.728205546227,0.00776007260166266,737.428558516765
8938,8990,196.2,14258.26,6.54187,0.389724,-1.370952,0,0,0,0,0,0,0,0,0,0,0,0.00779448,732.011599454669,0.00776425997212283,737.717249226387
8939,8990,196.2667,14264.55,6.54404,0.389935,-1.364001,0,0,0,0,0,0,0,0,0,0,0,0.0077987,732.33452475976,0.00776844732504877,738.045782018004
8940,8990,196.3333,14271.14,6.5462,0.390172,-1.358169,0,0,0,0,0,0,0,0,0,0,0,0.00780344,732.672851907702,0.00777315063420488,738.390220547192
8941,8990,196.4,14277.32,6.54859,0.390386,-1.369109,0,0,0,0,0,0,0,0,0,0,0,0.00780772,732.990129870415,0.00777739748507067,738.713111567207
8942,8990,196.4667,14284.04,6.55077,0.390599,-1.367271,0,0,0,0,0,0,0,0,0,0,0,0.00781198,733.335131150258,0.00778162447292964,739.063930528101
8943,8990,196.5333,14290.59,6.5529,0.3908,-1.365845,0,0,0,0,0,0,0,0,0,0,0,0.007816,733.671404719152,0.00778561330424166,739.405780418437
8944,8990,196.6,14296.33,6.55521,0.391004,-1.361854,0,0,0,0,0,0,0,0,0,0,0,0.00782008,733.966093312352,0.00778966165408054,739.705766879342
8945,8990,196.6667,14302.46,6.5574,0.391233,-1.361153,0,0,0,0,0,0,0,0,0,0,0,0.00782466,734.280804301256,0.00779420610569868,740.02630193944
8946,8990,196.7333,14308.8,6.5595,0.391432,-1.365737,0,0,0,0,0,0,0,0,0,0,0,0.00782864,734.606296580156,0.00779815519753905,740.357264817815
8947,8990,196.8,14314.5,6.56182,0.391615,-1.363156,0,0,0,0,0,0,0,0,0,0,0,0.0078323,734.898931594308,0.00780178676069269,740.654880496234
8948,8990,196.8667,14320.77,6.5641,0.391836,-1.356157,0,0,0,0,0,0,0,0,0,0,0,0.00783672,735.220830109876,0.00780617240134714,740.982549893615
8949,8990,196.9333,14327.32,6.56624,0.392065,-1.356954,0,0,0,0,0,0,0,0,0,0,0,0.0078413,735.557103678771,0.00781071677793356,741.324827595847
8950,8990,197,14333.51,6.56854,0.392284,-1.360413,0,0,0,0,0,0,0,0,0,0,0,0.00784568,735.874895036245,0.00781506269080941,741.648333982733
8951,8990,197.0667,14339.92,6.5708,0.392498,-1.368407,0,0,0,0,0,0,0,0,0,0,0,0.00784996,736.203981078477,0.00781930936368506,741.983152881783
8952,8990,197.1333,14346.05,6.57298,0.392701,-1.371466,0,0,0,0,0,0,0,0,0,0,0,0.00785402,736.518692067381,0.0078233377329697,742.303324605252
8953,8990,197.2,14352.19,6.5752,0.39289,-1.373887,0,0,0,0,0,0,0,0,0,0,0,0.0078578,736.833916451047,0.00782708826909556,742.623809999736
8954,8990,197.2667,14358.59,6.5774,0.393121,-1.3633,0,0,0,0,0,0,0,0,0,0,0,0.00786242,737.162489098517,0.007831672238591,742.958370196055
8955,8990,197.3333,14364.5,6.57958,0.393325,-1.363547,0,0,0,0,0,0,0,0,0,0,0,0.0078665,737.465905402665,0.0078357204019721,743.267180947515
8956,8990,197.4,14370.5,6.58184,0.393516,-1.357823,0,0,0,0,0,0,0,0,0,0,0,0.00787032,737.773942259667,0.00783951057930299,743.580459272913
8957,8990,197.4667,14377.04,6.5841,0.39376,-1.35996,0,0,0,0,0,0,0,0,0,0,0,0.0078752,738.1097024338,0.00784435246033555,743.922463962407
8958,8990,197.5333,14383.34,6.5863,0.393963,-1.369388,0,0,0,0,0,0,0,0,0,0,0,0.00787926,738.433141133653,0.00784838072873882,744.251447845262
8959,8990,197.6,14389.7,6.58852,0.394203,-1.371476,0,0,0,0,0,0,0,0,0,0,0,0.00788406,738.759660202076,0.00785314319261791,744.584085688689
8960,8990,197.6667,14396.38,6.59078,0.394409,-1.372353,0,0,0,0,0,0,0,0,0,0,0,0.00788818,739.102607902872,0.00785723095602498,744.93278231248
8961,8990,197.7333,14402.55,6.59298,0.394633,-1.37933,0,0,0,0,0,0,0,0,0,0,0,0.00789266,739.419372470824,0.00786167588367901,745.255358175149
8962,8990,197.8,14408.86,6.59516,0.394841,-1.37917,0,0,0,0,0,0,0,0,0,0,0,0.00789682,739.743324565438,0.00786580329880972,745.584944445733
8963,8990,197.8667,14415.27,6.59742,0.39504,-1.374625,0,0,0,0,0,0,0,0,0,0,0,0.0079008,740.07241060767,0.00786975210791688,745.919574709399
8964,8990,197.9333,14421.21,6.59966,0.395241,-1.366135,0,0,0,0,0,0,0,0,0,0,0,0.00790482,740.377367096102,0.00787374058771881,746.229916915071
8965,8990,198,14427.54,6.60182,0.395457,-1.374319,0,0,0,0,0,0,0,0,0,0,0,0.00790914,740.70234598024,0.00787802669753418,746.560664532926
8966,8990,198.0667,14434.11,6.60408,0.395678,-1.367375,0,0,0,0,0,0,0,0,0,0,0,0.00791356,741.039646338658,0.00788241200384114,746.903908042338
8967,8990,198.1333,14439.96,6.6064,0.395877,-1.369735,0,0,0,0,0,0,0,0,0,0,0,0.00791754,741.339982274236,0.00788636074736436,747.209571237491
8968,8990,198.2,14446.58,6.60854,0.396101,-1.376159,0,0,0,0,0,0,0,0,0,0,0,0.00792202,741.679849606462,0.00789080554554075,747.555452208642
8969,8990,198.2667,14453.3,6.61076,0.396338,-1.371759,0,0,0,0,0,0,0,0,0,0,0,0.00792676,742.024850886305,0.00789550827924466,747.906703793317
8970,8990,198.3333,14459.01,6.6131,0.396556,-1.377645,0,0,0,0,0,0,0,0,0,0,0,0.00793112,742.31799929522,0.00789983398101502,748.20541242579
8971,8990,198.4,14465.64,6.61522,0.396768,-1.372736,0,0,0,0,0,0,0,0,0,0,0,0.00793536,742.658380022208,0.00790404060882699,748.551641624701
8972,8990,198.4667,14472.38,6.61736,0.396964,-1.369035,0,0,0,0,0,0,0,0,0,0,0,0.00793928,743.004408091574,0.00790792973955185,748.903328128647
8973,8990,198.5333,14477.71,6.6197,0.397195,-1.365999,0,0,0,0,0,0,0,0,0,0,0,0.0079439,743.278047499545,0.00791251333848828,749.182573981076
8974,8990,198.6,14483.88,6.62186,0.397411,-1.368698,0,0,0,0,0,0,0,0,0,0,0,0.00794822,743.594812067496,0.00791679928212317,749.505067224667
8975,8990,198.6667,14490.81,6.62402,0.397643,-1.371535,0,0,0,0,0,0,0,0,0,0,0,0.00795286,743.950594637334,0.00792140268260353,749.867129563402
8976,8990,198.7333,14496.62,6.6264,0.397826,-1.380428,0,0,0,0,0,0,0,0,0,0,0,0.00795652,744.248876993865,0.00792503379820453,750.170508068644
8977,8990,198.8,14503.05,6.62858,0.398063,-1.387216,0,0,0,0,0,0,0,0,0,0,0,0.00796126,744.57898982562,0.00792973637094544,750.506776754159
8978,8990,198.8667,14510.06,6.63074,0.398289,-1.376594,0,0,0,0,0,0,0,0,0,0,0,0.00796578,744.938879553551,0.00793422066021798,750.872898781521
8979,8990,198.9333,14515.93,6.63312,0.3985,-1.366278,0,0,0,0,0,0,0,0,0,0,0,0.00797,745.240242278652,0.00793840730152073,751.179807009613
8980,8990,199,14522.32,6.63526,0.398712,-1.361361,0,0,0,0,0,0,0,0,0,0,0,0.00797424,745.56830153136,0.00794261376707257,751.513642104164
8981,8990,199.0667,14528.99,6.63732,0.398943,-1.353029,0,0,0,0,0,0,0,0,0,0,0,0.00797886,745.910735837395,0.00794719720703445,751.862253171138
8982,8990,199.1333,14534.32,6.63972,0.399144,-1.356844,0,0,0,0,0,0,0,0,0,0,0,0.00798288,746.184375245366,0.00795118537796074,752.141075570824
8983,8990,199.2,14540.27,6.64188,0.399355,-1.354609,0,0,0,0,0,0,0,0,0,0,0,0.0079871,746.48984512856,0.00795537194823905,752.452134170586
8984,8990,199.2667,14546.97,6.644,0.3996,-1.352709,0,0,0,0,0,0,0,0,0,0,0,0.007992,746.83381961888,0.00796023310974612,752.802515505274
8985,8990,199.3333,14552.63,6.64646,0.399785,-1.356049,0,0,0,0,0,0,0,0,0,0,0,0.0079957,747.124401053986,0.00796390376706208,753.098183627493
8986,8990,199.4,14559.13,6.64864,0.399981,-1.358798,0,0,0,0,0,0,0,0,0,0,0,0.00799962,747.458107649072,0.00796779266497893,753.437488476184
8987,8990,199.4667,14566.16,6.65072,0.400213,-1.366152,0,0,0,0,0,0,0,0,0,0,0,0.00800426,747.819024166527,0.00797239583072284,753.804762068902
8988,8990,199.5333,14571.95,6.6531,0.400417,-1.365898,0,0,0,0,0,0,0,0,0,0,0,0.00800834,748.116279733535,0.00797644342447286,754.107449261176
8989,8990,199.6,14577.93,6.6553,0.400628,-1.363316,0,0,0,0,0,0,0,0,0,0,0,0.00801256,748.423289801014,0.00798062988900814,754.420076315942
8990,8990,199.6667,14584.75,6.65734,0.400869,-1.360072,0,0,0,0,0,0,0,0,0,0,0,0.00801738,748.773425028474,0.00798541156402634,754.776626110829
8991,8990,199.7333,14590.39,6.65968,0.40105,-1.348503,0,0,0,0,0,0,0,0,0,0,0,0.008021,749.062979674056,0.00798900276549939,755.071213834022
8992,8990,199.8,14596.29,6.66196,0.401249,-1.348559,0,0,0,0,0,0,0,0,0,0,0,0.00802498,749.365882583443,0.00799295108814629,755.379528803857
8993,8990,199.8667,14603.33,6.66408,0.401483,-1.355977,0,0,0,0,0,0,0,0,0,0,0,0.00802966,749.727312495659,0.00799759381945638,755.747367907713
8994,8990,199.9333,14609.63,6.6664,0.401694,-1.362409,0,0,0,0,0,0,0,0,0,0,0,0.00803388,750.050751195512,0.00800178019544718,756.076568924526
8995,8990,200,14615.67,6.66864,0.401941,-1.361088,0,0,0,0,0,0,0,0,0,0,0,0.00803882,750.360841631561,0.00800668081237431,756.392857372486
8996,8990,200.0667,14622.03,6.6708,0.40217,-1.354425,0,0,0,0,0,0,0,0,0,0,0,0.0080434,750.687360699984,0.00801122427786864,756.725439417039
8997,8990,200.1333,14628.14,6.67306,0.402366,-1.359131,0,0,0,0,0,0,0,0,0,0,0,0.00804732,751.001044899365,0.00801511299176534,757.044590628005
8998,8990,200.2,14634.29,6.67526,0.402562,-1.35453,0,0,0,0,0,0,0,0,0,0,0,0.00805124,751.316782677793,0.00801900169054001,757.36581441116
8999,8990,200.2667,14640.17,6.6774,0.402763,-1.35025,0,0,0,0,0,0,0,0,0,0,0,0.00805526,751.618658797656,0.0080229895751086,757.673142515122
9000,8990,200.3333,14646.08,6.67968,0.402984,-1.352568,0,0,0,0,0,0,0,0,0,0,0,0.00805968,751.922075101804,0.00802737424575641,757.98232641206
9001,8990,200.4,14652.41,6.68194,0.403198,-1.355611,0,0,0,0,0,0,0,0,0,0,0,0.00806396,752.247053985942,0.00803162001711218,758.313144139402
9002,8990,200.4667,14658.71,6.68416,0.403422,-1.347613,0,0,0,0,0,0,0,0,0,0,0,0.00806844,752.570492685794,0.00803606416968853,758.6425625518
9003,8990,200.5333,14665.29,6.6864,0.403641,-1.341033,0,0,0,0,0,0,0,0,0,0,0,0.00807282,752.908306438974,0.00804040910333672,758.986399673361
9004,8990,200.6,14671.92,6.68866,0.403847,-1.349863,0,0,0,0,0,0,0,0,0,0,0,0.00807694,753.248687165962,0.00804449610131851,759.33263161728
9005,8990,200.6667,14677.98,6.69082,0.404081,-1.350202,0,0,0,0,0,0,0,0,0,0,0,0.00808162,753.559804391535,0.00804913859332568,759.649788377902
9006,8990,200.7333,14684.19,6.69302,0.4043,-1.344654,0,0,0,0,0,0,0,0,0,0,0,0.008086,753.878622538533,0.00805348347016685,759.974485080379
9007,8990,200.8,14690.52,6.69528,0.404493,-1.350622,0,0,0,0,0,0,0,0,0,0,0,0.00808986,754.203601422671,0.00805731250123149,760.305002969676
9008,8990,200.8667,14696.55,6.69748,0.404725,-1.354634,0,0,0,0,0,0,0,0,0,0,0,0.0080945,754.513178463958,0.00806191525492016,760.620585387035
9009,8990,200.9333,14703.08,6.69972,0.404931,-1.354487,0,0,0,0,0,0,0,0,0,0,0,0.00809862,754.84842524333,0.00806600216500748,760.961655796974
9010,8990,201,14709.71,6.70194,0.405175,-1.359126,0,0,0,0,0,0,0,0,0,0,0,0.0081035,755.188805970318,0.00807084294952179,761.308478459498
9011,8990,201.0667,14715.54,6.7042,0.405376,-1.364585,0,0,0,0,0,0,0,0,0,0,0,0.00810752,755.488115116372,0.0080748306273592,761.61325011944
9012,8990,201.1333,14721.88,6.7064,0.40561,-1.365056,0,0,0,0,0,0,0,0,0,0,0,0.0081122,755.813607395272,0.00807947297854103,761.944918541184
9013,8990,201.2,14728.52,6.7086,0.405839,-1.365388,0,0,0,0,0,0,0,0,0,0,0,0.00811678,756.154501517021,0.00808401611331923,762.292041251845
9014,8990,201.2667,14734.22,6.7109,0.406038,-1.361584,0,0,0,0,0,0,0,0,0,0,0,0.00812076,756.447136531174,0.00808796406084135,762.590062179631
9015,8990,201.3333,14740.5,6.7131,0.406244,-1.349865,0,0,0,0,0,0,0,0,0,0,0,0.00812488,756.769548441504,0.00809205086447114,762.918210210245
9016,8990,201.4,14747.2,6.71526,0.40647,-1.345996,0,0,0,0,0,0,0,0,0,0,0,0.0081294,757.113522931823,0.00809653442593946,763.268401605145
9017,8990,201.4667,14752.68,6.7175,0.406666,-1.351229,0,0,0,0,0,0,0,0,0,0,0,0.00813332,757.394863261219,0.0081004228081042,763.554998050479
9018,8990,201.5333,14758.49,6.71972,0.406854,-1.349017,0,0,0,0,0,0,0,0,0,0,0,0.00813708,757.69314561775,0.00810415246658654,763.858555359093
9019,8990,201.6,14765.26,6.7219,0.407104,-1.350944,0,0,0,0,0,0,0,0,0,0,0,0.00814208,758.040713871402,0.00810911209727582,764.212742007
9020,8990,201.6667,14771.07,6.7242,0.4073,-1.34251,0,0,0,0,0,0,0,0,0,0,0,0.008146,758.338996227933,0.00811300043053417,764.516425691205
9021,8990,201.7333,14777.18,6.7264,0.407524,-1.341137,0,0,0,0,0,0,0,0,0,0,0,0.00815048,758.652680427314,0.00811744422145929,764.836063926083
9022,8990,201.8,14784.28,6.72862,0.40777,-1.34031,0,0,0,0,0,0,0,0,0,0,0,0.0081554,759.0171907081,0.00812232443338415,765.207279505201
9023,8990,201.8667,14790.35,6.73092,0.408012,-1.336987,0,0,0,0,0,0,0,0,0,0,0,0.00816024,759.328821328435,0.00812712526903121,765.525126749392
9024,8990,201.9333,14796.59,6.73308,0.408218,-1.337404,0,0,0,0,0,0,0,0,0,0,0,0.00816436,759.649179659718,0.0081312119126203,765.851229036164
9025,8990,202,14803.24,6.73523,0.408417,-1.344494,0,0,0,0,0,0,0,0,0,0,0,0.00816834,759.990587176229,0.00813515967382065,766.198448689084
9026,8990,202.0667,14808.94,6.73754,0.408638,-1.346967,0,0,0,0,0,0,0,0,0,0,0,0.00817276,760.283222190382,0.00813954385266795,766.49683449737
9027,8990,202.1333,14814.89,6.73972,0.408842,-1.343808,0,0,0,0,0,0,0,0,0,0,0,0.00817684,760.588692073576,0.00814359076992881,766.807904114471
9028,8990,202.2,14821.75,6.74191,0.409099,-1.34917,0,0,0,0,0,0,0,0,0,0,0,0.00818198,760.940880880082,0.0081486890688517,767.166883948626
9029,8990,202.2667,14827.71,6.74428,0.409305,-1.354844,0,0,0,0,0,0,0,0,0,0,0,0.0081861,761.246864158038,0.00815277562431835,767.478507112723
9030,8990,202.3333,14834.13,6.74646,0.409541,-1.343351,0,0,0,0,0,0,0,0,0,0,0,0.00819082,761.576463595031,0.00815745728869683,767.814399324575
9031,8990,202.4,14841.18,6.74861,0.409753,-1.348575,0,0,0,0,0,0,0,0,0,0,0,0.00819506,761.93840690201,0.00816166283292529,768.182537862876
9032,8990,202.4667,14847.04,6.75094,0.409951,-1.355856,0,0,0,0,0,0,0,0,0,0,0,0.00819902,762.239256232349,0.00816559063656169,768.488871138983
9033,8990,202.5333,14853,6.7531,0.410178,-1.343219,0,0,0,0,0,0,0,0,0,0,0,0.00820356,762.545239510305,0.00817009370558689,768.800825135342
9034,8990,202.6,14859.67,6.75521,0.410414,-1.34717,0,0,0,0,0,0,0,0,0,0,0,0.00820828,762.88767381634,0.00817477528888881,769.149669451573
9035,8990,202.6667,14865.29,6.75753,0.410618,-1.346327,0,0,0,0,0,0,0,0,0,0,0,0.00821236,763.176201672399,0.00817882206357354,769.443679383965
9036,8990,202.7333,14871.14,6.75976,0.410832,-1.335657,0,0,0,0,0,0,0,0,0,0,0,0.00821664,763.476537607977,0.00818306719196655,769.749749465948
9037,8990,202.8,14878.04,6.76193,0.411071,-1.340591,0,0,0,0,0,0,0,0,0,0,0,0.00822142,763.83077999353,0.00818780822527141,770.110553644784
9038,8990,202.8667,14884.18,6.76426,0.411285,-1.348218,0,0,0,0,0,0,0,0,0,0,0,0.0082257,764.146004377196,0.00819205331551704,770.431640165402
9039,8990,202.9333,14890.42,6.76646,0.411496,-1.347266,0,0,0,0,0,0,0,0,0,0,0,0.00822992,764.466362708479,0.00819623887750835,770.757859716261
9040,8990,203,14896.95,6.76863,0.411697,-1.349598,0,0,0,0,0,0,0,0,0,0,0,0.00823394,764.80160948785,0.00820022605533955,771.098940052277
9041,8990,203.0667,14903.16,6.77094,0.411926,-1.355427,0,0,0,0,0,0,0,0,0,0,0,0.00823852,765.120427634848,0.00820476864155461,771.423887580326
9042,8990,203.1333,14909.42,6.77309,0.412162,-1.345052,0,0,0,0,0,0,0,0,0,0,0,0.00824324,765.441812755654,0.00820945006252635,771.751533324234
9043,8990,203.2,14915.47,6.77523,0.412379,-1.335793,0,0,0,0,0,0,0,0,0,0,0,0.00824758,765.752416586465,0.00821375457009641,772.068020902455
9044,8990,203.2667,14921.29,6.77759,0.412569,-1.33748,0,0,0,0,0,0,0,0,0,0,0,0.00825138,766.051212337758,0.00821752347856141,772.372191990218
9045,8990,203.3333,14927.51,6.77979,0.412806,-1.337233,0,0,0,0,0,0,0,0,0,0,0,0.00825612,766.370543879518,0.00822222467605269,772.697791054252
9046,8990,203.4,14933.96,6.78195,0.41304,-1.336431,0,0,0,0,0,0,0,0,0,0,0,0.0082608,766.701683500795,0.0082268663430316,773.035252767859
9047,8990,203.4667,14940.07,6.78428,0.413239,-1.333094,0,0,0,0,0,0,0,0,0,0,0,0.00826478,767.015367700177,0.00823081372662989,773.354580970838
9048,8990,203.5333,14946.5,6.78649,0.413503,-1.337771,0,0,0,0,0,0,0,0,0,0,0,0.00827006,767.345480531931,0.00823605043258249,773.691473696659
9049,8990,203.6,14952.68,6.78865,0.413735,-1.333347,0,0,0,0,0,0,0,0,0,0,0,0.0082747,767.662758494644,0.00824065236365989,774.01493752236
9050,8990,203.6667,14958.74,6.79093,0.413933,-1.333141,0,0,0,0,0,0,0,0,0,0,0,0.00827866,767.973875720217,0.00824457985705378,774.331670326187
9051,8990,203.7333,14964.95,6.79311,0.414142,-1.329972,0,0,0,0,0,0,0,0,0,0,0,0.00828284,768.292693867215,0.00824872552779074,774.656339323686
9052,8990,203.8,14970.92,6.79527,0.414341,-1.333949,0,0,0,0,0,0,0,0,0,0,0,0.00828682,768.599190539932,0.00825267282510357,774.968433684082
9053,8990,203.8667,14976.99,6.79757,0.414575,-1.339715,0,0,0,0,0,0,0,0,0,0,0,0.0082915,768.910821160267,0.00825731435075479,775.286245233917
9054,8990,203.9333,14983.46,6.79975,0.414806,-1.329741,0,0,0,0,0,0,0,0,0,0,0,0.00829612,769.242987571068,0.0082618963485359,775.624719705116
9055,8990,204,14989.51,6.80201,0.415017,-1.32791,0,0,0,0,0,0,0,0,0,0,0,0.00830034,769.553591401879,0.00826608161820547,775.941147858736
9056,8990,204.0667,14995.95,6.80427,0.415234,-1.338653,0,0,0,0,0,0,0,0,0,0,0,0.00830468,769.884217628396,0.00827038588201222,776.27785969285
9057,8990,204.1333,15002.9,6.80643,0.415496,-1.33812,0,0,0,0,0,0,0,0,0,0,0,0.00830992,770.241026987757,0.0082755827103999,776.641668302743
9058,8990,204.2,15008.8,6.80869,0.415699,-1.336911,0,0,0,0,0,0,0,0,0,0,0,0.00831398,770.543929897143,0.00827960924206996,776.950216719429
9059,8990,204.2667,15015.09,6.81099,0.415928,-1.340068,0,0,0,0,0,0,0,0,0,0,0,0.00831856,770.866855202234,0.00828415146769519,777.279357389245
9060,8990,204.3333,15022.24,6.81311,0.41619,-1.335846,0,0,0,0,0,0,0,0,0,0,0,0.0083238,771.233932456829,0.00828934822454615,777.653529463813
9061,8990,204.4,15028.08,6.81531,0.416369,-1.334127,0,0,0,0,0,0,0,0,0,0,0,0.00832738,771.533754997645,0.00829289866503434,777.958609758338
9062,8990,204.4667,15033.88,6.81761,0.416567,-1.345592,0,0,0,0,0,0,0,0,0,0,0,0.00833134,771.831523959415,0.00829682595323699,778.261914808239
9063,8990,204.5333,15040.92,6.81979,0.416847,-1.356619,0,0,0,0,0,0,0,0,0,0,0,0.00833694,772.192953871631,0.00830237966780224,778.630680196482
9064,8990,204.6,15047.16,6.82201,0.417076,-1.35342,0,0,0,0,0,0,0,0,0,0,0,0.00834152,772.513312202914,0.00830692179000069,778.957247446921
9065,8990,204.6667,15053.17,6.82429,0.417287,-1.342803,0,0,0,0,0,0,0,0,0,0,0,0.00834574,772.821862454678,0.00831110687123127,779.271632785041
9066,8990,204.7333,15060.17,6.82649,0.417514,-1.340601,0,0,0,0,0,0,0,0,0,0,0,0.00835028,773.181238787848,0.00831560928503576,779.637518622474
9067,8990,204.8,15066.42,6.82875,0.417771,-1.337267,0,0,0,0,0,0,0,0,0,0,0,0.00835542,773.502110513893,0.0083207067070345,779.965045518123
9068,8990,204.8667,15072.55,6.83097,0.417977,-1.335183,0,0,0,0,0,0,0,0,0,0,0,0.00835954,773.816821502797,0.00832479255960343,780.285574174823
9069,8990,204.9333,15079.37,6.83311,0.418226,-1.339118,0,0,0,0,0,0,0,0,0,0,0,0.00836452,774.166956730257,0.00832973126202556,780.642491723167
9070,8990,205,15084.92,6.83533,0.418394,-1.3441,0,0,0,0,0,0,0,0,0,0,0,0.00836788,774.451890822985,0.00833306338481985,780.932411311165
9071,8990,205.0667,15090.44,6.83759,0.418605,-1.344345,0,0,0,0,0,0,0,0,0,0,0,0.0083721,774.735284731427,0.00833724835664761,781.221446008727
9072,8990,205.1333,15097.39,6.83977,0.41887,-1.342879,0,0,0,0,0,0,0,0,0,0,0,0.0083774,775.092094090789,0.0083425043391085,781.585350599825
9073,8990,205.2,15103.48,6.84205,0.419089,-1.337772,0,0,0,0,0,0,0,0,0,0,0,0.00838178,775.404751500647,0.00834684794150113,781.90402353868
9074,8990,205.2667,15109.47,6.84431,0.419295,-1.340746,0,0,0,0,0,0,0,0,0,0,0,0.0083859,775.712274962888,0.00835093368726245,782.217320529499
9075,8990,205.3333,15116.63,6.84649,0.419524,-1.347625,0,0,0,0,0,0,0,0,0,0,0,0.00839048,776.079865612244,0.00835547558892846,782.591548203066
9076,8990,205.4,15122.78,6.84875,0.419748,-1.347798,0,0,0,0,0,0,0,0,0,0,0,0.00839496,776.395603390672,0.00835991830247748,782.913413425313
9077,8990,205.4667,15128.54,6.85099,0.419962,-1.348035,0,0,0,0,0,0,0,0,0,0,0,0.00839924,776.691318773395,0.00836416266216472,783.214935565689
9078,8990,205.5333,15135.38,6.85311,0.420203,-1.35453,0,0,0,0,0,0,0,0,0,0,0,0.00840406,777.042480790378,0.00836894250360987,783.572792421489
9079,8990,205.6,15141.2,6.85533,0.420437,-1.348052,0,0,0,0,0,0,0,0,0,0,0,0.00840874,777.34127654167,0.00837358348962502,783.877737227377
9080,8990,205.6667,15146.57,6.85761,0.420628,-1.347154,0,0,0,0,0,0,0,0,0,0,0,0.00841256,777.616969528688,0.00837737162891143,784.158718941866
9081,8990,205.7333,15153.33,6.85983,0.420857,-1.34522,0,0,0,0,0,0,0,0,0,0,0,0.00841714,777.964024387578,0.00838191341050056,784.512256495811
9082,8990,205.8,15159.76,6.86211,0.421094,-1.349903,0,0,0,0,0,0,0,0,0,0,0,0.00842188,778.294137219332,0.00838661383522763,784.848837047697
9083,8990,205.8667,15165.87,6.86431,0.421305,-1.343468,0,0,0,0,0,0,0,0,0,0,0,0.0084261,778.607821418713,0.00839079858295474,785.16844878277
9084,8990,205.9333,15172.37,6.86651,0.421542,-1.338317,0,0,0,0,0,0,0,0,0,0,0,0.00843084,778.9415280138,0.00839549896591779,785.50865940584
9085,8990,206,15178.6,6.86877,0.421743,-1.346506,0,0,0,0,0,0,0,0,0,0,0,0.00843486,779.261372950321,0.00839948534934431,785.834333534565
9086,8990,206.0667,15184.68,6.87093,0.421974,-1.349585,0,0,0,0,0,0,0,0,0,0,0,0.00843948,779.573516965417,0.00840406669574602,786.152712070376
9087,8990,206.1333,15190.76,6.87309,0.422234,-1.345623,0,0,0,0,0,0,0,0,0,0,0,0.00844468,779.885660980513,0.00840922316442486,786.471545824082
9088,8990,206.2,15196.66,6.87543,0.422422,-1.343437,0,0,0,0,0,0,0,0,0,0,0,0.00844844,780.188563889899,0.00841295167136728,786.779940160609
9089,8990,206.2667,15202.78,6.87759,0.422633,-1.336492,0,0,0,0,0,0,0,0,0,0,0,0.00845266,780.502761484042,0.00841713630887866,787.100085955928
9090,8990,206.3333,15209.28,6.87979,0.422878,-1.338752,0,0,0,0,0,0,0,0,0,0,0,0.00845756,780.836468079128,0.00842199522619844,787.440439358096
9091,8990,206.4,15215.39,6.88215,0.423079,-1.340966,0,0,0,0,0,0,0,0,0,0,0,0.00846158,781.150152278509,0.00842598150400232,787.759916784026
9092,8990,206.4667,15221.84,6.88429,0.423305,-1.344565,0,0,0,0,0,0,0,0,0,0,0,0.0084661,781.481291899787,0.00843046356852518,788.09739066514
9093,8990,206.5333,15228.21,6.88649,0.423544,-1.344078,0,0,0,0,0,0,0,0,0,0,0,0.00847088,781.808324362972,0.00843520342906365,788.430928861652
9094,8990,206.6,15234.31,6.88883,0.423778,-1.346426,0,0,0,0,0,0,0,0,0,0,0,0.00847556,782.121495167591,0.00843984410757367,788.750412827174
9095,8990,206.6667,15240.52,6.89097,0.424007,-1.344902,0,0,0,0,0,0,0,0,0,0,0,0.00848014,782.440313314589,0.00844438560543617,789.075516713141
9096,8990,206.7333,15246.61,6.89313,0.424214,-1.342659,0,0,0,0,0,0,0,0,0,0,0,0.00848428,782.752970724447,0.00844849078444566,789.394066098905
9097,8990,206.8,15252.37,6.89545,0.424425,-1.341091,0,0,0,0,0,0,0,0,0,0,0,0.0084885,783.04868610717,0.00845267527324168,789.69559487919
9098,8990,206.8667,15258.58,6.89759,0.424667,-1.339728,0,0,0,0,0,0,0,0,0,0,0,0.00849334,783.367504254168,0.0084574745231944,790.02091081275
9099,8990,206.9333,15264.66,6.89983,0.42489,-1.344151,0,0,0,0,0,0,0,0,0,0,0,0.0084978,783.679648269264,0.00846189695213972,790.339201184326
9100,8990,207,15270.84,6.90217,0.425114,-1.350848,0,0,0,0,0,0,0,0,0,0,0,0.00850228,783.996926231977,0.00846633919291552,790.66268761794
9101,8990,207.0667,15277.69,6.90429,0.425351,-1.347218,0,0,0,0,0,0,0,0,0,0,0,0.00850702,784.348601643721,0.00847103922082303,791.021070884877
9102,8990,207.1333,15283.71,6.90649,0.425595,-1.346003,0,0,0,0,0,0,0,0,0,0,0,0.0085119,784.657665290247,0.00847587804504199,791.336592871431
9103,8990,207.2,15289.54,6.90883,0.425786,-1.345435,0,0,0,0,0,0,0,0,0,0,0,0.00851572,784.956974436302,0.00847966579684272,791.641448242648
9104,8990,207.2667,15296.25,6.91095,0.42603,-1.343175,0,0,0,0,0,0,0,0,0,0,0,0.0085206,785.301462321383,0.00848450457931948,791.992701961239
9105,8990,207.3333,15302.21,6.91309,0.426247,-1.334365,0,0,0,0,0,0,0,0,0,0,0,0.00852494,785.607445599339,0.00848880790308088,792.304701936627
9106,8990,207.4,15307.6,6.91547,0.426427,-1.335528,0,0,0,0,0,0,0,0,0,0,0,0.00852854,785.88416537588,0.00849237746634291,792.586609915655
9107,8990,207.4667,15314.25,6.91767,0.426682,-1.342871,0,0,0,0,0,0,0,0,0,0,0,0.00853364,786.225572892391,0.0084974343258197,792.934938890249
9108,8990,207.5333,15320.75,6.91981,0.426924,-1.345627,0,0,0,0,0,0,0,0,0,0,0,0.00853848,786.559279487478,0.00850223336096764,793.275300164196
9109,8990,207.6,15326.45,6.92215,0.427125,-1.334296,0,0,0,0,0,0,0,0,0,0,0,0.0085425,786.85191450163,0.00850621931893349,793.57359698126
9110,8990,207.6667,15333.03,6.92437,0.427389,-1.332768,0,0,0,0,0,0,0,0,0,0,0,0.00854778,787.18972825481,0.00851145458287034,793.918452870192
9111,8990,207.7333,15339.3,6.92653,0.427628,-1.339775,0,0,0,0,0,0,0,0,0,0,0,0.00855256,787.511626770378,0.00851619405953915,794.246867209029
9112,8990,207.8,15345.28,6.92883,0.427817,-1.343551,0,0,0,0,0,0,0,0,0,0,0,0.00855634,787.818636837857,0.008519941997987,794.559480952978
9113,8990,207.8667,15351.78,6.93099,0.428056,-1.348463,0,0,0,0,0,0,0,0,0,0,0,0.00856112,788.152343432944,0.00852468143443018,794.899810223354
9114,8990,207.9333,15357.63,6.93314,0.428298,-1.345919,0,0,0,0,0,0,0,0,0,0,0,0.00856596,788.452679368521,0.0085294803388206,795.206533481885
9115,8990,208,15363.21,6.93545,0.428486,-1.344336,0,0,0,0,0,0,0,0,0,0,0,0.00856972,788.739153645534,0.00853320839741089,795.498427345313
9116,8990,208.0667,15369.87,6.93765,0.42873,-1.349029,0,0,0,0,0,0,0,0,0,0,0,0.0085746,789.081074556807,0.00853804692081422,795.847129138702
9117,8990,208.1333,15375.91,6.93987,0.428954,-1.36543,0,0,0,0,0,0,0,0,0,0,0,0.00857908,789.391164992856,0.00854248882332716,796.163414948623
9118,8990,208.2,15382,6.94217,0.429196,-1.361359,0,0,0,0,0,0,0,0,0,0,0,0.00858392,789.703822402714,0.00854728764226237,796.482576837913
9119,8990,208.2667,15388.96,6.94437,0.429438,-1.351927,0,0,0,0,0,0,0,0,0,0,0,0.00858876,790.061145156837,0.00855208643816925,796.846790717915
9120,8990,208.3333,15394.97,6.94655,0.429667,-1.341771,0,0,0,0,0,0,0,0,0,0,0,0.00859334,790.369695408602,0.00855662742631299,797.161610926944
9121,8990,208.4,15400.71,6.94881,0.429883,-1.339341,0,0,0,0,0,0,0,0,0,0,0,0.00859766,790.664384001801,0.00856091061020579,797.462247549558
9122,8990,208.4667,15407.24,6.95097,0.430148,-1.341368,0,0,0,0,0,0,0,0,0,0,0,0.00860296,790.999630781172,0.00856616541723634,797.804568964797
9123,8990,208.5333,15413.08,6.95316,0.430343,-1.351968,0,0,0,0,0,0,0,0,0,0,0,0.00860686,791.299453321988,0.00857003214439718,798.110056934807
9124,8990,208.6,15418.71,6.95544,0.430539,-1.350923,0,0,0,0,0,0,0,0,0,0,0,0.00861078,791.588494572809,0.00857391868586124,798.404688950107
9125,8990,208.6667,15425.26,6.95769,0.430768,-1.340105,0,0,0,0,0,0,0,0,0,0,0,0.00861536,791.924768141704,0.00857845957486652,798.747485112161
9126,8990,208.7333,15431.71,6.95993,0.431031,-1.342178,0,0,0,0,0,0,0,0,0,0,0,0.00862062,792.255907762982,0.00858367463156011,799.085644886562
9127,8990,208.8,15437.81,6.96215,0.431252,-1.340848,0,0,0,0,0,0,0,0,0,0,0,0.00862504,792.569078567601,0.00858805684448306,799.40501857301
9128,8990,208.8667,15444.42,6.96437,0.431504,-1.34246,0,0,0,0,0,0,0,0,0,0,0,0.00863008,792.908432505066,0.00859305373352308,799.751295710259
9129,8990,208.9333,15450.48,6.96663,0.431763,-1.345787,0,0,0,0,0,0,0,0,0,0,0,0.00863526,793.219549730639,0.00859818939901747,800.069206779646
9130,8990,209,15456.53,6.96878,0.431985,-1.349094,0,0,0,0,0,0,0,0,0,0,0,0.0086397,793.53015356145,0.00860259137702062,800.386016029175
9131,8990,209.0667,15462.84,6.97098,0.432186,-1.351043,0,0,0,0,0,0,0,0,0,0,0,0.00864372,793.854105656064,0.00860657693498451,800.715958266206
9132,8990,209.1333,15468.54,6.97326,0.432392,-1.345107,0,0,0,0,0,0,0,0,0,0,0,0.00864784,794.146740670217,0.00861066161969915,801.014394620055
9133,8990,209.2,15474.55,6.97546,0.432641,-1.350114,0,0,0,0,0,0,0,0,0,0,0,0.00865282,794.455290921981,0.00861559891050433,801.329569552377
9134,8990,209.2667,15481.17,6.97768,0.43285,-1.347499,0,0,0,0,0,0,0,0,0,0,0,0.008657,794.795158254208,0.00861974304340694,801.675699939214
9135,8990,209.3333,15487.26,6.97997,0.433087,-1.342079,0,0,0,0,0,0,0,0,0,0,0,0.00866174,795.107815664066,0.00862444235036928,801.994832835316
9136,8990,209.4,15493.5,6.98214,0.433308,-1.356849,0,0,0,0,0,0,0,0,0,0,0,0.00866616,795.428173995349,0.00862882438464344,802.3214818197
9137,8990,209.4667,15499.91,6.98434,0.433509,-1.36384,0,0,0,0,0,0,0,0,0,0,0,0.00867018,795.75726003758,0.00863280983805573,802.656618718412
9138,8990,209.5333,15505.78,6.98663,0.433758,-1.357129,0,0,0,0,0,0,0,0,0,0,0,0.00867516,796.058622762681,0.00863774701951019,802.964558684527
9139,8990,209.6,15511.83,6.98876,0.433992,-1.347626,0,0,0,0,0,0,0,0,0,0,0,0.00867984,796.369226593492,0.00864238675817811,803.281584061247
9140,8990,209.6667,15518.01,6.99098,0.434209,-1.351783,0,0,0,0,0,0,0,0,0,0,0,0.00868418,796.686504556205,0.00864668940257625,803.605073565342
9141,8990,209.7333,15523.87,6.99332,0.434397,-1.344455,0,0,0,0,0,0,0,0,0,0,0,0.00868794,796.987353886544,0.00865041702423093,803.911532197869
9142,8990,209.8,15530.01,6.99544,0.434644,-1.342919,0,0,0,0,0,0,0,0,0,0,0,0.00869288,797.30257827021,0.0086553144634759,804.233433906804
9143,8990,209.8667,15536.21,6.99768,0.434873,-1.349843,0,0,0,0,0,0,0,0,0,0,0,0.00869746,797.620883022446,0.00865985498288787,804.558158747699
9144,8990,209.9333,15541.97,7.00003,0.435122,-1.342399,0,0,0,0,0,0,0,0,0,0,0,0.00870244,797.916598405169,0.00866479203081768,804.860419727794
9145,8990,210,15548.54,7.00214,0.435349,-1.337576,0,0,0,0,0,0,0,0,0,0,0,0.00870698,798.253898763587,0.00866929285247038,805.204279495044
9146,8990,210.0667,15554.62,7.00434,0.435573,-1.343182,0,0,0,0,0,0,0,0,0,0,0,0.00871146,798.566042778683,0.00867373417204124,805.522718917708
9147,8990,210.1333,15560.3,7.00673,0.435791,-1.344615,0,0,0,0,0,0,0,0,0,0,0,0.00871582,798.857651003312,0.00867805650875509,805.82035049508
9148,8990,210.2,15567,7.0088,0.436031,-1.340707,0,0,0,0,0,0,0,0,0,0,0,0.00872062,799.201625493632,0.00868281502298134,806.171159172945
9149,8990,210.2667,15573.15,7.01092,0.436267,-1.340426,0,0,0,0,0,0,0,0,0,0,0,0.00872534,799.51736327206,0.00868749420655656,806.493424102512
9150,8990,210.3333,15578.41,7.01334,0.436435,-1.335813,0,0,0,0,0,0,0,0,0,0,0,0.0087287,799.787408916699,0.00869082513745599,806.76851327291
9151,8990,210.4,15584.94,7.01546,0.43672,-1.336572,0,0,0,0,0,0,0,0,0,0,0,0.0087344,800.12265569607,0.0086964757984272,807.111247019982
9152,8990,210.4667,15591.45,7.0176,0.436965,-1.342824,0,0,0,0,0,0,0,0,0,0,0,0.0087393,800.456875685918,0.00870133335865214,807.4523084596
9153,8990,210.5333,15596.95,7.02004,0.437171,-1.346351,0,0,0,0,0,0,0,0,0,0,0,0.00874342,800.739242804838,0.00870541765633579,807.740442315162
9154,8990,210.6,15603.62,7.02222,0.43743,-1.342131,0,0,0,0,0,0,0,0,0,0,0,0.0087486,801.081677110872,0.00871055274480079,808.090020271245
9155,8990,210.6667,15610.39,7.02432,0.437659,-1.346388,0,0,0,0,0,0,0,0,0,0,0,0.00875318,801.429245364524,0.00871509301340955,808.444299806464
9156,8990,210.7333,15616.13,7.02672,0.437886,-1.3435,0,0,0,0,0,0,0,0,0,0,0,0.00875772,801.723933957723,0.0087195936086727,808.745207688623
9157,8990,210.8,15622.61,7.02886,0.438117,-1.345655,0,0,0,0,0,0,0,0,0,0,0,0.00876234,802.056613763286,0.00872417348878565,809.084506512329
9158,8990,210.8667,15628.9,7.03094,0.438346,-1.34927,0,0,0,0,0,0,0,0,0,0,0,0.00876692,802.379539068377,0.00872871369555314,809.413936297027
9159,8990,210.9333,15634.18,7.03334,0.438573,-1.341471,0,0,0,0,0,0,0,0,0,0,0,0.00877146,802.65061150254,0.00873321422951567,809.69102923531
9160,8990,211,15640.5,7.03552,0.438827,-1.333293,0,0,0,0,0,0,0,0,0,0,0,0.00877654,802.975076991916,0.00873825004526826,810.022419874138
9161,8990,211.0667,15647,7.03764,0.439051,-1.337146,0,0,0,0,0,0,0,0,0,0,0,0.00878102,803.308783587002,0.00874269105858942,810.362654081855
9162,8990,211.1333,15652.8,7.04008,0.439255,-1.338548,0,0,0,0,0,0,0,0,0,0,0,0.0087851,803.606552548771,0.00874673553570433,810.666316473568
9163,8990,211.2,15659.54,7.04226,0.439535,-1.344499,0,0,0,0,0,0,0,0,0,0,0,0.0087907,803.952580618138,0.00875228675216912,811.019886568578
9164,8990,211.2667,15665.99,7.04436,0.439761,-1.349008,0,0,0,0,0,0,0,0,0,0,0,0.00879522,804.283720239416,0.00875676735441288,811.35757250134
9165,8990,211.3333,15671.53,7.0467,0.439975,-1.354229,0,0,0,0,0,0,0,0,0,0,0,0.0087995,804.568140937382,0.00876101003006776,811.64793829356
9166,8990,211.4,15677.96,7.04888,0.440219,-1.352834,0,0,0,0,0,0,0,0,0,0,0,0.00880438,804.898253769136,0.00876584745137553,811.984883856656
9167,8990,211.4667,15684.26,7.05094,0.440453,-1.351206,0,0,0,0,0,0,0,0,0,0,0,0.00880906,805.221692468989,0.00877048659573015,812.31493867125
9168,8990,211.5333,15689.57,7.05332,0.440662,-1.353502,0,0,0,0,0,0,0,0,0,0,0,0.00881324,805.494305087437,0.00877463008680887,812.593319716806
9169,8990,211.6,15695.92,7.05558,0.440926,-1.350798,0,0,0,0,0,0,0,0,0,0,0,0.00881852,805.820310761098,0.00877986394573652,812.926453287951
9170,8990,211.6667,15702.67,7.05772,0.441161,-1.341749,0,0,0,0,0,0,0,0,0,0,0,0.00882322,806.166852225226,0.00878452285014647,813.279839719117
9171,8990,211.7333,15708.71,7.06,0.441387,-1.338975,0,0,0,0,0,0,0,0,0,0,0,0.00882774,806.476942661275,0.00878900330795575,813.596311427084
9172,8990,211.8,15715.09,7.06226,0.441608,-1.34099,0,0,0,0,0,0,0,0,0,0,0,0.00883216,806.804488519222,0.00879338462117907,813.930314850542
9173,8990,211.8667,15721.29,7.06444,0.441845,-1.339777,0,0,0,0,0,0,0,0,0,0,0,0.0088369,807.122793271458,0.00879808311221887,814.255256683318
9174,8990,211.9333,15727.16,7.06664,0.442051,-1.336614,0,0,0,0,0,0,0,0,0,0,0,0.00884102,807.424155996559,0.00880216701476765,814.562609108208
9175,8990,212,15733.21,7.06888,0.442306,-1.339939,0,0,0,0,0,0,0,0,0,0,0,0.00884612,807.73475982737,0.00880722230792881,814.880078440974
9176,8990,212.0667,15739.17,7.07106,0.442555,-1.337555,0,0,0,0,0,0,0,0,0,0,0,0.0088511,808.040743105326,0.00881215862835447,815.192792526626
9177,8990,212.1333,15745.07,7.07328,0.442797,-1.338715,0,0,0,0,0,0,0,0,0,0,0,0.00885594,808.343646014712,0.0088169561533707,815.5022888432
9178,8990,212.2,15751.47,7.07556,0.443033,-1.332659,0,0,0,0,0,0,0,0,0,0,0,0.00886066,808.672218662182,0.00882163470931873,815.837588243193
9179,8990,212.2667,15757.58,7.07782,0.443252,-1.335425,0,0,0,0,0,0,0,0,0,0,0,0.00886504,808.985902861563,0.00882597623106278,816.157595249867
9180,8990,212.3333,15763.74,7.07998,0.443489,-1.331912,0,0,0,0,0,0,0,0,0,0,0,0.00886978,809.302154034752,0.00883067456897404,816.480486094567
9181,8990,212.4,15770.01,7.08224,0.443741,-1.340368,0,0,0,0,0,0,0,0,0,0,0,0.00887482,809.62405255032,0.00883567024583029,816.809320284375
9182,8990,212.4667,15775.88,7.08448,0.44396,-1.34348,0,0,0,0,0,0,0,0,0,0,0,0.0088792,809.925415275421,0.00884001170663931,817.116905022735
9183,8990,212.5333,15781.91,7.08662,0.444199,-1.34669,0,0,0,0,0,0,0,0,0,0,0,0.00888398,810.234992316709,0.00884474962637878,817.433103783751
9184,8990,212.6,15788.08,7.08888,0.44442,-1.348623,0,0,0,0,0,0,0,0,0,0,0,0.0088884,810.55175688466,0.00884913069536735,817.756265120554
9185,8990,212.6667,15793.69,7.09114,0.444626,-1.342188,0,0,0,0,0,0,0,0,0,0,0,0.00889252,810.839771345958,0.00885321438944853,818.050180229447
9186,8990,212.7333,15799.62,7.09328,0.444881,-1.334209,0,0,0,0,0,0,0,0,0,0,0,0.00889762,811.144214439629,0.00885826942455727,818.361467424911
9187,8990,212.8,15805.79,7.09552,0.445087,-1.34101,0,0,0,0,0,0,0,0,0,0,0,0.00890174,811.46097900758,0.00886235308131892,818.684393662851
9188,8990,212.8667,15811.55,7.09784,0.445288,-1.346539,0,0,0,0,0,0,0,0,0,0,0,0.00890576,811.756694390303,0.00886633760412399,818.986004688936
9189,8990,212.9333,15817.8,7.09996,0.44555,-1.352341,0,0,0,0,0,0,0,0,0,0,0,0.008911,812.077566116347,0.00887153133638332,819.31398930801
9190,8990,213,15824.14,7.1022,0.445779,-1.341647,0,0,0,0,0,0,0,0,0,0,0,0.00891558,812.403058395247,0.00887607087416674,819.646102854614
9191,8990,213.0667,15829.88,7.10456,0.446,-1.339028,0,0,0,0,0,0,0,0,0,0,0,0.00892,812.697746988446,0.00888045180593722,819.947010891583
9192,8990,213.1333,15836.54,7.10666,0.446283,-1.343586,0,0,0,0,0,0,0,0,0,0,0,0.00892566,813.039667899719,0.00888606174936573,820.296583541905
9193,8990,213.2,15843,7.10878,0.446532,-1.348349,0,0,0,0,0,0,0,0,0,0,0,0.00893064,813.371320915759,0.00889099768063095,820.635247369182
9194,8990,213.2667,15848.46,7.11116,0.446761,-1.346382,0,0,0,0,0,0,0,0,0,0,0,0.00893522,813.651634455631,0.00889553713004701,820.921790812852
9195,8990,213.3333,15854.72,7.11334,0.44699,-1.340824,0,0,0,0,0,0,0,0,0,0,0,0.0089398,813.973019576437,0.00890007655885677,821.249775576847
9196,8990,213.4,15861.5,7.11548,0.447224,-1.339868,0,0,0,0,0,0,0,0,0,0,0,0.00894448,814.321101224851,0.00890471508054642,821.604780028334
9197,8990,213.4667,15867.34,7.11788,0.447443,-1.345328,0,0,0,0,0,0,0,0,0,0,0,0.00894886,814.620923765666,0.00890905624161099,821.910852365516
9198,8990,213.5333,15873.63,7.12002,0.44771,-1.340545,0,0,0,0,0,0,0,0,0,0,0,0.0089542,814.943849070758,0.00891434886453806,822.241019284107
9199,8990,213.6,15880.29,7.1222,0.447952,-1.340447,0,0,0,0,0,0,0,0,0,0,0,0.00895904,815.285769982031,0.00891914589932029,822.58994780673
9200,8990,213.6667,15886.16,7.12456,0.448156,-1.342056,0,0,0,0,0,0,0,0,0,0,0,0.00896312,815.587132707132,0.00892318966283204,822.897338048042
9201,8990,213.7333,15892.32,7.12668,0.448367,-1.338586,0,0,0,0,0,0,0,0,0,0,0,0.00896734,815.903383880321,0.00892737216573169,823.219866930727
9202,8990,213.8,15898.46,7.1288,0.448619,-1.341229,0,0,0,0,0,0,0,0,0,0,0,0.00897238,816.218608263987,0.00893236735954233,823.542031780403
9203,8990,213.8667,15903.96,7.1312,0.448861,-1.346827,0,0,0,0,0,0,0,0,0,0,0,0.00897722,816.500975382907,0.00893716430789042,823.830884269133
9204,8990,213.9333,15910.14,7.13334,0.44912,-1.352306,0,0,0,0,0,0,0,0,0,0,0,0.0089824,816.818253345619,0.0089422982064568,824.155241624471
9205,8990,214,15916.59,7.1355,0.449359,-1.349014,0,0,0,0,0,0,0,0,0,0,0,0.00898718,817.149392966897,0.00894703564159697,824.493261648382
9206,8990,214.0667,15922.37,7.13794,0.449573,-1.344655,0,0,0,0,0,0,0,0,0,0,0,0.00899146,817.446135139143,0.00895127751008372,824.796169365402
9207,8990,214.1333,15929.04,7.14008,0.44984,-1.350486,0,0,0,0,0,0,0,0,0,0,0,0.0089968,817.788569445178,0.00895656990955484,825.146049646763
9208,8990,214.2,15935.42,7.1422,0.450084,-1.360233,0,0,0,0,0,0,0,0,0,0,0,0.00900168,818.116115303124,0.00896140638495187,825.480534775926
9209,8990,214.2667,15941,7.14454,0.450285,-1.356768,0,0,0,0,0,0,0,0,0,0,0,0.0090057,818.402589580137,0.00896539051309713,825.772877781119
9210,8990,214.3333,15947.17,7.1467,0.450494,-1.351827,0,0,0,0,0,0,0,0,0,0,0,0.00900988,818.719354148088,0.00896953319667358,826.09591728264
9211,8990,214.4,15953.35,7.14879,0.450743,-1.34914,0,0,0,0,0,0,0,0,0,0,0,0.00901486,819.036632110801,0.00897446871594768,826.420132684151
9212,8990,214.4667,15958.63,7.15114,0.450998,-1.349354,0,0,0,0,0,0,0,0,0,0,0,0.00901996,819.307704544963,0.00897952313815047,826.697827267651
9213,8990,214.5333,15964.87,7.1534,0.451217,-1.348809,0,0,0,0,0,0,0,0,0,0,0,0.00902434,819.628062876246,0.00898386397447406,827.024665189183
9214,8990,214.6,15971.52,7.15554,0.451459,-1.351412,0,0,0,0,0,0,0,0,0,0,0,0.00902918,819.969470392758,0.00898866067580228,827.373122335438
9215,8990,214.6667,15977.57,7.15786,0.451693,-1.34746,0,0,0,0,0,0,0,0,0,0,0,0.00903386,820.280074223569,0.00899329878661173,827.690369574894
9216,8990,214.7333,15983.93,7.1601,0.45197,-1.35059,0,0,0,0,0,0,0,0,0,0,0,0.0090394,820.606593291992,0.00899878917203025,828.024384531395
9217,8990,214.8,15990,7.16224,0.452219,-1.353772,0,0,0,0,0,0,0,0,0,0,0,0.00904438,820.918223912326,0.00900372454691339,828.342920278314
9218,8990,214.8667,15995.82,7.1645,0.452433,-1.357033,0,0,0,0,0,0,0,0,0,0,0,0.00904866,821.217019663619,0.00900796617494058,828.647933260768
9219,8990,214.9333,16002.01,7.16672,0.452642,-1.35466,0,0,0,0,0,0,0,0,0,0,0,0.00905284,821.534811021093,0.00901210868214365,828.972034219697
9220,8990,215,16007.89,7.16887,0.452914,-1.352741,0,0,0,0,0,0,0,0,0,0,0,0.00905828,821.836687140956,0.00901749986199111,829.281113967351
9221,8990,215.0667,16013.61,7.17118,0.453141,-1.350615,0,0,0,0,0,0,0,0,0,0,0,0.00906282,822.130348944632,0.00902199909645226,829.581168313654
9222,8990,215.1333,16020.21,7.17342,0.45338,-1.349995,0,0,0,0,0,0,0,0,0,0,0,0.0090676,822.469189487335,0.00902673615403058,829.92701110993
9223,8990,215.2,16026.5,7.1756,0.453606,-1.353981,0,0,0,0,0,0,0,0,0,0,0,0.00907212,822.792114792426,0.009031215526747,830.256583592877
9224,8990,215.2667,16032.53,7.17784,0.453853,-1.352169,0,0,0,0,0,0,0,0,0,0,0,0.00907706,823.101691833714,0.00903611110141426,830.57303527659
9225,8990,215.3333,16038.88,7.1801,0.454087,-1.353704,0,0,0,0,0,0,0,0,0,0,0,0.00908174,823.427697507375,0.00904074899214911,830.905853764936
9226,8990,215.4,16044.75,7.18229,0.454331,-1.353782,0,0,0,0,0,0,0,0,0,0,0,0.00908662,823.729060232476,0.0090455850604342,831.213973185766
9227,8990,215.4667,16050.73,7.18449,0.454563,-1.352457,0,0,0,0,0,0,0,0,0,0,0,0.00909126,824.036070299955,0.00905018326760513,831.527596464431
9228,8990,215.5333,16057.13,7.18675,0.454792,-1.347488,0,0,0,0,0,0,0,0,0,0,0,0.00909584,824.364642947425,0.00905472199446563,831.862931841332
9229,8990,215.6,16062.96,7.18893,0.455046,-1.345557,0,0,0,0,0,0,0,0,0,0,0,0.00910092,824.663952093479,0.00905975619142867,832.169152748366
9230,8990,215.6667,16068.98,7.19113,0.455308,-1.346983,0,0,0,0,0,0,0,0,0,0,0,0.00910616,824.973015740006,0.0090649489192234,832.485352017016
9231,8990,215.7333,16075.3,7.19339,0.455527,-1.354396,0,0,0,0,0,0,0,0,0,0,0,0.00911054,825.297481229382,0.00906928938474431,832.816386944021
9232,8990,215.8,16081.24,7.19568,0.455789,-1.354372,0,0,0,0,0,0,0,0,0,0,0,0.00911578,825.602437717814,0.00907448206303612,833.128447907514
9233,8990,215.8667,16087.74,7.19783,0.456031,-1.357162,0,0,0,0,0,0,0,0,0,0,0,0.00912062,825.936144312901,0.0090792783297174,833.469194029444
9234,8990,215.9333,16094.2,7.20005,0.456268,-1.364448,0,0,0,0,0,0,0,0,0,0,0,0.00912536,826.26779732894,0.00908397547768354,833.807788435974
9235,8990,216,16099.68,7.2024,0.456502,-1.360169,0,0,0,0,0,0,0,0,0,0,0,0.00913004,826.549137658336,0.00908861314643447,834.095564347122
9236,8990,216.0667,16106.08,7.20453,0.456751,-1.362841,0,0,0,0,0,0,0,0,0,0,0,0.00913502,826.877710305806,0.00909354807802363,834.431254727004
9237,8990,216.1333,16112.63,7.20669,0.456998,-1.354414,0,0,0,0,0,0,0,0,0,0,0,0.00913996,827.2139838747,0.00909844334754727,834.774686598756
9238,8990,216.2,16117.91,7.20903,0.45724,-1.344825,0,0,0,0,0,0,0,0,0,0,0,0.0091448,827.485056308863,0.00910323949930548,835.052241651796
9239,8990,216.2667,16123.88,7.21119,0.457471,-1.35136,0,0,0,0,0,0,0,0,0,0,0,0.00914942,827.791552981581,0.00910781762270704,835.365365572261
9240,8990,216.3333,16130.58,7.21335,0.457744,-1.348291,0,0,0,0,0,0,0,0,0,0,0,0.00915488,828.1355274719,0.0091132281051602,835.717008849643
9241,8990,216.4,16136.04,7.21572,0.457937,-1.344087,0,0,0,0,0,0,0,0,0,0,0,0.00915874,828.415841011773,0.00911705308058682,836.003086311481
9242,8990,216.4667,16142.07,7.21789,0.458158,-1.351778,0,0,0,0,0,0,0,0,0,0,0,0.00916316,828.725418053061,0.0091214329567602,836.319161654748
9243,8990,216.5333,16148.84,7.22003,0.458413,-1.35369,0,0,0,0,0,0,0,0,0,0,0,0.00916826,829.072986306712,0.00912648663620013,836.674143004149
9244,8990,216.6,16154.54,7.22242,0.458665,-1.35498,0,0,0,0,0,0,0,0,0,0,0,0.0091733,829.365621320865,0.00913148083549712,836.973640974928
9245,8990,216.6667,16160.5,7.22457,0.458884,-1.354749,0,0,0,0,0,0,0,0,0,0,0,0.00917768,829.671604598821,0.00913582101224877,837.286065090915
9246,8990,216.7333,16167.13,7.22663,0.459138,-1.355784,0,0,0,0,0,0,0,0,0,0,0,0.00918276,830.011985325809,0.00914085480096096,837.633786184179
9247,8990,216.8,16172.37,7.22903,0.459375,-1.351648,0,0,0,0,0,0,0,0,0,0,0,0.0091875,830.281004180925,0.00914555165970267,837.909210906837
9248,8990,216.8667,16178.04,7.23119,0.459601,-1.34839,0,0,0,0,0,0,0,0,0,0,0,0.00919202,830.572099010792,0.00915003050023319,838.206734356341
9249,8990,216.9333,16184.75,7.23333,0.459848,-1.354457,0,0,0,0,0,0,0,0,0,0,0,0.00919696,830.916586895874,0.00915492549326864,838.558493508891
9250,8990,217,16190.44,7.23579,0.4601,-1.35336,0,0,0,0,0,0,0,0,0,0,0,0.009202,831.208708515265,0.00915991955053868,838.857491051022
9251,8990,217.0667,16196.61,7.23795,0.460377,-1.352731,0,0,0,0,0,0,0,0,0,0,0,0.00920754,831.525473083216,0.0091654090212237,839.181777137648
9252,8990,217.1333,16203.52,7.24005,0.460611,-1.352094,0,0,0,0,0,0,0,0,0,0,0,0.00921222,831.880228863531,0.00917004631232908,839.543692545472
9253,8990,217.2,16209.06,7.24245,0.460818,-1.357509,0,0,0,0,0,0,0,0,0,0,0,0.00921636,832.164649561496,0.00917414851345818,839.834178551129
9254,8990,217.2667,16214.92,7.24461,0.461052,-1.360319,0,0,0,0,0,0,0,0,0,0,0,0.00922104,832.465498891836,0.00917878576403626,840.141696555737
9255,8990,217.3333,16221.44,7.24665,0.461301,-1.354633,0,0,0,0,0,0,0,0,0,0,0,0.00922602,832.800232276445,0.0091837202506511,840.483663875433
9256,8990,217.4,16226.84,7.24903,0.461558,-1.350938,0,0,0,0,0,0,0,0,0,0,0,0.00923116,833.077465447748,0.00918881324945314,840.76773682369
9257,8990,217.4667,16232.46,7.25127,0.461754,-1.350597,0,0,0,0,0,0,0,0,0,0,0,0.00923508,833.365993303807,0.00919269738674757,841.062194921247
9258,8990,217.5333,16239.3,7.25339,0.462036,-1.348886,0,0,0,0,0,0,0,0,0,0,0,0.00924072,833.71715532079,0.00919828576189671,841.421302112306
9259,8990,217.6,16245.34,7.25573,0.462286,-1.348998,0,0,0,0,0,0,0,0,0,0,0,0.00924572,834.02724575684,0.00920323996906993,841.738428143479
9260,8990,217.6667,16251.38,7.25795,0.462517,-1.346511,0,0,0,0,0,0,0,0,0,0,0,0.00925034,834.337336192889,0.00920781763468093,842.055240227368
9261,8990,217.7333,16257.75,7.26009,0.462777,-1.350546,0,0,0,0,0,0,0,0,0,0,0,0.00925554,834.664368656074,0.00921296996051925,842.389638106745
9262,8990,217.8,16263.58,7.26237,0.463014,-1.349647,0,0,0,0,0,0,0,0,0,0,0,0.00926028,834.963677802128,0.00921766648055925,842.695675248405
9263,8990,217.8667,16269.5,7.26457,0.463227,-1.351235,0,0,0,0,0,0,0,0,0,0,0,0.00926454,835.267607501037,0.00922188738481358,843.005977661435
9264,8990,217.9333,16275.34,7.26669,0.463451,-1.351375,0,0,0,0,0,0,0,0,0,0,0,0.00926902,835.567430041853,0.00922632625081895,843.31232126226
9265,8990,218,16281.02,7.26903,0.463716,-1.333909,0,0,0,0,0,0,0,0,0,0,0,0.00927432,835.859038266483,0.00923157756239098,843.611062462258
9266,8990,218.0667,16287.37,7.27127,0.463983,-1.340625,0,0,0,0,0,0,0,0,0,0,0,0.00927966,836.185043940144,0.00923686847861407,843.944556844994
9267,8990,218.1333,16293.62,7.27343,0.464225,-1.351204,0,0,0,0,0,0,0,0,0,0,0,0.0092845,836.505915666188,0.00924166396651167,844.272454840191
9268,8990,218.2,16299.72,7.27573,0.464469,-1.351775,0,0,0,0,0,0,0,0,0,0,0,0.00928938,836.819086470808,0.00924649906325839,844.592616956288
9269,8990,218.2667,16306.01,7.27797,0.464721,-1.356037,0,0,0,0,0,0,0,0,0,0,0,0.00929442,837.142011775899,0.00925149266322687,844.922761232989
9270,8990,218.3333,16311.96,7.28013,0.464978,-1.359769,0,0,0,0,0,0,0,0,0,0,0,0.00929956,837.447481659093,0.00925658531687689,845.235374761631
9271,8990,218.4,16318.01,7.28237,0.465194,-1.35582,0,0,0,0,0,0,0,0,0,0,0,0.00930388,837.758085489905,0.00926086550377675,845.552486186332
9272,8990,218.4667,16324.07,7.28459,0.465449,-1.360612,0,0,0,0,0,0,0,0,0,0,0,0.00930898,838.069202715477,0.00926591847861996,845.870772162172
9273,8990,218.5333,16329.7,7.28677,0.46568,-1.363249,0,0,0,0,0,0,0,0,0,0,0,0.0093136,838.358243966298,0.00927049585731958,846.166377307303
9274,8990,218.6,16335.76,7.28903,0.465942,-1.362328,0,0,0,0,0,0,0,0,0,0,0,0.00931884,838.669361191871,0.00927568749091873,846.48478678172
9275,8990,218.6667,16342.24,7.29125,0.466182,-1.366236,0,0,0,0,0,0,0,0,0,0,0,0.00932364,839.002040997434,0.00928044316216582,846.824593986959
9276,8990,218.7333,16347.99,7.29349,0.466413,-1.369535,0,0,0,0,0,0,0,0,0,0,0,0.00932826,839.297242985395,0.00928502047438088,847.126425885246
9277,8990,218.8,16354.18,7.29571,0.466685,-1.36704,0,0,0,0,0,0,0,0,0,0,0,0.0093337,839.61503434287,0.00929041018311649,847.451749188916
9278,8990,218.8667,16360.63,7.29791,0.466973,-1.365858,0,0,0,0,0,0,0,0,0,0,0,0.00933946,839.946173964147,0.00929611690188031,847.790817658039
9279,8990,218.9333,16366.14,7.30017,0.467179,-1.361293,0,0,0,0,0,0,0,0,0,0,0,0.00934358,840.229054477828,0.00930019877101796,848.079801866666
9280,8990,219,16372.24,7.30241,0.467408,-1.363301,0,0,0,0,0,0,0,0,0,0,0,0.00934816,840.542225282448,0.0093047363632708,848.399748491144
9281,8990,219.0667,16379.04,7.30455,0.467673,-1.371255,0,0,0,0,0,0,0,0,0,0,0,0.00935346,840.891333720384,0.00930998726310413,848.756577174685
9282,8990,219.1333,16384.43,7.30679,0.467912,-1.377533,0,0,0,0,0,0,0,0,0,0,0,0.00935824,841.168053496925,0.00931472295666557,849.039906021882
9283,8990,219.2,16389.98,7.30903,0.468115,-1.379067,0,0,0,0,0,0,0,0,0,0,0,0.0093623,841.452987589653,0.00931874530638613,849.330922895363
9284,8990,219.2667,16396.59,7.31121,0.468395,-1.385618,0,0,0,0,0,0,0,0,0,0,0,0.0093679,841.792341527117,0.00932429334841765,849.678168003309
9285,8990,219.3333,16402.28,7.31349,0.468637,-1.376862,0,0,0,0,0,0,0,0,0,0,0,0.00937274,842.084463146508,0.0093290884170899,849.97710187762
9286,8990,219.4,16407.96,7.31575,0.468843,-1.374086,0,0,0,0,0,0,0,0,0,0,0,0.00937686,842.376071371137,0.00933317015164463,850.274913859735
9287,8990,219.4667,16414.8,7.31793,0.469108,-1.381293,0,0,0,0,0,0,0,0,0,0,0,0.00938216,842.727233388121,0.0093384209021775,850.633835128125
9288,8990,219.5333,16420.39,7.32023,0.46937,-1.377789,0,0,0,0,0,0,0,0,0,0,0,0.0093874,843.014221059895,0.00934361218314781,850.927932758672
9289,8990,219.6,16426.09,7.32241,0.469581,-1.378951,0,0,0,0,0,0,0,0,0,0,0,0.00939162,843.306856074047,0.00934779292800209,851.22687360969
9290,8990,219.6667,16432.54,7.32455,0.469869,-1.376801,0,0,0,0,0,0,0,0,0,0,0,0.00939738,843.637995695325,0.00935349931930905,851.565982523313
9291,8990,219.7333,16437.98,7.32683,0.470115,-1.387316,0,0,0,0,0,0,0,0,0,0,0,0.0094023,843.917282445675,0.00935837350276452,851.852045910414
9292,8990,219.8,16443.53,7.32903,0.470319,-1.378988,0,0,0,0,0,0,0,0,0,0,0,0.00940638,844.202216538402,0.00936241549053709,852.143103384004
9293,8990,219.8667,16450.21,7.33121,0.470574,-1.375126,0,0,0,0,0,0,0,0,0,0,0,0.00941148,844.545164239198,0.00936746795227834,852.493584161532
9294,8990,219.9333,16455.9,7.33357,0.470823,-1.376109,0,0,0,0,0,0,0,0,0,0,0,0.00941646,844.83728585859,0.00937240150793335,852.792662367385
9295,8990,220,16462.01,7.33577,0.471095,-1.368804,0,0,0,0,0,0,0,0,0,0,0,0.0094219,845.150970057971,0.0093777907457325,853.11389798276
9296,8990,220.0667,16468.9,7.33793,0.471357,-1.369548,0,0,0,0,0,0,0,0,0,0,0,0.00942714,845.504699048762,0.00938298182232745,853.475390217353
9297,8990,220.1333,16474.61,7.34025,0.471579,-1.365814,0,0,0,0,0,0,0,0,0,0,0,0.00943158,845.797847457676,0.00938738034705422,853.775057519801
9298,8990,220.2,16480.44,7.34243,0.471848,-1.365027,0,0,0,0,0,0,0,0,0,0,0,0.00943696,846.097156603731,0.00939271006505553,854.081741626714
9299,8990,220.2667,16486.84,7.34451,0.472116,-1.371335,0,0,0,0,0,0,0,0,0,0,0,0.00944232,846.4257292512,0.00939801994173134,854.417951843024
9300,8990,220.3333,16492.19,7.34683,0.472337,-1.371601,0,0,0,0,0,0,0,0,0,0,0,0.00944674,846.700395448694,0.00940239858748022,854.698953942395
9301,8990,220.4,16497.73,7.34907,0.472563,-1.377734,0,0,0,0,0,0,0,0,0,0,0,0.00945126,846.98481614666,0.0094068762777846,854.989889860115
9302,8990,220.4667,16504.3,7.35125,0.472843,-1.37277,0,0,0,0,0,0,0,0,0,0,0,0.00945686,847.322116505078,0.0094124238308847,855.33512313577
9303,8990,220.5333,16510.42,7.35359,0.473098,-1.36664,0,0,0,0,0,0,0,0,0,0,0,0.00946196,847.636314099221,0.00941747603996768,855.656614997775
9304,8990,220.6,16516.37,7.35577,0.473332,-1.366971,0,0,0,0,0,0,0,0,0,0,0,0.00946664,847.941783982415,0.00942211216231493,855.968943592335
9305,8990,220.6667,16522.71,7.35795,0.473589,-1.362794,0,0,0,0,0,0,0,0,0,0,0,0.00947178,848.267276261315,0.00942720394713506,856.301877283261
9306,8990,220.7333,16528.66,7.36027,0.473833,-1.364189,0,0,0,0,0,0,0,0,0,0,0,0.00947666,848.572746144509,0.00943203814686341,856.614381544987
9307,8990,220.8,16534.69,7.36239,0.474072,-1.36855,0,0,0,0,0,0,0,0,0,0,0,0.00948144,848.882323185797,0.00943677326246591,856.930950000144
9308,8990,220.8667,16540.54,7.36454,0.474324,-1.368896,0,0,0,0,0,0,0,0,0,0,0,0.00948648,849.182659121375,0.00944176591237391,857.238413433477
9309,8990,220.9333,16546.1,7.36689,0.474556,-1.360704,0,0,0,0,0,0,0,0,0,0,0,0.00949112,849.468106608864,0.0094463622981882,857.530510344862
9310,8990,221,16552.12,7.36907,0.474815,-1.370524,0,0,0,0,0,0,0,0,0,0,0,0.0094963,849.77717025539,0.00945149358325568,857.846909197286
9311,8990,221.0667,16558.37,7.37125,0.475083,-1.373646,0,0,0,0,0,0,0,0,0,0,0,0.00950166,850.098041981435,0.00945680314780826,858.175384543008
9312,8990,221.1333,16564.41,7.37361,0.475347,-1.369864,0,0,0,0,0,0,0,0,0,0,0,0.00950694,850.408132417484,0.00946203343756545,858.492911507889
9313,8990,221.2,16570.75,7.37577,0.475602,-1.374198,0,0,0,0,0,0,0,0,0,0,0,0.00951204,850.733624696384,0.00946708539601695,858.825836963841
9314,8990,221.2667,16576.62,7.37795,0.475871,-1.377452,0,0,0,0,0,0,0,0,0,0,0,0.00951742,851.034987421485,0.00947241468923111,859.13464483147
9315,8990,221.3333,16582.44,7.38025,0.476118,-1.379801,0,0,0,0,0,0,0,0,0,0,0,0.00952236,851.333783172777,0.0094773081044564,859.440489936311
9316,8990,221.4,16588.6,7.38241,0.476347,-1.384406,0,0,0,0,0,0,0,0,0,0,0,0.00952694,851.650034345967,0.00948184489313207,859.763653124179
9317,8990,221.4667,16594.36,7.3846,0.476589,-1.377781,0,0,0,0,0,0,0,0,0,0,0,0.00953178,851.94574972869,0.00948663920639516,860.066309187039
9318,8990,221.5333,16600.1,7.38689,0.476836,-1.376714,0,0,0,0,0,0,0,0,0,0,0,0.00953672,852.240438321889,0.00949153255201465,860.368016754842
9319,8990,221.6,16606.16,7.38906,0.477116,-1.373514,0,0,0,0,0,0,0,0,0,0,0,0.00954232,852.551555547462,0.00949707963550074,860.686875306993
9320,8990,221.6667,16611.88,7.3913,0.477368,-1.372822,0,0,0,0,0,0,0,0,0,0,0,0.00954736,852.845217351138,0.00950207198432997,860.987637665467
9321,8990,221.7333,16617.79,7.39361,0.477597,-1.376273,0,0,0,0,0,0,0,0,0,0,0,0.00955194,853.148633655285,0.00950660866065879,861.297858215043
9322,8990,221.8,16624.37,7.39574,0.477856,-1.37601,0,0,0,0,0,0,0,0,0,0,0,0.00955712,853.486447408465,0.00951173963659534,861.643319804721
9323,8990,221.8667,16629.89,7.39798,0.478083,-1.364751,0,0,0,0,0,0,0,0,0,0,0,0.00956166,853.769841316907,0.00951623664791029,861.933298257834
9324,8990,221.9333,16635.57,7.40029,0.478337,-1.371276,0,0,0,0,0,0,0,0,0,0,0,0.00956674,854.061449541537,0.00952126852205955,862.232033373324
9325,8990,222,16642.34,7.40242,0.478602,-1.377312,0,0,0,0,0,0,0,0,0,0,0,0.00957204,854.409017795188,0.00952651828503028,862.587455089884
9326,8990,222.0667,16647.87,7.40458,0.478836,-1.376938,0,0,0,0,0,0,0,0,0,0,0,0.00957672,854.692925098392,0.0095311539018733,862.878079928041
9327,8990,222.1333,16653.25,7.40692,0.479078,-1.367774,0,0,0,0,0,0,0,0,0,0,0,0.00958156,854.969131480172,0.00953594797873973,863.161069511597
9328,8990,222.2,16660.02,7.40908,0.479332,-1.375394,0,0,0,0,0,0,0,0,0,0,0,0.00958664,855.316699733823,0.00954097975370528,863.516313020159
9329,8990,222.2667,16666.09,7.4113,0.479609,-1.377114,0,0,0,0,0,0,0,0,0,0,0,0.00959218,855.628330354157,0.00954646713297573,863.835671312014
9330,8990,222.3333,16671.86,7.41362,0.479894,-1.374151,0,0,0,0,0,0,0,0,0,0,0,0.00959788,855.924559131642,0.00955211296108565,864.13962033924
9331,8990,222.4,16678.9,7.41582,0.480177,-1.379587,0,0,0,0,0,0,0,0,0,0,0,0.00960354,856.285989043858,0.00955771913780876,864.509365791081
9332,8990,222.4667,16684.92,7.41802,0.480398,-1.38555,0,0,0,0,0,0,0,0,0,0,0,0.00960796,856.595052690384,0.00956209708434879,864.825183692831
9333,8990,222.5333,16690.43,7.42029,0.480627,-1.37325,0,0,0,0,0,0,0,0,0,0,0,0.00961254,856.877933204065,0.00956663348837196,865.114706612107
9334,8990,222.6,16697.17,7.42242,0.48093,-1.360996,0,0,0,0,0,0,0,0,0,0,0,0.0096186,857.223961273432,0.00957263577298416,865.469255667336
9335,8990,222.6667,16702.71,7.4246,0.481179,-1.359712,0,0,0,0,0,0,0,0,0,0,0,0.00962358,857.508381971398,0.00957756831653863,865.76068248597
9336,8990,222.7333,16707.93,7.42694,0.481406,-1.357231,0,0,0,0,0,0,0,0,0,0,0,0.00962812,857.77637403699,0.00958206503183168,866.035147899383
9337,8990,222.8,16714.85,7.4291,0.481701,-1.35294,0,0,0,0,0,0,0,0,0,0,0,0.00963402,858.131643212066,0.00958790875056761,866.398900625404
9338,8990,222.8667,16720.91,7.43134,0.481925,-1.350939,0,0,0,0,0,0,0,0,0,0,0,0.0096385,858.442760437639,0.00959234599215408,866.716860984117
9339,8990,222.9333,16726.44,7.43366,0.482149,-1.352089,0,0,0,0,0,0,0,0,0,0,0,0.00964298,858.726667740843,0.00959678321405132,867.007351823335
9340,8990,223,16733.47,7.43582,0.482454,-1.35081,0,0,0,0,0,0,0,0,0,0,0,0.00964908,859.087584258298,0.00960282493542572,867.376989085813
9341,8990,223.0667,16739.47,7.43804,0.482714,-1.350786,0,0,0,0,0,0,0,0,0,0,0,0.00965428,859.395621115301,0.00960797522646465,867.692467072322
9342,8990,223.1333,16744.86,7.4403,0.482966,-1.348002,0,0,0,0,0,0,0,0,0,0,0,0.00965932,859.672340891842,0.00961296702169647,867.976191127665
9343,8990,223.2,16751.44,7.44244,0.483233,-1.356994,0,0,0,0,0,0,0,0,0,0,0,0.00966466,860.010154645021,0.00961825592041019,868.321860386213
9344,8990,223.2667,16757.14,7.4446,0.483464,-1.364036,0,0,0,0,0,0,0,0,0,0,0,0.00966928,860.302789659174,0.00962283168661546,868.62129821717
9345,8990,223.3333,16762.17,7.44694,0.483711,-1.357023,0,0,0,0,0,0,0,0,0,0,0,0.00967422,860.561027224295,0.00962772436584509,868.886283925088
9346,8990,223.4,16768.8,7.44916,0.483999,-1.349282,0,0,0,0,0,0,0,0,0,0,0,0.00967998,860.901407951283,0.00963342915998184,869.234916362223
9347,8990,223.4667,16775.1,7.45138,0.484271,-1.349257,0,0,0,0,0,0,0,0,0,0,0,0.00968542,861.224846651136,0.00963881699122827,869.566171005388
9348,8990,223.5333,16780.63,7.45362,0.4845,-1.354282,0,0,0,0,0,0,0,0,0,0,0,0.00969,861.50875395434,0.00964335304723308,869.856773780157
9349,8990,223.6,16786.79,7.45586,0.484744,-1.360326,0,0,0,0,0,0,0,0,0,0,0,0.00969488,861.825005127529,0.00964818620216895,870.18029513324
9350,8990,223.6667,16792.88,7.4581,0.485024,-1.362521,0,0,0,0,0,0,0,0,0,0,0,0.00970048,862.137662537387,0.00965373241675464,870.500811690078
9351,8990,223.7333,16798.5,7.46026,0.485276,-1.359131,0,0,0,0,0,0,0,0,0,0,0,0.00970552,862.426190393446,0.00965872398358174,870.796485032834
9352,8990,223.8,16804.32,7.46244,0.485495,-1.361836,0,0,0,0,0,0,0,0,0,0,0,0.0097099,862.724986144739,0.00966306187261305,871.101959487706
9353,8990,223.8667,16809.98,7.46474,0.485777,-1.361908,0,0,0,0,0,0,0,0,0,0,0,0.00971554,863.015567579845,0.00966864761981442,871.40022984729
9354,8990,223.9333,16815.67,7.4669,0.486042,-1.366204,0,0,0,0,0,0,0,0,0,0,0,0.00972084,863.307689199236,0.00967389660913886,871.699765116711
9355,8990,224,16821.79,7.46912,0.486284,-1.367803,0,0,0,0,0,0,0,0,0,0,0,0.00972568,863.621886793379,0.00967869000173648,872.021196905328
9356,8990,224.0667,16827.71,7.47144,0.486559,-1.366695,0,0,0,0,0,0,0,0,0,0,0,0.00973118,863.925816492288,0.00968413701088912,872.332834119221
9357,8990,224.1333,16833.6,7.4736,0.486811,-1.363763,0,0,0,0,0,0,0,0,0,0,0,0.00973622,864.228206006912,0.00968912842595234,872.642521950801
9358,8990,224.2,16839.7,7.4758,0.487075,-1.356715,0,0,0,0,0,0,0,0,0,0,0,0.0097415,864.541376811532,0.00969435750072532,872.963306633742
9359,8990,224.2667,16845.53,7.47814,0.487317,-1.353089,0,0,0,0,0,0,0,0,0,0,0,0.00974634,864.840685957586,0.00969915079524687,873.269717328762
9360,8990,224.3333,16851.59,7.48024,0.487576,-1.353644,0,0,0,0,0,0,0,0,0,0,0,0.00975152,865.151803183159,0.00970428078335199,873.588348294936
9361,8990,224.4,16857.37,7.48244,0.487839,-1.352961,0,0,0,0,0,0,0,0,0,0,0,0.00975678,865.448545355405,0.00970948997214316,873.892536413758
9362,8990,224.4667,16863.12,7.48478,0.488093,-1.360793,0,0,0,0,0,0,0,0,0,0,0,0.00976186,865.743747343366,0.00971452087396242,874.195016600807
9363,8990,224.5333,16869.12,7.4869,0.48834,-1.361068,0,0,0,0,0,0,0,0,0,0,0,0.0097668,866.051784200369,0.00971941310460792,874.510338766297
9364,8990,224.6,16874.96,7.48914,0.488599,-1.354726,0,0,0,0,0,0,0,0,0,0,0,0.00977198,866.351606741185,0.00972454298876896,874.817577315227
9365,8990,224.6667,16880.96,7.4915,0.488874,-1.351766,0,0,0,0,0,0,0,0,0,0,0,0.00977748,866.659643598187,0.00972998974816637,875.133390930276
9366,8990,224.7333,16887.52,7.49358,0.489131,-1.359038,0,0,0,0,0,0,0,0,0,0,0,0.00978262,866.996430561844,0.00973507996558558,875.477927183387
9367,8990,224.8,16893.3,7.49582,0.489391,-1.366259,0,0,0,0,0,0,0,0,0,0,0,0.00978782,867.29317273409,0.0097402295755194,875.78208219604
9368,8990,224.8667,16899.05,7.49818,0.489633,-1.365995,0,0,0,0,0,0,0,0,0,0,0,0.00979266,867.588374722051,0.00974502265016838,876.084372695656
9369,8990,224.9333,16905.73,7.50024,0.489938,-1.364059,0,0,0,0,0,0,0,0,0,0,0,0.00979876,867.931322422847,0.00975106347599049,876.435973147751
9370,8990,225,16911.29,7.50242,0.49018,-1.36148,0,0,0,0,0,0,0,0,0,0,0,0.0098036,868.216769910336,0.00975585649871196,876.728419835829
9371,8990,225.0667,16916.63,7.5048,0.490424,-1.35687,0,0,0,0,0,0,0,0,0,0,0,0.00980848,868.490922713069,0.00976068910993312,877.009498558682
9372,8990,225.1333,16923.2,7.50696,0.490686,-1.354853,0,0,0,0,0,0,0,0,0,0,0,0.00981372,868.828223071487,0.00976587819925876,877.354659980808
9373,8990,225.2,16929.52,7.50912,0.490951,-1.353461,0,0,0,0,0,0,0,0,0,0,0,0.00981902,869.152688560863,0.00977112667824707,877.686916192896
9374,8990,225.2667,16935.07,7.51148,0.49121,-1.36503,0,0,0,0,0,0,0,0,0,0,0,0.0098242,869.437622653591,0.009776256297131,877.979151746064
9375,8990,225.3333,16941.53,7.51366,0.491495,-1.359805,0,0,0,0,0,0,0,0,0,0,0,0.0098299,869.76927566963,0.00978190082804351,878.319020672535
9376,8990,225.4,16947.59,7.51582,0.491757,-1.356257,0,0,0,0,0,0,0,0,0,0,0,0.00983514,870.080392895203,0.00978708980730132,878.637755370582
9377,8990,225.4667,16953.17,7.51814,0.492012,-1.353094,0,0,0,0,0,0,0,0,0,0,0,0.00984024,870.366867172216,0.00979214012385257,878.931486033238
9378,8990,225.5333,16959.72,7.5203,0.492299,-1.349119,0,0,0,0,0,0,0,0,0,0,0,0.00984598,870.70314074111,0.00979782417511078,879.276066450784
9379,8990,225.6,16965.47,7.5224,0.492566,-1.354042,0,0,0,0,0,0,0,0,0,0,0,0.00985132,870.998342729071,0.00980311209622668,879.578826122765
9380,8990,225.6667,16970.66,7.52478,0.492798,-1.359212,0,0,0,0,0,0,0,0,0,0,0,0.00985596,871.264794610379,0.00980770682145836,879.851945575467
9381,8990,225.7333,16977.21,7.52696,0.493065,-1.348341,0,0,0,0,0,0,0,0,0,0,0,0.0098613,871.601068179273,0.00981299469031578,880.19618779291
9382,8990,225.8,16983.3,7.52914,0.493322,-1.344867,0,0,0,0,0,0,0,0,0,0,0,0.00986644,871.913725589131,0.00981808448524018,880.516410047833
9383,8990,225.8667,16988.81,7.53152,0.493602,-1.354098,0,0,0,0,0,0,0,0,0,0,0,0.00987204,872.196606102812,0.00982362975761641,880.806965886123
9384,8990,225.9333,16995.49,7.5337,0.493905,-1.34794,0,0,0,0,0,0,0,0,0,0,0,0.0098781,872.539553803608,0.00982963049986646,881.158586770036
9385,8990,226,17001.51,7.53584,0.494167,-1.35453,0,0,0,0,0,0,0,0,0,0,0,0.00988334,872.848617450134,0.00983481923146255,881.475277104924
9386,8990,226.0667,17006.79,7.53814,0.494411,-1.357901,0,0,0,0,0,0,0,0,0,0,0,0.00988822,873.119689884297,0.00983965146110329,881.753289464205
9387,8990,226.1333,17012.96,7.5403,0.494653,-1.357486,0,0,0,0,0,0,0,0,0,0,0,0.00989306,873.436454452248,0.00984444405924058,882.077413702331
9388,8990,226.2,17018.7,7.54242,0.49491,-1.358485,0,0,0,0,0,0,0,0,0,0,0,0.0098982,873.731143045447,0.00984953369409728,882.37950864554
9389,8990,226.2667,17023.81,7.54476,0.495172,-1.3583,0,0,0,0,0,0,0,0,0,0,0,0.00990344,873.993487768661,0.00985472232242211,882.649029835169
9390,8990,226.3333,17030.15,7.547,0.495444,-1.354054,0,0,0,0,0,0,0,0,0,0,0,0.00990888,874.318980047561,0.00986010896151345,882.982501902575
9391,8990,226.4,17036.41,7.5492,0.495714,-1.355507,0,0,0,0,0,0,0,0,0,0,0,0.00991428,874.640365168367,0.00986545596426794,883.311794647949
9392,8990,226.4667,17042.13,7.55142,0.495961,-1.362192,0,0,0,0,0,0,0,0,0,0,0,0.00991922,874.934026972043,0.0098703474565617,883.612690071065
9393,8990,226.5333,17048.29,7.55368,0.496256,-1.367231,0,0,0,0,0,0,0,0,0,0,0,0.00992512,875.250278145233,0.00987618949090372,883.937242185857
9394,8990,226.6,17054.34,7.55592,0.496513,-1.366514,0,0,0,0,0,0,0,0,0,0,0,0.00993026,875.560881976044,0.00988127896419074,884.255429179895
9395,8990,226.6667,17060.14,7.55808,0.496773,-1.360693,0,0,0,0,0,0,0,0,0,0,0,0.00993546,875.858650937813,0.00988642782131372,884.560709529859
9396,8990,226.7333,17066.26,7.5603,0.49704,-1.355222,0,0,0,0,0,0,0,0,0,0,0,0.0099408,876.172848531956,0.00989171527392253,884.882707584642
9397,8990,226.8,17071.92,7.56256,0.497304,-1.356507,0,0,0,0,0,0,0,0,0,0,0,0.00994608,876.463429967062,0.00989694328946357,885.180805358588
9398,8990,226.8667,17077.61,7.56472,0.497574,-1.359642,0,0,0,0,0,0,0,0,0,0,0,0.00995148,876.755551586453,0.00990229009526897,885.480566922954
9399,8990,226.9333,17083.88,7.567,0.497831,-1.360722,0,0,0,0,0,0,0,0,0,0,0,0.00995662,877.077450102021,0.00990737943571974,885.810176983255
9400,8990,227,17089.81,7.5693,0.498106,-1.365253,0,0,0,0,0,0,0,0,0,0,0,0.00996212,877.381893195692,0.00991282519934475,886.122476901534
9401,8990,227.0667,17095.9,7.57144,0.498373,-1.374794,0,0,0,0,0,0,0,0,0,0,0,0.00996746,877.694550605549,0.00991811251238067,886.442935930928
9402,8990,227.1333,17101.97,7.57368,0.498651,-1.367977,0,0,0,0,0,0,0,0,0,0,0,0.00997302,878.006181225884,0.00992361762508596,886.762554431373
9403,8990,227.2,17107.67,7.57596,0.49889,-1.359162,0,0,0,0,0,0,0,0,0,0,0,0.0099778,878.298816240036,0.00992835041358012,887.062306168716
9404,8990,227.2667,17113.55,7.57806,0.499172,-1.366196,0,0,0,0,0,0,0,0,0,0,0,0.00998344,878.600692359899,0.00993393467914766,887.372149656033
9405,8990,227.3333,17119.5,7.5803,0.499447,-1.365581,0,0,0,0,0,0,0,0,0,0,0,0.00998894,878.906162243093,0.00993938029816142,887.68550316337
9406,8990,227.4,17125.02,7.58262,0.499699,-1.363088,0,0,0,0,0,0,0,0,0,0,0,0.00999398,879.189556151536,0.00994437043936521,887.976158991923
9407,8990,227.4667,17131.07,7.58473,0.499958,-1.360057,0,0,0,0,0,0,0,0,0,0,0,0.00999916,879.500159982347,0.00994949916965393,888.294422802036
9408,8990,227.5333,17137.03,7.58697,0.500261,-1.365884,0,0,0,0,0,0,0,0,0,0,0,0.01000522,879.806143260303,0.0099554991566441,888.608797280974
9409,8990,227.6,17142.79,7.58934,0.500508,-1.377702,0,0,0,0,0,0,0,0,0,0,0,0.01001016,880.101858643026,0.00996039020851318,888.91181906434
9410,8990,227.6667,17149.38,7.59141,0.500796,-1.380884,0,0,0,0,0,0,0,0,0,0,0,0.01001592,880.440185790967,0.00996609310518083,889.258604256635
9411,8990,227.7333,17155.34,7.59365,0.501045,-1.372747,0,0,0,0,0,0,0,0,0,0,0,0.0100209,880.746169068923,0.00997102370837641,889.572038354546
9412,8990,227.8,17160.8,7.59606,0.501327,-1.367667,0,0,0,0,0,0,0,0,0,0,0,0.01002654,881.026482608796,0.00997660773565047,889.860129877732
9413,8990,227.8667,17167.4,7.59811,0.501597,-1.365191,0,0,0,0,0,0,0,0,0,0,0,0.01003194,881.365323151499,0.00998195411552365,890.207127191435
9414,8990,227.9333,17173.31,7.60025,0.501849,-1.367954,0,0,0,0,0,0,0,0,0,0,0,0.01003698,881.668739455647,0.00998694404428313,890.518030960188
9415,8990,228,17178.24,7.60266,0.502121,-1.368757,0,0,0,0,0,0,0,0,0,0,0,0.01004242,881.921843073151,0.00999232997119277,890.778472628465
9416,8990,228.0667,17184.51,7.60479,0.502406,-1.369874,0,0,0,0,0,0,0,0,0,0,0,0.01004812,882.243741588718,0.00999797328260595,891.108632573451
9417,8990,228.1333,17190.71,7.60691,0.502666,-1.372458,0,0,0,0,0,0,0,0,0,0,0,0.01005332,882.562046340954,0.0100031215389232,891.434725012675
9418,8990,228.2,17195.78,7.60938,0.502943,-1.365549,0,0,0,0,0,0,0,0,0,0,0,0.01005886,882.822337485122,0.0100086063828392,891.702523782757
9419,8990,228.2667,17202.05,7.61152,0.503221,-1.361343,0,0,0,0,0,0,0,0,0,0,0,0.01006442,883.14423600069,0.0100141109973892,892.03257051238
9420,8990,228.3333,17208.49,7.61363,0.503501,-1.362627,0,0,0,0,0,0,0,0,0,0,0,0.01007002,883.474862227206,0.0100196551828544,892.371471759331
9421,8990,228.4,17213.8,7.61604,0.503763,-1.361562,0,0,0,0,0,0,0,0,0,0,0,0.01007526,883.747474845653,0.0100248429285596,892.651460429067
9422,8990,228.4667,17220.04,7.61817,0.504017,-1.36314,0,0,0,0,0,0,0,0,0,0,0,0.01008034,884.067833176936,0.0100298722441232,892.979537518423
9423,8990,228.5333,17226.18,7.62023,0.50431,-1.370895,0,0,0,0,0,0,0,0,0,0,0,0.0100862,884.383057560602,0.0100356737460132,893.30312195577
9424,8990,228.6,17231.15,7.62264,0.504567,-1.368431,0,0,0,0,0,0,0,0,0,0,0,0.01009134,884.638214757153,0.0100407624076762,893.56539975926
9425,8990,228.6667,17237.36,7.62481,0.504834,-1.374342,0,0,0,0,0,0,0,0,0,0,0,0.01009668,884.957032904151,0.0100460490443131,893.892160879133
9426,8990,228.7333,17243.75,7.62693,0.505127,-1.381529,0,0,0,0,0,0,0,0,0,0,0,0.01010254,885.285092156859,0.0100518504523545,894.228720211777
9427,8990,228.8,17249.32,7.62938,0.505391,-1.381134,0,0,0,0,0,0,0,0,0,0,0,0.01010782,885.57105303911,0.0100570776307756,894.522245840439
9428,8990,228.8667,17255.96,7.63156,0.505681,-1.386472,0,0,0,0,0,0,0,0,0,0,0,0.01011362,885.911947160859,0.0100628195755795,894.871723947904
9429,8990,228.9333,17262.24,7.63363,0.505966,-1.387392,0,0,0,0,0,0,0,0,0,0,0,0.01011932,886.234359071189,0.010068462489213,895.202448145625
9430,8990,229,17267.4,7.63604,0.506226,-1.3846,0,0,0,0,0,0,0,0,0,0,0,0.01012452,886.499270768211,0.0100736103826475,895.474650365089
9431,8990,229.0667,17273.46,7.63821,0.506513,-1.3823,0,0,0,0,0,0,0,0,0,0,0,0.01013026,886.810387993784,0.010079292834244,895.794007794862
9432,8990,229.1333,17279.57,7.64023,0.506775,-1.377658,0,0,0,0,0,0,0,0,0,0,0,0.0101355,887.124072193165,0.0100844802705743,896.115518226879
9433,8990,229.2,17284.36,7.64263,0.507007,-1.367233,0,0,0,0,0,0,0,0,0,0,0,0.01014014,887.369988284006,0.0100890737031813,896.368044197004
9434,8990,229.2667,17290.19,7.64491,0.507256,-1.374955,0,0,0,0,0,0,0,0,0,0,0,0.01014512,887.66929743006,0.0100940037000472,896.674808972804
9435,8990,229.3333,17296.84,7.64703,0.507582,-1.377151,0,0,0,0,0,0,0,0,0,0,0,0.01015164,888.010704946571,0.0101004581973557,897.025469939335
9436,8990,229.4,17302.53,7.64933,0.507867,-1.378405,0,0,0,0,0,0,0,0,0,0,0,0.01015734,888.302826565962,0.0101061008986023,897.325620398354
9437,8990,229.4667,17308.45,7.65161,0.508142,-1.375502,0,0,0,0,0,0,0,0,0,0,0,0.01016284,888.606756264872,0.0101115455801479,897.637524551711
9438,8990,229.5333,17314.54,7.65375,0.508422,-1.371967,0,0,0,0,0,0,0,0,0,0,0,0.01016844,888.91941367473,0.0101170892254455,897.958337397516
9439,8990,229.6,17320.15,7.65593,0.508697,-1.376175,0,0,0,0,0,0,0,0,0,0,0,0.01017394,889.207428136027,0.0101225338471636,898.254171157437
9440,8990,229.6667,17325.8,7.65819,0.508977,-1.37557,0,0,0,0,0,0,0,0,0,0,0,0.01017954,889.497496176371,0.0101280774315466,898.552171518599
9441,8990,229.7333,17331.32,7.66035,0.509239,-1.369856,0,0,0,0,0,0,0,0,0,0,0,0.01018478,889.780890084814,0.0101332646148166,898.843112698532
9442,8990,229.8,17336.87,7.66259,0.509473,-1.378372,0,0,0,0,0,0,0,0,0,0,0,0.01018946,890.065824177541,0.0101378974198757,899.135114290366
9443,8990,229.8667,17343.05,7.66489,0.509788,-1.378196,0,0,0,0,0,0,0,0,0,0,0,0.01019576,890.383102140254,0.0101441338543314,899.461234557732
9444,8990,229.9333,17348.97,7.66711,0.510048,-1.379224,0,0,0,0,0,0,0,0,0,0,0,0.01020096,890.687031839164,0.0101492813582335,899.772894623474
9445,8990,230,17354.94,7.66929,0.510323,-1.386518,0,0,0,0,0,0,0,0,0,0,0,0.01020646,890.993528511881,0.0101547258046809,900.087418320897
9446,8990,230.0667,17361.01,7.67157,0.510608,-1.37627,0,0,0,0,0,0,0,0,0,0,0,0.01021216,891.305159132216,0.0101603681997208,900.407310026099
9447,8990,230.1333,17366.72,7.67379,0.510885,-1.369933,0,0,0,0,0,0,0,0,0,0,0,0.0102177,891.59830754113,0.0101658521812336,900.708391568093
9448,8990,230.2,17372.48,7.67593,0.511167,-1.371246,0,0,0,0,0,0,0,0,0,0,0,0.01022334,891.894022923853,0.0101714351206892,901.012158764171
9449,8990,230.2667,17378.26,7.67821,0.511468,-1.369703,0,0,0,0,0,0,0,0,0,0,0,0.01022936,892.190765096099,0.0101773941812503,901.317305620942
9450,8990,230.3333,17383.62,7.68047,0.511732,-1.370778,0,0,0,0,0,0,0,0,0,0,0,0.01023464,892.465944688354,0.0101826207034748,901.6000123445
9451,8990,230.4,17389.41,7.68259,0.511984,-1.368639,0,0,0,0,0,0,0,0,0,0,0,0.01023968,892.763200255362,0.0101876096310253,901.904809741753
9452,8990,230.4667,17395.43,7.68485,0.512264,-1.366703,0,0,0,0,0,0,0,0,0,0,0,0.01024528,893.072263901888,0.0101931528546679,902.222039305797
9453,8990,230.5333,17400.9,7.68719,0.512544,-1.370563,0,0,0,0,0,0,0,0,0,0,0,0.01025088,893.353090836522,0.0101986960475836,902.510746168317
9454,8990,230.6,17407.21,7.68927,0.512832,-1.377758,0,0,0,0,0,0,0,0,0,0,0,0.01025664,893.677042931137,0.0102043975853833,902.843166636746
9455,8990,230.6667,17413.16,7.69153,0.513106,-1.383841,0,0,0,0,0,0,0,0,0,0,0,0.01026212,893.982512814331,0.0102098219349202,903.156668638734
9456,8990,230.7333,17418.25,7.69389,0.513374,-1.379333,0,0,0,0,0,0,0,0,0,0,0,0.01026748,894.243830748022,0.0102151274746164,903.425461395351
9457,8990,230.8,17424.2,7.69597,0.513648,-1.376052,0,0,0,0,0,0,0,0,0,0,0,0.01027296,894.549300631217,0.010220551765951,903.738969814629
9458,8990,230.8667,17430.29,7.69811,0.513944,-1.378068,0,0,0,0,0,0,0,0,0,0,0,0.01027888,894.861958041074,0.0102264115512659,904.060136724343
9459,8990,230.9333,17435.41,7.70049,0.514201,-1.382317,0,0,0,0,0,0,0,0,0,0,0,0.01028402,895.12481615905,0.0102314992424237,904.330297670926
9460,8990,231,17441.32,7.70261,0.514493,-1.379529,0,0,0,0,0,0,0,0,0,0,0,0.01028986,895.428232463198,0.0102372797783971,904.642063615291
9461,8990,231.0667,17447.69,7.70477,0.514771,-1.376719,0,0,0,0,0,0,0,0,0,0,0,0.01029542,895.755264926382,0.0102427831343356,904.977441596011
9462,8990,231.1333,17452.9,7.70721,0.515035,-1.378026,0,0,0,0,0,0,0,0,0,0,0,0.0103007,896.022743597213,0.0102480093148153,905.252405072185
9463,8990,231.2,17458.88,7.70937,0.51531,-1.378734,0,0,0,0,0,0,0,0,0,0,0,0.0103062,896.329753664692,0.0102534532237717,905.567507371911
9464,8990,231.2667,17465.47,7.71153,0.515633,-1.375895,0,0,0,0,0,0,0,0,0,0,0,0.01031266,896.668080812634,0.0102598473044447,905.915113862907
9465,8990,231.3333,17470.99,7.71391,0.515888,-1.37376,0,0,0,0,0,0,0,0,0,0,0,0.01031776,896.951474721076,0.0102648952339912,906.206004768894
9466,8990,231.4,17476.76,7.71599,0.516145,-1.372873,0,0,0,0,0,0,0,0,0,0,0,0.0103229,897.24770349856,0.0102699827293602,906.509901817006
9467,8990,231.4667,17482.5,7.71809,0.516442,-1.374659,0,0,0,0,0,0,0,0,0,0,0,0.01032884,897.54239209176,0.0102758620205634,906.812963852893
9468,8990,231.5333,17487.4,7.72051,0.516699,-1.371716,0,0,0,0,0,0,0,0,0,0,0,0.01033398,897.793955524979,0.0102809494601394,907.071740305495
9469,8990,231.6,17493.12,7.72265,0.516989,-1.379873,0,0,0,0,0,0,0,0,0,0,0,0.01033978,898.087617328655,0.0102866901196312,907.373645712557
9470,8990,231.6667,17499.46,7.72479,0.517267,-1.371395,0,0,0,0,0,0,0,0,0,0,0,0.01034534,898.413109607554,0.0102921932036545,907.707498686902
9471,8990,231.7333,17505.01,7.72723,0.517552,-1.364884,0,0,0,0,0,0,0,0,0,0,0,0.01035104,898.698043700282,0.0102978348231045,908.000503098545
9472,8990,231.8,17511.23,7.72937,0.517867,-1.372093,0,0,0,0,0,0,0,0,0,0,0,0.01035734,899.017375242041,0.0103040702602042,908.328803863331
9473,8990,231.8667,17517.6,7.73147,0.51814,-1.368149,0,0,0,0,0,0,0,0,0,0,0,0.0103628,899.344407705226,0.0103094742742404,908.664133933393
9474,8990,231.9333,17522.88,7.73385,0.518384,-1.36212,0,0,0,0,0,0,0,0,0,0,0,0.01036768,899.615480139388,0.010314304210789,908.94240556052
9475,8990,232,17528.77,7.73601,0.51871,-1.361371,0,0,0,0,0,0,0,0,0,0,0,0.0103742,899.917869654013,0.0103207572863297,909.253797617377
9476,8990,232.0667,17534.97,7.73807,0.51899,-1.376007,0,0,0,0,0,0,0,0,0,0,0,0.0103798,900.236174406249,0.0103262997719563,909.580445849351
9477,8990,232.1333,17540.03,7.74045,0.519234,-1.379735,0,0,0,0,0,0,0,0,0,0,0,0.01038468,900.495952155654,0.0103311296272397,909.847314460086
9478,8990,232.2,17545.72,7.74271,0.519534,-1.376036,0,0,0,0,0,0,0,0,0,0,0,0.01039068,900.788073775046,0.0103370679419269,910.147874397458
9479,8990,232.2667,17552.28,7.74485,0.519852,-1.371115,0,0,0,0,0,0,0,0,0,0,0,0.01039704,901.124860738702,0.0103433625169949,910.493891960796
9480,8990,232.3333,17558.11,7.74719,0.520137,-1.363012,0,0,0,0,0,0,0,0,0,0,0,0.01040274,901.424169884756,0.0103490038477753,910.801451153783
9481,8990,232.4,17564.23,7.74943,0.52042,-1.36829,0,0,0,0,0,0,0,0,0,0,0,0.0104084,901.738367478899,0.0103546055587794,911.124021102966
9482,8990,232.4667,17570.15,7.75157,0.520712,-1.36326,0,0,0,0,0,0,0,0,0,0,0,0.01041424,902.042297177808,0.0103603853831781,911.436382150769
9483,8990,232.5333,17575.72,7.75383,0.520959,-1.361871,0,0,0,0,0,0,0,0,0,0,0,0.01041918,902.328258060059,0.0103652744551333,911.729778599874
9484,8990,232.6,17581.52,7.75603,0.521241,-1.360763,0,0,0,0,0,0,0,0,0,0,0,0.01042482,902.626027021829,0.0103708562813405,912.035740880846
9485,8990,232.6667,17587.04,7.75815,0.521544,-1.361043,0,0,0,0,0,0,0,0,0,0,0,0.01043088,902.909420930271,0.0103768537407337,912.327560750864
9486,8990,232.7333,17592.41,7.76047,0.521794,-1.368991,0,0,0,0,0,0,0,0,0,0,0,0.01043588,903.185113917289,0.0103818021124908,912.610645383916
9487,8990,232.8,17598.46,7.76273,0.522109,-1.375697,0,0,0,0,0,0,0,0,0,0,0,0.01044218,903.4957177481,0.0103880370260413,912.930182662054
9488,8990,232.8667,17604.38,7.76489,0.522387,-1.378446,0,0,0,0,0,0,0,0,0,0,0,0.01044774,903.799647447009,0.0103935395523739,913.242311175627
9489,8990,232.9333,17610.22,7.76717,0.522679,-1.375015,0,0,0,0,0,0,0,0,0,0,0,0.01045358,904.099469987825,0.0103993191517459,913.5505461253
9490,8990,233,17616.45,7.76941,0.522979,-1.36658,0,0,0,0,0,0,0,0,0,0,0,0.01045958,904.419314924346,0.0104052570615173,913.879161102343
9491,8990,233.0667,17622.23,7.77157,0.523234,-1.371357,0,0,0,0,0,0,0,0,0,0,0,0.01046468,904.716057096592,0.0104103042571009,914.18362112497
9492,8990,233.1333,17627.94,7.77379,0.523537,-1.380567,0,0,0,0,0,0,0,0,0,0,0,0.01047074,905.009205505506,0.0104163014799117,914.485321593961
9493,8990,233.2,17633.96,7.77605,0.52386,-1.373631,0,0,0,0,0,0,0,0,0,0,0,0.0104772,905.318269152032,0.0104226945194079,914.803469721592
9494,8990,233.2667,17639.33,7.77825,0.524145,-1.367835,0,0,0,0,0,0,0,0,0,0,0,0.0104829,905.59396213905,0.0104283354026693,915.087213084757
9495,8990,233.3333,17645.08,7.78045,0.524392,-1.367103,0,0,0,0,0,0,0,0,0,0,0,0.01048784,905.889164127011,0.0104332241424241,915.389984738109
9496,8990,233.4,17651.05,7.78269,0.5247,-1.366877,0,0,0,0,0,0,0,0,0,0,0,0.010494,906.195660799729,0.0104393201892843,915.705278064161
9497,8990,233.4667,17656.23,7.78499,0.524974,-1.368907,0,0,0,0,0,0,0,0,0,0,0,0.01049948,906.461599286274,0.010444743264672,915.978974718749
9498,8990,233.5333,17662.02,7.78715,0.525242,-1.356064,0,0,0,0,0,0,0,0,0,0,0,0.01050484,906.758854853282,0.0104500475581334,916.284211542099
9499,8990,233.6,17668.15,7.78937,0.525562,-1.358355,0,0,0,0,0,0,0,0,0,0,0,0.01051124,907.073565842187,0.0104563810060098,916.60803379041
9500,8990,233.6667,17673.18,7.79171,0.525847,-1.359987,0,0,0,0,0,0,0,0,0,0,0,0.01051694,907.331803407307,0.0104620216992534,916.874157543834
9501,8990,233.7333,17679.22,7.79385,0.52613,-1.359918,0,0,0,0,0,0,0,0,0,0,0,0.0105226,907.641893843357,0.0104676227772016,917.192646435513
9502,8990,233.8,17685.5,7.796,0.526443,-1.354304,0,0,0,0,0,0,0,0,0,0,0,0.01052886,907.964305753686,0.0104738175724593,917.524134813964
9503,8990,233.8667,17690.35,7.79829,0.526753,-1.351565,0,0,0,0,0,0,0,0,0,0,0,0.01053506,908.213302213097,0.0104799529548574,917.78138384471
9504,8990,233.9333,17695.9,7.80049,0.527018,-1.357143,0,0,0,0,0,0,0,0,0,0,0,0.01054036,908.498236305824,0.0104851976873869,918.074134775853
9505,8990,234,17702.45,7.80266,0.527275,-1.358669,0,0,0,0,0,0,0,0,0,0,0,0.0105455,908.834509874719,0.0104902840620945,918.418624198603
9506,8990,234.0667,17707.89,7.80499,0.527567,-1.366857,0,0,0,0,0,0,0,0,0,0,0,0.01055134,909.113796625068,0.0104960631023505,918.70616539195
9507,8990,234.1333,17713.72,7.80719,0.527873,-1.377648,0,0,0,0,0,0,0,0,0,0,0,0.01055746,909.413105771122,0.0105021191840421,919.014198258777
9508,8990,234.2,17720.56,7.80937,0.52817,-1.381217,0,0,0,0,0,0,0,0,0,0,0,0.0105634,909.764267788106,0.0105079971106101,919.374471654459
9509,8990,234.2667,17726.21,7.81173,0.528466,-1.372625,0,0,0,0,0,0,0,0,0,0,0,0.01056932,910.05433582845,0.010513855211804,919.672991321208
9510,8990,234.3333,17731.93,7.81387,0.528786,-1.37339,0,0,0,0,0,0,0,0,0,0,0,0.01057572,910.347997632126,0.0105201882555721,919.975583157644
9511,8990,234.4,17738.25,7.81596,0.529076,-1.374609,0,0,0,0,0,0,0,0,0,0,0,0.01058152,910.672463121502,0.0105259275418434,920.308762003471
9512,8990,234.4667,17743.19,7.81832,0.529331,-1.373593,0,0,0,0,0,0,0,0,0,0,0,0.01058662,910.926080133768,0.0105309741284179,920.569708392233
9513,8990,234.5333,17748.3,7.82052,0.529626,-1.368016,0,0,0,0,0,0,0,0,0,0,0,0.01059252,911.188424856982,0.0105368123046423,920.840206471048
9514,8990,234.6,17754.75,7.82266,0.529957,-1.370451,0,0,0,0,0,0,0,0,0,0,0,0.01059914,911.51956447826,0.0105433628956931,921.180887954904
9515,8990,234.6667,17760.19,7.82505,0.530224,-1.370291,0,0,0,0,0,0,0,0,0,0,0,0.01060448,911.798851228609,0.0105486468759384,921.468003910485
9516,8990,234.7333,17765.95,7.82725,0.530501,-1.366713,0,0,0,0,0,0,0,0,0,0,0,0.01061002,912.094566611331,0.0105541287285573,921.771908204969
9517,8990,234.8,17772.56,7.82936,0.530814,-1.37308,0,0,0,0,0,0,0,0,0,0,0,0.01061628,912.433920548796,0.0105603229879532,922.12057453084
9518,8990,234.8667,17777.91,7.83171,0.531114,-1.374243,0,0,0,0,0,0,0,0,0,0,0,0.01062228,912.70858674629,0.0105662599417781,922.403632913113
9519,8990,234.9333,17783.29,7.8339,0.531448,-1.374816,0,0,0,0,0,0,0,0,0,0,0,0.01062896,912.984793128069,0.0105728697089044,922.688871974836
9520,8990,235,17789.62,7.83596,0.531738,-1.362282,0,0,0,0,0,0,0,0,0,0,0,0.01063476,913.309772012207,0.0105786086928308,923.022602243212
9521,8990,235.0667,17794.81,7.8383,0.531995,-1.353203,0,0,0,0,0,0,0,0,0,0,0,0.0106399,913.576223893515,0.0105836945924382,923.296583558119
9522,8990,235.1333,17800.15,7.84056,0.53231,-1.35091,0,0,0,0,0,0,0,0,0,0,0,0.0106462,913.850376696247,0.0105899282473376,923.579410576631
9523,8990,235.2,17806.78,7.84272,0.532631,-1.357457,0,0,0,0,0,0,0,0,0,0,0,0.01065262,914.190757423235,0.010596280598545,923.929284169577
9524,8990,235.2667,17812.88,7.84506,0.532944,-1.356657,0,0,0,0,0,0,0,0,0,0,0,0.01065888,914.503928227855,0.0106024745968477,924.251515858364
9525,8990,235.3333,17818.63,7.84728,0.533216,-1.347643,0,0,0,0,0,0,0,0,0,0,0,0.01066432,914.799130215816,0.0106078572095838,924.554840876159
9526,8990,235.4,17824.71,7.84942,0.533532,-1.350549,0,0,0,0,0,0,0,0,0,0,0,0.01067064,915.111274230912,0.0106141105027046,924.876097198171
9527,8990,235.4667,17830.15,7.8517,0.533802,-1.358154,0,0,0,0,0,0,0,0,0,0,0,0.01067604,915.390560981261,0.0106194534753411,925.163307225919
9528,8990,235.5333,17835.54,7.85388,0.534097,-1.356343,0,0,0,0,0,0,0,0,0,0,0,0.01068194,915.667280757802,0.0106252911350315,925.44838371082
9529,8990,235.6,17840.85,7.856,0.534392,-1.360803,0,0,0,0,0,0,0,0,0,0,0,0.01068784,915.939893376249,0.0106311287606439,925.729312406271
9530,8990,235.6667,17846.14,7.85838,0.534664,-1.355402,0,0,0,0,0,0,0,0,0,0,0,0.01069328,916.211479205173,0.0106365112191483,926.008785091528
9531,8990,235.7333,17851.95,7.86056,0.534985,-1.353649,0,0,0,0,0,0,0,0,0,0,0,0.0106997,916.509761561704,0.0106428632744524,926.316141057486
9532,8990,235.8,17857.74,7.86274,0.535303,-1.358173,0,0,0,0,0,0,0,0,0,0,0,0.01070606,916.807017128712,0.010649155924969,926.622408062513
9533,8990,235.8667,17863.43,7.86504,0.535583,-1.359898,0,0,0,0,0,0,0,0,0,0,0,0.01071166,917.099138748103,0.0106546965907548,926.922792908665
9534,8990,235.9333,17869.43,7.86726,0.535858,-1.363487,0,0,0,0,0,0,0,0,0,0,0,0.01071716,917.407175605105,0.0106601382861988,927.239175091213
9535,8990,236,17874.84,7.8694,0.536155,-1.36122,0,0,0,0,0,0,0,0,0,0,0,0.0107231,917.68492217117,0.0106660152840183,927.525349360103
9536,8990,236.0667,17880.38,7.8717,0.536471,-1.357437,0,0,0,0,0,0,0,0,0,0,0,0.01072942,917.969342869136,0.0106722682134712,927.818621495903
9537,8990,236.1333,17886.31,7.87388,0.536766,-1.3606,0,0,0,0,0,0,0,0,0,0,0,0.01073532,918.273785962807,0.0106781055648563,928.131748902729
9538,8990,236.2,17891.72,7.87606,0.537043,-1.362344,0,0,0,0,0,0,0,0,0,0,0,0.01074086,918.551532528871,0.0106835867078496,928.417565942549
9539,8990,236.2667,17897.36,7.87836,0.537336,-1.356861,0,0,0,0,0,0,0,0,0,0,0,0.01074672,918.841087174453,0.0106893844184642,928.715615062813
9540,8990,236.3333,17903.53,7.88056,0.537677,-1.354769,0,0,0,0,0,0,0,0,0,0,0,0.01075354,919.157851742404,0.0106961318823503,929.04205246743
9541,8990,236.4,17908.96,7.88278,0.53797,-1.351885,0,0,0,0,0,0,0,0,0,0,0,0.0107594,919.436625097992,0.0107019295202323,929.329211522071
9542,8990,236.4667,17914.5,7.88506,0.538247,-1.357801,0,0,0,0,0,0,0,0,0,0,0,0.01076494,919.721045795958,0.0107074105326451,929.621787670688
9543,8990,236.5333,17920.77,7.88724,0.53856,-1.353489,0,0,0,0,0,0,0,0,0,0,0,0.0107712,920.042944311526,0.0107136038426493,929.952910873294
9544,8990,236.6,17925.81,7.88948,0.53885,-1.3475,0,0,0,0,0,0,0,0,0,0,0,0.010777,920.301695271408,0.010719342018964,930.219786641348
9545,8990,236.6667,17930.98,7.89174,0.53911,-1.347178,0,0,0,0,0,0,0,0,0,0,0,0.0107822,920.567120363192,0.0107244865628388,930.492859168372
9546,8990,236.7333,17937.19,7.89388,0.539438,-1.355998,0,0,0,0,0,0,0,0,0,0,0,0.01078876,920.88593851019,0.0107309765650498,930.821155888151
9547,8990,236.8,17942.05,7.89606,0.539725,-1.35211,0,0,0,0,0,0,0,0,0,0,0,0.0107945,921.135448364362,0.010736655282433,931.078644961731
9548,8990,236.8667,17946.82,7.89838,0.539998,-1.341607,0,0,0,0,0,0,0,0,0,0,0,0.01079996,921.380337665679,0.0107420569592855,931.331208457255
9549,8990,236.9333,17953.02,7.90056,0.540334,-1.344603,0,0,0,0,0,0,0,0,0,0,0,0.01080668,921.698642417915,0.0107487051368954,931.65914470296
9550,8990,237,17958.64,7.90278,0.540654,-1.35597,0,0,0,0,0,0,0,0,0,0,0,0.01081308,921.987170273975,0.010755036693528,931.956691305121
9551,8990,237.0667,17963.89,7.90504,0.540942,-1.352406,0,0,0,0,0,0,0,0,0,0,0,0.01081884,922.256702523852,0.0107607350602219,932.234450227385
9552,8990,237.1333,17970.13,7.90726,0.541262,-1.356661,0,0,0,0,0,0,0,0,0,0,0,0.01082524,922.577060855135,0.010767066540687,932.564178957386
9553,8990,237.2,17975.7,7.9095,0.541555,-1.356693,0,0,0,0,0,0,0,0,0,0,0,0.0108311,922.863021737386,0.0107728637673315,932.858643412126
9554,8990,237.2667,17981.21,7.91172,0.541863,-1.356005,0,0,0,0,0,0,0,0,0,0,0,0.01083726,923.145902251067,0.0107789577440903,933.150274411696
9555,8990,237.3333,17987.55,7.9139,0.542173,-1.3654,0,0,0,0,0,0,0,0,0,0,0,0.01084346,923.471394529966,0.0107850912546281,933.485019657696
9556,8990,237.4,17992.86,7.91612,0.542474,-1.366544,0,0,0,0,0,0,0,0,0,0,0,0.01084948,923.744007148414,0.0107910466595078,933.76614927909
9557,8990,237.4667,17998.01,7.91834,0.542743,-1.353598,0,0,0,0,0,0,0,0,0,0,0,0.01085486,924.008405450674,0.0107963689016314,934.038387330665
9558,8990,237.5333,18004.11,7.92054,0.543107,-1.350798,0,0,0,0,0,0,0,0,0,0,0,0.01086214,924.321576255294,0.0108035707008941,934.361686621599
9559,8990,237.6,18009.56,7.92288,0.5434,-1.358114,0,0,0,0,0,0,0,0,0,0,0,0.010868,924.601376400405,0.0108093677159202,934.649944159124
9560,8990,237.6667,18015.21,7.92508,0.543685,-1.360389,0,0,0,0,0,0,0,0,0,0,0,0.0108737,924.891444440749,0.010815006418431,934.948436540164
9561,8990,237.7333,18021.76,7.92728,0.544023,-1.355097,0,0,0,0,0,0,0,0,0,0,0,0.01088046,925.227718009643,0.010821693680546,935.294621186339
9562,8990,237.8,18027.05,7.92956,0.544311,-1.35038,0,0,0,0,0,0,0,0,0,0,0,0.01088622,925.499303838568,0.0108273916674175,935.574492870001
9563,8990,237.8667,18032.18,7.9317,0.544596,-1.344771,0,0,0,0,0,0,0,0,0,0,0,0.01089192,925.762675351305,0.0108330302682978,935.846008350217
9564,8990,237.9333,18037.71,7.93384,0.544891,-1.350535,0,0,0,0,0,0,0,0,0,0,0,0.01089782,926.046582654509,0.0108388666813366,936.138471623893
9565,8990,238,18042.63,7.93614,0.545196,-1.345647,0,0,0,0,0,0,0,0,0,0,0,0.01090392,926.299172877252,0.01084490090307,936.399464954371
9566,8990,238.0667,18047.73,7.93836,0.545474,-1.342335,0,0,0,0,0,0,0,0,0,0,0,0.01090948,926.561004205704,0.0108504009160781,936.669302949866
9567,8990,238.1333,18053.88,7.94056,0.545787,-1.35089,0,0,0,0,0,0,0,0,0,0,0,0.01091574,926.876741984132,0.0108565933405646,936.994287511678
9568,8990,238.2,18059.63,7.94292,0.546123,-1.343471,0,0,0,0,0,0,0,0,0,0,0,0.01092246,927.171943972093,0.0108632407567625,937.29894244325
9569,8990,238.2667,18065.3,7.94506,0.546438,-1.350543,0,0,0,0,0,0,0,0,0,0,0,0.01092876,927.46303880196,0.0108694726693165,937.599059761897
9570,8990,238.3333,18071.29,7.94724,0.546721,-1.349383,0,0,0,0,0,0,0,0,0,0,0,0.01093442,927.770562264201,0.0108750714655712,937.915195255634
9571,8990,238.4,18076.8,7.94958,0.547041,-1.358021,0,0,0,0,0,0,0,0,0,0,0,0.01094082,928.053442777882,0.0108814022221615,938.207108445695
9572,8990,238.4667,18082.49,7.95166,0.547377,-1.359821,0,0,0,0,0,0,0,0,0,0,0,0.01094754,928.345564397273,0.0108880494734469,938.508664597335
9573,8990,238.5333,18087.96,7.95384,0.547654,-1.363912,0,0,0,0,0,0,0,0,0,0,0,0.01095308,928.626391331907,0.0108935294658314,938.797710486277
9574,8990,238.6,18093.01,7.95624,0.547957,-1.365448,0,0,0,0,0,0,0,0,0,0,0,0.01095914,928.885655686551,0.0108995237913418,939.065443631212
9575,8990,238.6667,18098.82,7.95838,0.548306,-1.362166,0,0,0,0,0,0,0,0,0,0,0,0.01096612,929.183938043082,0.0109064281019393,939.373480609735
9576,8990,238.7333,18104.63,7.96056,0.548609,-1.365234,0,0,0,0,0,0,0,0,0,0,0,0.01097218,929.482220399613,0.0109124223501318,939.680666628637
9577,8990,238.8,18109.81,7.96294,0.548942,-1.368047,0,0,0,0,0,0,0,0,0,0,0,0.01097884,929.748158886159,0.0109190100468011,939.955715162865
9578,8990,238.8667,18115.56,7.96508,0.54924,-1.365045,0,0,0,0,0,0,0,0,0,0,0,0.0109848,930.04336087412,0.0109249053061243,940.25970118465
9579,8990,238.9333,18121.05,7.96724,0.54955,-1.365356,0,0,0,0,0,0,0,0,0,0,0,0.010991,930.325214598277,0.0109310379215593,940.550419031927
9580,8990,239,18126.13,7.96958,0.549843,-1.361857,0,0,0,0,0,0,0,0,0,0,0,0.01099686,930.586019137206,0.0109368341977052,940.819543307616
9581,8990,239.0667,18131.73,7.9717,0.550146,-1.358765,0,0,0,0,0,0,0,0,0,0,0,0.01100292,930.873520203742,0.0109428282636391,941.115847076662
9582,8990,239.1333,18137.03,7.97386,0.550469,-1.350414,0,0,0,0,0,0,0,0,0,0,0,0.01100938,931.145619427428,0.0109492179379255,941.39695538704
9583,8990,239.2,18142.15,7.97622,0.550769,-1.348839,0,0,0,0,0,0,0,0,0,0,0,0.01101538,931.408477545404,0.0109551525833549,941.668295860788
9584,8990,239.2667,18148.05,7.97836,0.551087,-1.353225,0,0,0,0,0,0,0,0,0,0,0,0.01102174,931.71138045479,0.010961443269057,941.980461045203
9585,8990,239.3333,18153.65,7.98058,0.551397,-1.362139,0,0,0,0,0,0,0,0,0,0,0,0.01102794,931.998881521326,0.0109675756604235,942.27690926681
9586,8990,239.4,18159.2,7.98294,0.551731,-1.358433,0,0,0,0,0,0,0,0,0,0,0,0.01103462,932.283815614053,0.0109741827754873,942.571213251504
9587,8990,239.4667,18165.47,7.98506,0.552067,-1.351942,0,0,0,0,0,0,0,0,0,0,0,0.01104134,932.605714129621,0.0109808294100678,942.902930905269
9588,8990,239.5333,18170.98,7.98728,0.552359,-1.351732,0,0,0,0,0,0,0,0,0,0,0,0.01104718,932.888594643302,0.0109866056161461,943.194382868273
9589,8990,239.6,18176.27,7.98962,0.552649,-1.349957,0,0,0,0,0,0,0,0,0,0,0,0.01105298,933.160180472226,0.0109923422261467,943.474381283782
9590,8990,239.6667,18182.47,7.99172,0.55299,-1.363302,0,0,0,0,0,0,0,0,0,0,0,0.0110598,933.478485224462,0.0109990876461523,943.802570575348
9591,8990,239.7333,18187.43,7.99388,0.553301,-1.359982,0,0,0,0,0,0,0,0,0,0,0,0.01106602,933.733129026251,0.0110052395877757,944.065838506718
9592,8990,239.8,18192.03,7.99624,0.553606,-1.356486,0,0,0,0,0,0,0,0,0,0,0,0.01107212,933.96929061662,0.0110112728056646,944.310310678642
9593,8990,239.8667,18198.27,7.9984,0.553937,-1.354747,0,0,0,0,0,0,0,0,0,0,0,0.01107874,934.289648947903,0.0110178202894663,944.640401053288
9594,8990,239.9333,18203.79,8.000589,0.554235,-1.349894,0,0,0,0,0,0,0,0,0,0,0,0.0110847,934.573042856345,0.011023714966308,944.932504664495
9595,8990,240,18208.72,8.00294,0.55454,-1.349486,0,0,0,0,0,0,0,0,0,0,0,0.0110908,934.826146473849,0.0110297480727323,945.194116299161
9596,8990,240.0667,18214.9,8.005139,0.554871,-1.352548,0,0,0,0,0,0,0,0,0,0,0,0.01109742,935.143424436562,0.0110362954355688,945.521103777773
9597,8990,240.1333,18220.39,8.007299,0.555191,-1.361781,0,0,0,0,0,0,0,0,0,0,0,0.01110382,935.425278160719,0.0110426251715747,945.812072072866
9598,8990,240.2,18225.38,8.0096,0.555489,-1.364205,0,0,0,0,0,0,0,0,0,0,0,0.01110978,935.681462146794,0.0110485197022019,946.076677341323
9599,8990,240.2667,18231.41,8.01174,0.555792,-1.350148,0,0,0,0,0,0,0,0,0,0,0,0.01111584,935.991039188081,0.0110545130987251,946.39536582113
9600,8990,240.3333,18236.55,8.013909,0.556113,-1.345206,0,0,0,0,0,0,0,0,0,0,0,0.01112226,936.25492409558,0.0110608624994214,946.668194787652
9601,8990,240.4,18241.26,8.01622,0.556415,-1.351727,0,0,0,0,0,0,0,0,0,0,0,0.0111283,936.496733028327,0.0110668360420866,946.918349622487
9602,8990,240.4667,18247.54,8.01842,0.556749,-1.346159,0,0,0,0,0,0,0,0,0,0,0,0.01113498,936.819144938657,0.0110734425013603,947.250607381166
9603,8990,240.5333,18253.11,8.02063,0.557085,-1.350307,0,0,0,0,0,0,0,0,0,0,0,0.0111417,937.105105820908,0.0110800884762326,947.546049778433
9604,8990,240.6,18258.26,8.02296,0.557395,-1.360538,0,0,0,0,0,0,0,0,0,0,0,0.0111479,937.369504123168,0.0110862201400656,947.819205618183
9605,8990,240.6667,18264.93,8.02514,0.557731,-1.36366,0,0,0,0,0,0,0,0,0,0,0,0.01115462,937.711938429203,0.0110928660300186,948.171758771844
9606,8990,240.7333,18270.48,8.027329,0.558059,-1.362092,0,0,0,0,0,0,0,0,0,0,0,0.01116118,937.996872521931,0.0110993536418942,948.466024455585
9607,8990,240.8,18275.24,8.0296,0.558372,-1.354414,0,0,0,0,0,0,0,0,0,0,0,0.01116744,938.241248428486,0.0111055445249565,948.719001275837
9608,8990,240.8667,18281.18,8.03177,0.558726,-1.351233,0,0,0,0,0,0,0,0,0,0,0,0.01117452,938.546204916919,0.0111125463081763,949.034008254687
9609,8990,240.9333,18286.27,8.03393,0.559024,-1.353301,0,0,0,0,0,0,0,0,0,0,0,0.01118048,938.80752285061,0.0111184404266668,949.30384158369
9610,8990,241,18290.7,8.03623,0.559283,-1.351045,0,0,0,0,0,0,0,0,0,0,0,0.01118566,939.03495673003,0.0111235631390161,949.538682484127
9611,8990,241.0667,18296.52,8.03847,0.559622,-1.351986,0,0,0,0,0,0,0,0,0,0,0,0.01119244,939.333752481323,0.0111302681166858,949.847189145945
9612,8990,241.1333,18302.14,8.0407,0.559947,-1.351984,0,0,0,0,0,0,0,0,0,0,0,0.01119894,939.622280337382,0.0111366961504129,950.145053877544
9613,8990,241.2,18307.3,8.04293,0.560265,-1.353398,0,0,0,0,0,0,0,0,0,0,0,0.0112053,939.887192034404,0.0111429856941888,950.418909987307
9614,8990,241.2667,18313.2,8.04515,0.560599,-1.345599,0,0,0,0,0,0,0,0,0,0,0,0.01121198,940.19009494379,0.0111495916504036,950.731487484498
9615,8990,241.3333,18318.76,8.04741,0.560919,-1.350194,0,0,0,0,0,0,0,0,0,0,0,0.01121838,940.47554243128,0.0111559206693174,951.02615444698
9616,8990,241.4,18324.13,8.04955,0.561235,-1.346779,0,0,0,0,0,0,0,0,0,0,0,0.0112247,940.751235418297,0.0111621705361864,951.310885810497
9617,8990,241.4667,18329.71,8.05173,0.561561,-1.343161,0,0,0,0,0,0,0,0,0,0,0,0.01123122,941.03770969531,0.0111686181427181,951.606711241194
9618,8990,241.5333,18334.96,8.054029,0.561896,-1.347512,0,0,0,0,0,0,0,0,0,0,0,0.01123792,941.307241945187,0.0111752437073484,951.885577425588
9619,8990,241.6,18340.49,8.05619,0.562225,-1.356298,0,0,0,0,0,0,0,0,0,0,0,0.0112445,941.591149248391,0.0111817505624243,952.178870926115
9620,8990,241.6667,18346.43,8.05843,0.562566,-1.346045,0,0,0,0,0,0,0,0,0,0,0,0.01125132,941.896105736824,0.0111884947049164,952.493680229223
9621,8990,241.7333,18352.01,8.06078,0.562899,-1.345251,0,0,0,0,0,0,0,0,0,0,0,0.01125798,942.182580013836,0.0111950805831617,952.78965265598
9622,8990,241.8,18357.77,8.06291,0.563235,-1.349506,0,0,0,0,0,0,0,0,0,0,0,0.0112647,942.478295396559,0.0112017257496822,953.095030650713
9623,8990,241.8667,18363.34,8.06513,0.563561,-1.351138,0,0,0,0,0,0,0,0,0,0,0,0.01127122,942.76425627881,0.0112081731011836,953.390359619465
9624,8990,241.9333,18368.66,8.06747,0.563841,-1.358932,0,0,0,0,0,0,0,0,0,0,0,0.01127682,943.037382292019,0.0112137106705161,953.671845105397
9625,8990,242,18374.15,8.06955,0.56421,-1.363941,0,0,0,0,0,0,0,0,0,0,0,0.0112842,943.319236016177,0.0112210083489812,953.963838939231
9626,8990,242.0667,18379.38,8.07177,0.56453,-1.363747,0,0,0,0,0,0,0,0,0,0,0,0.0112906,943.587741476531,0.0112273369159148,954.241413230446
9627,8990,242.1333,18384.39,8.07413,0.564828,-1.356065,0,0,0,0,0,0,0,0,0,0,0,0.01129656,943.844952252128,0.0112332303578568,954.507153385941
9628,8990,242.2,18389.92,8.07621,0.565143,-1.357534,0,0,0,0,0,0,0,0,0,0,0,0.01130286,944.128859555332,0.0112394599651016,954.800215876846
9629,8990,242.2667,18395.3,8.07845,0.565459,-1.359796,0,0,0,0,0,0,0,0,0,0,0,0.01130918,944.405065937111,0.0112457093098845,955.085512820706
9630,8990,242.3333,18400.41,8.08082,0.565805,-1.355622,0,0,0,0,0,0,0,0,0,0,0,0.0113161,944.667410660325,0.0112525519021021,955.357361546099
9631,8990,242.4,18406.26,8.08289,0.566148,-1.3579,0,0,0,0,0,0,0,0,0,0,0,0.01132296,944.967746595903,0.0112593351192719,955.667578591899
9632,8990,242.4667,18411.46,8.08511,0.566451,-1.349242,0,0,0,0,0,0,0,0,0,0,0,0.01132902,945.234711871972,0.0112653272524317,955.943294827464
9633,8990,242.5333,18416.49,8.08749,0.566782,-1.344543,0,0,0,0,0,0,0,0,0,0,0,0.01133564,945.492949437093,0.0112718730730325,956.21071713445
9634,8990,242.6,18422.59,8.08957,0.567138,-1.352826,0,0,0,0,0,0,0,0,0,0,0,0.01134276,945.806120241712,0.0112789132431357,956.534172070145
9635,8990,242.6667,18427.84,8.09169,0.567472,-1.360895,0,0,0,0,0,0,0,0,0,0,0,0.01134944,946.07565249159,0.0112855183014833,956.813081345004
9636,8990,242.7333,18432.47,8.09409,0.567785,-1.351999,0,0,0,0,0,0,0,0,0,0,0,0.0113557,946.313354266243,0.0112917080321327,957.059404823285
9637,8990,242.8,18438.31,8.09625,0.568133,-1.350682,0,0,0,0,0,0,0,0,0,0,0,0.01136266,946.613176807059,0.011298589860209,957.369220486638
9638,8990,242.8667,18443.98,8.09839,0.568464,-1.358427,0,0,0,0,0,0,0,0,0,0,0,0.01136928,946.904271636927,0.0113051354630831,957.669891434363
9639,8990,242.9333,18448.86,8.10081,0.568752,-1.359491,0,0,0,0,0,0,0,0,0,0,0,0.01137504,947.154808280623,0.0113108306959832,957.928732111007
9640,8990,243,18454.72,8.10301,0.569098,-1.351736,0,0,0,0,0,0,0,0,0,0,0,0.01138196,947.455657610962,0.0113176728426179,958.239560007664
9641,8990,243.0667,18460.33,8.10513,0.569472,-1.34747,0,0,0,0,0,0,0,0,0,0,0,0.01138944,947.74367207226,0.0113250686363295,958.537941760706
9642,8990,243.1333,18465.26,8.10747,0.569752,-1.34745,0,0,0,0,0,0,0,0,0,0,0,0.01139504,947.996775689763,0.0113306055583845,958.799236868619
9643,8990,243.2,18470.88,8.10961,0.570085,-1.343523,0,0,0,0,0,0,0,0,0,0,0,0.0114017,948.285303545823,0.0113371905007747,959.097368091261
9644,8990,243.2667,18475.82,8.11171,0.570429,-1.346337,0,0,0,0,0,0,0,0,0,0,0,0.01140858,948.538920558088,0.011343992918251,959.360402716389
9645,8990,243.3333,18480.32,8.11409,0.570752,-1.353755,0,0,0,0,0,0,0,0,0,0,0,0.01141504,948.76994820084,0.0113503800297482,959.600195110351
9646,8990,243.4,18486.1,8.11629,0.57107,-1.363613,0,0,0,0,0,0,0,0,0,0,0,0.0114214,949.066690373086,0.0113566682296978,959.906360670513
9647,8990,243.4667,18491.73,8.11845,0.571395,-1.358989,0,0,0,0,0,0,0,0,0,0,0,0.0114279,949.355731623907,0.0113630948082868,960.204873989332
9648,8990,243.5333,18496.95,8.12081,0.571731,-1.357229,0,0,0,0,0,0,0,0,0,0,0,0.01143462,949.6237236895,0.0113697388584223,960.482310112874
9649,8990,243.6,18503.1,8.12299,0.572113,-1.34498,0,0,0,0,0,0,0,0,0,0,0,0.01144226,949.939461467927,0.0113772924570377,960.808915770303
9650,8990,243.6667,18508.52,8.12513,0.572444,-1.339263,0,0,0,0,0,0,0,0,0,0,0,0.01144888,950.217721428753,0.011383837544778,961.096650095265
9651,8990,243.7333,18513.32,8.12745,0.57278,-1.344387,0,0,0,0,0,0,0,0,0,0,0,0.0114556,950.464150914355,0.0113904814570994,961.35228804157
9652,8990,243.8,18519.02,8.12963,0.573128,-1.348576,0,0,0,0,0,0,0,0,0,0,0,0.01146256,950.756785928508,0.0113973626054699,961.654892632621
9653,8990,243.8667,18524.27,8.13173,0.573462,-1.34289,0,0,0,0,0,0,0,0,0,0,0,0.01146924,951.026318178386,0.0114039668815014,961.93386726789
9654,8990,243.9333,18528.76,8.134069,0.573759,-1.346446,0,0,0,0,0,0,0,0,0,0,0,0.01147518,951.256832426376,0.0114098395094799,962.172675804698
9655,8990,244,18534.55,8.13633,0.574108,-1.349944,0,0,0,0,0,0,0,0,0,0,0,0.01148216,951.554087993383,0.0114167402976102,962.479984280377
9656,8990,244.0667,18540.32,8.13853,0.574482,-1.343363,0,0,0,0,0,0,0,0,0,0,0,0.01148964,951.850316770868,0.0114241353586784,962.786734244451
9657,8990,244.1333,18545.52,8.14077,0.574828,-1.342371,0,0,0,0,0,0,0,0,0,0,0,0.01149656,952.117282046937,0.0114309767301125,963.063355507027
9658,8990,244.2,18551.29,8.14301,0.575169,-1.351269,0,0,0,0,0,0,0,0,0,0,0,0.01150338,952.413510824421,0.0114377191920029,963.369485356569
9659,8990,244.2667,18556.53,8.145229,0.575497,-1.357445,0,0,0,0,0,0,0,0,0,0,0,0.01150994,952.682529679537,0.011444204566998,963.647848435197
9660,8990,244.3333,18561.56,8.147409,0.575841,-1.368249,0,0,0,0,0,0,0,0,0,0,0,0.01151682,952.940767244658,0.0114510062565614,963.915614531676
9661,8990,244.4,18566.95,8.14961,0.576177,-1.356205,0,0,0,0,0,0,0,0,0,0,0,0.01152354,953.217487021198,0.0114576497226364,964.201926861587
9662,8990,244.4667,18571.8,8.15185,0.576513,-1.352479,0,0,0,0,0,0,0,0,0,0,0,0.01153026,953.466483480609,0.0114642931445761,964.460199936426
9663,8990,244.5333,18576.71,8.15405,0.576815,-1.345996,0,0,0,0,0,0,0,0,0,0,0,0.0115363,953.718560308589,0.0114702642778244,964.720943735877
9664,8990,244.6,18582.57,8.15631,0.577172,-1.343466,0,0,0,0,0,0,0,0,0,0,0,0.01154344,954.019409638929,0.0114773228231293,965.032075452931
9665,8990,244.6667,18587.9,8.158589,0.577533,-1.34894,0,0,0,0,0,0,0,0,0,0,0,0.01155066,954.2930490469,0.0114844604051131,965.315763596804
9666,8990,244.7333,18593.39,8.160749,0.577841,-1.356916,0,0,0,0,0,0,0,0,0,0,0,0.01155682,954.574902771057,0.0114905500469745,965.6067530989
9667,8990,244.8,18599.19,8.16299,0.578197,-1.351437,0,0,0,0,0,0,0,0,0,0,0,0.01156394,954.872671732826,0.0114975886777284,965.914762016385
9668,8990,244.8667,18604.27,8.16527,0.578561,-1.347819,0,0,0,0,0,0,0,0,0,0,0,0.01157122,955.133476271755,0.0115047854287353,966.185535855061
9669,8990,244.9333,18609.57,8.16737,0.578927,-1.355749,0,0,0,0,0,0,0,0,0,0,0,0.01157854,955.405575495441,0.0115120216701097,966.467777167538
9670,8990,245,18615.03,8.16961,0.579266,-1.357952,0,0,0,0,0,0,0,0,0,0,0,0.01158532,955.685889035314,0.0115187240436882,966.757815879272
9671,8990,245.0667,18619.91,8.171909,0.579602,-1.356285,0,0,0,0,0,0,0,0,0,0,0,0.01159204,955.936425679009,0.0115253670598992,967.017678962937
9672,8990,245.1333,18625.21,8.174029,0.579994,-1.349017,0,0,0,0,0,0,0,0,0,0,0,0.01159988,956.208524902695,0.0115331171897039,967.300429046543
9673,8990,245.2,18630.66,8.17629,0.580352,-1.352342,0,0,0,0,0,0,0,0,0,0,0,0.01160704,956.488325047806,0.011540195061897,967.590323296169
9674,8990,245.2667,18635.68,8.17867,0.580648,-1.355733,0,0,0,0,0,0,0,0,0,0,0,0.01161296,956.746049218165,0.0115460471195082,967.856702817893
9675,8990,245.3333,18641.35,8.18073,0.581009,-1.358482,0,0,0,0,0,0,0,0,0,0,0,0.01162018,957.037144048032,0.0115531842109855,968.158087928556
9676,8990,245.4,18646.6,8.18297,0.581352,-1.360099,0,0,0,0,0,0,0,0,0,0,0,0.01162704,957.30667629791,0.0115599653892145,968.437319315493
9677,8990,245.4667,18651.26,8.185369,0.581671,-1.359546,0,0,0,0,0,0,0,0,0,0,0,0.01163342,957.545918256848,0.011566272041399,968.685452093216
9678,8990,245.5333,18656.99,8.187409,0.582027,-1.353001,0,0,0,0,0,0,0,0,0,0,0,0.01164054,957.840093455286,0.0115733101391957,968.989869376756
9679,8990,245.6,18662.29,8.189549,0.582365,-1.359568,0,0,0,0,0,0,0,0,0,0,0,0.0116473,958.112192678972,0.0115799923322741,969.271612820762
9680,8990,245.6667,18666.54,8.19197,0.582716,-1.353671,0,0,0,0,0,0,0,0,0,0,0,0.01165432,958.330385452682,0.0115869314855183,969.499074430471
9681,8990,245.7333,18671.95,8.19409,0.583073,-1.348274,0,0,0,0,0,0,0,0,0,0,0,0.01166146,958.608132018746,0.0115939892073732,969.786902405958
9682,8990,245.8,18677.71,8.19623,0.583426,-1.344126,0,0,0,0,0,0,0,0,0,0,0,0.01166852,958.903847401469,0.0116009678021351,970.09283612295
9683,8990,245.8667,18682.36,8.198669,0.583783,-1.344522,0,0,0,0,0,0,0,0,0,0,0,0.01167566,959.142575965646,0.0116080254249268,970.341198574145
9684,8990,245.9333,18687.97,8.200809,0.584121,-1.346576,0,0,0,0,0,0,0,0,0,0,0,0.01168242,959.430590426944,0.0116147073860358,970.639061545159
9685,8990,246,18693.79,8.20295,0.584482,-1.345817,0,0,0,0,0,0,0,0,0,0,0,0.01168964,959.729386178236,0.0116218439874969,970.948277200081
9686,8990,246.0667,18698.5,8.20537,0.584844,-1.352157,0,0,0,0,0,0,0,0,0,0,0,0.01169688,959.971195110984,0.0116290003067947,971.199862983653
9687,8990,246.1333,18703.98,8.20747,0.585169,-1.355731,0,0,0,0,0,0,0,0,0,0,0,0.01170338,960.252535440379,0.0116354251354641,971.490735758602
9688,8990,246.2,18709.02,8.209539,0.585492,-1.352509,0,0,0,0,0,0,0,0,0,0,0,0.01170984,960.511286400262,0.0116418103858284,971.758719882203
9689,8990,246.2667,18713.17,8.211969,0.585839,-1.352656,0,0,0,0,0,0,0,0,0,0,0,0.01171678,960.724345226355,0.0116486700366123,971.980941020017
9690,8990,246.3333,18718.43,8.214129,0.586218,-1.357307,0,0,0,0,0,0,0,0,0,0,0,0.01172436,960.994390870994,0.0116561622239068,972.261435067547
9691,8990,246.4,18724.11,8.21624,0.586559,-1.361233,0,0,0,0,0,0,0,0,0,0,0,0.01173118,961.285999095624,0.0116629031676687,972.563018182494
9692,8990,246.4667,18728.73,8.21873,0.586917,-1.3633,0,0,0,0,0,0,0,0,0,0,0,0.01173834,961.523187475516,0.0116699801213161,972.809873567987
9693,8990,246.5333,18734.6,8.22089,0.587309,-1.354794,0,0,0,0,0,0,0,0,0,0,0,0.01174618,961.824550200617,0.0116777291304364,973.122314495692
9694,8990,246.6,18740.18,8.222939,0.587666,-1.352175,0,0,0,0,0,0,0,0,0,0,0,0.01175332,962.111024477629,0.0116847862114982,973.419023223843
9695,8990,246.6667,18744.44,8.225349,0.588001,-1.346992,0,0,0,0,0,0,0,0,0,0,0,0.01176002,962.329730646101,0.0116914083571176,973.646747525094
9696,8990,246.7333,18749.73,8.227509,0.588345,-1.346946,0,0,0,0,0,0,0,0,0,0,0,0.0117669,962.601316475025,0.011698208365491,973.928149905855
9697,8990,246.8,18755.28,8.22954,0.588709,-1.348656,0,0,0,0,0,0,0,0,0,0,0,0.01177418,962.886250567753,0.0117054036728381,974.223446601463
9698,8990,246.8667,18759.52,8.23193,0.589057,-1.352214,0,0,0,0,0,0,0,0,0,0,0,0.01178114,963.103929946702,0.0117122826545307,974.450392179954
9699,8990,246.9333,18764.86,8.23419,0.589442,-1.353469,0,0,0,0,0,0,0,0,0,0,0,0.01178884,963.378082749434,0.0117198929670734,974.735192826474
9700,8990,247,18770.83,8.23632,0.589823,-1.35206,0,0,0,0,0,0,0,0,0,0,0,0.01179646,963.684579422152,0.0117274241544171,975.052646015922
9701,8990,247.0667,18775.78,8.238629,0.590136,-1.357301,0,0,0,0,0,0,0,0,0,0,0,0.01180272,963.938709829179,0.0117336111504011,975.315808518454
9702,8990,247.1333,18781.16,8.24089,0.590515,-1.356809,0,0,0,0,0,0,0,0,0,0,0,0.0118103,964.214916210958,0.0117411027013303,975.602583635884
9703,8990,247.2,18786.51,8.24304,0.590874,-1.357909,0,0,0,0,0,0,0,0,0,0,0,0.01181748,964.489582408452,0.0117481988679977,975.887418758772
9704,8990,247.2667,18791.55,8.24526,0.591246,-1.352107,0,0,0,0,0,0,0,0,0,0,0,0.01182492,964.748333368335,0.0117555519457946,976.156405230548
9705,8990,247.3333,18796.84,8.247499,0.591594,-1.350121,0,0,0,0,0,0,0,0,0,0,0,0.01183188,965.019919197259,0.0117624305825278,976.43791907881
9706,8990,247.4,18801.64,8.24966,0.591953,-1.352709,0,0,0,0,0,0,0,0,0,0,0,0.01183906,965.266348682861,0.0117695265978514,976.694194900898
9707,8990,247.4667,18806.29,8.25192,0.592292,-1.355954,0,0,0,0,0,0,0,0,0,0,0,0.01184584,965.505077247038,0.0117762272457637,976.942295911294
9708,8990,247.5333,18811.85,8.2542,0.592681,-1.347626,0,0,0,0,0,0,0,0,0,0,0,0.01185362,965.790524734527,0.0117839161345079,977.238638614331
9709,8990,247.6,18816.97,8.25642,0.593058,-1.343557,0,0,0,0,0,0,0,0,0,0,0,0.01186116,966.053382852503,0.0117913677774713,977.511896595058
9710,8990,247.6667,18822.02,8.2586,0.593411,-1.345404,0,0,0,0,0,0,0,0,0,0,0,0.01186822,966.312647207147,0.0117983449949489,977.781058292984
9711,8990,247.7333,18827.3,8.26087,0.593737,-1.342078,0,0,0,0,0,0,0,0,0,0,0,0.01187474,966.583719641309,0.0118047885009958,978.061650000283
9712,8990,247.8,18832.14,8.26308,0.594134,-1.34551,0,0,0,0,0,0,0,0,0,0,0,0.01188268,966.832202705958,0.0118126352912499,978.320760384408
9713,8990,247.8667,18837.03,8.26524,0.594505,-1.345516,0,0,0,0,0,0,0,0,0,0,0,0.0118901,967.083252744415,0.0118199681302656,978.581969327872
9714,8990,247.9333,18842.27,8.2675,0.594844,-1.355591,0,0,0,0,0,0,0,0,0,0,0,0.01189688,967.352271599531,0.0118266684401966,978.860745492478
9715,8990,248,18846.96,8.26974,0.595187,-1.357024,0,0,0,0,0,0,0,0,0,0,0,0.01190374,967.593053742755,0.0118334477641399,979.111029880315
9716,8990,248.0667,18852.06,8.2719,0.595582,-1.348605,0,0,0,0,0,0,0,0,0,0,0,0.01191164,967.854885071207,0.0118412548003726,979.383624034417
9717,8990,248.1333,18857.37,8.274159,0.595953,-1.350791,0,0,0,0,0,0,0,0,0,0,0,0.01191906,968.127497689655,0.01184858742953,979.666667422268
9718,8990,248.2,18862.1,8.27648,0.596297,-1.349735,0,0,0,0,0,0,0,0,0,0,0,0.01192594,968.370333411925,0.0118553863691721,979.919059905976
9719,8990,248.2667,18867.32,8.27862,0.596638,-1.352075,0,0,0,0,0,0,0,0,0,0,0,0.01193276,968.638325477518,0.0118621259701137,980.196854142243
9720,8990,248.3333,18872.7,8.28084,0.597025,-1.34835,0,0,0,0,0,0,0,0,0,0,0,0.0119405,968.914531859297,0.0118697746704082,980.483855826963
9721,8990,248.4,18876.96,8.28319,0.597376,-1.345722,0,0,0,0,0,0,0,0,0,0,0,0.01194752,969.133238027769,0.0118767118131066,980.71197677177
9722,8990,248.4667,18882.14,8.2853,0.597729,-1.351853,0,0,0,0,0,0,0,0,0,0,0,0.01195458,969.399176514314,0.0118836884351477,980.987936521889
9723,8990,248.5333,18887.41,8.287419,0.598088,-1.347546,0,0,0,0,0,0,0,0,0,0,0,0.01196176,969.669735553715,0.0118907835900788,981.268692209672
9724,8990,248.6,18891.6,8.2898,0.598462,-1.343201,0,0,0,0,0,0,0,0,0,0,0,0.01196924,969.884847958855,0.0118981751464116,981.493632476438
9725,8990,248.6667,18896.48,8.29196,0.598831,-1.34355,0,0,0,0,0,0,0,0,0,0,0,0.01197662,970.135384602551,0.0119054678316024,981.75432745249
9726,8990,248.7333,18902.24,8.2941,0.599233,-1.342171,0,0,0,0,0,0,0,0,0,0,0,0.01198466,970.431099985274,0.0119134126476218,982.061386772023
9727,8990,248.8,18906.78,8.2965,0.599587,-1.341399,0,0,0,0,0,0,0,0,0,0,0,0.01199174,970.664181207072,0.0119204087766281,982.30413369542
9728,8990,248.8667,18911.87,8.298659,0.599948,-1.34803,0,0,0,0,0,0,0,0,0,0,0,0.01199896,970.925499140763,0.0119275431967615,982.575595367933
9729,8990,248.9333,18917.72,8.300839,0.60035,-1.34623,0,0,0,0,0,0,0,0,0,0,0,0.012007,971.225835076341,0.011935487837399,982.887343678103
9730,8990,249,18922.41,8.30322,0.600712,-1.350688,0,0,0,0,0,0,0,0,0,0,0,0.01201424,971.466617219564,0.0119426419125213,983.138050310828
9731,8990,249.0667,18927.45,8.3053,0.601065,-1.35043,0,0,0,0,0,0,0,0,0,0,0,0.0120213,971.725368179447,0.0119496180746098,983.406770347942
9732,8990,249.1333,18932.65,8.30742,0.601419,-1.347279,0,0,0,0,0,0,0,0,0,0,0,0.01202838,971.992333455516,0.0119566139503237,983.683826599406
9733,8990,249.2,18936.8,8.30982,0.601819,-1.349762,0,0,0,0,0,0,0,0,0,0,0,0.01203638,972.205392281609,0.0119645188357386,983.90722582116
9734,8990,249.2667,18941.65,8.31194,0.60218,-1.359114,0,0,0,0,0,0,0,0,0,0,0,0.0120436,972.45438874102,0.0119716529411803,984.166240417261
9735,8990,249.3333,18946.99,8.3141,0.602541,-1.36215,0,0,0,0,0,0,0,0,0,0,0,0.01205082,972.728541543753,0.0119787869957272,984.450718106759
9736,8990,249.4,18951.53,8.31656,0.602913,-1.363467,0,0,0,0,0,0,0,0,0,0,0,0.01205826,972.961622765551,0.0119861383781933,984.69384698288
9737,8990,249.4667,18956.8,8.31872,0.603325,-1.348156,0,0,0,0,0,0,0,0,0,0,0,0.0120665,973.232181804952,0.0119942801688208,984.975687926701
9738,8990,249.5333,18962.36,8.32082,0.603681,-1.349476,0,0,0,0,0,0,0,0,0,0,0,0.01207362,973.517629292441,0.0120013152549097,985.271511211819
9739,8990,249.6,18966.69,8.32318,0.604058,-1.349565,0,0,0,0,0,0,0,0,0,0,0,0.01208116,973.739929224245,0.0120087652780743,985.503837107591
9740,8990,249.6667,18971.49,8.32532,0.60445,-1.34959,0,0,0,0,0,0,0,0,0,0,0,0.012089,973.986358709847,0.0120165116624002,985.76087980029
9741,8990,249.7333,18976.54,8.32738,0.604839,-1.353912,0,0,0,0,0,0,0,0,0,0,0,0.01209678,974.245623064491,0.0120241987038535,986.030858032665
9742,8990,249.8,18980.77,8.3298,0.605185,-1.351752,0,0,0,0,0,0,0,0,0,0,0,0.0121037,974.462789048678,0.0120310359712767,986.257394308486
9743,8990,249.8667,18985.57,8.33202,0.605539,-1.348236,0,0,0,0,0,0,0,0,0,0,0,0.01211078,974.70921853428,0.0120380312774263,986.513707443921
9744,8990,249.9333,18991.25,8.33414,0.605943,-1.35148,0,0,0,0,0,0,0,0,0,0,0,0.01211886,975.000826758909,0.0120460145613783,986.816725278285
9745,8990,250,18996,8.33652,0.606335,-1.347546,0,0,0,0,0,0,0,0,0,0,0,0.0121267,975.244689270703,0.0120537606571633,987.071189044082
9746,8990,250.0667,19001.19,8.338719,0.606699,-1.348362,0,0,0,0,0,0,0,0,0,0,0,0.01213398,975.511141152011,0.0120609534066663,987.347973828526
9747,8990,250.1333,19006.21,8.340839,0.607073,-1.354989,0,0,0,0,0,0,0,0,0,0,0,0.01214146,975.768865322369,0.012068343705291,987.616123969926
9748,8990,250.2,19010.84,8.34316,0.607473,-1.36168,0,0,0,0,0,0,0,0,0,0,0,0.01214946,976.006567097023,0.0120762477075478,987.864519843706
9749,8990,250.2667,19016.11,8.34534,0.607872,-1.356313,0,0,0,0,0,0,0,0,0,0,0,0.01215744,976.277126136424,0.0120841318875602,988.1461567208
9750,8990,250.3333,19020.79,8.34744,0.608239,-1.357601,0,0,0,0,0,0,0,0,0,0,0,0.01216478,976.517394884886,0.0120913836975018,988.396514159834
9751,8990,250.4,19025.35,8.34982,0.608595,-1.361824,0,0,0,0,0,0,0,0,0,0,0,0.0121719,976.751502896208,0.0120984181004945,988.640424514311
9752,8990,250.4667,19030.76,8.352059,0.608997,-1.360815,0,0,0,0,0,0,0,0,0,0,0,0.01217994,977.029249462272,0.0121063613837136,988.929407098968
9753,8990,250.5333,19035.88,8.354199,0.609399,-1.354355,0,0,0,0,0,0,0,0,0,0,0,0.01218798,977.292107580248,0.0121143046038373,989.203324241594
9754,8990,250.6,19040.63,8.35648,0.609798,-1.366493,0,0,0,0,0,0,0,0,0,0,0,0.01219596,977.535970092042,0.0121221884838092,989.457959681846
9755,8990,250.6667,19045.94,8.35872,0.61018,-1.372485,0,0,0,0,0,0,0,0,0,0,0,0.0122036,977.808582710489,0.0121297364008817,989.741367530455
9756,8990,250.7333,19050.78,8.36086,0.610544,-1.370968,0,0,0,0,0,0,0,0,0,0,0,0.01221088,978.057065775138,0.0121369286039329,990.000003238471
9757,8990,250.8,19055.58,8.36312,0.610941,-1.375434,0,0,0,0,0,0,0,0,0,0,0,0.01221882,978.303495260741,0.0121447727883963,990.257209574702
9758,8990,250.8667,19060.72,8.36536,0.611348,-1.373396,0,0,0,0,0,0,0,0,0,0,0,0.01222696,978.56738016824,0.0121528144954951,990.532284382862
9759,8990,250.9333,19065.32,8.367519,0.611717,-1.373148,0,0,0,0,0,0,0,0,0,0,0,0.01223434,978.803541758608,0.0121601053239244,990.778557081687
9760,8990,251,19070.03,8.36976,0.612096,-1.377633,0,0,0,0,0,0,0,0,0,0,0,0.01224192,979.045350691355,0.0121675936804437,991.030745550891
9761,8990,251.0667,19075.24,8.372,0.612503,-1.373999,0,0,0,0,0,0,0,0,0,0,0,0.01225006,979.312829362186,0.0121756352040264,991.309470280643
9762,8990,251.1333,19079.87,8.37428,0.612905,-1.377534,0,0,0,0,0,0,0,0,0,0,0,0.0122581,979.55053113684,0.0121835778739142,991.557959502568
9763,8990,251.2,19084.89,8.37646,0.613285,-1.366199,0,0,0,0,0,0,0,0,0,0,0,0.0122657,979.808255307199,0.0121910858123243,991.82628942432
9764,8990,251.2667,19090.26,8.37868,0.613669,-1.362982,0,0,0,0,0,0,0,0,0,0,0,0.01227338,980.083948294216,0.0121986727244031,992.112891023532
9765,8990,251.3333,19094.46,8.38098,0.614061,-1.360766,0,0,0,0,0,0,0,0,0,0,0,0.01228122,980.299574094118,0.0122064176377782,992.338848829474
9766,8990,251.4,19099.38,8.38316,0.614465,-1.367207,0,0,0,0,0,0,0,0,0,0,0,0.0122893,980.552164316861,0.0122143995775725,992.6024640298
9767,8990,251.4667,19104.84,8.3853,0.614872,-1.366941,0,0,0,0,0,0,0,0,0,0,0,0.01229744,980.832477856733,0.0122224407247748,992.894206403228
9768,8990,251.5333,19108.79,8.3876,0.615241,-1.365509,0,0,0,0,0,0,0,0,0,0,0,0.01230482,981.035268787593,0.0122297310455908,993.106731183676
9769,8990,251.6,19113.07,8.38982,0.61562,-1.361836,0,0,0,0,0,0,0,0,0,0,0,0.0123124,981.255001745589,0.012237218880748,993.336605829081
9770,8990,251.6667,19118.64,8.39198,0.616066,-1.361572,0,0,0,0,0,0,0,0,0,0,0,0.01232132,981.540962627839,0.0122460303511015,993.634842921485
9771,8990,251.7333,19122.94,8.3943,0.61644,-1.367483,0,0,0,0,0,0,0,0,0,0,0,0.0123288,981.761722375358,0.0122534192820837,993.865666298179
9772,8990,251.8,19127.52,8.39652,0.616796,-1.36312,0,0,0,0,0,0,0,0,0,0,0,0.01233592,981.996857176204,0.0122604525453492,994.110691846581
9773,8990,251.8667,19133.21,8.39868,0.617221,-1.358184,0,0,0,0,0,0,0,0,0,0,0,0.01234442,982.288978795594,0.0122688489325044,994.414766511218
9774,8990,251.9333,19137.65,8.40102,0.617628,-1.357249,0,0,0,0,0,0,0,0,0,0,0,0.01235256,982.516926069777,0.0122768896418852,994.653525350069
9775,8990,252,19142.12,8.40318,0.618017,-1.35868,0,0,0,0,0,0,0,0,0,0,0,0.01236034,982.746413528243,0.0122845746820704,994.893493333233
9776,8990,252.0667,19147.43,8.40526,0.618414,-1.36184,0,0,0,0,0,0,0,0,0,0,0,0.01236828,983.019026146691,0.0122924177084607,995.177280707401
9777,8990,252.1333,19151.41,8.407599,0.618804,-1.364134,0,0,0,0,0,0,0,0,0,0,0,0.01237608,983.223357261836,0.0123001223848179,995.391808189177
9778,8990,252.2,19155.57,8.4098,0.619188,-1.362165,0,0,0,0,0,0,0,0,0,0,0,0.01238376,983.436929482691,0.0123077084696943,995.615576392542
9779,8990,252.2667,19161.12,8.41196,0.61961,-1.360696,0,0,0,0,0,0,0,0,0,0,0,0.0123922,983.721863575419,0.012316045194514,995.912341653218
9780,8990,252.3333,19165.54,8.41438,0.620002,-1.353116,0,0,0,0,0,0,0,0,0,0,0,0.01240004,983.948784060078,0.0123237891989062,996.149788340374
9781,8990,252.4,19170.24,8.41658,0.620397,-1.36212,0,0,0,0,0,0,0,0,0,0,0,0.01240794,984.190079598063,0.0123315924079789,996.401851054311
9782,8990,252.4667,19176.06,8.4187,0.620824,-1.366347,0,0,0,0,0,0,0,0,0,0,0,0.01241648,984.488875349356,0.0123400277072727,996.712761780354
9783,8990,252.5333,19180.39,8.42104,0.621203,-1.358275,0,0,0,0,0,0,0,0,0,0,0,0.01242406,984.711175281159,0.0123475147165956,996.945286005523
9784,8990,252.6,19184.7,8.42322,0.621608,-1.362114,0,0,0,0,0,0,0,0,0,0,0,0.01243216,984.93244842344,0.0123555152846556,997.177286211432
9785,8990,252.6667,19189.98,8.42529,0.622048,-1.364205,0,0,0,0,0,0,0,0,0,0,0,0.01244096,985.203520857602,0.0123642071872871,997.460398452451
9786,8990,252.7333,19193.98,8.42762,0.62243,-1.367873,0,0,0,0,0,0,0,0,0,0,0,0.0124486,985.408878762271,0.0123717532778502,997.67583973043
9787,8990,252.8,19197.97,8.42986,0.622796,-1.362148,0,0,0,0,0,0,0,0,0,0,0,0.01245592,985.613723272177,0.0123789832483775,997.890448960158
9788,8990,252.8667,19203.34,8.43201,0.623219,-1.363179,0,0,0,0,0,0,0,0,0,0,0,0.01246438,985.889416259195,0.0123873391328041,998.177916581428
9789,8990,252.9333,19208.07,8.43436,0.623618,-1.373438,0,0,0,0,0,0,0,0,0,0,0,0.01247236,986.132251981465,0.012395220860507,998.431648435789
9790,8990,253,19212.65,8.43658,0.624015,-1.370172,0,0,0,0,0,0,0,0,0,0,0,0.0124803,986.367386782311,0.0124030630191479,998.67754767957
9791,8990,253.0667,19217.72,8.43872,0.624427,-1.364025,0,0,0,0,0,0,0,0,0,0,0,0.01248854,986.627677926478,0.0124112014159838,998.94921714737
9792,8990,253.1333,19222.37,8.441,0.624855,-1.358007,0,0,0,0,0,0,0,0,0,0,0,0.0124971,986.866406490655,0.0124196557969245,999.19937465921
9793,8990,253.2,19226.8,8.44316,0.625275,-1.356841,0,0,0,0,0,0,0,0,0,0,0,0.0125055,987.093840370076,0.0124279520825688,999.437942390824
9794,8990,253.2667,19231.28,8.44531,0.625697,-1.366884,0,0,0,0,0,0,0,0,0,0,0,0.01251394,987.323841223304,0.0124362878050151,999.679152532942
9795,8990,253.3333,19235.66,8.447659,0.626076,-1.365218,0,0,0,0,0,0,0,0,0,0,0,0.01252152,987.548708128916,0.0124437740936749,999.914319028727
9796,8990,253.4,19240.39,8.44986,0.626494,-1.364057,0,0,0,0,0,0,0,0,0,0,0,0.01252988,987.791543851187,0.012452030674224,1000.16845336066
9797,8990,253.4667,19245.27,8.45203,0.626898,-1.361325,0,0,0,0,0,0,0,0,0,0,0,0.01253796,988.042080494883,0.0124600106537984,1000.43011257844
9798,8990,253.5333,19249.95,8.45436,0.627318,-1.356567,0,0,0,0,0,0,0,0,0,0,0,0.01254636,988.282349243345,0.0124683066046555,1000.6816953786
9799,8990,253.6,19254.84,8.45658,0.627753,-1.35859,0,0,0,0,0,0,0,0,0,0,0,0.01255506,988.533399281802,0.0124768987669187,1000.94449542179
9800,8990,253.6667,19259.37,8.45873,0.628165,-1.362524,0,0,0,0,0,0,0,0,0,0,0,0.0125633,988.765967108839,0.0124850365628746,1001.18813058342
9801,8990,253.7333,19263.88,8.46104,0.628572,-1.364078,0,0,0,0,0,0,0,0,0,0,0,0.01257144,988.997508146353,0.0124930755341483,1001.43063098016
9802,8990,253.8,19268.7,8.46322,0.628992,-1.360449,0,0,0,0,0,0,0,0,0,0,0,0.01257984,989.244964421478,0.0125013712107062,1001.68950779471
9803,8990,253.8667,19272.96,8.46537,0.629392,-1.359468,0,0,0,0,0,0,0,0,0,0,0,0.01258784,989.46367058995,0.012509271791067,1001.91888096115
9804,8990,253.9333,19277.21,8.46766,0.629812,-1.363984,0,0,0,0,0,0,0,0,0,0,0,0.01259624,989.68186336366,0.0125175673332679,1002.14813363824
9805,8990,254,19282.02,8.46987,0.630239,-1.359759,0,0,0,0,0,0,0,0,0,0,0,0.01260478,989.928806244024,0.0125260010639601,1002.40664106239
9806,8990,254.0667,19286.39,8.47209,0.630649,-1.366962,0,0,0,0,0,0,0,0,0,0,0,0.01261298,990.153159754875,0.0125340989585788,1002.6419417558
9807,8990,254.1333,19290.99,8.47435,0.631087,-1.368125,0,0,0,0,0,0,0,0,0,0,0,0.01262174,990.389321345244,0.012542749807701,1002.88975785804
9808,8990,254.2,19296.12,8.47653,0.631509,-1.369688,0,0,0,0,0,0,0,0,0,0,0,0.01263018,990.652692857981,0.0125510845732841,1003.16481468626
9809,8990,254.2667,19300.16,8.47877,0.631873,-1.359055,0,0,0,0,0,0,0,0,0,0,0,0.01263746,990.860104341696,0.0125582737465632,1003.38205927591
9810,8990,254.3333,19304.63,8.48103,0.632323,-1.355318,0,0,0,0,0,0,0,0,0,0,0,0.01264646,991.089591800163,0.0125671613893387,1003.62336667928
9811,8990,254.4,19309.96,8.48317,0.632789,-1.346915,0,0,0,0,0,0,0,0,0,0,0,0.01265578,991.363231208134,0.0125763649539386,1003.90970616239
9812,8990,254.4667,19313.89,8.48537,0.633171,-1.358489,0,0,0,0,0,0,0,0,0,0,0,0.01266342,991.564995349471,0.0125839094437158,1004.12159934288
9813,8990,254.5333,19317.85,8.48767,0.633562,-1.366527,0,0,0,0,0,0,0,0,0,0,0,0.01267124,991.768299675092,0.012591631624306,1004.33523382467
9814,8990,254.6,19323.13,8.48987,0.634028,-1.365779,0,0,0,0,0,0,0,0,0,0,0,0.01268056,992.039372109255,0.0126008349636962,1004.61898688965
9815,8990,254.6667,19327.56,8.49209,0.634433,-1.360798,0,0,0,0,0,0,0,0,0,0,0,0.01268866,992.266805988675,0.0126088335053153,1004.85734211915
9816,8990,254.7333,19331.72,8.49437,0.634855,-1.356402,0,0,0,0,0,0,0,0,0,0,0,0.0126971,992.48037820953,0.0126171677201269,1005.08200081969
9817,8990,254.8,19336.97,8.49661,0.635298,-1.355366,0,0,0,0,0,0,0,0,0,0,0,0.01270596,992.749910459408,0.0126259165960173,1005.36375111171
9818,8990,254.8667,19341.4,8.49883,0.635733,-1.354453,0,0,0,0,0,0,0,0,0,0,0,0.01271466,992.977344338828,0.0126345074041826,1005.6027136598
9819,8990,254.9333,19345.49,8.50103,0.636145,-1.362845,0,0,0,0,0,0,0,0,0,0,0,0.0127229,993.187322796352,0.0126426439176576,1005.82354578556
9820,8990,255,19350.36,8.50321,0.636601,-1.362858,0,0,0,0,0,0,0,0,0,0,0,0.01273202,993.437346045286,0.0126516493019889,1006.08581020388
9821,8990,255.0667,19354.23,8.50543,0.637,-1.358949,0,0,0,0,0,0,0,0,0,0,0,0.01274,993.636029818052,0.0126595289467543,1006.29495283793
9822,8990,255.1333,19358.21,8.507669,0.637428,-1.356633,0,0,0,0,0,0,0,0,0,0,0,0.01274856,993.840360933197,0.012667981228509,1006.51039440498
9823,8990,255.2,19363.29,8.50987,0.63787,-1.352063,0,0,0,0,0,0,0,0,0,0,0,0.0127574,994.101165472127,0.0126767099117858,1006.78331168052
9824,8990,255.2667,19367.5,8.51217,0.638288,-1.355911,0,0,0,0,0,0,0,0,0,0,0,0.01276576,994.31730466679,0.0126849645693135,1007.01052074201
9825,8990,255.3333,19371.7,8.51437,0.638697,-1.365847,0,0,0,0,0,0,0,0,0,0,0,0.01277394,994.532930466692,0.0126930414290266,1007.2370344485
9826,8990,255.4,19376.84,8.51655,0.639138,-1.371132,0,0,0,0,0,0,0,0,0,0,0,0.01278276,994.796815374191,0.0127017501459931,1007.51306431388
9827,8990,255.4667,19380.8,8.518849,0.639591,-1.367342,0,0,0,0,0,0,0,0,0,0,0,0.01279182,995.000119699813,0.0127106957558852,1007.72798213099
9828,8990,255.5333,19384.79,8.521049,0.64001,-1.371563,0,0,0,0,0,0,0,0,0,0,0,0.0128002,995.20496420972,0.0127189698801091,1007.9437867926
9829,8990,255.6,19389.73,8.52317,0.640446,-1.364119,0,0,0,0,0,0,0,0,0,0,0,0.01280892,995.458581221985,0.0127275796359735,1008.20933055217
9830,8990,255.6667,19393.55,8.52543,0.640845,-1.347011,0,0,0,0,0,0,0,0,0,0,0,0.0128169,995.654698020944,0.0127354586824601,1008.41590472001
9831,8990,255.7333,19397.16,8.52765,0.641285,-1.351767,0,0,0,0,0,0,0,0,0,0,0,0.0128257,995.840033529907,0.0127441472833022,1008.61237904795
9832,8990,255.8,19402.08,8.52987,0.641733,-1.354241,0,0,0,0,0,0,0,0,0,0,0,0.01283466,996.092623752649,0.0127529937811426,1008.87713390702
9833,8990,255.8667,19406.54,8.532209,0.642181,-1.351457,0,0,0,0,0,0,0,0,0,0,0,0.01284362,996.321597816355,0.0127618402007231,1009.1179738165
9834,8990,255.9333,19410.88,8.53441,0.642616,-1.359465,0,0,0,0,0,0,0,0,0,0,0,0.01285232,996.54441114292,0.0127704298412789,1009.35231880914
9835,8990,256,19415.66,8.53657,0.643051,-1.354366,0,0,0,0,0,0,0,0,0,0,0,0.01286102,996.789813838999,0.0127790194080535,1009.60954757058
9836,8990,256.0667,19419.82,8.53889,0.643469,-1.354814,0,0,0,0,0,0,0,0,0,0,0,0.01286938,997.003386059854,0.012787273221098,1009.83420149634
9837,8990,256.1333,19423.9,8.54101,0.643921,-1.353752,0,0,0,0,0,0,0,0,0,0,0,0.01287842,997.212851122616,0.012796198320264,1010.05537704877
9838,8990,256.2,19428.26,8.54315,0.644354,-1.360075,0,0,0,0,0,0,0,0,0,0,0,0.01288708,997.436691238704,0.0128047481746278,1010.29073767363
9839,8990,256.2667,19432,8.545529,0.644789,-1.359672,0,0,0,0,0,0,0,0,0,0,0,0.01289578,997.62870087957,0.012813337446629,1010.4939011278
9840,8990,256.3333,19436.12,8.547689,0.645214,-1.354254,0,0,0,0,0,0,0,0,0,0,0,0.01290428,997.840219521378,0.0128217291928512,1010.71662910934
9841,8990,256.4,19440.93,8.54987,0.64568,-1.357351,0,0,0,0,0,0,0,0,0,0,0,0.0129136,998.087162401742,0.0128309304148288,1010.97606078213
9842,8990,256.4667,19445.13,8.55225,0.64612,-1.358201,0,0,0,0,0,0,0,0,0,0,0,0.0129224,998.302788201644,0.0128396181861981,1011.2032561519
9843,8990,256.5333,19449.53,8.55439,0.646558,-1.353591,0,0,0,0,0,0,0,0,0,0,0,0.01293116,998.528681896779,0.0128482663927349,1011.44081604698
9844,8990,256.6,19453.89,8.55655,0.647018,-1.365432,0,0,0,0,0,0,0,0,0,0,0,0.01294036,998.752522012868,0.0128573489035548,1011.67673919862
9845,8990,256.6667,19457.92,8.558889,0.647456,-1.361212,0,0,0,0,0,0,0,0,0,0,0,0.01294912,998.959420101821,0.0128659969567548,1011.89506550785
9846,8990,256.7333,19462.16,8.561009,0.647929,-1.363296,0,0,0,0,0,0,0,0,0,0,0,0.01295858,999.17709948077,0.0128753359804428,1012.12501585856
9847,8990,256.8,19466.22,8.56319,0.648362,-1.367777,0,0,0,0,0,0,0,0,0,0,0,0.01296724,999.385537754009,0.0128838851582208,1012.34480987459
9848,8990,256.8667,19470.2,8.56555,0.648779,-1.360108,0,0,0,0,0,0,0,0,0,0,0,0.01297558,999.589868869154,0.0128921183619595,1012.56012717986
9849,8990,256.9333,19474.57,8.56767,0.649222,-1.358979,0,0,0,0,0,0,0,0,0,0,0,0.01298444,999.814222380004,0.0129008648326822,1012.79625016164
9850,8990,257,19478.66,8.56991,0.649667,-1.358124,0,0,0,0,0,0,0,0,0,0,0,0.01299334,1000.02420083753,0.0129096507138382,1013.01785528724
9851,8990,257.0667,19482.78,8.572269,0.650123,-1.359347,0,0,0,0,0,0,0,0,0,0,0,0.01300246,1000.23571947934,0.0129186536940025,1013.24124441244
9852,8990,257.1333,19487.64,8.574349,0.650596,-1.362649,0,0,0,0,0,0,0,0,0,0,0,0.01301192,1000.48522933351,0.0129279922259433,1013.50346309878
9853,8990,257.2,19491.52,8.57659,0.651034,-1.365539,0,0,0,0,0,0,0,0,0,0,0,0.01302068,1000.68442650104,0.01293663966824,1013.71401819949
9854,8990,257.2667,19495.49,8.57895,0.651469,-1.366012,0,0,0,0,0,0,0,0,0,0,0,0.01302938,1000.88824422142,0.0129452278074692,1013.92919749291
9855,8990,257.3333,19500.45,8.58103,0.65196,-1.369511,0,0,0,0,0,0,0,0,0,0,0,0.0130392,1001.14288802321,0.0129549214576218,1014.19699036872
9856,8990,257.4,19504.21,8.58317,0.65238,-1.363623,0,0,0,0,0,0,0,0,0,0,0,0.0130476,1001.3359244536,0.012963213303756,1014.4009550615
9857,8990,257.4667,19507.57,8.585549,0.652828,-1.355157,0,0,0,0,0,0,0,0,0,0,0,0.01305656,1001.50842509352,0.0129720578638503,1014.58467993626
9858,8990,257.5333,19512.38,8.587709,0.653321,-1.361672,0,0,0,0,0,0,0,0,0,0,0,0.01306642,1001.75536797388,0.0129817907380117,1014.84472434908
9859,8990,257.6,19516.6,8.589869,0.653764,-1.355389,0,0,0,0,0,0,0,0,0,0,0,0.01307528,1001.97202056331,0.0129905364244562,1015.07308528434
9860,8990,257.6667,19520.29,8.59225,0.654214,-1.355587,0,0,0,0,0,0,0,0,0,0,0,0.01308428,1002.16146323037,0.0129994202262827,1015.27402442048
9861,8990,257.7333,19525.29,8.59445,0.654705,-1.360021,0,0,0,0,0,0,0,0,0,0,0,0.0130941,1002.4181606112,0.01300911335113,1015.54392424806
9862,8990,257.8,19529.52,8.59659,0.655169,-1.355576,0,0,0,0,0,0,0,0,0,0,0,0.01310338,1002.63532659539,0.0130182733664707,1015.77323828119
9863,8990,257.8667,19533.03,8.598929,0.655616,-1.362049,0,0,0,0,0,0,0,0,0,0,0,0.01311232,1002.81552815673,0.0130270976984509,1015.96476626289
9864,8990,257.9333,19537.65,8.601069,0.656085,-1.358043,0,0,0,0,0,0,0,0,0,0,0,0.0131217,1003.05271653663,0.0130363562538866,1016.21447336721
9865,8990,258,19541.36,8.603169,0.656545,-1.352382,0,0,0,0,0,0,0,0,0,0,0,0.0131309,1003.24318599321,0.0130454370565467,1016.41667194416
9866,8990,258.0667,19544.36,8.60557,0.656983,-1.350645,0,0,0,0,0,0,0,0,0,0,0,0.01313966,1003.39720442171,0.0130540834833103,1016.58150253276
9867,8990,258.1333,19549.04,8.60775,0.657499,-1.360973,0,0,0,0,0,0,0,0,0,0,0,0.01314998,1003.63747317017,0.0130642695887873,1016.83528586961
9868,8990,258.2,19553.17,8.60991,0.657955,-1.365131,0,0,0,0,0,0,0,0,0,0,0,0.0131591,1003.84950520674,0.0130732711770348,1017.05926123071
9869,8990,258.2667,19556.54,8.612289,0.658395,-1.370916,0,0,0,0,0,0,0,0,0,0,0,0.0131679,1004.02251924142,0.0130819568432674,1017.24338737254
9870,8990,258.3333,19561.59,8.61447,0.658871,-1.366234,0,0,0,0,0,0,0,0,0,0,0,0.01317742,1004.28178359607,0.013091353069968,1017.51562645686
9871,8990,258.4,19565.73,8.61663,0.659365,-1.367036,0,0,0,0,0,0,0,0,0,0,0,0.0131873,1004.4943290274,0.0131011045228061,1017.74089709258
9872,8990,258.4667,19568.97,8.61893,0.65982,-1.365223,0,0,0,0,0,0,0,0,0,0,0,0.0131964,1004.66066893018,0.0131100860399788,1017.91857298165
9873,8990,258.5333,19573.47,8.62109,0.660306,-1.36155,0,0,0,0,0,0,0,0,0,0,0,0.01320612,1004.89169657293,0.0131196793955971,1018.16241690488
9874,8990,258.6,19577.26,8.62319,0.660774,-1.355761,0,0,0,0,0,0,0,0,0,0,0,0.01321548,1005.08627318761,0.0131289173547662,1018.36897072919
9875,8990,258.6667,19580.11,8.625549,0.661215,-1.349877,0,0,0,0,0,0,0,0,0,0,0,0.0132243,1005.23259069468,0.0131376222766565,1018.52608804381
9876,8990,258.7333,19584.62,8.627789,0.66169,-1.352411,0,0,0,0,0,0,0,0,0,0,0,0.0132338,1005.4641317322,0.0131469982415482,1018.77024295871
9877,8990,258.8,19589.01,8.62999,0.662179,-1.349825,0,0,0,0,0,0,0,0,0,0,0,0.01324358,1005.68951203257,0.0131566504588357,1019.00844154033
9878,8990,258.8667,19592.53,8.63225,0.662624,-1.349184,0,0,0,0,0,0,0,0,0,0,0,0.01325248,1005.87022698868,0.0131654340929871,1019.20050205444
9879,8990,258.9333,19596.93,8.63447,0.66312,-1.350974,0,0,0,0,0,0,0,0,0,0,0,0.0132624,1006.09612068381,0.0131752242999062,1019.43936987477
9880,8990,259,19600.93,8.63669,0.663599,-1.347858,0,0,0,0,0,0,0,0,0,0,0,0.01327198,1006.30147858848,0.0131846788644029,1019.65709168628
9881,8990,259.0667,19604.32,8.63887,0.664087,-1.346287,0,0,0,0,0,0,0,0,0,0,0,0.01328174,1006.47551941269,0.0131943109801507,1019.84326557789
9882,8990,259.1333,19608.14,8.641069,0.664563,-1.349213,0,0,0,0,0,0,0,0,0,0,0,0.01329126,1006.67163621165,0.0132037061512103,1020.05157066316
9883,8990,259.2,19611.74,8.64335,0.665024,-1.352612,0,0,0,0,0,0,0,0,0,0,0,0.01330048,1006.85645832585,0.0132128051718154,1020.24813251268
9884,8990,259.2667,19615.2,8.64551,0.665475,-1.350432,0,0,0,0,0,0,0,0,0,0,0,0.0133095,1007.03409291339,0.0132217067365853,1020.43721317302
9885,8990,259.3333,19619.26,8.64775,0.665968,-1.354162,0,0,0,0,0,0,0,0,0,0,0,0.01331936,1007.24253118663,0.0132314371812607,1020.65835706681
9886,8990,259.4,19622.96,8.65009,0.666439,-1.354406,0,0,0,0,0,0,0,0,0,0,0,0.01332878,1007.43248724844,0.0132407333188725,1020.86033323583
9887,8990,259.4667,19626.8,8.65221,0.666926,-1.355599,0,0,0,0,0,0,0,0,0,0,0,0.01333852,1007.62963083693,0.0132503451579742,1021.06991882044
9888,8990,259.5333,19630.8,8.654429,0.667417,-1.351071,0,0,0,0,0,0,0,0,0,0,0,0.01334834,1007.83498874159,0.0132600358508917,1021.28791283521
9889,8990,259.6,19634.55,8.65675,0.667888,-1.350953,0,0,0,0,0,0,0,0,0,0,0,0.01335776,1008.02751177722,0.0132693317226515,1021.49250135294
9890,8990,259.6667,19638.38,8.65884,0.668387,-1.351036,0,0,0,0,0,0,0,0,0,0,0,0.01336774,1008.22414197094,0.0132791801209669,1021.70182016253
9891,8990,259.7333,19642.14,8.661079,0.668899,-1.346324,0,0,0,0,0,0,0,0,0,0,0,0.01337798,1008.41717840133,0.0132892849899685,1021.90776324564
9892,8990,259.8,19645.77,8.66341,0.66938,-1.343978,0,0,0,0,0,0,0,0,0,0,0,0.0133876,1008.60354069982,0.0132987779477085,1022.10632146129
9893,8990,259.8667,19649.8,8.6655,0.669869,-1.347671,0,0,0,0,0,0,0,0,0,0,0,0.01339738,1008.81043878877,0.0133084287001037,1022.32585558519
9894,8990,259.9333,19653.64,8.66776,0.67036,-1.353618,0,0,0,0,0,0,0,0,0,0,0,0.0134072,1009.00758237725,0.0133181188301706,1022.5355488357
9895,8990,260,19657.27,8.67015,0.670861,-1.346302,0,0,0,0,0,0,0,0,0,0,0,0.01341722,1009.19394467574,0.0133280062184427,1022.73452185412
9896,8990,260.0667,19661.67,8.6722,0.671355,-1.347499,0,0,0,0,0,0,0,0,0,0,0,0.0134271,1009.41983837087,0.0133377553638532,1022.97341948266
9897,8990,260.1333,19665.29,8.674439,0.671852,-1.350633,0,0,0,0,0,0,0,0,0,0,0,0.01343704,1009.6056872746,0.0133475636186877,1023.17179927873
9898,8990,260.2,19668.45,8.676809,0.672336,-1.345227,0,0,0,0,0,0,0,0,0,0,0,0.01344672,1009.76792001929,0.0133571152271135,1023.34598650477
9899,8990,260.2667,19672.7,8.67888,0.67284,-1.349288,0,0,0,0,0,0,0,0,0,0,0,0.0134568,1009.986112793,0.0133670614331373,1023.57729391563
9900,8990,260.3333,19676.18,8.681,0.673334,-1.354644,0,0,0,0,0,0,0,0,0,0,0,0.01346668,1010.16477417006,0.0133768101978023,1023.76833993108
9901,8990,260.4,19678.91,8.6834,0.673789,-1.346954,0,0,0,0,0,0,0,0,0,0,0,0.01347578,1010.30493093999,0.0133857892390722,1023.91957792226
9902,8990,260.4667,19682.91,8.68556,0.674268,-1.343691,0,0,0,0,0,0,0,0,0,0,0,0.01348536,1010.51028884466,0.0133952418129879,1024.13738387344
9903,8990,260.5333,19686.94,8.68768,0.6748,-1.349741,0,0,0,0,0,0,0,0,0,0,0,0.013496,1010.71718693362,0.0134057401828397,1024.35782608847
9904,8990,260.6,19690.13,8.69013,0.675307,-1.358004,0,0,0,0,0,0,0,0,0,0,0,0.01350614,1010.88095986259,0.0134157451056763,1024.53405962983
9905,8990,260.6667,19694.36,8.6923,0.675823,-1.357825,0,0,0,0,0,0,0,0,0,0,0,0.01351646,1011.09812584678,0.0134259275279147,1024.76459322086
9906,8990,260.7333,19698.33,8.6944,0.676312,-1.362806,0,0,0,0,0,0,0,0,0,0,0,0.01352624,1011.30194356716,0.0134355770533048,1024.98105636832
9907,8990,260.8,19701.46,8.69679,0.676814,-1.354661,0,0,0,0,0,0,0,0,0,0,0,0.01353628,1011.46263612756,0.0134454830131862,1025.15407757972
9908,8990,260.8667,19705.44,8.698939,0.677336,-1.352658,0,0,0,0,0,0,0,0,0,0,0,0.01354672,1011.66696724271,0.0134557835287545,1025.37173638119
9909,8990,260.9333,19708.91,8.701,0.677845,-1.355571,0,0,0,0,0,0,0,0,0,0,0,0.0135569,1011.84511522501,0.0134658274159044,1025.5625982676
9910,8990,261,19711.49,8.70342,0.678318,-1.353922,0,0,0,0,0,0,0,0,0,0,0,0.01356636,1011.97757107352,0.0134751608394675,1025.70642311463
9911,8990,261.0667,19715.33,8.7056,0.678835,-1.3616,0,0,0,0,0,0,0,0,0,0,0,0.0135767,1012.174714662,0.0134853623888343,1025.91670711055
9912,8990,261.1333,19719.06,8.70774,0.679362,-1.364706,0,0,0,0,0,0,0,0,0,0,0,0.01358724,1012.3662109081,0.0134957611531298,1026.1214735836
9913,8990,261.2,19722.15,8.71016,0.679833,-1.362549,0,0,0,0,0,0,0,0,0,0,0,0.01359666,1012.52484988946,0.0135050548338855,1026.29180601496
9914,8990,261.2667,19726.37,8.712339,0.680363,-1.361141,0,0,0,0,0,0,0,0,0,0,0,0.01360726,1012.74150247889,0.0135155125879333,1026.52213941591
9915,8990,261.3333,19729.98,8.714439,0.68089,-1.355155,0,0,0,0,0,0,0,0,0,0,0,0.0136178,1012.92683798785,0.0135259110387104,1026.7206730822
9916,8990,261.4,19732.78,8.71678,0.681394,-1.351524,0,0,0,0,0,0,0,0,0,0,0,0.01362788,1013.07058852112,0.0135358555660063,1026.87659293301
9917,8990,261.4667,19736.54,8.71894,0.6819,-1.346928,0,0,0,0,0,0,0,0,0,0,0,0.013638,1013.26362495151,0.01354583945623,1027.08251426859
9918,8990,261.5333,19739.9,8.72102,0.682412,-1.348927,0,0,0,0,0,0,0,0,0,0,0,0.01364824,1013.43612559143,0.0135559416310467,1027.26774505817
9919,8990,261.6,19742.54,8.72338,0.682893,-1.361082,0,0,0,0,0,0,0,0,0,0,0,0.01365786,1013.57166180851,0.0135654320577761,1027.41488166546
9920,8990,261.6667,19746.4,8.725639,0.683418,-1.360806,0,0,0,0,0,0,0,0,0,0,0,0.01366836,1013.76983218651,0.0135757905288466,1027.62640320998
9921,8990,261.7333,19750.37,8.727799,0.68396,-1.364908,0,0,0,0,0,0,0,0,0,0,0,0.0136792,1013.9736499069,0.0135864843045108,1027.8439982587
9922,8990,261.8,19753.56,8.73006,0.684489,-1.36414,0,0,0,0,0,0,0,0,0,0,0,0.01368978,1014.13742283587,0.0135969214771267,1028.02074104426
9923,8990,261.8667,19757.44,8.73232,0.684998,-1.359401,0,0,0,0,0,0,0,0,0,0,0,0.01369996,1014.3366200034,0.0136069639468101,1028.23299112398
9924,8990,261.9333,19760.96,8.73452,0.685508,-1.35321,0,0,0,0,0,0,0,0,0,0,0,0.01371016,1014.51733495951,0.0136170260451486,1028.42652994458
9925,8990,262,19764.31,8.73674,0.686055,-1.362964,0,0,0,0,0,0,0,0,0,0,0,0.0137211,1014.68932220467,0.0136278180263278,1028.61197586357
9926,8990,262.0667,19768.02,8.73894,0.686569,-1.359029,0,0,0,0,0,0,0,0,0,0,0,0.01373138,1014.87979166125,0.0136379588312065,1028.81549173487
9927,8990,262.1333,19771.02,8.741159,0.687056,-1.359855,0,0,0,0,0,0,0,0,0,0,0,0.01374112,1015.03381008975,0.0136475668530169,1028.98151147825
9928,8990,262.2,19774.04,8.74336,0.687598,-1.35368,0,0,0,0,0,0,0,0,0,0,0,0.01375196,1015.18885530777,0.013658259861153,1029.14969183841
9929,8990,262.2667,19777.86,8.74564,0.68813,-1.352617,0,0,0,0,0,0,0,0,0,0,0,0.0137626,1015.38497210673,0.0136687554701217,1029.35930932385
9930,8990,262.3333,19781.05,8.7479,0.688659,-1.350864,0,0,0,0,0,0,0,0,0,0,0,0.01377318,1015.5487450357,0.013679191784099,1029.53608069986
9931,8990,262.4,19784.41,8.75006,0.689209,-1.346191,0,0,0,0,0,0,0,0,0,0,0,0.01378418,1015.72124567563,0.0136900422786074,1029.72213015584
9932,8990,262.4667,19788.13,8.752319,0.689736,-1.3482,0,0,0,0,0,0,0,0,0,0,0,0.01379472,1015.91222852697,0.0137004389147137,1029.92645326407
9933,8990,262.5333,19791.21,8.75458,0.690233,-1.352249,0,0,0,0,0,0,0,0,0,0,0,0.01380466,1016.07035411356,0.013710243612918,1030.09685988818
9934,8990,262.6,19794.47,8.75668,0.690775,-1.346411,0,0,0,0,0,0,0,0,0,0,0,0.0138155,1016.23772080587,0.0137209359508755,1030.27755303766
9935,8990,262.6667,19797.87,8.75894,0.691343,-1.347787,0,0,0,0,0,0,0,0,0,0,0,0.01382686,1016.41227502484,0.0137321410827314,1030.46606525389
9936,8990,262.7333,19800.74,8.76122,0.691872,-1.355335,0,0,0,0,0,0,0,0,0,0,0,0.01383744,1016.55961932144,0.013742576735221,1030.62620206022
9937,8990,262.8,19804.13,8.76332,0.692389,-1.35886,0,0,0,0,0,0,0,0,0,0,0,0.01384778,1016.73366014564,0.01375277555691,1030.81316418993
9938,8990,262.8667,19807.61,8.76558,0.692957,-1.35463,0,0,0,0,0,0,0,0,0,0,0,0.01385914,1016.9123215227,0.0137639803320065,1031.00585175441
9939,8990,262.9333,19810.64,8.76798,0.693474,-1.353653,0,0,0,0,0,0,0,0,0,0,0,0.01386948,1017.06788013549,0.0137741789354075,1031.17408275767
9940,8990,263,19814.4,8.77004,0.694011,-1.361275,0,0,0,0,0,0,0,0,0,0,0,0.01388022,1017.26091656588,0.013784771958797,1031.38072188521
9941,8990,263.0667,19817.91,8.77226,0.694566,-1.358315,0,0,0,0,0,0,0,0,0,0,0,0.01389132,1017.44111812722,0.0137957199376802,1031.57471828029
9942,8990,263.1333,19820.45,8.77468,0.69509,-1.350614,0,0,0,0,0,0,0,0,0,0,0,0.0139018,1017.57152039669,0.0138060562978313,1031.71759615894
9943,8990,263.2,19824.24,8.77674,0.69566,-1.348957,0,0,0,0,0,0,0,0,0,0,0,0.0139132,1017.76609701136,0.0138172999270579,1031.9264802723
9944,8990,263.2667,19827.81,8.77886,0.696213,-1.341808,0,0,0,0,0,0,0,0,0,0,0,0.01392426,1017.94937894128,0.0138282080991559,1032.1235707605
9945,8990,263.3333,19830.06,8.78128,0.696727,-1.350486,0,0,0,0,0,0,0,0,0,0,0,0.01393454,1018.06489276266,0.0138383468721316,1032.25115873345
9946,8990,263.4,19833.3,8.7834,0.697285,-1.356138,0,0,0,0,0,0,0,0,0,0,0,0.0139457,1018.23123266544,0.0138493534392652,1032.43117996682
9947,8990,263.4667,19837.03,8.78554,0.69784,-1.345038,0,0,0,0,0,0,0,0,0,0,0,0.0139568,1018.42272891154,0.0138603007111386,1032.63665125441
9948,8990,263.5333,19839.44,8.78802,0.698359,-1.343057,0,0,0,0,0,0,0,0,0,0,0,0.01396718,1018.5464570491,0.0138705377812679,1032.77267875307
9949,8990,263.6,19842.87,8.79016,0.698924,-1.346917,0,0,0,0,0,0,0,0,0,0,0,0.01397848,1018.72255145236,0.0138816820640985,1032.96274426338
9950,8990,263.6667,19846.68,8.79224,0.699505,-1.344919,0,0,0,0,0,0,0,0,0,0,0,0.0139901,1018.91815485655,0.0138931418077205,1033.17292173481
9951,8990,263.7333,19849.19,8.7947,0.700039,-1.34354,0,0,0,0,0,0,0,0,0,0,0,0.01400078,1019.04701694173,0.0139036743994647,1033.31447003559
9952,8990,263.8,19852.53,8.7968,0.70062,-1.340303,0,0,0,0,0,0,0,0,0,0,0,0.0140124,1019.21849079213,0.0139151338910644,1033.50018797251
9953,8990,263.8667,19856.02,8.79882,0.701177,-1.349751,0,0,0,0,0,0,0,0,0,0,0,0.01402354,1019.39766556395,0.0139261198896657,1033.6932295029
9954,8990,263.9333,19858.09,8.80128,0.701691,-1.352234,0,0,0,0,0,0,0,0,0,0,0,0.01403382,1019.50393827962,0.0139362576699899,1033.81147303873
9955,8990,264,19861.27,8.80344,0.702249,-1.34945,0,0,0,0,0,0,0,0,0,0,0,0.01404498,1019.66719781383,0.0139472631595202,1033.98840321378
9956,8990,264.0667,19865.16,8.80552,0.702817,-1.349517,0,0,0,0,0,0,0,0,0,0,0,0.01405634,1019.86690837612,0.013958465755651,1034.20250439501
9957,8990,264.1333,19867.78,8.80802,0.70339,-1.351626,0,0,0,0,0,0,0,0,0,0,0,0.0140678,1020.00141780368,0.0139697668390257,1034.35059374906
9958,8990,264.2,19871.31,8.8102,0.703957,-1.359043,0,0,0,0,0,0,0,0,0,0,0,0.01407914,1020.18264615455,0.0139809494607346,1034.54594045533
9959,8990,264.2667,19875.02,8.81224,0.70455,-1.356801,0,0,0,0,0,0,0,0,0,0,0,0.014091,1020.37311561113,0.01399264473202,1034.75119318321
9960,8990,264.3333,19877.28,8.81468,0.705113,-1.356995,0,0,0,0,0,0,0,0,0,0,0,0.01410226,1020.48914282727,0.0140037482103938,1034.88034604659
9961,8990,264.4,19880.4,8.81684,0.705688,-1.355641,0,0,0,0,0,0,0,0,0,0,0,0.01411376,1020.64932199291,0.0140150882253496,1035.05452156768
9962,8990,264.4667,19883.62,8.81885,0.706249,-1.349967,0,0,0,0,0,0,0,0,0,0,0,0.01412498,1020.81463510617,0.0140261520116572,1035.23362141075
9963,8990,264.5333,19885.46,8.821259,0.706793,-1.350378,0,0,0,0,0,0,0,0,0,0,0,0.01413586,1020.90909974231,0.0140368804148148,1035.340527849
9964,8990,264.6,19888.29,8.82354,0.707366,-1.355268,0,0,0,0,0,0,0,0,0,0,0,0.01414732,1021.05439045987,0.0140481806120584,1035.49957365911
9965,8990,264.6667,19892.12,8.8256,0.707969,-1.355083,0,0,0,0,0,0,0,0,0,0,0,0.01415938,1021.25102065359,0.0140600723047695,1035.71130193041
9966,8990,264.7333,19894.79,8.82794,0.708509,-1.366924,0,0,0,0,0,0,0,0,0,0,0,0.01417018,1021.38809705495,0.0140707214618031,1035.86135024008
9967,8990,264.8,19897.7,8.83022,0.709062,-1.368251,0,0,0,0,0,0,0,0,0,0,0,0.01418124,1021.5374949306,0.0140816268699007,1036.02416331521
9968,8990,264.8667,19901.02,8.83232,0.70965,-1.362912,0,0,0,0,0,0,0,0,0,0,0,0.014193,1021.70794199147,0.0140932223632451,1036.20904281216
9969,8990,264.9333,19903.72,8.834559,0.710243,-1.364716,0,0,0,0,0,0,0,0,0,0,0,0.01420486,1021.84655857713,0.0141049163215499,1036.3617458832
9970,8990,265,19906.48,8.83682,0.710816,-1.362164,0,0,0,0,0,0,0,0,0,0,0,0.01421632,1021.98825553135,0.0141162157500051,1036.51716760822
9971,8990,265.0667,19909.28,8.83894,0.711406,-1.354355,0,0,0,0,0,0,0,0,0,0,0,0.01422812,1022.13200606461,0.0141278502811438,1036.67502290274
9972,8990,265.1333,19911.96,8.84122,0.711992,-1.343488,0,0,0,0,0,0,0,0,0,0,0,0.01423984,1022.26959586074,0.0141394058001178,1036.82655134266
9973,8990,265.2,19915.24,8.8435,0.71259,-1.341963,0,0,0,0,0,0,0,0,0,0,0,0.0142518,1022.43798934257,0.0141511978132219,1037.00957107908
9974,8990,265.2667,19918.28,8.84568,0.713211,-1.346641,0,0,0,0,0,0,0,0,0,0,0,0.01426422,1022.59406135012,0.0141634432181167,1037.18056801191
9975,8990,265.3333,19921.29,8.847919,0.713784,-1.351537,0,0,0,0,0,0,0,0,0,0,0,0.01427568,1022.74859317338,0.0141747419852742,1037.34902480998
9976,8990,265.4,19924.46,8.8502,0.714365,-1.360952,0,0,0,0,0,0,0,0,0,0,0,0.0142873,1022.91133931283,0.0141861983710159,1037.525980491
9977,8990,265.4667,19927.1,8.85238,0.714953,-1.364464,0,0,0,0,0,0,0,0,0,0,0,0.01429906,1023.04687552991,0.0141977926518728,1037.67548418593
9978,8990,265.5333,19929.71,8.85456,0.715543,-1.363616,0,0,0,0,0,0,0,0,0,0,0,0.01431086,1023.18087156271,0.0142094262339468,1037.82346977032
9979,8990,265.6,19932.5,8.85684,0.716144,-1.354044,0,0,0,0,0,0,0,0,0,0,0,0.01432288,1023.32410870122,0.0142212765741665,1037.98105711125
9980,8990,265.6667,19934.69,8.859039,0.716717,-1.352301,0,0,0,0,0,0,0,0,0,0,0,0.01433434,1023.43654215402,0.0142325746879013,1038.10682951768
9981,8990,265.7333,19937.29,8.86123,0.71731,-1.349681,0,0,0,0,0,0,0,0,0,0,0,0.0143462,1023.57002479206,0.0142442670167489,1038.25436508173
9982,8990,265.8,19940.22,8.8635,0.717913,-1.344475,0,0,0,0,0,0,0,0,0,0,0,0.01435826,1023.72044945723,0.0142561563779032,1038.41929383785
9983,8990,265.8667,19942.51,8.86578,0.718532,-1.341856,0,0,0,0,0,0,0,0,0,0,0,0.01437064,1023.83801685765,0.0142683610642959,1038.55122441622
9984,8990,265.9333,19945.43,8.867909,0.71913,-1.339607,0,0,0,0,0,0,0,0,0,0,0,0.0143826,1023.98792812806,0.0142801515568647,1038.71553690315
9985,8990,266,19948.34,8.87014,0.719741,-1.345502,0,0,0,0,0,0,0,0,0,0,0,0.01439482,1024.1373260037,0.0142921982209093,1038.87959846681
9986,8990,266.0667,19950.38,8.872479,0.720329,-1.344535,0,0,0,0,0,0,0,0,0,0,0,0.01440658,1024.24205853508,0.0143037912728465,1038.99788369073
9987,8990,266.1333,19953.48,8.874579,0.720943,-1.346452,0,0,0,0,0,0,0,0,0,0,0,0.01441886,1024.4012109112,0.0143158967992836,1039.17190855516
9988,8990,266.2,19956.68,8.87675,0.721557,-1.352666,0,0,0,0,0,0,0,0,0,0,0,0.01443114,1024.56549723494,0.0143280021791787,1039.3511453647
9989,8990,266.2667,19958.49,8.87908,0.722152,-1.350254,0,0,0,0,0,0,0,0,0,0,0,0.01444304,1024.6584216868,0.0143397328228209,1039.45760425756
9990,8990,266.3333,19960.89,8.881249,0.72274,-1.357,0,0,0,0,0,0,0,0,0,0,0,0.0144548,1024.7816364296,0.0143513253237032,1039.59465002786
9991,8990,266.4,19964.04,8.88343,0.723382,-1.358893,0,0,0,0,0,0,0,0,0,0,0,0.01446764,1024.94335577953,0.0143639822885501,1039.77186727134
9992,8990,266.4667,19966.1,8.885799,0.72399,-1.353214,0,0,0,0,0,0,0,0,0,0,0,0.0144798,1025.04911510043,0.0143759687991521,1039.89162127726
9993,8990,266.5333,19968.71,8.88797,0.724589,-1.348846,0,0,0,0,0,0,0,0,0,0,0,0.01449178,1025.18311113323,0.0143877777373533,1040.03983923949
9994,8990,266.6,19972.04,8.89015,0.725228,-1.357181,0,0,0,0,0,0,0,0,0,0,0,0.01450456,1025.35407158886,0.0144003750986677,1040.22638124147
9995,8990,266.6667,19974.19,8.89254,0.725856,-1.354434,0,0,0,0,0,0,0,0,0,0,0,0.01451712,1025.46445146262,0.0144127554493795,1040.35124196024
9996,8990,266.7333,19976.5,8.894629,0.726452,-1.351774,0,0,0,0,0,0,0,0,0,0,0,0.01452904,1025.58304565257,0.0144245048124399,1040.48378274618
9997,8990,266.8,19979.15,8.896729,0.727058,-1.357872,0,0,0,0,0,0,0,0,0,0,0,0.01454116,1025.71909526441,0.0144364511709249,1040.63424074371
9998,8990,266.8667,19980.7,8.899119,0.727649,-1.36346,0,0,0,0,0,0,0,0,0,0,0,0.01455298,1025.79867145247,0.0144481016900083,1040.72709900215
9999,8990,266.9333,19982.81,8.90127,0.72828,-1.363868,0,0,0,0,0,0,0,0,0,0,0,0.0145656,1025.90699774718,0.0144605405884785,1040.84994871357
10000,8990,267,19985.84,8.90341,0.72895,-1.366892,0,0,0,0,0,0,0,0,0,0,0,0.014579,1026.06255635997,0.0144737481243042,1041.02152236914
10001,8990,267.0667,19987.92,8.90586,0.729538,-1.368187,0,0,0,0,0,0,0,0,0,0,0,0.01459076,1026.1693424704,0.0144853390717271,1041.14193306574
10002,8990,267.1333,19990.69,8.90803,0.730136,-1.364463,0,0,0,0,0,0,0,0,0,0,0,0.01460272,1026.31155281938,0.0144971270063111,1041.29849305797
10003,8990,267.2,19993.96,8.91013,0.730821,-1.365317,0,0,0,0,0,0,0,0,0,0,0,0.01461642,1026.47943290645,0.014510629737219,1041.48288741917
10004,8990,267.2667,19995.94,8.91249,0.731437,-1.353734,0,0,0,0,0,0,0,0,0,0,0,0.01462874,1026.58108506926,0.0145227721833294,1041.59867285165
10005,8990,267.3333,19998.21,8.91463,0.732048,-1.353719,0,0,0,0,0,0,0,0,0,0,0,0.01464096,1026.69762568016,0.014534815924977,1041.72946454984
10006,8990,267.4,20000.73,8.91671,0.732728,-1.354994,0,0,0,0,0,0,0,0,0,0,0,0.01465456,1026.8270011601,0.0145482195912901,1041.87469905822
10007,8990,267.4667,20002.31,8.919089,0.733331,-1.355811,0,0,0,0,0,0,0,0,0,0,0,0.01466662,1026.90811753244,0.0145601053392131,1041.96938866721
10008,8990,267.5333,20004.32,8.921329,0.73396,-1.354569,0,0,0,0,0,0,0,0,0,0,0,0.0146792,1027.01130987954,0.0145725034232421,1042.08701429952
10009,8990,267.6,20007.29,8.92347,0.734612,-1.355601,0,0,0,0,0,0,0,0,0,0,0,0.01469224,1027.16378812376,0.0145853546930916,1042.25512501818
10010,8990,267.6667,20009.57,8.92583,0.735207,-1.363178,0,0,0,0,0,0,0,0,0,0,0,0.01470414,1027.28084212942,0.0145970823182293,1042.3861234514
10011,8990,267.7333,20011.84,8.92803,0.735839,-1.364162,0,0,0,0,0,0,0,0,0,0,0,0.01471678,1027.39738274032,0.0146095390736274,1042.51736399468
10012,8990,267.8,20014,8.93017,0.736495,-1.355356,0,0,0,0,0,0,0,0,0,0,0,0.0147299,1027.50827600884,0.0146224687062504,1042.64337016362
10013,8990,267.8667,20015.96,8.932469,0.737124,-1.352296,0,0,0,0,0,0,0,0,0,0,0,0.01474248,1027.60890138212,0.014634866017122,1042.75840505857
10014,8990,267.9333,20018.19,8.934649,0.737801,-1.36195,0,0,0,0,0,0,0,0,0,0,0,0.01475602,1027.72338841398,0.0146482092149616,1042.88849528788
10015,8990,268,20020.03,8.936749,0.738435,-1.37291,0,0,0,0,0,0,0,0,0,0,0,0.0147687,1027.81785305012,0.0146607047513551,1042.99738657647
10016,8990,268.0667,20021.78,8.93913,0.739044,-1.376898,0,0,0,0,0,0,0,0,0,0,0,0.01478088,1027.90769713342,0.0146727074145273,1043.10107745582
10017,8990,268.1333,20024.23,8.94135,0.739718,-1.36821,0,0,0,0,0,0,0,0,0,0,0,0.01479436,1028.03347885003,0.0146859909821769,1043.24257622819
10018,8990,268.2,20026.6,8.94349,0.740365,-1.364364,0,0,0,0,0,0,0,0,0,0,0,0.0148073,1028.15515340854,0.0146987422527884,1043.37935521161
10019,8990,268.2667,20028.77,8.945809,0.741017,-1.361822,0,0,0,0,0,0,0,0,0,0,0,0.01482034,1028.26656007182,0.0147115919004215,1043.50582010272
10020,8990,268.3333,20031.37,8.94805,0.741714,-1.359465,0,0,0,0,0,0,0,0,0,0,0,0.01483428,1028.40004270986,0.0147253282276399,1043.65561689543
10021,8990,268.4,20033.35,8.95019,0.742346,-1.360434,0,0,0,0,0,0,0,0,0,0,0,0.01484692,1028.50169487267,0.0147377833856225,1043.77177725631
10022,8990,268.4667,20035.36,8.95245,0.742998,-1.366994,0,0,0,0,0,0,0,0,0,0,0,0.01485996,1028.60488721977,0.0147506325316036,1043.88991469966
10023,8990,268.5333,20037.63,8.95465,0.743667,-1.374114,0,0,0,0,0,0,0,0,0,0,0,0.01487334,1028.72142783067,0.0147638165297184,1044.02195139208
10024,8990,268.6,20039.3,8.95681,0.744316,-1.360947,0,0,0,0,0,0,0,0,0,0,0,0.01488632,1028.80716475586,0.0147766062212823,1044.12231742871
10025,8990,268.6667,20041.09,8.95909,0.744978,-1.345846,0,0,0,0,0,0,0,0,0,0,0,0.01489956,1028.8990624182,0.0147896519322911,1044.22920573265
10026,8990,268.7333,20043.51,8.961329,0.745635,-1.342529,0,0,0,0,0,0,0,0,0,0,0,0.0149127,1029.02330395053,0.0148025989424745,1044.36881977535
10027,8990,268.8,20045.21,8.96359,0.746289,-1.352764,0,0,0,0,0,0,0,0,0,0,0,0.01492578,1029.11058106001,0.0148154866674132,1044.47085918859
10028,8990,268.8667,20047.21,8.96579,0.746944,-1.358789,0,0,0,0,0,0,0,0,0,0,0,0.01493888,1029.21326001235,0.0148283939318811,1044.58855339808
10029,8990,268.9333,20049.61,8.96801,0.747636,-1.364939,0,0,0,0,0,0,0,0,0,0,0,0.01495272,1029.33647475515,0.0148420301280208,1044.72785484795
10030,8990,269,20050.83,8.97029,0.748298,-1.363982,0,0,0,0,0,0,0,0,0,0,0,0.01496596,1029.39910891607,0.014855074985562,1044.80505480415
10031,8990,269.0667,20052.81,8.972489,0.748955,-1.360168,0,0,0,0,0,0,0,0,0,0,0,0.0149791,1029.50076107888,0.0148680211487454,1044.92175592916
10032,8990,269.1333,20055.34,8.974609,0.749647,-1.363478,0,0,0,0,0,0,0,0,0,0,0,0.01499294,1029.63064995359,0.0148816568045352,1045.0678405105
10033,8990,269.2,20056.28,8.97687,0.750312,-1.367365,0,0,0,0,0,0,0,0,0,0,0,0.01500624,1029.67890906118,0.0148947602581043,1045.13051789349
10034,8990,269.2667,20057.76,8.97911,0.750966,-1.364662,0,0,0,0,0,0,0,0,0,0,0,0.01501932,1029.75489148591,0.0149076467953558,1045.2211097227
10035,8990,269.3333,20060.62,8.98127,0.751663,-1.358705,0,0,0,0,0,0,0,0,0,0,0,0.01503326,1029.90172238775,0.0149213804297824,1045.38450275485
10036,8990,269.4,20062.18,8.98359,0.752313,-1.353297,0,0,0,0,0,0,0,0,0,0,0,0.01504626,1029.98181197057,0.01493418780986,1045.47918610875
10037,8990,269.4667,20063.82,8.985829,0.753013,-1.368535,0,0,0,0,0,0,0,0,0,0,0,0.01506026,1030.06600871148,0.0149479801895823,1045.57907061984
10038,8990,269.5333,20066.88,8.988009,0.753723,-1.366661,0,0,0,0,0,0,0,0,0,0,0,0.01507446,1030.22310750855,0.0149619694089776,1045.75316453377
10039,8990,269.6,20068.53,8.99033,0.754415,-1.361108,0,0,0,0,0,0,0,0,0,0,0,0.0150883,1030.30781764423,0.0149756037837902,1045.85341108919
10040,8990,269.6667,20070.04,8.99251,0.755072,-1.359415,0,0,0,0,0,0,0,0,0,0,0,0.01510144,1030.38534025324,0.0149885483866925,1045.94564264596
10041,8990,269.7333,20072.52,8.99461,0.755793,-1.358085,0,0,0,0,0,0,0,0,0,0,0,0.01511586,1030.51266215414,0.0150027537626395,1046.08974728349
10042,8990,269.8,20073.57,8.99691,0.756465,-1.365787,0,0,0,0,0,0,0,0,0,0,0,0.0151293,1030.56656860411,0.0150159935430018,1046.15831939049
10043,8990,269.8667,20074.71,8.99913,0.757145,-1.363284,0,0,0,0,0,0,0,0,0,0,0,0.0151429,1030.62509560694,0.0150293907613653,1046.23174836721
10044,8990,269.9333,20077.25,9.001289,0.757845,-1.364303,0,0,0,0,0,0,0,0,0,0,0,0.0151569,1030.75549787641,0.0150431818280838,1046.37855588217
10045,8990,270,20078.57,9.00369,0.758517,-1.361542,0,0,0,0,0,0,0,0,0,0,0,0.01517034,1030.82326598495,0.015056421073202,1046.46120540985
10046,8990,270.0667,20079.92,9.00587,0.759212,-1.358932,0,0,0,0,0,0,0,0,0,0,0,0.01518424,1030.89257427777,0.0150701132628688,1046.54589453982
10047,8990,270.1333,20082.43,9.00799,0.759942,-1.367107,0,0,0,0,0,0,0,0,0,0,0,0.01519884,1031.02143636295,0.0150844947853944,1046.6917662108
10048,8990,270.2,20083.38,9.01033,0.760632,-1.365122,0,0,0,0,0,0,0,0,0,0,0,0.01521264,1031.07020886531,0.015098088089152,1046.7555087675
10049,8990,270.2667,20084.42,9.012509,0.761302,-1.365989,0,0,0,0,0,0,0,0,0,0,0,0.01522604,1031.12360192053,0.0151112872072854,1046.82353112831
10050,8990,270.3333,20086.71,9.01457,0.76203,-1.367136,0,0,0,0,0,0,0,0,0,0,0,0.0152406,1031.24116932095,0.0151256287381568,1046.9579034861
10051,8990,270.4,20087.72,9.01689,0.762715,-1.365103,0,0,0,0,0,0,0,0,0,0,0,0.0152543,1031.29302219188,0.0151391229852984,1047.0246753403
10052,8990,270.4667,20088.59,9.01915,0.763395,-1.36812,0,0,0,0,0,0,0,0,0,0,0,0.0152679,1031.33768753614,0.0151525185541822,1047.08404821568
10053,8990,270.5333,20091.17,9.02133,0.764146,-1.370035,0,0,0,0,0,0,0,0,0,0,0,0.01528292,1031.47014338465,0.0151673125695325,1047.23401906839
10054,8990,270.6,20093.15,9.02367,0.764838,-1.366285,0,0,0,0,0,0,0,0,0,0,0,0.01529676,1031.57179554746,0.015180944144926,1047.35150172672
10055,8990,270.6667,20094.78,9.025889,0.76554,-1.36585,0,0,0,0,0,0,0,0,0,0,0,0.0153108,1031.65547889362,0.0151947725185386,1047.45094959986
10056,8990,270.7333,20096.85,9.028029,0.766289,-1.3643,0,0,0,0,0,0,0,0,0,0,0,0.01532578,1031.76175160928,0.0152095265125795,1047.57430522686
10057,8990,270.8,20098.32,9.03033,0.766968,-1.361682,0,0,0,0,0,0,0,0,0,0,0,0.01533936,1031.83722063925,0.0152229014405603,1047.66494322803
10058,8990,270.8667,20099.6,9.03249,0.767677,-1.363514,0,0,0,0,0,0,0,0,0,0,0,0.01535354,1031.90293516874,0.0152368671170052,1047.74629815997
10059,8990,270.9333,20100.89,9.03461,0.768424,-1.364675,0,0,0,0,0,0,0,0,0,0,0,0.01536848,1031.969163093,0.0152515810954357,1047.82896053661
10060,8990,271,20102.04,9.03699,0.769128,-1.358399,0,0,0,0,0,0,0,0,0,0,0,0.01538256,1032.02820349059,0.0152654478863153,1047.90343925248
10061,8990,271.0667,20103.43,9.039169,0.769836,-1.362905,0,0,0,0,0,0,0,0,0,0,0,0.01539672,1032.09956536246,0.0152793932718526,1047.99051338247
10062,8990,271.1333,20105.1,9.041329,0.770558,-1.359338,0,0,0,0,0,0,0,0,0,0,0,0.01541116,1032.18530228766,0.0152936142133236,1048.09247513086
10063,8990,271.2,20106.38,9.04369,0.77128,-1.358201,0,0,0,0,0,0,0,0,0,0,0,0.0154256,1032.25101681716,0.0153078349525623,1048.17410810217
10064,8990,271.2667,20107.98,9.04587,0.772014,-1.358096,0,0,0,0,0,0,0,0,0,0,0,0.01544028,1032.33315997902,0.0153222918402819,1048.27267302238
10065,8990,271.3333,20109.41,9.04801,0.772748,-1.357309,0,0,0,0,0,0,0,0,0,0,0,0.01545496,1032.40657542994,0.0153367485190028,1048.36237775695
10066,8990,271.4,20110.76,9.05033,0.773457,-1.353967,0,0,0,0,0,0,0,0,0,0,0,0.01546914,1032.47588372277,0.0153507126055979,1048.4473977147
10067,8990,271.4667,20112.23,9.05249,0.774187,-1.354428,0,0,0,0,0,0,0,0,0,0,0,0.01548374,1032.55135275273,0.0153650900932729,1048.5391094354
10068,8990,271.5333,20113.2,9.054669,0.774919,-1.355216,0,0,0,0,0,0,0,0,0,0,0,0.01549838,1032.60115204462,0.0153795067637654,1048.60479708744
10069,8990,271.6,20114.48,9.05699,0.775671,-1.358457,0,0,0,0,0,0,0,0,0,0,0,0.01551342,1032.66686657411,0.0153943171159262,1048.68706139536
10070,8990,271.6667,20116.23,9.05917,0.776418,-1.366112,0,0,0,0,0,0,0,0,0,0,0,0.01552836,1032.7567106574,0.0154090287778402,1048.79372865291
10071,8990,271.7333,20117.27,9.06139,0.777132,-1.368508,0,0,0,0,0,0,0,0,0,0,0,0.01554264,1032.81010371262,0.0154230903246795,1048.86269934298
10072,8990,271.8,20118.44,9.06369,0.777859,-1.363598,0,0,0,0,0,0,0,0,0,0,0,0.01555718,1032.87017089973,0.0154374076909233,1048.93871806505
10073,8990,271.8667,20120.2,9.065869,0.778621,-1.365156,0,0,0,0,0,0,0,0,0,0,0,0.01557242,1032.96052837779,0.0154524141188738,1049.04622356911
10074,8990,271.9333,20120.82,9.068069,0.77934,-1.364944,0,0,0,0,0,0,0,0,0,0,0,0.0155868,1032.99235885301,0.0154665735209123,1049.09340415198
10075,8990,272,20121.67,9.07037,0.780072,-1.360948,0,0,0,0,0,0,0,0,0,0,0,0.01560144,1033.03599740775,0.0154809887284366,1049.15284653915
10076,8990,272.0667,20123.29,9.07249,0.780822,-1.372452,0,0,0,0,0,0,0,0,0,0,0,0.01561644,1033.11916735914,0.0154957581927546,1049.25281084906
10077,8990,272.1333,20123.7,9.074659,0.781576,-1.367956,0,0,0,0,0,0,0,0,0,0,0,0.01563152,1033.14021654437,0.0155106062076667,1049.28976850209
10078,8990,272.2,20124.04,9.07699,0.782293,-1.360718,0,0,0,0,0,0,0,0,0,0,0,0.01564586,1033.15767196627,0.0155247254019644,1049.32231225978
10079,8990,272.2667,20125.93,9.079189,0.783053,-1.353347,0,0,0,0,0,0,0,0,0,0,0,0.01566106,1033.25470357622,0.0155396911364387,1049.43656748421
10080,8990,272.3333,20126.88,9.08138,0.783798,-1.35361,0,0,0,0,0,0,0,0,0,0,0,0.01567596,1033.30347607858,0.0155543612771919,1049.50150003745
10081,8990,272.4,20127.57,9.08367,0.784532,-1.35828,0,0,0,0,0,0,0,0,0,0,0,0.01569064,1033.33890031714,0.0155688146013731,1049.55264900001
10082,8990,272.4667,20129.44,9.08591,0.785307,-1.361404,0,0,0,0,0,0,0,0,0,0,0,0.01570614,1033.43490513757,0.0155840750371017,1049.66617843855
10083,8990,272.5333,20130.54,9.08811,0.786057,-1.362863,0,0,0,0,0,0,0,0,0,0,0,0.01572114,1033.49137856135,0.0155988429789796,1049.73904121251
10084,8990,272.6,20131.39,9.09033,0.786801,-1.36325,0,0,0,0,0,0,0,0,0,0,0,0.01573602,1033.5350171161,0.015613492561844,1049.79874481613
10085,8990,272.6667,20133.06,9.09252,0.787577,-1.363376,0,0,0,0,0,0,0,0,0,0,0,0.01575154,1033.62075404129,0.0156287720056425,1049.90187269341
10086,8990,272.7333,20133.59,9.0947,0.788342,-1.364863,0,0,0,0,0,0,0,0,0,0,0,0.01576684,1033.64796396366,0.0156438346308699,1049.9453260278
10087,8990,272.8,20133.88,9.09698,0.789058,-1.376586,0,0,0,0,0,0,0,0,0,0,0,0.01578116,1033.66285241175,0.015657932254948,1049.97525127172
10088,8990,272.8667,20135.46,9.099199,0.789846,-1.366238,0,0,0,0,0,0,0,0,0,0,0,0.01579692,1033.7439687841,0.0156734472874792,1050.07393955946
10089,8990,272.9333,20136.15,9.10145,0.790634,-1.373432,0,0,0,0,0,0,0,0,0,0,0,0.01581268,1033.77939302265,0.0156889620792977,1050.12621575511
10090,8990,273,20136.92,9.10371,0.791379,-1.367846,0,0,0,0,0,0,0,0,0,0,0,0.01582758,1033.8189244193,0.0157036300304047,1050.18177615106
10091,8990,273.0667,20138.79,9.1059,0.792159,-1.36023,0,0,0,0,0,0,0,0,0,0,0,0.01584318,1033.91492923973,0.0157189868493415,1050.29542956836
10092,8990,273.1333,20139.42,9.10814,0.792903,-1.365268,0,0,0,0,0,0,0,0,0,0,0,0.01585806,1033.94727310972,0.0157336346722667,1050.34367100353
10093,8990,273.2,20139.91,9.11036,0.793674,-1.370398,0,0,0,0,0,0,0,0,0,0,0,0.01587348,1033.97242945304,0.0157488138430348,1050.38517013251
10094,8990,273.2667,20141.34,9.1125,0.794469,-1.364036,0,0,0,0,0,0,0,0,0,0,0,0.01588938,1034.04584490396,0.0157644652758996,1050.47619227106
10095,8990,273.3333,20141.67,9.114719,0.795191,-1.365072,0,0,0,0,0,0,0,0,0,0,0,0.01590382,1034.06278693109,0.0157786793209119,1050.50833536314
10096,8990,273.4,20141.74,9.11696,0.795933,-1.366236,0,0,0,0,0,0,0,0,0,0,0,0.01591866,1034.06638069442,0.0157932868962749,1050.52733182613
10097,8990,273.4667,20143.21,9.1192,0.796726,-1.365072,0,0,0,0,0,0,0,0,0,0,0,0.01593452,1034.14184972439,0.0158088982604782,1050.62040371166
10098,8990,273.5333,20144.36,9.12152,0.797547,-1.365598,0,0,0,0,0,0,0,0,0,0,0,0.01595094,1034.20089012198,0.0158250605888412,1050.69736646827
10099,8990,273.6,20145.39,9.1237,0.79832,-1.37337,0,0,0,0,0,0,0,0,0,0,0,0.0159664,1034.25376978243,0.0158402777432952,1050.76707917229
10100,8990,273.6667,20146.78,9.125899,0.799105,-1.37825,0,0,0,0,0,0,0,0,0,0,0,0.0159821,1034.32513165431,0.0158557308908532,1050.85581934092
10101,8990,273.7333,20147.53,9.1282,0.799901,-1.371749,0,0,0,0,0,0,0,0,0,0,0,0.01599802,1034.36363626143,0.0158714003354936,1050.91140640162
10102,8990,273.8,20148.39,9.1303,0.800701,-1.36971,0,0,0,0,0,0,0,0,0,0,0,0.01601402,1034.40778821094,0.0158871482736804,1050.9728152195
10103,8990,273.8667,20149.1,9.13248,0.801487,-1.375603,0,0,0,0,0,0,0,0,0,0,0,0.01602974,1034.44423923901,0.015902620381427,1051.02611143851
10104,8990,273.9333,20149.32,9.13486,0.802272,-1.379919,0,0,0,0,0,0,0,0,0,0,0,0.01604544,1034.45553392377,0.0159180725656325,1051.05382812601
10105,8990,274,20150.11,9.137,0.803024,-1.381893,0,0,0,0,0,0,0,0,0,0,0,0.01606048,1034.49609210994,0.0159328749436504,1051.11059590735
10106,8990,274.0667,20151.24,9.1392,0.803812,-1.38284,0,0,0,0,0,0,0,0,0,0,0,0.01607624,1034.55410571801,0.0159483857110563,1051.18584581452
10107,8990,274.1333,20151.8,9.14158,0.80461,-1.37417,0,0,0,0,0,0,0,0,0,0,0,0.0160922,1034.58285582467,0.0159640930704328,1051.23157005717
10108,8990,274.2,20152.6,9.1437,0.805386,-1.380169,0,0,0,0,0,0,0,0,0,0,0,0.01610772,1034.6239274056,0.0159793671582304,1051.28935993355
10109,8990,274.2667,20153.38,9.14588,0.806199,-1.373591,0,0,0,0,0,0,0,0,0,0,0,0.01612398,1034.66397219701,0.0159953692705882,1051.34687339144
10110,8990,274.3333,20153.52,9.14824,0.806989,-1.373163,0,0,0,0,0,0,0,0,0,0,0,0.01613978,1034.67115972367,0.0160109184333607,1051.37052461396
10111,8990,274.4,20154.11,9.15032,0.807788,-1.376874,0,0,0,0,0,0,0,0,0,0,0,0.01615576,1034.70145001461,0.0160266444925738,1051.4178383127
10112,8990,274.4667,20154.63,9.15248,0.80855,-1.373622,0,0,0,0,0,0,0,0,0,0,0,0.016171,1034.72814654222,0.0160416420808556,1051.46073539995
10113,8990,274.5333,20154.84,9.15486,0.80932,-1.371239,0,0,0,0,0,0,0,0,0,0,0,0.0161864,1034.73892783221,0.0160567968956538,1051.48762601368
10114,8990,274.6,20155.81,9.15696,0.810149,-1.364752,0,0,0,0,0,0,0,0,0,0,0,0.01620298,1034.7887271241,0.0160731126667984,1051.55538817391
10115,8990,274.6667,20156.61,9.15918,0.81095,-1.365782,0,0,0,0,0,0,0,0,0,0,0,0.016219,1034.82979870503,0.0160888771095745,1051.61370321023
10116,8990,274.7333,20157.19,9.16158,0.811766,-1.376606,0,0,0,0,0,0,0,0,0,0,0,0.01623532,1034.85957560121,0.0161049365110969,1051.66085196616
10117,8990,274.8,20158.62,9.16366,0.81262,-1.378208,0,0,0,0,0,0,0,0,0,0,0,0.0162524,1034.93299105213,0.0161217435007108,1051.7531359959
10118,8990,274.8667,20159.21,9.16588,0.813433,-1.374382,0,0,0,0,0,0,0,0,0,0,0,0.01626866,1034.96328134306,0.0161377433349269,1051.80074707972
10119,8990,274.9333,20159.56,9.16828,0.814231,-1.371901,0,0,0,0,0,0,0,0,0,0,0,0.01628462,1034.98125015972,0.0161534477203001,1051.8355265257
10120,8990,275,20160.96,9.17036,0.815035,-1.37206,0,0,0,0,0,0,0,0,0,0,0,0.0163007,1035.05312542636,0.0161692699343465,1051.92521590799
10121,8990,275.0667,20161.21,9.17248,0.815866,-1.370594,0,0,0,0,0,0,0,0,0,0,0,0.01631732,1035.0659602954,0.0161856232283121,1051.95546279065
10122,8990,275.1333,20160.78,9.17488,0.816677,-1.368297,0,0,0,0,0,0,0,0,0,0,0,0.01633354,1035.04388432065,0.0162015826833465,1051.94981500695
10123,8990,275.2,20161.84,9.17702,0.817516,-1.369961,0,0,0,0,0,0,0,0,0,0,0,0.01635032,1035.09830416538,0.0162180928749513,1052.02249266995
10124,8990,275.2667,20162.59,9.17918,0.818319,-1.368571,0,0,0,0,0,0,0,0,0,0,0,0.01636638,1035.13680877251,0.0162338943882664,1052.07825113687
10125,8990,275.3333,20162.57,9.18158,0.819117,-1.363342,0,0,0,0,0,0,0,0,0,0,0,0.01638234,1035.13578198299,0.0162495972637309,1052.0937283096
10126,8990,275.4,20163.85,9.18378,0.819954,-1.360768,0,0,0,0,0,0,0,0,0,0,0,0.01639908,1035.20149651248,0.0162660673080117,1052.17784866991
10127,8990,275.4667,20164.61,9.18588,0.8208,-1.354165,0,0,0,0,0,0,0,0,0,0,0,0.016416,1035.24051451437,0.0162827141738942,1052.23502280063
10128,8990,275.5333,20164.59,9.18824,0.821621,-1.35476,0,0,0,0,0,0,0,0,0,0,0,0.01643242,1035.23948772484,0.0162988688461646,1052.25097778772
10129,8990,275.6,20165.49,9.1904,0.822455,-1.359226,0,0,0,0,0,0,0,0,0,0,0,0.0164491,1035.28569325339,0.0163152790499433,1052.31521115029
10130,8990,275.6667,20165.79,9.19246,0.823279,-1.364647,0,0,0,0,0,0,0,0,0,0,0,0.01646558,1035.30109509624,0.016331492224222,1052.34792810164
10131,8990,275.7333,20165.35,9.19486,0.824074,-1.367617,0,0,0,0,0,0,0,0,0,0,0,0.01648148,1035.27850572673,0.016347134540063,1052.3414277133
10132,8990,275.8,20166.42,9.19706,0.824924,-1.362932,0,0,0,0,0,0,0,0,0,0,0,0.01649848,1035.33343896623,0.0163638587580436,1052.41486700234
10133,8990,275.8667,20167.18,9.19922,0.825788,-1.362991,0,0,0,0,0,0,0,0,0,0,0,0.01651576,1035.37245696812,0.0163808581470891,1052.47241997801
10134,8990,275.9333,20167.27,9.2016,0.826614,-1.367098,0,0,0,0,0,0,0,0,0,0,0,0.01653228,1035.37707752097,0.0163971096076304,1052.49422127213
10135,8990,276,20168.69,9.2038,0.827489,-1.368182,0,0,0,0,0,0,0,0,0,0,0,0.01654978,1035.44997957713,0.0164143248497938,1052.58644894013
10136,8990,276.0667,20169.26,9.205939,0.82832,-1.357545,0,0,0,0,0,0,0,0,0,0,0,0.0165664,1035.47924307854,0.016430674136828,1052.63340641108
10137,8990,276.1333,20168.95,9.20822,0.829113,-1.353934,0,0,0,0,0,0,0,0,0,0,0,0.01658226,1035.46332784093,0.016446275553795,1052.63364996366
10138,8990,276.2,20169.81,9.2104,0.82996,-1.351082,0,0,0,0,0,0,0,0,0,0,0,0.0165992,1035.50747979044,0.0164629390935071,1052.69607554897
10139,8990,276.2667,20170.02,9.21252,0.830804,-1.353843,0,0,0,0,0,0,0,0,0,0,0,0.01661608,1035.51826108043,0.016479543336222,1052.724515348
10140,8990,276.3333,20169.34,9.21484,0.83162,-1.358192,0,0,0,0,0,0,0,0,0,0,0,0.0166324,1035.48335023664,0.0164955964651543,1052.70592351111
10141,8990,276.4,20170.06,9.21712,0.832474,-1.357706,0,0,0,0,0,0,0,0,0,0,0,0.01664948,1035.52031465948,0.0165123968902881,1052.76118942799
10142,8990,276.4667,20170.74,9.219319,0.833372,-1.357973,0,0,0,0,0,0,0,0,0,0,0,0.01666744,1035.55522550327,0.016530062606659,1052.81528009103
10143,8990,276.5333,20170.87,9.221539,0.834216,-1.359058,0,0,0,0,0,0,0,0,0,0,0,0.01668432,1035.56189963517,0.0165466657348854,1052.83954574849
10144,8990,276.6,20171.45,9.22378,0.835067,-1.344678,0,0,0,0,0,0,0,0,0,0,0,0.01670134,1035.59167653135,0.0165634062876839,1052.88744522227
10145,8990,276.6667,20171.62,9.226,0.835891,-1.341576,0,0,0,0,0,0,0,0,0,0,0,0.01671782,1035.6004042423,0.0165796154395641,1052.91338539235
10146,8990,276.7333,20171.68,9.22814,0.836748,-1.338892,0,0,0,0,0,0,0,0,0,0,0,0.01673496,1035.60348461087,0.0165964734656456,1052.93426750169
10147,8990,276.8,20171.92,9.23038,0.837592,-1.345154,0,0,0,0,0,0,0,0,0,0,0,0.01675184,1035.61580608515,0.0166130754912899,1052.96427637016
10148,8990,276.8667,20171.9,9.232659,0.838443,-1.344266,0,0,0,0,0,0,0,0,0,0,0,0.01676886,1035.61477929563,0.0166298149323985,1052.98085854356
10149,8990,276.9333,20172.16,9.234819,0.8393,-1.343596,0,0,0,0,0,0,0,0,0,0,0,0.016786,1035.62812755943,0.016646672112244,1053.01218130864
10150,8990,277,20172.96,9.23706,0.840193,-1.348835,0,0,0,0,0,0,0,0,0,0,0,0.01680386,1035.66919914036,0.0166642371093477,1053.07243936903
10151,8990,277.0667,20173.04,9.2394,0.841052,-1.346111,0,0,0,0,0,0,0,0,0,0,0,0.01682104,1035.67330629846,0.0166811330472371,1053.09440841063
10152,8990,277.1333,20173.54,9.24152,0.841916,-1.342451,0,0,0,0,0,0,0,0,0,0,0,0.01683832,1035.69897603654,0.0166981270437149,1053.13840681872
10153,8990,277.2,20174.04,9.24376,0.842781,-1.347422,0,0,0,0,0,0,0,0,0,0,0,0.01685562,1035.72464577462,0.0167151404198776,1053.18242682843
10154,8990,277.2667,20173.81,9.246079,0.843648,-1.343135,0,0,0,0,0,0,0,0,0,0,0,0.01687296,1035.7128376951,0.0167321928428713,1053.18837897702
10155,8990,277.3333,20174.01,9.248159,0.844492,-1.341107,0,0,0,0,0,0,0,0,0,0,0,0.01688984,1035.72310559034,0.0167487926154705,1053.21630312806
10156,8990,277.4,20174.07,9.25038,0.845354,-1.343735,0,0,0,0,0,0,0,0,0,0,0,0.01690708,1035.72618595891,0.0167657461272307,1053.23729144301
10157,8990,277.4667,20173.69,9.25274,0.846211,-1.338842,0,0,0,0,0,0,0,0,0,0,0,0.01692422,1035.70667695796,0.0167826010158346,1053.23520461427
10158,8990,277.5333,20173.88,9.25484,0.847075,-1.339496,0,0,0,0,0,0,0,0,0,0,0,0.0169415,1035.71643145844,0.0167995932880682,1053.26302138199
10159,8990,277.6,20174.09,9.25704,0.847975,-1.350159,0,0,0,0,0,0,0,0,0,0,0,0.0169595,1035.72721274843,0.0168172932646163,1053.29262841304
10160,8990,277.6667,20173.73,9.259459,0.848812,-1.346,0,0,0,0,0,0,0,0,0,0,0,0.01697624,1035.70873053701,0.0168337539616493,1053.2911705167
10161,8990,277.7333,20174.27,9.261539,0.849702,-1.353922,0,0,0,0,0,0,0,0,0,0,0,0.01699404,1035.73645385414,0.0168512566756028,1053.3378005804
10162,8990,277.8,20174.56,9.2637,0.850589,-1.355137,0,0,0,0,0,0,0,0,0,0,0,0.01701178,1035.75134230223,0.0168687000868518,1053.37131627218
10163,8990,277.8667,20174.05,9.26614,0.851479,-1.358193,0,0,0,0,0,0,0,0,0,0,0,0.01702958,1035.72515916938,0.0168862021891693,1053.36312362547
10164,8990,277.9333,20174.61,9.2682,0.852348,-1.358324,0,0,0,0,0,0,0,0,0,0,0,0.01704696,1035.75390927604,0.0169032910249714,1053.41036473731
10165,8990,278,20174.81,9.270309,0.853213,-1.357923,0,0,0,0,0,0,0,0,0,0,0,0.01706426,1035.76417717127,0.0169203009109897,1053.43872638921
10166,8990,278.0667,20173.98,9.272719,0.854082,-1.359722,0,0,0,0,0,0,0,0,0,0,0,0.01708164,1035.72156540605,0.0169373891640992,1053.41338832656
10167,8990,278.1333,20174.04,9.274879,0.854978,-1.358771,0,0,0,0,0,0,0,0,0,0,0,0.01709956,1035.72464577462,0.0169550080468225,1053.43508149852
10168,8990,278.2,20174.61,9.27701,0.85587,-1.354478,0,0,0,0,0,0,0,0,0,0,0,0.0171174,1035.75390927604,0.0169725479654756,1053.48332324268
10169,8990,278.2667,20174.1,9.27944,0.856729,-1.361199,0,0,0,0,0,0,0,0,0,0,0,0.01713458,1035.72772614319,0.0169894386950109,1053.47448572501
10170,8990,278.3333,20174.29,9.28162,0.857619,-1.356185,0,0,0,0,0,0,0,0,0,0,0,0.01715238,1035.73748064366,0.017006938684295,1053.50284349191
10171,8990,278.4,20174.74,9.28372,0.858509,-1.360464,0,0,0,0,0,0,0,0,0,0,0,0.01717018,1035.76058340794,0.0170244383673349,1053.54477906196
10172,8990,278.4667,20174.41,9.286119,0.859407,-1.359453,0,0,0,0,0,0,0,0,0,0,0,0.01718814,1035.7436413808,0.0170420950405217,1053.54614809297
10173,8990,278.5333,20174.51,9.28826,0.860281,-1.354589,0,0,0,0,0,0,0,0,0,0,0,0.01720562,1035.74877532842,0.0170592795210721,1053.56947517219
10174,8990,278.6,20174.36,9.29033,0.861166,-1.364117,0,0,0,0,0,0,0,0,0,0,0,0.01722332,1035.741074407,0.0170766799813709,1053.57997436865
10175,8990,278.6667,20173.39,9.29272,0.862041,-1.357941,0,0,0,0,0,0,0,0,0,0,0,0.01724082,1035.69127511511,0.0170938835286405,1053.54744196494
10176,8990,278.7333,20173.37,9.2949,0.862931,-1.347151,0,0,0,0,0,0,0,0,0,0,0,0.01725862,1035.69024832559,0.0171113816902526,1053.56483275915
10177,8990,278.8,20173.64,9.29707,0.863849,-1.356963,0,0,0,0,0,0,0,0,0,0,0,0.01727698,1035.70410998416,0.017129430035045,1053.59794917827
10178,8990,278.8667,20173.34,9.299439,0.864734,-1.361471,0,0,0,0,0,0,0,0,0,0,0,0.01729468,1035.68870814131,0.0171468292747458,1053.60061292822
10179,8990,278.9333,20173.95,9.30164,0.865644,-1.350198,0,0,0,0,0,0,0,0,0,0,0,0.01731288,1035.72002522177,0.0171647197027165,1053.65132173203
10180,8990,279,20174.04,9.30375,0.866547,-1.348666,0,0,0,0,0,0,0,0,0,0,0,0.01733094,1035.72464577462,0.0171824721956323,1053.67472746706
10181,8990,279.0667,20173.53,9.30606,0.867416,-1.348287,0,0,0,0,0,0,0,0,0,0,0,0.01734832,1035.69846264178,0.0171995559693181,1053.6660909952
10182,8990,279.1333,20173.65,9.30824,0.868311,-1.361233,0,0,0,0,0,0,0,0,0,0,0,0.01736622,1035.70462337892,0.0172171505749973,1053.69089772353
10183,8990,279.2,20173.49,9.310349,0.869222,-1.35933,0,0,0,0,0,0,0,0,0,0,0,0.01738444,1035.69640906273,0.0172350594031979,1053.7014111443
10184,8990,279.2667,20172.71,9.31269,0.870117,-1.355158,0,0,0,0,0,0,0,0,0,0,0,0.01740234,1035.65636427132,0.0172526533842248,1053.67920844553
10185,8990,279.3333,20172.93,9.31496,0.871027,-1.357081,0,0,0,0,0,0,0,0,0,0,0,0.01742054,1035.66765895608,0.017270541919074,1053.70954883563
10186,8990,279.4,20173.12,9.31711,0.871927,-1.359719,0,0,0,0,0,0,0,0,0,0,0,0.01743854,1035.67741345655,0.0172882335618784,1053.73811545821
10187,8990,279.4667,20172.84,9.319389,0.872848,-1.35151,0,0,0,0,0,0,0,0,0,0,0,0.01745696,1035.66303840322,0.0173063376856535,1053.74256663811
10188,8990,279.5333,20173.04,9.32166,0.873768,-1.34642,0,0,0,0,0,0,0,0,0,0,0,0.01747536,1035.67330629846,0.0173244218251794,1053.77207016841
10189,8990,279.6,20172.78,9.32385,0.874694,-1.348628,0,0,0,0,0,0,0,0,0,0,0,0.01749388,1035.65995803465,0.0173426235745096,1053.77766906132
10190,8990,279.6667,20172.36,9.32603,0.875602,-1.346937,0,0,0,0,0,0,0,0,0,0,0,0.01751204,1035.63839545466,0.0173604711884374,1053.7745364614
10191,8990,279.7333,20172.32,9.32825,0.876497,-1.353317,0,0,0,0,0,0,0,0,0,0,0,0.01752994,1035.63634187562,0.0173780629631294,1053.79098481051
10192,8990,279.8,20171.54,9.33045,0.877387,-1.353547,0,0,0,0,0,0,0,0,0,0,0,0.01754774,1035.59629708421,0.0173955561528738,1053.7686716504
10193,8990,279.8667,20170.98,9.33267,0.87831,-1.351131,0,0,0,0,0,0,0,0,0,0,0,0.0175662,1035.56754697755,0.0174136976432718,1053.75853362127
10194,8990,279.9333,20171.36,9.334929,0.879225,-1.350396,0,0,0,0,0,0,0,0,0,0,0,0.0175845,1035.5870559785,0.0174316815694747,1053.79733656435
10195,8990,280,20171.04,9.33719,0.880136,-1.346474,0,0,0,0,0,0,0,0,0,0,0,0.01760272,1035.57062734612,0.0174495865561231,1053.79948713952
10196,8990,280.0667,20170.94,9.33937,0.881079,-1.351207,0,0,0,0,0,0,0,0,0,0,0,0.01762158,1035.5654933985,0.0174681201398667,1053.81379358567
10197,8990,280.1333,20171.37,9.34163,0.881994,-1.357388,0,0,0,0,0,0,0,0,0,0,0,0.01763988,1035.58756937326,0.0174861030873751,1053.85520982649
10198,8990,280.2,20171.01,9.34387,0.882897,-1.357645,0,0,0,0,0,0,0,0,0,0,0,0.01765794,1035.56908716184,0.0175038498759022,1053.85510396879
10199,8990,280.2667,20170.84,9.34601,0.883802,-1.368371,0,0,0,0,0,0,0,0,0,0,0,0.01767604,1035.56035945089,0.017521635654726,1053.86496578696
10200,8990,280.3333,20171.03,9.348249,0.884736,-1.361373,0,0,0,0,0,0,0,0,0,0,0,0.01769472,1035.57011395136,0.0175399910328886,1053.8942371581
10201,8990,280.4,20170.43,9.35053,0.885669,-1.356665,0,0,0,0,0,0,0,0,0,0,0,0.01771338,1035.53931026566,0.0175583264222393,1053.88221157333
10202,8990,280.4667,20170.11,9.35267,0.8866,-1.358605,0,0,0,0,0,0,0,0,0,0,0,0.017732,1035.52288163329,0.0175766221723327,1053.88477337041
10203,8990,280.5333,20170.23,9.35491,0.887543,-1.353451,0,0,0,0,0,0,0,0,0,0,0,0.01775086,1035.52904237043,0.0175951534018224,1053.91057342748
10204,8990,280.6,20169.57,9.357269,0.888461,-1.355521,0,0,0,0,0,0,0,0,0,0,0,0.01776922,1035.49515831616,0.0176131930175263,1053.89509959321
10205,8990,280.6667,20169.56,9.35937,0.889402,-1.352182,0,0,0,0,0,0,0,0,0,0,0,0.01778804,1035.49464492139,0.0176316842684189,1053.91406508504
10206,8990,280.7333,20169.68,9.361589,0.890341,-1.35729,0,0,0,0,0,0,0,0,0,0,0,0.01780682,1035.50080565853,0.0176501358772039,1053.93978211475
10207,8990,280.8,20168.76,9.36399,0.891266,-1.347343,0,0,0,0,0,0,0,0,0,0,0,0.01782532,1035.45357334046,0.0176683120492509,1053.9108646304
10208,8990,280.8667,20168.64,9.36605,0.892184,-1.348728,0,0,0,0,0,0,0,0,0,0,0,0.01784368,1035.44741260332,0.017686350345261,1053.92360489064
10209,8990,280.9333,20168.71,9.36817,0.89312,-1.352524,0,0,0,0,0,0,0,0,0,0,0,0.0178624,1035.45100636665,0.0177047419983436,1053.94664642278
10210,8990,281,20167.39,9.37059,0.894033,-1.358287,0,0,0,0,0,0,0,0,0,0,0,0.01788066,1035.38323825811,0.0177226813938983,1053.8965739111
10211,8990,281.0667,20167.2,9.37271,0.894966,-1.355786,0,0,0,0,0,0,0,0,0,0,0,0.01789932,1035.37348375764,0.0177410134338866,1053.90596506293
10212,8990,281.1333,20167.66,9.374849,0.89593,-1.351994,0,0,0,0,0,0,0,0,0,0,0,0.0179186,1035.39709991668,0.0177599542240341,1053.94996639124
10213,8990,281.2,20166.87,9.37729,0.896881,-1.350234,0,0,0,0,0,0,0,0,0,0,0,0.01793762,1035.3565417305,0.0177786392370657,1053.92837394058
10214,8990,281.2667,20166.82,9.37943,0.89782,-1.349673,0,0,0,0,0,0,0,0,0,0,0,0.0179564,1035.3539747567,0.0177970881345192,1053.94520486902
10215,8990,281.3333,20167.38,9.38157,0.898773,-1.352587,0,0,0,0,0,0,0,0,0,0,0,0.01797546,1035.38272486335,0.0178158117474012,1053.99420561882
10216,8990,281.4,20166.76,9.383989,0.899691,-1.349145,0,0,0,0,0,0,0,0,0,0,0,0.01799382,1035.35089438813,0.0178338473829886,1053.98081201859
10217,8990,281.4667,20166.66,9.386089,0.900658,-1.346816,0,0,0,0,0,0,0,0,0,0,0,0.01801316,1035.34576044051,0.017852845353222,1053.99560927865
10218,8990,281.5333,20166.59,9.38815,0.901599,-1.349257,0,0,0,0,0,0,0,0,0,0,0,0.01803198,1035.34216667718,0.0178713321732151,1054.01143591986
10219,8990,281.6,20165.2,9.39061,0.902509,-1.358561,0,0,0,0,0,0,0,0,0,0,0,0.01805018,1035.27080480531,0.017889209644329,1053.95762918079
10220,8990,281.6667,20164.71,9.39275,0.90347,-1.357234,0,0,0,0,0,0,0,0,0,0,0,0.0180694,1035.24564846198,0.0179080886926809,1053.9519161823
10221,8990,281.7333,20164.85,9.39483,0.904424,-1.35522,0,0,0,0,0,0,0,0,0,0,0,0.01808848,1035.25283598865,0.0179268298720247,1053.97898620737
10222,8990,281.8,20163.94,9.397329,0.905345,-1.354283,0,0,0,0,0,0,0,0,0,0,0,0.0181069,1035.20611706533,0.0179449224383682,1053.95049070643
10223,8990,281.8667,20163.92,9.399509,0.906303,-1.352926,0,0,0,0,0,0,0,0,0,0,0,0.01812606,1035.20509027581,0.0179637415031578,1053.96927985446
10224,8990,281.9333,20164.24,9.401569,0.9073,-1.358281,0,0,0,0,0,0,0,0,0,0,0,0.018146,1035.22151890819,0.0179833263124693,1054.00664859029
10225,8990,282,20163.19,9.40397,0.908246,-1.36026,0,0,0,0,0,0,0,0,0,0,0,0.01816492,1035.16761245821,0.0180019089363847,1053.9713493251
10226,8990,282.0667,20162.86,9.40613,0.909162,-1.366008,0,0,0,0,0,0,0,0,0,0,0,0.01818324,1035.15067043107,0.0180199019302747,1053.97306350768
10227,8990,282.1333,20162.87,9.40817,0.91011,-1.368669,0,0,0,0,0,0,0,0,0,0,0,0.0182022,1035.15118382584,0.0180385231594665,1053.99321270407
10228,8990,282.2,20161.69,9.41055,0.911054,-1.367353,0,0,0,0,0,0,0,0,0,0,0,0.01822108,1035.09060324396,0.0180570654735188,1053.95107193292
10229,8990,282.2667,20161.19,9.412809,0.912048,-1.364248,0,0,0,0,0,0,0,0,0,0,0,0.01824096,1035.06493350588,0.0180765895300542,1053.94551155536
10230,8990,282.3333,20161.47,9.414929,0.913023,-1.36534,0,0,0,0,0,0,0,0,0,0,0,0.01826046,1035.0793085592,0.0180957400200162,1053.98033286998
10231,8990,282.4,20161.1,9.41727,0.913958,-1.367684,0,0,0,0,0,0,0,0,0,0,0,0.01827916,1035.06031295302,0.0181141045043768,1053.98034602314
10232,8990,282.4667,20160.93,9.41951,0.914937,-1.365462,0,0,0,0,0,0,0,0,0,0,0,0.01829874,1035.05158524207,0.018133332838339,1053.991725087
10233,8990,282.5333,20160.64,9.42165,0.915901,-1.361358,0,0,0,0,0,0,0,0,0,0,0,0.01831802,1035.03669679398,0.0181522661991745,1053.99651970659
10234,8990,282.6,20159.93,9.42389,0.916863,-1.360121,0,0,0,0,0,0,0,0,0,0,0,0.01833726,1035.0002457659,0.0181711599218282,1053.97931437258
10235,8990,282.6667,20159.53,9.426129,0.917837,-1.359572,0,0,0,0,0,0,0,0,0,0,0,0.01835674,1034.97970997544,0.0181902889613408,1053.97856341673
10236,8990,282.7333,20158.74,9.428229,0.918796,-1.36496,0,0,0,0,0,0,0,0,0,0,0,0.01837592,1034.93915178927,0.0182091230482853,1053.95711084741
10237,8990,282.8,20157.88,9.43053,0.919732,-1.372641,0,0,0,0,0,0,0,0,0,0,0,0.01839464,1034.89499983976,0.0182275050893144,1053.93152079961
10238,8990,282.8667,20157.67,9.43283,0.9207,-1.372334,0,0,0,0,0,0,0,0,0,0,0,0.018414,1034.88421854977,0.0182465152207724,1053.94057655014
10239,8990,282.9333,20157.3,9.43501,0.921698,-1.365037,0,0,0,0,0,0,0,0,0,0,0,0.01843396,1034.86522294359,0.018266114130846,1053.94188706872
10240,8990,283,20157.03,9.43725,0.922669,-1.360739,0,0,0,0,0,0,0,0,0,0,0,0.01845338,1034.85136128502,0.0182851824412224,1053.94786669833
10241,8990,283.0667,20157,9.439509,0.92363,-1.350143,0,0,0,0,0,0,0,0,0,0,0,0.0184726,1034.84982110074,0.0183040540155352,1053.966187906
10242,8990,283.1333,20156.23,9.441689,0.924594,-1.34729,0,0,0,0,0,0,0,0,0,0,0,0.01849188,1034.81028970409,0.0183229841443518,1053.94587740406
10243,8990,283.2,20155.55,9.44387,0.925538,-1.354442,0,0,0,0,0,0,0,0,0,0,0,0.01851076,1034.77537886029,0.0183415211846382,1053.92985755228
10244,8990,283.2667,20155.27,9.44613,0.926527,-1.362036,0,0,0,0,0,0,0,0,0,0,0,0.01853054,1034.76100380697,0.0183609415076336,1053.93568397845
10245,8990,283.3333,20154.23,9.44833,0.927499,-1.372434,0,0,0,0,0,0,0,0,0,0,0,0.01854998,1034.70761075175,0.0183800276456726,1053.90141623704
10246,8990,283.4,20153.73,9.45053,0.928465,-1.371428,0,0,0,0,0,0,0,0,0,0,0,0.0185693,1034.68194101367,0.0183989956071369,1053.89526038093
10247,8990,283.4667,20153.59,9.452789,0.929434,-1.367734,0,0,0,0,0,0,0,0,0,0,0,0.01858868,1034.67475348701,0.0184180221138593,1053.90799138365
10248,8990,283.5333,20152.76,9.45507,0.930418,-1.363566,0,0,0,0,0,0,0,0,0,0,0,0.01860836,1034.63214172179,0.0184373427780996,1053.88494908252
10249,8990,283.6,20152.58,9.45723,0.93139,-1.361359,0,0,0,0,0,0,0,0,0,0,0,0.0186278,1034.62290061608,0.018456427458003,1053.89564908417
10250,8990,283.6667,20152.51,9.45947,0.932367,-1.360871,0,0,0,0,0,0,0,0,0,0,0,0.01864734,1034.61930685274,0.018475609943095,1053.91220483819
10251,8990,283.7333,20151.25,9.46179,0.933325,-1.358712,0,0,0,0,0,0,0,0,0,0,0,0.0186665,1034.55461911277,0.0184944190235855,1053.86613291044
10252,8990,283.8,20150.86,9.46391,0.934294,-1.348843,0,0,0,0,0,0,0,0,0,0,0,0.01868588,1034.53459671707,0.0185134437148377,1053.86578604717
10253,8990,283.8667,20150.78,9.46607,0.935304,-1.344464,0,0,0,0,0,0,0,0,0,0,0,0.01870608,1034.53048955898,0.0185332729871596,1053.88249965911
10254,8990,283.9333,20149.24,9.468369,0.93625,-1.353697,0,0,0,0,0,0,0,0,0,0,0,0.018725,1034.45142676568,0.0185518453945272,1053.82152973187
10255,8990,284,20148.32,9.47055,0.937232,-1.359174,0,0,0,0,0,0,0,0,0,0,0,0.01874464,1034.4041944476,0.0185711242094012,1053.79372868701
10256,8990,284.0667,20148.48,9.47273,0.938216,-1.356014,0,0,0,0,0,0,0,0,0,0,0,0.01876432,1034.41240876379,0.0185904419158624,1053.82245421381
10257,8990,284.1333,20147.65,9.47509,0.9392,-1.348194,0,0,0,0,0,0,0,0,0,0,0,0.018784,1034.36979699857,0.0186097592491568,1053.79939926539
10258,8990,284.2,20147.2,9.47727,0.940175,-1.351837,0,0,0,0,0,0,0,0,0,0,0,0.0188035,1034.3466942343,0.0186288995314766,1053.79603229933
10259,8990,284.2667,20147.57,9.47945,0.9412,-1.352508,0,0,0,0,0,0,0,0,0,0,0,0.018824,1034.36568984048,0.0186490209717307,1053.83658958604
10260,8990,284.3333,20146.94,9.48183,0.942179,-1.353497,0,0,0,0,0,0,0,0,0,0,0,0.01884358,1034.33334597049,0.0186682390229897,1053.82388912196
10261,8990,284.4,20146.38,9.48393,0.943178,-1.353473,0,0,0,0,0,0,0,0,0,0,0,0.01886356,1034.30459586384,0.0186878492992738,1053.81526266619
10262,8990,284.4667,20146.18,9.48606,0.944186,-1.354362,0,0,0,0,0,0,0,0,0,0,0,0.01888372,1034.29432796861,0.0187076358549459,1053.82565245555
10263,8990,284.5333,20144.9,9.48843,0.94517,-1.360799,0,0,0,0,0,0,0,0,0,0,0,0.0189034,1034.22861343911,0.0187269509245204,1053.7790506104
10264,8990,284.6,20144.13,9.49057,0.946142,-1.356933,0,0,0,0,0,0,0,0,0,0,0,0.01892284,1034.18908204246,0.0187460300781982,1053.7588765717
10265,8990,284.6667,20144.23,9.49274,0.947123,-1.350986,0,0,0,0,0,0,0,0,0,0,0,0.01894246,1034.19421599008,0.0187652855216278,1053.7843985587
10266,8990,284.7333,20143.23,9.49517,0.948074,-1.350931,0,0,0,0,0,0,0,0,0,0,0,0.01896148,1034.14287651391,0.0187839517596453,1053.75175598407
10267,8990,284.8,20142.81,9.49731,0.949054,-1.350226,0,0,0,0,0,0,0,0,0,0,0,0.01898108,1034.12131393392,0.0188031868454474,1053.75005332341
10268,8990,284.8667,20143.04,9.49944,0.950089,-1.348968,0,0,0,0,0,0,0,0,0,0,0,0.01900178,1034.13312201344,0.0188235010496607,1053.78349208865
10269,8990,284.9333,20141.82,9.50181,0.951076,-1.354437,0,0,0,0,0,0,0,0,0,0,0,0.01902152,1034.07048785252,0.0188428727614567,1053.74008031861
10270,8990,285,20140.97,9.50395,0.95206,-1.360237,0,0,0,0,0,0,0,0,0,0,0,0.0190412,1034.02684929778,0.018862185219123,1053.71596134062
10271,8990,285.0667,20140.64,9.50604,0.953078,-1.359719,0,0,0,0,0,0,0,0,0,0,0,0.01906156,1034.00990727064,0.018882164584639,1053.71974915867
10272,8990,285.1333,20139.39,9.50841,0.954044,-1.360472,0,0,0,0,0,0,0,0,0,0,0,0.01908088,1033.94573292543,0.0189011230240704,1053.67432738189
10273,8990,285.2,20138.49,9.51063,0.955059,-1.364052,0,0,0,0,0,0,0,0,0,0,0,0.01910118,1033.89952739688,0.0189210427362484,1053.6482283716
10274,8990,285.2667,20138.6,9.51276,0.956079,-1.365568,0,0,0,0,0,0,0,0,0,0,0,0.01912158,1033.90517473926,0.0189410601753634,1053.67507525045
10275,8990,285.3333,20138.03,9.51513,0.957086,-1.358063,0,0,0,0,0,0,0,0,0,0,0,0.01914172,1033.87591123784,0.0189608220971923,1053.6660744455
10276,8990,285.4,20137.67,9.51733,0.958075,-1.355212,0,0,0,0,0,0,0,0,0,0,0,0.0191615,1033.85742902642,0.0189802303970043,1053.66768815271
10277,8990,285.4667,20137.48,9.51946,0.959098,-1.355202,0,0,0,0,0,0,0,0,0,0,0,0.01918196,1033.84767452595,0.0190003055221264,1053.6788992648
10278,8990,285.5333,20136.65,9.52177,0.96008,-1.357399,0,0,0,0,0,0,0,0,0,0,0,0.0192016,1033.80506276073,0.0190195756932423,1053.65577405384
10279,8990,285.6,20136.13,9.52396,0.96109,-1.350564,0,0,0,0,0,0,0,0,0,0,0,0.0192218,1033.77836623313,0.0190393949319742,1053.64944723319
10280,8990,285.6667,20135.44,9.52606,0.962094,-1.350794,0,0,0,0,0,0,0,0,0,0,0,0.01924188,1033.74294199457,0.0190590960433531,1053.63409963528
10281,8990,285.7333,20134.47,9.52844,0.963094,-1.349748,0,0,0,0,0,0,0,0,0,0,0,0.01926188,1033.69314270269,0.0190787182784384,1053.60401597425
10282,8990,285.8,20134.1,9.53067,0.964132,-1.353897,0,0,0,0,0,0,0,0,0,0,0,0.01928264,1033.67414709651,0.0190990857512084,1053.60611355228
10283,8990,285.8667,20133.78,9.5328,0.965159,-1.36079,0,0,0,0,0,0,0,0,0,0,0,0.01930318,1033.65771846413,0.0191192369754535,1053.61059946204
10284,8990,285.9333,20132.98,9.53511,0.966141,-1.361894,0,0,0,0,0,0,0,0,0,0,0,0.01932282,1033.6166468832,0.0191385048548982,1053.58903529993
10285,8990,286,20132.52,9.53735,0.967169,-1.356941,0,0,0,0,0,0,0,0,0,0,0,0.01934338,1033.59303072416,0.0191586749052976,1053.58621348281
10286,8990,286.0667,20131.79,9.53948,0.968176,-1.356988,0,0,0,0,0,0,0,0,0,0,0,0.01936352,1033.55555290656,0.0191784325271516,1053.56882652638
10287,8990,286.1333,20130.9,9.541759,0.969178,-1.3554,0,0,0,0,0,0,0,0,0,0,0,0.01938356,1033.50986077277,0.0191980916601527,1053.54296116965
10288,8990,286.2,20130.4,9.54398,0.970178,-1.347938,0,0,0,0,0,0,0,0,0,0,0,0.01940356,1033.48419103469,0.0192177111680497,1053.53746354448
10289,8990,286.2667,20129.45,9.54612,0.9712,-1.347068,0,0,0,0,0,0,0,0,0,0,0,0.019424,1033.43541853233,0.0192377619074078,1053.5088681019
10290,8990,286.3333,20128.57,9.5484,0.972182,-1.34519,0,0,0,0,0,0,0,0,0,0,0,0.01944364,1033.3902397933,0.0192570275032858,1053.48310759536
10291,8990,286.4,20128.28,9.55062,0.973217,-1.342809,0,0,0,0,0,0,0,0,0,0,0,0.01946434,1033.37535134522,0.0192773324902728,1053.48932053142
10292,8990,286.4667,20127.45,9.552879,0.974224,-1.350603,0,0,0,0,0,0,0,0,0,0,0,0.01948448,1033.33273958,0.0192970877678973,1053.46669067769
10293,8990,286.5333,20127.05,9.55512,0.975234,-1.354082,0,0,0,0,0,0,0,0,0,0,0,0.01950468,1033.31220378953,0.0193169015073687,1053.46662766454
10294,8990,286.6,20127.04,9.55732,0.976292,-1.355876,0,0,0,0,0,0,0,0,0,0,0,0.01952584,1033.31169039477,0.0193376564688989,1053.48796913155
10295,8990,286.6667,20125.94,9.55958,0.977297,-1.352358,0,0,0,0,0,0,0,0,0,0,0,0.01954594,1033.25521697098,0.0193573713217038,1053.45116144659
10296,8990,286.7333,20125.39,9.56182,0.97833,-1.34921,0,0,0,0,0,0,0,0,0,0,0,0.0195666,1033.22698025909,0.0193776350389784,1053.44371929103
10297,8990,286.8,20125.53,9.56396,0.979365,-1.34811,0,0,0,0,0,0,0,0,0,0,0,0.0195873,1033.23416778576,0.0193979375772033,1053.47243540043
10298,8990,286.8667,20124.02,9.566199,0.980347,-1.356093,0,0,0,0,0,0,0,0,0,0,0,0.01960694,1033.15664517674,0.0194172000874786,1053.41368552933
10299,8990,286.9333,20122.78,9.56846,0.981324,-1.357422,0,0,0,0,0,0,0,0,0,0,0,0.01962648,1033.0929842263,0.0194363641515909,1053.36896301935
10300,8990,287,20122.86,9.57062,0.982379,-1.358069,0,0,0,0,0,0,0,0,0,0,0,0.01964758,1033.09709138439,0.0194570577899936,1053.39494913513
10301,8990,287.0667,20121.77,9.5729,0.983397,-1.361741,0,0,0,0,0,0,0,0,0,0,0,0.01966794,1033.04113135537,0.0194770252739861,1053.3589223444
10302,8990,287.1333,20120.74,9.57514,0.984419,-1.362735,0,0,0,0,0,0,0,0,0,0,0,0.01968838,1032.98825169492,0.0194970708146308,1053.32611692982
10303,8990,287.2,20120.85,9.57734,0.985434,-1.357936,0,0,0,0,0,0,0,0,0,0,0,0.01970868,1032.99389903729,0.0195169786593548,1053.35284523537
10304,8990,287.2667,20119.89,9.579639,0.986431,-1.357205,0,0,0,0,0,0,0,0,0,0,0,0.01972862,1032.94461314017,0.0195365330727224,1053.32318489386
10305,8990,287.3333,20119.07,9.5818,0.987469,-1.355338,0,0,0,0,0,0,0,0,0,0,0,0.01974938,1032.90251476972,0.0195568912231909,1053.30169903686
10306,8990,287.4,20119.03,9.58392,0.988527,-1.355193,0,0,0,0,0,0,0,0,0,0,0,0.01977054,1032.90046119067,0.0195776412043931,1053.32146107466
10307,8990,287.4667,20117.6,9.58622,0.989534,-1.350546,0,0,0,0,0,0,0,0,0,0,0,0.01979068,1032.82704573975,0.0195973905502851,1053.26739529733
10308,8990,287.5333,20116.44,9.58844,0.990542,-1.345924,0,0,0,0,0,0,0,0,0,0,0,0.01981084,1032.7674919474,0.0196171591176283,1053.22748348757
10309,8990,287.6,20116.7,9.5906,0.991569,-1.351334,0,0,0,0,0,0,0,0,0,0,0,0.01983138,1032.7808402112,0.0196372999048695,1053.26230951015
10310,8990,287.6667,20115.74,9.592959,0.992607,-1.352206,0,0,0,0,0,0,0,0,0,0,0,0.01985214,1032.73155431408,0.019657656004036,1053.23348571274
10311,8990,287.7333,20115.02,9.5952,0.993637,-1.359424,0,0,0,0,0,0,0,0,0,0,0,0.01987274,1032.69458989124,0.0196778548065341,1053.21706097555
10312,8990,287.8,20115.53,9.59732,0.994685,-1.357463,0,0,0,0,0,0,0,0,0,0,0,0.0198937,1032.72077302408,0.0196984061790732,1053.26541026639
10313,8990,287.8667,20114.48,9.59966,0.99571,-1.359796,0,0,0,0,0,0,0,0,0,0,0,0.0199142,1032.66686657411,0.0197185061110333,1053.23160108844
10314,8990,287.9333,20113.19,9.60184,0.996736,-1.360597,0,0,0,0,0,0,0,0,0,0,0,0.01993472,1032.60063864985,0.0197386252480923,1053.18524325316
10315,8990,288,20113.07,9.60392,0.997799,-1.354518,0,0,0,0,0,0,0,0,0,0,0,0.01995598,1032.59447791271,0.0197594695021504,1053.20091266205
10316,8990,288.0667,20111.74,9.606219,0.998793,-1.349558,0,0,0,0,0,0,0,0,0,0,0,0.01997586,1032.52619640941,0.019778960349453,1053.15179515522
10317,8990,288.1333,20110.18,9.608479,0.999778,-1.348949,0,0,0,0,0,0,0,0,0,0,0,0.01999556,1032.44610682659,0.0197982743455291,1053.09044490241
10318,8990,288.2,20110.19,9.61066,1.001958,-1.352485,0,0,0,0,0,0,0,0,0,0,0,0.02003916,1032.44662022135,0.0198410187160825,1053.13598323543
10319,8990,288.2667,20109.65,9.61298,1.004278,-1.358205,0,0,0,0,0,0,0,0,0,0,0,0.02008556,1032.41889690422,0.0198865061311931,1053.15560860313
10320,8990,288.3333,20108.77,9.61518,1.006478,-1.356394,0,0,0,0,0,0,0,0,0,0,0,0.02012956,1032.37371816519,0.0199296388377155,1053.15494686742
10321,8990,288.4,20108.46,9.61734,1.008638,-1.362612,0,0,0,0,0,0,0,0,0,0,0,0.02017276,1032.35780292758,0.0199719855032884,1053.18330912017
10322,8990,288.4667,20107.63,9.619639,1.010938,-1.351502,0,0,0,0,0,0,0,0,0,0,0,0.02021876,1032.31519116236,0.0200170748888861,1053.18732425683
10323,8990,288.5333,20106.71,9.621799,1.013098,-1.341316,0,0,0,0,0,0,0,0,0,0,0,0.02026196,1032.26795884429,0.0200594178520743,1053.18373093568
10324,8990,288.6,20105.97,9.623919,1.015218,-1.341638,0,0,0,0,0,0,0,0,0,0,0,0.02030436,1032.22996763193,0.0201009749429568,1053.18873649751
10325,8990,288.6667,20104.95,9.62628,1.017578,-1.343826,0,0,0,0,0,0,0,0,0,0,0,0.02035156,1032.17760136624,0.0201472345789355,1053.1840257511
10326,8990,288.7333,20104.16,9.62846,1.019758,-1.363703,0,0,0,0,0,0,0,0,0,0,0,0.02039516,1032.13704318006,0.0201899640363243,1053.18764331765
10327,8990,288.8,20103.69,9.63064,1.021938,-1.361896,0,0,0,0,0,0,0,0,0,0,0,0.02043876,1032.11291362627,0.0202326916679843,1053.20802176077
10328,8990,288.8667,20102.98,9.632999,1.024298,-1.357395,0,0,0,0,0,0,0,0,0,0,0,0.02048596,1032.07646259819,0.0202789452113374,1053.21953972792
10329,8990,288.9333,20102.49,9.63518,1.026478,-1.358893,0,0,0,0,0,0,0,0,0,0,0,0.02052956,1032.05130625487,0.0203216690412929,1053.2388654697
10330,8990,289,20101.94,9.63734,1.028638,-1.347033,0,0,0,0,0,0,0,0,0,0,0,0.02057276,1032.02306954297,0.0203639991092991,1053.25463246714
10331,8990,289.0667,20101.12,9.63966,1.030958,-1.348994,0,0,0,0,0,0,0,0,0,0,0,0.02061916,1031.98097117252,0.0204094627421436,1053.25955193408
10332,8990,289.1333,20100.41,9.6418,1.033098,-1.365659,0,0,0,0,0,0,0,0,0,0,0,0.02066196,1031.94452014444,0.0204513971916291,1053.26651654188
10333,8990,289.2,20099.29,9.64398,1.035278,-1.364476,0,0,0,0,0,0,0,0,0,0,0,0.02070556,1031.88701993113,0.0204941136545682,1053.25281853554
10334,8990,289.2667,20098.36,9.646319,1.037618,-1.355612,0,0,0,0,0,0,0,0,0,0,0,0.02075236,1031.8392742183,0.0205399632403467,1053.25237429901
10335,8990,289.3333,20097.96,9.648459,1.039758,-1.353917,0,0,0,0,0,0,0,0,0,0,0,0.02079516,1031.81873842783,0.0205818922178377,1053.27557418443
10336,8990,289.4,20096.97,9.65068,1.041978,-1.3552,0,0,0,0,0,0,0,0,0,0,0,0.02083956,1031.76791234642,0.02062538677597,1053.26950166184
10337,8990,289.4667,20096.27,9.65302,1.044318,-1.357317,0,0,0,0,0,0,0,0,0,0,0,0.02088636,1031.73197471311,0.0206712303434633,1053.28110016047
10338,8990,289.5333,20096.32,9.65516,1.046458,-1.355522,0,0,0,0,0,0,0,0,0,0,0,0.02092916,1031.73454168691,0.0207131538175354,1053.32787898741
10339,8990,289.6,20095.35,9.65736,1.048658,-1.355656,0,0,0,0,0,0,0,0,0,0,0,0.02097316,1031.68474239503,0.020756250884007,1053.32243156684
10340,8990,289.6667,20094.42,9.659679,1.050978,-1.357706,0,0,0,0,0,0,0,0,0,0,0,0.02101956,1031.6369966822,0.020801696687563,1053.32155243218
10341,8990,289.7333,20094.39,9.661819,1.053118,-1.367292,0,0,0,0,0,0,0,0,0,0,0,0.02106236,1031.63545649791,0.0208436146925039,1053.36413387143
10342,8990,289.8,20093.2,9.66396,1.055258,-1.366541,0,0,0,0,0,0,0,0,0,0,0,0.02110516,1031.57436252127,0.0208855309403996,1053.34590449418
10343,8990,289.8667,20091.8,9.66632,1.057618,-1.362784,0,0,0,0,0,0,0,0,0,0,0,0.02115236,1031.50248725464,0.0209317542981752,1053.32119920594
10344,8990,289.9333,20091.77,9.66848,1.059778,-1.357542,0,0,0,0,0,0,0,0,0,0,0,0.02119556,1031.50094707035,0.0209740585496529,1053.36418728404
10345,8990,290,20091.04,9.67066,1.061958,-1.358579,0,0,0,0,0,0,0,0,0,0,0,0.02123916,1031.46346925275,0.0210167526926575,1053.37088691037
10346,8990,290.0667,20089.83,9.672999,1.064298,-1.356979,0,0,0,0,0,0,0,0,0,0,0,0.02128596,1031.40134848659,0.0210625783224624,1053.35571633442
10347,8990,290.1333,20089.93,9.67524,1.066538,-1.359333,0,0,0,0,0,0,0,0,0,0,0,0.02133076,1031.40648243421,0.0211064436248155,1053.40716657345
10348,8990,290.2,20089.26,9.6774,1.068698,-1.359415,0,0,0,0,0,0,0,0,0,0,0,0.02137396,1031.37208498517,0.021148740486994,1053.41659067476
10349,8990,290.2667,20088.01,9.67968,1.070978,-1.356755,0,0,0,0,0,0,0,0,0,0,0,0.02141956,1031.30791063997,0.0211933852340632,1053.39807231039
10350,8990,290.3333,20087.68,9.68184,1.073138,-1.35651,0,0,0,0,0,0,0,0,0,0,0,0.02146276,1031.29096861283,0.0212356784191218,1053.42531916233
10351,8990,290.4,20086.41,9.684,1.075298,-1.354605,0,0,0,0,0,0,0,0,0,0,0,0.02150596,1031.2257674781,0.0212779698155428,1053.40326758445
10352,8990,290.4667,20084.91,9.686299,1.077598,-1.36088,0,0,0,0,0,0,0,0,0,0,0,0.02155196,1031.14875826385,0.0213230003548706,1053.372035056
10353,8990,290.5333,20084.79,9.688499,1.079798,-1.359981,0,0,0,0,0,0,0,0,0,0,0,0.02159596,1031.14259752671,0.0213660711473237,1053.41111181719
10354,8990,290.6,20083.95,9.69074,1.082038,-1.364496,0,0,0,0,0,0,0,0,0,0,0,0.02164076,1031.09947236673,0.0214099231391841,1053.41324858434
10355,8990,290.6667,20083.07,9.69302,1.084318,-1.3638,0,0,0,0,0,0,0,0,0,0,0,0.02168636,1031.0542936277,0.0214545562276027,1053.41410821886
10356,8990,290.7333,20083.44,9.6952,1.086498,-1.364708,0,0,0,0,0,0,0,0,0,0,0,0.02172996,1031.07328923388,0.0214972298615363,1053.478470566
10357,8990,290.8,20082.69,9.69742,1.088718,-1.370329,0,0,0,0,0,0,0,0,0,0,0,0.02177436,1031.03478462676,0.021540684626542,1053.48490719974
10358,8990,290.8667,20081.49,9.699659,1.090958,-1.373385,0,0,0,0,0,0,0,0,0,0,0,0.02181916,1030.97317725536,0.0215845289620899,1053.4681459656
10359,8990,290.9333,20081.34,9.701819,1.093118,-1.369682,0,0,0,0,0,0,0,0,0,0,0,0.02186236,1030.96547633393,0.0216268056080191,1053.50481472511
10360,8990,291,20080.23,9.70403,1.095328,-1.363755,0,0,0,0,0,0,0,0,0,0,0,0.02190656,1030.90848951538,0.0216700590302374,1053.49214819546
10361,8990,291.0667,20078.83,9.7063,1.097598,-1.358442,0,0,0,0,0,0,0,0,0,0,0,0.02195196,1030.83661424875,0.0217144848058606,1053.46549837128
10362,8990,291.1333,20078.83,9.70854,1.099838,-1.355105,0,0,0,0,0,0,0,0,0,0,0,0.02199676,1030.83661424875,0.0217583215220842,1053.51167985159
10363,8990,291.2,20078.25,9.71082,1.102118,-1.357801,0,0,0,0,0,0,0,0,0,0,0,0.02204236,1030.80683735257,0.0218029390634624,1053.52825275196
10364,8990,291.2667,20077.15,9.712999,1.104298,-1.354715,0,0,0,0,0,0,0,0,0,0,0,0.02208596,1030.75036392879,0.0218455978335407,1053.51547523651
10365,8990,291.3333,20076.81,9.715199,1.106498,-1.362488,0,0,0,0,0,0,0,0,0,0,0,0.02212996,1030.73290850689,0.0218886461236712,1053.54298654283
10366,8990,291.4,20075.89,9.7175,1.108798,-1.367675,0,0,0,0,0,0,0,0,0,0,0,0.02217596,1030.68567618882,0.0219336491729288,1053.54212051656
10367,8990,291.4667,20074.95,9.71964,1.110938,-1.360976,0,0,0,0,0,0,0,0,0,0,0,0.02221876,1030.63741708122,0.0219755197565176,1053.53690249837
10368,8990,291.5333,20074.32,9.721809,1.113108,-1.356417,0,0,0,0,0,0,0,0,0,0,0,0.02226216,1030.60507321124,0.022017975520797,1053.54856824788
10369,8990,291.6,20073.14,9.72412,1.115418,-1.353994,0,0,0,0,0,0,0,0,0,0,0,0.02230836,1030.54449262936,0.0220631683860526,1053.53425016695
10370,8990,291.6667,20072.25,9.72629,1.117588,-1.36268,0,0,0,0,0,0,0,0,0,0,0,0.02235176,1030.49880049557,0.0221056204293844,1053.53226236454
10371,8990,291.7333,20072.08,9.72849,1.119788,-1.363818,0,0,0,0,0,0,0,0,0,0,0,0.02239576,1030.49007278462,0.0221486575276827,1053.56868113709
10372,8990,291.8,20071.36,9.73086,1.122158,-1.357284,0,0,0,0,0,0,0,0,0,0,0,0.02244316,1030.45310836178,0.0221950181476267,1053.57973234524
10373,8990,291.8667,20070.99,9.733009,1.124308,-1.356115,0,0,0,0,0,0,0,0,0,0,0,0.02248616,1030.4341127556,0.0222370733908919,1053.60461908448
10374,8990,291.9333,20070.76,9.735189,1.126488,-1.358062,0,0,0,0,0,0,0,0,0,0,0,0.02252976,1030.42230467608,0.0222797136457479,1053.63747189908
10375,8990,292,20069.84,9.73752,1.128818,-1.358151,0,0,0,0,0,0,0,0,0,0,0,0.02257636,1030.37507235801,0.0223252858530307,1053.63719092659
10376,8990,292.0667,20069.06,9.73961,1.130908,-1.361351,0,0,0,0,0,0,0,0,0,0,0,0.02261816,1030.3350275666,0.022366162160489,1053.6393100737
10377,8990,292.1333,20068.18,9.74181,1.133108,-1.36716,0,0,0,0,0,0,0,0,0,0,0,0.02266216,1030.28984882757,0.0224091880475293,1053.63844222808
10378,8990,292.2,20067.2,9.74418,1.135478,-1.366486,0,0,0,0,0,0,0,0,0,0,0,0.02270956,1030.23953614093,0.02245553659097,1053.63582270129
10379,8990,292.2667,20066.72,9.74629,1.137588,-1.35953,0,0,0,0,0,0,0,0,0,0,0,0.02275176,1030.21489319237,0.022496798676538,1053.65409519071
10380,8990,292.3333,20066.02,9.748529,1.139828,-1.352371,0,0,0,0,0,0,0,0,0,0,0,0.02279656,1030.17895555905,0.0225406011128521,1053.66349193019
10381,8990,292.4,20064.9,9.750899,1.142198,-1.354488,0,0,0,0,0,0,0,0,0,0,0,0.02284396,1030.12145534574,0.0225869435660302,1053.6535086668
10382,8990,292.4667,20064.56,9.75297,1.144268,-1.356593,0,0,0,0,0,0,0,0,0,0,0,0.02288536,1030.10399992385,0.0226274181289168,1053.67830079954
10383,8990,292.5333,20063.49,9.75519,1.146488,-1.358167,0,0,0,0,0,0,0,0,0,0,0,0.02292976,1030.04906668435,0.0226708238106647,1053.66784457164
10384,8990,292.6,20062.28,9.7576,1.148898,-1.349331,0,0,0,0,0,0,0,0,0,0,0,0.02297796,1029.98694591819,0.0227179422603755,1053.65394476202
10385,8990,292.6667,20062.28,9.759649,1.150948,-1.354861,0,0,0,0,0,0,0,0,0,0,0,0.02301896,1029.98694591819,0.0227580205220822,1053.6961742268
10386,8990,292.7333,20061.41,9.761769,1.153068,-1.354503,0,0,0,0,0,0,0,0,0,0,0,0.02306136,1029.94228057392,0.0227994656203921,1053.69415028546
10387,8990,292.8,20059.72,9.76421,1.155508,-1.360148,0,0,0,0,0,0,0,0,0,0,0,0.02311016,1029.8555168592,0.0228471644565183,1053.6556426307
10388,8990,292.8667,20059.61,9.76633,1.157628,-1.361049,0,0,0,0,0,0,0,0,0,0,0,0.02315256,1029.84986951682,0.0228886058604901,1053.6935304118
10389,8990,292.9333,20059.22,9.76847,1.159768,-1.359261,0,0,0,0,0,0,0,0,0,0,0,0.02319536,1029.82984712111,0.0229304364794067,1053.71712116383
10390,8990,293,20058.04,9.770909,1.162208,-1.356019,0,0,0,0,0,0,0,0,0,0,0,0.02324416,1029.76926653924,0.0229781290689334,1053.70538813376
10391,8990,293.0667,20058.29,9.773089,1.164388,-1.36254,0,0,0,0,0,0,0,0,0,0,0,0.02328776,1029.78210140828,0.0230207377373648,1053.76341983817
10392,8990,293.1333,20058.02,9.775189,1.166488,-1.360051,0,0,0,0,0,0,0,0,0,0,0,0.02332976,1029.76823974971,0.023061781068222,1053.7924856387
10393,8990,293.2,20056.7,9.77759,1.168888,-1.358756,0,0,0,0,0,0,0,0,0,0,0,0.02337776,1029.70047164117,0.0231086856694313,1053.77256213909
10394,8990,293.2667,20056.42,9.77973,1.171028,-1.357963,0,0,0,0,0,0,0,0,0,0,0,0.02342056,1029.68609658785,0.0231505070834787,1053.80192159415
10395,8990,293.3333,20055.54,9.78177,1.173068,-1.362352,0,0,0,0,0,0,0,0,0,0,0,0.02346136,1029.64091784882,0.0231903725975632,1053.7976940932
10396,8990,293.4,20053.68,9.78421,1.175508,-1.370357,0,0,0,0,0,0,0,0,0,0,0,0.02351016,1029.54542642315,0.0232380527919699,1053.75020412562
10397,8990,293.4667,20053.44,9.786389,1.177688,-1.363888,0,0,0,0,0,0,0,0,0,0,0,0.02355376,1029.53310494887,0.0232806503870724,1053.78248061489
10398,8990,293.5333,20052.85,9.788489,1.179788,-1.355084,0,0,0,0,0,0,0,0,0,0,0,0.02359576,1029.50281465793,0.023321683051854,1053.79471599192
10399,8990,293.6,20051.32,9.79093,1.182228,-1.355905,0,0,0,0,0,0,0,0,0,0,0,0.02364456,1029.42426525939,0.0233693569859128,1053.76454906478
10400,8990,293.6667,20051.3,9.79313,1.184428,-1.351896,0,0,0,0,0,0,0,0,0,0,0,0.02368856,1029.42323846987,0.0234123397321763,1053.80879261976
10401,8990,293.7333,20050.82,9.79521,1.186508,-1.353806,0,0,0,0,0,0,0,0,0,0,0,0.02373016,1029.39859552131,0.0234529762659729,1053.82638889681
10402,8990,293.8,20049.3,9.79757,1.188868,-1.352115,0,0,0,0,0,0,0,0,0,0,0,0.02377736,1029.32055951754,0.0234990811027536,1053.79508501659
10403,8990,293.8667,20049.12,9.799749,1.191048,-1.350217,0,0,0,0,0,0,0,0,0,0,0,0.02382096,1029.31131841183,0.0235416675803658,1053.83050215526
10404,8990,293.9333,20048.51,9.801809,1.193108,-1.354712,0,0,0,0,0,0,0,0,0,0,0,0.02386216,1029.28000133136,0.023581908181661,1053.84084540793
10405,8990,294,20046.77,9.80417,1.195468,-1.353168,0,0,0,0,0,0,0,0,0,0,0,0.02390936,1029.19067064283,0.0236280070745769,1053.79796089587
10406,8990,294.0667,20046.43,9.80643,1.197728,-1.34888,0,0,0,0,0,0,0,0,0,0,0,0.02395456,1029.17321522094,0.0236721506327166,1053.82660675534
10407,8990,294.1333,20046.36,9.80859,1.199888,-1.35738,0,0,0,0,0,0,0,0,0,0,0,0.02399776,1029.1696214576,0.0237143391149236,1053.86738703264
10408,8990,294.2,20045.42,9.81085,1.202148,-1.361398,0,0,0,0,0,0,0,0,0,0,0,0.02404296,1029.12136235001,0.0237584788623084,1053.86448610013
10409,8990,294.2667,20044.98,9.813109,1.204408,-1.360039,0,0,0,0,0,0,0,0,0,0,0,0.02408816,1029.09877298049,0.0238026166614619,1053.88786887985
10410,8990,294.3333,20044.39,9.81531,1.206608,-1.352339,0,0,0,0,0,0,0,0,0,0,0,0.02413216,1029.06848268956,0.0238455807894681,1053.90212796478
10411,8990,294.4,20043.38,9.81747,1.208768,-1.344003,0,0,0,0,0,0,0,0,0,0,0,0.02417536,1029.01662981863,0.0238877619557087,1053.89347729048
10412,8990,294.4667,20042.45,9.81971,1.211008,-1.343624,0,0,0,0,0,0,0,0,0,0,0,0.02422016,1028.96888410579,0.0239315035081283,1053.89067511385
10413,8990,294.5333,20041.21,9.82195,1.213248,-1.350751,0,0,0,0,0,0,0,0,0,0,0,0.02426496,1028.90522315534,0.0239752431473082,1053.871567239
10414,8990,294.6,20040.12,9.82411,1.215408,-1.358505,0,0,0,0,0,0,0,0,0,0,0,0.02430816,1028.84926312632,0.0240174188447091,1053.85869563028
10415,8990,294.6667,20039.62,9.826409,1.217708,-1.354622,0,0,0,0,0,0,0,0,0,0,0,0.02435416,1028.82359338824,0.0240623261967492,1053.87972779339
10416,8990,294.7333,20038.94,9.82869,1.219988,-1.353761,0,0,0,0,0,0,0,0,0,0,0,0.02439976,1028.78868254444,0.0241068410597228,1053.89087948924
10417,8990,294.8,20038.23,9.83083,1.222128,-1.353526,0,0,0,0,0,0,0,0,0,0,0,0.02444256,1028.75223151637,0.0241486207511986,1053.89756966034
10418,8990,294.8667,20037.88,9.83309,1.224388,-1.357169,0,0,0,0,0,0,0,0,0,0,0,0.02448776,1028.73426269971,0.0241927413340863,1053.92566042847
10419,8990,294.9333,20037.17,9.83537,1.226668,-1.353867,0,0,0,0,0,0,0,0,0,0,0,0.02453336,1028.69781167163,0.0242372503921554,1053.93522541658
10420,8990,295,20036.54,9.83745,1.228748,-1.352206,0,0,0,0,0,0,0,0,0,0,0,0.02457496,1028.66546780164,0.024277853418945,1053.94488052625
10421,8990,295.0667,20035.78,9.839709,1.231008,-1.349959,0,0,0,0,0,0,0,0,0,0,0,0.02462016,1028.62644979976,0.0243219683005062,1053.95139757406
10422,8990,295.1333,20034.79,9.84203,1.233328,-1.353223,0,0,0,0,0,0,0,0,0,0,0,0.02466656,1028.57562371835,0.0243672523493951,1053.94704605534
10423,8990,295.2,20034.23,9.84411,1.235408,-1.352366,0,0,0,0,0,0,0,0,0,0,0,0.02470816,1028.5468736117,0.0244078500981619,1053.96037433239
10424,8990,295.2667,20033.72,9.84639,1.237688,-1.347771,0,0,0,0,0,0,0,0,0,0,0,0.02475376,1028.52069047885,0.0244523495831852,1053.980444806
10425,8990,295.3333,20032.72,9.84875,1.240048,-1.350426,0,0,0,0,0,0,0,0,0,0,0,0.02480096,1028.46935100269,0.0244984083680986,1053.97637823813
10426,8990,295.4,20032.41,9.85079,1.242088,-1.356708,0,0,0,0,0,0,0,0,0,0,0,0.02484176,1028.45343576507,0.0245382201846724,1054.00202918752
10427,8990,295.4667,20031.57,9.85303,1.244328,-1.354552,0,0,0,0,0,0,0,0,0,0,0,0.02488656,1028.41031060509,0.0245819332949126,1054.00390550459
10428,8990,295.5333,20030.05,9.85545,1.246748,-1.35011,0,0,0,0,0,0,0,0,0,0,0,0.02493496,1028.33227460132,0.0246291569185663,1053.97369873521
10429,8990,295.6,20029.69,9.85749,1.248788,-1.358906,0,0,0,0,0,0,0,0,0,0,0,0.02497576,1028.3137923899,0.0246689635302469,1053.99671087332
10430,8990,295.6667,20028.87,9.85961,1.250908,-1.363821,0,0,0,0,0,0,0,0,0,0,0,0.02501816,1028.27169401944,0.0247103295065966,1053.99715978389
10431,8990,295.7333,20027.05,9.86205,1.253348,-1.35515,0,0,0,0,0,0,0,0,0,0,0,0.02506696,1028.17825617282,0.0247579372859354,1053.95155939317
10432,8990,295.8,20026.36,9.86417,1.255468,-1.355229,0,0,0,0,0,0,0,0,0,0,0,0.02510936,1028.14283193426,0.0247992995820389,1053.95884043272
10433,8990,295.8667,20025.98,9.86629,1.257588,-1.34893,0,0,0,0,0,0,0,0,0,0,0,0.02515176,1028.12332293332,0.0248406601673735,1053.98243400214
10434,8990,295.9333,20024.69,9.86875,1.260048,-1.340416,0,0,0,0,0,0,0,0,0,0,0,0.02520096,1028.05709500906,0.0248886519099938,1053.9651207381
10435,8990,296,20024.28,9.87089,1.262188,-1.351242,0,0,0,0,0,0,0,0,0,0,0,0.02524376,1028.03604582383,0.0249303989511002,1053.98754103596
10436,8990,296.0667,20024.05,9.87301,1.264308,-1.364133,0,0,0,0,0,0,0,0,0,0,0,0.02528616,1028.02423774432,0.0249717541145558,1054.0190231038
10437,8990,296.1333,20023.01,9.87543,1.266728,-1.363628,0,0,0,0,0,0,0,0,0,0,0,0.02533456,1027.9708446891,0.0250189593334798,1054.01403373213
10438,8990,296.2,20022.71,9.87755,1.268848,-1.359017,0,0,0,0,0,0,0,0,0,0,0,0.02537696,1027.95544284625,0.0250603108347442,1054.04182700114
10439,8990,296.2667,20022.11,9.87963,1.270928,-1.358487,0,0,0,0,0,0,0,0,0,0,0,0.02541856,1027.92463916055,0.0251008804572152,1054.05300327653
10440,8990,296.3333,20020.64,9.88205,1.273348,-1.361664,0,0,0,0,0,0,0,0,0,0,0,0.02546696,1027.84917013059,0.0251480795812393,1054.02536383233
10441,8990,296.4,20020.21,9.88421,1.275508,-1.363428,0,0,0,0,0,0,0,0,0,0,0,0.02551016,1027.82709415583,0.025190205843483,1054.04712778008
10442,8990,296.4667,20019.91,9.88633,1.277628,-1.361244,0,0,0,0,0,0,0,0,0,0,0,0.02555256,1027.81169231298,0.0252315502641997,1054.07491224951
10443,8990,296.5333,20018.77,9.88879,1.280088,-1.362688,0,0,0,0,0,0,0,0,0,0,0,0.02560176,1027.75316531015,0.0252795232514389,1054.06545518766
10444,8990,296.6,20018.58,9.89095,1.282248,-1.358953,0,0,0,0,0,0,0,0,0,0,0,0.02564496,1027.74341080968,0.0253216439769324,1054.09984947016
10445,8990,296.6667,20018.14,9.89305,1.284348,-1.355111,0,0,0,0,0,0,0,0,0,0,0,0.02568696,1027.72082144017,0.025362592981427,1054.11984507167
10446,8990,296.7333,20016.69,9.89541,1.286708,-1.356372,0,0,0,0,0,0,0,0,0,0,0,0.02573416,1027.64637919973,0.0254086098616747,1054.09199554547
10447,8990,296.8,20015.99,9.89757,1.288868,-1.362542,0,0,0,0,0,0,0,0,0,0,0,0.02577736,1027.61044156641,0.0254507251504119,1054.09952585843
10448,8990,296.8667,20015.23,9.89962,1.290918,-1.360108,0,0,0,0,0,0,0,0,0,0,0,0.02581836,1027.57142356452,0.0254906940386346,1054.10163250382
10449,8990,296.9333,20013.53,9.90199,1.293288,-1.372442,0,0,0,0,0,0,0,0,0,0,0,0.02586576,1027.48414645504,0.0255368999818854,1054.06080479105
10450,8990,297,20013.05,9.90427,1.295568,-1.368057,0,0,0,0,0,0,0,0,0,0,0,0.02591136,1027.45950350648,0.0255813492542386,1054.08237658726
10451,8990,297.0667,20013.04,9.90639,1.297688,-1.360708,0,0,0,0,0,0,0,0,0,0,0,0.02595376,1027.45899011172,0.0256226775068539,1054.12541415092
10452,8990,297.1333,20012.42,9.90871,1.300008,-1.366113,0,0,0,0,0,0,0,0,0,0,0,0.02600016,1027.42715963649,0.0256679026939847,1054.14043017539
10453,8990,297.2,20012.32,9.91097,1.302268,-1.368519,0,0,0,0,0,0,0,0,0,0,0,0.02604536,1027.42202568888,0.025711956297637,1054.18160221987
10454,8990,297.2667,20011.98,9.91311,1.304408,-1.366343,0,0,0,0,0,0,0,0,0,0,0,0.02608816,1027.40457026698,0.0257536689830828,1054.20766508083
10455,8990,297.3333,20011.05,9.91535,1.306648,-1.369019,0,0,0,0,0,0,0,0,0,0,0,0.02613296,1027.35682455414,0.0257973289957106,1054.20469935594
10456,8990,297.4,20010.55,9.91759,1.308888,-1.376562,0,0,0,0,0,0,0,0,0,0,0,0.02617776,1027.33115481606,0.0258409871022249,1054.22438322736
10457,8990,297.4667,20009.41,9.91973,1.311028,-1.38087,0,0,0,0,0,0,0,0,0,0,0,0.02622056,1027.27262781323,0.0258826944059088,1054.20829138716
10458,8990,297.5333,20008.19,9.922009,1.313308,-1.382111,0,0,0,0,0,0,0,0,0,0,0,0.02626616,1027.20999365231,0.0259271283109501,1054.19085569918
10459,8990,297.6,20007.77,9.92429,1.315588,-1.379845,0,0,0,0,0,0,0,0,0,0,0,0.02631176,1027.18843107232,0.0259715602417072,1054.21556654547
10460,8990,297.6667,20006.95,9.92647,1.317768,-1.373879,0,0,0,0,0,0,0,0,0,0,0,0.02635536,1027.14633270186,0.026014041557437,1054.2171440729
10461,8990,297.7333,20005.99,9.92867,1.319968,-1.370839,0,0,0,0,0,0,0,0,0,0,0,0.02639936,1027.09704680474,0.0260569107805139,1054.21175149827
10462,8990,297.8,20005.38,9.93097,1.322268,-1.371019,0,0,0,0,0,0,0,0,0,0,0,0.02644536,1027.06572972428,0.026101726639755,1054.2268526905
10463,8990,297.8667,20004.34,9.933169,1.324468,-1.375138,0,0,0,0,0,0,0,0,0,0,0,0.02648936,1027.01233666906,0.0261445921040856,1054.21723617953
10464,8990,297.9333,20003.4,9.93534,1.326638,-1.381977,0,0,0,0,0,0,0,0,0,0,0,0.02653276,1026.96407756146,0.0261868712393991,1054.21226896002
10465,8990,298,20002.81,9.93759,1.328888,-1.37827,0,0,0,0,0,0,0,0,0,0,0,0.02657776,1026.93378727053,0.0262307071650044,1054.22738700449
10466,8990,298.0667,20001.68,9.93981,1.331108,-1.378561,0,0,0,0,0,0,0,0,0,0,0,0.02662216,1026.87577366246,0.0262739567283563,1054.21342480902
10467,8990,298.1333,20000.83,9.941939,1.333238,-1.371897,0,0,0,0,0,0,0,0,0,0,0,0.02666476,1026.83213510772,0.0263154511727918,1054.21236755065
10468,8990,298.2,20000.34,9.94422,1.335518,-1.368802,0,0,0,0,0,0,0,0,0,0,0,0.02671036,1026.80697876439,0.0263598658533471,1054.2333628177
10469,8990,298.2667,19999.35,9.946569,1.337868,-1.364953,0,0,0,0,0,0,0,0,0,0,0,0.02675736,1026.75615268299,0.0264056420781695,1054.22943669254
10470,8990,298.3333,19999.2,9.94868,1.339978,-1.359859,0,0,0,0,0,0,0,0,0,0,0,0.02679956,1026.74845176156,0.0264467414989793,1054.26485849945
10471,8990,298.4,19998.98,9.95092,1.342218,-1.37904,0,0,0,0,0,0,0,0,0,0,0,0.02684436,1026.73715707681,0.0264903712631957,1054.29925894675
10472,8990,298.4667,19997.7,9.95329,1.344588,-1.384076,0,0,0,0,0,0,0,0,0,0,0,0.02689176,1026.67144254731,0.0265365310395632,1054.28044457915
10473,8990,298.5333,19997.38,9.955359,1.346658,-1.380873,0,0,0,0,0,0,0,0,0,0,0,0.02693316,1026.65501391494,0.0265768460631102,1054.30607766951
10474,8990,298.6,19996.95,9.9575,1.348798,-1.386424,0,0,0,0,0,0,0,0,0,0,0,0.02697596,1026.63293794019,0.0266185226880293,1054.32734700874
10475,8990,298.6667,19995.04,9.959889,1.351188,-1.391555,0,0,0,0,0,0,0,0,0,0,0,0.02702376,1026.53487954071,0.0266650660244702,1054.27571175704
10476,8990,298.7333,19994.17,9.96204,1.353338,-1.394125,0,0,0,0,0,0,0,0,0,0,0,0.02706676,1026.49021419644,0.0267069337022455,1054.27397846645
10477,8990,298.8,19994.06,9.96418,1.355478,-1.389202,0,0,0,0,0,0,0,0,0,0,0,0.02710956,1026.48456685406,0.0267486049060165,1054.31211180827
10478,8990,298.8667,19992.59,9.96661,1.357908,-1.381232,0,0,0,0,0,0,0,0,0,0,0,0.02715816,1026.4090978241,0.0267959210367582,1054.28448032826
10479,8990,298.9333,19991.96,9.96876,1.360058,-1.370385,0,0,0,0,0,0,0,0,0,0,0,0.02720116,1026.37675395411,0.0268377832364111,1054.2953922587
10480,8990,299,19992.04,9.97088,1.362178,-1.365542,0,0,0,0,0,0,0,0,0,0,0,0.02724356,1026.38086111221,0.0268790595964838,1054.34312968477
10481,8990,299.0667,19990.78,9.97331,1.364608,-1.369167,0,0,0,0,0,0,0,0,0,0,0,0.02729216,1026.31617337224,0.026926369555163,1054.3265585865
10482,8990,299.1333,19990.08,9.97542,1.366718,-1.3631,0,0,0,0,0,0,0,0,0,0,0,0.02733436,1026.28023573892,0.0269674475803857,1054.33294916349
10483,8990,299.2,19989.81,9.97746,1.368758,-1.368495,0,0,0,0,0,0,0,0,0,0,0,0.02737516,1026.26637408035,0.0270071612232226,1054.36058027342
10484,8990,299.2667,19988.18,9.979919,1.371218,-1.37259,0,0,0,0,0,0,0,0,0,0,0,0.02742436,1026.1826907342,0.0270550491067172,1054.32509427066
10485,8990,299.3333,19987.28,9.982059,1.373358,-1.378222,0,0,0,0,0,0,0,0,0,0,0,0.02746716,1026.13648520565,0.0270967058069272,1054.32154022663
10486,8990,299.4,19987.42,9.984139,1.375438,-1.381183,0,0,0,0,0,0,0,0,0,0,0,0.02750876,1026.14367273231,0.0271371928993555,1054.37161275103
10487,8990,299.4667,19986.15,9.98665,1.377948,-1.386109,0,0,0,0,0,0,0,0,0,0,0,0.02755896,1026.07847159758,0.0271860477371026,1054.3561271532
10488,8990,299.5333,19985.64,9.98882,1.380118,-1.385202,0,0,0,0,0,0,0,0,0,0,0,0.02760236,1026.05228846474,0.0272282828644225,1054.37375310976
10489,8990,299.6,19985.69,9.99088,1.382178,-1.376227,0,0,0,0,0,0,0,0,0,0,0,0.02764356,1026.05485543855,0.0272683753901924,1054.41866439815
10490,8990,299.6667,19984.34,9.993299,1.384598,-1.36823,0,0,0,0,0,0,0,0,0,0,0,0.02769196,1025.98554714572,0.0273154723235525,1054.39709787786
10491,8990,299.7333,19983.51,9.99546,1.386758,-1.367203,0,0,0,0,0,0,0,0,0,0,0,0.02773516,1025.9429353805,0.0273575073824324,1054.39762684415
10492,8990,299.8,19983.13,9.997459,1.388758,-1.369787,0,0,0,0,0,0,0,0,0,0,0,0.02777516,1025.92342637956,0.0273964271578438,1054.418613695
10493,8990,299.8667,19981.45,9.99988,1.391178,-1.363738,0,0,0,0,0,0,0,0,0,0,0,0.02782356,1025.8371760596,0.0274435180608864,1054.37961827792
10494,8990,299.9333,19980.36,10.00214,1.393438,-1.368344,0,0,0,0,0,0,0,0,0,0,0,0.02786876,1025.78121603057,0.0274874935134067,1054.36846655264
10495,8990,300,19980.49,10.00424,1.395538,-1.368964,0,0,0,0,0,0,0,0,0,0,0,0.02791076,1025.78789016248,0.0275283539263032,1054.41840977571
10496,8990,300.0667,19979.57,10.0066,1.397898,-1.368336,0,0,0,0,0,0,0,0,0,0,0,0.02795796,1025.7406578444,0.0275742712551181,1054.41827412679
10497,8990,300.1333,19978.82,10.00884,1.400138,-1.366963,0,0,0,0,0,0,0,0,0,0,0,0.02800276,1025.70215323728,0.0276178518542719,1054.42464446586
10498,8990,300.2,19978.3,10.01094,1.402238,-1.363237,0,0,0,0,0,0,0,0,0,0,0,0.02804476,1025.67545670967,0.0276587069411289,1054.44027873098
10499,8990,300.2667,19977.2,10.01322,1.404518,-1.36368,0,0,0,0,0,0,0,0,0,0,0,0.02809036,1025.61898328589,0.0277030620027821,1054.42898974922
10500,8990,300.3333,19976.42,10.01544,1.406738,-1.374769,0,0,0,0,0,0,0,0,0,0,0,0.02813476,1025.57893849448,0.0277462479356598,1054.43335579007
10501,8990,300.4,19975.63,10.01754,1.408838,-1.378629,0,0,0,0,0,0,0,0,0,0,0,0.02817676,1025.5383803083,0.0277870977773277,1054.43472912104
10502,8990,300.4667,19974.65,10.01986,1.411158,-1.377629,0,0,0,0,0,0,0,0,0,0,0,0.02822316,1025.48806762166,0.0278322251862102,1054.43058143224
10503,8990,300.5333,19974.26,10.02214,1.413438,-1.372784,0,0,0,0,0,0,0,0,0,0,0,0.02826876,1025.46804522595,0.0278765725522893,1054.45675528412
10504,8990,300.6,19973.68,10.0243,1.415598,-1.373463,0,0,0,0,0,0,0,0,0,0,0,0.02831196,1025.43826832978,0.0279185840323991,1054.4704355652
10505,8990,300.6667,19973.06,10.02656,1.417858,-1.377176,0,0,0,0,0,0,0,0,0,0,0,0.02835716,1025.40643785455,0.0279625385990991,1054.48405227783
10506,8990,300.7333,19972.74,10.02884,1.420138,-1.375615,0,0,0,0,0,0,0,0,0,0,0,0.02840276,1025.39000922218,0.0280068801866262,1054.51391556052
10507,8990,300.8,19971.82,10.03098,1.422278,-1.370275,0,0,0,0,0,0,0,0,0,0,0,0.02844556,1025.34277690411,0.0280484972563828,1054.5092263851
10508,8990,300.8667,19970.85,10.0332,1.424498,-1.372754,0,0,0,0,0,0,0,0,0,0,0,0.02848996,1025.29297761222,0.028091668274215,1054.50353353268
10509,8990,300.9333,19970.2,10.03546,1.426758,-1.37905,0,0,0,0,0,0,0,0,0,0,0,0.02853516,1025.25960695272,0.0281356152338975,1054.51555387865
10510,8990,301,19968.86,10.03764,1.428938,-1.376634,0,0,0,0,0,0,0,0,0,0,0,0.02857876,1025.19081205465,0.0281780047190716,1054.48949422657
10511,8990,301.0667,19967.87,10.03986,1.431158,-1.386139,0,0,0,0,0,0,0,0,0,0,0,0.02862316,1025.13998597325,0.0282211701464176,1054.48273181416
10512,8990,301.1333,19967.3,10.04212,1.433418,-1.388455,0,0,0,0,0,0,0,0,0,0,0,0.02866836,1025.11072247183,0.02826511141538,1054.49896570351
10513,8990,301.2,19966.12,10.04438,1.435678,-1.380953,0,0,0,0,0,0,0,0,0,0,0,0.02871356,1025.05014188995,0.0283090507535922,1054.48298064212
10514,8990,301.2667,19965.6,10.04654,1.437838,-1.381151,0,0,0,0,0,0,0,0,0,0,0,0.02875676,1025.02344536235,0.0283510440689626,1054.49979857501
10515,8990,301.3333,19965.28,10.04878,1.440078,-1.372334,0,0,0,0,0,0,0,0,0,0,0,0.02880156,1025.00701672997,0.0283945908297728,1054.52881782274
10516,8990,301.4,19964.01,10.05106,1.442358,-1.372551,0,0,0,0,0,0,0,0,0,0,0,0.02884716,1024.94181559524,0.0284389132639805,1054.50847614041
10517,8990,301.4667,19963.45,10.0532,1.444498,-1.374674,0,0,0,0,0,0,0,0,0,0,0,0.02888996,1024.91306548859,0.0284805123580439,1054.52276295403
10518,8990,301.5333,19963.31,10.05536,1.446658,-1.377432,0,0,0,0,0,0,0,0,0,0,0,0.02893316,1024.90587796192,0.0285224984739412,1054.55964371394
10519,8990,301.6,19961.8,10.05766,1.448958,-1.380272,0,0,0,0,0,0,0,0,0,0,0,0.02897916,1024.82835535291,0.0285672039743269,1054.52702023522
10520,8990,301.6667,19960.85,10.05986,1.451158,-1.389666,0,0,0,0,0,0,0,0,0,0,0,0.02902316,1024.77958285055,0.028609963887257,1054.52192464836
10521,8990,301.7333,19961.03,10.06204,1.453338,-1.389938,0,0,0,0,0,0,0,0,0,0,0,0.02906676,1024.78882395626,0.02865233327023,1054.57611475288
10522,8990,301.8,19960.14,10.06438,1.455678,-1.383431,0,0,0,0,0,0,0,0,0,0,0,0.02911356,1024.74313182247,0.0286978103351434,1054.57705247538
10523,8990,301.8667,19959.28,10.06658,1.457878,-1.383845,0,0,0,0,0,0,0,0,0,0,0,0.02915756,1024.69897987297,0.028740564663841,1054.57670186056
10524,8990,301.9333,19959.54,10.06878,1.460078,-1.384274,0,0,0,0,0,0,0,0,0,0,0,0.02920156,1024.71232813677,0.0287833171646842,1054.6355266696
10525,8990,302,19958.45,10.07114,1.462438,-1.38604,0,0,0,0,0,0,0,0,0,0,0,0.02924876,1024.65636810775,0.0288291769064032,1054.62629630101
10526,8990,302.0667,19957.48,10.07326,1.464558,-1.388342,0,0,0,0,0,0,0,0,0,0,0,0.02929116,1024.60656881587,0.0288703711524745,1054.61848376011
10527,8990,302.1333,19957.09,10.07538,1.466678,-1.389371,0,0,0,0,0,0,0,0,0,0,0,0.02933356,1024.58654642017,0.0289115637016497,1054.64131735477
10528,8990,302.2,19955.47,10.07772,1.469018,-1.385874,0,0,0,0,0,0,0,0,0,0,0,0.02938036,1024.50337646877,0.0289570289793198,1054.60365449064
10529,8990,302.2667,19954.32,10.07988,1.471178,-1.379364,0,0,0,0,0,0,0,0,0,0,0,0.02942356,1024.44433607118,0.0289989950933208,1054.58713546023
10530,8990,302.3333,19954.16,10.08206,1.473358,-1.379393,0,0,0,0,0,0,0,0,0,0,0,0.02946716,1024.436121755,0.0290413479968364,1054.62334486453
10531,8990,302.4,19952.96,10.08446,1.475758,-1.381439,0,0,0,0,0,0,0,0,0,0,0,0.02951516,1024.37451438359,0.0290879729722357,1054.60909207555
10532,8990,302.4667,19952.42,10.08662,1.477918,-1.38036,0,0,0,0,0,0,0,0,0,0,0,0.02955836,1024.34679106646,0.0291299335915012,1054.62480228165
10533,8990,302.5333,19952.61,10.08876,1.480058,-1.382425,0,0,0,0,0,0,0,0,0,0,0,0.02960116,1024.35654556694,0.0291715039502717,1054.67868756931
10534,8990,302.6,19951.48,10.09112,1.482418,-1.384051,0,0,0,0,0,0,0,0,0,0,0,0.02964836,1024.29853195887,0.0292173458937078,1054.66730358186
10535,8990,302.6667,19950.57,10.09326,1.484558,-1.377646,0,0,0,0,0,0,0,0,0,0,0,0.02969116,1024.25181303556,0.0292589126189521,1054.66303749668
10536,8990,302.7333,19950.27,10.09534,1.486638,-1.377242,0,0,0,0,0,0,0,0,0,0,0,0.02973276,1024.23641119271,0.029299312266253,1054.68978658996
10537,8990,302.8,19948.8,10.0977,1.488998,-1.376074,0,0,0,0,0,0,0,0,0,0,0,0.02977996,1024.16094216274,0.0293451483512161,1054.66041405391
10538,8990,302.8667,19947.73,10.09994,1.491238,-1.38026,0,0,0,0,0,0,0,0,0,0,0,0.02982476,1024.10600892324,0.0293886518444564,1054.64972485393
10539,8990,302.9333,19947.79,10.10208,1.493378,-1.389668,0,0,0,0,0,0,0,0,0,0,0,0.02986756,1024.10908929181,0.0294302114498311,1054.69672896278
10540,8990,303,19947.11,10.10446,1.495758,-1.391967,0,0,0,0,0,0,0,0,0,0,0,0.02991516,1024.07417844802,0.0294764299169988,1054.70952134816
10541,8990,303.0667,19946.42,10.10666,1.497958,-1.388344,0,0,0,0,0,0,0,0,0,0,0,0.02995916,1024.03875420946,0.0295191509700062,1054.71809509302
10542,8990,303.1333,19946.03,10.10878,1.500078,-1.384167,0,0,0,0,0,0,0,0,0,0,0,0.03000156,1024.01873181376,0.0295603168035043,1054.74089123739
10543,8990,303.2,19945.01,10.11112,1.502418,-1.384498,0,0,0,0,0,0,0,0,0,0,0,0.03004836,1023.96636554807,0.0296057525956701,1054.73487552795
10544,8990,303.2667,19944.12,10.11326,1.504558,-1.380164,0,0,0,0,0,0,0,0,0,0,0,0.03009116,1023.92067341428,0.0296473031795898,1054.73163422529
10545,8990,303.3333,19943.18,10.11537,1.506668,-1.375645,0,0,0,0,0,0,0,0,0,0,0,0.03013336,1023.87241430668,0.0296882695884411,1054.72513036105
10546,8990,303.4,19941.88,10.11774,1.509038,-1.380125,0,0,0,0,0,0,0,0,0,0,0,0.03018076,1023.80567298766,0.0297342819897038,1054.70490629074
10547,8990,303.4667,19941.29,10.11994,1.511238,-1.385037,0,0,0,0,0,0,0,0,0,0,0,0.03022476,1023.77538269672,0.0297769920286546,1054.71874793264
10548,8990,303.5333,19940.79,10.1221,1.513398,-1.381508,0,0,0,0,0,0,0,0,0,0,0,0.03026796,1023.74971295864,0.0298189237468178,1054.73652832048
10549,8990,303.6,19940.13,10.12446,1.515758,-1.381093,0,0,0,0,0,0,0,0,0,0,0,0.03031516,1023.71582890437,0.0298647360215571,1054.74993805214
10550,8990,303.6667,19939.91,10.12666,1.517958,-1.379481,0,0,0,0,0,0,0,0,0,0,0,0.03035916,1023.70453421961,0.0299074404892933,1054.78334396671
10551,8990,303.7333,19939.36,10.12878,1.520078,-1.37657,0,0,0,0,0,0,0,0,0,0,0,0.03040156,1023.67629750772,0.0299485903419614,1054.79765388698
10552,8990,303.8,19938.53,10.13108,1.522378,-1.378909,0,0,0,0,0,0,0,0,0,0,0,0.03044756,1023.6336857425,0.0299932321350565,1054.80083380717
10553,8990,303.8667,19938.02,10.13326,1.524558,-1.374698,0,0,0,0,0,0,0,0,0,0,0,0.03049116,1023.60750260966,0.0300355429515629,1054.81848274893
10554,8990,303.9333,19937.05,10.13545,1.526748,-1.377784,0,0,0,0,0,0,0,0,0,0,0,0.03053496,1023.55770331778,0.0300780460519182,1054.81199684628
10555,8990,304,19936.19,10.13774,1.529038,-1.380774,0,0,0,0,0,0,0,0,0,0,0,0.03058076,1023.51355136827,0.0301224880010656,1054.81337363941
10556,8990,304.0667,19935.84,10.13994,1.531238,-1.38754,0,0,0,0,0,0,0,0,0,0,0,0.03062476,1023.49558255161,0.0301651814632941,1054.83988912832
10557,8990,304.1333,19934.95,10.14216,1.533458,-1.383061,0,0,0,0,0,0,0,0,0,0,0,0.03066916,1023.44989041783,0.0302082612003234,1054.83823885903
10558,8990,304.2,19934.11,10.14442,1.535718,-1.377447,0,0,0,0,0,0,0,0,0,0,0,0.03071436,1023.40676525784,0.0302521152425903,1054.84004907241
10559,8990,304.2667,19933.85,10.1466,1.537898,-1.375261,0,0,0,0,0,0,0,0,0,0,0,0.03075796,1023.39341699404,0.0302944151071906,1054.87091077821
10560,8990,304.3333,19932.56,10.14886,1.540158,-1.384368,0,0,0,0,0,0,0,0,0,0,0,0.03080316,1023.32718906979,0.0303382653715061,1054.84890020705
10561,8990,304.4,19931.88,10.15114,1.542438,-1.390478,0,0,0,0,0,0,0,0,0,0,0,0.03084876,1023.29227822599,0.0303825017428984,1054.85957612684
10562,8990,304.4667,19932.27,10.15329,1.544588,-1.391096,0,0,0,0,0,0,0,0,0,0,0,0.03089176,1023.3123006217,0.0304242140724463,1054.92421861755
10563,8990,304.5333,19930.95,10.15547,1.546768,-1.384999,0,0,0,0,0,0,0,0,0,0,0,0.03093536,1023.24453251316,0.0304665066580695,1054.89897049448
10564,8990,304.6,19929.64,10.15777,1.549068,-1.379862,0,0,0,0,0,0,0,0,0,0,0,0.03098136,1023.17727779938,0.0305111253369535,1054.8767013867
10565,8990,304.6667,19929.88,10.15993,1.551228,-1.385209,0,0,0,0,0,0,0,0,0,0,0,0.03102456,1023.18959927366,0.0305530262835875,1054.9336063877
10566,8990,304.7333,19929.16,10.16219,1.553488,-1.385772,0,0,0,0,0,0,0,0,0,0,0,0.03106976,1023.15263485082,0.0305968652094492,1054.941741659
10567,8990,304.8,19928.28,10.16445,1.555748,-1.385572,0,0,0,0,0,0,0,0,0,0,0,0.03111496,1023.10745611179,0.0306407022135438,1054.94140368441
10568,8990,304.8667,19928.66,10.16665,1.557948,-1.394659,0,0,0,0,0,0,0,0,0,0,0,0.03115896,1023.12696511273,0.0306833735576169,1055.0065372936
10569,8990,304.9333,19927.63,10.1689,1.560198,-1.39613,0,0,0,0,0,0,0,0,0,0,0,0.03120396,1023.07408545228,0.030727012821658,1054.99804829177
10570,8990,305,19926.13,10.17114,1.562438,-1.388159,0,0,0,0,0,0,0,0,0,0,0,0.03124876,1022.99707623803,0.0307704562417883,1054.9644663541
10571,8990,305.0667,19926.33,10.17327,1.564568,-1.375692,0,0,0,0,0,0,0,0,0,0,0,0.03129136,1023.00734413326,0.0308117645291695,1055.01863522118
10572,8990,305.1333,19925.31,10.17551,1.566808,-1.373806,0,0,0,0,0,0,0,0,0,0,0,0.03133616,1022.95497786757,0.0308552042676318,1055.01045872683
10573,8990,305.2,19924.01,10.17777,1.569068,-1.3697,0,0,0,0,0,0,0,0,0,0,0,0.03138136,1022.88823654856,0.0308990299486269,1054.98786053945
10574,8990,305.2667,19923.94,10.17993,1.571228,-1.374672,0,0,0,0,0,0,0,0,0,0,0,0.03142456,1022.88464278522,0.0309409146451828,1055.02834261551
10575,8990,305.3333,19922.37,10.18225,1.573548,-1.379017,0,0,0,0,0,0,0,0,0,0,0,0.03147096,1022.80403980764,0.0309858999578736,1054.99266483227
10576,8990,305.4,19920.8,10.18451,1.575808,-1.377717,0,0,0,0,0,0,0,0,0,0,0,0.03151616,1022.72343683006,0.0310297199115407,1054.95575230095
10577,8990,305.4667,19920.68,10.18665,1.577948,-1.376532,0,0,0,0,0,0,0,0,0,0,0,0.03155896,1022.71727609292,0.0310712113721193,1054.99316970045
10578,8990,305.5333,19919.71,10.18895,1.580248,-1.374321,0,0,0,0,0,0,0,0,0,0,0,0.03160496,1022.66747680104,0.0311158030786354,1054.98884149864
10579,8990,305.6,19918.15,10.19115,1.582448,-1.36997,0,0,0,0,0,0,0,0,0,0,0,0.03164896,1022.58738721822,0.0311584541547636,1054.95121453279
10580,8990,305.6667,19918.29,10.19325,1.584548,-1.373726,0,0,0,0,0,0,0,0,0,0,0,0.03169096,1022.59457474488,0.0311991648487201,1055.00157850934
10581,8990,305.7333,19917.6,10.19549,1.586788,-1.373446,0,0,0,0,0,0,0,0,0,0,0,0.03173576,1022.55915050633,0.0312425877622386,1055.0108422926
10582,8990,305.8,19916.26,10.19779,1.589088,-1.377791,0,0,0,0,0,0,0,0,0,0,0,0.03178176,1022.49035560826,0.0312871718276141,1054.98689869252
10583,8990,305.8667,19916.26,10.19999,1.591288,-1.383237,0,0,0,0,0,0,0,0,0,0,0,0.03182576,1022.49035560826,0.0313298155954626,1055.03188826816
10584,8990,305.9333,19915.61,10.20227,1.593568,-1.388506,0,0,0,0,0,0,0,0,0,0,0,0.03187136,1022.45698494875,0.0313740081269785,1055.04407960057
10585,8990,306,19914.78,10.20449,1.595788,-1.393987,0,0,0,0,0,0,0,0,0,0,0,0.03191576,1022.41437318353,0.0314170358206553,1055.04550493861
10586,8990,306.0667,19915.1,10.20667,1.597968,-1.37653,0,0,0,0,0,0,0,0,0,0,0,0.03195936,1022.43080181591,0.0314592864390034,1055.10703588623
10587,8990,306.1333,19914.56,10.20897,1.600268,-1.371662,0,0,0,0,0,0,0,0,0,0,0,0.03200536,1022.40307849878,0.031503860844333,1055.12545709124
10588,8990,306.2,19913.43,10.21109,1.602388,-1.380028,0,0,0,0,0,0,0,0,0,0,0,0.03204776,1022.34506489071,0.0315449450582953,1055.10893416751
10589,8990,306.2667,19912.53,10.21325,1.604548,-1.384977,0,0,0,0,0,0,0,0,0,0,0,0.03209096,1022.29885936216,0.0315868027101942,1055.10541116599
10590,8990,306.3333,19911.49,10.21561,1.606908,-1.382148,0,0,0,0,0,0,0,0,0,0,0,0.03213816,1022.24546630694,0.0316325340677754,1055.09855466239
10591,8990,306.4,19910.71,10.21777,1.609068,-1.383715,0,0,0,0,0,0,0,0,0,0,0,0.03218136,1022.20542151553,0.0316743880536413,1055.10138217928
10592,8990,306.4667,19909.85,10.21995,1.611248,-1.379299,0,0,0,0,0,0,0,0,0,0,0,0.03222496,1022.16126956603,0.0317166278003268,1055.10037559134
10593,8990,306.5333,19908.96,10.22233,1.613628,-1.371514,0,0,0,0,0,0,0,0,0,0,0,0.03227256,1022.11557743224,0.0317627407159853,1055.10186373186
10594,8990,306.6,19908.21,10.22447,1.615768,-1.36996,0,0,0,0,0,0,0,0,0,0,0,0.03231536,1022.07707282512,0.0318042017742347,1055.10586138121
10595,8990,306.6667,19907.78,10.22663,1.617928,-1.383501,0,0,0,0,0,0,0,0,0,0,0,0.03235856,1022.05499685036,0.0318460485758899,1055.12722478925
10596,8990,306.7333,19907.48,10.22897,1.620268,-1.376114,0,0,0,0,0,0,0,0,0,0,0,0.03240536,1022.03959500751,0.0318913806349739,1055.15915601799
10597,8990,306.8,19907.22,10.23111,1.622408,-1.369324,0,0,0,0,0,0,0,0,0,0,0,0.03244816,1022.02624674371,0.0319328363601297,1055.18911792225
10598,8990,306.8667,19906.48,10.23327,1.624568,-1.368175,0,0,0,0,0,0,0,0,0,0,0,0.03249136,1021.98825553135,0.0319746777792977,1055.19404385759
10599,8990,306.9333,19905.04,10.23563,1.626928,-1.370226,0,0,0,0,0,0,0,0,0,0,0,0.03253856,1021.91432668567,0.0320203914026705,1055.16594731939
10600,8990,307,19904.24,10.23777,1.629068,-1.369419,0,0,0,0,0,0,0,0,0,0,0,0.03258136,1021.87325510473,0.0320618417800472,1055.16727550367
10601,8990,307.0667,19903.59,10.23999,1.631288,-1.366355,0,0,0,0,0,0,0,0,0,0,0,0.03262576,1021.83988444522,0.0321048398886405,1055.17818727356
10602,8990,307.1333,19902.96,10.24233,1.633628,-1.365582,0,0,0,0,0,0,0,0,0,0,0,0.03267256,1021.80754057524,0.0321501602179652,1055.19260875314
10603,8990,307.2,19902.8,10.24445,1.635748,-1.366336,0,0,0,0,0,0,0,0,0,0,0,0.03271496,1021.79932625905,0.0321912178883496,1055.22745034564
10604,8990,307.2667,19901.74,10.24667,1.637968,-1.360694,0,0,0,0,0,0,0,0,0,0,0,0.03275936,1021.74490641431,0.0322342104344944,1055.21661563171
10605,8990,307.3333,19900.74,10.24901,1.640308,-1.362008,0,0,0,0,0,0,0,0,0,0,0,0.03280616,1021.69356693815,0.0322795249012154,1055.21140956609
10606,8990,307.4,19900.53,10.25115,1.642448,-1.359078,0,0,0,0,0,0,0,0,0,0,0,0.03284896,1021.68278564815,0.0323209645390248,1055.2440026066
10607,8990,307.4667,19899.28,10.25327,1.644568,-1.362584,0,0,0,0,0,0,0,0,0,0,0,0.03289136,1021.61861130294,0.0323620151973245,1055.22103683001
10608,8990,307.5333,19897.7,10.25561,1.646908,-1.362534,0,0,0,0,0,0,0,0,0,0,0,0.03293816,1021.5374949306,0.032407323873142,1055.18506038462
10609,8990,307.6,19897.31,10.25781,1.649108,-1.364128,0,0,0,0,0,0,0,0,0,0,0,0.03298216,1021.51747253489,0.0324499199012469,1055.20932525684
10610,8990,307.6667,19896.63,10.25997,1.651268,-1.366423,0,0,0,0,0,0,0,0,0,0,0,0.03302536,1021.4825616911,0.0324917396909505,1055.21739102467
10611,8990,307.7333,19895.56,10.26233,1.653628,-1.369596,0,0,0,0,0,0,0,0,0,0,0,0.03307256,1021.4276284516,0.0325374296841995,1055.20885497923
10612,8990,307.8,19895.6,10.26453,1.655828,-1.369602,0,0,0,0,0,0,0,0,0,0,0,0.03311656,1021.42968203065,0.0325800201707923,1055.2559193814
10613,8990,307.8667,19894.98,10.26669,1.657988,-1.367635,0,0,0,0,0,0,0,0,0,0,0,0.03315976,1021.39785155543,0.0326218345201976,1055.26715917752
10614,8990,307.9333,19894.03,10.26899,1.660288,-1.360753,0,0,0,0,0,0,0,0,0,0,0,0.03320576,1021.34907905307,0.0326663571369006,1055.26375144832
10615,8990,308,19893.86,10.27115,1.662448,-1.369505,0,0,0,0,0,0,0,0,0,0,0,0.03324896,1021.34035134212,0.0327081678764133,1055.29885583028
10616,8990,308.0667,19892.87,10.27329,1.664588,-1.375997,0,0,0,0,0,0,0,0,0,0,0,0.03329176,1021.28952526071,0.0327495897555874,1055.29005102621
10617,8990,308.1333,19891.47,10.27561,1.666908,-1.369307,0,0,0,0,0,0,0,0,0,0,0,0.03333816,1021.21764999408,0.0327944937798239,1055.26316740441
10618,8990,308.2,19891.33,10.27783,1.669128,-1.372831,0,0,0,0,0,0,0,0,0,0,0,0.03338256,1021.21046246742,0.0328374603979809,1055.30108200336
10619,8990,308.2667,19890.49,10.28003,1.671328,-1.376473,0,0,0,0,0,0,0,0,0,0,0,0.03342656,1021.16733730743,0.0328800381083085,1055.30144857798
10620,8990,308.3333,19889.48,10.28235,1.673648,-1.374781,0,0,0,0,0,0,0,0,0,0,0,0.03347296,1021.11548443651,0.0329249362754025,1055.29524220243
10621,8990,308.4,19889.53,10.28455,1.675848,-1.375952,0,0,0,0,0,0,0,0,0,0,0,0.03351696,1021.11805141031,0.0329675102614494,1055.34282429471
10622,8990,308.4667,19888.56,10.28675,1.678048,-1.370095,0,0,0,0,0,0,0,0,0,0,0,0.03356096,1021.06825211843,0.0330100824350292,1055.33628288505
10623,8990,308.5333,19887.3,10.28899,1.680288,-1.367242,0,0,0,0,0,0,0,0,0,0,0,0.03360576,1021.00356437846,0.0330534267860905,1055.31516512211
10624,8990,308.6,19886.91,10.29113,1.682428,-1.367249,0,0,0,0,0,0,0,0,0,0,0,0.03364856,1020.98354198276,0.0330948343667565,1055.33816795418
10625,8990,308.6667,19885.69,10.29331,1.684608,-1.365115,0,0,0,0,0,0,0,0,0,0,0,0.03369216,1020.92090782183,0.0331370141580067,1055.31793839551
10626,8990,308.7333,19884.11,10.29559,1.686888,-1.368783,0,0,0,0,0,0,0,0,0,0,0,0.03373776,1020.83979144949,0.0331811268987253,1055.28063933186
10627,8990,308.8,19883.86,10.29785,1.689148,-1.372471,0,0,0,0,0,0,0,0,0,0,0,0.03378296,1020.82695658045,0.0332248507652577,1055.31351282153
10628,8990,308.8667,19883.38,10.30011,1.691408,-1.377317,0,0,0,0,0,0,0,0,0,0,0,0.03382816,1020.80231363189,0.0332685727200975,1055.3341776258
10629,8990,308.9333,19882.6,10.30229,1.693588,-1.374991,0,0,0,0,0,0,0,0,0,0,0,0.03387176,1020.76226884048,0.0333107451838913,1055.3372834277
10630,8990,309,19882.46,10.30453,1.695828,-1.373382,0,0,0,0,0,0,0,0,0,0,0,0.03391656,1020.75508131381,0.0333540765051621,1055.3755822745
10631,8990,309.0667,19881.69,10.30681,1.698108,-1.376821,0,0,0,0,0,0,0,0,0,0,0,0.03396216,1020.71554991716,0.0333981796719159,1055.38125473794
10632,8990,309.1333,19880.99,10.30893,1.700228,-1.370931,0,0,0,0,0,0,0,0,0,0,0,0.03400456,1020.67961228385,0.0334391861345403,1055.38737340053
10633,8990,309.2,19880.4,10.31113,1.702428,-1.38486,0,0,0,0,0,0,0,0,0,0,0,0.03404856,1020.64932199291,0.033481738233015,1055.40096167174
10634,8990,309.2667,19879.29,10.31345,1.704748,-1.381875,0,0,0,0,0,0,0,0,0,0,0,0.03409496,1020.59233517436,0.0335266093936081,1055.38939001844
10635,8990,309.3333,19878.33,10.31559,1.706888,-1.382306,0,0,0,0,0,0,0,0,0,0,0,0.03413776,1020.54304927724,0.0335679973859671,1055.38210296314
10636,8990,309.4,19878.07,10.31783,1.709128,-1.381203,0,0,0,0,0,0,0,0,0,0,0,0.03418256,1020.52970101344,0.0336113175618354,1055.41401875011
10637,8990,309.4667,19877.1,10.32019,1.711488,-1.380745,0,0,0,0,0,0,0,0,0,0,0,0.03422976,1020.47990172156,0.0336569564313701,1055.41068384231
10638,8990,309.5333,19876.48,10.32231,1.713608,-1.384555,0,0,0,0,0,0,0,0,0,0,0,0.03427216,1020.44807124633,0.0336979522840651,1055.42103081578
10639,8990,309.6,19876,10.32451,1.715808,-1.382405,0,0,0,0,0,0,0,0,0,0,0,0.03431616,1020.42342829777,0.0337404933731558,1055.44044193099
10640,8990,309.6667,19874.83,10.32685,1.718148,-1.383718,0,0,0,0,0,0,0,0,0,0,0,0.03436296,1020.36336111066,0.0337857396363926,1055.42606647397
10641,8990,309.7333,19873.98,10.32895,1.720248,-1.390468,0,0,0,0,0,0,0,0,0,0,0,0.03440496,1020.31972255592,0.0338263435142852,1055.42378179766
10642,8990,309.8,19873.4,10.33113,1.722428,-1.391567,0,0,0,0,0,0,0,0,0,0,0,0.03444856,1020.28994565974,0.0338684924625649,1055.43746507019
10643,8990,309.8667,19872.29,10.33345,1.724748,-1.386787,0,0,0,0,0,0,0,0,0,0,0,0.03449496,1020.23295884119,0.0339133462727914,1055.4258539471
10644,8990,309.9333,19871.44,10.33556,1.726858,-1.390207,0,0,0,0,0,0,0,0,0,0,0,0.03453716,1020.18932028645,0.0339541382929809,1055.42376207148
10645,8990,310,19870.79,10.33781,1.729108,-1.380248,0,0,0,0,0,0,0,0,0,0,0,0.03458216,1020.15594962694,0.0339976350595252,1055.43514590189
10646,8990,310.0667,19870,10.34021,1.731508,-1.38092,0,0,0,0,0,0,0,0,0,0,0,0.03463016,1020.11539144077,0.0340440295252305,1055.44215066483
10647,8990,310.1333,19870.07,10.34229,1.733588,-1.385043,0,0,0,0,0,0,0,0,0,0,0,0.03467176,1020.1189852041,0.0340842363211586,1055.48830583054
10648,8990,310.2,19869.54,10.3445,1.735798,-1.383024,0,0,0,0,0,0,0,0,0,0,0,0.03471596,1020.09177528173,0.0341269542706077,1055.50524054874
10649,8990,310.2667,19868.46,10.34689,1.738188,-1.383743,0,0,0,0,0,0,0,0,0,0,0,0.03476376,1020.03632864747,0.0341731494563314,1055.49662676785
10650,8990,310.3333,19868.25,10.34897,1.740268,-1.383198,0,0,0,0,0,0,0,0,0,0,0,0.03480536,1020.02554735748,0.0342133510612004,1055.52790374245
10651,8990,310.4,19867.38,10.3511,1.742398,-1.378937,0,0,0,0,0,0,0,0,0,0,0,0.03484796,1019.98088201321,0.0342545173759589,1055.52513499037
10652,8990,310.4667,19865.88,10.35353,1.744828,-1.374741,0,0,0,0,0,0,0,0,0,0,0,0.03489656,1019.90387279896,0.0343014796938095,1055.49500949032
10653,8990,310.5333,19865.55,10.35565,1.746948,-1.371763,0,0,0,0,0,0,0,0,0,0,0,0.03493896,1019.88693077183,0.0343424491327783,1055.52071945059
10654,8990,310.6,19864.95,10.35776,1.749058,-1.381982,0,0,0,0,0,0,0,0,0,0,0,0.03498116,1019.85612708613,0.034383223653107,1055.53187744471
10655,8990,310.6667,19863.45,10.36021,1.751508,-1.382665,0,0,0,0,0,0,0,0,0,0,0,0.03503016,1019.77911787188,0.0344305663893864,1055.50214353559
10656,8990,310.7333,19863.24,10.36239,1.753688,-1.381326,0,0,0,0,0,0,0,0,0,0,0,0.03507376,1019.76833658188,0.0344726898785361,1055.53544647475
10657,8990,310.8,19862.96,10.3645,1.755798,-1.390659,0,0,0,0,0,0,0,0,0,0,0,0.03511596,1019.75396152855,0.0345134590888148,1055.56360085143
10658,8990,310.8667,19861.71,10.36689,1.758188,-1.404734,0,0,0,0,0,0,0,0,0,0,0,0.03516376,1019.68978718334,0.0345596364237391,1055.54591413431
10659,8990,310.9333,19861.37,10.36903,1.760328,-1.401718,0,0,0,0,0,0,0,0,0,0,0,0.03520656,1019.67233176145,0.0346009816841425,1055.57148688995
10660,8990,311,19860.64,10.37108,1.762378,-1.394179,0,0,0,0,0,0,0,0,0,0,0,0.03524756,1019.63485394385,0.0346405865221433,1055.57449463632
10661,8990,311.0667,19859.05,10.37349,1.764788,-1.392716,0,0,0,0,0,0,0,0,0,0,0,0.03529576,1019.55322417674,0.034687144350268,1055.53913008451
10662,8990,311.1333,19858.76,10.37568,1.766978,-1.396073,0,0,0,0,0,0,0,0,0,0,0,0.03533956,1019.53833572865,0.0347294502064306,1055.56837191643
10663,8990,311.2,19858.41,10.3778,1.769098,-1.397038,0,0,0,0,0,0,0,0,0,0,0,0.03538196,1019.52036691199,0.034770402115798,1055.59299575326
10664,8990,311.2667,19857.24,10.38023,1.771528,-1.395419,0,0,0,0,0,0,0,0,0,0,0,0.03543056,1019.46029972488,0.034817340213322,1055.5803490419
10665,8990,311.3333,19857.39,10.38241,1.773708,-1.39675,0,0,0,0,0,0,0,0,0,0,0,0.03547416,1019.4680006463,0.0348594474137019,1055.63277161611
10666,8990,311.4,19857.09,10.3845,1.775798,-1.398591,0,0,0,0,0,0,0,0,0,0,0,0.03551596,1019.45259880345,0.0348998145787617,1055.65943652445
10667,8990,311.4667,19855.67,10.38688,1.778178,-1.395237,0,0,0,0,0,0,0,0,0,0,0,0.03556356,1019.3796967473,0.034945780945141,1055.63246775535
10668,8990,311.5333,19855.22,10.38904,1.780338,-1.392705,0,0,0,0,0,0,0,0,0,0,0,0.03560676,1019.35659398302,0.0349874964907813,1055.65257957939
10669,8990,311.6,19854.39,10.3911,1.782398,-1.392625,0,0,0,0,0,0,0,0,0,0,0,0.03564796,1019.3139822178,0.0350272791400204,1055.65044628334
10670,8990,311.6667,19852.58,10.39348,1.784778,-1.388147,0,0,0,0,0,0,0,0,0,0,0,0.03569556,1019.22105776594,0.0350732396478249,1055.60272418669
10671,8990,311.7333,19852.07,10.39576,1.787058,-1.395395,0,0,0,0,0,0,0,0,0,0,0,0.03574116,1019.19487463309,0.0351172670608441,1055.62208171853
10672,8990,311.8,19851.88,10.3979,1.789198,-1.395943,0,0,0,0,0,0,0,0,0,0,0,0.03578396,1019.18512013262,0.0351585892727671,1055.65559970404
10673,8990,311.8667,19850.81,10.40016,1.791458,-1.394613,0,0,0,0,0,0,0,0,0,0,0,0.03582916,1019.13018689312,0.0352022267643149,1055.64476542015
10674,8990,311.9333,19850.35,10.40244,1.793738,-1.392827,0,0,0,0,0,0,0,0,0,0,0,0.03587476,1019.10657073409,0.0352462484988564,1055.66677437359
10675,8990,312,19849.78,10.40462,1.795918,-1.387736,0,0,0,0,0,0,0,0,0,0,0,0.03591836,1019.07730723267,0.0352883376433616,1055.68089282168
10676,8990,312.0667,19848.75,10.40678,1.798078,-1.388263,0,0,0,0,0,0,0,0,0,0,0,0.03596156,1019.02442757222,0.0353300389018075,1055.67013566582
10677,8990,312.1333,19848.06,10.40902,1.800318,-1.389717,0,0,0,0,0,0,0,0,0,0,0,0.03600636,1018.98900333366,0.0353732828145868,1055.67908822374
10678,8990,312.2,19846.98,10.41122,1.802518,-1.395127,0,0,0,0,0,0,0,0,0,0,0,0.03605036,1018.9335566994,0.0354157526944717,1055.6664782345
10679,8990,312.2667,19846.01,10.41344,1.804738,-1.400154,0,0,0,0,0,0,0,0,0,0,0,0.03609476,1018.88375740752,0.0354586068358908,1055.66012209904
10680,8990,312.3333,19845.65,10.41572,1.807018,-1.396758,0,0,0,0,0,0,0,0,0,0,0,0.03614036,1018.8652751961,0.035502617285832,1055.68743303319
10681,8990,312.4,19844.82,10.41798,1.809278,-1.400026,0,0,0,0,0,0,0,0,0,0,0,0.03618556,1018.82266343088,0.0355462397677697,1055.68933204782
10682,8990,312.4667,19844.14,10.42014,1.811438,-1.393188,0,0,0,0,0,0,0,0,0,0,0,0.03622876,1018.78775258709,0.0355879302729831,1055.69716956651
10683,8990,312.5333,19843.73,10.42242,1.813718,-1.393547,0,0,0,0,0,0,0,0,0,0,0,0.03627436,1018.76670340186,0.0356319350318347,1055.72181355707
10684,8990,312.6,19842.7,10.42468,1.815978,-1.394638,0,0,0,0,0,0,0,0,0,0,0,0.03631956,1018.71382374141,0.0356755518730991,1055.71306158561
10685,8990,312.6667,19841.85,10.42678,1.818078,-1.400771,0,0,0,0,0,0,0,0,0,0,0,0.03636156,1018.67018518667,0.0357160790913003,1055.71062224554
10686,8990,312.7333,19841.15,10.42904,1.820338,-1.39991,0,0,0,0,0,0,0,0,0,0,0,0.03640676,1018.63424755335,0.0357596922627011,1055.7194201318
10687,8990,312.8,19839.87,10.43132,1.822618,-1.399125,0,0,0,0,0,0,0,0,0,0,0,0.03645236,1018.56853302385,0.035803689464023,1055.69775987431
10688,8990,312.8667,19839,10.43344,1.824738,-1.392658,0,0,0,0,0,0,0,0,0,0,0,0.03649476,1018.52386767959,0.0358445974057616,1055.69465178483
10689,8990,312.9333,19838.35,10.43568,1.826978,-1.389758,0,0,0,0,0,0,0,0,0,0,0,0.03653956,1018.49049702008,0.0358878190732224,1055.70569164538
10690,8990,313,19837.17,10.43806,1.829358,-1.389685,0,0,0,0,0,0,0,0,0,0,0,0.03658716,1018.4299164382,0.0359337400480949,1055.69137473971
10691,8990,313.0667,19836.79,10.44014,1.831438,-1.39961,0,0,0,0,0,0,0,0,0,0,0,0.03662876,1018.41040743726,0.0359738709380849,1055.71351783278
10692,8990,313.1333,19836.34,10.44236,1.833658,-1.392369,0,0,0,0,0,0,0,0,0,0,0,0.03667316,1018.38730467298,0.0360167011690114,1055.73478523923
10693,8990,313.2,19835.19,10.44474,1.836038,-1.389526,0,0,0,0,0,0,0,0,0,0,0,0.03672076,1018.32826427539,0.0360626162260095,1055.72205206907
10694,8990,313.2667,19834.97,10.4468,1.838098,-1.389792,0,0,0,0,0,0,0,0,0,0,0,0.03676196,1018.31696959064,0.0361023561279706,1055.75229729405
10695,8990,313.3333,19834.56,10.44892,1.840218,-1.395896,0,0,0,0,0,0,0,0,0,0,0,0.03680436,1018.29592040541,0.0361432518539448,1055.77365004654
10696,8990,313.4,19833.13,10.45136,1.842658,-1.397653,0,0,0,0,0,0,0,0,0,0,0,0.03685316,1018.22250495449,0.0361903184495984,1055.74722184518
10697,8990,313.4667,19832.71,10.4535,1.844798,-1.402471,0,0,0,0,0,0,0,0,0,0,0,0.03689596,1018.2009423745,0.0362315963453606,1055.76844361631
10698,8990,313.5333,19832.72,10.45562,1.846918,-1.384317,0,0,0,0,0,0,0,0,0,0,0,0.03693836,1018.20145576926,0.0362724867864116,1055.81214769499
10699,8990,313.6,19831.57,10.45806,1.849358,-1.382994,0,0,0,0,0,0,0,0,0,0,0,0.03698716,1018.14241537167,0.0363195472999532,1055.80061179181
10700,8990,313.6667,19831.05,10.46022,1.851518,-1.381547,0,0,0,0,0,0,0,0,0,0,0,0.03703036,1018.11571884406,0.0363612055787185,1055.81691043451
10701,8990,313.7333,19830.93,10.46236,1.853658,-1.380017,0,0,0,0,0,0,0,0,0,0,0,0.03707316,1018.10955810692,0.0364024764213679,1055.85409665215
10702,8990,313.8,19829.81,10.46476,1.856058,-1.390225,0,0,0,0,0,0,0,0,0,0,0,0.03712116,1018.05205789361,0.0364487594523701,1055.84333122301
10703,8990,313.8667,19829.36,10.46686,1.858158,-1.395203,0,0,0,0,0,0,0,0,0,0,0,0.03716316,1018.02895512934,0.0364892553473645,1055.86212807344
10704,8990,313.9333,19828.68,10.46894,1.860238,-1.394047,0,0,0,0,0,0,0,0,0,0,0,0.03720476,1017.99404428554,0.0365293639506692,1055.86826838462
10705,8990,314,19827.12,10.47136,1.862658,-1.401074,0,0,0,0,0,0,0,0,0,0,0,0.03725316,1017.91395470272,0.0365760267434326,1055.8344661235
10706,8990,314.0667,19826.51,10.47352,1.864818,-1.399594,0,0,0,0,0,0,0,0,0,0,0,0.03729636,1017.88263762226,0.0366176743392985,1055.84595491277
10707,8990,314.1333,19826.19,10.47564,1.866938,-1.395978,0,0,0,0,0,0,0,0,0,0,0,0.03733876,1017.86620898989,0.0366585489968197,1055.87207107947
10708,8990,314.2,19825.19,10.4781,1.869398,-1.392391,0,0,0,0,0,0,0,0,0,0,0,0.03738796,1017.81486951372,0.0367059769298916,1055.86889114251
10709,8990,314.2667,19824.96,10.48024,1.871538,-1.390804,0,0,0,0,0,0,0,0,0,0,0,0.03743076,1017.8030614342,0.0367472335462826,1055.90020355401
10710,8990,314.3333,19824.61,10.48234,1.873638,-1.394865,0,0,0,0,0,0,0,0,0,0,0,0.03747276,1017.78509261754,0.0367877173563499,1055.92430912478
10711,8990,314.4,19823.37,10.48472,1.876018,-1.390664,0,0,0,0,0,0,0,0,0,0,0,0.03752036,1017.7214316671,0.0368335970265518,1055.90670616296
10712,8990,314.4667,19822.89,10.48688,1.878178,-1.384471,0,0,0,0,0,0,0,0,0,0,0,0.03756356,1017.69678871854,0.0368752338968391,1055.92510310337
10713,8990,314.5333,19822.29,10.48894,1.880238,-1.387441,0,0,0,0,0,0,0,0,0,0,0,0.03760476,1017.66598503284,0.0369149415192121,1055.93507016016
10714,8990,314.6,19820.89,10.49132,1.882618,-1.397495,0,0,0,0,0,0,0,0,0,0,0,0.03765236,1017.5941097662,0.0369608153529165,1055.908929521
10715,8990,314.6667,19820.37,10.49358,1.884878,-1.39142,0,0,0,0,0,0,0,0,0,0,0,0.03769756,1017.5674132386,0.0370043742723754,1055.9272218532
10716,8990,314.7333,19820.29,10.49572,1.887018,-1.387112,0,0,0,0,0,0,0,0,0,0,0,0.03774036,1017.5633060805,0.0370456185799921,1055.96651157477
10717,8990,314.8,19819.57,10.49804,1.889338,-1.394373,0,0,0,0,0,0,0,0,0,0,0,0.03778676,1017.52634165766,0.037090330113328,1055.97536532356
10718,8990,314.8667,19819.2,10.5003,1.891598,-1.395859,0,0,0,0,0,0,0,0,0,0,0,0.03783196,1017.50734605148,0.0371338833917523,1056.00164326701
10719,8990,314.9333,19818.42,10.50242,1.893718,-1.397312,0,0,0,0,0,0,0,0,0,0,0,0.03787436,1017.46730126007,0.0371747369552812,1056.00322411622
10720,8990,315,19817.31,10.50466,1.895958,-1.394022,0,0,0,0,0,0,0,0,0,0,0,0.03791916,1017.41031444152,0.0372179011713511,1055.98965894048
10721,8990,315.0667,19816.67,10.50688,1.898178,-1.398978,0,0,0,0,0,0,0,0,0,0,0,0.03796356,1017.37745717678,0.0372606781544427,1056.00072731496
10722,8990,315.1333,19815.59,10.50902,1.900318,-1.39658,0,0,0,0,0,0,0,0,0,0,0,0.03800636,1017.32201054252,0.037301911892556,1055.98671711112
10723,8990,315.2,19814.48,10.51132,1.902618,-1.389824,0,0,0,0,0,0,0,0,0,0,0,0.03805236,1017.26502372397,0.0373462266314064,1055.97435862212
10724,8990,315.2667,19814.25,10.51358,1.904878,-1.386506,0,0,0,0,0,0,0,0,0,0,0,0.03809756,1017.25321564445,0.0373897687663666,1056.00808106266
10725,8990,315.3333,19813.63,10.51578,1.907078,-1.38623,0,0,0,0,0,0,0,0,0,0,0,0.03814156,1017.22138516923,0.0374321530944362,1056.01979566494
10726,8990,315.4,19812.88,10.51802,1.909318,-1.38675,0,0,0,0,0,0,0,0,0,0,0,0.03818636,1017.1828805621,0.0374753062010102,1056.02539222509
10727,8990,315.4667,19812.59,10.52026,1.911558,-1.384368,0,0,0,0,0,0,0,0,0,0,0,0.03823116,1017.16799211402,0.0375184574454737,1056.05550436741
10728,8990,315.5333,19811.85,10.52244,1.913738,-1.386777,0,0,0,0,0,0,0,0,0,0,0,0.03827476,1017.13000090165,0.0375604510652235,1056.06040757496
10729,8990,315.6,19810.9,10.52464,1.915938,-1.379853,0,0,0,0,0,0,0,0,0,0,0,0.03831876,1017.08122839929,0.0376028281598091,1056.05451989083
10730,8990,315.6667,19810.36,10.52688,1.918178,-1.380196,0,0,0,0,0,0,0,0,0,0,0,0.03836356,1017.05350508216,0.0376459739020112,1056.07129824759
10731,8990,315.7333,19809.26,10.52912,1.920418,-1.391224,0,0,0,0,0,0,0,0,0,0,0,0.03840836,1016.99703165838,0.0376891177827383,1056.05821976925
10732,8990,315.8,19808.39,10.5313,1.922598,-1.391535,0,0,0,0,0,0,0,0,0,0,0,0.03845196,1016.95236631411,0.0377311042366047,1056.05617802553
10733,8990,315.8667,19808.22,10.53354,1.924838,-1.391521,0,0,0,0,0,0,0,0,0,0,0,0.03849676,1016.94363860317,0.0377742444447143,1056.092673792
10734,8990,315.9333,19807.18,10.53584,1.927138,-1.387232,0,0,0,0,0,0,0,0,0,0,0,0.03854276,1016.89024554795,0.037818538257677,1056.08400222845
10735,8990,316,19806.63,10.53798,1.929278,-1.385582,0,0,0,0,0,0,0,0,0,0,0,0.03858556,1016.86200883606,0.0378597490000217,1056.09819888972
10736,8990,316.0667,19806.47,10.54022,1.931518,-1.381897,0,0,0,0,0,0,0,0,0,0,0,0.03863036,1016.85379451987,0.0379028836588461,1056.13522266954
10737,8990,316.1333,19805.33,10.5426,1.933898,-1.379809,0,0,0,0,0,0,0,0,0,0,0,0.03867796,1016.79526751704,0.0379487121952747,1056.12283420226
10738,8990,316.2,19805.21,10.5447,1.935998,-1.383449,0,0,0,0,0,0,0,0,0,0,0,0.03871996,1016.7891067799,0.0379891473950999,1056.15914032286
10739,8990,316.2667,19805.14,10.54683,1.938128,-1.386625,0,0,0,0,0,0,0,0,0,0,0,0.03876256,1016.78551301657,0.0380301585704967,1056.19872247201
10740,8990,316.3333,19803.42,10.54916,1.940458,-1.382441,0,0,0,0,0,0,0,0,0,0,0,0.03880916,1016.69720911756,0.0380750186343485,1056.15437377776
10741,8990,316.4,19802.57,10.55132,1.942618,-1.386142,0,0,0,0,0,0,0,0,0,0,0,0.03885236,1016.65357056282,0.03811660384887,1056.15296108161
10742,8990,316.4667,19802.67,10.55351,1.944808,-1.382937,0,0,0,0,0,0,0,0,0,0,0,0.03889616,1016.65870451044,0.0381587648703651,1056.20282414647
10743,8990,316.5333,19801.68,10.5559,1.947198,-1.381034,0,0,0,0,0,0,0,0,0,0,0,0.03894396,1016.60787842903,0.0382047741850843,1056.19861498226
10744,8990,316.6,19801.19,10.55806,1.949358,-1.384372,0,0,0,0,0,0,0,0,0,0,0,0.03898716,1016.58272208571,0.0382463540041556,1056.2163953249
10745,8990,316.6667,19801.46,10.56023,1.951528,-1.381014,0,0,0,0,0,0,0,0,0,0,0,0.03903056,1016.59658374428,0.038288124581556,1056.2749177019
10746,8990,316.7333,19800.45,10.5626,1.953898,-1.381789,0,0,0,0,0,0,0,0,0,0,0,0.03907796,1016.54473087335,0.0383337429884408,1056.26922520463
10747,8990,316.8,19799.6,10.56471,1.956008,-1.39,0,0,0,0,0,0,0,0,0,0,0,0.03912016,1016.5010923186,0.0383743550933212,1056.26677769028
10748,8990,316.8667,19799.14,10.56681,1.958108,-1.387489,0,0,0,0,0,0,0,0,0,0,0,0.03916216,1016.47747615957,0.0384147730862008,1056.28492971732
10749,8990,316.9333,19797.51,10.5692,1.960498,-1.386372,0,0,0,0,0,0,0,0,0,0,0,0.03920996,1016.39379281342,0.0384607706239357,1056.24655277388
10750,8990,317,19796.5,10.57137,1.962668,-1.394707,0,0,0,0,0,0,0,0,0,0,0,0.03925336,1016.34193994249,0.0385025322461772,1056.23677599415
10751,8990,317.0667,19796.51,10.57349,1.964788,-1.396123,0,0,0,0,0,0,0,0,0,0,0,0.03929576,1016.34245333725,0.038543329934909,1056.2804024614
10752,8990,317.1333,19795.36,10.57594,1.967238,-1.396978,0,0,0,0,0,0,0,0,0,0,0,0.03934476,1016.28341293966,0.0385904761341077,1056.26883991375
10753,8990,317.2,19794.91,10.57812,1.969418,-1.395532,0,0,0,0,0,0,0,0,0,0,0,0.03938836,1016.26031017538,0.0386324247609775,1056.28913712628
10754,8990,317.2667,19795.05,10.58021,1.971508,-1.386544,0,0,0,0,0,0,0,0,0,0,0,0.03943016,1016.26749770204,0.0386726399116541,1056.33908773924
10755,8990,317.3333,19793.85,10.58258,1.973878,-1.385612,0,0,0,0,0,0,0,0,0,0,0,0.03947756,1016.20589033064,0.038718240781334,1056.32321933852
10756,8990,317.4,19792.95,10.58475,1.976048,-1.386378,0,0,0,0,0,0,0,0,0,0,0,0.03952096,1016.15968480209,0.0387599916528126,1056.31929105877
10757,8990,317.4667,19792.57,10.58679,1.978088,-1.391844,0,0,0,0,0,0,0,0,0,0,0,0.03956176,1016.14017580115,0.0387992397304507,1056.34046956255
10758,8990,317.5333,19791.23,10.58917,1.980468,-1.395191,0,0,0,0,0,0,0,0,0,0,0,0.03960936,1016.07138090309,0.0388450272075376,1056.31731801497
10759,8990,317.6,19790.24,10.59143,1.982728,-1.39575,0,0,0,0,0,0,0,0,0,0,0,0.03965456,1016.02055482168,0.0388885041318206,1056.31040287409
10760,8990,317.6667,19790.19,10.59355,1.984848,-1.390224,0,0,0,0,0,0,0,0,0,0,0,0.03969696,1016.01798784787,0.0389292860771511,1056.35081327075
10761,8990,317.7333,19789.61,10.5959,1.987198,-1.385017,0,0,0,0,0,0,0,0,0,0,0,0.03974396,1015.9882109517,0.0389744905352879,1056.36760576823
10762,8990,317.8,19789.09,10.59814,1.989438,-1.390688,0,0,0,0,0,0,0,0,0,0,0,0.03978876,1015.96151442409,0.0390175771379425,1056.38536329074
10763,8990,317.8667,19788.7,10.60027,1.991568,-1.394272,0,0,0,0,0,0,0,0,0,0,0,0.03983136,1015.94149202838,0.0390585461587711,1056.4078233363
10764,8990,317.9333,19787.71,10.60253,1.993828,-1.390778,0,0,0,0,0,0,0,0,0,0,0,0.03987656,1015.89066594698,0.0391020138010996,1056.40089104105
10765,8990,318,19786.75,10.60473,1.996028,-1.387391,0,0,0,0,0,0,0,0,0,0,0,0.03992056,1015.84138004986,0.0391443256204435,1056.39433681262
10766,8990,318.0667,19785.65,10.60687,1.998168,-1.382335,0,0,0,0,0,0,0,0,0,0,0,0.03996336,1015.78490662607,0.0391854817634324,1056.37908453214
10767,8990,318.1333,19784.46,10.60923,2.000528,-1.379196,0,0,0,0,0,0,0,0,0,0,0,0.04001056,1015.72381264943,0.0392308669478852,1056.36349119887
10768,8990,318.2,19784.01,10.61143,2.002728,-1.386768,0,0,0,0,0,0,0,0,0,0,0,0.04005456,1015.70070988516,0.0392731733156844,1056.3841549113
10769,8990,318.2667,19783.23,10.61361,2.004908,-1.388756,0,0,0,0,0,0,0,0,0,0,0,0.04009816,1015.66066509375,0.0393150933147185,1056.38678894838
10770,8990,318.3333,19782.35,10.61589,2.007188,-1.391198,0,0,0,0,0,0,0,0,0,0,0,0.04014376,1015.61548635472,0.0393589343695197,1056.38611069123
10771,8990,318.4,19781.88,10.61811,2.009408,-1.387592,0,0,0,0,0,0,0,0,0,0,0,0.04018816,1015.59135680092,0.0394016198655983,1056.40610474266
10772,8990,318.4667,19780.8,10.62027,2.011568,-1.390203,0,0,0,0,0,0,0,0,0,0,0,0.04023136,1015.53591016666,0.0394431499508439,1056.39230096151
10773,8990,318.5333,19779.96,10.62253,2.013828,-1.386757,0,0,0,0,0,0,0,0,0,0,0,0.04027656,1015.49278500668,0.0394866008789299,1056.39334109157
10774,8990,318.6,19779.42,10.62473,2.016028,-1.377799,0,0,0,0,0,0,0,0,0,0,0,0.04032056,1015.46506168955,0.0395288964291676,1056.40918163731
10775,8990,318.6667,19778.31,10.62693,2.018228,-1.375923,0,0,0,0,0,0,0,0,0,0,0,0.04036456,1015.40807487101,0.0395711901905672,1056.39457503362
10776,8990,318.7333,19777.46,10.62921,2.020508,-1.372,0,0,0,0,0,0,0,0,0,0,0,0.04041016,1015.36443631626,0.0396150200194948,1056.39547564611
10777,8990,318.8,19777.19,10.63141,2.022708,-1.375349,0,0,0,0,0,0,0,0,0,0,0,0.04045416,1015.3505746577,0.0396573101386377,1056.42572926099
10778,8990,318.8667,19776.15,10.63367,2.024968,-1.375086,0,0,0,0,0,0,0,0,0,0,0,0.04049936,1015.29718160249,0.0397007517624634,1056.41606766719
10779,8990,318.9333,19775.42,10.63591,2.027208,-1.376774,0,0,0,0,0,0,0,0,0,0,0,0.04054416,1015.25970378488,0.0397438070850228,1056.42255565669
10780,8990,319,19775.49,10.63811,2.029408,-1.376395,0,0,0,0,0,0,0,0,0,0,0,0.04058816,1015.26329754822,0.0397860917582112,1056.47096671123
10781,8990,319.0667,19774.35,10.64037,2.031668,-1.36972,0,0,0,0,0,0,0,0,0,0,0,0.04063336,1015.20477054538,0.0398295277880357,1056.45595146067
10782,8990,319.1333,19773.38,10.64257,2.033868,-1.367655,0,0,0,0,0,0,0,0,0,0,0,0.04067736,1015.1549712535,0.0398718088367844,1056.44879547497
10783,8990,319.2,19773.21,10.64473,2.036028,-1.374563,0,0,0,0,0,0,0,0,0,0,0,0.04072056,1015.14624354255,0.0399133194000371,1056.4835670615
10784,8990,319.2667,19771.73,10.64695,2.038248,-1.377088,0,0,0,0,0,0,0,0,0,0,0,0.04076496,1015.07026111783,0.0399559812389786,1056.44955970948
10785,8990,319.3333,19770.4,10.64921,2.040508,-1.379075,0,0,0,0,0,0,0,0,0,0,0,0.04081016,1015.00197961452,0.0399994098902656,1056.42437280291
10786,8990,319.4,19770.26,10.65139,2.042688,-1.381081,0,0,0,0,0,0,0,0,0,0,0,0.04085376,1014.99479208786,0.0400412994571526,1056.46114572507
10787,8990,319.4667,19769.36,10.65365,2.044948,-1.373684,0,0,0,0,0,0,0,0,0,0,0,0.04089896,1014.94858655931,0.0400847244034229,1056.45892820306
10788,8990,319.5333,19768.41,10.65591,2.047208,-1.373342,0,0,0,0,0,0,0,0,0,0,0,0.04094416,1014.89981405695,0.0401281474640492,1056.45403442767
10789,8990,319.6,19768.47,10.65811,2.049408,-1.375406,0,0,0,0,0,0,0,0,0,0,0,0.04098816,1014.90289442552,0.0401704158889963,1056.5018966467
10790,8990,319.6667,19767.71,10.66039,2.051688,-1.378938,0,0,0,0,0,0,0,0,0,0,0,0.04103376,1014.86387642364,0.0402142194624066,1056.50755716147
10791,8990,319.7333,19766.78,10.66255,2.053848,-1.37549,0,0,0,0,0,0,0,0,0,0,0,0.04107696,1014.8161307108,0.0402557158147296,1056.50169231936
10792,8990,319.8,19766.64,10.66471,2.056008,-1.369971,0,0,0,0,0,0,0,0,0,0,0,0.04112016,1014.80894318414,0.0402972104451766,1056.5380492973
10793,8990,319.8667,19765.44,10.66699,2.058288,-1.370883,0,0,0,0,0,0,0,0,0,0,0,0.04116576,1014.74733581274,0.040341008465006,1056.52018109944
10794,8990,319.9333,19764.35,10.66919,2.060488,-1.368755,0,0,0,0,0,0,0,0,0,0,0,0.04120976,1014.69137578371,0.0403832678938017,1056.50656385383
10795,8990,320,19764.29,10.67141,2.062708,-1.363187,0,0,0,0,0,0,0,0,0,0,0,0.04125416,1014.68829541514,0.0404259096890139,1056.54840870433
10796,8990,320.0667,19763.38,10.67377,2.065068,-1.364875,0,0,0,0,0,0,0,0,0,0,0,0.04130136,1014.64157649183,0.0404712386125934,1056.54765351349
10797,8990,320.1333,19762.68,10.67595,2.067248,-1.365157,0,0,0,0,0,0,0,0,0,0,0,0.04134496,1014.60563885851,0.0405131084198551,1056.55446841289
10798,8990,320.2,19762.57,10.67809,2.069388,-1.374574,0,0,0,0,0,0,0,0,0,0,0,0.04138776,1014.59999151614,0.0405542082687172,1056.59201246101
10799,8990,320.2667,19761.44,10.68041,2.071708,-1.376709,0,0,0,0,0,0,0,0,0,0,0,0.04143416,1014.54197790807,0.0405987632059993,1056.57867254743
10800,8990,320.3333,19760.31,10.68257,2.073868,-1.364102,0,0,0,0,0,0,0,0,0,0,0,0.04147736,1014.4839643,0.0406402436045581,1056.5620809015
10801,8990,320.4,19759.78,10.68467,2.075968,-1.367121,0,0,0,0,0,0,0,0,0,0,0,0.04151936,1014.45675437763,0.040680570120296,1056.57634956707
10802,8990,320.4667,19758.49,10.68701,2.078308,-1.367811,0,0,0,0,0,0,0,0,0,0,0,0.04156616,1014.39052645337,0.0407255034651429,1056.55484537842
10803,8990,320.5333,19757.43,10.68921,2.080508,-1.372386,0,0,0,0,0,0,0,0,0,0,0,0.04161016,1014.33610660864,0.040767746648866,1056.5427942984
10804,8990,320.6,19757.23,10.69139,2.082688,-1.370623,0,0,0,0,0,0,0,0,0,0,0,0.04165376,1014.3258387134,0.0408096040434935,1056.57632376097
10805,8990,320.6667,19756.64,10.69377,2.085068,-1.375112,0,0,0,0,0,0,0,0,0,0,0,0.04170136,1014.29554842247,0.040855299565636,1056.59305223363
10806,8990,320.7333,19756.13,10.69593,2.087228,-1.381091,0,0,0,0,0,0,0,0,0,0,0,0.04174456,1014.26936528962,0.0408967693245497,1056.60959366511
10807,8990,320.8,19755.76,10.69809,2.089388,-1.374895,0,0,0,0,0,0,0,0,0,0,0,0.04178776,1014.25036968344,0.0409382373637941,1056.63362071168
10808,8990,320.8667,19754.92,10.70043,2.091728,-1.373235,0,0,0,0,0,0,0,0,0,0,0,0.04183456,1014.20724452346,0.0409831591325414,1056.63615834691
10809,8990,320.9333,19754.24,10.70253,2.093828,-1.367939,0,0,0,0,0,0,0,0,0,0,0,0.04187656,1014.17233367966,0.0410234718223403,1056.64238226134
10810,8990,321,19753.24,10.70469,2.095988,-1.370238,0,0,0,0,0,0,0,0,0,0,0,0.04191976,1014.1209942035,0.0410649346079222,1056.63270289147
10811,8990,321.0667,19752.04,10.70709,2.098388,-1.375202,0,0,0,0,0,0,0,0,0,0,0,0.04196776,1014.0593868321,0.0411110023534677,1056.61718780441
10812,8990,321.1333,19751.52,10.70925,2.100548,-1.374878,0,0,0,0,0,0,0,0,0,0,0,0.04201096,1014.03269030449,0.041152461510024,1056.63317709556
10813,8990,321.2,19750.99,10.71143,2.102728,-1.371678,0,0,0,0,0,0,0,0,0,0,0,0.04205456,1014.00548038212,0.0411943028049237,1056.64903469718
10814,8990,321.2667,19750.15,10.71379,2.105088,-1.369512,0,0,0,0,0,0,0,0,0,0,0,0.04210176,1013.96235522214,0.0412395969122372,1056.65195495074
10815,8990,321.3333,19749.78,10.71595,2.107248,-1.364767,0,0,0,0,0,0,0,0,0,0,0,0.04214496,1013.94335961596,0.0412810507378247,1056.67596194924
10816,8990,321.4,19748.98,10.71809,2.109388,-1.360764,0,0,0,0,0,0,0,0,0,0,0,0.04218776,1013.90228803502,0.0413221190371374,1056.6765544261
10817,8990,321.4667,19747.91,10.72041,2.111708,-1.364568,0,0,0,0,0,0,0,0,0,0,0,0.04223416,1013.84735479553,0.0413666397740981,1056.66634619354
10818,8990,321.5333,19747.27,10.72257,2.113868,-1.365516,0,0,0,0,0,0,0,0,0,0,0,0.04227736,1013.81449753078,0.0414080883337166,1056.67589801611
10819,8990,321.6,19746.17,10.72473,2.116028,-1.360526,0,0,0,0,0,0,0,0,0,0,0,0.04232056,1013.758024107,0.0414495351754234,1056.6608313917
10820,8990,321.6667,19745.16,10.72705,2.118348,-1.368811,0,0,0,0,0,0,0,0,0,0,0,0.04236696,1013.70617123607,0.0414940502402113,1056.65382004458
10821,8990,321.7333,19744.76,10.72923,2.120528,-1.367655,0,0,0,0,0,0,0,0,0,0,0,0.04241056,1013.6856354456,0.0415358772453359,1056.6766109088
10822,8990,321.8,19743.9,10.73145,2.122748,-1.361132,0,0,0,0,0,0,0,0,0,0,0,0.04245496,1013.6414834961,0.0415784699205763,1056.67559213226
10823,8990,321.8667,19743.06,10.73375,2.125048,-1.361942,0,0,0,0,0,0,0,0,0,0,0,0.04250096,1013.59835833612,0.0416225955537047,1056.67726161982
10824,8990,321.9333,19742.93,10.73591,2.127208,-1.364706,0,0,0,0,0,0,0,0,0,0,0,0.04254416,1013.59168420421,0.0416640335059025,1056.71409099167
10825,8990,322,19741.89,10.73815,2.129448,-1.369252,0,0,0,0,0,0,0,0,0,0,0,0.04258896,1013.538291149,0.041707004383471,1056.70383288921
10826,8990,322.0667,19740.97,10.74045,2.131748,-1.366296,0,0,0,0,0,0,0,0,0,0,0,0.04263496,1013.49105883093,0.0417511243454245,1056.70120958454
10827,8990,322.1333,19740.98,10.74257,2.133868,-1.359258,0,0,0,0,0,0,0,0,0,0,0,0.04267736,1013.49157222569,0.0417917897168409,1056.74471691053
10828,8990,322.2,19739.66,10.74475,2.136048,-1.361687,0,0,0,0,0,0,0,0,0,0,0,0.04272096,1013.42380411715,0.0418336042705289,1056.71824191588
10829,8990,322.2667,19738.44,10.74709,2.138388,-1.358694,0,0,0,0,0,0,0,0,0,0,0,0.04276776,1013.36116995622,0.0418784858367144,1056.70035726623
10830,8990,322.3333,19738.53,10.74925,2.140548,-1.363711,0,0,0,0,0,0,0,0,0,0,0,0.04281096,1013.36579050908,0.0419199131869187,1056.74895283193
10831,8990,322.4,19737.65,10.75145,2.142748,-1.364012,0,0,0,0,0,0,0,0,0,0,0,0.04285496,1013.32061177005,0.0419621059461567,1056.74642605463
10832,8990,322.4667,19736.51,10.75379,2.145088,-1.370083,0,0,0,0,0,0,0,0,0,0,0,0.04290176,1013.26208476722,0.0420069817454854,1056.732811545
10833,8990,322.5333,19736.81,10.75599,2.147288,-1.368809,0,0,0,0,0,0,0,0,0,0,0,0.04294576,1013.27748661007,0.042049170831298,1056.79345836343
10834,8990,322.6,19736.16,10.75819,2.149488,-1.365727,0,0,0,0,0,0,0,0,0,0,0,0.04298976,1013.24411595056,0.0420913581372666,1056.80323731669
10835,8990,322.6667,19735.07,10.76043,2.151728,-1.371772,0,0,0,0,0,0,0,0,0,0,0,0.04303456,1013.18815592154,0.0421343106566379,1056.79026240884
10836,8990,322.7333,19734.91,10.76257,2.153868,-1.367516,0,0,0,0,0,0,0,0,0,0,0,0.04307736,1013.17994160535,0.0421753439296812,1056.82505869467
10837,8990,322.8,19733.59,10.76478,2.156078,-1.364056,0,0,0,0,0,0,0,0,0,0,0,0.04312156,1013.11217349681,0.042217717645421,1056.79915087299
10838,8990,322.8667,19732.13,10.76707,2.158368,-1.369878,0,0,0,0,0,0,0,0,0,0,0,0.04316736,1013.03721786161,0.0422616233572027,1056.76736013844
10839,8990,322.9333,19732.26,10.76926,2.160558,-1.368903,0,0,0,0,0,0,0,0,0,0,0,0.04321116,1013.04389199351,0.0423036099857906,1056.81869369746
10840,8990,323,19731.52,10.77151,2.162808,-1.374245,0,0,0,0,0,0,0,0,0,0,0,0.04325616,1013.00590078115,0.0423467450970628,1056.82464610628
10841,8990,323.0667,19730.53,10.77381,2.165108,-1.373978,0,0,0,0,0,0,0,0,0,0,0,0.04330216,1012.95507469974,0.042390836843329,1056.8182174172
10842,8990,323.1333,19730.94,10.77597,2.167268,-1.372783,0,0,0,0,0,0,0,0,0,0,0,0.04334536,1012.97612388497,0.0424322429740645,1056.88393864617
10843,8990,323.2,19730.16,10.77821,2.169508,-1.375659,0,0,0,0,0,0,0,0,0,0,0,0.04339016,1012.93607909356,0.0424751808543828,1056.8875376352
10844,8990,323.2667,19728.77,10.78047,2.171768,-1.384463,0,0,0,0,0,0,0,0,0,0,0,0.04343536,1012.86471722169,0.0425185002402863,1056.85886084551
10845,8990,323.3333,19728.69,10.7826,2.173898,-1.383725,0,0,0,0,0,0,0,0,0,0,0,0.04347796,1012.86061006359,0.042559326085421,1056.89772315351
10846,8990,323.4,19727.68,10.7848,2.176098,-1.378771,0,0,0,0,0,0,0,0,0,0,0,0.04352196,1012.80875719267,0.0426014918752564,1056.88817941085
10847,8990,323.4667,19726.13,10.7871,2.178398,-1.37011,0,0,0,0,0,0,0,0,0,0,0,0.04356796,1012.72918100461,0.0426455723909703,1056.85172545345
10848,8990,323.5333,19726.27,10.78932,2.180618,-1.371938,0,0,0,0,0,0,0,0,0,0,0,0.04361236,1012.73636853127,0.0426881178285458,1056.90419162075
10849,8990,323.6,19726,10.79159,2.182888,-1.377836,0,0,0,0,0,0,0,0,0,0,0,0.04365776,1012.7225068727,0.0427316196250523,1056.93570302435
10850,8990,323.6667,19725.14,10.7938,2.185098,-1.377734,0,0,0,0,0,0,0,0,0,0,0,0.04370196,1012.6783549232,0.0427739697763779,1056.93438388292
10851,8990,323.7333,19724.78,10.79598,2.187278,-1.385327,0,0,0,0,0,0,0,0,0,0,0,0.04374556,1012.65987271178,0.0428157432816649,1056.95924593309
10852,8990,323.8,19724.02,10.79827,2.189568,-1.399033,0,0,0,0,0,0,0,0,0,0,0,0.04379136,1012.62085470989,0.0428596227451306,1056.964899102
10853,8990,323.8667,19723.2,10.8004,2.191698,-1.388276,0,0,0,0,0,0,0,0,0,0,0,0.04383396,1012.57875633944,0.0429004346663099,1056.96409304167
10854,8990,323.9333,19722.58,10.80258,2.193878,-1.380007,0,0,0,0,0,0,0,0,0,0,0,0.04387756,1012.54692586421,0.0429422028891595,1056.97501435664
10855,8990,324,19721.57,10.80492,2.196218,-1.379949,0,0,0,0,0,0,0,0,0,0,0,0.04392436,1012.49507299328,0.0429870347283867,1056.96827107767
10856,8990,324.0667,19720.79,10.80706,2.198358,-1.378963,0,0,0,0,0,0,0,0,0,0,0,0.04396716,1012.45502820187,0.0430280330270012,1056.96980041963
10857,8990,324.1333,19720.32,10.8093,2.200598,-1.375884,0,0,0,0,0,0,0,0,0,0,0,0.04401196,1012.43089864808,0.0430709453335255,1056.98996686214
10858,8990,324.2,19719.75,10.81165,2.202948,-1.37134,0,0,0,0,0,0,0,0,0,0,0,0.04405896,1012.40163514666,0.0431159629615743,1057.00699829352
10859,8990,324.2667,19719.32,10.81378,2.205078,-1.375863,0,0,0,0,0,0,0,0,0,0,0,0.04410156,1012.37955917191,0.0431567644225711,1057.0270770435
10860,8990,324.3333,19718.64,10.81598,2.207278,-1.378543,0,0,0,0,0,0,0,0,0,0,0,0.04414556,1012.34464832811,0.0431989050290013,1057.03516974156
10861,8990,324.4,19717.67,10.81832,2.209618,-1.374886,0,0,0,0,0,0,0,0,0,0,0,0.04419236,1012.29484903623,0.0432437253615343,1057.03054743099
10862,8990,324.4667,19717.01,10.82042,2.211718,-1.371512,0,0,0,0,0,0,0,0,0,0,0,0.04423436,1012.26096498196,0.0432839470265832,1057.03768092092
10863,8990,324.5333,19716.01,10.82262,2.213918,-1.367086,0,0,0,0,0,0,0,0,0,0,0,0.04427836,1012.20962550579,0.0433260822739153,1057.02860769941
10864,8990,324.6,19715.09,10.82496,2.216258,-1.368228,0,0,0,0,0,0,0,0,0,0,0,0.04432516,1012.16239318772,0.0433708969068121,1057.02665321175
10865,8990,324.6667,19714.61,10.82708,2.218378,-1.371251,0,0,0,0,0,0,0,0,0,0,0,0.04436756,1012.13775023916,0.0434114964642287,1057.04383260116
10866,8990,324.7333,19713.65,10.8293,2.220598,-1.363951,0,0,0,0,0,0,0,0,0,0,0,0.04441196,1012.08846434204,0.043454009328398,1057.03729673686
10867,8990,324.8,19712.73,10.83168,2.222978,-1.360785,0,0,0,0,0,0,0,0,0,0,0,0.04445956,1012.04123202397,0.043499584175441,1057.03613990161
10868,8990,324.8667,19712.59,10.83376,2.225058,-1.371053,0,0,0,0,0,0,0,0,0,0,0,0.04450116,1012.0340444973,0.0435394125930913,1057.07073343692
10869,8990,324.9333,19711.57,10.83598,2.227278,-1.37101,0,0,0,0,0,0,0,0,0,0,0,0.04454556,1011.98167823161,0.0435819200196429,1057.06096879818
10870,8990,325,19710.53,10.83834,2.229638,-1.360934,0,0,0,0,0,0,0,0,0,0,0,0.04459276,1011.9282851764,0.0436271061134081,1057.05296033448
10871,8990,325.0667,19710.51,10.84042,2.231718,-1.360898,0,0,0,0,0,0,0,0,0,0,0,0.04463436,1011.92725838688,0.0436669294524864,1057.09398393153
10872,8990,325.1333,19709.44,10.84258,2.233878,-1.371953,0,0,0,0,0,0,0,0,0,0,0,0.04467756,1011.87232514738,0.0437082827799551,1057.08031166649
10873,8990,325.2,19708.03,10.84496,2.236258,-1.370809,0,0,0,0,0,0,0,0,0,0,0,0.04472516,1011.79993648598,0.0437538460402616,1057.05285053331
10874,8990,325.2667,19707.84,10.8471,2.238398,-1.367184,0,0,0,0,0,0,0,0,0,0,0,0.04476796,1011.79018198551,0.0437948129136112,1057.08596438103
10875,8990,325.3333,19707.21,10.84926,2.240558,-1.365076,0,0,0,0,0,0,0,0,0,0,0,0.04481116,1011.75783811552,0.043836160953121,1057.09588048057
10876,8990,325.4,19706.04,10.85164,2.242938,-1.367467,0,0,0,0,0,0,0,0,0,0,0,0.04485876,1011.69777092841,0.0438817183873862,1057.08127842702
10877,8990,325.4667,19706.06,10.85384,2.245138,-1.364953,0,0,0,0,0,0,0,0,0,0,0,0.04490276,1011.69879771793,0.0439238284555307,1057.12686602415
10878,8990,325.5333,19705.59,10.856,2.247298,-1.36767,0,0,0,0,0,0,0,0,0,0,0,0.04494596,1011.67466816413,0.0439651711609549,1057.14535733245
10879,8990,325.6,19704.63,10.85832,2.249618,-1.370135,0,0,0,0,0,0,0,0,0,0,0,0.04499236,1011.62538226701,0.0440095743852641,1057.14079565111
10880,8990,325.6667,19704.45,10.86048,2.251778,-1.373664,0,0,0,0,0,0,0,0,0,0,0,0.04503556,1011.6161411613,0.044050913545945,1057.17484058354
10881,8990,325.7333,19703.45,10.86258,2.253878,-1.36696,0,0,0,0,0,0,0,0,0,0,0,0.04507756,1011.56480168514,0.044091102758293,1057.16367472699
10882,8990,325.8,19701.98,10.86494,2.256238,-1.367209,0,0,0,0,0,0,0,0,0,0,0,0.04512476,1011.48933265517,0.0441362658504554,1057.13254603379
10883,8990,325.8667,19701.82,10.86714,2.258438,-1.371235,0,0,0,0,0,0,0,0,0,0,0,0.04516876,1011.48111833898,0.0441783652011786,1057.16846621777
10884,8990,325.9333,19701.13,10.86932,2.260618,-1.369825,0,0,0,0,0,0,0,0,0,0,0,0.04521236,1011.44569410043,0.0442200800823448,1057.17554094255
10885,8990,326,19700.14,10.87166,2.262958,-1.369703,0,0,0,0,0,0,0,0,0,0,0,0.04525916,1011.39486801902,0.0442648546698578,1057.16975017387
10886,8990,326.0667,19700.37,10.87386,2.265158,-1.368155,0,0,0,0,0,0,0,0,0,0,0,0.04530316,1011.40667609854,0.0443069486075371,1057.2265945709
10887,8990,326.1333,19699.64,10.876,2.267298,-1.37671,0,0,0,0,0,0,0,0,0,0,0,0.04534596,1011.36919828094,0.0443478928287328,1057.23070549142
10888,8990,326.2,19698.45,10.8783,2.269598,-1.378799,0,0,0,0,0,0,0,0,0,0,0,0.04539196,1011.3081043043,0.0443918964310661,1057.21336132256
10889,8990,326.2667,19698.24,10.88044,2.271738,-1.369297,0,0,0,0,0,0,0,0,0,0,0,0.04543476,1011.29732301431,0.0444328371743584,1057.2453741741
10890,8990,326.3333,19697.25,10.88258,2.273878,-1.36846,0,0,0,0,0,0,0,0,0,0,0,0.04547756,1011.2464969329,0.0444737762415746,1057.23552017196
10891,8990,326.4,19695.72,10.88492,2.276218,-1.373274,0,0,0,0,0,0,0,0,0,0,0,0.04552436,1011.16794753436,0.0445185394716417,1057.20072119838
10892,8990,326.4667,19695.62,10.88718,2.278478,-1.372285,0,0,0,0,0,0,0,0,0,0,0,0.04556956,1011.16281358675,0.0445617704327905,1057.24105809026
10893,8990,326.5333,19695.38,10.8894,2.280698,-1.367258,0,0,0,0,0,0,0,0,0,0,0,0.04561396,1011.15049211247,0.0446042344246709,1057.27307021367
10894,8990,326.6,19694.55,10.89162,2.282918,-1.370531,0,0,0,0,0,0,0,0,0,0,0,0.04565836,1011.10788034725,0.044646696613437,1057.27340794698
10895,8990,326.6667,19694.26,10.89386,2.285158,-1.368828,0,0,0,0,0,0,0,0,0,0,0,0.04570316,1011.09299189916,0.0446895395170463,1057.30313668281
10896,8990,326.7333,19693.54,10.8961,2.287398,-1.369499,0,0,0,0,0,0,0,0,0,0,0,0.04574796,1011.05602747632,0.0447323805852199,1057.30977817907
10897,8990,326.8,19692.65,10.89826,2.289558,-1.375528,0,0,0,0,0,0,0,0,0,0,0,0.04579116,1011.01033534253,0.0447736898771123,1057.30567136985
10898,8990,326.8667,19692.11,10.90046,2.291758,-1.384615,0,0,0,0,0,0,0,0,0,0,0,0.04583516,1010.9826120254,0.0448157624018131,1057.3211618048
10899,8990,326.9333,19691.04,10.90272,2.294018,-1.380792,0,0,0,0,0,0,0,0,0,0,0,0.04588036,1010.9276787859,0.0448589805159159,1057.30940462256
10900,8990,327,19690.12,10.9049,2.296198,-1.380278,0,0,0,0,0,0,0,0,0,0,0,0.04592396,1010.88044646783,0.0449006670155465,1057.3040796562
10901,8990,327.0667,19689.87,10.90714,2.298438,-1.377151,0,0,0,0,0,0,0,0,0,0,0,0.04596876,1010.86761159879,0.0449434990399409,1057.33594222814
10902,8990,327.1333,19689.18,10.90946,2.300758,-1.376384,0,0,0,0,0,0,0,0,0,0,0,0.04601516,1010.83218736023,0.0449878588455436,1057.34579219476
10903,8990,327.2,19688.52,10.91158,2.302878,-1.372362,0,0,0,0,0,0,0,0,0,0,0,0.04605756,1010.79830330596,0.0450283928093971,1057.35320680837
10904,8990,327.2667,19688.05,10.91384,2.305138,-1.373893,0,0,0,0,0,0,0,0,0,0,0,0.04610276,1010.77417375216,0.0450716017351902,1057.37365289886
10905,8990,327.3333,19687.21,10.91614,2.307438,-1.379872,0,0,0,0,0,0,0,0,0,0,0,0.04614876,1010.73104859218,0.0451155735039452,1057.37503317821
10906,8990,327.4,19686.46,10.91822,2.309518,-1.375443,0,0,0,0,0,0,0,0,0,0,0,0.04619036,1010.69254398506,0.0451553376125526,1057.37679644104
10907,8990,327.4667,19685.63,10.92046,2.311758,-1.382309,0,0,0,0,0,0,0,0,0,0,0,0.04623516,1010.64993221984,0.0451981587305122,1057.37749354001
10908,8990,327.5333,19684.47,10.9228,2.314098,-1.393245,0,0,0,0,0,0,0,0,0,0,0,0.04628196,1010.59037842748,0.0452428895473456,1057.36248189825
10909,8990,327.6,19683.88,10.92488,2.316178,-1.383533,0,0,0,0,0,0,0,0,0,0,0,0.04632356,1010.56008813655,0.0452826485937669,1057.37282901294
10910,8990,327.6667,19683.16,10.92714,2.318438,-1.383291,0,0,0,0,0,0,0,0,0,0,0,0.04636876,1010.5231237137,0.0453258465350744,1057.37982791164
10911,8990,327.7333,19682.15,10.92954,2.320838,-1.388141,0,0,0,0,0,0,0,0,0,0,0,0.04641676,1010.47127084278,0.0453717184121012,1057.37407330838
10912,8990,327.8,19682.01,10.9316,2.322898,-1.380253,0,0,0,0,0,0,0,0,0,0,0,0.04645796,1010.46408331611,0.0454110900950897,1057.40818328025
10913,8990,327.8667,19681.13,10.93382,2.325118,-1.389495,0,0,0,0,0,0,0,0,0,0,0,0.04650236,1010.41890457709,0.0454535180375428,1057.40576822853
10914,8990,327.9333,19679.8,10.93622,2.327518,-1.389099,0,0,0,0,0,0,0,0,0,0,0,0.04655036,1010.35062307378,0.0454993840585461,1057.38280830409
10915,8990,328,19679.51,10.93826,2.329558,-1.382071,0,0,0,0,0,0,0,0,0,0,0,0.04659116,1010.33573462569,0.0455383685224396,1057.40844849136
10916,8990,328.0667,19678.47,10.9404,2.331698,-1.381581,0,0,0,0,0,0,0,0,0,0,0,0.04663396,1010.28234157048,0.0455792623561674,1057.39580787599
10917,8990,328.1333,19676.88,10.94284,2.334138,-1.38107,0,0,0,0,0,0,0,0,0,0,0,0.04668276,1010.20071180338,0.0456258869300242,1057.35966918432
10918,8990,328.2,19676.63,10.94494,2.336238,-1.370279,0,0,0,0,0,0,0,0,0,0,0,0.04672476,1010.18787693433,0.0456660128965209,1057.388663039
10919,8990,328.2667,19676.14,10.9471,2.338398,-1.373696,0,0,0,0,0,0,0,0,0,0,0,0.04676796,1010.16272059101,0.0457072836395174,1057.4059703011
10920,8990,328.3333,19674.85,10.94952,2.340818,-1.384081,0,0,0,0,0,0,0,0,0,0,0,0.04681636,1010.09649266676,0.0457535201340749,1057.38553370218
10921,8990,328.4,19674.69,10.95166,2.342958,-1.379613,0,0,0,0,0,0,0,0,0,0,0,0.04685916,1010.08827835057,0.0457944051705546,1057.42016659992
10922,8990,328.4667,19674.32,10.9538,2.345098,-1.376938,0,0,0,0,0,0,0,0,0,0,0,0.04690196,1010.06928274439,0.0458352885355165,1057.44351184089
10923,8990,328.5333,19673.12,10.9562,2.347498,-1.385572,0,0,0,0,0,0,0,0,0,0,0,0.04694996,1010.00767537299,0.0458811370499697,1057.42749533144
10924,8990,328.6,19672.86,10.95832,2.349618,-1.387789,0,0,0,0,0,0,0,0,0,0,0,0.04699236,1009.99432710918,0.0459216348226167,1057.45634412666
10925,8990,328.6667,19672.1,10.96039,2.351688,-1.372716,0,0,0,0,0,0,0,0,0,0,0,0.04703376,1009.9553091073,0.0459611758766752,1057.45730472657
10926,8990,328.7333,19670.47,10.96282,2.354118,-1.369042,0,0,0,0,0,0,0,0,0,0,0,0.04708236,1009.87162576114,0.0460075916408678,1057.41876519902
10927,8990,328.8,19670.12,10.96498,2.356278,-1.369275,0,0,0,0,0,0,0,0,0,0,0,0.04712556,1009.85365694449,0.0460488482893538,1057.44357604604
10928,8990,328.8667,19669.65,10.96711,2.358408,-1.365399,0,0,0,0,0,0,0,0,0,0,0,0.04716816,1009.82952739069,0.0460895302620867,1057.46132811138
10929,8990,328.9333,19668.37,10.96956,2.360858,-1.366235,0,0,0,0,0,0,0,0,0,0,0,0.04721716,1009.76381286119,0.0461363220339168,1057.44199237527
10930,8990,329,19668.5,10.97174,2.363038,-1.370733,0,0,0,0,0,0,0,0,0,0,0,0.04726076,1009.77048699309,0.0461779553207516,1057.49300763396
10931,8990,329.0667,19668.2,10.97381,2.365108,-1.37289,0,0,0,0,0,0,0,0,0,0,0,0.04730216,1009.75508515024,0.0462174862411267,1057.51868174884
10932,8990,329.1333,19666.71,10.97618,2.367478,-1.3638,0,0,0,0,0,0,0,0,0,0,0,0.04734956,1009.67858933076,0.0462627443616586,1057.48642627699
10933,8990,329.2,19666.34,10.97836,2.369658,-1.365772,0,0,0,0,0,0,0,0,0,0,0,0.04739316,1009.65959372457,0.0463043723855585,1057.5105523955
10934,8990,329.2667,19665.62,10.98039,2.371688,-1.363667,0,0,0,0,0,0,0,0,0,0,0,0.04743376,1009.62262930173,0.0463431345378086,1057.5128267906
10935,8990,329.3333,19663.97,10.98278,2.374078,-1.358207,0,0,0,0,0,0,0,0,0,0,0,0.04748156,1009.53791916606,0.046388768840591,1057.47235444722
10936,8990,329.4,19663.56,10.98506,2.376358,-1.362192,0,0,0,0,0,0,0,0,0,0,0,0.04752716,1009.51686998083,0.0464323008789752,1057.49633978311
10937,8990,329.4667,19663.52,10.98719,2.378488,-1.368006,0,0,0,0,0,0,0,0,0,0,0,0.04756976,1009.51481640178,0.0464729672554079,1057.53719393446
10938,8990,329.5333,19662.67,10.98948,2.380778,-1.366319,0,0,0,0,0,0,0,0,0,0,0,0.04761556,1009.47117784704,0.0465166865384422,1057.53771328409
10939,8990,329.6,19662.38,10.99176,2.383058,-1.372214,0,0,0,0,0,0,0,0,0,0,0,0.04766116,1009.45628939895,0.0465602130087859,1057.568147121
10940,8990,329.6667,19661.96,10.99391,2.385208,-1.370119,0,0,0,0,0,0,0,0,0,0,0,0.04770416,1009.43472681896,0.0466012559711711,1057.58896253669
10941,8990,329.7333,19660.92,10.99611,2.387408,-1.368679,0,0,0,0,0,0,0,0,0,0,0,0.04774816,1009.38133376375,0.0466432516773835,1057.57743518931
10942,8990,329.8,19660.14,10.99835,2.389648,-1.37306,0,0,0,0,0,0,0,0,0,0,0,0.04779296,1009.34128897234,0.0466860091299376,1057.58069682254
10943,8990,329.8667,19659.03,11.00053,2.391828,-1.368027,0,0,0,0,0,0,0,0,0,0,0,0.04783656,1009.28430215379,0.0467276195382565,1057.56499123083
10944,8990,329.9333,19657.91,11.00275,2.394048,-1.353093,0,0,0,0,0,0,0,0,0,0,0,0.04788096,1009.22680194048,0.0467699916610098,1057.54955007513
10945,8990,330,19657.47,11.00504,2.396338,-1.359356,0,0,0,0,0,0,0,0,0,0,0,0.04792676,1009.20421257097,0.0468136979605621,1057.57210065785
10946,8990,330.0667,19656.72,11.00728,2.398578,-1.363552,0,0,0,0,0,0,0,0,0,0,0,0.04797156,1009.16570796385,0.0468564481260442,1057.57696127338
10947,8990,330.1333,19656.07,11.00945,2.400748,-1.359146,0,0,0,0,0,0,0,0,0,0,0,0.04801496,1009.13233730434,0.0468978606061265,1057.58578611471
10948,8990,330.2,19655.62,11.01173,2.403028,-1.359037,0,0,0,0,0,0,0,0,0,0,0,0.04806056,1009.10923454006,0.0469413704888307,1057.60758945323
10949,8990,330.2667,19654.79,11.01395,2.405248,-1.351983,0,0,0,0,0,0,0,0,0,0,0,0.04810496,1009.06662277484,0.0469837335556622,1057.60773230076
10950,8990,330.3333,19654.05,11.01607,2.407368,-1.352545,0,0,0,0,0,0,0,0,0,0,0,0.04814736,1009.02863156248,0.0470241867011172,1057.61069633663
10951,8990,330.4,19653.45,11.01835,2.409648,-1.356327,0,0,0,0,0,0,0,0,0,0,0,0.04819296,1008.99782787678,0.0470676910878546,1057.62441983573
10952,8990,330.4667,19652.47,11.02063,2.411928,-1.356988,0,0,0,0,0,0,0,0,0,0,0,0.04823856,1008.94751519014,0.0471111935820426,1057.61769043849
10953,8990,330.5333,19651.99,11.02273,2.414028,-1.35852,0,0,0,0,0,0,0,0,0,0,0,0.04828056,1008.92287224158,0.0471512599946071,1057.63423351021
10954,8990,330.6,19651.53,11.02501,2.416308,-1.367126,0,0,0,0,0,0,0,0,0,0,0,0.04832616,1008.89925608254,0.0471947588535702,1057.65548295586
10955,8990,330.6667,19650.56,11.02736,2.418658,-1.368099,0,0,0,0,0,0,0,0,0,0,0,0.04837316,1008.84945679066,0.0472395912237241,1057.6506929799
10956,8990,330.7333,19650.33,11.02945,2.420748,-1.366508,0,0,0,0,0,0,0,0,0,0,0,0.04841496,1008.83764871114,0.0472794617281464,1057.68048311998
10957,8990,330.8,19649.8,11.03169,2.422988,-1.355653,0,0,0,0,0,0,0,0,0,0,0,0.04845976,1008.81043878877,0.0473221919872121,1057.69715053797
10958,8990,330.8667,19648.4,11.03408,2.425378,-1.349177,0,0,0,0,0,0,0,0,0,0,0,0.04850756,1008.73856352214,0.0473677816342727,1057.6700099165
10959,8990,330.9333,19648.1,11.03615,2.427448,-1.346932,0,0,0,0,0,0,0,0,0,0,0,0.04854896,1008.72316167929,0.0474072655486169,1057.69562210673
10960,8990,331,19647.65,11.03827,2.429568,-1.34523,0,0,0,0,0,0,0,0,0,0,0,0.04859136,1008.70005891501,0.0474477015648449,1057.71416660977
10961,8990,331.0667,19646.07,11.04069,2.431988,-1.350372,0,0,0,0,0,0,0,0,0,0,0,0.04863976,1008.61894254267,0.0474938576604195,1057.6779258394
10962,8990,331.1333,19645.26,11.04281,2.434108,-1.35886,0,0,0,0,0,0,0,0,0,0,0,0.04868216,1008.57735756697,0.0475342901754298,1057.67708186042
10963,8990,331.2,19644.91,11.04493,2.436228,-1.357047,0,0,0,0,0,0,0,0,0,0,0,0.04872456,1008.55938875031,0.0475747210557177,1057.70100120104
10964,8990,331.2667,19643.57,11.04737,2.438668,-1.356101,0,0,0,0,0,0,0,0,0,0,0,0.04877336,1008.49059385225,0.04762125268709,1057.67806864282
10965,8990,331.3333,19643.04,11.04951,2.440808,-1.356101,0,0,0,0,0,0,0,0,0,0,0,0.04881616,1008.46338392988,0.0476620614340808,1057.69269383394
10966,8990,331.4,19642.98,11.05167,2.442968,-1.360832,0,0,0,0,0,0,0,0,0,0,0,0.04885936,1008.46030356131,0.0477032498825268,1057.73302857872
10967,8990,331.4667,19641.98,11.05407,2.445368,-1.362197,0,0,0,0,0,0,0,0,0,0,0,0.04890736,1008.40896408514,0.0477490128356243,1057.72758431888
10968,8990,331.5333,19641.41,11.05617,2.447468,-1.365,0,0,0,0,0,0,0,0,0,0,0,0.04894936,1008.37970058373,0.0477890537017188,1057.73924156429
10969,8990,331.6,19640.91,11.05825,2.449548,-1.366404,0,0,0,0,0,0,0,0,0,0,0,0.04899096,1008.35403084564,0.0478287116458547,1057.75426283664
10970,8990,331.6667,19639.43,11.06067,2.451968,-1.361432,0,0,0,0,0,0,0,0,0,0,0,0.04903936,1008.27804842092,0.0478748501592473,1057.72335861753
10971,8990,331.7333,19638.82,11.06283,2.454128,-1.365319,0,0,0,0,0,0,0,0,0,0,0,0.04908256,1008.24673134045,0.0479160298443688,1057.73406202628
10972,8990,331.8,19638.56,11.06495,2.456248,-1.362624,0,0,0,0,0,0,0,0,0,0,0,0.04912496,1008.23338307665,0.0479564452938433,1057.76280769096
10973,8990,331.8667,19637.45,11.06741,2.458708,-1.36544,0,0,0,0,0,0,0,0,0,0,0,0.04917416,1008.17639625811,0.0480033404190807,1057.75262367592
10974,8990,331.9333,19637.13,11.06957,2.460868,-1.369871,0,0,0,0,0,0,0,0,0,0,0,0.04921736,1008.15996762573,0.0480445148134627,1057.77893968996
10975,8990,332,19636.88,11.07167,2.462968,-1.358255,0,0,0,0,0,0,0,0,0,0,0,0.04925936,1008.14713275669,0.0480845438493869,1057.80781530212
10976,8990,332.0667,19635.59,11.07405,2.465348,-1.353988,0,0,0,0,0,0,0,0,0,0,0,0.04930696,1008.08090483243,0.0481299081531543,1057.78630968377
10977,8990,332.1333,19634.98,11.07621,2.467508,-1.351461,0,0,0,0,0,0,0,0,0,0,0,0.04935016,1008.04958775197,0.0481710773366234,1057.79699619547
10978,8990,332.2,19634.51,11.07825,2.469548,-1.346205,0,0,0,0,0,0,0,0,0,0,0,0.04939096,1008.02545819817,0.0482099577870195,1057.81280328302
10979,8990,332.2667,19633.1,11.08065,2.471948,-1.351606,0,0,0,0,0,0,0,0,0,0,0,0.04943896,1007.95306953678,0.048255697558071,1057.78522102348
10980,8990,332.3333,19632.46,11.08289,2.474188,-1.355295,0,0,0,0,0,0,0,0,0,0,0,0.04948376,1007.92021227203,0.0482983861235716,1057.79589415525
10981,8990,332.4,19632.39,11.08501,2.476308,-1.36372,0,0,0,0,0,0,0,0,0,0,0,0.04952616,1007.9166185087,0.0483387861232113,1057.83485822362
10982,8990,332.4667,19631.58,11.08735,2.478648,-1.356856,0,0,0,0,0,0,0,0,0,0,0,0.04957296,1007.875033533,0.0483833766807147,1057.83838225533
10983,8990,332.5333,19631.26,11.08959,2.480888,-1.356905,0,0,0,0,0,0,0,0,0,0,0,0.04961776,1007.85860490063,0.048426059796241,1057.86629127253
10984,8990,332.6,19630.83,11.09171,2.483008,-1.352173,0,0,0,0,0,0,0,0,0,0,0,0.04966016,1007.83652892588,0.0484664546382976,1057.88585220618
10985,8990,332.6667,19629.82,11.09399,2.485288,-1.354893,0,0,0,0,0,0,0,0,0,0,0,0.04970576,1007.78467605495,0.0485098963266404,1057.87737929462
10986,8990,332.7333,19629.21,11.09619,2.487488,-1.348295,0,0,0,0,0,0,0,0,0,0,0,0.04974976,1007.75335897449,0.0485518119562763,1057.88884672266
10987,8990,332.8,19628.29,11.09831,2.489608,-1.349275,0,0,0,0,0,0,0,0,0,0,0,0.04979216,1007.70612665641,0.0485922017190162,1057.88199134787
10988,8990,332.8667,19627.09,11.10065,2.491948,-1.360238,0,0,0,0,0,0,0,0,0,0,0,0.04983896,1007.64451928501,0.0486367809782603,1057.86447417588
10989,8990,332.9333,19626.74,11.10291,2.494208,-1.361808,0,0,0,0,0,0,0,0,0,0,0,0.04988416,1007.62655046836,0.048679834273789,1057.89115453217
10990,8990,333,19626.11,11.10507,2.496368,-1.355913,0,0,0,0,0,0,0,0,0,0,0,0.04992736,1007.59420659837,0.0487209808239387,1057.90072528512
10991,8990,333.0667,19625.26,11.10731,2.498608,-1.355415,0,0,0,0,0,0,0,0,0,0,0,0.04997216,1007.55056804363,0.0487636495322079,1057.900046238
10992,8990,333.1333,19624.85,11.10957,2.500868,-1.34976,0,0,0,0,0,0,0,0,0,0,0,0.05001736,1007.5295188584,0.0488066973660913,1057.92348551377
10993,8990,333.2,19623.93,11.11175,2.503048,-1.356465,0,0,0,0,0,0,0,0,0,0,0,0.05006096,1007.48228654033,0.0488482196270384,1057.91781698753
10994,8990,333.2667,19623.01,11.11395,2.505248,-1.361277,0,0,0,0,0,0,0,0,0,0,0,0.05010496,1007.43505422225,0.0488901210783357,1057.91254731666
10995,8990,333.3333,19622.56,11.11621,2.507508,-1.360821,0,0,0,0,0,0,0,0,0,0,0,0.05015016,1007.41195145798,0.0489331634683545,1057.93382200951
10996,8990,333.4,19621.61,11.11841,2.509708,-1.362333,0,0,0,0,0,0,0,0,0,0,0,0.05019416,1007.36317895562,0.0489750613606071,1057.92692753823
10997,8990,333.4667,19620.84,11.12059,2.511888,-1.364844,0,0,0,0,0,0,0,0,0,0,0,0.05023776,1007.32364755897,0.049016576631434,1057.92933120736
10998,8990,333.5333,19620.52,11.12285,2.514148,-1.361602,0,0,0,0,0,0,0,0,0,0,0,0.05028296,1007.3072189266,0.049059613578965,1057.95760752359
10999,8990,333.6,19619.66,11.12517,2.516468,-1.357441,0,0,0,0,0,0,0,0,0,0,0,0.05032936,1007.26306697709,0.0491037911738175,1057.95797248969
11000,8990,333.6667,19619.47,11.12731,2.518608,-1.363882,0,0,0,0,0,0,0,0,0,0,0,0.05037216,1007.25331247662,0.0491445394663267,1057.99083749322
11001,8990,333.7333,19619.41,11.12953,2.520828,-1.35741,0,0,0,0,0,0,0,0,0,0,0,0.05041656,1007.25023210805,0.0491868093048725,1058.03232387014
11002,8990,333.8,19618.14,11.13189,2.523188,-1.354138,0,0,0,0,0,0,0,0,0,0,0,0.05046376,1007.18503097332,0.0492317428496905,1058.01137465195
11003,8990,333.8667,19617.79,11.13401,2.525308,-1.359133,0,0,0,0,0,0,0,0,0,0,0,0.05050616,1007.16706215666,0.0492721051600712,1058.03520294467
11004,8990,333.9333,19617.71,11.13613,2.527428,-1.35169,0,0,0,0,0,0,0,0,0,0,0,0.05054856,1007.16295499857,0.0493124658414015,1058.07359205909
11005,8990,334,19615.99,11.13847,2.529768,-1.350381,0,0,0,0,0,0,0,0,0,0,0,0.05059536,1007.07465109956,0.0493570130040801,1058.02795561882
11006,8990,334.0667,19614.96,11.14067,2.531968,-1.351184,0,0,0,0,0,0,0,0,0,0,0,0.05063936,1007.02177143911,0.0493988931420652,1058.01670945085
11007,8990,334.1333,19615.11,11.14281,2.534108,-1.357745,0,0,0,0,0,0,0,0,0,0,0,0.05068216,1007.02947236053,0.0494396294116924,1058.06790120342
11008,8990,334.2,19613.93,11.14521,2.536508,-1.357368,0,0,0,0,0,0,0,0,0,0,0,0.05073016,1006.96889177865,0.0494853129736964,1058.05258477361
11009,8990,334.2667,19613.12,11.14737,2.538668,-1.346553,0,0,0,0,0,0,0,0,0,0,0,0.05077336,1006.92730680296,0.0495264263952014,1058.0523894451
11010,8990,334.3333,19613.38,11.14951,2.540808,-1.352404,0,0,0,0,0,0,0,0,0,0,0,0.05081616,1006.94065506676,0.0495671574700367,1058.10951250514
11011,8990,334.4,19612.29,11.15191,2.543208,-1.355628,0,0,0,0,0,0,0,0,0,0,0,0.05086416,1006.88469503774,0.0496128352066091,1058.09903926769
11012,8990,334.4667,19611.43,11.15403,2.545328,-1.368495,0,0,0,0,0,0,0,0,0,0,0,0.05090656,1006.84054308824,0.0496531821384627,1058.09533160539
11013,8990,334.5333,19611.38,11.1561,2.547398,-1.367527,0,0,0,0,0,0,0,0,0,0,0,0.05094796,1006.83797611443,0.0496925759210593,1058.13431704799
11014,8990,334.6,19609.93,11.15849,2.549788,-1.37422,0,0,0,0,0,0,0,0,0,0,0,0.05099576,1006.76353387399,0.0497380576335841,1058.10420542418
11015,8990,334.6667,19608.97,11.16067,2.551968,-1.356472,0,0,0,0,0,0,0,0,0,0,0,0.05103936,1006.71424797687,0.0497795412411524,1058.09629889649
11016,8990,334.7333,19609.3,11.16279,2.554088,-1.352317,0,0,0,0,0,0,0,0,0,0,0,0.05108176,1006.731190004,0.049819881447625,1058.1567910363
11017,8990,334.8,19608.34,11.16525,2.556548,-1.355441,0,0,0,0,0,0,0,0,0,0,0,0.05113096,1006.68190410688,0.0498666892702026,1058.15451627849
11018,8990,334.8667,19607.87,11.16745,2.558748,-1.362724,0,0,0,0,0,0,0,0,0,0,0,0.05117496,1006.65777455308,0.0499085480687607,1058.17344589952
11019,8990,334.9333,19608.3,11.16951,2.560808,-1.359246,0,0,0,0,0,0,0,0,0,0,0,0.05121616,1006.67985052783,0.0499477415372009,1058.23812682124
11020,8990,335,19607.16,11.17191,2.563208,-1.360489,0,0,0,0,0,0,0,0,0,0,0,0.05126416,1006.621323525,0.049993401893259,1058.2249201136
11021,8990,335.0667,19606.19,11.17409,2.565388,-1.366179,0,0,0,0,0,0,0,0,0,0,0,0.05130776,1006.57152423312,0.0500348749097981,1058.21645442131
11022,8990,335.1333,19605.95,11.17612,2.567418,-1.364033,0,0,0,0,0,0,0,0,0,0,0,0.05134836,1006.55920275884,0.0500734927319125,1058.24436706341
11023,8990,335.2,19604.44,11.17849,2.569788,-1.356314,0,0,0,0,0,0,0,0,0,0,0,0.05139576,1006.48168014983,0.0501185766767987,1058.21057102721
11024,8990,335.2667,19603.21,11.18073,2.572028,-1.340464,0,0,0,0,0,0,0,0,0,0,0,0.05144056,1006.41853259414,0.0501611857943804,1058.18926550516
11025,8990,335.3333,19603.23,11.18286,2.574158,-1.341851,0,0,0,0,0,0,0,0,0,0,0,0.05148316,1006.41955938367,0.050201700816015,1058.23321858655
11026,8990,335.4,19602.52,11.18521,2.576508,-1.355821,0,0,0,0,0,0,0,0,0,0,0,0.05153016,1006.38310835559,0.0502463985833194,1058.24219095045
11027,8990,335.4667,19601.82,11.18745,2.578748,-1.350125,0,0,0,0,0,0,0,0,0,0,0,0.05157496,1006.34717072227,0.0502890022549863,1058.24948579838
11028,8990,335.5333,19601.62,11.18957,2.580868,-1.352046,0,0,0,0,0,0,0,0,0,0,0,0.05161736,1006.33690282704,0.0503293219153451,1058.28135702155
11029,8990,335.6,19600.94,11.19185,2.583148,-1.353137,0,0,0,0,0,0,0,0,0,0,0,0.05166296,1006.30199198324,0.0503726827546717,1058.29053154299
11030,8990,335.6667,19600.16,11.19403,2.585328,-1.349251,0,0,0,0,0,0,0,0,0,0,0,0.05170656,1006.26194719183,0.0504141400445978,1058.29229094002
11031,8990,335.7333,19599.2,11.19616,2.587458,-1.364024,0,0,0,0,0,0,0,0,0,0,0,0.05174916,1006.21266129471,0.050454644819289,1058.28332129808
11032,8990,335.8,19598.22,11.19849,2.589788,-1.368337,0,0,0,0,0,0,0,0,0,0,0,0.05179576,1006.16234860807,0.0504989509803457,1058.27729213761
11033,8990,335.8667,19597.81,11.20073,2.592028,-1.360564,0,0,0,0,0,0,0,0,0,0,0,0.05184056,1006.14129942284,0.0505415438939409,1058.30022782405
11034,8990,335.9333,19597.29,11.2029,2.594198,-1.351198,0,0,0,0,0,0,0,0,0,0,0,0.05188396,1006.11460289523,0.0505828040490549,1058.31581270727
11035,8990,336,19596.7,11.20519,2.596488,-1.351395,0,0,0,0,0,0,0,0,0,0,0,0.05192976,1006.0843126043,0.0506263440255954,1058.3300294976
11036,8990,336.0667,19596.29,11.20743,2.598728,-1.350461,0,0,0,0,0,0,0,0,0,0,0,0.05197456,1006.06326341907,0.0506689315136107,1058.35295886744
11037,8990,336.1333,19595.5,11.2096,2.600898,-1.351797,0,0,0,0,0,0,0,0,0,0,0,0.05201796,1006.02270523289,0.050710186413135,1058.35395407279
11038,8990,336.2,19594.68,11.21185,2.603148,-1.346915,0,0,0,0,0,0,0,0,0,0,0,0.05206296,1005.98060686244,0.0507529604334487,1058.35493495829
11039,8990,336.2667,19594.03,11.21407,2.605368,-1.347911,0,0,0,0,0,0,0,0,0,0,0,0.05210736,1005.94723620293,0.0507951623403804,1058.36449098076
11040,8990,336.3333,19592.84,11.21624,2.607538,-1.352973,0,0,0,0,0,0,0,0,0,0,0,0.05215076,1005.88614222629,0.0508364120327007,1058.34386901686
11041,8990,336.4,19591.87,11.2185,2.609798,-1.359349,0,0,0,0,0,0,0,0,0,0,0,0.05219596,1005.83634293441,0.0508793707329731,1058.33693645676
11042,8990,336.4667,19591.36,11.22072,2.612018,-1.357659,0,0,0,0,0,0,0,0,0,0,0,0.05224036,1005.81015980156,0.050921567305599,1058.35404464125
11043,8990,336.5333,19590.38,11.22296,2.614258,-1.354662,0,0,0,0,0,0,0,0,0,0,0,0.05228516,1005.75984711492,0.0509641422229198,1058.3461616429
11044,8990,336.6,19589.84,11.22518,2.616478,-1.350174,0,0,0,0,0,0,0,0,0,0,0,0.05232956,1005.73212379779,0.0510063352187063,1058.36164331399
11045,8990,336.6667,19589.61,11.22738,2.618678,-1.355073,0,0,0,0,0,0,0,0,0,0,0,0.05237356,1005.72031571827,0.0510481463412235,1058.39346901676
11046,8990,336.7333,19588.39,11.22964,2.620938,-1.354726,0,0,0,0,0,0,0,0,0,0,0,0.05241876,1005.65768155735,0.0510910959468234,1058.37301020906
11047,8990,336.8,19587.78,11.23186,2.623158,-1.359368,0,0,0,0,0,0,0,0,0,0,0,0.05246316,1005.62636447688,0.0511332835865052,1058.38470133665
11048,8990,336.8667,19587.87,11.23402,2.625318,-1.357868,0,0,0,0,0,0,0,0,0,0,0,0.05250636,1005.63098502974,0.0511743293114865,1058.43300755687
11049,8990,336.9333,19586.51,11.23624,2.627538,-1.353622,0,0,0,0,0,0,0,0,0,0,0,0.05255076,1005.56116334215,0.0512165134399689,1058.40416670227
11050,8990,337,19585.32,11.23852,2.629818,-1.356837,0,0,0,0,0,0,0,0,0,0,0,0.05259636,1005.50006936551,0.0512598358278191,1058.38571299389
11051,8990,337.0667,19585.41,11.2407,2.631998,-1.361658,0,0,0,0,0,0,0,0,0,0,0,0.05263996,1005.50468991837,0.051301256355854,1058.43441657548
11052,8990,337.1333,19584.48,11.24296,2.634258,-1.351798,0,0,0,0,0,0,0,0,0,0,0,0.05268516,1005.45694420553,0.0513441950920877,1058.42960418411
11053,8990,337.2,19583.43,11.2452,2.636498,-1.350462,0,0,0,0,0,0,0,0,0,0,0,0.05272996,1005.40303775556,0.0513867520202499,1058.41789972029
11054,8990,337.2667,19583.51,11.24742,2.638718,-1.350652,0,0,0,0,0,0,0,0,0,0,0,0.05277436,1005.40714491365,0.0514289271890062,1058.4668635259
11055,8990,337.3333,19582.55,11.2497,2.640998,-1.352153,0,0,0,0,0,0,0,0,0,0,0,0.05281996,1005.35785901653,0.0514722403757622,1058.46082091547
11056,8990,337.4,19581.48,11.25188,2.643178,-1.35219,0,0,0,0,0,0,0,0,0,0,0,0.05286356,1005.30292577703,0.0515136521070049,1058.44681731202
11057,8990,337.4667,19581.2,11.25404,2.645338,-1.352242,0,0,0,0,0,0,0,0,0,0,0,0.05290676,1005.2885507237,0.0515546822227736,1058.47511080759
11058,8990,337.5333,19579.67,11.25632,2.647618,-1.340688,0,0,0,0,0,0,0,0,0,0,0,0.05295236,1005.21000132517,0.0515979899631386,1058.43824319094
11059,8990,337.6,19578.37,11.2585,2.649798,-1.338806,0,0,0,0,0,0,0,0,0,0,0,0.05299596,1005.14326000615,0.0516393964873085,1058.41179200771
11060,8990,337.6667,19578.28,11.2607,2.651998,-1.346618,0,0,0,0,0,0,0,0,0,0,0,0.05303996,1005.1386394533,0.0516811811497528,1058.45115268435
11061,8990,337.7333,19577.28,11.26306,2.654358,-1.34945,0,0,0,0,0,0,0,0,0,0,0,0.05308716,1005.08729997713,0.05172600275578,1058.44453028498
11062,8990,337.8,19576.49,11.26524,2.656538,-1.340274,0,0,0,0,0,0,0,0,0,0,0,0.05313076,1005.04674179096,0.0517674039798339,1058.44563901783
11063,8990,337.8667,19576.63,11.2674,2.658698,-1.337443,0,0,0,0,0,0,0,0,0,0,0,0.05317396,1005.05392931762,0.0518084236856685,1058.496626753
11064,8990,337.9333,19575.63,11.26972,2.661018,-1.342734,0,0,0,0,0,0,0,0,0,0,0,0.05322036,1005.00258984145,0.0518524800141222,1058.48918947375
11065,8990,338,19574.62,11.27188,2.663178,-1.34998,0,0,0,0,0,0,0,0,0,0,0,0.05326356,1004.95073697052,0.0518934962303827,1058.4779908462
11066,8990,338.0667,19574.37,11.27398,2.665278,-1.352938,0,0,0,0,0,0,0,0,0,0,0,0.05330556,1004.93790210148,0.0519333714944857,1058.50667973823
11067,8990,338.1333,19573.13,11.2763,2.667598,-1.349225,0,0,0,0,0,0,0,0,0,0,0,0.05335196,1004.87424115104,0.0519774223186629,1058.48625146996
11068,8990,338.2,19571.81,11.27852,2.669818,-1.346925,0,0,0,0,0,0,0,0,0,0,0,0.05339636,1004.8064730425,0.0520195725836803,1058.4594812074
11069,8990,338.2667,19571.86,11.28072,2.672018,-1.35056,0,0,0,0,0,0,0,0,0,0,0,0.05344036,1004.8090400163,0.0520613413639457,1058.50639684603
11070,8990,338.3333,19571.27,11.28308,2.674378,-1.349802,0,0,0,0,0,0,0,0,0,0,0,0.05348756,1004.77874972537,0.0521061459342016,1058.52191338803
11071,8990,338.4,19570.5,11.28526,2.676558,-1.35563,0,0,0,0,0,0,0,0,0,0,0,0.05353116,1004.73921832872,0.0521475314231793,1058.52407418335
11072,8990,338.4667,19570.06,11.2874,2.678698,-1.359172,0,0,0,0,0,0,0,0,0,0,0,0.05357396,1004.7166289592,0.0521881558795481,1058.5432774504
11073,8990,338.5333,19569.03,11.28976,2.681058,-1.356766,0,0,0,0,0,0,0,0,0,0,0,0.05362116,1004.66374929875,0.0522329547684217,1058.5349849461
11074,8990,338.6,19568.21,11.29188,2.683178,-1.358121,0,0,0,0,0,0,0,0,0,0,0,0.05366356,1004.62165092829,0.0522731961269844,1058.53322517018
11075,8990,338.6667,19567.48,11.294,2.685298,-1.361604,0,0,0,0,0,0,0,0,0,0,0,0.05370596,1004.58417311069,0.0523134358662456,1058.53633052841
11076,8990,338.7333,19566.28,11.2964,2.687698,-1.357008,0,0,0,0,0,0,0,0,0,0,0,0.05375396,1004.52256573929,0.0523589883339844,1058.51963155714
11077,8990,338.8,19565.62,11.29856,2.689858,-1.354714,0,0,0,0,0,0,0,0,0,0,0,0.05379716,1004.48868168502,0.0523999837808763,1058.52732001182
11078,8990,338.8667,19565.34,11.30072,2.692018,-1.363596,0,0,0,0,0,0,0,0,0,0,0,0.05384036,1004.47430663169,0.0524409775472104,1058.55556491149
11079,8990,338.9333,19564.64,11.3031,2.694398,-1.367047,0,0,0,0,0,0,0,0,0,0,0,0.05388796,1004.43836899838,0.0524861446586986,1058.56550364943
11080,8990,339,19564.25,11.30526,2.696558,-1.361408,0,0,0,0,0,0,0,0,0,0,0,0.05393116,1004.41834660267,0.0525271348931986,1058.58779316024
11081,8990,339.0667,19563.72,11.3074,2.698698,-1.356896,0,0,0,0,0,0,0,0,0,0,0,0.05397396,1004.3911366803,0.0525677439316223,1058.60210371584
11082,8990,339.1333,19562.87,11.30972,2.701018,-1.356332,0,0,0,0,0,0,0,0,0,0,0,0.05402036,1004.34749812556,0.0526117668206474,1058.6027115394
11083,8990,339.2,19562.2,11.31188,2.703178,-1.35988,0,0,0,0,0,0,0,0,0,0,0,0.05406356,1004.31310067653,0.0526527519062943,1058.60984225374
11084,8990,339.2667,19561.36,11.31404,2.705338,-1.353953,0,0,0,0,0,0,0,0,0,0,0,0.05410676,1004.26997551655,0.0526937353122329,1058.60777005703
11085,8990,339.3333,19560.44,11.31638,2.707678,-1.348764,0,0,0,0,0,0,0,0,0,0,0,0.05415356,1004.22274319848,0.0527381321066551,1058.60497977564
11086,8990,339.4,19560,11.31854,2.709838,-1.351814,0,0,0,0,0,0,0,0,0,0,0,0.05419676,1004.20015382896,0.0527791120136431,1058.62454855799
11087,8990,339.4667,19559.13,11.32076,2.712058,-1.353341,0,0,0,0,0,0,0,0,0,0,0,0.05424116,1004.1554884847,0.0528212285014803,1058.62204700047
11088,8990,339.5333,19558.35,11.32308,2.714378,-1.354011,0,0,0,0,0,0,0,0,0,0,0,0.05428756,1004.11544369329,0.0528652402330421,1058.62642108971
11089,8990,339.6,19558.2,11.32524,2.716538,-1.355785,0,0,0,0,0,0,0,0,0,0,0,0.05433076,1004.10774277186,0.0529062149315889,1058.66167955854
11090,8990,339.6667,19557.05,11.32746,2.718758,-1.352036,0,0,0,0,0,0,0,0,0,0,0,0.05437516,1004.04870237427,0.0529483260667504,1058.64401121366
11091,8990,339.7333,19556.35,11.32978,2.721078,-1.346745,0,0,0,0,0,0,0,0,0,0,0,0.05442156,1004.01276474095,0.0529923322050068,1058.65270565807
11092,8990,339.8,19556.5,11.3319,2.723198,-1.35241,0,0,0,0,0,0,0,0,0,0,0,0.05446396,1004.02046566238,0.0530325430174039,1058.70339614339
11093,8990,339.8667,19555.32,11.33406,2.725358,-1.353361,0,0,0,0,0,0,0,0,0,0,0,0.05450716,1003.9598850805,0.0530735108614832,1058.68288717016
11094,8990,339.9333,19554.02,11.3364,2.727698,-1.362216,0,0,0,0,0,0,0,0,0,0,0,0.05455396,1003.89314376148,0.0531178907986637,1058.65949017052
11095,8990,340,19554.11,11.33854,2.729838,-1.365146,0,0,0,0,0,0,0,0,0,0,0,0.05459676,1003.89776431434,0.0531584758546295,1058.70732961714
11096,8990,340.0667,19553.4,11.34074,2.732038,-1.355236,0,0,0,0,0,0,0,0,0,0,0,0.05464076,1003.86131328626,0.0532001970923653,1058.71305837882
11097,8990,340.1333,19552.4,11.3431,2.734398,-1.355496,0,0,0,0,0,0,0,0,0,0,0,0.05468796,1003.80997381009,0.0532449506668654,1058.70629350542
11098,8990,340.2,19552.8,11.3453,2.736598,-1.357456,0,0,0,0,0,0,0,0,0,0,0,0.05473196,1003.83050960056,0.053286668296996,1058.7721208988
11099,8990,340.2667,19552.32,11.3475,2.738798,-1.350884,0,0,0,0,0,0,0,0,0,0,0,0.05477596,1003.805866652,0.0533283841868385,1058.79029665149
11100,8990,340.3333,19551.3,11.34976,2.741058,-1.347134,0,0,0,0,0,0,0,0,0,0,0,0.05482116,1003.75350038631,0.0533712359707913,1058.78043163155
11101,8990,340.4,19551.21,11.3519,2.743198,-1.348922,0,0,0,0,0,0,0,0,0,0,0,0.05486396,1003.74887983345,0.0534118107462403,1058.81851822668
11102,8990,340.4667,19549.96,11.35406,2.745358,-1.356861,0,0,0,0,0,0,0,0,0,0,0,0.05490716,1003.68470548824,0.0534527630558026,1058.79418220204
11103,8990,340.5333,19548.28,11.3564,2.747698,-1.359669,0,0,0,0,0,0,0,0,0,0,0,0.05495396,1003.59845516828,0.053497126165359,1058.75016452966
11104,8990,340.6,19548.36,11.3586,2.749898,-1.36046,0,0,0,0,0,0,0,0,0,0,0,0.05499796,1003.60256232638,0.0535388332768711,1058.7986559051
11105,8990,340.6667,19547.69,11.36082,2.752118,-1.361895,0,0,0,0,0,0,0,0,0,0,0,0.05504236,1003.56816487734,0.0535809177807414,1058.80692509306
11106,8990,340.7333,19546.55,11.36312,2.754418,-1.35747,0,0,0,0,0,0,0,0,0,0,0,0.05508836,1003.50963787451,0.0536245169753991,1058.79133806921
11107,8990,340.8,19546.85,11.3653,2.756598,-1.354587,0,0,0,0,0,0,0,0,0,0,0,0.05513196,1003.52503971736,0.0536658396748281,1058.85134206606
11108,8990,340.8667,19546.21,11.36752,2.758818,-1.359289,0,0,0,0,0,0,0,0,0,0,0,0.05517636,1003.49218245262,0.0537079188341487,1058.86122836881
11109,8990,340.9333,19545.12,11.36978,2.761078,-1.35311,0,0,0,0,0,0,0,0,0,0,0,0.05522156,1003.43622242359,0.0537507543577991,1058.84753598633
11110,8990,341,19545.11,11.37192,2.763218,-1.351942,0,0,0,0,0,0,0,0,0,0,0,0.05526436,1003.43570902883,0.0537913137376086,1058.88994128946
11111,8990,341.0667,19544.18,11.37408,2.765378,-1.349353,0,0,0,0,0,0,0,0,0,0,0,0.05530756,1003.387963316,0.0538322505089137,1058.88290330037
11112,8990,341.1333,19542.8,11.3764,2.767698,-1.347391,0,0,0,0,0,0,0,0,0,0,0,0.05535396,1003.31711483889,0.05387621776711,1058.85469028099
11113,8990,341.2,19543.04,11.37862,2.769918,-1.350949,0,0,0,0,0,0,0,0,0,0,0,0.05539836,1003.32943631317,0.0539182880750149,1058.91224162464
11114,8990,341.2667,19542.99,11.38088,2.772178,-1.353256,0,0,0,0,0,0,0,0,0,0,0,0.05544356,1003.32686933936,0.0539611145885294,1058.95488281919
11115,8990,341.3333,19542.09,11.3831,2.774398,-1.361675,0,0,0,0,0,0,0,0,0,0,0,0.05548796,1003.28066381081,0.0540031813250254,1058.95066115312
11116,8990,341.4,19541.89,11.3853,2.776598,-1.354493,0,0,0,0,0,0,0,0,0,0,0,0.05553196,1003.27039591558,0.0540448673362179,1058.98396741074
11117,8990,341.4667,19541.28,11.38758,2.778878,-1.350546,0,0,0,0,0,0,0,0,0,0,0,0.05557756,1003.23907883511,0.0540880673687837,1058.99665893342
11118,8990,341.5333,19540.38,11.38972,2.781018,-1.348382,0,0,0,0,0,0,0,0,0,0,0,0.05562036,1003.19287330656,0.0541286130699712,1058.99082206931
11119,8990,341.6,19539.7,11.39188,2.783178,-1.346577,0,0,0,0,0,0,0,0,0,0,0,0.05566356,1003.15796246277,0.0541695360359416,1058.99730589579
11120,8990,341.6667,19538.61,11.3942,2.785498,-1.354078,0,0,0,0,0,0,0,0,0,0,0,0.05570996,1003.10200243375,0.0542134884674445,1058.98477486525
11121,8990,341.7333,19537.65,11.39638,2.787678,-1.356143,0,0,0,0,0,0,0,0,0,0,0,0.05575356,1003.05271653663,0.0542547868366499,1058.97647635121
11122,8990,341.8,19537.27,11.3986,2.789898,-1.36242,0,0,0,0,0,0,0,0,0,0,0,0.05579796,1003.03320753568,0.0542968412213864,1059.00041432843
11123,8990,341.8667,19536.44,11.40094,2.792238,-1.362921,0,0,0,0,0,0,0,0,0,0,0,0.05584476,1002.99059577046,0.0543411669016394,1059.00236487352
11124,8990,341.9333,19535.94,11.40308,2.794378,-1.368363,0,0,0,0,0,0,0,0,0,0,0,0.05588756,1002.96492603238,0.0543817023422352,1059.01818851391
11125,8990,342,19535.43,11.40529,2.796588,-1.356374,0,0,0,0,0,0,0,0,0,0,0,0.05593176,1002.93874289954,0.054423561983908,1059.03487196209
11126,8990,342.0667,19534.58,11.40762,2.798918,-1.353071,0,0,0,0,0,0,0,0,0,0,0,0.05597836,1002.89510434479,0.0544676926498546,1059.03552753804
11127,8990,342.1333,19533.88,11.40971,2.801008,-1.35265,0,0,0,0,0,0,0,0,0,0,0,0.05602016,1002.85916671148,0.0545072760109317,1059.03949768812
11128,8990,342.2,19533.09,11.41191,2.803208,-1.353086,0,0,0,0,0,0,0,0,0,0,0,0.05606416,1002.8186085253,0.0545489410141606,1059.04079144464
11129,8990,342.2667,19532.13,11.41426,2.805558,-1.35002,0,0,0,0,0,0,0,0,0,0,0,0.05611116,1002.76932262818,0.0545934448955975,1059.03587253327
11130,8990,342.3333,19531.52,11.41637,2.807668,-1.348963,0,0,0,0,0,0,0,0,0,0,0,0.05615336,1002.73800554772,0.0546334020123375,1059.04511375893
11131,8990,342.4,19530.8,11.41861,2.809908,-1.355625,0,0,0,0,0,0,0,0,0,0,0,0.05619816,1002.70104112488,0.0546758191948781,1059.05099466618
11132,8990,342.4667,19529.92,11.42098,2.812278,-1.356395,0,0,0,0,0,0,0,0,0,0,0,0.05624556,1002.65586238585,0.0547206961301158,1059.05080285303
11133,8990,342.5333,19529.75,11.42307,2.814368,-1.344506,0,0,0,0,0,0,0,0,0,0,0,0.05628736,1002.64713467491,0.0547602694779294,1059.08349489732
11134,8990,342.6,19528.93,11.42529,2.816588,-1.333312,0,0,0,0,0,0,0,0,0,0,0,0.05633176,1002.60503630445,0.0548023026107229,1059.08354258434
11135,8990,342.6667,19527.84,11.42764,2.818938,-1.338263,0,0,0,0,0,0,0,0,0,0,0,0.05637876,1002.54907627543,0.0548467952182646,1059.07155003498
11136,8990,342.7333,19527.62,11.42973,2.821028,-1.340556,0,0,0,0,0,0,0,0,0,0,0,0.05642056,1002.53778159067,0.0548863635763285,1059.10152464917
11137,8990,342.8,19526.6,11.43187,2.823168,-1.336682,0,0,0,0,0,0,0,0,0,0,0,0.05646336,1002.48541532498,0.0549268769236077,1059.08911022522
11138,8990,342.8667,19525.03,11.43425,2.825548,-1.340212,0,0,0,0,0,0,0,0,0,0,0,0.05651096,1002.4048123474,0.0549719318961717,1059.05167060177
11139,8990,342.9333,19524.65,11.43641,2.827708,-1.342851,0,0,0,0,0,0,0,0,0,0,0,0.05655416,1002.38530334645,0.0550128203662875,1059.07436217356
11140,8990,343,19524.02,11.43855,2.829848,-1.345912,0,0,0,0,0,0,0,0,0,0,0,0.05659696,1002.35295947647,0.0550533285908067,1059.08308982984
11141,8990,343.0667,19522.78,11.44096,2.832258,-1.343423,0,0,0,0,0,0,0,0,0,0,0,0.05664516,1002.28929852602,0.0550989457016452,1059.06413620732
11142,8990,343.1333,19522.77,11.44317,2.834468,-1.34735,0,0,0,0,0,0,0,0,0,0,0,0.05668936,1002.28878513126,0.0551407753311603,1059.10789489553
11143,8990,343.2,19522.46,11.44529,2.836588,-1.346243,0,0,0,0,0,0,0,0,0,0,0,0.05673176,1002.27286989365,0.0551808998473812,1059.13357380297
11144,8990,343.2667,19521.47,11.44763,2.838928,-1.332592,0,0,0,0,0,0,0,0,0,0,0,0.05677856,1002.22204381224,0.0552251863593181,1059.12676826016
11145,8990,343.3333,19521.23,11.44979,2.841088,-1.343277,0,0,0,0,0,0,0,0,0,0,0,0.05682176,1002.20972233796,0.0552660644757693,1059.15704265032
11146,8990,343.4,19520.4,11.45189,2.843188,-1.357089,0,0,0,0,0,0,0,0,0,0,0,0.05686376,1002.16711057274,0.0553058054870106,1059.15410062825
11147,8990,343.4667,19518.97,11.45425,2.845548,-1.354093,0,0,0,0,0,0,0,0,0,0,0,0.05691096,1002.09369512182,0.0553504649292503,1059.12380932115
11148,8990,343.5333,19518.72,11.45643,2.847728,-1.357026,0,0,0,0,0,0,0,0,0,0,0,0.05695456,1002.08086025278,0.0553917163708334,1059.1539347329
11149,8990,343.6,19517.98,11.45861,2.849908,-1.356407,0,0,0,0,0,0,0,0,0,0,0,0.05699816,1002.04286904042,0.0554329661108049,1059.15746881684
11150,8990,343.6667,19517.09,11.46099,2.852288,-1.354504,0,0,0,0,0,0,0,0,0,0,0,0.05704576,1001.99717690663,0.0554779982878167,1059.15686738112
11151,8990,343.7333,19517.29,11.46319,2.854488,-1.354681,0,0,0,0,0,0,0,0,0,0,0,0.05708976,1002.00744480186,0.0555196228663644,1059.21180934382
11152,8990,343.8,19516.71,11.46533,2.856628,-1.353801,0,0,0,0,0,0,0,0,0,0,0,0.05713256,1001.97766790569,0.055560110566831,1059.22321713597
11153,8990,343.8667,19515.43,11.46763,2.858928,-1.351134,0,0,0,0,0,0,0,0,0,0,0,0.05717856,1001.91195337619,0.0556036235574898,1059.19983611703
11154,8990,343.9333,19515.13,11.46977,2.861068,-1.343597,0,0,0,0,0,0,0,0,0,0,0,0.05722136,1001.89655153334,0.0556441078571731,1059.22643479139
11155,8990,344,19514.17,11.47191,2.863208,-1.334362,0,0,0,0,0,0,0,0,0,0,0,0.05726416,1001.84726563622,0.0556845905179441,1059.21720775118
11156,8990,344.0667,19512.6,11.47423,2.865528,-1.340434,0,0,0,0,0,0,0,0,0,0,0,0.05731056,1001.76666265864,0.0557284764109973,1059.17847108494
11157,8990,344.1333,19512.39,11.47649,2.867788,-1.342347,0,0,0,0,0,0,0,0,0,0,0,0.05735576,1001.75588136864,0.0557712254722365,1059.21235127901
11158,8990,344.2,19512.11,11.47869,2.869988,-1.346754,0,0,0,0,0,0,0,0,0,0,0,0.05739976,1001.74150631532,0.0558128378473694,1059.24122835986
11159,8990,344.2667,19511.26,11.48091,2.872208,-1.346835,0,0,0,0,0,0,0,0,0,0,0,0.05744416,1001.69786776058,0.0558548267616212,1059.23956034787
11160,8990,344.3333,19511.1,11.48317,2.874468,-1.347318,0,0,0,0,0,0,0,0,0,0,0,0.05748936,1001.68965344439,0.055897570421958,1059.27615053953
11161,8990,344.4,19510.49,11.48541,2.876708,-1.353104,0,0,0,0,0,0,0,0,0,0,0,0.05753416,1001.65833636393,0.0559399340170509,1059.28790735362
11162,8990,344.4667,19509.79,11.48757,2.878868,-1.349326,0,0,0,0,0,0,0,0,0,0,0,0.05757736,1001.62239873061,0.0559807829269998,1059.29317216639
11163,8990,344.5333,19509.43,11.48977,2.881068,-1.343103,0,0,0,0,0,0,0,0,0,0,0,0.05762136,1001.60391651919,0.0560223865830442,1059.31769637035
11164,8990,344.6,19508.32,11.49203,2.883328,-1.343179,0,0,0,0,0,0,0,0,0,0,0,0.05766656,1001.54692970064,0.0560651230820139,1059.30269581504
11165,8990,344.6667,19507.39,11.49423,2.885528,-1.350666,0,0,0,0,0,0,0,0,0,0,0,0.05771056,1001.49918398781,0.0561067232294208,1059.29626273529
11166,8990,344.7333,19507.3,11.49649,2.887788,-1.343253,0,0,0,0,0,0,0,0,0,0,0,0.05775576,1001.49456343495,0.0561494561243664,1059.33664308201
11167,8990,344.8,19506.55,11.49879,2.890088,-1.340123,0,0,0,0,0,0,0,0,0,0,0,0.05780176,1001.45605882783,0.0561929434789502,1059.34198159074
11168,8990,344.8667,19505.96,11.50093,2.892228,-1.338321,0,0,0,0,0,0,0,0,0,0,0,0.05784456,1001.42576853689,0.0562334039279403,1059.35280149057
11169,8990,344.9333,19505.53,11.50315,2.894448,-1.334601,0,0,0,0,0,0,0,0,0,0,0,0.05788896,1001.40369256214,0.0562753751871626,1059.37391086472
11170,8990,345,19504.34,11.50543,2.896728,-1.337468,0,0,0,0,0,0,0,0,0,0,0,0.05793456,1001.3425985855,0.0563184789711749,1059.35494144381
11171,8990,345.0667,19503.48,11.50755,2.898848,-1.340512,0,0,0,0,0,0,0,0,0,0,0,0.05797696,1001.298446636,0.0563585562613685,1059.35068662467
11172,8990,345.1333,19502.88,11.50977,2.901068,-1.338322,0,0,0,0,0,0,0,0,0,0,0,0.05802136,1001.2676429503,0.0564005222682285,1059.36255331827
11173,8990,345.2,19501.76,11.51209,2.903388,-1.336428,0,0,0,0,0,0,0,0,0,0,0,0.05806776,1001.21014273699,0.0564443767539105,1059.34817301501
11174,8990,345.2667,19501.07,11.51419,2.905488,-1.338055,0,0,0,0,0,0,0,0,0,0,0,0.05810976,1001.17471849843,0.0564840709663371,1059.35274110844
11175,8990,345.3333,19500.51,11.51643,2.907728,-1.342703,0,0,0,0,0,0,0,0,0,0,0,0.05815456,1001.14596839178,0.056526409722969,1059.36717167938
11176,8990,345.4,19499.55,11.51883,2.910128,-1.338428,0,0,0,0,0,0,0,0,0,0,0,0.05820256,1001.09668249466,0.0565717706873873,1059.36307222336
11177,8990,345.4667,19499.3,11.52091,2.912208,-1.327573,0,0,0,0,0,0,0,0,0,0,0,0.05824416,1001.08384762562,0.0566110818589016,1059.39113542014
11178,8990,345.5333,19498.74,11.52311,2.914408,-1.335768,0,0,0,0,0,0,0,0,0,0,0,0.05828816,1001.05509751896,0.0566526593010134,1059.40475721196
11179,8990,345.6,19497.56,11.52553,2.916828,-1.336673,0,0,0,0,0,0,0,0,0,0,0,0.05833656,1000.99451693709,0.0566983924907954,1059.38909363406
11180,8990,345.6667,19497.26,11.52759,2.918888,-1.329296,0,0,0,0,0,0,0,0,0,0,0,0.05837776,1000.97911509424,0.0567373207482515,1059.41403364022
11181,8990,345.7333,19496.76,11.52971,2.921008,-1.332333,0,0,0,0,0,0,0,0,0,0,0,0.05842016,1000.95344535615,0.056777381256253,1059.42930578641
11182,8990,345.8,19495.17,11.53213,2.923428,-1.331705,0,0,0,0,0,0,0,0,0,0,0,0.05846856,1000.87181558905,0.056823108742588,1059.39134939112
11183,8990,345.8667,19494.73,11.53427,2.925568,-1.339796,0,0,0,0,0,0,0,0,0,0,0,0.05851136,1000.84922621953,0.056863543703356,1059.41027560059
11184,8990,345.9333,19494.53,11.53641,2.927708,-1.342417,0,0,0,0,0,0,0,0,0,0,0,0.05855416,1000.8389583243,0.0569039770292039,1059.44224282425
11185,8990,346,19493.31,11.53885,2.930148,-1.348573,0,0,0,0,0,0,0,0,0,0,0,0.05860296,1000.77632416338,0.0569500765836939,1059.42477905727
11186,8990,346.0667,19493.01,11.54099,2.932288,-1.344874,0,0,0,0,0,0,0,0,0,0,0,0.05864576,1000.76092232053,0.0569905064109519,1059.45130718831
11187,8990,346.1333,19492.54,11.54307,2.934368,-1.338108,0,0,0,0,0,0,0,0,0,0,0,0.05868736,1000.73679276673,0.0570298011252435,1059.46739318907
11188,8990,346.2,19491.3,11.54553,2.936828,-1.333236,0,0,0,0,0,0,0,0,0,0,0,0.05873656,1000.67313181628,0.0570762726886789,1059.4492292636
11189,8990,346.2667,19490.81,11.54765,2.938948,-1.32785,0,0,0,0,0,0,0,0,0,0,0,0.05877896,1000.64797547296,0.057116319620666,1059.46502279736
11190,8990,346.3333,19490.39,11.54969,2.940988,-1.329455,0,0,0,0,0,0,0,0,0,0,0,0.05881976,1000.62641289297,0.0571548538336118,1059.48301834899
11191,8990,346.4,19488.74,11.55213,2.943428,-1.336398,0,0,0,0,0,0,0,0,0,0,0,0.05886856,1000.54170275729,0.05720094182451,1059.44215201856
11192,8990,346.4667,19488.35,11.55429,2.945588,-1.341712,0,0,0,0,0,0,0,0,0,0,0,0.05891176,1000.52168036159,0.0572417392571785,1059.46417346985
11193,8990,346.5333,19488.12,11.55639,2.947688,-1.341255,0,0,0,0,0,0,0,0,0,0,0,0.05895376,1000.50987228207,0.0572814018321711,1059.49369117022
11194,8990,346.6,19486.93,11.55887,2.950168,-1.338912,0,0,0,0,0,0,0,0,0,0,0,0.05900336,1000.44877830543,0.0573282394187686,1059.47861773335
11195,8990,346.6667,19486.85,11.56105,2.952348,-1.336575,0,0,0,0,0,0,0,0,0,0,0,0.05904696,1000.44467114734,0.0573694093566068,1059.51788762679
11196,8990,346.7333,19486.64,11.56311,2.954408,-1.338685,0,0,0,0,0,0,0,0,0,0,0,0.05908816,1000.43388985734,0.0574083115018156,1059.54768761065
11197,8990,346.8,19485.29,11.56551,2.956808,-1.33879,0,0,0,0,0,0,0,0,0,0,0,0.05913616,1000.36458156452,0.0574536324808593,1059.52230151825
11198,8990,346.8667,19484.8,11.56767,2.958968,-1.331653,0,0,0,0,0,0,0,0,0,0,0,0.05917936,1000.33942522119,0.0574944196059103,1059.53887218855
11199,8990,346.9333,19484.2,11.56971,2.961008,-1.340226,0,0,0,0,0,0,0,0,0,0,0,0.05922016,1000.30862153549,0.0575329392521054,1059.5470581522
11200,8990,347,19482.47,11.57211,2.963408,-1.344792,0,0,0,0,0,0,0,0,0,0,0,0.05926816,1000.21980424172,0.0575782545833773,1059.50099163469
11201,8990,347.0667,19481.8,11.57439,2.965688,-1.342052,0,0,0,0,0,0,0,0,0,0,0,0.05931376,1000.18540679269,0.0576213022461338,1059.5101639667
11202,8990,347.1333,19481.85,11.57649,2.967788,-1.335558,0,0,0,0,0,0,0,0,0,0,0,0.05935576,1000.1879737665,0.0576609497698359,1059.55489109227
11203,8990,347.2,19480.87,11.57879,2.970088,-1.324689,0,0,0,0,0,0,0,0,0,0,0,0.05940176,1000.13766107986,0.0577043714446364,1059.54759839028
11204,8990,347.2667,19480.26,11.58107,2.972368,-1.316496,0,0,0,0,0,0,0,0,0,0,0,0.05944736,1000.10634399939,0.0577474136788158,1059.56002586941
11205,8990,347.3333,19479.55,11.58321,2.974508,-1.327437,0,0,0,0,0,0,0,0,0,0,0,0.05949016,1000.06989297132,0.0577878112833717,1059.56421091536
11206,8990,347.4,19478.41,11.58541,2.976708,-1.329853,0,0,0,0,0,0,0,0,0,0,0,0.05953416,1000.01136596849,0.0578293398298739,1059.54620263187
11207,8990,347.4667,19477.54,11.58765,2.978948,-1.336976,0,0,0,0,0,0,0,0,0,0,0,0.05957896,999.966700624221,0.0578716216689924,1059.54367668204
11208,8990,347.5333,19476.4,11.58981,2.981108,-1.337376,0,0,0,0,0,0,0,0,0,0,0,0.05962216,999.90817362139,0.0579123917493762,1059.52485873435
11209,8990,347.6,19475.36,11.59207,2.983368,-1.332524,0,0,0,0,0,0,0,0,0,0,0,0.05966736,999.854780566176,0.0579550475541449,1059.51347570594
11210,8990,347.6667,19474.95,11.59433,2.985628,-1.334112,0,0,0,0,0,0,0,0,0,0,0,0.05971256,999.833731380948,0.0579977015394737,1059.53636305606
11211,8990,347.7333,19474.26,11.59655,2.987848,-1.335539,0,0,0,0,0,0,0,0,0,0,0,0.05975696,999.798307142392,0.058039598815738,1059.54321459037
11212,8990,347.8,19473.34,11.59877,2.990068,-1.336947,0,0,0,0,0,0,0,0,0,0,0,0.05980136,999.751074824319,0.0580814943366939,1059.53754876027
11213,8990,347.8667,19473.02,11.60103,2.992328,-1.32811,0,0,0,0,0,0,0,0,0,0,0,0.05984656,999.734646191945,0.0581241429290194,1059.56532567935
11214,8990,347.9333,19472.16,11.60325,2.994548,-1.327372,0,0,0,0,0,0,0,0,0,0,0,0.05989096,999.690494242441,0.0581660349081796,1059.5629176455
11215,8990,348,19471.28,11.60543,2.996728,-1.326157,0,0,0,0,0,0,0,0,0,0,0,0.05993456,999.645315503414,0.0582071703691833,1059.55861764417
11216,8990,348.0667,19470.71,11.60767,2.998968,-1.327263,0,0,0,0,0,0,0,0,0,0,0,0.05997936,999.616052001999,0.0582494362362866,1059.57238304681
11217,8990,348.1333,19469.63,11.60991,3.001208,-1.327743,0,0,0,0,0,0,0,0,0,0,0,0.06002416,999.560605367739,0.058291700317062,1059.55839107403
11218,8990,348.2,19468.71,11.61208,3.003378,-1.338116,0,0,0,0,0,0,0,0,0,0,0,0.06006756,999.513373049665,0.0583326419419895,1059.55170255613
11219,8990,348.2667,19468.18,11.61433,3.005628,-1.33708,0,0,0,0,0,0,0,0,0,0,0,0.06011256,999.486163127296,0.0583750911656024,1059.56783507746
11220,8990,348.3333,19467.13,11.61665,3.007948,-1.335574,0,0,0,0,0,0,0,0,0,0,0,0.06015896,999.432256677321,0.0584188591449105,1059.55706182948
11221,8990,348.4,19466.59,11.61875,3.010048,-1.332543,0,0,0,0,0,0,0,0,0,0,0,0.06020096,999.404533360191,0.058458475060689,1059.56964569683
11222,8990,348.4667,19465.98,11.62097,3.012268,-1.318835,0,0,0,0,0,0,0,0,0,0,0,0.06024536,999.373216279729,0.0585003530366487,1059.58081546886
11223,8990,348.5333,19464.7,11.62333,3.014628,-1.322875,0,0,0,0,0,0,0,0,0,0,0,0.06029256,999.307501750235,0.0585448700429825,1059.55830925796
11224,8990,348.6,19464.21,11.62544,3.016738,-1.328169,0,0,0,0,0,0,0,0,0,0,0,0.06033476,999.282345406913,0.0585846695868321,1059.57380588928
11225,8990,348.6667,19463.72,11.62758,3.018878,-1.333311,0,0,0,0,0,0,0,0,0,0,0,0.06037756,999.257189063591,0.0586250333830927,1059.58989995171
11226,8990,348.7333,19462.21,11.62995,3.021248,-1.324654,0,0,0,0,0,0,0,0,0,0,0,0.06042496,999.179666454578,0.058669733443151,1059.55505783291
11227,8990,348.8,19461.45,11.63212,3.023418,-1.317895,0,0,0,0,0,0,0,0,0,0,0,0.06046836,999.140648452691,0.0587106595940298,1059.55704487396
11228,8990,348.8667,19461.29,11.63428,3.025578,-1.322227,0,0,0,0,0,0,0,0,0,0,0,0.06051156,999.132434136505,0.0587513954818131,1059.5914963727
11229,8990,348.9333,19460.2,11.63669,3.027988,-1.3282,0,0,0,0,0,0,0,0,0,0,0,0.06055976,999.076474107483,0.0587968442128896,1059.58030560108
11230,8990,349,19459.54,11.63883,3.030128,-1.326297,0,0,0,0,0,0,0,0,0,0,0,0.06060256,999.042590053212,0.0588371994460579,1059.58712855947
11231,8990,349.0667,19459.32,11.641,3.032298,-1.323756,0,0,0,0,0,0,0,0,0,0,0,0.06064596,999.031295368456,0.0588781187439119,1059.61850734612
11232,8990,349.1333,19458.15,11.64337,3.034668,-1.324191,0,0,0,0,0,0,0,0,0,0,0,0.06069336,998.97122818134,0.0589228074927235,1059.60214856299
11233,8990,349.2,19457.41,11.64546,3.036758,-1.332369,0,0,0,0,0,0,0,0,0,0,0,0.06073516,998.933236968976,0.0589622149010913,1059.6036069456
11234,8990,349.2667,19456.69,11.64758,3.038878,-1.33571,0,0,0,0,0,0,0,0,0,0,0,0.06077756,998.896272546136,0.0590021863795614,1059.60675068458
11235,8990,349.3333,19455.11,11.64999,3.041288,-1.332665,0,0,0,0,0,0,0,0,0,0,0,0.06082576,998.815156173792,0.0590476237141978,1059.56884714758
11236,8990,349.4,19454.22,11.65212,3.043418,-1.331981,0,0,0,0,0,0,0,0,0,0,0,0.06086836,998.769464040003,0.0590877803037874,1059.5629233342
11237,8990,349.4667,19453.85,11.65428,3.045578,-1.334157,0,0,0,0,0,0,0,0,0,0,0,0.06091156,998.750468433821,0.059128500832433,1059.58591751686
11238,8990,349.5333,19452.72,11.65671,3.048008,-1.33658,0,0,0,0,0,0,0,0,0,0,0,0.06096016,998.692454825753,0.0591743094452256,1059.57290666272
11239,8990,349.6,19452.2,11.65886,3.050158,-1.337235,0,0,0,0,0,0,0,0,0,0,0,0.06100316,998.665758298146,0.0592148379497484,1059.58752533813
11240,8990,349.6667,19451.87,11.66098,3.052278,-1.332394,0,0,0,0,0,0,0,0,0,0,0,0.06104556,998.64881627101,0.0592547993319786,1059.61189250361
11241,8990,349.7333,19450.54,11.66334,3.054638,-1.335238,0,0,0,0,0,0,0,0,0,0,0,0.06109276,998.580534767708,0.0592992827660347,1059.58657571894
11242,8990,349.8,19449.94,11.6655,3.056798,-1.338328,0,0,0,0,0,0,0,0,0,0,0,0.06113596,998.549731082008,0.0593399946832743,1059.59702749945
11243,8990,349.8667,19449.36,11.66758,3.058878,-1.328513,0,0,0,0,0,0,0,0,0,0,0,0.06117756,998.519954185831,0.0593791971852733,1059.60696859423
11244,8990,349.9333,19447.97,11.66996,3.061258,-1.326314,0,0,0,0,0,0,0,0,0,0,0,0.06122516,998.448592313959,0.0594240520090629,1059.57876713016
11245,8990,350,19447.25,11.67218,3.063478,-1.335248,0,0,0,0,0,0,0,0,0,0,0,0.06126956,998.411627891118,0.0594658895689758,1059.58386903089
11246,8990,350.0667,19447.06,11.67432,3.065618,-1.337755,0,0,0,0,0,0,0,0,0,0,0,0.06131236,998.401873390647,0.0595062178122371,1059.61624847665
11247,8990,350.1333,19446.37,11.67668,3.067978,-1.341347,0,0,0,0,0,0,0,0,0,0,0,0.06135956,998.366449152091,0.0595506900639903,1059.62577519083
11248,8990,350.2,19446.1,11.6789,3.070198,-1.344903,0,0,0,0,0,0,0,0,0,0,0,0.06140396,998.352587493526,0.0595925223261222,1059.65538984187
11249,8990,350.2667,19445.54,11.68104,3.072338,-1.339933,0,0,0,0,0,0,0,0,0,0,0,0.06144676,998.323837386873,0.059632845462933,1059.66760262506
11250,8990,350.3333,19444.79,11.68332,3.074618,-1.33729,0,0,0,0,0,0,0,0,0,0,0,0.06149236,998.285332779747,0.0596758047730492,1059.67225384576
11251,8990,350.4,19444.22,11.68552,3.076818,-1.34611,0,0,0,0,0,0,0,0,0,0,0,0.06153636,998.256069278332,0.0597172549895178,1059.68511412963
11252,8990,350.4667,19443.11,11.68764,3.078938,-1.346763,0,0,0,0,0,0,0,0,0,0,0,0.06157876,998.199082459786,0.0597571962999122,1059.6669441908
11253,8990,350.5333,19441.97,11.68998,3.081278,-1.350369,0,0,0,0,0,0,0,0,0,0,0,0.06162556,998.140555456956,0.0598012806111269,1059.6515261457
11254,8990,350.6,19441.69,11.6922,3.083498,-1.351002,0,0,0,0,0,0,0,0,0,0,0,0.06166996,998.126180403629,0.0598431023920219,1059.68058202407
11255,8990,350.6667,19440.97,11.69438,3.085678,-1.350634,0,0,0,0,0,0,0,0,0,0,0,0.06171356,998.089215980789,0.0598841689253124,1059.68485469657
11256,8990,350.7333,19440.13,11.69664,3.087938,-1.354837,0,0,0,0,0,0,0,0,0,0,0,0.06175876,998.046090820808,0.0599267407069938,1059.68417981275
11257,8990,350.8,19439.79,11.69888,3.090178,-1.348873,0,0,0,0,0,0,0,0,0,0,0,0.06180356,998.028635398912,0.0599689339589504,1059.71035804851
11258,8990,350.8667,19438.88,11.70106,3.092358,-1.353483,0,0,0,0,0,0,0,0,0,0,0,0.06184716,997.9819164756,0.0600099953252056,1059.70426374097
11259,8990,350.9333,19437.93,11.7033,3.094598,-1.357105,0,0,0,0,0,0,0,0,0,0,0,0.06189196,997.933143973241,0.0600521850645996,1059.69718220271
11260,8990,351,19437.48,11.70552,3.096818,-1.360379,0,0,0,0,0,0,0,0,0,0,0,0.06193636,997.910041208965,0.0600939963537592,1059.7169567689
11261,8990,351.0667,19436.49,11.7077,3.098998,-1.362694,0,0,0,0,0,0,0,0,0,0,0,0.06197996,997.85921512756,0.0601350525852081,1059.7064893668
11262,8990,351.1333,19435.48,11.70994,3.101238,-1.3544,0,0,0,0,0,0,0,0,0,0,0,0.06202476,997.807362256631,0.0601772370489099,1059.69612442683
11263,8990,351.2,19435.03,11.71218,3.103478,-1.350622,0,0,0,0,0,0,0,0,0,0,0,0.06206956,997.784259492356,0.0602194197331579,1059.71628945397
11264,8990,351.2667,19433.96,11.71446,3.105758,-1.350847,0,0,0,0,0,0,0,0,0,0,0,0.06211516,997.729326252857,0.060262353852378,1059.70344298975
11265,8990,351.3333,19433.31,11.71664,3.107938,-1.346747,0,0,0,0,0,0,0,0,0,0,0,0.06215876,997.695955593349,0.0603034031724262,1059.71149905005
11266,8990,351.4,19433.03,11.71886,3.110158,-1.344552,0,0,0,0,0,0,0,0,0,0,0,0.06220316,997.681580540022,0.0603452039593716,1059.74052752341
11267,8990,351.4667,19431.77,11.72116,3.112458,-1.348839,0,0,0,0,0,0,0,0,0,0,0,0.06224916,997.616892800051,0.0603885092381713,1059.71770637866
11268,8990,351.5333,19431.21,11.72332,3.114618,-1.350285,0,0,0,0,0,0,0,0,0,0,0,0.06229236,997.588142693398,0.060429176835956,1059.73026240979
11269,8990,351.6,19430.97,11.72546,3.116758,-1.352659,0,0,0,0,0,0,0,0,0,0,0,0.06233516,997.575821219118,0.0604694662510208,1059.75986964694
11270,8990,351.6667,19429.4,11.72776,3.119058,-1.345727,0,0,0,0,0,0,0,0,0,0,0,0.06238116,997.495218241535,0.0605127661490582,1059.7201270499
11271,8990,351.7333,19428.26,11.72996,3.121258,-1.351414,0,0,0,0,0,0,0,0,0,0,0,0.06242516,997.436691238704,0.0605541816885286,1059.70183627915
11272,8990,351.8,19428.16,11.73212,3.123418,-1.348634,0,0,0,0,0,0,0,0,0,0,0,0.06246836,997.431557291088,0.0605948425495075,1059.73947088731
11273,8990,351.8667,19426.87,11.73448,3.125778,-1.342279,0,0,0,0,0,0,0,0,0,0,0,0.06251556,997.365329366832,0.0606392664150846,1059.71618145678
11274,8990,351.9333,19425.95,11.73666,3.127958,-1.339292,0,0,0,0,0,0,0,0,0,0,0,0.06255916,997.318097048759,0.0606803002663611,1059.70947945293
11275,8990,352,19425.99,11.73886,3.130158,-1.341355,0,0,0,0,0,0,0,0,0,0,0,0.06260316,997.320150627805,0.0607217088680405,1059.75554358878
11276,8990,352.0667,19424.98,11.74122,3.132518,-1.343623,0,0,0,0,0,0,0,0,0,0,0,0.06265036,997.268297756876,0.0607661270982078,1059.74751562793
11277,8990,352.1333,19424.01,11.74334,3.134638,-1.345774,0,0,0,0,0,0,0,0,0,0,0,0.06269276,997.218498464994,0.060806026538074,1059.73687845682
11278,8990,352.2,19423.65,11.74542,3.136718,-1.351864,0,0,0,0,0,0,0,0,0,0,0,0.06273436,997.200016253574,0.0608451716111879,1059.75872106523
11279,8990,352.2667,19422.04,11.74778,3.139078,-1.352801,0,0,0,0,0,0,0,0,0,0,0,0.06278156,997.117359696945,0.0608895843578189,1059.7179430418
11280,8990,352.3333,19420.82,11.74998,3.141278,-1.347808,0,0,0,0,0,0,0,0,0,0,0,0.06282556,997.054725536021,0.0609309842944228,1059.69524701847
11281,8990,352.4,19420.84,11.75212,3.143418,-1.341051,0,0,0,0,0,0,0,0,0,0,0,0.06286836,997.055752325545,0.0609712534974374,1059.73901230282
11282,8990,352.4667,19419.82,11.75458,3.145878,-1.34266,0,0,0,0,0,0,0,0,0,0,0,0.06291756,997.003386059854,0.0610175422601449,1059.73240642248
11283,8990,352.5333,19419.16,11.75672,3.148018,-1.348173,0,0,0,0,0,0,0,0,0,0,0,0.06296036,996.969502005584,0.0610578079777602,1059.73906076088
11284,8990,352.6,19419.21,11.75882,3.150118,-1.34776,0,0,0,0,0,0,0,0,0,0,0,0.06300236,996.972068979392,0.0610973194890492,1059.78366217918
11285,8990,352.6667,19417.81,11.76118,3.152478,-1.356627,0,0,0,0,0,0,0,0,0,0,0,0.06304956,996.900193712758,0.0611417210387609,1059.75431229026
11286,8990,352.7333,19416.64,11.76338,3.154678,-1.362664,0,0,0,0,0,0,0,0,0,0,0,0.06309356,996.840126525643,0.0611831105384538,1059.734318859
11287,8990,352.8,19416.49,11.76542,3.156718,-1.35726,0,0,0,0,0,0,0,0,0,0,0,0.06313436,996.832425604218,0.0612214883620364,1059.76680282199
11288,8990,352.8667,19415.13,11.76778,3.159078,-1.354857,0,0,0,0,0,0,0,0,0,0,0,0.06318156,996.76260391663,0.0612658843989224,1059.73962018175
11289,8990,352.9333,19413.79,11.77002,3.161318,-1.356029,0,0,0,0,0,0,0,0,0,0,0,0.06322636,996.693809018566,0.0613080211870572,1059.71113059735
11290,8990,353,19413.91,11.77216,3.163458,-1.359063,0,0,0,0,0,0,0,0,0,0,0,0.06326916,996.699969755706,0.061348275210264,1059.76033961418
11291,8990,353.0667,19413.38,11.77452,3.165818,-1.364558,0,0,0,0,0,0,0,0,0,0,0,0.06331636,996.672759833338,0.0613926656187982,1059.77845109714
11292,8990,353.1333,19412.66,11.77674,3.168038,-1.371127,0,0,0,0,0,0,0,0,0,0,0,0.06336076,996.635795410498,0.0614344208994553,1059.78339685091
11293,8990,353.2,19412.38,11.77888,3.170178,-1.362579,0,0,0,0,0,0,0,0,0,0,0,0.06340356,996.621420357171,0.0614746698349894,1059.81076638007
11294,8990,353.2667,19411.71,11.78118,3.172478,-1.372402,0,0,0,0,0,0,0,0,0,0,0,0.06344956,996.587022908139,0.0615179262306235,1059.82003101337
11295,8990,353.3333,19411.05,11.78334,3.174638,-1.378869,0,0,0,0,0,0,0,0,0,0,0,0.06349276,996.553138853868,0.061558547924592,1059.82704812636
11296,8990,353.4,19410.23,11.78546,3.176758,-1.371372,0,0,0,0,0,0,0,0,0,0,0,0.06353516,996.511040483411,0.0615984157604648,1059.82452888229
11297,8990,353.4667,19409.32,11.78784,3.179138,-1.366467,0,0,0,0,0,0,0,0,0,0,0,0.06358276,996.464321560099,0.061643171154193,1059.82227336642
11298,8990,353.5333,19408.76,11.79004,3.181338,-1.36101,0,0,0,0,0,0,0,0,0,0,0,0.06362676,996.435571453446,0.0616845399047486,1059.83553841378
11299,8990,353.6,19408.28,11.7922,3.183498,-1.358795,0,0,0,0,0,0,0,0,0,0,0,0.06366996,996.410928504885,0.0617251548312887,1059.85237246635
11300,8990,353.6667,19407.58,11.79452,3.185818,-1.360827,0,0,0,0,0,0,0,0,0,0,0,0.06371636,996.374990871569,0.0617687764336005,1059.86037848494
11301,8990,353.7333,19407.06,11.79674,3.188038,-1.362181,0,0,0,0,0,0,0,0,0,0,0,0.06376076,996.348294343962,0.0618105160129259,1059.87621881604
11302,8990,353.8,19406.23,11.79888,3.190178,-1.358605,0,0,0,0,0,0,0,0,0,0,0,0.06380356,996.305682578743,0.0618507498141825,1059.8735319755
11303,8990,353.8667,19405.43,11.80116,3.192458,-1.356121,0,0,0,0,0,0,0,0,0,0,0,0.06384916,996.264610997809,0.0618936139522801,1059.87526954775
11304,8990,353.9333,19404.91,11.80336,3.194658,-1.35005,0,0,0,0,0,0,0,0,0,0,0,0.06389316,996.237914470202,0.0619349723438418,1059.89070293751
11305,8990,354,19403.96,11.80552,3.196818,-1.348142,0,0,0,0,0,0,0,0,0,0,0,0.06393636,996.189141967843,0.0619755771005667,1059.88184957679
11306,8990,354.0667,19403.14,11.80782,3.199118,-1.345504,0,0,0,0,0,0,0,0,0,0,0,0.06398236,996.147043597386,0.062018811834652,1059.88288235377
11307,8990,354.1333,19402.76,11.81004,3.201338,-1.346986,0,0,0,0,0,0,0,0,0,0,0,0.06402676,996.127534596443,0.0620605409791271,1059.90635318344
11308,8990,354.2,19401.84,11.81228,3.203578,-1.351172,0,0,0,0,0,0,0,0,0,0,0,0.06407156,996.080302278369,0.0621026442969912,1059.90072113062
11309,8990,354.2667,19401.2,11.81454,3.205838,-1.349359,0,0,0,0,0,0,0,0,0,0,0,0.06411676,996.047445013622,0.0621451217409112,1059.91077999417
11310,8990,354.3333,19401.01,11.81672,3.208018,-1.340603,0,0,0,0,0,0,0,0,0,0,0,0.06416036,996.03769051315,0.06218609384891,1059.94382731004
11311,8990,354.4,19399.71,11.81894,3.210238,-1.334044,0,0,0,0,0,0,0,0,0,0,0,0.06420476,995.970949194133,0.0622278160135792,1059.91702495411
11312,8990,354.4667,19398.87,11.8212,3.212498,-1.333848,0,0,0,0,0,0,0,0,0,0,0,0.06424996,995.927824034153,0.0622702881409701,1059.91614689123
11313,8990,354.5333,19398.69,11.82334,3.214638,-1.33998,0,0,0,0,0,0,0,0,0,0,0,0.06429276,995.918582928443,0.0623105034484701,1059.9489373602
11314,8990,354.6,19397.36,11.82554,3.216838,-1.34659,0,0,0,0,0,0,0,0,0,0,0,0.06433676,995.850301425141,0.0623518446021023,1059.92008326386
11315,8990,354.6667,19396.14,11.82784,3.219138,-1.343373,0,0,0,0,0,0,0,0,0,0,0,0.06438276,995.787667264217,0.0623950630717738,1059.89922565665
11316,8990,354.7333,19396.13,11.83002,3.221318,-1.347496,0,0,0,0,0,0,0,0,0,0,0,0.06442636,995.787153869455,0.0624360249406388,1059.94209552802
11317,8990,354.8,19395.34,11.83226,3.223558,-1.356555,0,0,0,0,0,0,0,0,0,0,0,0.06447116,995.746595683283,0.0624781124526829,1059.94353377304
11318,8990,354.8667,19394.24,11.83452,3.225818,-1.353243,0,0,0,0,0,0,0,0,0,0,0,0.06451636,995.690122259499,0.0625205739510075,1059.92842463564
11319,8990,354.9333,19394.21,11.83674,3.228038,-1.352545,0,0,0,0,0,0,0,0,0,0,0,0.06456076,995.688582075214,0.0625622821630673,1059.97099365731
11320,8990,355,19393.43,11.839,3.230298,-1.359296,0,0,0,0,0,0,0,0,0,0,0,0.06460596,995.648537283804,0.0626047400876462,1059.97336685762
11321,8990,355.0667,19392.35,11.84118,3.232478,-1.352828,0,0,0,0,0,0,0,0,0,0,0,0.06464956,995.593090649543,0.0626456933688249,1059.95774589908
11322,8990,355.1333,19391.98,11.84335,3.234648,-1.353139,0,0,0,0,0,0,0,0,0,0,0,0.06469296,995.574095043361,0.0626864571253351,1059.98073015104
11323,8990,355.2,19390.65,11.84559,3.236888,-1.357878,0,0,0,0,0,0,0,0,0,0,0,0.06473776,995.505813540059,0.062728534098853,1059.95262997562
11324,8990,355.2667,19389.32,11.84783,3.239128,-1.355958,0,0,0,0,0,0,0,0,0,0,0,0.06478256,995.437532036757,0.0627706093019735,1059.92452368218
11325,8990,355.3333,19389.28,11.85003,3.241328,-1.344991,0,0,0,0,0,0,0,0,0,0,0,0.06482656,995.43547845771,0.062811931439067,1059.96613622808
11326,8990,355.4,19388.41,11.85234,3.243638,-1.347118,0,0,0,0,0,0,0,0,0,0,0,0.06487276,995.390813113445,0.0628553178453766,1059.96456243876
11327,8990,355.4667,19387.52,11.85456,3.245858,-1.352685,0,0,0,0,0,0,0,0,0,0,0,0.06491716,995.345120979656,0.0628970120984946,1059.96009945351
11328,8990,355.5333,19387.51,11.85675,3.248048,-1.349726,0,0,0,0,0,0,0,0,0,0,0,0.06496096,995.344607584894,0.0629381412124988,1060.00314882443
11329,8990,355.6,19386.44,11.85903,3.250328,-1.353861,0,0,0,0,0,0,0,0,0,0,0,0.06500656,995.289674345395,0.0629809587668312,1059.99003227811
11330,8990,355.6667,19385.29,11.86121,3.252508,-1.358949,0,0,0,0,0,0,0,0,0,0,0,0.06505016,995.230633947803,0.0630218966438339,1059.97054592301
11331,8990,355.7333,19384.98,11.86333,3.254628,-1.363832,0,0,0,0,0,0,0,0,0,0,0,0.06509256,995.214718710191,0.063061706182986,1059.99579250072
11332,8990,355.8,19383.76,11.86561,3.256908,-1.360631,0,0,0,0,0,0,0,0,0,0,0,0.06513816,995.152084549267,0.0631045184470087,1059.97446025697
11333,8990,355.8667,19382.35,11.86783,3.259128,-1.357101,0,0,0,0,0,0,0,0,0,0,0,0.06518256,995.079695887872,0.0631462023114048,1059.94153786986
11334,8990,355.9333,19382.14,11.87005,3.261348,-1.351762,0,0,0,0,0,0,0,0,0,0,0,0.06522696,995.068914597877,0.0631878844383288,1059.9742348876
11335,8990,356,19381.57,11.87238,3.263678,-1.359981,0,0,0,0,0,0,0,0,0,0,0,0.06527356,995.039651096462,0.0632316300272832,1059.98943146469
11336,8990,356.0667,19380.79,11.87453,3.265828,-1.355736,0,0,0,0,0,0,0,0,0,0,0,0.06531656,994.999606305051,0.0632719944311188,1059.98955779025
11337,8990,356.1333,19380.26,11.87673,3.268028,-1.354334,0,0,0,0,0,0,0,0,0,0,0,0.06536056,994.972396382683,0.0633132958555281,1060.0043493948
11338,8990,356.2,19379.34,11.87905,3.270348,-1.362306,0,0,0,0,0,0,0,0,0,0,0,0.06540696,994.925164064609,0.0633568482370731,1060.00019447358
11339,8990,356.2667,19378.56,11.88119,3.272488,-1.365066,0,0,0,0,0,0,0,0,0,0,0,0.06544976,994.885119273199,0.0633970198728325,1060.0001115572
11340,8990,356.3333,19377.78,11.88333,3.274628,-1.371579,0,0,0,0,0,0,0,0,0,0,0,0.06549256,994.845074481788,0.0634371898948966,1060.00002521299
11341,8990,356.4,19376.57,11.88571,3.277008,-1.369132,0,0,0,0,0,0,0,0,0,0,0,0.06554016,994.782953715626,0.0634818630710156,1059.98118766742
11342,8990,356.4667,19375.78,11.88787,3.279168,-1.356943,0,0,0,0,0,0,0,0,0,0,0,0.06558336,994.742395529454,0.063522405066447,1059.98094416272
11343,8990,356.5333,19375.37,11.89005,3.281348,-1.360715,0,0,0,0,0,0,0,0,0,0,0,0.06562696,994.721346344225,0.0635633207842407,1060.0018843519
11344,8990,356.6,19374.5,11.89243,3.283728,-1.367285,0,0,0,0,0,0,0,0,0,0,0,0.06567456,994.67668099996,0.0636079883261734,1060.00163436689
11345,8990,356.6667,19373.96,11.89457,3.285868,-1.3691,0,0,0,0,0,0,0,0,0,0,0,0.06571736,994.64895768283,0.0636481498746941,1060.0146613085
11346,8990,356.7333,19373.26,11.89673,3.288028,-1.376636,0,0,0,0,0,0,0,0,0,0,0,0.06576056,994.613020049513,0.0636886851292238,1060.01932923126
11347,8990,356.8,19372.15,11.89907,3.290368,-1.382576,0,0,0,0,0,0,0,0,0,0,0,0.06580736,994.556033230967,0.06373259646751,1060.00514014997
11348,8990,356.8667,19371.39,11.90119,3.292488,-1.378345,0,0,0,0,0,0,0,0,0,0,0,0.06584976,994.51701522908,0.0637723777246436,1060.00572199783
11349,8990,356.9333,19370.38,11.90335,3.294648,-1.380457,0,0,0,0,0,0,0,0,0,0,0,0.06589296,994.465162358151,0.0638129079439806,1059.99341552281
11350,8990,357,19369.06,11.90571,3.297008,-1.371371,0,0,0,0,0,0,0,0,0,0,0,0.06594016,994.397394249611,0.0638571890835922,1059.96811753001
11351,8990,357.0667,19368.39,11.90783,3.299128,-1.364971,0,0,0,0,0,0,0,0,0,0,0,0.06598256,994.362996800579,0.063896965384682,1059.97361289875
11352,8990,357.1333,19367.51,11.91007,3.301368,-1.373199,0,0,0,0,0,0,0,0,0,0,0,0.06602736,994.317818061552,0.0639389914555615,1059.96999858912
11353,8990,357.2,19366.52,11.91241,3.303708,-1.383541,0,0,0,0,0,0,0,0,0,0,0,0.06607416,994.266991980146,0.0639828918041784,1059.96234829096
11354,8990,357.2667,19366.35,11.91451,3.305808,-1.38143,0,0,0,0,0,0,0,0,0,0,0,0.06611616,994.258264269198,0.0640222879121257,1059.99480275094
11355,8990,357.3333,19365.18,11.91675,3.308048,-1.376052,0,0,0,0,0,0,0,0,0,0,0,0.06616096,994.198197082082,0.0640643087166322,1059.9753042313
11356,8990,357.4,19364.1,11.91911,3.310408,-1.373876,0,0,0,0,0,0,0,0,0,0,0,0.06620816,994.142750447822,0.0641085787255767,1059.96311273231
11357,8990,357.4667,19364.04,11.92119,3.312488,-1.372434,0,0,0,0,0,0,0,0,0,0,0,0.06624976,994.139670079252,0.0641475947358016,1060.00118462848
11358,8990,357.5333,19362.72,11.92335,3.314648,-1.371218,0,0,0,0,0,0,0,0,0,0,0,0.06629296,994.071901970711,0.0641881097506715,1059.97187080518
11359,8990,357.6,19361.22,11.92573,3.317028,-1.372234,0,0,0,0,0,0,0,0,0,0,0,0.06634056,993.994892756461,0.064232749394156,1059.93707057906
11360,8990,357.6667,19361.05,11.92787,3.319168,-1.372242,0,0,0,0,0,0,0,0,0,0,0,0.06638336,993.986165045512,0.0642728858596446,1059.97030647475
11361,8990,357.7333,19360.26,11.93005,3.321348,-1.36593,0,0,0,0,0,0,0,0,0,0,0,0.06642696,993.94560685934,0.0643137708831248,1059.97039192836
11362,8990,357.8,19358.96,11.93241,3.323708,-1.370791,0,0,0,0,0,0,0,0,0,0,0,0.06647416,993.878865540323,0.0643580298499987,1059.94612826887
11363,8990,357.8667,19358.88,11.93461,3.325908,-1.366222,0,0,0,0,0,0,0,0,0,0,0,0.06651816,993.87475838223,0.0643992864448712,1059.98547858026
11364,8990,357.9333,19358.27,11.93677,3.328068,-1.370271,0,0,0,0,0,0,0,0,0,0,0,0.06656136,993.843441301768,0.0644397912639375,1059.99501238189
11365,8990,358,19357.05,11.93907,3.330368,-1.366335,0,0,0,0,0,0,0,0,0,0,0,0.06660736,993.780807140844,0.0644829195918338,1059.97392312316
11366,8990,358.0667,19356.68,11.94123,3.332528,-1.367725,0,0,0,0,0,0,0,0,0,0,0,0.06665056,993.761811534662,0.064523421023565,1059.99659278006
11367,8990,358.1333,19355.54,11.94335,3.334648,-1.367629,0,0,0,0,0,0,0,0,0,0,0,0.06669296,993.703284531831,0.0645631708337648,1059.97629793898
11368,8990,358.2,19353.8,11.94571,3.337008,-1.361288,0,0,0,0,0,0,0,0,0,0,0,0.06674016,993.6139538433,0.0646074187640751,1059.92790810103
11369,8990,358.2667,19353.62,11.94789,3.339188,-1.357209,0,0,0,0,0,0,0,0,0,0,0,0.06678376,993.60471273759,0.0646482901127368,1059.96137140793
11370,8990,358.3333,19352.84,11.95007,3.341368,-1.357432,0,0,0,0,0,0,0,0,0,0,0,0.06682736,993.56466794618,0.0646891597909995,1059.9619716943
11371,8990,358.4,19351.63,11.95245,3.343748,-1.355765,0,0,0,0,0,0,0,0,0,0,0,0.06687496,993.502547180018,0.0647337770738901,1059.94299028258
11372,8990,358.4667,19351.81,11.95465,3.345948,-1.35916,0,0,0,0,0,0,0,0,0,0,0,0.06691896,993.511788285728,0.0647750181699433,1059.99656390555
11373,8990,358.5333,19351.21,11.95681,3.348108,-1.358733,0,0,0,0,0,0,0,0,0,0,0,0.06696216,993.480984600028,0.064815507773231,1060.00661724777
11374,8990,358.6,19349.73,11.95909,3.350388,-1.349506,0,0,0,0,0,0,0,0,0,0,0,0.06700776,993.4050021753,0.064858245020443,1059.97084614386
11375,8990,358.6667,19349.38,11.96123,3.352528,-1.345811,0,0,0,0,0,0,0,0,0,0,0,0.06705056,993.387033358642,0.064898356389101,1059.99419024208
11376,8990,358.7333,19348.33,11.96337,3.354668,-1.35359,0,0,0,0,0,0,0,0,0,0,0,0.06709336,993.333126908666,0.0649384661489019,1059.97918399228
11377,8990,358.8,19346.48,11.96569,3.356988,-1.358548,0,0,0,0,0,0,0,0,0,0,0,0.06713976,993.238148877757,0.0649819478094312,1059.92391981625
11378,8990,358.8667,19346.28,11.96797,3.359268,-1.355699,0,0,0,0,0,0,0,0,0,0,0,0.06718536,993.227880982524,0.0650246779441982,1059.95825372837
11379,8990,358.9333,19346.09,11.97019,3.361488,-1.359431,0,0,0,0,0,0,0,0,0,0,0,0.06722976,993.218126482052,0.0650662818473849,1059.99194275309
11380,8990,359,19345.13,11.97241,3.363708,-1.364961,0,0,0,0,0,0,0,0,0,0,0,0.06727416,993.168840584932,0.0651078840197588,1059.98344007346
11381,8990,359.0667,19344.58,11.97463,3.365928,-1.360865,0,0,0,0,0,0,0,0,0,0,0,0.06731856,993.14060387304,0.065149484461464,1059.9973992033
11382,8990,359.1333,19343.71,11.97685,3.368148,-1.351826,0,0,0,0,0,0,0,0,0,0,0,0.06736296,993.095938528774,0.0651910831726447,1059.99382051205
11383,8990,359.2,19342.57,11.97901,3.370308,-1.355449,0,0,0,0,0,0,0,0,0,0,0,0.06740616,993.037411525944,0.0652315559334703,1059.97425017325
11384,8990,359.2667,19341.59,11.98121,3.372508,-1.358993,0,0,0,0,0,0,0,0,0,0,0,0.06745016,992.9870988393,0.0652727765061092,1059.96423753395
11385,8990,359.3333,19340.57,11.98353,3.374828,-1.353709,0,0,0,0,0,0,0,0,0,0,0,0.06749656,992.934732573609,0.0653162436330147,1059.95441132685
11386,8990,359.4,19339.69,11.98567,3.376968,-1.358661,0,0,0,0,0,0,0,0,0,0,0,0.06753936,992.889553834582,0.0653563366352962,1059.94867885126
11387,8990,359.4667,19339.29,11.98791,3.379208,-1.352234,0,0,0,0,0,0,0,0,0,0,0,0.06758416,992.869018044116,0.0653983014205528,1059.97123661865
11388,8990,359.5333,19338.48,11.99027,3.381568,-1.352707,0,0,0,0,0,0,0,0,0,0,0,0.06763136,992.82743306842,0.0654425124143055,1059.97370261215
11389,8990,359.6,19337.96,11.99237,3.383668,-1.354273,0,0,0,0,0,0,0,0,0,0,0,0.06767336,992.800736540813,0.0654818510619579,1059.986898193
11390,8990,359.6667,19337.36,11.99461,3.385908,-1.361291,0,0,0,0,0,0,0,0,0,0,0,0.06771816,992.769932855113,0.0655238105804698,1059.99848601138
11391,8990,359.7333,19336.5,11.99693,3.388228,-1.371449,0,0,0,0,0,0,0,0,0,0,0,0.06776456,992.725780905609,0.0655672667972518,1059.99740664933
11392,8990,359.8,19335.84,11.99901,3.390308,-1.378395,0,0,0,0,0,0,0,0,0,0,0,0.06780616,992.691896851339,0.0656062259378839,1060.00252243994
11393,8990,359.8667,19334.91,12.00123,3.392528,-1.378819,0,0,0,0,0,0,0,0,0,0,0,0.06785056,992.644151138504,0.065647805653941,1059.99561267398
11394,8990,359.9333,19333.84,12.00359,3.394888,-1.381344,0,0,0,0,0,0,0,0,0,0,0,0.06789776,992.589217899005,0.0656920056184832,1059.9838023945
11395,8990,360,19333.38,12.00569,3.396988,-1.380221,0,0,0,0,0,0,0,0,0,0,0,0.06793976,992.565601739968,0.0657313344528278,1060.00027050644
11396,8990,360.0667,19332.7,12.00791,3.399208,-1.380107,0,0,0,0,0,0,0,0,0,0,0,0.06798416,992.530690896174,0.0657729089673417,1060.00705619097
11397,8990,360.1333,19331.56,12.01031,3.401608,-1.381452,0,0,0,0,0,0,0,0,0,0,0,0.06803216,992.472163893344,0.0658178524441857,1059.99218894288
11398,8990,360.2,19331.32,12.01239,3.403688,-1.378788,0,0,0,0,0,0,0,0,0,0,0,0.06807376,992.459842419064,0.0658568018236297,1060.02031554154
11399,8990,360.2667,19330.59,12.01457,3.405868,-1.376936,0,0,0,0,0,0,0,0,0,0,0,0.06811736,992.422364601461,0.0658976221412481,1060.02355608307
11400,8990,360.3333,19329.28,12.01699,3.408288,-1.369598,0,0,0,0,0,0,0,0,0,0,0,0.06816576,992.355109887682,0.0659429344873086,1059.99975014306
11401,8990,360.4,19329.02,12.01905,3.410348,-1.371473,0,0,0,0,0,0,0,0,0,0,0,0.06820696,992.341761623879,0.0659815045360826,1060.02637646529
11402,8990,360.4667,19328.15,12.02116,3.412458,-1.376674,0,0,0,0,0,0,0,0,0,0,0,0.06824916,992.297096279614,0.0660210092089008,1060.02053957114
11403,8990,360.5333,19326.48,12.02359,3.414888,-1.385939,0,0,0,0,0,0,0,0,0,0,0,0.06829776,992.211359354415,0.0660665031782151,1059.97717264488
11404,8990,360.6,19326.03,12.02575,3.417048,-1.382017,0,0,0,0,0,0,0,0,0,0,0,0.06834096,992.188256590139,0.0661069405245961,1059.99535454624
11405,8990,360.6667,19325.62,12.02786,3.419158,-1.372624,0,0,0,0,0,0,0,0,0,0,0,0.06838316,992.167207404911,0.0661464402425152,1060.01473629563
11406,8990,360.7333,19324.35,12.03029,3.421588,-1.369605,0,0,0,0,0,0,0,0,0,0,0,0.06843176,992.102006270179,0.0661919285059613,1059.99329265878
11407,8990,360.8,19323.97,12.03247,3.423768,-1.37575,0,0,0,0,0,0,0,0,0,0,0,0.06847536,992.082497269235,0.0662327351461734,1060.01570341945
11408,8990,360.8667,19323.56,12.03458,3.425878,-1.375557,0,0,0,0,0,0,0,0,0,0,0,0.06851756,992.061448084007,0.0662722298956511,1060.03507787679
11409,8990,360.9333,19322.45,12.03695,3.428248,-1.373629,0,0,0,0,0,0,0,0,0,0,0,0.06856496,992.004461265461,0.0663165894368144,1060.02120747195
11410,8990,361,19321.94,12.03911,3.430408,-1.375971,0,0,0,0,0,0,0,0,0,0,0,0.06860816,991.978278132616,0.0663570166718395,1060.03608255526
11411,8990,361.0667,19321.03,12.0412,3.432498,-1.376958,0,0,0,0,0,0,0,0,0,0,0,0.06864996,991.931559209304,0.066396132209279,1060.02762107176
11412,8990,361.1333,19319.46,12.04357,3.434868,-1.375524,0,0,0,0,0,0,0,0,0,0,0,0.06869736,991.850956231721,0.0664404862546551,1059.98849843832
11413,8990,361.2,19318.79,12.04575,3.437048,-1.375347,0,0,0,0,0,0,0,0,0,0,0,0.06874096,991.81655878269,0.0664812827535276,1059.99498117731
11414,8990,361.2667,19318.26,12.04792,3.439218,-1.375852,0,0,0,0,0,0,0,0,0,0,0,0.06878436,991.789348860321,0.0665218904596445,1060.00894447649
11415,8990,361.3333,19317.17,12.05029,3.441588,-1.366699,0,0,0,0,0,0,0,0,0,0,0,0.06883176,991.733388831299,0.0665662389276077,1059.99614343532
11416,8990,361.4,19316.95,12.05249,3.443788,-1.365012,0,0,0,0,0,0,0,0,0,0,0,0.06887576,991.722094146542,0.0666074045216795,1060.02770708968
11417,8990,361.4667,19316.23,12.05462,3.445918,-1.374262,0,0,0,0,0,0,0,0,0,0,0,0.06891836,991.685129723702,0.0666472586868745,1060.03044250065
11418,8990,361.5333,19314.8,12.05691,3.448208,-1.382153,0,0,0,0,0,0,0,0,0,0,0,0.06896416,991.611714272783,0.0666901048204468,1059.99738319377
11419,8990,361.6,19314.11,12.0591,3.450398,-1.374648,0,0,0,0,0,0,0,0,0,0,0,0.06900796,991.576290034227,0.0667310782265978,1060.00294699386
11420,8990,361.6667,19313.16,12.06122,3.452518,-1.369079,0,0,0,0,0,0,0,0,0,0,0,0.06905036,991.527517531869,0.0667707403813754,1059.99284956735
11421,8990,361.7333,19311.56,12.06352,3.454818,-1.370955,0,0,0,0,0,0,0,0,0,0,0,0.06909636,991.445374370001,0.0668137682985682,1059.95064087781
11422,8990,361.8,19310.94,12.0658,3.457098,-1.365216,0,0,0,0,0,0,0,0,0,0,0,0.06914196,991.413543894777,0.0668564202327145,1059.96181949021
11423,8990,361.8667,19310.36,12.068,3.459298,-1.364431,0,0,0,0,0,0,0,0,0,0,0,0.06918596,991.383766998601,0.0668975738832791,1059.97360464682
11424,8990,361.9333,19309.42,12.07024,3.461538,-1.369613,0,0,0,0,0,0,0,0,0,0,0,0.06923076,991.335507891003,0.0669394740420157,1059.96641851728
11425,8990,362,19308.87,12.07249,3.463788,-1.35898,0,0,0,0,0,0,0,0,0,0,0,0.06927576,991.307271179112,0.0669815594877096,1059.98083578357
11426,8990,362.0667,19308.09,12.07471,3.466008,-1.352722,0,0,0,0,0,0,0,0,0,0,0,0.06932016,991.267226387701,0.0670230820582813,1059.98202912365
11427,8990,362.1333,19307.13,12.07686,3.468158,-1.353501,0,0,0,0,0,0,0,0,0,0,0,0.06936316,991.217940490581,0.0670632937152421,1059.9719490917
11428,8990,362.2,19306.25,12.07908,3.470378,-1.352611,0,0,0,0,0,0,0,0,0,0,0,0.06940756,991.172761751554,0.0671048128922078,1059.96764468319
11429,8990,362.2667,19304.78,12.08134,3.472638,-1.354262,0,0,0,0,0,0,0,0,0,0,0,0.06945276,991.097292721588,0.0671470783918143,1059.93173512963
11430,8990,362.3333,19303.84,12.08352,3.474818,-1.360437,0,0,0,0,0,0,0,0,0,0,0,0.06949636,991.049033613991,0.067187846074971,1059.92333403168
11431,8990,362.4,19303.57,12.0858,3.477098,-1.366129,0,0,0,0,0,0,0,0,0,0,0,0.06954196,991.035171955426,0.0672304820573005,1059.95370024214
11432,8990,362.4667,19302.63,12.08806,3.479358,-1.353815,0,0,0,0,0,0,0,0,0,0,0,0.06958716,990.986912847829,0.067272742245883,1059.94687771008
11433,8990,362.5333,19301.79,12.09022,3.481518,-1.349916,0,0,0,0,0,0,0,0,0,0,0,0.06963036,990.943787687848,0.0673131308455482,1059.94356036432
11434,8990,362.6,19301.24,12.09246,3.483758,-1.359934,0,0,0,0,0,0,0,0,0,0,0,0.06967516,990.915550975957,0.0673550135963639,1059.95775053669
11435,8990,362.6667,19300.12,12.09474,3.486038,-1.364008,0,0,0,0,0,0,0,0,0,0,0,0.06972076,990.858050762649,0.0673976424520896,1059.94142711394
11436,8990,362.7333,19299.26,12.09684,3.488138,-1.350246,0,0,0,0,0,0,0,0,0,0,0,0.06976276,990.813898813145,0.0674369042642164,1059.93581104071
11437,8990,362.8,19298.54,12.0991,3.490398,-1.346951,0,0,0,0,0,0,0,0,0,0,0,0.06980796,990.776934390305,0.067479155730442,1059.94105099515
11438,8990,362.8667,19297.32,12.10142,3.492718,-1.357471,0,0,0,0,0,0,0,0,0,0,0,0.06985436,990.714300229381,0.0675225270601827,1059.92001361475
11439,8990,362.9333,19296.63,12.10352,3.494818,-1.35817,0,0,0,0,0,0,0,0,0,0,0,0.06989636,990.678875990826,0.0675617839695161,1059.92372335148
11440,8990,363,19295.95,12.10576,3.497058,-1.365295,0,0,0,0,0,0,0,0,0,0,0,0.06994116,990.643965147032,0.0676036563075677,1059.93075321642
11441,8990,363.0667,19294.73,12.10814,3.499438,-1.370779,0,0,0,0,0,0,0,0,0,0,0,0.06998876,990.581330986108,0.0676481437457431,1059.91089002098
11442,8990,363.1333,19294.31,12.11022,3.501518,-1.369005,0,0,0,0,0,0,0,0,0,0,0,0.07003036,990.559768406118,0.067687021903061,1059.92902558912
11443,8990,363.2,19293.63,12.11244,3.503738,-1.370557,0,0,0,0,0,0,0,0,0,0,0,0.07007476,990.524857562325,0.0677285151919573,1059.93564923004
11444,8990,363.2667,19292.23,12.11486,3.506158,-1.367652,0,0,0,0,0,0,0,0,0,0,0,0.07012316,990.452982295691,0.0677737446537338,1059.90667524569
11445,8990,363.3333,19291.74,12.11688,3.508178,-1.356636,0,0,0,0,0,0,0,0,0,0,0,0.07016356,990.427825952369,0.067811496605028,1059.91976814425
11446,8990,363.4,19290.93,12.11902,3.510318,-1.355133,0,0,0,0,0,0,0,0,0,0,0,0.07020636,990.386240976673,0.067851489691836,1059.91765394973
11447,8990,363.4667,19289.03,12.12144,3.512738,-1.368996,0,0,0,0,0,0,0,0,0,0,0,0.07025476,990.288695971956,0.0678967135920097,1059.86119063818
11448,8990,363.5333,19288.37,12.12356,3.514858,-1.370023,0,0,0,0,0,0,0,0,0,0,0,0.07029716,990.254811917686,0.0679363295430261,1059.86691287183
11449,8990,363.6,19288.01,12.12568,3.516978,-1.361123,0,0,0,0,0,0,0,0,0,0,0,0.07033956,990.236329706265,0.0679759439246814,1059.88911743382
11450,8990,363.6667,19286.53,12.12816,3.519458,-1.358596,0,0,0,0,0,0,0,0,0,0,0,0.07038916,990.160347281538,0.0680222832852415,1059.85690239199
11451,8990,363.7333,19286.11,12.1303,3.521598,-1.365401,0,0,0,0,0,0,0,0,0,0,0,0.07043196,990.138784701548,0.0680622679430964,1059.8761999801
11452,8990,363.8,19286.07,12.13242,3.523718,-1.367199,0,0,0,0,0,0,0,0,0,0,0,0.07047436,990.136731122501,0.0681018773361925,1059.91598356085
11453,8990,363.8667,19284.73,12.13486,3.526158,-1.360123,0,0,0,0,0,0,0,0,0,0,0,0.07052316,990.067936224437,0.0681474635636894,1059.89065570166
11454,8990,363.9333,19284.16,12.13696,3.528258,-1.364494,0,0,0,0,0,0,0,0,0,0,0,0.07056516,990.038672723022,0.0681866959480922,1059.90091006991
11455,8990,364,19283.49,12.139,3.530298,-1.363579,0,0,0,0,0,0,0,0,0,0,0,0.07060596,990.00427527399,0.0682248059334398,1059.90447753381
11456,8990,364.0667,19281.64,12.14144,3.532738,-1.368506,0,0,0,0,0,0,0,0,0,0,0,0.07065476,989.909297243081,0.0682703865575579,1059.85110106156
11457,8990,364.1333,19280.92,12.1436,3.534898,-1.365261,0,0,0,0,0,0,0,0,0,0,0,0.07069796,989.87233282024,0.0683107348846712,1059.85428741107
11458,8990,364.2,19280.72,12.1457,3.536998,-1.366003,0,0,0,0,0,0,0,0,0,0,0,0.07073996,989.862064925007,0.0683499608641994,1059.88486780332
11459,8990,364.2667,19279.47,12.1482,3.539498,-1.355557,0,0,0,0,0,0,0,0,0,0,0,0.07078996,989.797890579798,0.0683966564527523,1059.86564366203
11460,8990,364.3333,19279.21,12.15038,3.541678,-1.346124,0,0,0,0,0,0,0,0,0,0,0,0.07083356,989.784542315995,0.0684373732263579,1059.89450508121
11461,8990,364.4,19279.04,12.1524,3.543698,-1.349071,0,0,0,0,0,0,0,0,0,0,0,0.07087396,989.775814605046,0.0684751001331623,1059.92514609833
11462,8990,364.4667,19277.4,12.15482,3.546118,-1.353427,0,0,0,0,0,0,0,0,0,0,0,0.07092236,989.691617864132,0.0685202958406685,1059.88288307527
11463,8990,364.5333,19276.54,12.157,3.548298,-1.348168,0,0,0,0,0,0,0,0,0,0,0,0.07096596,989.647465914628,0.0685610075804908,1059.87874839483
11464,8990,364.6,19276.13,12.15902,3.550318,-1.35647,0,0,0,0,0,0,0,0,0,0,0,0.07100636,989.6264167294,0.0685987298233297,1059.8961863412
11465,8990,364.6667,19274.45,12.16142,3.552718,-1.355177,0,0,0,0,0,0,0,0,0,0,0,0.07105436,989.540166409439,0.0686435464800752,1059.85130962796
11466,8990,364.7333,19273.53,12.16366,3.554958,-1.34763,0,0,0,0,0,0,0,0,0,0,0,0.07109916,989.492934091365,0.0686853735476389,1059.8450505312
11467,8990,364.8,19273.33,12.16576,3.557058,-1.353772,0,0,0,0,0,0,0,0,0,0,0,0.07114116,989.482666196132,0.0687245848346391,1059.87561086922
11468,8990,364.8667,19272.23,12.1681,3.559398,-1.353505,0,0,0,0,0,0,0,0,0,0,0,0.07118796,989.426192772348,0.0687682756005169,1059.86142500638
11469,8990,364.9333,19271.45,12.17038,3.561678,-1.355344,0,0,0,0,0,0,0,0,0,0,0,0.07123356,989.386147980938,0.0688108442543333,1059.86364551631
11470,8990,365,19271.12,12.17254,3.563838,-1.365841,0,0,0,0,0,0,0,0,0,0,0,0.07127676,989.369205953803,0.0688511707812139,1059.88823739796
11471,8990,365.0667,19270.15,12.17474,3.566038,-1.368493,0,0,0,0,0,0,0,0,0,0,0,0.07132076,989.319406661921,0.0688922424240172,1059.8784186278
11472,8990,365.1333,19269.1,12.17698,3.568278,-1.36686,0,0,0,0,0,0,0,0,0,0,0,0.07136556,989.265500211945,0.0689340590908698,1059.86498662325
11473,8990,365.2,19267.81,12.17912,3.570418,-1.36605,0,0,0,0,0,0,0,0,0,0,0,0.07140836,989.199272287689,0.0689740073090239,1059.83637003495
11474,8990,365.2667,19266.62,12.18136,3.572658,-1.357851,0,0,0,0,0,0,0,0,0,0,0,0.07145316,989.138178311051,0.0690158205569528,1059.81522682802
11475,8990,365.3333,19265.88,12.18368,3.574978,-1.359196,0,0,0,0,0,0,0,0,0,0,0,0.07149956,989.100187098687,0.0690591252921195,1059.82041527216
11476,8990,365.4,19265.09,12.1859,3.577198,-1.356653,0,0,0,0,0,0,0,0,0,0,0,0.07154396,989.059628912515,0.0691005616881536,1059.82087144105
11477,8990,365.4667,19264.38,12.18806,3.579358,-1.357317,0,0,0,0,0,0,0,0,0,0,0,0.07158716,989.023177884436,0.0691408765336641,1059.82453836336
11478,8990,365.5333,19263.78,12.19036,3.581658,-1.352222,0,0,0,0,0,0,0,0,0,0,0,0.07163316,988.992374198736,0.0691838025917813,1059.83702317849
11479,8990,365.6,19262.65,12.19258,3.583878,-1.345569,0,0,0,0,0,0,0,0,0,0,0,0.07167756,988.934360590667,0.0692252338220662,1059.81876255797
11480,8990,365.6667,19261.79,12.1947,3.585998,-1.344499,0,0,0,0,0,0,0,0,0,0,0,0.07171996,988.890208641163,0.0692647971784759,1059.8133748493
11481,8990,365.7333,19260.91,12.19698,3.588278,-1.337571,0,0,0,0,0,0,0,0,0,0,0,0.07176556,988.845029902136,0.0693073447017331,1059.81004722628
11482,8990,365.8,19259.64,12.19922,3.590518,-1.335408,0,0,0,0,0,0,0,0,0,0,0,0.07181036,988.779828767404,0.0693491440143569,1059.78446423193
11483,8990,365.8667,19258.88,12.20136,3.592658,-1.346505,0,0,0,0,0,0,0,0,0,0,0,0.07185316,988.740810765517,0.0693890756543802,1059.78496243998
11484,8990,365.9333,19258.18,12.20364,3.594938,-1.351852,0,0,0,0,0,0,0,0,0,0,0,0.07189876,988.7048731322,0.0694316178903371,1059.79152751636
11485,8990,366,19256.9,12.20596,3.597258,-1.352262,0,0,0,0,0,0,0,0,0,0,0,0.07194516,988.639158602706,0.0694749046236429,1059.76696105064
11486,8990,366.0667,19256.52,12.20806,3.599358,-1.347555,0,0,0,0,0,0,0,0,0,0,0,0.07198716,988.619649601763,0.0695140849649377,1059.78757049679
11487,8990,366.1333,19256.03,12.2103,3.601598,-1.344781,0,0,0,0,0,0,0,0,0,0,0,0.07203196,988.594493258441,0.0695558756370344,1059.80489225305
11488,8990,366.2,19254.49,12.21268,3.603978,-1.34372,0,0,0,0,0,0,0,0,0,0,0,0.07207956,988.515430465143,0.0696002763126185,1059.76718774628
11489,8990,366.2667,19254.02,12.21476,3.606058,-1.343967,0,0,0,0,0,0,0,0,0,0,0,0.07212116,988.491300911345,0.0696390786501211,1059.78244018298
11490,8990,366.3333,19253.51,12.21692,3.608218,-1.342399,0,0,0,0,0,0,0,0,0,0,0,0.07216436,988.465117778499,0.0696793717916853,1059.79707038531
11491,8990,366.4,19251.67,12.21926,3.610558,-1.339207,0,0,0,0,0,0,0,0,0,0,0,0.07221116,988.370653142352,0.0697230208630079,1059.74204451572
11492,8990,366.4667,19250.66,12.22142,3.612718,-1.343382,0,0,0,0,0,0,0,0,0,0,0,0.07225436,988.318800271423,0.069763310622487,1059.729142661
11493,8990,366.5333,19250.38,12.22357,3.614868,-1.346663,0,0,0,0,0,0,0,0,0,0,0,0.07229736,988.304425218097,0.069803412243357,1059.75622603768
11494,8990,366.6,19248.98,12.22596,3.617258,-1.338552,0,0,0,0,0,0,0,0,0,0,0,0.07234516,988.232549951462,0.069847988436883,1059.72639189491
11495,8990,366.6667,19248.21,12.22812,3.619418,-1.336976,0,0,0,0,0,0,0,0,0,0,0,0.07238836,988.193018554814,0.0698882731618644,1059.72669053145
11496,8990,366.7333,19248.11,12.23028,3.621578,-1.342817,0,0,0,0,0,0,0,0,0,0,0,0.07243156,988.187884607197,0.0699285562640522,1059.7638746624
11497,8990,366.8,19246.96,12.23268,3.623978,-1.350551,0,0,0,0,0,0,0,0,0,0,0,0.07247956,988.128844209605,0.0699733133633656,1059.74798806123
11498,8990,366.8667,19246.06,12.23478,3.626078,-1.350862,0,0,0,0,0,0,0,0,0,0,0,0.07252156,988.082638681055,0.0700124741820837,1059.73993304712
11499,8990,366.9333,19245.54,12.23687,3.628168,-1.346858,0,0,0,0,0,0,0,0,0,0,0,0.07256336,988.055942153448,0.0700514469981392,1059.75260118407
11500,8990,367,19243.97,12.23928,3.630578,-1.338362,0,0,0,0,0,0,0,0,0,0,0,0.07261156,987.975339175865,0.0700963850584891,1059.71376979495
11501,8990,367.0667,19242.92,12.24142,3.632718,-1.340039,0,0,0,0,0,0,0,0,0,0,0,0.07265436,987.92143272589,0.0701362868716926,1059.69823215087
11502,8990,367.1333,19242.52,12.24357,3.634868,-1.34127,0,0,0,0,0,0,0,0,0,0,0,0.07269736,987.900896935423,0.0701763735386991,1059.71868408426
11503,8990,367.2,19241.28,12.24604,3.637338,-1.34028,0,0,0,0,0,0,0,0,0,0,0,0.07274676,987.837235984976,0.0702224246099418,1059.69919431024
11504,8990,367.2667,19240.64,12.24818,3.639478,-1.340932,0,0,0,0,0,0,0,0,0,0,0,0.07278956,987.804378720229,0.0702623213943557,1059.70622481335
11505,8990,367.3333,19240.32,12.25027,3.641568,-1.336948,0,0,0,0,0,0,0,0,0,0,0,0.07283136,987.787950087855,0.0703012844745677,1059.72988988437
11506,8990,367.4,19238.88,12.25266,3.643958,-1.337448,0,0,0,0,0,0,0,0,0,0,0,0.07287916,987.714021242175,0.0703458384808631,1059.69778943053
11507,8990,367.4667,19237.88,12.25482,3.646118,-1.337936,0,0,0,0,0,0,0,0,0,0,0,0.07292236,987.662681766007,0.0703861031554876,1059.68537540431
11508,8990,367.5333,19237.3,12.25687,3.648168,-1.336287,0,0,0,0,0,0,0,0,0,0,0,0.07296336,987.63290486983,0.0704243158148317,1059.69392005569
11509,8990,367.6,19235.71,12.25926,3.650558,-1.339901,0,0,0,0,0,0,0,0,0,0,0,0.07301116,987.551275102725,0.0704688643400473,1059.65353925745
11510,8990,367.6667,19234.56,12.26148,3.652778,-1.334299,0,0,0,0,0,0,0,0,0,0,0,0.07305556,987.492234705133,0.0705102423639386,1059.63403290717
11511,8990,367.7333,19234.43,12.26361,3.654908,-1.336525,0,0,0,0,0,0,0,0,0,0,0,0.07309816,987.485560573231,0.0705499412910086,1059.6689380777
11512,8990,367.8,19233.59,12.26596,3.657258,-1.337792,0,0,0,0,0,0,0,0,0,0,0,0.07314516,987.44243541325,0.0705937387482395,1059.66907034234
11513,8990,367.8667,19232.96,12.2682,3.659498,-1.333645,0,0,0,0,0,0,0,0,0,0,0,0.07318996,987.410091543265,0.0706354843261683,1059.67859664691
11514,8990,367.9333,19232.49,12.27033,3.661628,-1.338427,0,0,0,0,0,0,0,0,0,0,0,0.07323256,987.385961989467,0.0706751782816768,1059.69476369402
11515,8990,368,19231.58,12.27262,3.663918,-1.339632,0,0,0,0,0,0,0,0,0,0,0,0.07327836,987.339243066155,0.0707178521852475,1059.68984356168
11516,8990,368.0667,19230.86,12.27481,3.666108,-1.342319,0,0,0,0,0,0,0,0,0,0,0,0.07332216,987.302278643314,0.0707586608961353,1059.69341428636
11517,8990,368.1333,19229.8,12.27693,3.668228,-1.343066,0,0,0,0,0,0,0,0,0,0,0,0.07336456,987.247858798577,0.070798163632711,1059.67686357028
11518,8990,368.2,19228.56,12.27927,3.670568,-1.340452,0,0,0,0,0,0,0,0,0,0,0,0.07341136,987.18419784813,0.0708417638981802,1059.65473238267
11519,8990,368.2667,19227.94,12.28152,3.672818,-1.339756,0,0,0,0,0,0,0,0,0,0,0,0.07345636,987.152367372906,0.0708836854377212,1059.6649870455
11520,8990,368.3333,19227.16,12.28369,3.674988,-1.342111,0,0,0,0,0,0,0,0,0,0,0,0.07349976,987.112322581496,0.0709241147689047,1059.66484138428
11521,8990,368.4,19226.34,12.28597,3.677268,-1.344453,0,0,0,0,0,0,0,0,0,0,0,0.07354536,987.070224211039,0.0709665917523477,1059.66465919592
11522,8990,368.4667,19225.91,12.28822,3.679518,-1.341135,0,0,0,0,0,0,0,0,0,0,0,0.07359036,987.048148236287,0.0710085080593492,1059.68537680233
11523,8990,368.5333,19224.81,12.29035,3.681648,-1.344043,0,0,0,0,0,0,0,0,0,0,0,0.07363296,986.991674812503,0.0710481872111252,1059.66679332431
11524,8990,368.6,19223.61,12.29259,3.683888,-1.348972,0,0,0,0,0,0,0,0,0,0,0,0.07367776,986.930067441103,0.0710899138225459,1059.64486408681
11525,8990,368.6667,19222.74,12.29483,3.686128,-1.342175,0,0,0,0,0,0,0,0,0,0,0,0.07372256,986.885402096837,0.0711316386929291,1059.64112036605
11526,8990,368.7333,19221.47,12.29699,3.688288,-1.342715,0,0,0,0,0,0,0,0,0,0,0,0.07376576,986.820200962105,0.071171871740628,1059.61374306943
11527,8990,368.8,19220.46,12.29923,3.690528,-1.341792,0,0,0,0,0,0,0,0,0,0,0,0.07381056,986.768348091176,0.0712135931915394,1059.60227245406
11528,8990,368.8667,19219.9,12.30147,3.692768,-1.342875,0,0,0,0,0,0,0,0,0,0,0,0.07385536,986.739597984523,0.0712553129018438,1059.61560621992
11529,8990,368.9333,19218.81,12.30375,3.695048,-1.341921,0,0,0,0,0,0,0,0,0,0,0,0.07390096,986.6836379555,0.0712977758196173,1059.6005060167
11530,8990,369,19218.49,12.30595,3.697248,-1.34085,0,0,0,0,0,0,0,0,0,0,0,0.07394496,986.667209323127,0.0713387471012128,1059.62627664984
11531,8990,369.0667,19218.35,12.30817,3.699468,-1.334108,0,0,0,0,0,0,0,0,0,0,0,0.07398936,986.660021796463,0.0713800891474691,1059.66236534677
11532,8990,369.1333,19216.89,12.31047,3.701768,-1.331838,0,0,0,0,0,0,0,0,0,0,0,0.07403536,986.585066161259,0.0714229191946083,1059.62724670513
11533,8990,369.2,19216.31,12.31265,3.703948,-1.336873,0,0,0,0,0,0,0,0,0,0,0,0.07407896,986.555289265083,0.0714635129373157,1059.63827907634
11534,8990,369.2667,19216.2,12.31481,3.706108,-1.341082,0,0,0,0,0,0,0,0,0,0,0,0.07412216,986.549641922704,0.0715037326351862,1059.67483232924
11535,8990,369.3333,19214.61,12.31709,3.708388,-1.338992,0,0,0,0,0,0,0,0,0,0,0,0.07416776,986.468012155598,0.071546185005867,1059.63213492883
11536,8990,369.4,19213.47,12.31931,3.710608,-1.332851,0,0,0,0,0,0,0,0,0,0,0,0.07421216,986.409485152768,0.0715875184772825,1059.61306369044
11537,8990,369.4667,19213.45,12.32147,3.712768,-1.334674,0,0,0,0,0,0,0,0,0,0,0,0.07425536,986.408458363245,0.0716277331880972,1059.65457354605
11538,8990,369.5333,19212.05,12.32379,3.715088,-1.344455,0,0,0,0,0,0,0,0,0,0,0,0.07430176,986.336583096611,0.0716709249651044,1059.62312717307
11539,8990,369.6,19211.02,12.32599,3.717288,-1.342782,0,0,0,0,0,0,0,0,0,0,0,0.07434576,986.283703436158,0.0717118809614664,1059.60971494373
11540,8990,369.6667,19210.87,12.32817,3.719468,-1.346609,0,0,0,0,0,0,0,0,0,0,0,0.07438936,986.276002514733,0.0717524629760668,1059.64444312516
11541,8990,369.7333,19209.61,12.33053,3.721828,-1.343837,0,0,0,0,0,0,0,0,0,0,0,0.07443656,986.211314774763,0.0717963939428038,1059.62149247967
11542,8990,369.8,19208.69,12.33267,3.723968,-1.343649,0,0,0,0,0,0,0,0,0,0,0,0.07447936,986.164082456689,0.0718362279815461,1059.61295217305
11543,8990,369.8667,19208.46,12.33475,3.726048,-1.348611,0,0,0,0,0,0,0,0,0,0,0,0.07452096,986.152274377171,0.0718749436574984,1059.64128856994
11544,8990,369.9333,19206.88,12.33711,3.728408,-1.344992,0,0,0,0,0,0,0,0,0,0,0,0.07456816,986.071158004827,0.0719188692439884,1059.60066988632
11545,8990,370,19205.69,12.33929,3.730588,-1.333797,0,0,0,0,0,0,0,0,0,0,0,0.07461176,986.010064028188,0.0719594428596268,1059.57801028304
11546,8990,370.0667,19205.73,12.34143,3.732728,-1.331412,0,0,0,0,0,0,0,0,0,0,0,0.07465456,986.012117607234,0.0719992704041309,1059.62241840187
11547,8990,370.1333,19204.53,12.34385,3.735148,-1.336256,0,0,0,0,0,0,0,0,0,0,0,0.07470296,985.950510235834,0.0720443071181795,1059.60393176396
11548,8990,370.2,19203.63,12.34605,3.737348,-1.339704,0,0,0,0,0,0,0,0,0,0,0,0.07474696,985.904304707283,0.0720852478254709,1059.59765433507
11549,8990,370.2667,19203.85,12.34815,3.739448,-1.335103,0,0,0,0,0,0,0,0,0,0,0,0.07478896,985.91559939204,0.0721243260279933,1059.65120171835
11550,8990,370.3333,19202.6,12.35053,3.741828,-1.338358,0,0,0,0,0,0,0,0,0,0,0,0.07483656,985.851425046831,0.0721686128114957,1059.62915436843
11551,8990,370.4,19201.32,12.35269,3.743988,-1.340388,0,0,0,0,0,0,0,0,0,0,0,0.07487976,985.785710517337,0.0722088041610276,1059.60110793231
11552,8990,370.4667,19200.88,12.35475,3.746048,-1.346026,0,0,0,0,0,0,0,0,0,0,0,0.07492096,985.763121147824,0.0722471332950927,1059.61744051682
11553,8990,370.5333,19199.25,12.35709,3.748388,-1.35191,0,0,0,0,0,0,0,0,0,0,0,0.07496776,985.679437801671,0.0722906704322218,1059.57361733172
11554,8990,370.6,19197.73,12.35935,3.750648,-1.354113,0,0,0,0,0,0,0,0,0,0,0,0.07501296,985.601401797897,0.0723327173209089,1059.53428032691
11555,8990,370.6667,19197.69,12.36153,3.752828,-1.342749,0,0,0,0,0,0,0,0,0,0,0,0.07505656,985.599348218851,0.0723732741490489,1059.5750448344
11556,8990,370.7333,19197.04,12.36385,3.755148,-1.340297,0,0,0,0,0,0,0,0,0,0,0,0.07510296,985.565977559342,0.0724164337375126,1059.58489974934
11557,8990,370.8,19196.06,12.36603,3.757328,-1.335981,0,0,0,0,0,0,0,0,0,0,0,0.07514656,985.515664872698,0.0724569871705915,1059.57377691399
11558,8990,370.8667,19195.31,12.36817,3.759468,-1.333982,0,0,0,0,0,0,0,0,0,0,0,0.07518936,985.477160265573,0.0724967949044506,1059.57455724056
11559,8990,370.9333,19194.21,12.37047,3.761768,-1.326726,0,0,0,0,0,0,0,0,0,0,0,0.07523536,985.420686841789,0.0725395771507475,1059.55916696778
11560,8990,371,19193.35,12.37265,3.763948,-1.337624,0,0,0,0,0,0,0,0,0,0,0,0.07527896,985.376534892285,0.0725801255903468,1059.55465564738
11561,8990,371.0667,19192.49,12.37477,3.766068,-1.339983,0,0,0,0,0,0,0,0,0,0,0,0.07532136,985.332382942782,0.07261955644099,1059.54895807807
11562,8990,371.1333,19191.53,12.37713,3.768428,-1.336384,0,0,0,0,0,0,0,0,0,0,0,0.07536856,985.283097045661,0.0726634493328185,1059.54246526233
11563,8990,371.2,19190.72,12.37933,3.770628,-1.331804,0,0,0,0,0,0,0,0,0,0,0,0.07541256,985.241512069966,0.0727043647003535,1059.54109671343
11564,8990,371.2667,19190.13,12.38151,3.772808,-1.327453,0,0,0,0,0,0,0,0,0,0,0,0.07545616,985.211221779027,0.0727449064587607,1059.55147736338
11565,8990,371.3333,19189.33,12.38383,3.775128,-1.329197,0,0,0,0,0,0,0,0,0,0,0,0.07550256,985.170150198094,0.0727880500110527,1059.55301857363
11566,8990,371.4,19188.64,12.38605,3.777348,-1.333387,0,0,0,0,0,0,0,0,0,0,0,0.07554696,985.134725959538,0.072829332184795,1059.55865969621
11567,8990,371.4667,19187.67,12.38819,3.779488,-1.340708,0,0,0,0,0,0,0,0,0,0,0,0.07558976,985.084926667656,0.0728691250994969,1059.54725985408
11568,8990,371.5333,19186.61,12.39049,3.781788,-1.343487,0,0,0,0,0,0,0,0,0,0,0,0.07563576,985.030506822919,0.0729118914199774,1059.53403782966
11569,8990,371.6,19185.62,12.39267,3.783968,-1.33671,0,0,0,0,0,0,0,0,0,0,0,0.07567936,984.979680741513,0.0729524247659301,1059.52231259304
11570,8990,371.6667,19184.08,12.39485,3.786148,-1.336673,0,0,0,0,0,0,0,0,0,0,0,0.07572296,984.900617948216,0.072992956468997,1059.48020804508
11571,8990,371.7333,19182.81,12.39715,3.788448,-1.339904,0,0,0,0,0,0,0,0,0,0,0,0.07576896,984.835416813484,0.0730357174941065,1059.45537211661
11572,8990,371.8,19182.11,12.39933,3.790628,-1.339674,0,0,0,0,0,0,0,0,0,0,0,0.07581256,984.799479180167,0.0730762458213863,1059.45964878348
11573,8990,371.8667,19180.8,12.40155,3.792848,-1.341508,0,0,0,0,0,0,0,0,0,0,0,0.07585696,984.732224466388,0.0731175160997388,1059.43101742845
11574,8990,371.9333,19179.87,12.40383,3.795128,-1.339967,0,0,0,0,0,0,0,0,0,0,0,0.07590256,984.684478753552,0.073159900018186,1059.42455148321
11575,8990,372,19179.52,12.40599,3.797288,-1.336568,0,0,0,0,0,0,0,0,0,0,0,0.07594576,984.666509936894,0.0732000515470872,1059.4477563806
11576,8990,372.0667,19178.06,12.40823,3.799528,-1.335267,0,0,0,0,0,0,0,0,0,0,0,0.07599056,984.59155430169,0.0732416884669068,1059.41121788435
11577,8990,372.1333,19177.05,12.41053,3.801828,-1.330797,0,0,0,0,0,0,0,0,0,0,0,0.07603656,984.539701430761,0.0732844388575311,1059.40071351098
11578,8990,372.2,19177.07,12.41265,3.803948,-1.333618,0,0,0,0,0,0,0,0,0,0,0,0.07607896,984.540728220285,0.0733238419468277,1059.44356290093
11579,8990,372.2667,19175.69,12.41485,3.806148,-1.335662,0,0,0,0,0,0,0,0,0,0,0,0.07612296,984.469879743174,0.0733647303036284,1059.41064102007
11580,8990,372.3333,19174.22,12.41715,3.808448,-1.333777,0,0,0,0,0,0,0,0,0,0,0,0.07616896,984.394410713208,0.0734074754346021,1059.37470920705
11581,8990,372.4,19174.05,12.41933,3.810628,-1.334177,0,0,0,0,0,0,0,0,0,0,0,0.07621256,984.38568300226,0.07344798869826,1059.40823593121
11582,8990,372.4667,19172.96,12.42155,3.812848,-1.334099,0,0,0,0,0,0,0,0,0,0,0,0.07625696,984.329722973238,0.0734892436378479,1059.39171528482
11583,8990,372.5333,19171.6,12.42385,3.815148,-1.336278,0,0,0,0,0,0,0,0,0,0,0,0.07630296,984.25990128565,0.0735319834469279,1059.36184516305
11584,8990,372.6,19171.41,12.42607,3.817368,-1.330858,0,0,0,0,0,0,0,0,0,0,0,0.07634736,984.250146785179,0.0735732349215346,1059.39504707184
11585,8990,372.6667,19170.45,12.42829,3.819588,-1.333155,0,0,0,0,0,0,0,0,0,0,0,0.07639176,984.200860888058,0.0736144846945272,1059.38569684481
11586,8990,372.7333,19169,12.43051,3.821808,-1.337818,0,0,0,0,0,0,0,0,0,0,0,0.07643616,984.126418647616,0.0736557327660466,1059.34926304359
11587,8990,372.8,19168.41,12.43267,3.823968,-1.341035,0,0,0,0,0,0,0,0,0,0,0,0.07647936,984.096128356677,0.073695864391839,1059.35917043187
11588,8990,372.8667,19166.92,12.43489,3.826188,-1.349498,0,0,0,0,0,0,0,0,0,0,0,0.07652376,984.019632537188,0.0737371091068083,1059.32051473275
11589,8990,372.9333,19165.25,12.43715,3.828448,-1.348385,0,0,0,0,0,0,0,0,0,0,0,0.07656896,983.933895611989,0.0737790952224891,1059.27269070775
11590,8990,373,19164.7,12.43935,3.830648,-1.339086,0,0,0,0,0,0,0,0,0,0,0,0.07661296,983.905658900097,0.0738199649693484,1059.28558378918
11591,8990,373.0667,19163.38,12.44163,3.832928,-1.340136,0,0,0,0,0,0,0,0,0,0,0,0.07665856,983.837890791557,0.0738623191263447,1059.25748677307
11592,8990,373.1333,19162.21,12.44385,3.835148,-1.337145,0,0,0,0,0,0,0,0,0,0,0,0.07670296,983.777823604441,0.0739035569766488,1059.23649465726
11593,8990,373.2,19162,12.44603,3.837328,-1.337562,0,0,0,0,0,0,0,0,0,0,0,0.07674656,983.767042314446,0.0739440501478153,1059.26777865345
11594,8990,373.2667,19160.73,12.44829,3.839588,-1.340004,0,0,0,0,0,0,0,0,0,0,0,0.07679176,983.701841179714,0.073986027575927,1059.24203687914
11595,8990,373.3333,19159.42,12.45051,3.841808,-1.345279,0,0,0,0,0,0,0,0,0,0,0,0.07683616,983.634586465935,0.0740272603251813,1059.21329093317
11596,8990,373.4,19158.88,12.45264,3.843938,-1.340736,0,0,0,0,0,0,0,0,0,0,0,0.07687876,983.606863148805,0.0740668198784072,1059.22533911517
11597,8990,373.4667,19157.47,12.45489,3.846188,-1.333801,0,0,0,0,0,0,0,0,0,0,0,0.07692376,983.534474487409,0.0741086064392351,1059.1916443546
11598,8990,373.5333,19155.85,12.45715,3.848448,-1.336044,0,0,0,0,0,0,0,0,0,0,0,0.07696896,983.451304536018,0.07415057696041,1059.1465286568
11599,8990,373.6,19155.45,12.45935,3.850648,-1.342463,0,0,0,0,0,0,0,0,0,0,0,0.07701296,983.430768745551,0.0741914315280343,1059.16768320172
11600,8990,373.6667,19154.64,12.46169,3.852988,-1.342564,0,0,0,0,0,0,0,0,0,0,0,0.07705976,983.389183769856,0.0742348841000602,1059.16891825776
11601,8990,373.7333,19153.57,12.46387,3.855168,-1.347032,0,0,0,0,0,0,0,0,0,0,0,0.07710336,983.334250530357,0.0742753638572346,1059.15262524933
11602,8990,373.8,19153.01,12.46603,3.857328,-1.332925,0,0,0,0,0,0,0,0,0,0,0,0.07714656,983.305500423703,0.0743154706244252,1059.16413721047
11603,8990,373.8667,19151.8,12.46835,3.859648,-1.326582,0,0,0,0,0,0,0,0,0,0,0,0.07719296,983.243379657541,0.074358546471641,1059.14284653371
11604,8990,373.9333,19150.54,12.47048,3.861778,-1.324381,0,0,0,0,0,0,0,0,0,0,0,0.07723556,983.178691917571,0.0743980929217646,1059.11504876789
11605,8990,374,19149.54,12.47264,3.863938,-1.323367,0,0,0,0,0,0,0,0,0,0,0,0.07727876,983.127352441404,0.0744381947670897,1059.10221516016
11606,8990,374.0667,19148.03,12.47501,3.866308,-1.327682,0,0,0,0,0,0,0,0,0,0,0,0.07732616,983.049829832391,0.0744821935527302,1059.06529826198
11607,8990,374.1333,19147.01,12.47716,3.868458,-1.331257,0,0,0,0,0,0,0,0,0,0,0,0.07736916,982.997463566701,0.0745221063883006,1059.05115160499
11608,8990,374.2,19146.52,12.47936,3.870658,-1.329998,0,0,0,0,0,0,0,0,0,0,0,0.07741316,982.972307223379,0.0745629457803802,1059.06729971803
11609,8990,374.2667,19145.57,12.48171,3.873008,-1.330983,0,0,0,0,0,0,0,0,0,0,0,0.07746016,982.92353472102,0.0746065678342347,1059.06094898828
11610,8990,374.3333,19144.84,12.48385,3.875148,-1.328372,0,0,0,0,0,0,0,0,0,0,0,0.07750296,982.886056903418,0.0746462900917604,1059.06263565616
11611,8990,374.4,19144.09,12.48604,3.877338,-1.333257,0,0,0,0,0,0,0,0,0,0,0,0.07754676,982.847552296293,0.0746869388058941,1059.0641955508
11612,8990,374.4667,19142.69,12.48837,3.879668,-1.328867,0,0,0,0,0,0,0,0,0,0,0,0.07759336,982.775677029659,0.0747301842539046,1059.03254393666
11613,8990,374.5333,19140.28,12.49048,3.881778,-1.326878,0,0,0,0,0,0,0,0,0,0,0,0.07763556,982.651948892096,0.0747693448271632,1058.94068322943
11614,8990,374.6,19138.56,12.49266,3.883958,-1.328306,0,0,0,0,0,0,0,0,0,0,0,0.07767916,982.563644993089,0.0748098029557152,1058.88836358269
11615,8990,374.6667,19137.34,12.49502,3.886318,-1.331614,0,0,0,0,0,0,0,0,0,0,0,0.07772636,982.501010832165,0.0748535998185975,1058.86723810047
11616,8990,374.7333,19136.69,12.49714,3.888438,-1.33586,0,0,0,0,0,0,0,0,0,0,0,0.07776876,982.467640172656,0.074892941127805,1058.87293028901
11617,8990,374.8,19135.78,12.49938,3.890678,-1.334561,0,0,0,0,0,0,0,0,0,0,0,0.07781356,982.420921249344,0.07493450762201,1058.86659055024
11618,8990,374.8667,19134.72,12.50173,3.893028,-1.332782,0,0,0,0,0,0,0,0,0,0,0,0.07786056,982.366501404607,0.074978113470938,1058.85410732921
11619,8990,374.9333,19134.35,12.50384,3.895138,-1.333523,0,0,0,0,0,0,0,0,0,0,0,0.07790276,982.347505798425,0.0750172643365399,1058.87508777924
11620,8990,375,19133.1,12.50608,3.897378,-1.335383,0,0,0,0,0,0,0,0,0,0,0,0.07794756,982.283331453216,0.0750588256634936,1058.84992036867
11621,8990,375.0667,19131.84,12.50843,3.899728,-1.331709,0,0,0,0,0,0,0,0,0,0,0,0.07799456,982.218643713245,0.0751024260918832,1058.82635465346
11622,8990,375.1333,19131.58,12.51052,3.901818,-1.323218,0,0,0,0,0,0,0,0,0,0,0,0.07803636,982.205295449442,0.075141201046006,1058.85302147904
11623,8990,375.2,19130.29,12.51266,3.903958,-1.318772,0,0,0,0,0,0,0,0,0,0,0,0.07807916,982.139067525186,0.075180902072791,1058.82366092074
11624,8990,375.2667,19128.44,12.51504,3.906338,-1.329849,0,0,0,0,0,0,0,0,0,0,0,0.07812676,982.044089494277,0.0752250537000231,1058.76801238362
11625,8990,375.3333,19128.17,12.51718,3.908478,-1.340234,0,0,0,0,0,0,0,0,0,0,0,0.07816956,982.030227835712,0.0752647513979775,1058.79509865233
11626,8990,375.4,19127.39,12.51934,3.910638,-1.345719,0,0,0,0,0,0,0,0,0,0,0,0.07821276,981.990183044302,0.0753048185044503,1058.7943455531
11627,8990,375.4667,19125.95,12.52174,3.913038,-1.351493,0,0,0,0,0,0,0,0,0,0,0,0.07826076,981.916254198621,0.0753493356288785,1058.76176650856
11628,8990,375.5333,19125.85,12.52392,3.915218,-1.344457,0,0,0,0,0,0,0,0,0,0,0,0.07830436,981.911120251004,0.0753897702993658,1058.79904209914
11629,8990,375.6,19125.16,12.52606,3.917358,-1.33682,0,0,0,0,0,0,0,0,0,0,0,0.07834716,981.875696012449,0.0754294614591186,1058.80286826805
11630,8990,375.6667,19123.71,12.52842,3.919718,-1.339208,0,0,0,0,0,0,0,0,0,0,0,0.07839436,981.801253772007,0.0754732311919027,1058.76893470866
11631,8990,375.7333,19123.31,12.53056,3.921858,-1.327518,0,0,0,0,0,0,0,0,0,0,0,0.07843716,981.78071798154,0.0755129190391998,1058.78880924277
11632,8990,375.8,19122.23,12.53266,3.923958,-1.32059,0,0,0,0,0,0,0,0,0,0,0,0.07847916,981.725271347279,0.0755518635263976,1058.77024599339
11633,8990,375.8667,19120.47,12.53504,3.926338,-1.324414,0,0,0,0,0,0,0,0,0,0,0,0.07852676,981.634913869225,0.0755959987784766,1058.71952315825
11634,8990,375.9333,19120.18,12.53724,3.928538,-1.326929,0,0,0,0,0,0,0,0,0,0,0,0.07857076,981.620025421137,0.0756367943378783,1058.74665684969
11635,8990,376,19119.38,12.5394,3.930698,-1.324037,0,0,0,0,0,0,0,0,0,0,0,0.07861396,981.578953840203,0.0756768465407381,1058.74476245424
11636,8990,376.0667,19117.88,12.54176,3.933058,-1.332709,0,0,0,0,0,0,0,0,0,0,0,0.07866116,981.501944625952,0.0757206054471195,1058.70802613249
11637,8990,376.1333,19117.74,12.54396,3.935258,-1.331209,0,0,0,0,0,0,0,0,0,0,0,0.07870516,981.494757099289,0.0757613959235427,1058.74345899595
11638,8990,376.2,19116.91,12.5461,3.937398,-1.324531,0,0,0,0,0,0,0,0,0,0,0,0.07874796,981.45214533407,0.0758010723360765,1058.73949961675
11639,8990,376.2667,19115.33,12.54842,3.939718,-1.324147,0,0,0,0,0,0,0,0,0,0,0,0.07879436,981.371028961726,0.075844084238626,1058.69753111131
11640,8990,376.3333,19114.9,12.55058,3.941878,-1.323645,0,0,0,0,0,0,0,0,0,0,0,0.07883756,981.348952986974,0.0758841281400952,1058.71610994902
11641,8990,376.4,19113.86,12.55268,3.943978,-1.330829,0,0,0,0,0,0,0,0,0,0,0,0.07887956,981.295559931761,0.0759230581737091,1058.69972192913
11642,8990,376.4667,19112.05,12.555,3.946298,-1.328794,0,0,0,0,0,0,0,0,0,0,0,0.07892596,981.202635479898,0.0759660648298485,1058.64499543968
11643,8990,376.5333,19111.64,12.55724,3.948538,-1.328686,0,0,0,0,0,0,0,0,0,0,0,0.07897076,981.18158629467,0.0760075867429143,1058.66624186237
11644,8990,376.6,19111.21,12.55948,3.950778,-1.3345,0,0,0,0,0,0,0,0,0,0,0,0.07901556,981.159510319918,0.0760491069319824,1058.68637847717
11645,8990,376.6667,19110.19,12.56172,3.953018,-1.332149,0,0,0,0,0,0,0,0,0,0,0,0.07906036,981.107144054227,0.0760906253971959,1058.67382806173
11646,8990,376.7333,19109.79,12.56396,3.955258,-1.338759,0,0,0,0,0,0,0,0,0,0,0,0.07910516,981.08660826376,0.0761321421386983,1058.69562138432
11647,8990,376.8,19108.84,12.56618,3.957478,-1.345899,0,0,0,0,0,0,0,0,0,0,0,0.07914956,981.037835761402,0.0761732864944547,1058.68654880527
11648,8990,376.8667,19107.45,12.5683,3.959598,-1.34142,0,0,0,0,0,0,0,0,0,0,0,0.07919196,980.966473889529,0.0762125759207224,1058.65113165113
11649,8990,376.9333,19106.24,12.57052,3.961818,-1.346195,0,0,0,0,0,0,0,0,0,0,0,0.07923636,980.904353123367,0.0762537169672837,1058.62764357302
11650,8990,377,19104.64,12.57282,3.964118,-1.342145,0,0,0,0,0,0,0,0,0,0,0,0.07928236,980.8222099615,0.0762963387889811,1058.58410950766
11651,8990,377.0667,19103.37,12.57498,3.966278,-1.33987,0,0,0,0,0,0,0,0,0,0,0,0.07932556,980.757008826767,0.0763363645848706,1058.55610777588
11652,8990,377.1333,19102.7,12.57724,3.968538,-1.346827,0,0,0,0,0,0,0,0,0,0,0,0.07937076,980.722611377735,0.0763782417119012,1058.56331039197
11653,8990,377.2,19101.8,12.57956,3.970858,-1.344464,0,0,0,0,0,0,0,0,0,0,0,0.07941716,980.676405849185,0.076421228796994,1058.55894088073
11654,8990,377.2667,19100.91,12.58168,3.972978,-1.342896,0,0,0,0,0,0,0,0,0,0,0,0.07945956,980.630713715396,0.07646050848315,1058.55119874971
11655,8990,377.3333,19100.03,12.58392,3.975218,-1.338766,0,0,0,0,0,0,0,0,0,0,0,0.07950436,980.585534976369,0.07650200987147,1058.54636035992
11656,8990,377.4,19098.85,12.58622,3.977518,-1.351314,0,0,0,0,0,0,0,0,0,0,0,0.07955036,980.524954394492,0.0765446211120105,1058.52606750556
11657,8990,377.4667,19097.99,12.58832,3.979618,-1.355525,0,0,0,0,0,0,0,0,0,0,0,0.07959236,980.480802444988,0.0765835254416003,1058.51958344628
11658,8990,377.5333,19097.12,12.59054,3.981838,-1.348266,0,0,0,0,0,0,0,0,0,0,0,0.07963676,980.436137100723,0.0766246512300543,1058.51489444634
11659,8990,377.6,19095.93,12.59288,3.984178,-1.346009,0,0,0,0,0,0,0,0,0,0,0,0.07968356,980.375043124084,0.076667998203242,1058.49481669536
11660,8990,377.6667,19095.08,12.59498,3.986278,-1.34759,0,0,0,0,0,0,0,0,0,0,0,0.07972556,980.331404569342,0.0767068977333182,1058.48887478422
11661,8990,377.7333,19094.41,12.59722,3.988518,-1.346107,0,0,0,0,0,0,0,0,0,0,0,0.07977036,980.29700712031,0.076748388897614,1058.49565228522
11662,8990,377.8,19093.22,12.5996,3.990898,-1.341843,0,0,0,0,0,0,0,0,0,0,0,0.07981796,980.235913143671,0.0767924713734886,1058.47634404954
11663,8990,377.8667,19092.49,12.60166,3.992958,-1.345451,0,0,0,0,0,0,0,0,0,0,0,0.07985916,980.198435326069,0.0768306252249357,1058.47625900452
11664,8990,377.9333,19091.3,12.60388,3.995178,-1.331148,0,0,0,0,0,0,0,0,0,0,0,0.07990356,980.13734134943,0.0768717408526804,1058.45380421218
11665,8990,378,19089.76,12.60628,3.997578,-1.332743,0,0,0,0,0,0,0,0,0,0,0,0.07995156,980.058278556133,0.0769161882784021,1058.41546681761
11666,8990,378.0667,19089.16,12.60836,3.999658,-1.346039,0,0,0,0,0,0,0,0,0,0,0,0.07999316,980.027474870433,0.0769547077827393,1058.42296947214
11667,8990,378.1333,19087.91,12.61048,4.001778,-1.343621,0,0,0,0,0,0,0,0,0,0,0,0.08003556,979.963300525224,0.0769939665200079,1058.39521206221
11668,8990,378.2,19085.83,12.6129,4.004198,-1.338032,0,0,0,0,0,0,0,0,0,0,0,0.08008396,979.856514414796,0.0770387788552143,1058.32730432093
11669,8990,378.2667,19084.89,12.61504,4.006338,-1.336254,0,0,0,0,0,0,0,0,0,0,0,0.08012676,979.808255307199,0.0770784046191357,1058.31711622622
11670,8990,378.3333,19084.15,12.61716,4.008458,-1.333861,0,0,0,0,0,0,0,0,0,0,0,0.08016916,979.770264094835,0.0771176585006183,1058.3176231603
11671,8990,378.4,19082.68,12.6196,4.010898,-1.343387,0,0,0,0,0,0,0,0,0,0,0,0.08021796,979.69479506487,0.0771628355890728,1058.28391294759
11672,8990,378.4667,19082.02,12.62176,4.013058,-1.343729,0,0,0,0,0,0,0,0,0,0,0,0.08026116,979.660911010599,0.0772028267184533,1058.28963213497
11673,8990,378.5333,19081.37,12.62388,4.015178,-1.346632,0,0,0,0,0,0,0,0,0,0,0,0.08030356,979.627540351091,0.0772420757162851,1058.29511931533
11674,8990,378.6,19080.06,12.62626,4.017558,-1.352434,0,0,0,0,0,0,0,0,0,0,0,0.08035116,979.560285637312,0.0772861364350729,1058.2690908782
11675,8990,378.6667,19079.39,12.6284,4.019698,-1.354992,0,0,0,0,0,0,0,0,0,0,0,0.08039396,979.52588818828,0.0773257523986676,1058.27385326225
11676,8990,378.7333,19078.32,12.6305,4.021798,-1.356783,0,0,0,0,0,0,0,0,0,0,0,0.08043596,979.470954948781,0.0773646263513248,1058.2556415022
11677,8990,378.8,19076.65,12.63288,4.024178,-1.356701,0,0,0,0,0,0,0,0,0,0,0,0.08048356,979.385218023582,0.0774086816708934,1058.2096269815
11678,8990,378.8667,19075.9,12.63504,4.026338,-1.347458,0,0,0,0,0,0,0,0,0,0,0,0.08052676,979.346713416457,0.0774486629700161,1058.21033116453
11679,8990,378.9333,19074.98,12.6372,4.028498,-1.346492,0,0,0,0,0,0,0,0,0,0,0,0.08056996,979.299481098383,0.0774886426706987,1058.2016011185
11680,8990,379,19073.65,12.63962,4.030918,-1.347828,0,0,0,0,0,0,0,0,0,0,0,0.08061836,979.231199595081,0.0775334328442898,1058.17521296727
11681,8990,379.0667,19073.31,12.6418,4.033098,-1.343151,0,0,0,0,0,0,0,0,0,0,0,0.08066196,979.213744173184,0.077573779299678,1058.19904403713
11682,8990,379.1333,19072.4,12.64392,4.035218,-1.349646,0,0,0,0,0,0,0,0,0,0,0,0.08070436,979.167025249872,0.0776130137409784,1058.19007335577
11683,8990,379.2,19070.79,12.64624,4.037538,-1.356448,0,0,0,0,0,0,0,0,0,0,0,0.08075076,979.084368693243,0.0776559477807165,1058.14617556934
11684,8990,379.2667,19070.05,12.64842,4.039718,-1.35513,0,0,0,0,0,0,0,0,0,0,0,0.08079436,979.046377480879,0.0776962892934637,1058.14780295976
11685,8990,379.3333,19068.8,12.65051,4.041808,-1.359453,0,0,0,0,0,0,0,0,0,0,0,0.08083616,978.98220313567,0.0777349638029309,1058.1193651455
11686,8990,379.4,19066.89,12.65286,4.044158,-1.358713,0,0,0,0,0,0,0,0,0,0,0,0.08088316,978.884144736191,0.0777784477090722,1058.05938763635
11687,8990,379.4667,19066.14,12.65512,4.046418,-1.345955,0,0,0,0,0,0,0,0,0,0,0,0.08092836,978.845640129065,0.0778202644905893,1058.06201247786
11688,8990,379.5333,19065.46,12.65728,4.048578,-1.34704,0,0,0,0,0,0,0,0,0,0,0,0.08097156,978.810729285272,0.0778602293378112,1058.06656098024
11689,8990,379.6,19064.24,12.65954,4.050838,-1.356667,0,0,0,0,0,0,0,0,0,0,0,0.08101676,978.748095124348,0.0779020426996952,1058.04309464749
11690,8990,379.6667,19063.64,12.6618,4.053098,-1.354205,0,0,0,0,0,0,0,0,0,0,0,0.08106196,978.717291438648,0.077943854313295,1058.05403336856
11691,8990,379.7333,19062.65,12.664,4.055298,-1.357719,0,0,0,0,0,0,0,0,0,0,0,0.08110596,978.666465357242,0.0779845542049168,1058.04214854985
11692,8990,379.8,19061.49,12.6662,4.057498,-1.354581,0,0,0,0,0,0,0,0,0,0,0,0.08114996,978.606911564888,0.0780252524401249,1058.0208232941
11693,8990,379.8667,19060.54,12.6684,4.059698,-1.352792,0,0,0,0,0,0,0,0,0,0,0,0.08119396,978.55813906253,0.078065949019054,1058.01114946325
11694,8990,379.9333,19059.08,12.6706,4.061898,-1.352444,0,0,0,0,0,0,0,0,0,0,0,0.08123796,978.483183427326,0.0781066439418389,1057.97316114327
11695,8990,380,19057.69,12.67284,4.064138,-1.355557,0,0,0,0,0,0,0,0,0,0,0,0.08128276,978.411821555453,0.0781480770708647,1057.93983482811
11696,8990,380.0667,19057.19,12.67512,4.066418,-1.359161,0,0,0,0,0,0,0,0,0,0,0,0.08132836,978.38615181737,0.0781902483143076,1057.95669299139
11697,8990,380.1333,19056.11,12.67736,4.068658,-1.35645,0,0,0,0,0,0,0,0,0,0,0,0.08137316,978.330705183109,0.0782316779795592,1057.94056618889
11698,8990,380.2,19054.94,12.67956,4.070858,-1.354053,0,0,0,0,0,0,0,0,0,0,0,0.08141716,978.270637995994,0.0782723661587129,1057.91865505302
11699,8990,380.2667,19054.22,12.6818,4.073098,-1.356992,0,0,0,0,0,0,0,0,0,0,0,0.08146196,978.233673573153,0.0783137924220599,1057.92250596042
11700,8990,380.3333,19052.79,12.68402,4.075318,-1.358736,0,0,0,0,0,0,0,0,0,0,0,0.08150636,978.160258122234,0.0783548471149057,1057.88654025844
11701,8990,380.4,19051.23,12.68617,4.077468,-1.358437,0,0,0,0,0,0,0,0,0,0,0,0.08154936,978.080168539414,0.078394605683867,1057.84198031249
11702,8990,380.4667,19050.16,12.68842,4.079718,-1.360232,0,0,0,0,0,0,0,0,0,0,0,0.08159436,978.025235299915,0.0784362117959256,1057.82657843806
11703,8990,380.5333,19048.73,12.69068,4.081978,-1.35338,0,0,0,0,0,0,0,0,0,0,0,0.08163956,977.951819848996,0.0784780010814843,1057.79137612267
11704,8990,380.6,19047.65,12.69283,4.084128,-1.352282,0,0,0,0,0,0,0,0,0,0,0,0.08168256,977.896373214735,0.0785177547544192,1057.77345239363
11705,8990,380.6667,19046.81,12.69507,4.086368,-1.352574,0,0,0,0,0,0,0,0,0,0,0,0.08172736,977.853248054755,0.0785591708536912,1057.77061248569
11706,8990,380.7333,19045.56,12.69742,4.088718,-1.360212,0,0,0,0,0,0,0,0,0,0,0,0.08177436,977.789073709546,0.0786026189356345,1057.74714942714
11707,8990,380.8,19044.79,12.69951,4.090808,-1.358109,0,0,0,0,0,0,0,0,0,0,0,0.08181616,977.749542312897,0.0786412584098037,1057.7452553067
11708,8990,380.8667,19043.97,12.70175,4.093048,-1.351392,0,0,0,0,0,0,0,0,0,0,0,0.08186096,977.70744394244,0.0786826693944578,1057.74351390271
11709,8990,380.9333,19042.39,12.70414,4.095438,-1.348481,0,0,0,0,0,0,0,0,0,0,0,0.08190876,977.626327570096,0.0787268515452347,1057.70248780472
11710,8990,381,19041.81,12.70623,4.097528,-1.352739,0,0,0,0,0,0,0,0,0,0,0,0.08195056,977.596550673919,0.0787654862195121,1057.71113545572
11711,8990,381.0667,19041.07,12.70837,4.099668,-1.35044,0,0,0,0,0,0,0,0,0,0,0,0.08199336,977.558559461556,0.0788050436217258,1057.71187034857
11712,8990,381.1333,19038.99,12.71076,4.102058,-1.356642,0,0,0,0,0,0,0,0,0,0,0,0.08204116,977.451773351128,0.0788492203661963,1057.64305068091
11713,8990,381.2,19037.88,12.71289,4.104188,-1.35141,0,0,0,0,0,0,0,0,0,0,0,0.08208376,977.394786532582,0.0788885896277503,1057.62302561557
11714,8990,381.2667,19037.21,12.71503,4.106328,-1.343503,0,0,0,0,0,0,0,0,0,0,0,0.08212656,977.36038908355,0.0789281421607091,1057.62763571924
11715,8990,381.3333,19035.52,12.71746,4.108758,-1.348576,0,0,0,0,0,0,0,0,0,0,0,0.08217516,977.273625368828,0.0789730527196751,1057.58124189729
11716,8990,381.4,19034.51,12.71961,4.110908,-1.349806,0,0,0,0,0,0,0,0,0,0,0,0.08221816,977.221772497899,0.0790127867177505,1057.56714854462
11717,8990,381.4667,19033.86,12.72173,4.113028,-1.354949,0,0,0,0,0,0,0,0,0,0,0,0.08226056,977.188401838391,0.0790519647421067,1057.57246699912
11718,8990,381.5333,19032.11,12.72416,4.115458,-1.367196,0,0,0,0,0,0,0,0,0,0,0,0.08230916,977.098557755098,0.0790968697406006,1057.52271928113
11719,8990,381.6,19030.97,12.72625,4.117548,-1.367854,0,0,0,0,0,0,0,0,0,0,0,0.08235096,977.040030752268,0.0791354901222661,1057.50021524315
11720,8990,381.6667,19029.92,12.72831,4.119608,-1.36104,0,0,0,0,0,0,0,0,0,0,0,0.08239216,976.986124302292,0.0791735546848686,1057.48212137359
11721,8990,381.7333,19027.81,12.73075,4.122048,-1.356397,0,0,0,0,0,0,0,0,0,0,0,0.08244096,976.877798007579,0.0792186389914209,1057.41254147801
11722,8990,381.8,19026.77,12.73289,4.124188,-1.356147,0,0,0,0,0,0,0,0,0,0,0,0.08248376,976.824404952366,0.0792581784725032,1057.3965547326
11723,8990,381.8667,19026.3,12.73501,4.126308,-1.357285,0,0,0,0,0,0,0,0,0,0,0,0.08252616,976.800275398567,0.0792973468842632,1057.41185121415
11724,8990,381.9333,19024.73,12.7375,4.128798,-1.357427,0,0,0,0,0,0,0,0,0,0,0,0.08257596,976.719672420985,0.0793433493333382,1057.37323702203
11725,8990,382,19024.17,12.73967,4.130968,-1.358441,0,0,0,0,0,0,0,0,0,0,0,0.08261936,976.690922314331,0.079383438095405,1057.38450123375
11726,8990,382.0667,19023.7,12.74175,4.133048,-1.353466,0,0,0,0,0,0,0,0,0,0,0,0.08266096,976.666792760533,0.0794218626814697,1057.39900745024
11727,8990,382.1333,19022.01,12.74415,4.135448,-1.352727,0,0,0,0,0,0,0,0,0,0,0,0.08270896,976.58002904581,0.0794661969077509,1057.35194760496
11728,8990,382.2,19020.93,12.74631,4.137608,-1.346518,0,0,0,0,0,0,0,0,0,0,0,0.08275216,976.52458241155,0.0795060960309509,1057.3341008992
11729,8990,382.2667,19019.96,12.74835,4.139648,-1.344638,0,0,0,0,0,0,0,0,0,0,0,0.08279296,976.474783119667,0.0795437770745163,1057.3200207795
11730,8990,382.3333,19017.79,12.75075,4.142048,-1.351721,0,0,0,0,0,0,0,0,0,0,0,0.08284096,976.363376456385,0.0795881058962664,1057.24625587087
11731,8990,382.4,19016.42,12.75301,4.144308,-1.357162,0,0,0,0,0,0,0,0,0,0,0,0.08288616,976.293041374036,0.0796298470737113,1057.21422260825
11732,8990,382.4667,19015.79,12.75509,4.146388,-1.35408,0,0,0,0,0,0,0,0,0,0,0,0.08292776,976.260697504051,0.0796682621929614,1057.2198103241
11733,8990,382.5333,19014.19,12.75743,4.148728,-1.356104,0,0,0,0,0,0,0,0,0,0,0,0.08297456,976.178554342183,0.0797114774382429,1057.17654037016
11734,8990,382.6,19012.93,12.75967,4.150968,-1.353307,0,0,0,0,0,0,0,0,0,0,0,0.08301936,976.113866602213,0.0797528441286964,1057.15021509465
11735,8990,382.6667,19011.87,12.76181,4.153108,-1.355629,0,0,0,0,0,0,0,0,0,0,0,0.08306216,976.059446757475,0.0797923624936427,1057.13305269356
11736,8990,382.7333,19010.39,12.76407,4.155368,-1.355465,0,0,0,0,0,0,0,0,0,0,0,0.08310736,975.983464332748,0.0798340951462255,1057.0948734571
11737,8990,382.8,19009.28,12.76629,4.157588,-1.346139,0,0,0,0,0,0,0,0,0,0,0,0.08315176,975.926477514203,0.0798750874722092,1057.07648175011
11738,8990,382.8667,19007.8,12.76841,4.159708,-1.347218,0,0,0,0,0,0,0,0,0,0,0,0.08319416,975.850495089475,0.0799142317285479,1057.03555731403
11739,8990,382.9333,19006.25,12.77069,4.161988,-1.348465,0,0,0,0,0,0,0,0,0,0,0,0.08323976,975.770918901416,0.0799563285583528,1056.99385600575
11740,8990,383,19005.35,12.77297,4.164268,-1.356378,0,0,0,0,0,0,0,0,0,0,0,0.08328536,975.724713372866,0.079998423616089,1056.98829738702
11741,8990,383.0667,19004.33,12.77517,4.166468,-1.362078,0,0,0,0,0,0,0,0,0,0,0,0.08332936,975.672347107175,0.0800390399745027,1056.97449936131
11742,8990,383.1333,19003.22,12.77741,4.168708,-1.356021,0,0,0,0,0,0,0,0,0,0,0,0.08337416,975.61536028863,0.0800803931172773,1056.95647143579
11743,8990,383.2,19002.4,12.77969,4.170988,-1.354837,0,0,0,0,0,0,0,0,0,0,0,0.08341976,975.573261918173,0.0801224829529426,1056.9553492898
11744,8990,383.2667,19000.9,12.78185,4.173148,-1.354022,0,0,0,0,0,0,0,0,0,0,0,0.08346296,975.496252703922,0.0801623559000174,1056.9140574235
11745,8990,383.3333,18999.39,12.78403,4.175328,-1.361456,0,0,0,0,0,0,0,0,0,0,0,0.08350656,975.41873009491,0.0802025964291096,1056.8725928047
11746,8990,383.4,18998.02,12.78629,4.177588,-1.358739,0,0,0,0,0,0,0,0,0,0,0,0.08355176,975.348395012561,0.08024431196541,1056.84047002904
11747,8990,383.4667,18996.27,12.78851,4.179808,-1.349696,0,0,0,0,0,0,0,0,0,0,0,0.08359616,975.258550929268,0.0802852874794452,1056.78642079412
11748,8990,383.5333,18994.88,12.79071,4.182008,-1.34912,0,0,0,0,0,0,0,0,0,0,0,0.08364016,975.187189057396,0.0803258921884012,1056.75200158011
11749,8990,383.6,18993.86,12.79297,4.184268,-1.359712,0,0,0,0,0,0,0,0,0,0,0,0.08368536,975.134822791706,0.0803676025817772,1056.73933148557
11750,8990,383.6667,18992.16,12.79525,4.186548,-1.361508,0,0,0,0,0,0,0,0,0,0,0,0.08373096,975.047545682221,0.0804096803308335,1056.68921272784
11751,8990,383.7333,18990.99,12.79739,4.188688,-1.355825,0,0,0,0,0,0,0,0,0,0,0,0.08377376,974.987478495106,0.0804491727477224,1056.66584552156
11752,8990,383.8,18990.11,12.79961,4.190908,-1.35928,0,0,0,0,0,0,0,0,0,0,0,0.08381816,974.942299756079,0.0804901398685136,1056.6601694278
11753,8990,383.8667,18988.35,12.80193,4.193228,-1.361664,0,0,0,0,0,0,0,0,0,0,0,0.08386456,974.851942278025,0.0805329505617751,1056.60747148232
11754,8990,383.9333,18987.3,12.80405,4.195348,-1.367446,0,0,0,0,0,0,0,0,0,0,0,0.08390696,974.798035828049,0.0805720690755245,1056.59037562835
11755,8990,384,18986.46,12.80621,4.197508,-1.368964,0,0,0,0,0,0,0,0,0,0,0,0.08395016,974.754910668069,0.0806119241006618,1056.58574137944
11756,8990,384.0667,18984.48,12.80853,4.199828,-1.357869,0,0,0,0,0,0,0,0,0,0,0,0.08399656,974.653258505258,0.0806547295806849,1056.52077941249
11757,8990,384.1333,18983.13,12.81071,4.202008,-1.361405,0,0,0,0,0,0,0,0,0,0,0,0.08404016,974.583950212432,0.0806949503016751,1056.48814132172
11758,8990,384.2,18982.53,12.81289,4.204188,-1.357024,0,0,0,0,0,0,0,0,0,0,0,0.08408376,974.553146526732,0.0807351694050239,1056.49723940653
11759,8990,384.2667,18980.94,12.81527,4.206568,-1.359986,0,0,0,0,0,0,0,0,0,0,0,0.08413136,974.471516759626,0.0807790764874611,1056.45513074588
11760,8990,384.3333,18979.63,12.81743,4.208728,-1.362163,0,0,0,0,0,0,0,0,0,0,0,0.08417456,974.404262045847,0.0808189232633309,1056.42431206568
11761,8990,384.4,18979,12.81963,4.210928,-1.36392,0,0,0,0,0,0,0,0,0,0,0,0.08421856,974.371918175862,0.0808595063103811,1056.43211802907
11762,8990,384.4667,18977.37,12.82201,4.213308,-1.362636,0,0,0,0,0,0,0,0,0,0,0,0.08426616,974.28823482971,0.0809034079340067,1056.38776311199
11763,8990,384.5333,18975.94,12.82411,4.215408,-1.354223,0,0,0,0,0,0,0,0,0,0,0,0.08430816,974.214819378791,0.0809421430602302,1056.34907824535
11764,8990,384.6,18974.91,12.82623,4.217528,-1.352122,0,0,0,0,0,0,0,0,0,0,0,0.08435056,974.161939718339,0.0809812455705648,1056.33304486427
11765,8990,384.6667,18972.91,12.82859,4.219888,-1.347204,0,0,0,0,0,0,0,0,0,0,0,0.08439776,974.059260766004,0.0810247729818114,1056.26768048191
11766,8990,384.7333,18971.35,12.83071,4.222008,-1.353344,0,0,0,0,0,0,0,0,0,0,0,0.08444016,973.979171183184,0.0810638722613051,1056.22212823456
11767,8990,384.8,18970.51,12.83289,4.224188,-1.353606,0,0,0,0,0,0,0,0,0,0,0,0.08448376,973.936046023203,0.0811040765299784,1056.21782519078
11768,8990,384.8667,18968.82,12.83533,4.226628,-1.347373,0,0,0,0,0,0,0,0,0,0,0,0.08453256,973.849282308481,0.0811490738862069,1056.17125519618
11769,8990,384.9333,18967.78,12.83747,4.228768,-1.345311,0,0,0,0,0,0,0,0,0,0,0,0.08457536,973.795889253267,0.0811885371140261,1056.15502715338
11770,8990,385,18967.15,12.83961,4.230908,-1.356034,0,0,0,0,0,0,0,0,0,0,0,0.08461816,973.763545383282,0.0812279987845602,1056.16162486869
11771,8990,385.0667,18965.54,12.84199,4.233288,-1.35401,0,0,0,0,0,0,0,0,0,0,0,0.08466576,973.680888826653,0.0812718842341031,1056.11832127664
11772,8990,385.1333,18964.23,12.84413,4.235428,-1.35255,0,0,0,0,0,0,0,0,0,0,0,0.08470856,973.613634112874,0.0813113426158225,1056.08704305494
11773,8990,385.2,18963.29,12.84619,4.237488,-1.357758,0,0,0,0,0,0,0,0,0,0,0,0.08474976,973.565375005277,0.0813493244471628,1056.07480688128
11774,8990,385.2667,18961.21,12.84857,4.239868,-1.354582,0,0,0,0,0,0,0,0,0,0,0,0.08479736,973.458588894849,0.0813932045727142,1056.00530730246
11775,8990,385.3333,18959.54,12.85079,4.242088,-1.354319,0,0,0,0,0,0,0,0,0,0,0,0.08484176,973.37285196965,0.0814341330382796,1055.95551786697
11776,8990,385.4,18958.77,12.85293,4.244228,-1.351988,0,0,0,0,0,0,0,0,0,0,0,0.08488456,973.333320573001,0.0814735850185695,1055.95429122318
11777,8990,385.4667,18957.37,12.85529,4.246588,-1.355147,0,0,0,0,0,0,0,0,0,0,0,0.08493176,973.261445306367,0.0815170910052951,1055.92225279638
11778,8990,385.5333,18956.1,12.85749,4.248788,-1.360321,0,0,0,0,0,0,0,0,0,0,0,0.08497576,973.196244171635,0.0815576457290339,1055.89433464927
11779,8990,385.6,18954.89,12.85963,4.250928,-1.362253,0,0,0,0,0,0,0,0,0,0,0,0.08501856,973.134123405473,0.0815970928369005,1055.86858526427
11780,8990,385.6667,18953.26,12.86197,4.253268,-1.359926,0,0,0,0,0,0,0,0,0,0,0,0.08506536,973.05044005932,0.0816402248094255,1055.82332604112
11781,8990,385.7333,18951.99,12.86413,4.255428,-1.356546,0,0,0,0,0,0,0,0,0,0,0,0.08510856,972.985238924588,0.0816800372867645,1055.79461151072
11782,8990,385.8,18950.45,12.86624,4.257538,-1.3584,0,0,0,0,0,0,0,0,0,0,0,0.08515076,972.906176131291,0.0817189266486177,1055.74987643756
11783,8990,385.8667,18948.58,12.86859,4.259888,-1.36126,0,0,0,0,0,0,0,0,0,0,0,0.08519776,972.810171310858,0.0817622376648661,1055.69141881176
11784,8990,385.9333,18947.52,12.87081,4.262108,-1.361308,0,0,0,0,0,0,0,0,0,0,0,0.08524216,972.755751466121,0.0818031510295688,1055.67555287352
11785,8990,386,18946.4,12.87297,4.264268,-1.35322,0,0,0,0,0,0,0,0,0,0,0,0.08528536,972.698251252814,0.0818429570210688,1055.65517178228
11786,8990,386.0667,18945.06,12.87529,4.266588,-1.351551,0,0,0,0,0,0,0,0,0,0,0,0.08533176,972.62945635475,0.0818857098396839,1055.62563969334
11787,8990,386.1333,18944.24,12.87751,4.268808,-1.358433,0,0,0,0,0,0,0,0,0,0,0,0.08537616,972.587357984293,0.0819266181531397,1055.62313187354
11788,8990,386.2,18942.95,12.87963,4.270928,-1.356621,0,0,0,0,0,0,0,0,0,0,0,0.08541856,972.521130060037,0.0819656821877208,1055.59248455934
11789,8990,386.2667,18941.43,12.88193,4.273228,-1.354884,0,0,0,0,0,0,0,0,0,0,0,0.08546456,972.443094056263,0.0820080612541782,1055.55251521482
11790,8990,386.3333,18940.28,12.88413,4.275428,-1.355449,0,0,0,0,0,0,0,0,0,0,0,0.08550856,972.384053658671,0.0820485960720447,1055.53121385399
11791,8990,386.4,18938.8,12.88629,4.277588,-1.354585,0,0,0,0,0,0,0,0,0,0,0,0.08555176,972.308071233944,0.0820883922947546,1055.49073799021
11792,8990,386.4667,18937.27,12.88857,4.279868,-1.358733,0,0,0,0,0,0,0,0,0,0,0,0.08559736,972.229521835408,0.0821303977006354,1055.44980221858
11793,8990,386.5333,18936.15,12.89079,4.282088,-1.355181,0,0,0,0,0,0,0,0,0,0,0,0.08564176,972.172021622101,0.0821712960057526,1055.43054457658
11794,8990,386.6,18934.61,12.89305,4.284348,-1.359767,0,0,0,0,0,0,0,0,0,0,0,0.08568696,972.092958828803,0.0822129294991895,1055.38864930825
11795,8990,386.6667,18933.3,12.89527,4.286568,-1.362965,0,0,0,0,0,0,0,0,0,0,0,0.08573136,972.025704115024,0.0822538244291044,1055.35878968376
11796,8990,386.7333,18932.39,12.89747,4.288768,-1.372021,0,0,0,0,0,0,0,0,0,0,0,0.08577536,971.978985191712,0.0822943492864311,1055.35083255897
11797,8990,386.8,18930.45,12.89973,4.291028,-1.368857,0,0,0,0,0,0,0,0,0,0,0,0.08582056,971.879386607948,0.0823359776571516,1055.2866198191
11798,8990,386.8667,18928.94,12.90197,4.293268,-1.369377,0,0,0,0,0,0,0,0,0,0,0,0.08586536,971.801863998936,0.0823772359252961,1055.24598089988
11799,8990,386.9333,18928.33,12.90412,4.295418,-1.374203,0,0,0,0,0,0,0,0,0,0,0,0.08590836,971.770546918474,0.0824168348942029,1055.25376090054
11800,8990,387,18926.34,12.90634,4.297638,-1.367538,0,0,0,0,0,0,0,0,0,0,0,0.08595276,971.668381360901,0.0824577214864417,1055.1859605436
11801,8990,387.0667,18924.4,12.9086,4.299898,-1.366384,0,0,0,0,0,0,0,0,0,0,0,0.08599796,971.568782777137,0.0824993430569408,1055.12171609565
11802,8990,387.1333,18923.71,12.91078,4.302078,-1.364277,0,0,0,0,0,0,0,0,0,0,0,0.08604156,971.533358538582,0.0825394896561203,1055.12560429928
11803,8990,387.2,18922.22,12.91308,4.304378,-1.355781,0,0,0,0,0,0,0,0,0,0,0,0.08608756,971.456862719093,0.0825818444126431,1055.08721367583
11804,8990,387.2667,18920.73,12.9153,4.306598,-1.369155,0,0,0,0,0,0,0,0,0,0,0,0.08613196,971.380366899604,0.0826227242588993,1055.04726180619
11805,8990,387.3333,18920.22,12.91748,4.308778,-1.382445,0,0,0,0,0,0,0,0,0,0,0,0.08617556,971.354183766759,0.0826628659051483,1055.0611745112
11806,8990,387.4,18918.56,12.91979,4.311088,-1.379445,0,0,0,0,0,0,0,0,0,0,0,0.08622176,971.268960236321,0.0827053995610146,1055.01347942127
11807,8990,387.4667,18916.91,12.92198,4.313278,-1.369775,0,0,0,0,0,0,0,0,0,0,0,0.08626556,971.184250100645,0.082745722005802,1054.96400329876
11808,8990,387.5333,18916.23,12.9241,4.315398,-1.373086,0,0,0,0,0,0,0,0,0,0,0,0.08630796,971.149339256852,0.0827847540566073,1054.96725758346
11809,8990,387.6,18914.1,12.92638,4.317678,-1.365671,0,0,0,0,0,0,0,0,0,0,0,0.08635356,971.039986172616,0.0828267302223257,1054.89274588097
11810,8990,387.6667,18912.01,12.92862,4.319918,-1.36218,0,0,0,0,0,0,0,0,0,0,0,0.08639836,970.932686667426,0.0828679682482539,1054.81967846589
11811,8990,387.7333,18911.28,12.93078,4.322078,-1.358893,0,0,0,0,0,0,0,0,0,0,0,0.08644156,970.895208849824,0.0829077318770495,1054.82090529933
11812,8990,387.8,18909.56,12.93315,4.324448,-1.352937,0,0,0,0,0,0,0,0,0,0,0,0.08648896,970.806904950817,0.0829513595950749,1054.77098452083
11813,8990,387.8667,18907.88,12.93533,4.326628,-1.361518,0,0,0,0,0,0,0,0,0,0,0,0.08653256,970.720654630856,0.0829914880517924,1054.71959792094
11814,8990,387.9333,18907.12,12.93748,4.328778,-1.371317,0,0,0,0,0,0,0,0,0,0,0,0.08657556,970.681636628969,0.0830310627048986,1054.71894290184
11815,8990,388,18905.1,12.93981,4.331108,-1.375279,0,0,0,0,0,0,0,0,0,0,0,0.08662216,970.577930887112,0.0830739488165289,1054.65148770888
11816,8990,388.0667,18903.05,12.94198,4.333278,-1.367599,0,0,0,0,0,0,0,0,0,0,0,0.08666556,970.472684960969,0.08311388830508,1054.57924366781
11817,8990,388.1333,18902.01,12.94408,4.335378,-1.365169,0,0,0,0,0,0,0,0,0,0,0,0.08670756,970.419291905755,0.0831525379042848,1054.56198088383
11818,8990,388.2,18899.89,12.94638,4.337678,-1.367661,0,0,0,0,0,0,0,0,0,0,0,0.08675356,970.310452216281,0.0831948667038052,1054.48833825125
11819,8990,388.2667,18897.77,12.94866,4.339958,-1.365426,0,0,0,0,0,0,0,0,0,0,0,0.08679916,970.201612526807,0.0832368256584577,1054.41429752478
11820,8990,388.3333,18897.07,12.95082,4.342118,-1.366832,0,0,0,0,0,0,0,0,0,0,0,0.08684236,970.16567489349,0.0832765746231403,1054.41715169223
11821,8990,388.4,18895.93,12.95314,4.344438,-1.37379,0,0,0,0,0,0,0,0,0,0,0,0.08688876,970.107147890659,0.0833192661957825,1054.39855503802
11822,8990,388.4667,18894.25,12.95536,4.346658,-1.375484,0,0,0,0,0,0,0,0,0,0,0,0.08693316,970.020897570698,0.0833601159080776,1054.34787946256
11823,8990,388.5333,18893.07,12.9575,4.348798,-1.374976,0,0,0,0,0,0,0,0,0,0,0,0.08697596,969.960316988821,0.0833994919791485,1054.32354672083
11824,8990,388.6,18891.46,12.95982,4.351118,-1.38012,0,0,0,0,0,0,0,0,0,0,0,0.08702236,969.877660432192,0.08344217830469,1054.27870335428
11825,8990,388.6667,18889.7,12.96196,4.353258,-1.375004,0,0,0,0,0,0,0,0,0,0,0,0.08706516,969.787302954138,0.0834815511446625,1054.22198965181
11826,8990,388.7333,18888.01,12.9641,4.355398,-1.370968,0,0,0,0,0,0,0,0,0,0,0,0.08710796,969.700539239415,0.0835209224344754,1054.16917502346
11827,8990,388.8,18886.18,12.96648,4.357778,-1.368451,0,0,0,0,0,0,0,0,0,0,0,0.08715556,969.60658799803,0.0835647073755093,1054.11319315469
11828,8990,388.8667,18884.69,12.96866,4.359958,-1.367527,0,0,0,0,0,0,0,0,0,0,0,0.08719916,969.53009217854,0.0836048112275668,1054.07230181123
11829,8990,388.9333,18883.31,12.9708,4.362098,-1.363994,0,0,0,0,0,0,0,0,0,0,0,0.08724196,969.45924370143,0.083644177664866,1054.03676826206
11830,8990,389,18881.61,12.97314,4.364438,-1.369455,0,0,0,0,0,0,0,0,0,0,0,0.08728876,969.371966591946,0.0836872214347947,1053.98724353452
11831,8990,389.0667,18880.11,12.97534,4.366638,-1.364028,0,0,0,0,0,0,0,0,0,0,0,0.08733276,969.294957377695,0.0837276882466985,1053.94616125957
11832,8990,389.1333,18878.66,12.9775,4.368798,-1.373048,0,0,0,0,0,0,0,0,0,0,0,0.08737596,969.220515137253,0.0837674177052768,1053.90708809906
11833,8990,389.2,18877.04,12.97982,4.371118,-1.370487,0,0,0,0,0,0,0,0,0,0,0,0.08742236,969.137345185862,0.0838100883286449,1053.86161906614
11834,8990,389.2667,18875.53,12.982,4.373298,-1.371136,0,0,0,0,0,0,0,0,0,0,0,0.08746596,969.05982257685,0.0838501823413857,1053.81957025596
11835,8990,389.3333,18873.88,12.98414,4.375438,-1.371849,0,0,0,0,0,0,0,0,0,0,0,0.08750876,968.975112441174,0.0838895391206732,1053.76892300176
11836,8990,389.4,18872,12.98646,4.377758,-1.366325,0,0,0,0,0,0,0,0,0,0,0,0.08755516,968.87859422598,0.0839322045334736,1053.70891456401
11837,8990,389.4667,18870.41,12.98866,4.379958,-1.364392,0,0,0,0,0,0,0,0,0,0,0,0.08759916,968.796964458874,0.0839726614331072,1053.66276475602
11838,8990,389.5333,18868.62,12.99088,4.382178,-1.366613,0,0,0,0,0,0,0,0,0,0,0,0.08764356,968.705066796535,0.0840134844636574,1053.60582744062
11839,8990,389.6,18867.06,12.99316,4.384458,-1.372787,0,0,0,0,0,0,0,0,0,0,0,0.08768916,968.624977213714,0.0840554090847394,1053.5628878206
11840,8990,389.6667,18865.82,12.99532,4.386618,-1.371335,0,0,0,0,0,0,0,0,0,0,0,0.08773236,968.561316263267,0.084095125525538,1053.53548634375
11841,8990,389.7333,18863.77,12.99754,4.388838,-1.370286,0,0,0,0,0,0,0,0,0,0,0,0.08777676,968.456070337124,0.0841359435571408,1053.46400639365
11842,8990,389.8,18861.9,12.99984,4.391138,-1.372455,0,0,0,0,0,0,0,0,0,0,0,0.08782276,968.360065516692,0.0841782307516212,1053.40411914415
11843,8990,389.8667,18860.78,13.00198,4.393278,-1.37513,0,0,0,0,0,0,0,0,0,0,0,0.08786556,968.302565303385,0.0842175746223514,1053.3830124532
11844,8990,389.9333,18858.58,13.00414,4.395438,-1.372867,0,0,0,0,0,0,0,0,0,0,0,0.08790876,968.189618455817,0.0842572846231621,1053.30196725914
11845,8990,390,18856.29,13.00646,4.397758,-1.366318,0,0,0,0,0,0,0,0,0,0,0,0.08795516,968.072051055394,0.084299934349168,1053.2189831975
11846,8990,390.0667,18855.21,13.00866,4.399958,-1.362862,0,0,0,0,0,0,0,0,0,0,0,0.08799916,968.016604421134,0.0843403763746294,1053.20125247625
11847,8990,390.1333,18853.53,13.01084,4.402138,-1.366549,0,0,0,0,0,0,0,0,0,0,0,0.08804276,967.930354101173,0.0843804491320566,1053.14961396402
11848,8990,390.2,18851.65,13.01316,4.404458,-1.365719,0,0,0,0,0,0,0,0,0,0,0,0.08808916,967.833835885979,0.0844230936055654,1053.08950550875
11849,8990,390.2667,18850.74,13.01538,4.406678,-1.357679,0,0,0,0,0,0,0,0,0,0,0,0.08813356,967.787116962667,0.0844638982526247,1053.08164090272
11850,8990,390.3333,18849.05,13.01758,4.408878,-1.359773,0,0,0,0,0,0,0,0,0,0,0,0.08817756,967.700353247944,0.0845043336477314,1053.02980920849
11851,8990,390.4,18847.15,13.01982,4.411118,-1.361259,0,0,0,0,0,0,0,0,0,0,0,0.08822236,967.602808243227,0.0845455025520257,1052.96701152907
11852,8990,390.4667,18846.05,13.02198,4.413278,-1.366745,0,0,0,0,0,0,0,0,0,0,0,0.08826556,967.546334819443,0.0845851995332114,1052.94735388823
11853,8990,390.5333,18843.97,13.02416,4.415458,-1.370367,0,0,0,0,0,0,0,0,0,0,0,0.08830916,967.439548709015,0.0846252624812971,1052.87332260629
11854,8990,390.6,18841.87,13.02646,4.417758,-1.365016,0,0,0,0,0,0,0,0,0,0,0,0.08835516,967.331735809064,0.0846675289893518,1052.80048609955
11855,8990,390.6667,18840.91,13.02868,4.419978,-1.364217,0,0,0,0,0,0,0,0,0,0,0,0.08839956,967.282449911944,0.084708323663734,1052.78979287988
11856,8990,390.7333,18839.15,13.03092,4.422218,-1.367307,0,0,0,0,0,0,0,0,0,0,0,0.08844436,967.19209243389,0.0847494841710121,1052.73477804627
11857,8990,390.8,18837.54,13.03318,4.424478,-1.368484,0,0,0,0,0,0,0,0,0,0,0,0.08848956,967.109435877261,0.0847910104659457,1052.68852432989
11858,8990,390.8667,18836.6,13.03536,4.426658,-1.36544,0,0,0,0,0,0,0,0,0,0,0,0.08853316,967.061176769663,0.084831065169652,1052.6781586624
11859,8990,390.9333,18834.6,13.0376,4.428898,-1.368359,0,0,0,0,0,0,0,0,0,0,0,0.08857796,966.958497817329,0.0848722206252417,1052.60970895865
11860,8990,391,18832.55,13.03984,4.431138,-1.364146,0,0,0,0,0,0,0,0,0,0,0,0.08862276,966.853251891187,0.0849133743871294,1052.53845558876
11861,8990,391.0667,18831.3,13.04198,4.433278,-1.367391,0,0,0,0,0,0,0,0,0,0,0,0.08866556,966.789077545978,0.0849526893456604,1052.50997250848
11862,8990,391.1333,18829.14,13.0442,4.435498,-1.363482,0,0,0,0,0,0,0,0,0,0,0,0.08870996,966.678184277457,0.0849934723889145,1052.43216733758
11863,8990,391.2,18826.65,13.04646,4.437758,-1.363068,0,0,0,0,0,0,0,0,0,0,0,0.08875516,966.550348981801,0.0850349885533677,1052.33667985374
11864,8990,391.2667,18825.38,13.04868,4.439978,-1.373918,0,0,0,0,0,0,0,0,0,0,0,0.08879956,966.485147847068,0.085075768240416,1052.30860372242
11865,8990,391.3333,18823.85,13.05098,4.442278,-1.37884,0,0,0,0,0,0,0,0,0,0,0,0.08884556,966.406598448533,0.085118015711856,1052.26753387539
11866,8990,391.4,18822.18,13.05314,4.444438,-1.370864,0,0,0,0,0,0,0,0,0,0,0,0.08888876,966.320861523334,0.0851576899729528,1052.21592466627
11867,8990,391.4667,18820.78,13.05536,4.446658,-1.363032,0,0,0,0,0,0,0,0,0,0,0,0.08893316,966.2489862567,0.0851984646566848,1052.1805619513
11868,8990,391.5333,18819.06,13.05766,4.448958,-1.359844,0,0,0,0,0,0,0,0,0,0,0,0.08897916,966.160682357692,0.085240706944939,1052.12884829891
11869,8990,391.6,18817.3,13.05978,4.451078,-1.359021,0,0,0,0,0,0,0,0,0,0,0,0.08902156,966.070324879638,0.0852796417346439,1052.07141227013
11870,8990,391.6667,18815.6,13.06196,4.453258,-1.356295,0,0,0,0,0,0,0,0,0,0,0,0.08906516,965.983047770154,0.0853196768715424,1052.01848247709
11871,8990,391.7333,18813.45,13.06432,4.455618,-1.357436,0,0,0,0,0,0,0,0,0,0,0,0.08911236,965.872667896395,0.0853630158552331,1051.94386079214
11872,8990,391.8,18811.72,13.06646,4.457758,-1.37599,0,0,0,0,0,0,0,0,0,0,0,0.08915516,965.783850602626,0.0854023131404494,1051.88846432852
11873,8990,391.8667,18810.47,13.06868,4.459978,-1.376998,0,0,0,0,0,0,0,0,0,0,0,0.08919956,965.719676257417,0.0854430778511721,1051.86144646292
11874,8990,391.9333,18808.6,13.07104,4.462338,-1.370691,0,0,0,0,0,0,0,0,0,0,0,0.08924676,965.623671436984,0.0854864114872357,1051.80245549204
11875,8990,392,18807.09,13.07316,4.464458,-1.363383,0,0,0,0,0,0,0,0,0,0,0,0.08928916,965.546148827972,0.0855253367118475,1051.75895339806
11876,8990,392.0667,18805.45,13.07536,4.466658,-1.368435,0,0,0,0,0,0,0,0,0,0,0,0.08933316,965.461952087058,0.0855657292109071,1051.70971912676
11877,8990,392.1333,18803.34,13.07768,4.468978,-1.365376,0,0,0,0,0,0,0,0,0,0,0,0.08937956,965.353625792345,0.0856083231697903,1051.63650811007
11878,8990,392.2,18801.44,13.07978,4.471078,-1.368822,0,0,0,0,0,0,0,0,0,0,0,0.08942156,965.256080787627,0.0856468764820863,1051.57078533114
11879,8990,392.2667,18799.48,13.08197,4.473268,-1.365706,0,0,0,0,0,0,0,0,0,0,0,0.08946536,965.15545541434,0.0856870804959834,1051.50343568895
11880,8990,392.3333,18797.31,13.08432,4.475618,-1.373326,0,0,0,0,0,0,0,0,0,0,0,0.08951236,965.044048751057,0.0857302199916983,1051.42741905872
11881,8990,392.4,18795.67,13.08644,4.477738,-1.366878,0,0,0,0,0,0,0,0,0,0,0,0.08955476,964.959852010143,0.0857691357273505,1051.37659996655
11882,8990,392.4667,18793.95,13.08866,4.479958,-1.363356,0,0,0,0,0,0,0,0,0,0,0,0.08959916,964.871548111136,0.0858098854877035,1051.32322832979
11883,8990,392.5333,18792.1,13.09104,4.482338,-1.35642,0,0,0,0,0,0,0,0,0,0,0,0.08964676,964.776570080226,0.0858535703234265,1051.26566371183
11884,8990,392.6,18790.99,13.09312,4.484418,-1.356114,0,0,0,0,0,0,0,0,0,0,0,0.08968836,964.719583261681,0.0858917471046139,1051.2437005443
11885,8990,392.6667,18789.13,13.09536,4.486658,-1.357239,0,0,0,0,0,0,0,0,0,0,0,0.08973316,964.62409183601,0.0859328589313947,1051.18285980859
11886,8990,392.7333,18787.27,13.09774,4.489038,-1.35484,0,0,0,0,0,0,0,0,0,0,0,0.08978076,964.528600410339,0.0859765383954906,1051.12471119692
11887,8990,392.8,18786.47,13.09982,4.491118,-1.370031,0,0,0,0,0,0,0,0,0,0,0,0.08982236,964.487528829406,0.086014710482531,1051.12007485943
11888,8990,392.8667,18784.56,13.10195,4.493248,-1.367961,0,0,0,0,0,0,0,0,0,0,0,0.08986496,964.389470429926,0.086053798657807,1051.05429161453
11889,8990,392.9333,18782.06,13.10436,4.495658,-1.362316,0,0,0,0,0,0,0,0,0,0,0,0.08991316,964.261121739509,0.0860980233424806,1050.96088626025
11890,8990,393,18780.89,13.10651,4.497808,-1.365872,0,0,0,0,0,0,0,0,0,0,0,0.08995616,964.201054552393,0.0861374752487129,1050.93687888788
11891,8990,393.0667,18779.36,13.10863,4.499928,-1.362172,0,0,0,0,0,0,0,0,0,0,0,0.08999856,964.122505153857,0.0861763751392622,1050.8921422813
11892,8990,393.1333,18776.99,13.11106,4.502358,-1.36452,0,0,0,0,0,0,0,0,0,0,0,0.09004716,964.000830595341,0.0862209613601494,1050.80636762809
11893,8990,393.2,18775.81,13.11324,4.504538,-1.359009,0,0,0,0,0,0,0,0,0,0,0,0.09009076,963.940250013464,0.0862609588296727,1050.78235973177
11894,8990,393.2667,18774.37,13.11537,4.506668,-1.356521,0,0,0,0,0,0,0,0,0,0,0,0.09013336,963.866321167783,0.0863000373809231,1050.74283128547
11895,8990,393.3333,18772.21,13.11772,4.509018,-1.359035,0,0,0,0,0,0,0,0,0,0,0,0.09018036,963.755427899262,0.0863431504426592,1050.66723933917
11896,8990,393.4,18771.01,13.11987,4.511168,-1.357635,0,0,0,0,0,0,0,0,0,0,0,0.09022336,963.693820527862,0.086382592679536,1050.64151502712
11897,8990,393.4667,18769.02,13.12195,4.513248,-1.357784,0,0,0,0,0,0,0,0,0,0,0,0.09026496,963.591654970289,0.0864207492700791,1050.57021716252
11898,8990,393.5333,18766.33,13.12433,4.515628,-1.358749,0,0,0,0,0,0,0,0,0,0,0,0.09031256,963.4535517794,0.0864644074290494,1050.46550848169
11899,8990,393.6,18765.06,13.12653,4.517828,-1.367587,0,0,0,0,0,0,0,0,0,0,0,0.09035656,963.388350644668,0.0865047620152655,1050.43680795299
11900,8990,393.6667,18763.49,13.12867,4.519968,-1.368127,0,0,0,0,0,0,0,0,0,0,0,0.09039936,963.307747667085,0.0865440144594412,1050.39015153923
11901,8990,393.7333,18761.42,13.13108,4.522378,-1.362669,0,0,0,0,0,0,0,0,0,0,0,0.09044756,963.201474951419,0.0865882174702679,1050.32069814918
11902,8990,393.8,18760.63,13.13326,4.524558,-1.357151,0,0,0,0,0,0,0,0,0,0,0,0.09049116,963.160916765247,0.0866282002534666,1050.31846539
11903,8990,393.8667,18759.1,13.13539,4.526688,-1.357707,0,0,0,0,0,0,0,0,0,0,0,0.09053376,963.082367366711,0.0866672644563694,1050.27383527412
11904,8990,393.9333,18756.69,13.13772,4.529018,-1.350484,0,0,0,0,0,0,0,0,0,0,0,0.09058036,962.958639229149,0.0867099949119468,1050.18377943563
11905,8990,394,18755.44,13.13989,4.531188,-1.357663,0,0,0,0,0,0,0,0,0,0,0,0.09062376,962.89446488394,0.0867497894452578,1050.15558177491
11906,8990,394.0667,18753.64,13.14197,4.533268,-1.363793,0,0,0,0,0,0,0,0,0,0,0,0.09066536,962.802053826839,0.0867879320276635,1050.09484864579
11907,8990,394.1333,18750.99,13.14433,4.535628,-1.380084,0,0,0,0,0,0,0,0,0,0,0,0.09071256,962.666004214996,0.0868312074267355,1049.99190188231
11908,8990,394.2,18749.6,13.14661,4.537908,-1.384493,0,0,0,0,0,0,0,0,0,0,0,0.09075816,962.594642343124,0.0868730140845912,1049.95796090804
11909,8990,394.2667,18748.29,13.14879,4.540088,-1.381577,0,0,0,0,0,0,0,0,0,0,0,0.09080176,962.527387629345,0.0869129854826775,1049.92656847429
11910,8990,394.3333,18746.27,13.15103,4.542328,-1.388535,0,0,0,0,0,0,0,0,0,0,0,0.09084656,962.423681887487,0.0869540553467757,1049.8565626495
11911,8990,394.4,18744.77,13.15329,4.544588,-1.374858,0,0,0,0,0,0,0,0,0,0,0,0.09089176,962.346672673237,0.0869954901967688,1049.81605548265
11912,8990,394.4667,18743.04,13.15549,4.546788,-1.366735,0,0,0,0,0,0,0,0,0,0,0,0.09093576,962.257855379467,0.0870358233574816,1049.76150477437
11913,8990,394.5333,18740.86,13.15763,4.548928,-1.361205,0,0,0,0,0,0,0,0,0,0,0,0.09097856,962.145935321423,0.0870750549621446,1049.68058702682
11914,8990,394.6,18738.88,13.15985,4.551148,-1.352688,0,0,0,0,0,0,0,0,0,0,0,0.09102296,962.044283158612,0.0871157515424167,1049.61240146279
11915,8990,394.6667,18736.79,13.16211,4.553408,-1.348734,0,0,0,0,0,0,0,0,0,0,0,0.09106816,961.936983653423,0.0871571796932324,1049.53881479069
11916,8990,394.7333,18734.76,13.16431,4.555608,-1.352363,0,0,0,0,0,0,0,0,0,0,0,0.09111216,961.832764516803,0.0871975063331554,1049.4674252507
11917,8990,394.8,18733.46,13.16657,4.557868,-1.354458,0,0,0,0,0,0,0,0,0,0,0,0.09115736,961.766023197786,0.0872389310972299,1049.4380748102
11918,8990,394.8667,18731.71,13.16887,4.560168,-1.351152,0,0,0,0,0,0,0,0,0,0,0,0.09120336,961.676179114494,0.0872810872812055,1049.3842778817
11919,8990,394.9333,18729.96,13.17101,4.562308,-1.358633,0,0,0,0,0,0,0,0,0,0,0,0.09124616,961.586335031201,0.08732030926514,1049.32739561127
11920,8990,395,18728.2,13.17325,4.564548,-1.367795,0,0,0,0,0,0,0,0,0,0,0,0.09129096,961.495977553147,0.0873613624042557,1049.27186838011
11921,8990,395.0667,18726.12,13.17555,4.566848,-1.356989,0,0,0,0,0,0,0,0,0,0,0,0.09133696,961.389191442719,0.0874035134274193,1049.19955756596
11922,8990,395.1333,18724.08,13.17763,4.568928,-1.358072,0,0,0,0,0,0,0,0,0,0,0,0.09137856,961.284458911339,0.0874416310837275,1049.12524851704
11923,8990,395.2,18722.2,13.17987,4.571168,-1.368368,0,0,0,0,0,0,0,0,0,0,0,0.09142336,961.187940696144,0.0874826792426062,1049.06297182607
11924,8990,395.2667,18719.91,13.18219,4.573488,-1.37029,0,0,0,0,0,0,0,0,0,0,0,0.09146976,961.070373295722,0.0875251916309425,1048.97924968419
11925,8990,395.3333,18718.05,13.18429,4.575588,-1.364288,0,0,0,0,0,0,0,0,0,0,0,0.09151176,960.974881870051,0.0875636711138151,1048.91538462577
11926,8990,395.4,18716.14,13.18655,4.577848,-1.358532,0,0,0,0,0,0,0,0,0,0,0,0.09155696,960.876823470572,0.0876050807126906,1048.85178436199
11927,8990,395.4667,18713.97,13.18891,4.580208,-1.354536,0,0,0,0,0,0,0,0,0,0,0,0.09160416,960.765416807289,0.0876483207645356,1048.77552577097
11928,8990,395.5333,18712.62,13.19099,4.582288,-1.357435,0,0,0,0,0,0,0,0,0,0,0,0.09164576,960.696108514463,0.0876864290906819,1048.73983350831
11929,8990,395.6,18710.82,13.19321,4.584508,-1.358188,0,0,0,0,0,0,0,0,0,0,0,0.09169016,960.603697457363,0.0877271007982275,1048.68160417382
11930,8990,395.6667,18708.41,13.19561,4.586908,-1.361935,0,0,0,0,0,0,0,0,0,0,0,0.09173816,960.4799693198,0.08777106835106,1048.59263442205
11931,8990,395.7333,18707.03,13.19767,4.588968,-1.358105,0,0,0,0,0,0,0,0,0,0,0,0.09177936,960.409120842689,0.0878088056255518,1048.55485529179
11932,8990,395.8,18705.19,13.19979,4.591088,-1.365087,0,0,0,0,0,0,0,0,0,0,0,0.09182176,960.314656206542,0.0878476405570939,1048.49243809322
11933,8990,395.8667,18702.46,13.20221,4.593508,-1.368663,0,0,0,0,0,0,0,0,0,0,0,0.09187016,960.174499436605,0.0878919691545162,1048.38588432777
11934,8990,395.9333,18700.73,13.20435,4.595648,-1.361791,0,0,0,0,0,0,0,0,0,0,0,0.09191296,960.085682142836,0.0879311671862378,1048.3299990422
11935,8990,396,18699.21,13.20647,4.597768,-1.364328,0,0,0,0,0,0,0,0,0,0,0,0.09195536,960.007646139062,0.0879699973662602,1048.28549484253
11936,8990,396.0667,18696.68,13.20893,4.600228,-1.371401,0,0,0,0,0,0,0,0,0,0,0,0.09200456,959.87775726436,0.0880150531381703,1048.19088797525
11937,8990,396.1333,18695.06,13.21109,4.602388,-1.37595,0,0,0,0,0,0,0,0,0,0,0,0.09204776,959.794587312969,0.0880546126300471,1048.14152913525
11938,8990,396.2,18693.63,13.21323,4.604528,-1.369565,0,0,0,0,0,0,0,0,0,0,0,0.09209056,959.72117186205,0.0880938042871079,1048.10243202268
11939,8990,396.2667,18691.3,13.21561,4.606908,-1.364741,0,0,0,0,0,0,0,0,0,0,0,0.09213816,959.60155088258,0.0881373894662347,1048.01747211405
11940,8990,396.3333,18689.56,13.21773,4.609028,-1.363014,0,0,0,0,0,0,0,0,0,0,0,0.09218056,959.51222019405,0.0881762116395899,1047.96059397838
11941,8990,396.4,18687.54,13.21979,4.611088,-1.363707,0,0,0,0,0,0,0,0,0,0,0,0.09222176,959.408514452192,0.088213933628463,1047.88685621396
11942,8990,396.4667,18684.72,13.22221,4.613508,-1.364946,0,0,0,0,0,0,0,0,0,0,0,0.09227016,959.263737129401,0.0882582459919603,1047.77515563653
11943,8990,396.5333,18682.79,13.22437,4.615668,-1.364258,0,0,0,0,0,0,0,0,0,0,0,0.09231336,959.164651940398,0.0882977958646112,1047.70836375425
11944,8990,396.6,18680.95,13.22649,4.617788,-1.365662,0,0,0,0,0,0,0,0,0,0,0,0.09235576,959.070187304251,0.0883366118112617,1047.64584334608
11945,8990,396.6667,18678.45,13.22893,4.620228,-1.37755,0,0,0,0,0,0,0,0,0,0,0,0.09240456,958.941838613833,0.0883812849038306,1047.55243727654
11946,8990,396.7333,18676.99,13.23109,4.622388,-1.377394,0,0,0,0,0,0,0,0,0,0,0,0.09244776,958.866882978629,0.0884208299107037,1047.51197844819
11947,8990,396.8,18675.23,13.23319,4.624488,-1.379149,0,0,0,0,0,0,0,0,0,0,0,0.09248976,958.776525500575,0.0884592749459698,1047.45353623776
11948,8990,396.8667,18672.68,13.23555,4.626848,-1.374839,0,0,0,0,0,0,0,0,0,0,0,0.09253696,958.645609836348,0.0885024780789796,1047.35576028795
11949,8990,396.9333,18670.89,13.23773,4.629028,-1.370775,0,0,0,0,0,0,0,0,0,0,0,0.09258056,958.553712174009,0.0885423843994469,1047.29715163716
11950,8990,397,18668.96,13.23979,4.631088,-1.361959,0,0,0,0,0,0,0,0,0,0,0,0.09262176,958.454626985007,0.0885800925783445,1047.2283814165
11951,8990,397.0667,18666.15,13.24217,4.633468,-1.351111,0,0,0,0,0,0,0,0,0,0,0,0.09266936,958.310363056977,0.088623656568123,1047.11637108283
11952,8990,397.1333,18664.29,13.24445,4.635748,-1.357806,0,0,0,0,0,0,0,0,0,0,0,0.09271496,958.214871631306,0.0886653883583525,1047.05572512601
11953,8990,397.2,18662.79,13.24661,4.637908,-1.362546,0,0,0,0,0,0,0,0,0,0,0,0.09275816,958.137862417056,0.0887049221321706,1047.01296756119
11954,8990,397.2667,18660.64,13.24887,4.640168,-1.364488,0,0,0,0,0,0,0,0,0,0,0,0.09280336,958.027482543296,0.0887462845002328,1046.93565189566
11955,8990,397.3333,18658.69,13.25113,4.642428,-1.378272,0,0,0,0,0,0,0,0,0,0,0,0.09284856,957.92737056477,0.0887876451575203,1046.8695475063
11956,8990,397.4,18656.51,13.25329,4.644588,-1.377127,0,0,0,0,0,0,0,0,0,0,0,0.09289176,957.815450506726,0.0888271740984566,1046.78861345949
11957,8990,397.4667,18654.07,13.25551,4.646808,-1.375018,0,0,0,0,0,0,0,0,0,0,0,0.09293616,957.690182184878,0.0888677994373498,1046.69423018684
11958,8990,397.5333,18651.91,13.25775,4.649048,-1.371138,0,0,0,0,0,0,0,0,0,0,0,0.09298096,957.579288916357,0.0889087890975673,1046.61593047592
11959,8990,397.6,18649.32,13.25991,4.651208,-1.363174,0,0,0,0,0,0,0,0,0,0,0,0.09302416,957.446319673084,0.0889483132501965,1046.51195930576
11960,8990,397.6667,18646.66,13.26215,4.653448,-1.362315,0,0,0,0,0,0,0,0,0,0,0,0.09306896,957.30975666648,0.0889892996103809,1046.40558011728
11961,8990,397.7333,18644.73,13.26443,4.655728,-1.373603,0,0,0,0,0,0,0,0,0,0,0,0.09311456,957.210671477477,0.0890310161447792,1046.34092197941
11962,8990,397.8,18642.48,13.26665,4.657948,-1.368609,0,0,0,0,0,0,0,0,0,0,0,0.09315896,957.095157656101,0.0890716332035323,1046.25714716438
11963,8990,397.8667,18640.21,13.26885,4.660148,-1.365384,0,0,0,0,0,0,0,0,0,0,0,0.09320296,956.978617045202,0.0891118827153842,1046.17185681052
11964,8990,397.9333,18638.31,13.27111,4.662408,-1.371076,0,0,0,0,0,0,0,0,0,0,0,0.09324816,956.881072040484,0.0891532282543656,1046.10847134709
11965,8990,398,18635.91,13.27333,4.664628,-1.366,0,0,0,0,0,0,0,0,0,0,0,0.09329256,956.757857297683,0.0891938403496265,1046.0162471051
11966,8990,398.0667,18633.58,13.27547,4.666768,-1.359045,0,0,0,0,0,0,0,0,0,0,0,0.09333536,956.638236318214,0.0892329873847612,1045.92641049474
11967,8990,398.1333,18631.48,13.27773,4.669028,-1.359003,0,0,0,0,0,0,0,0,0,0,0,0.09338056,956.530423418263,0.0892743279170114,1045.8517700141
11968,8990,398.2,18628.81,13.27999,4.671288,-1.360513,0,0,0,0,0,0,0,0,0,0,0,0.09342576,956.393347016897,0.0893156667402927,1045.74512232089
11969,8990,398.2667,18626.6,13.28213,4.673428,-1.349998,0,0,0,0,0,0,0,0,0,0,0,0.09346856,956.279886774567,0.0893548090066694,1045.66199074835
11970,8990,398.3333,18624.62,13.28439,4.675688,-1.348689,0,0,0,0,0,0,0,0,0,0,0,0.09351376,956.178234611756,0.0893961445031597,1045.59405656046
11971,8990,398.4,18621.92,13.28675,4.678048,-1.356372,0,0,0,0,0,0,0,0,0,0,0,0.09356096,956.039618026105,0.0894393071802971,1045.48760248666
11972,8990,398.4667,18620.07,13.28883,4.680128,-1.364698,0,0,0,0,0,0,0,0,0,0,0,0.09360256,955.944639995196,0.089477347317328,1045.42350551702
11973,8990,398.5333,18617.95,13.29107,4.682368,-1.361313,0,0,0,0,0,0,0,0,0,0,0,0.09364736,955.835800305722,0.0895183120005101,1045.34729959784
11974,8990,398.6,18614.96,13.29345,4.684748,-1.35573,0,0,0,0,0,0,0,0,0,0,0,0.09369496,955.682295271982,0.0895618351377642,1045.2249097002
11975,8990,398.6667,18613.07,13.29551,4.686808,-1.349507,0,0,0,0,0,0,0,0,0,0,0,0.09373616,955.585263662026,0.0895995048953425,1045.15815683029
11976,8990,398.7333,18611.03,13.29767,4.688968,-1.345415,0,0,0,0,0,0,0,0,0,0,0,0.09377936,955.480531130645,0.0896390017579803,1045.08488383254
11977,8990,398.8,18607.85,13.30005,4.691348,-1.348738,0,0,0,0,0,0,0,0,0,0,0,0.09382696,955.317271596434,0.0896825196428686,1044.95178702582
11978,8990,398.8667,18605.51,13.30217,4.693468,-1.358331,0,0,0,0,0,0,0,0,0,0,0,0.09386936,955.197137222203,0.0897212818783926,1044.86088116708
11979,8990,398.9333,18603.73,13.30432,4.695618,-1.354252,0,0,0,0,0,0,0,0,0,0,0,0.09391236,955.105752954625,0.0897605911016231,1044.80198826417
11980,8990,399,18600.82,13.30675,4.698048,-1.357625,0,0,0,0,0,0,0,0,0,0,0,0.09396096,954.956355078979,0.089805017805458,1044.6849709603
11981,8990,399.0667,18598.69,13.30891,4.700208,-1.353405,0,0,0,0,0,0,0,0,0,0,0,0.09400416,954.847001994743,0.0898445065519747,1044.60659234578
11982,8990,399.1333,18597.07,13.31104,4.702338,-1.343117,0,0,0,0,0,0,0,0,0,0,0,0.09404676,954.763832043352,0.0898834453167136,1044.55627701221
11983,8990,399.2,18594.25,13.31345,4.704748,-1.347574,0,0,0,0,0,0,0,0,0,0,0,0.09409496,954.619054720561,0.0899275009640855,1044.44389648973
11984,8990,399.2667,18591.94,13.31557,4.706868,-1.349677,0,0,0,0,0,0,0,0,0,0,0,0.09413736,954.500460530615,0.0899662537049326,1044.35461400375
11985,8990,399.3333,18589.8,13.31764,4.708938,-1.356745,0,0,0,0,0,0,0,0,0,0,0,0.09417876,954.390594051617,0.0900040910170344,1044.27391675506
11986,8990,399.4,18586.46,13.32005,4.711348,-1.35807,0,0,0,0,0,0,0,0,0,0,0,0.09422696,954.219120201219,0.0900481413497195,1044.13228707165
11987,8990,399.4667,18583.87,13.32222,4.713518,-1.358731,0,0,0,0,0,0,0,0,0,0,0,0.09427036,954.086150957946,0.0900878032671538,1044.02819587977
11988,8990,399.5333,18581.97,13.32432,4.715618,-1.344732,0,0,0,0,0,0,0,0,0,0,0,0.09431236,953.988605953229,0.0901261842701851,1043.96152279379
11989,8990,399.6,18578.97,13.32679,4.718088,-1.346771,0,0,0,0,0,0,0,0,0,0,0,0.09436176,953.834587524727,0.0901713257552119,1043.84009795243
11990,8990,399.6667,18576.57,13.32897,4.720268,-1.352996,0,0,0,0,0,0,0,0,0,0,0,0.09440536,953.711372781926,0.0902111655349743,1043.7468382655
11991,8990,399.7333,18574.77,13.33104,4.722338,-1.354874,0,0,0,0,0,0,0,0,0,0,0,0.09444676,953.618961724825,0.0902489935815806,1043.6851829343
11992,8990,399.8,18571.72,13.33343,4.724728,-1.352795,0,0,0,0,0,0,0,0,0,0,0,0.09449456,953.462376322516,0.0902926676623527,1043.55938404967
11993,8990,399.8667,18569.04,13.33561,4.726908,-1.346715,0,0,0,0,0,0,0,0,0,0,0,0.09453816,953.324786526388,0.0903325026082696,1043.45035772699
11994,8990,399.9333,18566.82,13.33764,4.728938,-1.35493,0,0,0,0,0,0,0,0,0,0,0,0.09457876,953.210812889297,0.0903695951907935,1043.36430959096
11995,8990,400,18563.61,13.34002,4.731318,-1.357993,0,0,0,0,0,0,0,0,0,0,0,0.09462636,953.0460131708,0.0904130812941033,1043.22928830966
11996,8990,400.0667,18560.97,13.34229,4.733588,-1.36192,0,0,0,0,0,0,0,0,0,0,0,0.09467176,952.910476953719,0.0904545557736105,1043.12418892937
11997,8990,400.1333,18559.21,13.3444,4.735698,-1.361509,0,0,0,0,0,0,0,0,0,0,0,0.09471396,952.820119475665,0.0904931053993067,1043.06548615888
11998,8990,400.2,18556.65,13.34673,4.738028,-1.362966,0,0,0,0,0,0,0,0,0,0,0,0.09476056,952.688690416677,0.0905356726907563,1042.96600422623
11999,8990,400.2667,18553.93,13.34899,4.740288,-1.364638,0,0,0,0,0,0,0,0,0,0,0,0.09480576,952.549047041502,0.0905769594054755,1042.85618338355
12000,8990,400.3333,18551.44,13.35112,4.742418,-1.365501,0,0,0,0,0,0,0,0,0,0,0,0.09484836,952.421211745846,0.0906158696604023,1042.75680170915
12001,8990,400.4,18548.65,13.35338,4.744678,-1.360329,0,0,0,0,0,0,0,0,0,0,0,0.09489356,952.27797460734,0.0906571530642533,1042.64302172742
12002,8990,400.4667,18545.86,13.3556,4.746898,-1.360233,0,0,0,0,0,0,0,0,0,0,0,0.09493796,952.134737468834,0.0906977041291188,1042.52846708926
12003,8990,400.5333,18542.87,13.35774,4.749038,-1.356957,0,0,0,0,0,0,0,0,0,0,0,0.09498076,951.981232435094,0.0907367923378404,1042.40113339752
12004,8990,400.6,18539.81,13.36004,4.751338,-1.361046,0,0,0,0,0,0,0,0,0,0,0,0.09502676,951.824133638023,0.0907788013260169,1042.27289714745
12005,8990,400.6667,18537.3,13.36228,4.753578,-1.361515,0,0,0,0,0,0,0,0,0,0,0,0.09507156,951.695271552843,0.090819712731315,1042.174425664
12006,8990,400.7333,18534.47,13.3645,4.755798,-1.356143,0,0,0,0,0,0,0,0,0,0,0,0.09511596,951.54998083529,0.0908602572048823,1042.05757075042
12007,8990,400.8,18531.81,13.36672,4.758018,-1.34977,0,0,0,0,0,0,0,0,0,0,0,0.09516036,951.413417828686,0.090900800034662,1041.95026117809
12008,8990,400.8667,18529.21,13.36898,4.760278,-1.354241,0,0,0,0,0,0,0,0,0,0,0,0.09520556,951.279935190651,0.0909420716775356,1041.84707413724
12009,8990,400.9333,18526.2,13.37116,4.762458,-1.358377,0,0,0,0,0,0,0,0,0,0,0,0.09524916,951.125403367388,0.0909818807633914,1041.71929909279
12010,8990,401,18523.43,13.37334,4.764638,-1.356681,0,0,0,0,0,0,0,0,0,0,0,0.09529276,950.983193018405,0.0910216882645468,1041.60500619474
12011,8990,401.0667,18520.79,13.37558,4.766878,-1.352198,0,0,0,0,0,0,0,0,0,0,0,0.09533756,950.847656801324,0.0910625897344089,1041.49915233248
12012,8990,401.1333,18517.51,13.37782,4.769118,-1.352943,0,0,0,0,0,0,0,0,0,0,0,0.09538236,950.679263319496,0.0911034895314091,1041.35729505797
12013,8990,401.2,18514.88,13.38002,4.771318,-1.351274,0,0,0,0,0,0,0,0,0,0,0,0.09542636,950.544240497176,0.0911436573467043,1041.25121738679
12014,8990,401.2667,18512.56,13.38224,4.773538,-1.347487,0,0,0,0,0,0,0,0,0,0,0,0.09547076,950.425132912468,0.091184188688501,1041.16294267472
12015,8990,401.3333,18509.32,13.38456,4.775858,-1.350106,0,0,0,0,0,0,0,0,0,0,0,0.09551716,950.258793009687,0.0912265440110323,1041.024814183
12016,8990,401.4,18506.66,13.38674,4.778038,-1.349318,0,0,0,0,0,0,0,0,0,0,0,0.09556076,950.122230003082,0.0912663417741403,1040.91663239507
12017,8990,401.4667,18504.48,13.38894,4.780238,-1.356702,0,0,0,0,0,0,0,0,0,0,0,0.09560476,950.010309945038,0.0913065030486807,1040.83581762486
12018,8990,401.5333,18501.08,13.39126,4.782558,-1.357529,0,0,0,0,0,0,0,0,0,0,0,0.09565116,949.83575572607,0.0913488531909744,1040.68864757075
12019,8990,401.6,18498.22,13.3934,4.784698,-1.349021,0,0,0,0,0,0,0,0,0,0,0,0.09569396,949.688924824232,0.0913879159562273,1040.5684188088
12020,8990,401.6667,18495.81,13.39554,4.786838,-1.351104,0,0,0,0,0,0,0,0,0,0,0,0.09573676,949.565196686669,0.0914269771956404,1040.47349202621
12021,8990,401.7333,18491.98,13.39784,4.789138,-1.356863,0,0,0,0,0,0,0,0,0,0,0,0.09578276,949.368566492949,0.0914689572004608,1040.30170804889
12022,8990,401.8,18488.71,13.40006,4.791358,-1.352895,0,0,0,0,0,0,0,0,0,0,0,0.09582716,949.200686405882,0.0915094753598292,1040.15989245421
12023,8990,401.8667,18486.55,13.40222,4.793518,-1.347704,0,0,0,0,0,0,0,0,0,0,0,0.09587036,949.089793137361,0.0915488968581074,1040.07937327777
12024,8990,401.9333,18483.23,13.40454,4.795838,-1.351738,0,0,0,0,0,0,0,0,0,0,0,0.09591676,948.919346076487,0.0915912367364501,1039.93661525346
12025,8990,402,18480.21,13.40676,4.798058,-1.354925,0,0,0,0,0,0,0,0,0,0,0,0.09596116,948.764300858462,0.0916317499416803,1039.80882373543
12026,8990,402.0667,18478.12,13.40892,4.800218,-1.344379,0,0,0,0,0,0,0,0,0,0,0,0.09600436,948.657001353273,0.091671166620101,1039.73220962771
12027,8990,402.1333,18475.04,13.41126,4.802558,-1.341154,0,0,0,0,0,0,0,0,0,0,0,0.09605116,948.498875766678,0.0917138662685178,1039.60329304276
12028,8990,402.2,18471.99,13.41342,4.804718,-1.353331,0,0,0,0,0,0,0,0,0,0,0,0.09609436,948.342290364368,0.0917532797103823,1039.47263581787
12029,8990,402.2667,18469.62,13.41554,4.806838,-1.350934,0,0,0,0,0,0,0,0,0,0,0,0.09613676,948.220615805852,0.0917919617632175,1039.37947357463
12030,8990,402.3333,18466.08,13.41786,4.809158,-1.352355,0,0,0,0,0,0,0,0,0,0,0,0.09618316,948.038874060221,0.0918342913516901,1039.22424877017
12031,8990,402.4,18462.73,13.42006,4.811358,-1.346024,0,0,0,0,0,0,0,0,0,0,0,0.09622716,947.866886815061,0.0918744298235851,1039.07742539132
12032,8990,402.4667,18460.43,13.42224,4.813538,-1.34075,0,0,0,0,0,0,0,0,0,0,0,0.09627076,947.748806019876,0.0919142018111505,1038.9893038645
12033,8990,402.5333,18457.28,13.42462,4.815918,-1.34709,0,0,0,0,0,0,0,0,0,0,0,0.09631836,947.58708666995,0.0919576207988426,1038.85712081518
12034,8990,402.6,18454.26,13.4268,4.818098,-1.351454,0,0,0,0,0,0,0,0,0,0,0,0.09636196,947.432041451925,0.0919973894779411,1038.72844993303
12035,8990,402.6667,18451.84,13.42894,4.820238,-1.35203,0,0,0,0,0,0,0,0,0,0,0,0.09640476,947.307799919601,0.0920364269182807,1038.63278101698
12036,8990,402.7333,18448.29,13.43126,4.822558,-1.355703,0,0,0,0,0,0,0,0,0,0,0,0.09645116,947.125544779207,0.0920787461601276,1038.47690223879
12037,8990,402.8,18444.94,13.43342,4.824718,-1.357783,0,0,0,0,0,0,0,0,0,0,0,0.09649436,946.953557534047,0.0921181452237263,1038.32923501802
12038,8990,402.8667,18442.01,13.43552,4.826818,-1.349448,0,0,0,0,0,0,0,0,0,0,0,0.09653636,946.803132868878,0.0921564483807429,1038.20406095264
12039,8990,402.9333,18438.3,13.43786,4.829158,-1.342815,0,0,0,0,0,0,0,0,0,0,0,0.09658316,946.612663412298,0.0921991273132683,1038.03950574067
12040,8990,403,18434.8,13.44008,4.831378,-1.331772,0,0,0,0,0,0,0,0,0,0,0,0.09662756,946.432975245713,0.092239615898885,1037.88448434725
12041,8990,403.0667,18432.13,13.44224,4.833538,-1.343108,0,0,0,0,0,0,0,0,0,0,0,0.09667076,946.295898844347,0.0922790086250014,1037.77504257051
12042,8990,403.1333,18429.11,13.4446,4.835898,-1.355622,0,0,0,0,0,0,0,0,0,0,0,0.09671796,946.140853626322,0.0923220470518675,1037.64966686172
12043,8990,403.2,18426.09,13.4468,4.838098,-1.347075,0,0,0,0,0,0,0,0,0,0,0,0.09676196,945.985808408297,0.0923621659511605,1037.52124936207
12044,8990,403.2667,18423.21,13.44894,4.840238,-1.344549,0,0,0,0,0,0,0,0,0,0,0,0.09680476,945.837950716936,0.0924011891544349,1037.39956653498
12045,8990,403.3333,18419.96,13.45126,4.842558,-1.347926,0,0,0,0,0,0,0,0,0,0,0,0.09685116,945.671097419393,0.092443492962962,1037.26044018293
12046,8990,403.4,18416.96,13.4534,4.844698,-1.34565,0,0,0,0,0,0,0,0,0,0,0,0.09689396,945.517078990891,0.0924825129927871,1037.13197302195
12047,8990,403.4667,18413.66,13.45556,4.846858,-1.344976,0,0,0,0,0,0,0,0,0,0,0,0.09693716,945.34765871954,0.092521896151875,1036.98697596846
12048,8990,403.5333,18410.24,13.45792,4.849218,-1.343194,0,0,0,0,0,0,0,0,0,0,0,0.09698436,945.172077711048,0.0925649241267383,1036.83898675772
12049,8990,403.6,18407.38,13.46012,4.851418,-1.346622,0,0,0,0,0,0,0,0,0,0,0,0.09702836,945.02524680921,0.092605033283449,1036.7194966657
12050,8990,403.6667,18404.29,13.4623,4.853598,-1.351089,0,0,0,0,0,0,0,0,0,0,0,0.09707196,944.866607827854,0.0926447762246522,1036.58666138825
12051,8990,403.7333,18400.85,13.46462,4.855918,-1.359752,0,0,0,0,0,0,0,0,0,0,0,0.09711836,944.690000029839,0.0926870697299913,1036.43674354114
12052,8990,403.8,18397.74,13.46682,4.858118,-1.360351,0,0,0,0,0,0,0,0,0,0,0,0.09716236,944.530334258959,0.0927271739879422,1036.30313062715
12053,8990,403.8667,18394.2,13.46896,4.860258,-1.352151,0,0,0,0,0,0,0,0,0,0,0,0.09720516,944.348592513328,0.0927661829503109,1036.14414854436
12054,8990,403.9333,18390.64,13.47124,4.862538,-1.351426,0,0,0,0,0,0,0,0,0,0,0,0.09725076,944.165823978173,0.0928077422266592,1035.98666792608
12055,8990,404,18387.48,13.47344,4.864738,-1.354978,0,0,0,0,0,0,0,0,0,0,0,0.09729476,944.003591233484,0.0928478416455182,1035.85019408168
12056,8990,404.0667,18383.8,13.47562,4.866918,-1.35622,0,0,0,0,0,0,0,0,0,0,0,0.09733836,943.814661961189,0.0928875749381659,1035.68403330045
12057,8990,404.1333,18380.41,13.4779,4.869198,-1.350545,0,0,0,0,0,0,0,0,0,0,0,0.09738396,943.640621136983,0.0929291291699619,1035.53608164016
12058,8990,404.2,18377.48,13.48008,4.871378,-1.339941,0,0,0,0,0,0,0,0,0,0,0,0.09742756,943.490196471813,0.0929688592329842,1035.41214419798
12059,8990,404.2667,18373.85,13.48234,4.873638,-1.329876,0,0,0,0,0,0,0,0,0,0,0,0.09747276,943.303834173326,0.0930100456136089,1035.25026240878
12060,8990,404.3333,18370.67,13.4846,4.875898,-1.34095,0,0,0,0,0,0,0,0,0,0,0,0.09751796,943.140574639115,0.0930512302979855,1035.11371947115
12061,8990,404.4,18368.02,13.48678,4.878078,-1.344028,0,0,0,0,0,0,0,0,0,0,0,0.09756156,943.004525027272,0.0930909555103146,1035.00551757599
12062,8990,404.4667,18364.23,13.48906,4.880358,-1.336996,0,0,0,0,0,0,0,0,0,0,0,0.09760716,942.809948412599,0.093132501291822,1034.8349498969
12063,8990,404.5333,18360.91,13.4913,4.882598,-1.334219,0,0,0,0,0,0,0,0,0,0,0,0.09765196,942.639501351724,0.0931733165191437,1034.69009623214
12064,8990,404.6,18358.19,13.4934,4.884698,-1.334187,0,0,0,0,0,0,0,0,0,0,0,0.09769396,942.499857976549,0.0932115792818567,1034.57640140172
12065,8990,404.6667,18353.88,13.49566,4.886958,-1.340281,0,0,0,0,0,0,0,0,0,0,0,0.09773916,942.278584834269,0.09325275566714,1034.37610220196
12066,8990,404.7333,18350.01,13.49794,4.889238,-1.341318,0,0,0,0,0,0,0,0,0,0,0,0.09778476,942.079901061502,0.0932942947272169,1034.20095808762
12067,8990,404.8,18347.34,13.5001,4.891398,-1.339542,0,0,0,0,0,0,0,0,0,0,0,0.09782796,941.942824660136,0.0933336459293776,1034.09116963327
12068,8990,404.8667,18343.44,13.50236,4.893658,-1.347151,0,0,0,0,0,0,0,0,0,0,0,0.09787316,941.742600703084,0.0933748172888078,1033.91392494051
12069,8990,404.9333,18339.36,13.50462,4.895918,-1.348145,0,0,0,0,0,0,0,0,0,0,0,0.09791836,941.533135640322,0.0934159869532269,1033.72651616788
12070,8990,405,18336.39,13.5068,4.898098,-1.342338,0,0,0,0,0,0,0,0,0,0,0,0.09796196,941.380657396106,0.0934556976784504,1033.60015170072
12071,8990,405.0667,18332.49,13.50908,4.900378,-1.347242,0,0,0,0,0,0,0,0,0,0,0,0.09800756,941.180433439054,0.0934972283095374,1033.42323124016
12072,8990,405.1333,18328.59,13.5113,4.902598,-1.350829,0,0,0,0,0,0,0,0,0,0,0,0.09805196,940.980209482002,0.0935376643720409,1033.24516334292
12073,8990,405.2,18325.7,13.51341,4.904708,-1.351614,0,0,0,0,0,0,0,0,0,0,0,0.09809416,940.831838395879,0.0935760953303645,1033.12194728458
12074,8990,405.2667,18321.59,13.51566,4.906958,-1.356085,0,0,0,0,0,0,0,0,0,0,0,0.09813916,940.620833148833,0.0936170745829754,1032.93257159256
12075,8990,405.3333,18317.27,13.5179,4.909198,-1.354437,0,0,0,0,0,0,0,0,0,0,0,0.09818396,940.399046611791,0.0936578700375224,1032.73114898836
12076,8990,405.4,18314.47,13.52009,4.911388,-1.349396,0,0,0,0,0,0,0,0,0,0,0,0.09822776,940.255296078523,0.0936977532703487,1032.61446764045
12077,8990,405.4667,18310.69,13.5224,4.913698,-1.348462,0,0,0,0,0,0,0,0,0,0,0,0.09827396,940.061232858611,0.0937398201620668,1032.44477285411
12078,8990,405.5333,18306.84,13.52466,4.915958,-1.353413,0,0,0,0,0,0,0,0,0,0,0,0.09831916,939.863575875367,0.0937809748024914,1032.27017317003
12079,8990,405.6,18304.25,13.52681,4.918108,-1.365764,0,0,0,0,0,0,0,0,0,0,0,0.09836216,939.730606632095,0.0938201247689558,1032.16453891854
12080,8990,405.6667,18300.3,13.52908,4.920378,-1.364999,0,0,0,0,0,0,0,0,0,0,0,0.09840756,939.527815701234,0.0938614581864671,1031.98445559652
12081,8990,405.7333,18295.87,13.53132,4.922618,-1.366079,0,0,0,0,0,0,0,0,0,0,0,0.09845236,939.300381821814,0.0939022436726953,1031.77672116107
12082,8990,405.8,18292.69,13.53343,4.924728,-1.358795,0,0,0,0,0,0,0,0,0,0,0,0.09849456,939.137122287603,0.0939406606227099,1031.63701992699
12083,8990,405.8667,18288.46,13.53567,4.926968,-1.355351,0,0,0,0,0,0,0,0,0,0,0,0.09853936,938.919956303416,0.0939814428788219,1031.44052788878
12084,8990,405.9333,18283.85,13.53794,4.929238,-1.35136,0,0,0,0,0,0,0,0,0,0,0,0.09858476,938.683281318285,0.0940227696291801,1031.22314732306
12085,8990,406,18280.54,13.54016,4.931458,-1.347438,0,0,0,0,0,0,0,0,0,0,0,0.09862916,938.513347652172,0.0940631844468743,1031.07813077989
12086,8990,406.0667,18276.92,13.54244,4.933738,-1.351633,0,0,0,0,0,0,0,0,0,0,0,0.09867476,938.327498748447,0.0941046898568374,1030.91673948885
12087,8990,406.1333,18272.82,13.54464,4.935938,-1.343509,0,0,0,0,0,0,0,0,0,0,0,0.09871876,938.117006896162,0.0941447373036013,1030.72675455186
12088,8990,406.2,18269.04,13.54684,4.938138,-1.339715,0,0,0,0,0,0,0,0,0,0,0,0.09876276,937.92294367625,0.0941847831466317,1030.55480226104
12089,8990,406.2667,18265.03,13.54912,4.940418,-1.342943,0,0,0,0,0,0,0,0,0,0,0,0.09880836,937.71707237682,0.0942262835100024,1030.37135844237
12090,8990,406.3333,18260.87,13.55127,4.942568,-1.347574,0,0,0,0,0,0,0,0,0,0,0,0.09885136,937.503500155965,0.094265416046868,1030.17699615114
12091,8990,406.4,18256.65,13.55343,4.944728,-1.348814,0,0,0,0,0,0,0,0,0,0,0,0.09889456,937.28684756654,0.0943047290535376,1029.97941795042
12092,8990,406.4667,18252.36,13.55575,4.947048,-1.340024,0,0,0,0,0,0,0,0,0,0,0,0.09894096,937.066601213783,0.0943469524133702,1029.78087032181
12093,8990,406.5333,18248.41,13.55793,4.949228,-1.341705,0,0,0,0,0,0,0,0,0,0,0,0.09898456,936.863810282922,0.0943866261872164,1029.5988623237
12094,8990,406.6,18244.54,13.56015,4.951448,-1.343276,0,0,0,0,0,0,0,0,0,0,0,0.09902896,936.665126510156,0.0944270263026863,1029.42209985672
12095,8990,406.6667,18240.59,13.56247,4.953768,-1.351003,0,0,0,0,0,0,0,0,0,0,0,0.09907536,936.462335579295,0.0944692444991428,1029.24267860325
12096,8990,406.7333,18236.79,13.56461,4.955908,-1.355245,0,0,0,0,0,0,0,0,0,0,0,0.09911816,936.26724556986,0.0945081855656285,1029.06833221901
12097,8990,406.8,18232.52,13.56685,4.958148,-1.350988,0,0,0,0,0,0,0,0,0,0,0,0.09916296,936.048026006627,0.0945489446838309,1028.8693189676
12098,8990,406.8667,18228.49,13.56915,4.960448,-1.352132,0,0,0,0,0,0,0,0,0,0,0,0.09920896,935.841127917673,0.0945907938355493,1028.68495294361
12099,8990,406.9333,18224.53,13.57129,4.962588,-1.354453,0,0,0,0,0,0,0,0,0,0,0,0.09925176,935.637823592051,0.0946297301691541,1028.50152430613
12100,8990,407,18219.98,13.57349,4.964788,-1.354912,0,0,0,0,0,0,0,0,0,0,0,0.09929576,935.404228975491,0.0946697565953337,1028.28590279883
12101,8990,407.0667,18215.55,13.57579,4.967088,-1.356544,0,0,0,0,0,0,0,0,0,0,0,0.09934176,935.176795096071,0.0947116006915872,1028.07890383207
12102,8990,407.1333,18211.44,13.57793,4.969228,-1.354921,0,0,0,0,0,0,0,0,0,0,0,0.09938456,934.965789849024,0.0947505323217917,1027.88695348822
12103,8990,407.2,18206.78,13.58019,4.971488,-1.358153,0,0,0,0,0,0,0,0,0,0,0,0.09942976,934.726547890085,0.0947916453885888,1027.66618421242
12104,8990,407.2667,18202.55,13.58249,4.973788,-1.357107,0,0,0,0,0,0,0,0,0,0,0,0.09947576,934.509381905898,0.0948334843849334,1027.47041289812
12105,8990,407.3333,18198.93,13.58461,4.975908,-1.351374,0,0,0,0,0,0,0,0,0,0,0,0.09951816,934.323533002173,0.0948720474747351,1027.30569185125
12106,8990,407.4,18194.11,13.58685,4.978148,-1.356509,0,0,0,0,0,0,0,0,0,0,0,0.09956296,934.076076727048,0.0949127917652471,1027.07545579118
12107,8990,407.4667,18189.64,13.58917,4.980468,-1.354197,0,0,0,0,0,0,0,0,0,0,0,0.09960936,933.84658926858,0.0949549894589748,1026.86645036381
12108,8990,407.5333,18186.05,13.59127,4.982568,-1.346198,0,0,0,0,0,0,0,0,0,0,0,0.09965136,933.66228054914,0.0949931841119534,1026.70299658656
12109,8990,407.6,18181.21,13.59345,4.984748,-1.350606,0,0,0,0,0,0,0,0,0,0,0,0.09969496,933.413797484492,0.0950328322561398,1026.47044868816
12110,8990,407.6667,18176.27,13.59579,4.987088,-1.348799,0,0,0,0,0,0,0,0,0,0,0,0.09974176,933.160180472226,0.095075388606665,1026.23521923444
12111,8990,407.7333,18172.51,13.59795,4.989248,-1.351358,0,0,0,0,0,0,0,0,0,0,0,0.09978496,932.967144041838,0.0951146697843955,1026.06323319137
12112,8990,407.8,18168.05,13.60015,4.991448,-1.353755,0,0,0,0,0,0,0,0,0,0,0,0.09982896,932.738169978132,0.0951546768052692,1025.85245143935
12113,8990,407.8667,18163.21,13.60249,4.993788,-1.355665,0,0,0,0,0,0,0,0,0,0,0,0.09987576,932.489686913483,0.0951972279709612,1025.62280308613
12114,8990,407.9333,18159.41,13.60469,4.995988,-1.359521,0,0,0,0,0,0,0,0,0,0,0,0.09991976,932.294596904048,0.0952372316891303,1025.449249276
12115,8990,408,18154.9,13.60689,4.998188,-1.360134,0,0,0,0,0,0,0,0,0,0,0,0.09996376,932.063055866535,0.0952772338070661,1025.23558348804
12116,8990,408.0667,18150,13.60915,5.000448,-1.352885,0,0,0,0,0,0,0,0,0,0,0,0.10000896,931.811492433316,0.0953183252256963,1025.00099070762
12117,8990,408.1333,18145.73,13.61131,5.002608,-1.359386,0,0,0,0,0,0,0,0,0,0,0,0.10005216,931.592272870082,0.0953575968619366,1024.80009201004
12118,8990,408.2,18140.28,13.61349,5.004788,-1.364763,0,0,0,0,0,0,0,0,0,0,0,0.10009576,931.312472724971,0.0953972305607524,1024.53290247986
12119,8990,408.2667,18134.79,13.61579,5.007088,-1.361649,0,0,0,0,0,0,0,0,0,0,0,0.10014176,931.030619000814,0.0954390442282211,1024.26566380144
12120,8990,408.3333,18130.71,13.61799,5.009288,-1.365364,0,0,0,0,0,0,0,0,0,0,0,0.10018576,930.821153938052,0.0954790382742037,1024.07617866941
12121,8990,408.4,18126.04,13.62021,5.011508,-1.366889,0,0,0,0,0,0,0,0,0,0,0,0.10023016,930.581398584351,0.0955193942810862,1023.85372105748
12122,8990,408.4667,18121.31,13.62251,5.013808,-1.35453,0,0,0,0,0,0,0,0,0,0,0,0.10027616,930.338562862081,0.0955612028408605,1023.62934144581
12123,8990,408.5333,18117.64,13.62469,5.015988,-1.356273,0,0,0,0,0,0,0,0,0,0,0,0.10031976,930.150146984547,0.0956008284709997,1023.462586494
12124,8990,408.6,18112.96,13.62687,5.018168,-1.369343,0,0,0,0,0,0,0,0,0,0,0,0.10036336,929.909878236085,0.0956404525310103,1023.23875811305
12125,8990,408.6667,18107.88,13.62913,5.020428,-1.376254,0,0,0,0,0,0,0,0,0,0,0,0.10040856,929.649073697156,0.0956815290274846,1022.99379849242
12126,8990,408.7333,18103.8,13.63129,5.022588,-1.378027,0,0,0,0,0,0,0,0,0,0,0,0.10045176,929.439608634394,0.0957207864029872,1022.80345313543
12127,8990,408.8,18098.97,13.63347,5.024768,-1.372255,0,0,0,0,0,0,0,0,0,0,0,0.10049536,929.191638964507,0.0957604057101569,1022.57108723124
12128,8990,408.8667,18093.61,13.63577,5.027068,-1.359059,0,0,0,0,0,0,0,0,0,0,0,0.10054136,928.916459372251,0.0958022041950152,1022.31098352392
12129,8990,408.9333,18089.52,13.63801,5.029308,-1.365892,0,0,0,0,0,0,0,0,0,0,0,0.10058616,928.706480914728,0.0958429106053427,1022.12149959705
12130,8990,409,18085.01,13.64027,5.031568,-1.375978,0,0,0,0,0,0,0,0,0,0,0,0.10063136,928.474939877214,0.0958839787865612,1021.90863580298
12131,8990,409.0667,18079.88,13.64247,5.033768,-1.369635,0,0,0,0,0,0,0,0,0,0,0,0.10067536,928.211568364477,0.0959239550421245,1021.65960216574
12132,8990,409.1333,18075.31,13.64469,5.035988,-1.36349,0,0,0,0,0,0,0,0,0,0,0,0.10071976,927.976946958393,0.0959642930982986,1021.44256234158
12133,8990,409.2,18070.22,13.64697,5.038268,-1.369082,0,0,0,0,0,0,0,0,0,0,0,0.10076536,927.715629024702,0.0960057196785577,1021.197228361
12134,8990,409.2667,18065.06,13.64911,5.040408,-1.365272,0,0,0,0,0,0,0,0,0,0,0,0.10080816,927.45071732768,0.0960446009601652,1020.94531763216
12135,8990,409.3333,18060.06,13.65129,5.042588,-1.360837,0,0,0,0,0,0,0,0,0,0,0,0.10085176,927.194019946844,0.0960842074403575,1020.70316871996
12136,8990,409.4,18054.66,13.65359,5.044888,-1.371321,0,0,0,0,0,0,0,0,0,0,0,0.10089776,926.916786775542,0.0961259923932677,1020.44061426759
12137,8990,409.4667,18049.47,13.65577,5.047068,-1.374479,0,0,0,0,0,0,0,0,0,0,0,0.10094136,926.650334894235,0.0961655956500267,1020.18767994291
12138,8990,409.5333,18044.77,13.65799,5.049288,-1.372674,0,0,0,0,0,0,0,0,0,0,0,0.10098576,926.409039356249,0.0962059239602625,1019.96316026651
12139,8990,409.6,18039.76,13.66033,5.051628,-1.374226,0,0,0,0,0,0,0,0,0,0,0,0.10103256,926.151828580652,0.0962484304186166,1019.72331877084
12140,8990,409.6667,18034.96,13.66245,5.053748,-1.376576,0,0,0,0,0,0,0,0,0,0,0,0.10107496,925.90539909505,0.0962869389833622,1019.49125027237
12141,8990,409.7333,18030.13,13.66467,5.055968,-1.376486,0,0,0,0,0,0,0,0,0,0,0,0.10111936,925.657429425162,0.0963272624004219,1019.25931626788
12142,8990,409.8,18024.97,13.66699,5.058288,-1.377879,0,0,0,0,0,0,0,0,0,0,0,0.10116576,925.39251772814,0.0963694004502007,1019.01055508242
12143,8990,409.8667,18019.93,13.66907,5.060368,-1.377026,0,0,0,0,0,0,0,0,0,0,0,0.10120736,925.133766768258,0.0964071778818514,1018.76411294973
12144,8990,409.9333,18014.64,13.67129,5.062588,-1.369507,0,0,0,0,0,0,0,0,0,0,0,0.10125176,924.862180939334,0.0964474964508571,1018.50610451688
12145,8990,410,18009.22,13.67363,5.064928,-1.373326,0,0,0,0,0,0,0,0,0,0,0,0.10129856,924.583920978508,0.0964899926422785,1018.24294077278
12146,8990,410.0667,18004.21,13.67575,5.067048,-1.377064,0,0,0,0,0,0,0,0,0,0,0,0.10134096,924.32671020291,0.0965284919061119,1017.99886636852
12147,8990,410.1333,17999.03,13.67801,5.069308,-1.375265,0,0,0,0,0,0,0,0,0,0,0,0.10138616,924.060771716365,0.0965695319419803,1017.74774496732
12148,8990,410.2,17993.67,13.68037,5.071668,-1.369661,0,0,0,0,0,0,0,0,0,0,0,0.10143336,923.785592124109,0.0966123861109928,1017.48826865285
12149,8990,410.2667,17989.02,13.68243,5.073728,-1.367899,0,0,0,0,0,0,0,0,0,0,0,0.10147456,923.546863559932,0.0966497912150653,1017.26337517906
12150,8990,410.3333,17983.52,13.68469,5.075988,-1.368422,0,0,0,0,0,0,0,0,0,0,0,0.10151976,923.264496441013,0.0966908262732095,1016.99408653623
12151,8990,410.4,17977.96,13.68707,5.078368,-1.371333,0,0,0,0,0,0,0,0,0,0,0,0.10156736,922.979048953523,0.0967340383637123,1016.72359429104
12152,8990,410.4667,17973.29,13.68913,5.080428,-1.367987,0,0,0,0,0,0,0,0,0,0,0,0.10160856,922.739293599823,0.0967714389177314,1016.49750447792
12153,8990,410.5333,17967.75,13.69129,5.082588,-1.371344,0,0,0,0,0,0,0,0,0,0,0,0.10165176,922.454872901857,0.0968106535303792,1016.22403425291
12154,8990,410.6,17961.53,13.69367,5.084968,-1.370525,0,0,0,0,0,0,0,0,0,0,0,0.10169936,922.135541360098,0.0968538604433177,1015.91613574967
12155,8990,410.6667,17956.54,13.69579,5.087088,-1.360702,0,0,0,0,0,0,0,0,0,0,0,0.10174176,921.879357374024,0.0968923457013264,1015.67298570093
12156,8990,410.7333,17951.29,13.69795,5.089248,-1.360784,0,0,0,0,0,0,0,0,0,0,0,0.10178496,921.609825124146,0.0969315555730413,1015.41584431001
12157,8990,410.8,17945.38,13.70035,5.091648,-1.363997,0,0,0,0,0,0,0,0,0,0,0,0.10183296,921.306408819999,0.0969751202941047,1015.12576749711
12158,8990,410.8667,17940.61,13.70251,5.093808,-1.372426,0,0,0,0,0,0,0,0,0,0,0,0.10187616,921.061519518681,0.0970143269204361,1014.89573025101
12159,8990,410.9333,17935.39,13.70467,5.095968,-1.371201,0,0,0,0,0,0,0,0,0,0,0,0.10191936,920.793527453089,0.0970535320096682,1014.64021446325
12160,8990,411,17929.63,13.70703,5.098328,-1.364217,0,0,0,0,0,0,0,0,0,0,0,0.10196656,920.497812070366,0.0970963654427229,1014.35780745471
12161,8990,411.0667,17924.71,13.70917,5.100468,-1.366453,0,0,0,0,0,0,0,0,0,0,0,0.10200936,920.245221847624,0.0971352043425649,1014.11884797136
12162,8990,411.1333,17918.93,13.71127,5.102568,-1.372294,0,0,0,0,0,0,0,0,0,0,0,0.10205136,919.948479675378,0.0971733158152878,1013.83047315618
12163,8990,411.2,17912.68,13.71367,5.104968,-1.371815,0,0,0,0,0,0,0,0,0,0,0,0.10209936,919.627607949334,0.0972168700056361,1013.52099815929
12164,8990,411.2667,17907.63,13.71585,5.107148,-1.371317,0,0,0,0,0,0,0,0,0,0,0,0.10214296,919.36834359469,0.0972564300844986,1013.27534753975
12165,8990,411.3333,17902.15,13.71799,5.109288,-1.374677,0,0,0,0,0,0,0,0,0,0,0,0.10218576,919.087003265294,0.0972952627682242,1013.00460720008
12166,8990,411.4,17896.1,13.72041,5.111708,-1.382193,0,0,0,0,0,0,0,0,0,0,0,0.10223416,918.776399434483,0.0973391745470724,1012.70673285849
12167,8990,411.4667,17891.3,13.72259,5.113888,-1.390688,0,0,0,0,0,0,0,0,0,0,0,0.10227776,918.52996994888,0.0973787297879491,1012.47515776812
12168,8990,411.5333,17885.85,13.7247,5.115998,-1.383095,0,0,0,0,0,0,0,0,0,0,0,0.10231996,918.250169803769,0.0974170134164064,1012.20549044808
12169,8990,411.6,17879.46,13.72703,5.118328,-1.379272,0,0,0,0,0,0,0,0,0,0,0,0.10236656,917.922110551062,0.0974592870000514,1011.88663935611
12170,8990,411.6667,17874.1,13.72919,5.120488,-1.375088,0,0,0,0,0,0,0,0,0,0,0,0.10240976,917.646930958806,0.0974984746488061,1011.62293292303
12171,8990,411.7333,17868.37,13.73128,5.122578,-1.373518,0,0,0,0,0,0,0,0,0,0,0,0.10245156,917.352755760368,0.0975363908656909,1011.33697665832
12172,8990,411.8,17861.81,13.73363,5.124928,-1.373827,0,0,0,0,0,0,0,0,0,0,0,0.10249856,917.015968796712,0.097579022215562,1011.00878509538
12173,8990,411.8667,17856.6,13.73591,5.127208,-1.374926,0,0,0,0,0,0,0,0,0,0,0,0.10254416,916.748490125881,0.0976203819584759,1010.75569397711
12174,8990,411.9333,17851.53,13.73807,5.129368,-1.376782,0,0,0,0,0,0,0,0,0,0,0,0.10258736,916.488198981714,0.0976595632949301,1010.5083037864
12175,8990,412,17845.61,13.74033,5.131628,-1.374471,0,0,0,0,0,0,0,0,0,0,0,0.10263256,916.184269282805,0.0977005569387806,1010.21460627103
12176,8990,412.0667,17840.09,13.74259,5.133888,-1.36568,0,0,0,0,0,0,0,0,0,0,0,0.10267776,915.900875374362,0.0977415489022212,1009.94352563984
12177,8990,412.1333,17834.27,13.74479,5.136088,-1.375182,0,0,0,0,0,0,0,0,0,0,0,0.10272176,915.602079623069,0.0977814509694947,1009.65433670161
12178,8990,412.2,17828.16,13.74695,5.138248,-1.37865,0,0,0,0,0,0,0,0,0,0,0,0.10276496,915.288395423688,0.0978206259956816,1009.34797076787
12179,8990,412.2667,17822.13,13.74917,5.140468,-1.386872,0,0,0,0,0,0,0,0,0,0,0,0.10280936,914.978818382401,0.0978608876178843,1009.04720511385
12180,8990,412.3333,17815.73,13.75141,5.142708,-1.388124,0,0,0,0,0,0,0,0,0,0,0,0.10285416,914.650245734931,0.0979015103145014,1008.72582845379
12181,8990,412.4,17809.41,13.75362,5.144918,-1.381561,0,0,0,0,0,0,0,0,0,0,0,0.10289836,914.325780245555,0.097941587340011,1008.40840353854
12182,8990,412.4667,17803.74,13.75587,5.147168,-1.38015,0,0,0,0,0,0,0,0,0,0,0,0.10294336,914.034685415687,0.0979823880915774,1008.12848708892
12183,8990,412.5333,17797.69,13.75815,5.149448,-1.378861,0,0,0,0,0,0,0,0,0,0,0,0.10298896,913.724081584876,0.0980237311550913,1007.82757447426
12184,8990,412.6,17791.6,13.76032,5.151618,-1.386145,0,0,0,0,0,0,0,0,0,0,0,0.10303236,913.411424175018,0.0980630780096408,1007.52235885873
12185,8990,412.6667,17785.65,13.76257,5.153868,-1.386003,0,0,0,0,0,0,0,0,0,0,0,0.10307736,913.105954291824,0.0981038738046986,1007.22650546051
12186,8990,412.7333,17779.31,13.76481,5.156108,-1.388912,0,0,0,0,0,0,0,0,0,0,0,0.10312216,912.780462012924,0.0981444866319613,1006.9083548615
12187,8990,412.8,17772.96,13.76692,5.158218,-1.389541,0,0,0,0,0,0,0,0,0,0,0,0.10316436,912.454456339263,0.0981827409562502,1006.58723635665
12188,8990,412.8667,17766.81,13.7692,5.160498,-1.387688,0,0,0,0,0,0,0,0,0,0,0,0.10320996,912.138718560835,0.0982240757375637,1006.28051921795
12189,8990,412.9333,17760.41,13.7715,5.162798,-1.380149,0,0,0,0,0,0,0,0,0,0,0,0.10325596,911.810145913365,0.0982657713736392,1005.95997786739
12190,8990,413,17754.38,13.77362,5.164918,-1.380713,0,0,0,0,0,0,0,0,0,0,0,0.10329836,911.500568872078,0.0983042023332768,1005.65708277563
12191,8990,413.0667,17748.38,13.77586,5.167158,-1.384958,0,0,0,0,0,0,0,0,0,0,0,0.10334316,911.192532015075,0.0983448070256116,1005.35804764191
12192,8990,413.1333,17741.9,13.77821,5.169508,-1.38664,0,0,0,0,0,0,0,0,0,0,0,0.10339016,910.859852209512,0.0983874039262711,1005.03379806703
12193,8990,413.2,17735.93,13.7803,5.171598,-1.397404,0,0,0,0,0,0,0,0,0,0,0,0.10343196,910.553355536794,0.0984252864539348,1004.73367378454
12194,8990,413.2667,17729.73,13.78252,5.173818,-1.40171,0,0,0,0,0,0,0,0,0,0,0,0.10347636,910.235050784558,0.0984655237393749,1004.42286058416
12195,8990,413.3333,17722.99,13.78491,5.176208,-1.401377,0,0,0,0,0,0,0,0,0,0,0,0.10352416,909.889022715192,0.0985088404487046,1004.084519485
12196,8990,413.4,17717.08,13.787,5.178298,-1.394243,0,0,0,0,0,0,0,0,0,0,0,0.10356596,909.585606411044,0.0985467183764124,1003.78771294119
12197,8990,413.4667,17710.77,13.78912,5.180418,-1.390108,0,0,0,0,0,0,0,0,0,0,0,0.10360836,909.261654316429,0.098585138540711,1003.46876313104
12198,8990,413.5333,17703.51,13.79152,5.182818,-1.380617,0,0,0,0,0,0,0,0,0,0,0,0.10365636,908.888929719456,0.0986286312849865,1003.10104781847
12199,8990,413.6,17697.21,13.79366,5.184958,-1.383155,0,0,0,0,0,0,0,0,0,0,0,0.10369916,908.565491019603,0.0986674107200322,1002.78296924332
12200,8990,413.6667,17691.3,13.7958,5.187098,-1.382717,0,0,0,0,0,0,0,0,0,0,0,0.10374196,908.262074715455,0.0987061886512918,1002.4869625401
12201,8990,413.7333,17684.44,13.79821,5.189508,-1.383938,0,0,0,0,0,0,0,0,0,0,0,0.10379016,907.909885908949,0.0987498573250754,1002.14199823302
12202,8990,413.8,17678.21,13.80038,5.191678,-1.377995,0,0,0,0,0,0,0,0,0,0,0,0.10383356,907.590040972428,0.0987891756197761,1001.82834594714
12203,8990,413.8667,17672.24,13.80252,5.193818,-1.380011,0,0,0,0,0,0,0,0,0,0,0,0.10387636,907.28354429971,0.0988279488296238,1001.52885636946
12204,8990,413.9333,17665.56,13.80492,5.196218,-1.384001,0,0,0,0,0,0,0,0,0,0,0,0.10392436,906.940596598914,0.0988714310149248,1001.19381765847
12205,8990,414,17659.42,13.80702,5.198318,-1.37717,0,0,0,0,0,0,0,0,0,0,0,0.10396636,906.625372215247,0.0989094763761601,1000.88391204811
12206,8990,414.0667,17653.03,13.80912,5.200418,-1.380111,0,0,0,0,0,0,0,0,0,0,0,0.10400836,906.29731296254,0.0989475202900007,1000.55981015618
12207,8990,414.1333,17645.97,13.81152,5.202818,-1.374779,0,0,0,0,0,0,0,0,0,0,0,0.10405636,905.9348562608,0.0989909972764973,1000.20313980042
12208,8990,414.2,17639.54,13.81368,5.204978,-1.368808,0,0,0,0,0,0,0,0,0,0,0,0.10409956,905.604743429045,0.0990301249482476,999.877798753922
12209,8990,414.2667,17633.2,13.81584,5.207138,-1.365891,0,0,0,0,0,0,0,0,0,0,0,0.10414276,905.279251150146,0.099069251089083,999.557530935655
12210,8990,414.3333,17626.29,13.81826,5.209558,-1.368494,0,0,0,0,0,0,0,0,0,0,0,0.10419116,904.924495369831,0.0991130850397092,999.209628254828
12211,8990,414.4,17620.28,13.82042,5.211718,-1.375921,0,0,0,0,0,0,0,0,0,0,0,0.10423436,904.615945118066,0.0991522079348345,998.908009203243
12212,8990,414.4667,17613.74,13.82254,5.213838,-1.382443,0,0,0,0,0,0,0,0,0,0,0,0.10427676,904.280184943933,0.0991906048436128,998.575592762088
12213,8990,414.5333,17606.37,13.82488,5.216178,-1.379128,0,0,0,0,0,0,0,0,0,0,0,0.10432356,903.901813004582,0.0992329846255799,998.200068027674
12214,8990,414.6,17599.8,13.82704,5.218338,-1.375128,0,0,0,0,0,0,0,0,0,0,0,0.10436676,903.564512646164,0.0992721028302592,997.866613282023
12215,8990,414.6667,17592.97,13.82912,5.220418,-1.375278,0,0,0,0,0,0,0,0,0,0,0,0.10440836,903.213864023942,0.0993097707663277,997.516942295945
12216,8990,414.7333,17585.36,13.8315,5.222798,-1.373386,0,0,0,0,0,0,0,0,0,0,0,0.10445596,902.82317061031,0.0993528698372631,997.128431606654
12217,8990,414.8,17578.69,13.83374,5.225038,-1.377447,0,0,0,0,0,0,0,0,0,0,0,0.10450076,902.480736304276,0.0993934319719584,996.790659133432
12218,8990,414.8667,17572.41,13.83588,5.227178,-1.381433,0,0,0,0,0,0,0,0,0,0,0,0.10454356,902.158324393946,0.0994321817603785,996.473167309724
12219,8990,414.9333,17565.44,13.8382,5.229498,-1.379297,0,0,0,0,0,0,0,0,0,0,0,0.10458996,901.800488245061,0.0994741891805608,996.119765238592
12220,8990,415,17558.97,13.84042,5.231718,-1.383617,0,0,0,0,0,0,0,0,0,0,0,0.10463436,901.46832183426,0.099514384283977,995.792882749662
12221,8990,415.0667,17552.2,13.84258,5.233878,-1.376388,0,0,0,0,0,0,0,0,0,0,0,0.10467756,901.120753580608,0.0995534914825709,995.447875330788
12222,8990,415.1333,17545.19,13.84482,5.236118,-1.375543,0,0,0,0,0,0,0,0,0,0,0,0.10472236,900.760863852677,0.099594045480605,995.090667310968
12223,8990,415.2,17538.59,13.84704,5.238338,-1.375356,0,0,0,0,0,0,0,0,0,0,0,0.10476676,900.422023309974,0.0996342357667702,994.756321324804
12224,8990,415.2667,17531.42,13.8492,5.240498,-1.373266,0,0,0,0,0,0,0,0,0,0,0,0.10480996,900.053919265855,0.0996733382786809,994.388534541953
12225,8990,415.3333,17524.3,13.8515,5.242798,-1.373062,0,0,0,0,0,0,0,0,0,0,0,0.10485596,899.688382195546,0.0997149735318567,994.026071211507
12226,8990,415.4,17517.96,13.85376,5.245058,-1.369486,0,0,0,0,0,0,0,0,0,0,0,0.10490116,899.362889916646,0.0997558830052076,993.707100329855
12227,8990,415.4667,17511,13.85596,5.247258,-1.370267,0,0,0,0,0,0,0,0,0,0,0,0.10494516,899.005567162523,0.0997957047788826,993.351850249285
12228,8990,415.5333,17503.78,13.85816,5.249458,-1.369647,0,0,0,0,0,0,0,0,0,0,0,0.10498916,898.634896144596,0.099835524966847,992.981819037504
12229,8990,415.6,17496.98,13.86042,5.251718,-1.37137,0,0,0,0,0,0,0,0,0,0,0,0.10503436,898.28578770666,0.0998764295089005,992.636660515525
12230,8990,415.6667,17489.54,13.86262,5.253918,-1.378143,0,0,0,0,0,0,0,0,0,0,0,0.10507836,897.903822003976,0.0999162464825847,992.254083057886
12231,8990,415.7333,17482.31,13.8648,5.256098,-1.377499,0,0,0,0,0,0,0,0,0,0,0,0.10512196,897.532637591288,0.0999556999200049,991.883027618854
12232,8990,415.8,17475.2,13.86706,5.258358,-1.378447,0,0,0,0,0,0,0,0,0,0,0,0.10516716,897.16761391574,0.0999965995467526,991.520183915235
12233,8990,415.8667,17467.68,13.86928,5.260578,-1.373714,0,0,0,0,0,0,0,0,0,0,0,0.10521156,896.781541054963,0.100036773657736,991.13332596856
12234,8990,415.9333,17460.29,13.87146,5.262758,-1.369327,0,0,0,0,0,0,0,0,0,0,0,0.10525516,896.402142326088,0.100076222340325,990.753093240963
12235,8990,416,17453.28,13.8737,5.264998,-1.376532,0,0,0,0,0,0,0,0,0,0,0,0.10529996,896.042252598156,0.100116755145502,990.395465955052
12236,8990,416.0667,17445.86,13.87602,5.267318,-1.37742,0,0,0,0,0,0,0,0,0,0,0,0.10534636,895.661313684996,0.100158733818967,990.015972874529
12237,8990,416.1333,17438.86,13.87814,5.269438,-1.375018,0,0,0,0,0,0,0,0,0,0,0,0.10538876,895.301937351826,0.100197092100447,989.656698354933
12238,8990,416.2,17432.04,13.88038,5.271678,-1.372543,0,0,0,0,0,0,0,0,0,0,0,0.10543356,894.951802124367,0.100237620006829,989.309756650754
12239,8990,416.2667,17424.42,13.88274,5.274038,-1.372151,0,0,0,0,0,0,0,0,0,0,0,0.10548076,894.560595315973,0.100280317274272,988.919526775955
12240,8990,416.3333,17417.37,13.88484,5.276138,-1.371372,0,0,0,0,0,0,0,0,0,0,0,0.10552276,894.198652008995,0.100318309072679,988.556961757264
12241,8990,416.4,17410.39,13.88698,5.278278,-1.367516,0,0,0,0,0,0,0,0,0,0,0,0.10556556,893.840302465348,0.100357023039569,988.199054545672
12242,8990,416.4667,17402.2,13.88936,5.280658,-1.36632,0,0,0,0,0,0,0,0,0,0,0,0.10561316,893.41983215554,0.100400076999502,987.776723836156
12243,8990,416.5333,17394.61,13.89152,5.282818,-1.367526,0,0,0,0,0,0,0,0,0,0,0,0.10565636,893.030165531431,0.100439149577145,987.38448219168
12244,8990,416.6,17387.7,13.89366,5.284958,-1.363224,0,0,0,0,0,0,0,0,0,0,0,0.10569916,892.675409751116,0.100477858866193,987.030450714465
12245,8990,416.6667,17379.56,13.89606,5.287358,-1.365767,0,0,0,0,0,0,0,0,0,0,0,0.10574716,892.257506415116,0.100521269370507,986.611203707196
12246,8990,416.7333,17372.06,13.89822,5.289518,-1.373515,0,0,0,0,0,0,0,0,0,0,0,0.10579036,891.872460343863,0.100560337213232,986.223968997726
12247,8990,416.8,17364.95,13.90036,5.291658,-1.373362,0,0,0,0,0,0,0,0,0,0,0,0.10583316,891.507436668314,0.100599041811567,985.858485854422
12248,8990,416.8667,17356.9,13.90276,5.294058,-1.370317,0,0,0,0,0,0,0,0,0,0,0,0.10588116,891.094153885169,0.100642447055701,985.444236567749
12249,8990,416.9333,17349.28,13.90488,5.296178,-1.370327,0,0,0,0,0,0,0,0,0,0,0,0.10592356,890.702947076775,0.100680786787615,985.049374133639
12250,8990,417,17341.96,13.90696,5.298258,-1.377643,0,0,0,0,0,0,0,0,0,0,0,0.10596516,890.327142111232,0.10071840169982,984.670800177392
12251,8990,417.0667,17333.57,13.90936,5.300658,-1.376033,0,0,0,0,0,0,0,0,0,0,0,0.10601316,889.89640390619,0.100761801763531,984.237133756921
12252,8990,417.1333,17325.84,13.9115,5.302798,-1.379222,0,0,0,0,0,0,0,0,0,0,0,0.10605596,889.499549755418,0.100800498565198,983.836278424297
12253,8990,417.2,17318.85,13.91364,5.304938,-1.380941,0,0,0,0,0,0,0,0,0,0,0,0.10609876,889.14068681701,0.100839193869481,983.477411153843
12254,8990,417.2667,17311.07,13.9161,5.307398,-1.369128,0,0,0,0,0,0,0,0,0,0,0,0.10614796,888.74126569243,0.100883673537651,983.079338013499
12255,8990,417.3333,17303.86,13.91828,5.309578,-1.367557,0,0,0,0,0,0,0,0,0,0,0,0.10619156,888.371108069265,0.100923088825957,982.708621894069
12256,8990,417.4,17297.05,13.92038,5.311678,-1.377796,0,0,0,0,0,0,0,0,0,0,0,0.10623356,888.021486236566,0.100961056212627,982.359170075968
12257,8990,417.4667,17288.87,13.92276,5.314058,-1.373675,0,0,0,0,0,0,0,0,0,0,0,0.10628116,887.601529321519,0.101004084174952,981.936849475584
12258,8990,417.5333,17280.99,13.92494,5.316238,-1.367183,0,0,0,0,0,0,0,0,0,0,0,0.10632476,887.196974249323,0.101043494717617,981.527979609108
12259,8990,417.6,17273.54,13.92699,5.318288,-1.371543,0,0,0,0,0,0,0,0,0,0,0,0.10636576,886.814495151877,0.10108055367334,981.141192907723
12260,8990,417.6667,17265.07,13.92934,5.320638,-1.372476,0,0,0,0,0,0,0,0,0,0,0,0.10641276,886.379649788742,0.101123034201402,980.701754730595
12261,8990,417.7333,17256.84,13.93158,5.322878,-1.374136,0,0,0,0,0,0,0,0,0,0,0,0.10645756,885.957125899886,0.101163524599417,980.273959787801
12262,8990,417.8,17249.51,13.93373,5.325028,-1.37215,0,0,0,0,0,0,0,0,0,0,0,0.10650056,885.580807539581,0.101202386609156,979.895659467799
12263,8990,417.8667,17241.59,13.93606,5.327358,-1.374719,0,0,0,0,0,0,0,0,0,0,0,0.10654716,885.174198888338,0.101244500477362,979.486995885165
12264,8990,417.9333,17233.77,13.93828,5.329578,-1.376843,0,0,0,0,0,0,0,0,0,0,0,0.10659156,884.772724184711,0.101284624487307,979.082029101009
12265,8990,418,17226.1,13.94042,5.331718,-1.371321,0,0,0,0,0,0,0,0,0,0,0,0.10663436,884.378950402509,0.101323301063086,978.684133776152
12266,8990,418.0667,17217.91,13.94268,5.333978,-1.374392,0,0,0,0,0,0,0,0,0,0,0,0.10667956,883.9584800927,0.101364144794829,978.258781807258
12267,8990,418.1333,17209.88,13.9449,5.336198,-1.377816,0,0,0,0,0,0,0,0,0,0,0,0.10672396,883.546224099078,0.101404264004549,977.841775977979
12268,8990,418.2,17201.71,13.94703,5.338328,-1.381968,0,0,0,0,0,0,0,0,0,0,0,0.10676656,883.126780578793,0.101442755246883,977.415188985065
12269,8990,418.2667,17193.45,13.94934,5.340638,-1.365013,0,0,0,0,0,0,0,0,0,0,0,0.10681276,882.702716505652,0.101484497595657,976.986629915119
12270,8990,418.3333,17185.64,13.95158,5.342878,-1.35982,0,0,0,0,0,0,0,0,0,0,0,0.10685756,882.301755196787,0.101524973360816,976.582367940833
12271,8990,418.4,17177.68,13.95376,5.345058,-1.360068,0,0,0,0,0,0,0,0,0,0,0,0.10690116,881.893092966497,0.101564363380705,976.168487600603
12272,8990,418.4667,17169.64,13.95604,5.347338,-1.356572,0,0,0,0,0,0,0,0,0,0,0,0.10694676,881.480323578113,0.101605558622343,975.751788188544
12273,8990,418.5333,17161.72,13.95828,5.349578,-1.352166,0,0,0,0,0,0,0,0,0,0,0,0.10699156,881.07371492687,0.10164602948786,975.341166161891
12274,8990,418.6,17153.29,13.96046,5.351758,-1.360328,0,0,0,0,0,0,0,0,0,0,0,0.10703516,880.640923142781,0.101685414739729,974.900465253916
12275,8990,418.6667,17144.93,13.9627,5.353998,-1.365102,0,0,0,0,0,0,0,0,0,0,0,0.10707996,880.211725122023,0.101725882373594,974.464761439621
12276,8990,418.7333,17136.69,13.96494,5.356238,-1.356069,0,0,0,0,0,0,0,0,0,0,0,0.10712476,879.788687838406,0.101766348369897,974.035839873811
12277,8990,418.8,17128.04,13.96711,5.358408,-1.349999,0,0,0,0,0,0,0,0,0,0,0,0.10716816,879.344601369561,0.101805548242338,973.58234430427
12278,8990,418.8667,17119.26,13.96933,5.360628,-1.366036,0,0,0,0,0,0,0,0,0,0,0,0.10721256,878.893840768813,0.101845649747562,973.12229940587
12279,8990,418.9333,17110.87,13.97157,5.362868,-1.371757,0,0,0,0,0,0,0,0,0,0,0,0.10725736,878.463102563771,0.101886110897747,972.68473580217
12280,8990,419,17102.05,13.97385,5.365148,-1.371769,0,0,0,0,0,0,0,0,0,0,0,0.10730296,878.010288383977,0.101927292887322,972.223391238031
12281,8990,419.0667,17093.64,13.97603,5.367328,-1.375106,0,0,0,0,0,0,0,0,0,0,0,0.10734656,877.578523389412,0.101966667063337,971.783559005145
12282,8990,419.1333,17085.49,13.97825,5.369548,-1.378332,0,0,0,0,0,0,0,0,0,0,0,0.10739096,877.16010665865,0.102006762108104,971.359172586424
12283,8990,419.2,17076.56,13.98053,5.371828,-1.37532,0,0,0,0,0,0,0,0,0,0,0,0.10743656,876.701645136477,0.102047939129425,970.891454036281
12284,8990,419.2667,17068.21,13.98267,5.373968,-1.370287,0,0,0,0,0,0,0,0,0,0,0,0.10747936,876.272960510482,0.102086586194642,970.454217491453
12285,8990,419.3333,17060.06,13.98485,5.376148,-1.37372,0,0,0,0,0,0,0,0,0,0,0,0.10752296,875.85454377972,0.102125954099237,970.029016856365
12286,8990,419.4,17050.95,13.98713,5.378428,-1.37451,0,0,0,0,0,0,0,0,0,0,0,0.10756856,875.386841151837,0.10216712621298,969.550943097489
12287,8990,419.4667,17042.19,13.98937,5.380668,-1.373716,0,0,0,0,0,0,0,0,0,0,0,0.10761336,874.937107340613,0.10220757435821,969.092029250217
12288,8990,419.5333,17034.36,13.99157,5.382868,-1.369282,0,0,0,0,0,0,0,0,0,0,0,0.10765736,874.535119242224,0.102247298622706,968.685261407128
12289,8990,419.6,17025.64,13.99385,5.385148,-1.356203,0,0,0,0,0,0,0,0,0,0,0,0.10770296,874.087439010047,0.102288465740845,968.229243490249
12290,8990,419.6667,17016.77,13.99605,5.387348,-1.36136,0,0,0,0,0,0,0,0,0,0,0,0.10774696,873.632057856445,0.102328186792184,967.763256249021
12291,8990,419.7333,17008.47,13.99829,5.389588,-1.377286,0,0,0,0,0,0,0,0,0,0,0,0.10779176,873.205940204258,0.102368628423469,967.330345341329
12292,8990,419.8,16999.6,14.00058,5.391878,-1.371038,0,0,0,0,0,0,0,0,0,0,0,0.10783756,872.750559050655,0.102409971079114,966.865849827314
12293,8990,419.8667,16990.74,14.00271,5.394008,-1.370737,0,0,0,0,0,0,0,0,0,0,0,0.10788016,872.295691291815,0.102448423630737,966.399090035686
12294,8990,419.9333,16982.24,14.00487,5.396168,-1.370916,0,0,0,0,0,0,0,0,0,0,0,0.10792336,871.859305744394,0.10248741625767,965.953291467596
12295,8990,420,16972.91,14.00719,5.398488,-1.369629,0,0,0,0,0,0,0,0,0,0,0,0.10796976,871.380308431755,0.102529295533875,965.463031201857
12296,8990,420.0667,16963.71,14.00935,5.400648,-1.376477,0,0,0,0,0,0,0,0,0,0,0,0.10801296,870.907985251017,0.102568285007588,964.977334625616
12297,8990,420.1333,16955.21,14.01155,5.402848,-1.374943,0,0,0,0,0,0,0,0,0,0,0,0.10805696,870.471599703597,0.102607994945987,964.532114533904
12298,8990,420.2,16946.12,14.01393,5.405228,-1.371562,0,0,0,0,0,0,0,0,0,0,0,0.10810456,870.004923865237,0.102650952103738,964.056423357522
12299,8990,420.2667,16937.44,14.01609,5.407388,-1.368216,0,0,0,0,0,0,0,0,0,0,0,0.10814776,869.559297212107,0.102689936834506,963.60018739277
12300,8990,420.3333,16929.23,14.01825,5.409548,-1.369998,0,0,0,0,0,0,0,0,0,0,0,0.10819096,869.137800112775,0.102728920045525,963.170653079264
12301,8990,420.4,16920.09,14.02059,5.411888,-1.382591,0,0,0,0,0,0,0,0,0,0,0,0.10823776,868.668557300607,0.102771150142604,962.691296125256
12302,8990,420.4667,16911.08,14.02275,5.414048,-1.384799,0,0,0,0,0,0,0,0,0,0,0,0.10828096,868.205988620341,0.102810130187858,962.216166545901
12303,8990,420.5333,16902.35,14.02485,5.416148,-1.381488,0,0,0,0,0,0,0,0,0,0,0,0.10832296,867.757794993402,0.102848025997412,961.755887910161
12304,8990,420.6,16892.61,14.02717,5.418468,-1.382069,0,0,0,0,0,0,0,0,0,0,0,0.10836936,867.257748495535,0.102889890174581,961.241915655037
12305,8990,420.6667,16883.18,14.02939,5.420688,-1.37717,0,0,0,0,0,0,0,0,0,0,0,0.10841376,866.773617235279,0.102929948220499,960.743804148556
12306,8990,420.7333,16874.68,14.03157,5.422868,-1.378423,0,0,0,0,0,0,0,0,0,0,0,0.10845736,866.337231687858,0.102969282938348,960.297880706431
12307,8990,420.8,16865.54,14.03393,5.425228,-1.375251,0,0,0,0,0,0,0,0,0,0,0,0.10850456,865.867988875691,0.103011863732886,959.818614026732
12308,8990,420.8667,16856.45,14.03611,5.427408,-1.37263,0,0,0,0,0,0,0,0,0,0,0,0.10854816,865.401313037331,0.103051195228806,959.339033229118
12309,8990,420.9333,16847.34,14.03827,5.429568,-1.380659,0,0,0,0,0,0,0,0,0,0,0,0.10859136,864.933610409449,0.10309016435963,958.857927473521
12310,8990,421,16837.72,14.04059,5.431888,-1.383036,0,0,0,0,0,0,0,0,0,0,0,0.10863776,864.439724648721,0.103132018401315,958.350519989575
12311,8990,421.0667,16828.28,14.04273,5.434028,-1.385824,0,0,0,0,0,0,0,0,0,0,0,0.10868056,863.955079993703,0.10317062359356,957.850201902264
12312,8990,421.1333,16818.78,14.04485,5.436148,-1.389769,0,0,0,0,0,0,0,0,0,0,0,0.10872296,863.467354970116,0.103208866520138,957.346081665837
12313,8990,421.2,16809.02,14.04723,5.438528,-1.382437,0,0,0,0,0,0,0,0,0,0,0,0.10877056,862.966281682725,0.10325179787446,956.831607402472
12314,8990,421.2667,16799.96,14.04943,5.440728,-1.382675,0,0,0,0,0,0,0,0,0,0,0,0.10881456,862.50114602865,0.103291480680418,956.353828733254
12315,8990,421.3333,16790.97,14.05159,5.442888,-1.387606,0,0,0,0,0,0,0,0,0,0,0,0.10885776,862.039604137908,0.103330440448835,955.879304475647
12316,8990,421.4,16781.71,14.05393,5.445228,-1.379158,0,0,0,0,0,0,0,0,0,0,0,0.10890456,861.5642005886,0.103372645151823,955.392470765454
12317,8990,421.4667,16772.76,14.05611,5.447408,-1.375856,0,0,0,0,0,0,0,0,0,0,0,0.10894816,861.104712276905,0.103411962460508,954.920486246803
12318,8990,421.5333,16763.33,14.05827,5.449568,-1.377848,0,0,0,0,0,0,0,0,0,0,0,0.10899136,860.620581016649,0.103450917535357,954.420788585644
12319,8990,421.6,16753.52,14.06057,5.451868,-1.379432,0,0,0,0,0,0,0,0,0,0,0,0.10903736,860.116940755449,0.103492395808016,953.9018212667
12320,8990,421.6667,16744.04,14.06277,5.454068,-1.382853,0,0,0,0,0,0,0,0,0,0,0,0.10908136,859.630242521385,0.10353206906771,953.399878472747
12321,8990,421.7333,16734.38,14.06491,5.456208,-1.387961,0,0,0,0,0,0,0,0,0,0,0,0.10912416,859.13430318161,0.103570658819308,952.886612343489
12322,8990,421.8,16724.49,14.06721,5.458508,-1.391991,0,0,0,0,0,0,0,0,0,0,0,0.10917016,858.626555762318,0.103612132125706,952.362954235139
12323,8990,421.8667,16714.96,14.06941,5.460708,-1.387071,0,0,0,0,0,0,0,0,0,0,0,0.10921416,858.137290554445,0.103651800635449,951.858033907024
12324,8990,421.9333,16705.23,14.07165,5.462948,-1.375802,0,0,0,0,0,0,0,0,0,0,0,0.10925896,857.637757451339,0.103692188774121,951.342366887204
12325,8990,422,16695.48,14.07391,5.465208,-1.378031,0,0,0,0,0,0,0,0,0,0,0,0.10930416,857.137197558709,0.103732935868129,950.825858942618
12326,8990,422.0667,16686.12,14.07609,5.467388,-1.376028,0,0,0,0,0,0,0,0,0,0,0,0.10934776,856.656660061785,0.103772239013983,950.330146928623
12327,8990,422.1333,16675.81,14.07833,5.469628,-1.369844,0,0,0,0,0,0,0,0,0,0,0,0.10939256,856.127350062502,0.103812622288765,949.781312571855
12328,8990,422.2,16665.81,14.08061,5.471908,-1.373263,0,0,0,0,0,0,0,0,0,0,0,0.10943816,855.613955300831,0.103853725018771,949.250772239276
12329,8990,422.2667,16656.46,14.08275,5.474048,-1.374026,0,0,0,0,0,0,0,0,0,0,0,0.10948096,855.133931198668,0.103892302359981,948.754814914872
12330,8990,422.3333,16646.05,14.08495,5.476248,-1.379946,0,0,0,0,0,0,0,0,0,0,0,0.10952496,854.599487251768,0.103931959757565,948.199461909039
12331,8990,422.4,16635.68,14.08725,5.478548,-1.382437,0,0,0,0,0,0,0,0,0,0,0,0.10957096,854.067096883915,0.103973418082636,947.648048593899
12332,8990,422.4667,16626.29,14.08941,5.480708,-1.381833,0,0,0,0,0,0,0,0,0,0,0,0.10961416,853.585019202706,0.104012351292503,947.150024071194
12333,8990,422.5333,16616.18,14.09165,5.482948,-1.38729,0,0,0,0,0,0,0,0,0,0,0,0.10965896,853.065977098656,0.104052724872124,946.612304958679
12334,8990,422.6,16605.8,14.09391,5.485208,-1.393247,0,0,0,0,0,0,0,0,0,0,0,0.10970416,852.533073336041,0.104093457278281,946.05949801859
12335,8990,422.6667,16596.57,14.09613,5.487428,-1.386816,0,0,0,0,0,0,0,0,0,0,0,0.10974856,852.059209971019,0.104133467141619,945.571481300076
12336,8990,422.7333,16586.52,14.09837,5.489668,-1.38659,0,0,0,0,0,0,0,0,0,0,0,0.10979336,851.543248235539,0.104173835831754,945.037042644633
12337,8990,422.8,16576.07,14.10059,5.491888,-1.375087,0,0,0,0,0,0,0,0,0,0,0,0.10983776,851.006750709593,0.104213842479351,944.479425952413
12338,8990,422.8667,16566.47,14.10273,5.494028,-1.379297,0,0,0,0,0,0,0,0,0,0,0,0.10988056,850.513891738389,0.104252405930956,943.968834450382
12339,8990,422.9333,16555.73,14.10497,5.496268,-1.379905,0,0,0,0,0,0,0,0,0,0,0,0.10992536,849.962505764354,0.104292769820071,943.394940197002
12340,8990,423,16544.73,14.10725,5.498548,-1.379016,0,0,0,0,0,0,0,0,0,0,0,0.10997096,849.397771526515,0.104333852819845,942.806859883147
12341,8990,423.0667,16535.19,14.10943,5.500728,-1.380785,0,0,0,0,0,0,0,0,0,0,0,0.11001456,848.907992923881,0.104373132355331,942.300232245884
12342,8990,423.1333,16524.71,14.11169,5.502988,-1.380609,0,0,0,0,0,0,0,0,0,0,0,0.11005976,848.369955213649,0.104413851712876,941.741348875674
12343,8990,423.2,16514.01,14.11397,5.505268,-1.371144,0,0,0,0,0,0,0,0,0,0,0,0.11010536,847.820622818661,0.104454929738646,941.170217709534
12344,8990,423.2667,16504.53,14.11613,5.507428,-1.36417,0,0,0,0,0,0,0,0,0,0,0,0.11014856,847.333924584597,0.104493844206596,940.666536216739
12345,8990,423.3333,16493.98,14.11839,5.509688,-1.369058,0,0,0,0,0,0,0,0,0,0,0,0.11019376,846.792293111034,0.104534558649229,940.103519827961
12346,8990,423.4,16483.24,14.12063,5.511928,-1.372365,0,0,0,0,0,0,0,0,0,0,0,0.11023856,846.240907136999,0.104574911151399,939.529286152875
12347,8990,423.4667,16473.24,14.12275,5.514048,-1.367832,0,0,0,0,0,0,0,0,0,0,0,0.11028096,845.727512375327,0.104613100412627,938.995154338491
12348,8990,423.5333,16462.31,14.12497,5.516268,-1.377277,0,0,0,0,0,0,0,0,0,0,0,0.11032536,845.166371900821,0.104653089490931,938.409656140673
12349,8990,423.6,16451.29,14.12727,5.518568,-1.381854,0,0,0,0,0,0,0,0,0,0,0,0.11037136,844.600610873459,0.104694517930566,937.820328952394
12350,8990,423.6667,16441.52,14.12945,5.520748,-1.377456,0,0,0,0,0,0,0,0,0,0,0,0.11041496,844.099024191306,0.104733783302126,937.300184183428
12351,8990,423.7333,16431.16,14.13173,5.523028,-1.383385,0,0,0,0,0,0,0,0,0,0,0,0.11046056,843.567147218215,0.10477484818811,936.748046697541
12352,8990,423.8,16420.53,14.13395,5.525248,-1.380797,0,0,0,0,0,0,0,0,0,0,0,0.11050496,843.021408586558,0.104814830798922,936.17945562156
12353,8990,423.8667,16410.17,14.13615,5.527448,-1.386784,0,0,0,0,0,0,0,0,0,0,0,0.11054896,842.489531613467,0.104854451629024,935.625873144223
12354,8990,423.9333,16399.38,14.13843,5.529728,-1.38578,0,0,0,0,0,0,0,0,0,0,0,0.11059456,841.935578665624,0.104895511560177,935.049073536494
12355,8990,424,16388.3,14.14059,5.531888,-1.374486,0,0,0,0,0,0,0,0,0,0,0,0.11063776,841.366737269692,0.104934408887229,934.453668419719
12356,8990,424.0667,16377.36,14.14274,5.534038,-1.383592,0,0,0,0,0,0,0,0,0,0,0,0.11068076,840.805083400424,0.104973124631611,933.866029043046
12357,8990,424.1333,16365.95,14.14507,5.536368,-1.396478,0,0,0,0,0,0,0,0,0,0,0,0.11072736,840.219299977357,0.105015080001799,933.254564884897
12358,8990,424.2,16354.72,14.14725,5.538548,-1.392096,0,0,0,0,0,0,0,0,0,0,0,0.11077096,839.64275766,0.105054332788635,932.650791983045
12359,8990,424.2667,16343.74,14.14945,5.540748,-1.384887,0,0,0,0,0,0,0,0,0,0,0,0.11081496,839.079050211685,0.105093944130794,932.06156159773
12360,8990,424.3333,16332.56,14.15177,5.543068,-1.378451,0,0,0,0,0,0,0,0,0,0,0,0.11086136,838.505074868136,0.105135714391915,931.46288783492
12361,8990,424.4,16321.42,14.15395,5.545248,-1.379318,0,0,0,0,0,0,0,0,0,0,0,0.11090496,837.933153103634,0.105174962443893,930.864095931267
12362,8990,424.4667,16310.13,14.15613,5.547428,-1.383016,0,0,0,0,0,0,0,0,0,0,0,0.11094856,837.353530417708,0.105214208955523,930.256698828468
12363,8990,424.5333,16298.68,14.15845,5.549748,-1.387315,0,0,0,0,0,0,0,0,0,0,0,0.11099496,836.765693415594,0.105255974193558,929.64246808563
12364,8990,424.6,16287.51,14.16059,5.551888,-1.390331,0,0,0,0,0,0,0,0,0,0,0,0.11103776,836.192231466807,0.105294497478674,929.041143778283
12365,8990,424.6667,16276.08,14.16277,5.554068,-1.398377,0,0,0,0,0,0,0,0,0,0,0,0.11108136,835.605421254217,0.105333739299343,928.425607870508
12366,8990,424.7333,16264.54,14.16509,5.556388,-1.396929,0,0,0,0,0,0,0,0,0,0,0,0.11112776,835.012963699249,0.105375499545567,927.806083926107
12367,8990,424.8,16253.29,14.16725,5.558548,-1.392774,0,0,0,0,0,0,0,0,0,0,0,0.11117096,834.435394592368,0.105414378207213,927.200378467181
12368,8990,424.8667,16241.84,14.16949,5.560788,-1.390648,0,0,0,0,0,0,0,0,0,0,0,0.11121576,833.847557590255,0.105454695222792,926.584547431799
12369,8990,424.9333,16230.42,14.17179,5.563088,-1.384198,0,0,0,0,0,0,0,0,0,0,0,0.11126176,833.261260772426,0.105496090467147,925.971375185785
12370,8990,425,16219.18,14.17392,5.565218,-1.382775,0,0,0,0,0,0,0,0,0,0,0,0.11130436,832.684205060308,0.105534424534801,925.365587586654
12371,8990,425.0667,16207.13,14.17616,5.567458,-1.384405,0,0,0,0,0,0,0,0,0,0,0,0.11134916,832.065564372494,0.105574736710858,924.715366030297
12372,8990,425.1333,16195.22,14.17849,5.569788,-1.376457,0,0,0,0,0,0,0,0,0,0,0,0.11139576,831.454111211343,0.105616666848309,924.074573834855
12373,8990,425.2,16184.01,14.18062,5.571918,-1.377678,0,0,0,0,0,0,0,0,0,0,0,0.11143836,830.87859568351,0.105654996294147,923.470343745583
12374,8990,425.2667,16171.94,14.18276,5.574058,-1.374874,0,0,0,0,0,0,0,0,0,0,0,0.11148116,830.258928206173,0.105693504210984,922.817156622954
12375,8990,425.3333,16159.36,14.18508,5.576378,-1.380962,0,0,0,0,0,0,0,0,0,0,0,0.11152756,829.61307759599,0.105735249436353,922.137799884362
12376,8990,425.4,16147.86,14.18726,5.578558,-1.367395,0,0,0,0,0,0,0,0,0,0,0,0.11157116,829.022673620068,0.105774473965262,921.517694982161
12377,8990,425.4667,16135.88,14.18944,5.580738,-1.364295,0,0,0,0,0,0,0,0,0,0,0,0.11161476,828.407626695586,0.105813696955668,920.870145131384
12378,8990,425.5333,16123.74,14.19179,5.583088,-1.37118,0,0,0,0,0,0,0,0,0,0,0,0.11166176,827.784365454917,0.105855976896633,920.216224602097
12379,8990,425.6,16112.32,14.194,5.585298,-1.373295,0,0,0,0,0,0,0,0,0,0,0,0.11170596,827.198068637089,0.105895736401647,919.601023004341
12380,8990,425.6667,16100.34,14.19618,5.587478,-1.376226,0,0,0,0,0,0,0,0,0,0,0,0.11174956,826.583021712607,0.10593495463616,918.953310692461
12381,8990,425.7333,16087.86,14.19847,5.589768,-1.375352,0,0,0,0,0,0,0,0,0,0,0,0.11179536,825.942305050041,0.105976150116039,918.27882238234
12382,8990,425.8,16075.89,14.20064,5.591938,-1.372491,0,0,0,0,0,0,0,0,0,0,0,0.11183876,825.32777152032,0.106015185314874,917.631406080716
12383,8990,425.8667,16063.28,14.2028,5.594098,-1.371972,0,0,0,0,0,0,0,0,0,0,0,0.11188196,824.680380725853,0.106054039114829,916.947238095008
12384,8990,425.9333,16050.29,14.2051,5.596398,-1.369039,0,0,0,0,0,0,0,0,0,0,0,0.11192796,824.013480930442,0.106095409557144,916.243628863485
12385,8990,426,16038.1,14.20728,5.598578,-1.365496,0,0,0,0,0,0,0,0,0,0,0,0.11197156,823.387652715965,0.106134619961763,915.58365267531
12386,8990,426.0667,16025.34,14.2095,5.600798,-1.36692,0,0,0,0,0,0,0,0,0,0,0,0.11201596,822.732561000072,0.10617454824338,914.891738643754
12387,8990,426.1333,16012.55,14.21182,5.603118,-1.373556,0,0,0,0,0,0,0,0,0,0,0,0.11206236,822.075929099895,0.106216273392705,914.199697814021
12388,8990,426.2,16000.58,14.214,5.605298,-1.371092,0,0,0,0,0,0,0,0,0,0,0,0.11210596,821.461395570174,0.106255479058584,913.552113923508
12389,8990,426.2667,15987.76,14.2162,5.607498,-1.372359,0,0,0,0,0,0,0,0,0,0,0,0.11214996,820.803223485712,0.10629504285123,912.856272167505
12390,8990,426.3333,15974.63,14.21846,5.609758,-1.378693,0,0,0,0,0,0,0,0,0,0,0,0.11219516,820.129136163637,0.106335684026558,912.143655816178
12391,8990,426.4,15962.17,14.22062,5.611918,-1.373595,0,0,0,0,0,0,0,0,0,0,0,0.11223836,819.489446290595,0.106374525376158,911.467597779559
12392,8990,426.4667,15948.93,14.2228,5.614098,-1.373319,0,0,0,0,0,0,0,0,0,0,0,0.11228196,818.809711626142,0.106413724838274,910.74727091456
12393,8990,426.5333,15935.28,14.2251,5.616398,-1.374008,0,0,0,0,0,0,0,0,0,0,0,0.11232796,818.108927776461,0.106455080403214,910.005434691378
12394,8990,426.6,15922.72,14.22732,5.618618,-1.374202,0,0,0,0,0,0,0,0,0,0,0,0.11237236,817.464103955802,0.106494995891702,909.3244745326
12395,8990,426.6667,15909.91,14.22956,5.620858,-1.370459,0,0,0,0,0,0,0,0,0,0,0,0.11241716,816.806445266101,0.106535269364409,908.629506112611
12396,8990,426.7333,15896.67,14.23178,5.623078,-1.3691,0,0,0,0,0,0,0,0,0,0,0,0.11246156,816.126710601648,0.106575181652307,907.909593633578
12397,8990,426.8,15883.92,14.234,5.625298,-1.36369,0,0,0,0,0,0,0,0,0,0,0,0.11250596,815.472132280517,0.106615092347279,907.217607375984
12398,8990,426.8667,15870.7,14.23628,5.627578,-1.359349,0,0,0,0,0,0,0,0,0,0,0,0.11255156,814.793424405588,0.106656080051728,906.499695400179
12399,8990,426.9333,15857.28,14.23844,5.629738,-1.366953,0,0,0,0,0,0,0,0,0,0,0,0.11259476,814.104448635425,0.106694908958948,905.768343644463
12400,8990,427,15843.9,14.24062,5.631918,-1.373247,0,0,0,0,0,0,0,0,0,0,0,0.11263836,813.417526444309,0.106734095864459,905.039542618253
12401,8990,427.0667,15829.85,14.2429,5.634198,-1.375358,0,0,0,0,0,0,0,0,0,0,0,0.11268396,812.696206804161,0.106775078691617,904.274033663833
12402,8990,427.1333,15815.96,14.24508,5.636378,-1.378242,0,0,0,0,0,0,0,0,0,0,0,0.11272756,811.9831014802,0.106814262455711,903.515975271295
12403,8990,427.2,15802.23,14.24732,5.638618,-1.37499,0,0,0,0,0,0,0,0,0,0,0,0.11277236,811.278210472425,0.106854523072755,902.767968883977
12404,8990,427.2667,15489.42,14.25082,5.642118,-1.373187,0,0,0,0,0,0,0,0,0,0,0,0.11284236,795.218708932587,0.106917427042067,884.953064764693
12405,8990,427.3333,8059,14.25341,5.644708,-1.375268,0,0,0,0,0,0,0,0,0,0,0,0.11289416,413.744838430859,0.106963973432032,460.454214419846
12406,8990,427.4,344.515,14.25425,5.645548,-1.364806,0,0,0,0,0,0,0,0,0,0,0,0.11291096,17.687219631717,0.106979069093237,19.684300580065
