sample,diameter_mm,cold_reduction_percent,variant,grain_id,num_pixels,boundary_touching,area_um2,ecd_um
7d,7,0,raw,4,5,1,1.25,1.26156626101008
7d,7,0,raw,7,5,1,1.25,1.26156626101008
7d,7,0,raw,8,8,1,2,1.59576912160573
7d,7,0,raw,9,9,1,2.25,1.69256875064327
7d,7,0,raw,10,16,1,4,2.25675833419103
7d,7,0,raw,11,8,1,2,1.59576912160573
7d,7,0,raw,12,7,1,1.75,1.49270533036046
7d,7,0,raw,13,8,1,2,1.59576912160573
7d,7,0,raw,16,8,1,2,1.59576912160573
7d,7,0,raw,17,24,1,6,2.76395319577068
7d,7,0,raw,19,23,1,5.75,2.705758189903
7d,7,0,raw,20,12,1,3,1.95441004761168
7d,7,0,raw,21,13,1,3.25,2.03421447256411
7d,7,0,raw,22,12,1,3,1.95441004761168
7d,7,0,raw,24,41,1,10.25,3.61257599692178
7d,7,0,raw,25,5,1,1.25,1.26156626101008
7d,7,0,raw,26,9,1,2.25,1.69256875064327
7d,7,0,raw,27,17,1,4.25,2.32621324584064
7d,7,0,raw,29,54,1,13.5,4.14592979365603
7d,7,0,raw,30,43,1,10.75,3.69963851016596
7d,7,0,raw,32,16,1,4,2.25675833419103
7d,7,0,raw,33,30,1,7.5,3.09019361618552
7d,7,0,raw,35,43,1,10.75,3.69963851016596
7d,7,0,raw,37,52,1,13,4.06842894512822
7d,7,0,raw,39,91,1,22.75,5.38202560777306
7d,7,0,raw,40,52,1,13,4.06842894512822
7d,7,0,raw,43,116,1,29,6.0765077797465
7d,7,0,raw,44,41,1,10.25,3.61257599692178
7d,7,0,raw,45,58,1,14.5,4.29673985699156
7d,7,0,raw,46,30,0,7.5,3.09019361618552
7d,7,0,raw,48,46,1,11.5,3.82651992866291
7d,7,0,raw,49,48,1,12,3.90882009522336
7d,7,0,raw,50,88,1,22,5.29256742840123
7d,7,0,raw,51,62,1,15.5,4.44243322329048
7d,7,0,raw,53,58,1,14.5,4.29673985699156
7d,7,0,raw,55,154,1,38.5,7.00140860629515
7d,7,0,raw,56,36,0,9,3.38513750128654
7d,7,0,raw,58,70,1,17.5,4.72034871941315
7d,7,0,raw,59,17,0,4.25,2.32621324584064
7d,7,0,raw,60,69,1,17.25,4.6865106579076
7d,7,0,raw,62,98,0,24.5,5.58519192562006
7d,7,0,raw,65,136,1,34,6.57952464247954
7d,7,0,raw,66,121,1,30.25,6.20608541902532
7d,7,0,raw,68,168,1,42,7.31273279143145
7d,7,0,raw,70,43,0,10.75,3.69963851016596
7d,7,0,raw,72,32,0,8,3.19153824321146
7d,7,0,raw,74,135,1,33.75,6.55529058355247
7d,7,0,raw,75,67,0,16.75,4.61809077155419
7d,7,0,raw,80,6,0,1.5,1.38197659788534
7d,7,0,raw,81,100,1,25,5.64189583547756
7d,7,0,raw,82,86,1,21.5,5.23207895695449
7d,7,0,raw,83,147,1,36.75,6.84043516664088
7d,7,0,raw,86,15,0,3.75,2.18509686118416
7d,7,0,raw,87,179,1,44.75,7.54834217738561
7d,7,0,raw,88,106,1,26.5,5.80868728160518
7d,7,0,raw,90,77,0,19.25,4.95074350336915
7d,7,0,raw,91,53,0,13.25,4.10736216661508
7d,7,0,raw,92,275,1,68.75,9.35602579627389
7d,7,0,raw,93,90,0,22.5,5.35237234845831
7d,7,0,raw,94,275,1,68.75,9.35602579627389
7d,7,0,raw,95,286,1,71.5,9.54131162097561
7d,7,0,raw,97,137,1,34.25,6.60366976818037
7d,7,0,raw,99,195,1,48.75,7.8784787748549
7d,7,0,raw,101,86,0,21.5,5.23207895695449
7d,7,0,raw,102,170,1,42.5,7.35613218010963
7d,7,0,raw,103,122,0,30.5,6.2316776324215
7d,7,0,raw,104,55,0,13.75,4.184141935942
7d,7,0,raw,105,43,0,10.75,3.69963851016596
7d,7,0,raw,106,24,0,6,2.76395319577068
7d,7,0,raw,107,15,1,3.75,2.18509686118416
7d,7,0,raw,108,22,0,5.5,2.64628371420061
7d,7,0,raw,109,138,0,34.5,6.62772693261899
7d,7,0,raw,110,21,0,5.25,2.58544147291321
7d,7,0,raw,111,181,0,45.25,7.5903945483266
7d,7,0,raw,113,299,1,74.75,9.75574989270191
7d,7,0,raw,114,11,0,2.75,1.87120515925478
7d,7,0,raw,115,17,0,4.25,2.32621324584064
7d,7,0,raw,117,13,0,3.25,2.03421447256411
7d,7,0,raw,118,266,1,66.5,9.20165364078046
7d,7,0,raw,119,267,1,66.75,9.21893375673522
7d,7,0,raw,121,104,0,26,5.75362739175159
7d,7,0,raw,123,17,0,4.25,2.32621324584064
7d,7,0,raw,124,105,0,26.25,5.78122288528111
7d,7,0,raw,125,145,0,36.25,6.79374223065974
7d,7,0,raw,126,21,0,5.25,2.58544147291321
7d,7,0,raw,128,44,0,11,3.74241031850956
7d,7,0,raw,129,152,0,38,6.95579633830205
7d,7,0,raw,130,109,1,27.25,5.89031218137317
7d,7,0,raw,132,66,0,16.5,4.58349784423754
7d,7,0,raw,133,110,0,27.5,5.9172702727032
7d,7,0,raw,137,70,0,17.5,4.72034871941315
7d,7,0,raw,138,39,0,9.75,3.52336281997296
7d,7,0,raw,141,151,0,37.75,6.93287767191607
7d,7,0,raw,142,109,0,27.25,5.89031218137317
7d,7,0,raw,144,68,0,17,4.65242649168128
7d,7,0,raw,145,125,0,31.25,6.3078313050504
7d,7,0,raw,147,88,0,22,5.29256742840123
7d,7,0,raw,148,275,0,68.75,9.35602579627389
7d,7,0,raw,150,7,0,1.75,1.49270533036046
7d,7,0,raw,152,316,0,79,10.0292534135935
7d,7,0,raw,153,81,0,20.25,5.07770625192981
7d,7,0,raw,155,66,0,16.5,4.58349784423754
7d,7,0,raw,156,39,1,9.75,3.52336281997296
7d,7,0,raw,158,62,0,15.5,4.44243322329048
7d,7,0,raw,161,44,0,11,3.74241031850956
7d,7,0,raw,162,155,0,38.75,7.02410366940064
7d,7,0,raw,163,233,0,58.25,8.61198022993685
7d,7,0,raw,164,180,0,45,7.56939756606048
7d,7,0,raw,165,43,0,10.75,3.69963851016596
7d,7,0,raw,166,28,0,7,2.98541066072092
7d,7,0,raw,169,131,0,32.75,6.45744493511765
7d,7,0,raw,170,341,1,85.25,10.4184294012424
7d,7,0,raw,171,14,0,3.5,2.11100412282238
7d,7,0,raw,172,88,0,22,5.29256742840123
7d,7,0,raw,173,426,1,106.5,11.6447417968066
7d,7,0,raw,177,99,0,24.75,5.61361547776433
7d,7,0,raw,179,195,0,48.75,7.8784787748549
7d,7,0,raw,180,451,1,112.75,11.9815591084337
7d,7,0,raw,184,162,0,40.5,7.18096104722579
7d,7,0,raw,186,265,0,66.25,9.18434101276213
7d,7,0,raw,188,49,0,12.25,3.94932708483429
7d,7,0,raw,189,53,0,13.25,4.10736216661508
7d,7,0,raw,190,411,1,102.75,11.437891554895
7d,7,0,raw,191,114,0,28.5,6.02389633252035
7d,7,0,raw,192,338,0,84.5,10.3724992904373
7d,7,0,raw,193,204,0,51,8.0582390620714
7d,7,0,raw,194,51,0,12.75,4.0291195310357
7d,7,0,raw,195,84,0,21,5.17088294582641
7d,7,0,raw,196,63,0,15.75,4.47811599108138
7d,7,0,raw,199,118,0,29.5,6.12866760150094
7d,7,0,raw,200,53,0,13.25,4.10736216661508
7d,7,0,raw,201,38,0,9.5,3.47789816915102
7d,7,0,raw,202,265,0,66.25,9.18434101276213
7d,7,0,raw,205,60,0,15,4.37019372236832
7d,7,0,raw,206,122,0,30.5,6.2316776324215
7d,7,0,raw,207,87,0,21.75,5.26241010355424
7d,7,0,raw,208,20,0,5,2.52313252202016
7d,7,0,raw,209,190,0,47.5,7.77681672504375
7d,7,0,raw,212,176,0,44,7.48482063701911
7d,7,0,raw,214,177,0,44.25,7.50605421340207
7d,7,0,raw,215,9,0,2.25,1.69256875064327
7d,7,0,raw,217,182,0,45.5,7.61133360755196
7d,7,0,raw,218,24,0,6,2.76395319577068
7d,7,0,raw,222,8,0,2,1.59576912160573
7d,7,0,raw,223,49,0,12.25,3.94932708483429
7d,7,0,raw,224,63,0,15.75,4.47811599108138
7d,7,0,raw,227,92,0,23,5.41151637980601
7d,7,0,raw,229,141,0,35.25,6.69938011698952
7d,7,0,raw,232,44,0,11,3.74241031850956
7d,7,0,raw,233,154,0,38.5,7.00140860629515
7d,7,0,raw,234,199,0,49.75,7.95887349758585
7d,7,0,raw,236,460,0,115,12.1005184865998
7d,7,0,raw,237,136,1,34,6.57952464247954
7d,7,0,raw,238,67,0,16.75,4.61809077155419
7d,7,0,raw,240,108,0,27,5.86323014283504
7d,7,0,raw,241,48,0,12,3.90882009522336
7d,7,0,raw,242,57,0,14.25,4.25953794588991
7d,7,0,raw,243,115,0,28.75,6.0502592432999
7d,7,0,raw,244,16,0,4,2.25675833419103
7d,7,0,raw,245,134,0,33.5,6.53096660140197
7d,7,0,raw,246,198,0,49.5,7.93885114260184
7d,7,0,raw,247,18,0,4.5,2.3936536824086
7d,7,0,raw,248,120,0,30,6.18038723237103
7d,7,0,raw,249,159,0,39.75,7.1141599576635
7d,7,0,raw,250,14,0,3.5,2.11100412282238
7d,7,0,raw,251,60,0,15,4.37019372236832
7d,7,0,raw,255,17,0,4.25,2.32621324584064
7d,7,0,raw,256,171,0,42.75,7.3777361390489
7d,7,0,raw,257,14,0,3.5,2.11100412282238
7d,7,0,raw,260,681,0,170.25,14.7230782274347
7d,7,0,raw,261,441,0,110.25,11.8479812545029
7d,7,0,raw,262,17,0,4.25,2.32621324584064
7d,7,0,raw,263,223,0,55.75,8.42514715711158
7d,7,0,raw,264,160,0,40,7.13649646461108
7d,7,0,raw,266,311,0,77.75,9.94959168022281
7d,7,0,raw,268,352,0,88,10.5851348568025
7d,7,0,raw,270,66,0,16.5,4.58349784423754
7d,7,0,raw,273,114,0,28.5,6.02389633252035
7d,7,0,raw,274,6,0,1.5,1.38197659788534
7d,7,0,raw,275,81,0,20.25,5.07770625192981
7d,7,0,raw,277,161,1,40.25,7.15876327835963
7d,7,0,raw,278,5,1,1.25,1.26156626101008
7d,7,0,raw,280,13,0,3.25,2.03421447256411
7d,7,0,raw,281,74,0,18.5,4.85334230995512
7d,7,0,raw,283,100,0,25,5.64189583547756
7d,7,0,raw,284,16,0,4,2.25675833419103
7d,7,0,raw,285,96,0,24,5.52790639154137
7d,7,0,raw,287,218,0,54.5,8.33015937350939
7d,7,0,raw,288,31,0,7.75,3.14127465715711
7d,7,0,raw,289,243,0,60.75,8.79484521425256
7d,7,0,raw,292,20,0,5,2.52313252202016
7d,7,0,raw,294,63,0,15.75,4.47811599108138
7d,7,0,raw,295,79,0,19.75,5.01462670679677
7d,7,0,raw,297,76,0,19,4.91849075936593
7d,7,0,raw,298,224,0,56,8.4440164912895
7d,7,0,raw,299,124,0,31,6.28254931431422
7d,7,0,raw,301,109,0,27.25,5.89031218137317
7d,7,0,raw,302,8,0,2,1.59576912160573
7d,7,0,raw,303,59,0,14.75,4.33362242065961
7d,7,0,raw,304,58,0,14.5,4.29673985699156
7d,7,0,raw,305,48,1,12,3.90882009522336
7d,7,0,raw,309,143,0,35.75,6.74672614860586
7d,7,0,raw,310,6,0,1.5,1.38197659788534
7d,7,0,raw,312,5,0,1.25,1.26156626101008
7d,7,0,raw,313,25,0,6.25,2.82094791773878
7d,7,0,raw,314,159,0,39.75,7.1141599576635
7d,7,0,raw,315,18,1,4.5,2.3936536824086
7d,7,0,raw,319,103,0,25.75,5.72589890558072
7d,7,0,raw,322,51,0,12.75,4.0291195310357
7d,7,0,raw,325,257,0,64.25,9.04464707709672
7d,7,0,raw,326,128,0,32,6.38307648642292
7d,7,0,raw,328,68,0,17,4.65242649168128
7d,7,0,raw,330,336,0,84,10.3417658916528
7d,7,0,raw,331,139,0,34.75,6.65169709018284
7d,7,0,raw,334,13,0,3.25,2.03421447256411
7d,7,0,raw,337,427,0,106.75,11.6584013226719
7d,7,0,raw,338,296,0,74,9.70668461991024
7d,7,0,raw,339,236,0,59,8.66724484131922
7d,7,0,raw,340,93,0,23.25,5.44084730672462
7d,7,0,raw,341,94,0,23.5,5.47002095985713
7d,7,0,raw,344,15,0,3.75,2.18509686118416
7d,7,0,raw,345,203,0,50.75,8.03846421247924
7d,7,0,raw,347,5,0,1.25,1.26156626101008
7d,7,0,raw,348,14,0,3.5,2.11100412282238
7d,7,0,raw,349,84,0,21,5.17088294582641
7d,7,0,raw,351,171,0,42.75,7.3777361390489
7d,7,0,raw,352,13,0,3.25,2.03421447256411
7d,7,0,raw,353,95,0,23.75,5.4990398423234
7d,7,0,raw,354,98,0,24.5,5.58519192562006
7d,7,0,raw,355,60,0,15,4.37019372236832
7d,7,0,raw,356,60,0,15,4.37019372236832
7d,7,0,raw,357,10,1,2.5,1.78412411615277
7d,7,0,raw,358,15,0,3.75,2.18509686118416
7d,7,0,raw,360,101,0,25.25,5.67003514138694
7d,7,0,raw,361,5,0,1.25,1.26156626101008
7d,7,0,raw,362,131,0,32.75,6.45744493511765
7d,7,0,raw,363,117,0,29.25,6.10264341769233
7d,7,0,raw,364,5,0,1.25,1.26156626101008
7d,7,0,raw,365,58,0,14.5,4.29673985699156
7d,7,0,raw,366,130,0,32.5,6.43275098258069
7d,7,0,raw,367,205,0,51.25,8.07796550300118
7d,7,0,raw,369,356,0,89,10.6451077721848
7d,7,0,raw,372,186,0,46.5,7.69452005197108
7d,7,0,raw,373,113,0,28.25,5.99741753913869
7d,7,0,raw,377,91,0,22.75,5.38202560777306
7d,7,0,raw,378,50,0,12.5,3.98942280401433
7d,7,0,raw,379,78,0,19.5,4.98278748516688
7d,7,0,raw,382,18,0,4.5,2.3936536824086
7d,7,0,raw,383,14,0,3.5,2.11100412282238
7d,7,0,raw,384,18,0,4.5,2.3936536824086
7d,7,0,raw,385,116,0,29,6.0765077797465
7d,7,0,raw,387,68,0,17,4.65242649168128
7d,7,0,raw,388,179,0,44.75,7.54834217738561
7d,7,0,raw,389,72,0,18,4.78730736481719
7d,7,0,raw,393,23,0,5.75,2.705758189903
7d,7,0,raw,394,216,0,54,8.29185958731205
7d,7,0,raw,395,91,0,22.75,5.38202560777306
7d,7,0,raw,396,71,0,17.75,4.75394593143939
7d,7,0,raw,397,26,0,6.5,2.8768136958758
7d,7,0,raw,398,234,0,58.5,8.63044108762739
7d,7,0,raw,399,268,0,67,9.23618154310838
7d,7,0,raw,400,52,0,13,4.06842894512822
7d,7,0,raw,401,246,0,61.5,8.84896784948462
7d,7,0,raw,407,198,0,49.5,7.93885114260184
7d,7,0,raw,408,21,0,5.25,2.58544147291321
7d,7,0,raw,409,107,0,26.75,5.83602243155949
7d,7,0,raw,416,140,0,35,6.67558117812455
7d,7,0,raw,417,49,0,12.25,3.94932708483429
7d,7,0,raw,418,113,0,28.25,5.99741753913869
7d,7,0,raw,419,47,0,11.75,3.86788891394752
7d,7,0,raw,420,110,0,27.5,5.9172702727032
7d,7,0,raw,423,254,0,63.5,8.9917023466462
7d,7,0,raw,425,38,0,9.5,3.47789816915102
7d,7,0,raw,427,382,0,95.5,11.0269840175003
7d,7,0,raw,428,107,0,26.75,5.83602243155949
7d,7,0,raw,431,285,0,71.25,9.52461639974967
7d,7,0,raw,434,551,0,137.75,13.2434416707768
7d,7,0,raw,435,164,0,41,7.22515199384357
7d,7,0,raw,436,118,0,29.5,6.12866760150094
7d,7,0,raw,438,54,0,13.5,4.14592979365603
7d,7,0,raw,439,67,0,16.75,4.61809077155419
7d,7,0,raw,440,60,0,15,4.37019372236832
7d,7,0,raw,441,93,0,23.25,5.44084730672462
7d,7,0,raw,443,303,0,75.75,9.82078894558317
7d,7,0,raw,444,31,0,7.75,3.14127465715711
7d,7,0,raw,446,56,0,14,4.22200824564475
7d,7,0,raw,447,206,0,51.5,8.09764388904951
7d,7,0,raw,449,96,0,24,5.52790639154137
7d,7,0,raw,450,101,0,25.25,5.67003514138694
7d,7,0,raw,451,50,0,12.5,3.98942280401433
7d,7,0,raw,454,134,0,33.5,6.53096660140197
7d,7,0,raw,457,118,0,29.5,6.12866760150094
7d,7,0,raw,460,131,0,32.75,6.45744493511765
7d,7,0,raw,461,35,0,8.75,3.33779058906227
7d,7,0,raw,463,93,0,23.25,5.44084730672462
7d,7,0,raw,464,388,0,97,11.1132459632328
7d,7,0,raw,466,288,0,72,9.57461472963438
7d,7,0,raw,467,188,0,47,7.73577782789505
7d,7,0,raw,468,242,1,60.5,8.77673016883152
7d,7,0,raw,469,91,0,22.75,5.38202560777306
7d,7,0,raw,475,157,0,39.25,7.06927521962861
7d,7,0,raw,480,404,0,101,11.3400702827739
7d,7,0,raw,483,290,0,72.5,9.60780240186586
7d,7,0,raw,485,1016,0,254,17.9834046932924
7d,7,0,raw,486,54,0,13.5,4.14592979365603
7d,7,0,raw,487,365,0,91.25,10.7788268590364
7d,7,0,raw,490,95,0,23.75,5.4990398423234
7d,7,0,raw,492,12,0,3,1.95441004761168
7d,7,0,raw,493,49,0,12.25,3.94932708483429
7d,7,0,raw,496,28,0,7,2.98541066072092
7d,7,0,raw,497,21,0,5.25,2.58544147291321
7d,7,0,raw,498,726,1,181.5,15.2017425767388
7d,7,0,raw,502,193,0,48.25,7.83797218886822
7d,7,0,raw,503,138,0,34.5,6.62772693261899
7d,7,0,raw,504,15,0,3.75,2.18509686118416
7d,7,0,raw,505,74,0,18.5,4.85334230995512
7d,7,0,raw,508,149,0,37.25,6.88681152939332
7d,7,0,raw,509,27,0,6.75,2.93161507141752
7d,7,0,raw,511,273,0,68.25,9.3219418002997
7d,7,0,raw,512,62,0,15.5,4.44243322329048
7d,7,0,raw,515,216,0,54,8.29185958731205
7d,7,0,raw,517,48,0,12,3.90882009522336
7d,7,0,raw,518,128,0,32,6.38307648642292
7d,7,0,raw,520,219,0,54.75,8.3492433833402
7d,7,0,raw,521,779,0,194.75,15.7468536964428
7d,7,0,raw,525,148,0,37,6.8636625175777
7d,7,0,raw,526,103,0,25.75,5.72589890558072
7d,7,0,raw,527,107,0,26.75,5.83602243155949
7d,7,0,raw,528,65,0,16.25,4.54864184146723
7d,7,0,raw,529,69,0,17.25,4.6865106579076
7d,7,0,raw,531,98,0,24.5,5.58519192562006
7d,7,0,raw,532,14,0,3.5,2.11100412282238
7d,7,0,raw,535,239,0,59.75,8.72215929675249
7d,7,0,raw,538,567,0,141.75,13.4343479732442
7d,7,0,raw,540,65,0,16.25,4.54864184146723
7d,7,0,raw,543,83,0,20.75,5.14001172695692
7d,7,0,raw,544,371,0,92.75,10.8670588373389
7d,7,0,raw,545,9,0,2.25,1.69256875064327
7d,7,0,raw,548,41,0,10.25,3.61257599692178
7d,7,0,raw,549,280,0,70,9.4406974388263
7d,7,0,raw,550,359,0,89.75,10.6898666567914
7d,7,0,raw,551,83,0,20.75,5.14001172695692
7d,7,0,raw,552,7,0,1.75,1.49270533036046
7d,7,0,raw,553,788,0,197,15.8375563239039
7d,7,0,raw,554,64,0,16,4.51351666838205
7d,7,0,raw,557,14,0,3.5,2.11100412282238
7d,7,0,raw,558,6,0,1.5,1.38197659788534
7d,7,0,raw,559,221,0,55.25,8.38728113554194
7d,7,0,raw,560,35,0,8.75,3.33779058906227
7d,7,0,raw,561,110,0,27.5,5.9172702727032
7d,7,0,raw,562,355,0,88.75,10.630146264057
7d,7,0,raw,563,202,0,50.5,8.01864059608146
7d,7,0,raw,564,71,0,17.75,4.75394593143939
7d,7,0,raw,566,155,0,38.75,7.02410366940064
7d,7,0,raw,570,99,0,24.75,5.61361547776433
7d,7,0,raw,571,42,0,10.5,3.65636639571573
7d,7,0,raw,572,75,0,18.75,4.8860251190292
7d,7,0,raw,573,446,0,111.5,11.9149573745763
7d,7,0,raw,574,53,0,13.25,4.10736216661508
7d,7,0,raw,576,21,0,5.25,2.58544147291321
7d,7,0,raw,577,187,0,46.75,7.71517651880816
7d,7,0,raw,578,110,0,27.5,5.9172702727032
7d,7,0,raw,579,59,0,14.75,4.33362242065961
7d,7,0,raw,581,189,0,47.25,7.75632441873962
7d,7,0,raw,582,332,0,83,10.2800234539138
7d,7,0,raw,584,225,0,56.25,8.46284375321634
7d,7,0,raw,587,6,0,1.5,1.38197659788534
7d,7,0,raw,588,9,0,2.25,1.69256875064327
7d,7,0,raw,589,520,0,130,12.8655019651614
7d,7,0,raw,591,15,0,3.75,2.18509686118416
7d,7,0,raw,592,166,1,41.5,7.26907429501923
7d,7,0,raw,593,116,0,29,6.0765077797465
7d,7,0,raw,594,271,0,67.75,9.28773272418017
7d,7,0,raw,597,26,0,6.5,2.8768136958758
7d,7,0,raw,598,80,0,20,5.04626504404032
7d,7,0,raw,599,33,0,8.25,3.24102240721429
7d,7,0,raw,600,162,0,40.5,7.18096104722579
7d,7,0,raw,602,125,1,31.25,6.3078313050504
7d,7,0,raw,603,100,0,25,5.64189583547756
7d,7,0,raw,605,56,0,14,4.22200824564475
7d,7,0,raw,606,81,0,20.25,5.07770625192981
7d,7,0,raw,607,257,0,64.25,9.04464707709672
7d,7,0,raw,609,51,0,12.75,4.0291195310357
7d,7,0,raw,610,132,0,33,6.48204481442857
7d,7,0,raw,611,92,0,23,5.41151637980601
7d,7,0,raw,612,27,0,6.75,2.93161507141752
7d,7,0,raw,613,17,0,4.25,2.32621324584064
7d,7,0,raw,614,5,0,1.25,1.26156626101008
7d,7,0,raw,615,578,0,144.5,13.5640375336487
7d,7,0,raw,616,11,0,2.75,1.87120515925478
7d,7,0,raw,617,30,0,7.5,3.09019361618552
7d,7,0,raw,619,43,0,10.75,3.69963851016596
7d,7,0,raw,620,287,0,71.75,9.55797768017628
7d,7,0,raw,621,8,0,2,1.59576912160573
7d,7,0,raw,623,269,0,67.25,9.25339718068125
7d,7,0,raw,624,45,0,11.25,3.78469878303024
7d,7,0,raw,625,37,0,9.25,3.43183125878885
7d,7,0,raw,627,138,0,34.5,6.62772693261899
7d,7,0,raw,628,88,0,22,5.29256742840123
7d,7,0,raw,630,212,0,53,8.21472433323015
7d,7,0,raw,632,60,0,15,4.37019372236832
7d,7,0,raw,636,79,0,19.75,5.01462670679677
7d,7,0,raw,639,123,0,30.75,6.25716517287232
7d,7,0,raw,640,44,0,11,3.74241031850956
7d,7,0,raw,642,59,0,14.75,4.33362242065961
7d,7,0,raw,643,130,0,32.5,6.43275098258069
7d,7,0,raw,644,85,0,21.25,5.2015709478601
7d,7,0,raw,646,163,0,40.75,7.20309040953658
7d,7,0,raw,647,350,0,87.5,10.5550206141119
7d,7,0,raw,648,73,0,18.25,4.82043791490117
7d,7,0,raw,650,72,0,18,4.78730736481719
7d,7,0,raw,651,117,0,29.25,6.10264341769233
7d,7,0,raw,654,49,0,12.25,3.94932708483429
7d,7,0,raw,656,319,0,79.75,10.0767481705473
7d,7,0,raw,657,163,0,40.75,7.20309040953658
7d,7,0,raw,658,6,0,1.5,1.38197659788534
7d,7,0,raw,660,150,0,37.5,6.90988298942671
7d,7,0,raw,661,63,0,15.75,4.47811599108138
7d,7,0,raw,662,36,0,9,3.38513750128654
7d,7,0,raw,663,54,0,13.5,4.14592979365603
7d,7,0,raw,665,30,0,7.5,3.09019361618552
7d,7,0,raw,667,26,0,6.5,2.8768136958758
7d,7,0,raw,671,28,0,7,2.98541066072092
7d,7,0,raw,672,213,0,53.25,8.23407588968838
7d,7,0,raw,674,49,0,12.25,3.94932708483429
7d,7,0,raw,675,29,0,7.25,3.03825388987325
7d,7,0,raw,677,28,0,7,2.98541066072092
7d,7,0,raw,678,298,0,74.5,9.73942226637543
7d,7,0,raw,683,90,0,22.5,5.35237234845831
7d,7,0,raw,684,16,0,4,2.25675833419103
7d,7,0,raw,686,287,0,71.75,9.55797768017628
7d,7,0,raw,687,78,0,19.5,4.98278748516688
7d,7,0,raw,688,48,1,12,3.90882009522336
7d,7,0,raw,689,61,0,15.25,4.40646151205377
7d,7,0,raw,690,176,0,44,7.48482063701911
7d,7,0,raw,692,87,0,21.75,5.26241010355424
7d,7,0,raw,693,206,0,51.5,8.09764388904951
7d,7,0,raw,694,113,0,28.25,5.99741753913869
7d,7,0,raw,695,83,0,20.75,5.14001172695692
7d,7,0,raw,698,41,0,10.25,3.61257599692178
7d,7,0,raw,699,362,0,90.5,10.7344389140063
7d,7,0,raw,700,25,0,6.25,2.82094791773878
7d,7,0,raw,702,78,0,19.5,4.98278748516688
7d,7,0,raw,704,263,0,65.75,9.14961748196814
7d,7,0,raw,706,173,0,43.25,7.42075537326193
7d,7,0,raw,709,90,0,22.5,5.35237234845831
7d,7,0,raw,710,158,0,39.5,7.09175309899033
7d,7,0,raw,711,204,0,51,8.0582390620714
7d,7,0,raw,713,113,0,28.25,5.99741753913869
7d,7,0,raw,714,233,1,58.25,8.61198022993685
7d,7,0,raw,716,483,0,120.75,12.3993417174772
7d,7,0,raw,718,40,0,10,3.56824823230554
7d,7,0,raw,719,137,0,34.25,6.60366976818037
7d,7,0,raw,722,438,0,109.5,11.8076132282735
7d,7,0,raw,723,52,0,13,4.06842894512822
7d,7,0,raw,724,6,0,1.5,1.38197659788534
7d,7,0,raw,728,24,0,6,2.76395319577068
7d,7,0,raw,729,119,0,29.75,6.15458174499869
7d,7,0,raw,730,195,0,48.75,7.8784787748549
7d,7,0,raw,731,200,0,50,7.97884560802865
7d,7,0,raw,732,172,0,43,7.39927702033192
7d,7,0,raw,736,164,0,41,7.22515199384357
7d,7,0,raw,737,170,0,42.5,7.35613218010963
7d,7,0,raw,738,59,0,14.75,4.33362242065961
7d,7,0,raw,739,259,0,64.75,9.07977205229304
7d,7,0,raw,741,109,0,27.25,5.89031218137317
7d,7,0,raw,743,41,0,10.25,3.61257599692178
7d,7,0,raw,744,117,0,29.25,6.10264341769233
7d,7,0,raw,745,140,0,35,6.67558117812455
7d,7,0,raw,747,7,0,1.75,1.49270533036046
7d,7,0,raw,749,26,0,6.5,2.8768136958758
7d,7,0,raw,751,209,0,52.25,8.15639419182351
7d,7,0,raw,752,209,0,52.25,8.15639419182351
7d,7,0,raw,754,202,0,50.5,8.01864059608146
7d,7,0,raw,755,204,0,51,8.0582390620714
7d,7,0,raw,756,11,0,2.75,1.87120515925478
7d,7,0,raw,758,56,0,14,4.22200824564475
7d,7,0,raw,759,388,0,97,11.1132459632328
7d,7,0,raw,761,622,0,155.5,14.0708474942456
7d,7,0,raw,762,149,0,37.25,6.88681152939332
7d,7,0,raw,764,508,0,127,12.716187407449
7d,7,0,raw,765,104,0,26,5.75362739175159
7d,7,0,raw,766,68,0,17,4.65242649168128
7d,7,0,raw,767,10,0,2.5,1.78412411615277
7d,7,0,raw,768,76,0,19,4.91849075936593
7d,7,0,raw,769,78,0,19.5,4.98278748516688
7d,7,0,raw,770,55,0,13.75,4.184141935942
7d,7,0,raw,772,18,0,4.5,2.3936536824086
7d,7,0,raw,774,877,0,219.25,16.7080151479218
7d,7,0,raw,775,188,0,47,7.73577782789505
7d,7,0,raw,777,189,0,47.25,7.75632441873962
7d,7,0,raw,778,172,0,43,7.39927702033192
7d,7,0,raw,781,28,0,7,2.98541066072092
7d,7,0,raw,782,75,0,18.75,4.8860251190292
7d,7,0,raw,785,210,0,52.5,8.17588381146626
7d,7,0,raw,787,12,0,3,1.95441004761168
7d,7,0,raw,788,24,0,6,2.76395319577068
7d,7,0,raw,789,166,1,41.5,7.26907429501923
7d,7,0,raw,791,11,0,2.75,1.87120515925478
7d,7,0,raw,792,67,0,16.75,4.61809077155419
7d,7,0,raw,794,34,0,8.5,3.28976232123977
7d,7,0,raw,795,81,0,20.25,5.07770625192981
7d,7,0,raw,796,46,0,11.5,3.82651992866291
7d,7,0,raw,797,349,0,87.25,10.5399312273915
7d,7,0,raw,800,294,0,73.5,9.67383618519739
7d,7,0,raw,802,89,0,22.25,5.32255388609241
7d,7,0,raw,804,60,1,15,4.37019372236832
7d,7,0,raw,806,13,0,3.25,2.03421447256411
7d,7,0,raw,807,89,0,22.25,5.32255388609241
7d,7,0,raw,809,170,0,42.5,7.35613218010963
7d,7,0,raw,810,36,0,9,3.38513750128654
7d,7,0,raw,816,247,0,61.75,8.86693531539485
7d,7,0,raw,817,73,0,18.25,4.82043791490117
7d,7,0,raw,818,67,0,16.75,4.61809077155419
7d,7,0,raw,819,21,0,5.25,2.58544147291321
7d,7,0,raw,820,71,0,17.75,4.75394593143939
7d,7,0,raw,821,7,0,1.75,1.49270533036046
7d,7,0,raw,822,294,0,73.5,9.67383618519739
7d,7,0,raw,824,91,0,22.75,5.38202560777306
7d,7,0,raw,825,221,0,55.25,8.38728113554194
7d,7,0,raw,830,44,0,11,3.74241031850956
7d,7,0,raw,831,39,0,9.75,3.52336281997296
7d,7,0,raw,832,94,0,23.5,5.47002095985713
7d,7,0,raw,835,15,1,3.75,2.18509686118416
7d,7,0,raw,838,202,0,50.5,8.01864059608146
7d,7,0,raw,839,41,0,10.25,3.61257599692178
7d,7,0,raw,843,227,0,56.75,8.50037317790934
7d,7,0,raw,844,219,0,54.75,8.3492433833402
7d,7,0,raw,846,171,0,42.75,7.3777361390489
7d,7,0,raw,847,196,0,49,7.89865416966859
7d,7,0,raw,848,54,0,13.5,4.14592979365603
7d,7,0,raw,850,78,0,19.5,4.98278748516688
7d,7,0,raw,852,16,0,4,2.25675833419103
7d,7,0,raw,856,23,0,5.75,2.705758189903
7d,7,0,raw,858,238,0,59.5,8.70389297451101
7d,7,0,raw,860,13,0,3.25,2.03421447256411
7d,7,0,raw,861,62,0,15.5,4.44243322329048
7d,7,0,raw,862,77,0,19.25,4.95074350336915
7d,7,0,raw,864,538,0,134.5,13.0862797909444
7d,7,0,raw,865,23,0,5.75,2.705758189903
7d,7,0,raw,868,425,0,106.25,11.6310662292032
7d,7,0,raw,873,49,0,12.25,3.94932708483429
7d,7,0,raw,874,223,0,55.75,8.42514715711158
7d,7,0,raw,875,145,0,36.25,6.79374223065974
7d,7,0,raw,878,338,0,84.5,10.3724992904373
7d,7,0,raw,881,114,0,28.5,6.02389633252035
7d,7,0,raw,882,153,0,38.25,6.97863973752192
7d,7,0,raw,883,13,0,3.25,2.03421447256411
7d,7,0,raw,885,88,0,22,5.29256742840123
7d,7,0,raw,886,322,0,80.5,10.1240201180747
7d,7,0,raw,888,74,0,18.5,4.85334230995512
7d,7,0,raw,891,178,1,44.5,7.5272278921735
7d,7,0,raw,892,16,0,4,2.25675833419103
7d,7,0,raw,894,83,0,20.75,5.14001172695692
7d,7,0,raw,895,81,0,20.25,5.07770625192981
7d,7,0,raw,896,148,0,37,6.8636625175777
7d,7,0,raw,899,172,0,43,7.39927702033192
7d,7,0,raw,901,460,0,115,12.1005184865998
7d,7,0,raw,902,20,0,5,2.52313252202016
7d,7,0,raw,903,34,0,8.5,3.28976232123977
7d,7,0,raw,904,555,0,138.75,13.2914253122832
7d,7,0,raw,907,497,0,124.25,12.5777586808359
7d,7,0,raw,908,216,0,54,8.29185958731205
7d,7,0,raw,909,10,1,2.5,1.78412411615277
7d,7,0,raw,911,25,0,6.25,2.82094791773878
7d,7,0,raw,913,31,0,7.75,3.14127465715711
7d,7,0,raw,914,39,0,9.75,3.52336281997296
7d,7,0,raw,915,38,0,9.5,3.47789816915102
7d,7,0,raw,917,143,0,35.75,6.74672614860586
7d,7,0,raw,918,105,0,26.25,5.78122288528111
7d,7,0,raw,919,100,0,25,5.64189583547756
7d,7,0,raw,924,283,0,70.75,9.49113785538977
7d,7,0,raw,925,32,0,8,3.19153824321146
7d,7,0,raw,926,326,0,81.5,10.1867081481662
7d,7,0,raw,927,59,0,14.75,4.33362242065961
7d,7,0,raw,928,42,0,10.5,3.65636639571573
7d,7,0,raw,929,11,0,2.75,1.87120515925478
7d,7,0,raw,930,196,0,49,7.89865416966859
7d,7,0,raw,931,158,0,39.5,7.09175309899033
7d,7,0,raw,934,247,0,61.75,8.86693531539485
7d,7,0,raw,936,80,0,20,5.04626504404032
7d,7,0,raw,937,117,0,29.25,6.10264341769233
7d,7,0,raw,938,53,0,13.25,4.10736216661508
7d,7,0,raw,939,133,0,33.25,6.50655168752575
7d,7,0,raw,940,739,0,184.75,15.3372424473835
7d,7,0,raw,941,129,0,32.25,6.40796186924587
7d,7,0,raw,943,98,1,24.5,5.58519192562006
7d,7,0,raw,945,141,0,35.25,6.69938011698952
7d,7,0,raw,946,227,0,56.75,8.50037317790934
7d,7,0,raw,947,49,0,12.25,3.94932708483429
7d,7,0,raw,949,542,0,135.5,13.134837582232
7d,7,0,raw,950,19,0,4.75,2.45924537968297
7d,7,0,raw,952,49,0,12.25,3.94932708483429
7d,7,0,raw,955,68,0,17,4.65242649168128
7d,7,0,raw,956,94,0,23.5,5.47002095985713
7d,7,0,raw,958,468,0,117,12.2052868353847
7d,7,0,raw,961,11,0,2.75,1.87120515925478
7d,7,0,raw,963,121,0,30.25,6.20608541902532
7d,7,0,raw,964,139,0,34.75,6.65169709018284
7d,7,0,raw,968,212,0,53,8.21472433323015
7d,7,0,raw,970,83,0,20.75,5.14001172695692
7d,7,0,raw,971,47,0,11.75,3.86788891394752
7d,7,0,raw,972,13,0,3.25,2.03421447256411
7d,7,0,raw,975,50,0,12.5,3.98942280401433
7d,7,0,raw,976,43,0,10.75,3.69963851016596
7d,7,0,raw,978,116,0,29,6.0765077797465
7d,7,0,raw,979,188,0,47,7.73577782789505
7d,7,0,raw,983,9,0,2.25,1.69256875064327
7d,7,0,raw,984,89,0,22.25,5.32255388609241
7d,7,0,raw,985,139,0,34.75,6.65169709018284
7d,7,0,raw,986,108,0,27,5.86323014283504
7d,7,0,raw,987,158,0,39.5,7.09175309899033
7d,7,0,raw,988,8,0,2,1.59576912160573
7d,7,0,raw,989,36,0,9,3.38513750128654
7d,7,0,raw,990,193,0,48.25,7.83797218886822
7d,7,0,raw,993,94,0,23.5,5.47002095985713
7d,7,0,raw,995,5,0,1.25,1.26156626101008
7d,7,0,raw,996,148,0,37,6.8636625175777
7d,7,0,raw,998,211,0,52.75,8.19532708223289
7d,7,0,raw,999,305,0,76.25,9.85314748118875
7d,7,0,raw,1001,185,0,46.25,7.67380798196054
7d,7,0,raw,1004,44,0,11,3.74241031850956
7d,7,0,raw,1005,663,0,165.75,14.5271970641226
7d,7,0,raw,1006,27,1,6.75,2.93161507141752
7d,7,0,raw,1008,33,1,8.25,3.24102240721429
7d,7,0,raw,1009,36,0,9,3.38513750128654
7d,7,0,raw,1010,109,0,27.25,5.89031218137317
7d,7,0,raw,1011,19,0,4.75,2.45924537968297
7d,7,0,raw,1013,142,0,35.5,6.72309481102998
7d,7,0,raw,1019,11,0,2.75,1.87120515925478
7d,7,0,raw,1021,106,0,26.5,5.80868728160518
7d,7,0,raw,1024,18,0,4.5,2.3936536824086
7d,7,0,raw,1025,288,0,72,9.57461472963438
7d,7,0,raw,1026,69,0,17.25,4.6865106579076
7d,7,0,raw,1028,216,0,54,8.29185958731205
7d,7,0,raw,1029,117,0,29.25,6.10264341769233
7d,7,0,raw,1030,17,0,4.25,2.32621324584064
7d,7,0,raw,1031,96,0,24,5.52790639154137
7d,7,0,raw,1033,130,0,32.5,6.43275098258069
7d,7,0,raw,1035,367,0,91.75,10.808317548511
7d,7,0,raw,1036,25,0,6.25,2.82094791773878
7d,7,0,raw,1038,76,0,19,4.91849075936593
7d,7,0,raw,1039,27,0,6.75,2.93161507141752
7d,7,0,raw,1040,7,0,1.75,1.49270533036046
7d,7,0,raw,1042,126,0,31.5,6.33301236846713
7d,7,0,raw,1044,28,0,7,2.98541066072092
7d,7,0,raw,1046,243,0,60.75,8.79484521425256
7d,7,0,raw,1047,57,0,14.25,4.25953794588991
7d,7,0,raw,1048,37,0,9.25,3.43183125878885
7d,7,0,raw,1050,135,0,33.75,6.55529058355247
7d,7,0,raw,1053,97,0,24.25,5.55662298161641
7d,7,0,raw,1054,188,0,47,7.73577782789505
7d,7,0,raw,1057,77,0,19.25,4.95074350336915
7d,7,0,raw,1058,374,0,93.5,10.9109072690009
7d,7,0,raw,1059,207,0,51.75,8.11727456970901
7d,7,0,raw,1060,85,0,21.25,5.2015709478601
7d,7,0,raw,1061,40,1,10,3.56824823230554
7d,7,0,raw,1062,37,0,9.25,3.43183125878885
7d,7,0,raw,1063,191,0,47.75,7.79725517481017
7d,7,0,raw,1064,23,0,5.75,2.705758189903
7d,7,0,raw,1065,18,0,4.5,2.3936536824086
7d,7,0,raw,1068,461,0,115.25,12.1136640836176
7d,7,0,raw,1070,52,0,13,4.06842894512822
7d,7,0,raw,1071,46,0,11.5,3.82651992866291
7d,7,0,raw,1073,172,0,43,7.39927702033192
7d,7,0,raw,1077,491,0,122.75,12.5016060614723
7d,7,0,raw,1079,8,1,1.99999999999999,1.59576912160573
7d,7,0,raw,1082,260,0,65,9.09728368293446
7d,7,0,raw,1084,74,0,18.5,4.85334230995512
7d,7,0,raw,1086,13,0,3.25,2.03421447256411
7d,7,0,raw,1088,19,0,4.75,2.45924537968297
7d,7,0,raw,1089,55,0,13.75,4.184141935942
7d,7,0,raw,1090,8,0,2,1.59576912160573
7d,7,0,raw,1091,80,0,20,5.04626504404032
7d,7,0,raw,1093,29,0,7.25,3.03825388987325
7d,7,0,raw,1094,77,0,19.25,4.95074350336915
7d,7,0,raw,1095,93,0,23.25,5.44084730672462
7d,7,0,raw,1097,125,0,31.25,6.3078313050504
7d,7,0,raw,1098,203,0,50.75,8.03846421247924
7d,7,0,raw,1099,135,0,33.75,6.55529058355247
7d,7,0,raw,1100,56,0,14,4.22200824564475
7d,7,0,raw,1101,83,0,20.75,5.14001172695692
7d,7,0,raw,1104,61,0,15.25,4.40646151205377
7d,7,0,raw,1106,14,0,3.5,2.11100412282238
7d,7,0,raw,1107,51,0,12.75,4.0291195310357
7d,7,0,raw,1108,121,0,30.25,6.20608541902532
7d,7,0,raw,1109,93,0,23.25,5.44084730672462
7d,7,0,raw,1110,82,0,20.5,5.10895396995029
7d,7,0,raw,1111,111,0,27.75,5.94410610322534
7d,7,0,raw,1114,40,0,10,3.56824823230554
7d,7,0,raw,1115,52,0,13,4.06842894512822
7d,7,0,raw,1116,237,0,59.25,8.68558823716381
7d,7,0,raw,1118,30,0,7.5,3.09019361618552
7d,7,0,raw,1119,72,0,18,4.78730736481719
7d,7,0,raw,1121,152,0,38,6.95579633830205
7d,7,0,raw,1123,169,1,42.25,7.33446458612083
7d,7,0,raw,1124,149,1,37.25,6.88681152939332
7d,7,0,raw,1125,273,0,68.25,9.3219418002997
7d,7,0,raw,1126,159,0,39.75,7.1141599576635
7d,7,0,raw,1127,126,0,31.5,6.33301236846713
7d,7,0,raw,1129,159,0,39.75,7.1141599576635
7d,7,0,raw,1131,23,0,5.75,2.705758189903
7d,7,0,raw,1133,88,0,22,5.29256742840123
7d,7,0,raw,1135,174,0,43.5,7.44217173921562
7d,7,0,raw,1136,717,0,179.25,15.1072230536845
7d,7,0,raw,1138,55,0,13.75,4.184141935942
7d,7,0,raw,1139,59,0,14.75,4.33362242065961
7d,7,0,raw,1140,68,0,17,4.65242649168128
7d,7,0,raw,1141,38,0,9.5,3.47789816915102
7d,7,0,raw,1142,95,0,23.75,5.4990398423234
7d,7,0,raw,1143,91,0,22.75,5.38202560777306
7d,7,0,raw,1146,32,0,8,3.19153824321146
7d,7,0,raw,1147,5,1,1.25,1.26156626101008
7d,7,0,raw,1148,33,0,8.25,3.24102240721429
7d,7,0,raw,1149,54,0,13.5,4.14592979365603
7d,7,0,raw,1150,26,0,6.5,2.8768136958758
7d,7,0,raw,1151,342,0,85.5,10.4336945074531
7d,7,0,raw,1152,328,0,82,10.2179079399006
7d,7,0,raw,1154,12,1,2.99999999999999,1.95441004761168
7d,7,0,raw,1155,282,0,70.5,9.47435422093923
7d,7,0,raw,1156,15,0,3.75,2.18509686118416
7d,7,0,raw,1157,41,0,10.25,3.61257599692178
7d,7,0,raw,1158,206,0,51.5,8.09764388904951
7d,7,0,raw,1159,28,0,7,2.98541066072092
7d,7,0,raw,1160,55,0,13.75,4.184141935942
7d,7,0,raw,1162,127,0,31.75,6.35809370372452
7d,7,0,raw,1164,28,0,7,2.98541066072092
7d,7,0,raw,1165,41,0,10.25,3.61257599692178
7d,7,0,raw,1166,41,0,10.25,3.61257599692178
7d,7,0,raw,1167,131,0,32.75,6.45744493511765
7d,7,0,raw,1170,205,0,51.25,8.07796550300118
7d,7,0,raw,1171,25,0,6.25,2.82094791773878
7d,7,0,raw,1172,64,0,16,4.51351666838205
7d,7,0,raw,1173,28,0,7,2.98541066072092
7d,7,0,raw,1174,407,0,101.75,11.3820966292157
7d,7,0,raw,1176,74,0,18.5,4.85334230995512
7d,7,0,raw,1177,53,0,13.25,4.10736216661508
7d,7,0,raw,1178,198,0,49.5,7.93885114260184
7d,7,0,raw,1179,334,0,83.5,10.3109408874935
7d,7,0,raw,1184,116,0,29,6.0765077797465
7d,7,0,raw,1185,30,0,7.5,3.09019361618552
7d,7,0,raw,1187,27,0,6.75,2.93161507141752
7d,7,0,raw,1188,335,0,83.75,10.3263648914596
7d,7,0,raw,1189,184,0,46,7.65303985732581
7d,7,0,raw,1190,26,0,6.5,2.8768136958758
7d,7,0,raw,1191,97,0,24.25,5.55662298161641
7d,7,0,raw,1192,302,0,75.5,9.80456962989732
7d,7,0,raw,1193,24,0,6,2.76395319577068
7d,7,0,raw,1194,132,0,33,6.48204481442857
7d,7,0,raw,1197,82,0,20.5,5.10895396995029
7d,7,0,raw,1199,339,0,84.75,10.3878318919929
7d,7,0,raw,1200,45,0,11.25,3.78469878303024
7d,7,0,raw,1201,11,0,2.75,1.87120515925478
7d,7,0,raw,1202,76,0,19,4.91849075936593
7d,7,0,raw,1204,49,0,12.25,3.94932708483429
7d,7,0,raw,1207,135,0,33.75,6.55529058355247
7d,7,0,raw,1210,215,0,53.75,8.27264320090713
7d,7,0,raw,1213,103,0,25.75,5.72589890558072
7d,7,0,raw,1214,100,0,25,5.64189583547756
7d,7,0,raw,1217,99,0,24.75,5.61361547776433
7d,7,0,raw,1220,5,0,1.25,1.26156626101008
7d,7,0,raw,1221,39,0,9.75,3.52336281997296
7d,7,0,raw,1222,51,1,12.75,4.0291195310357
7d,7,0,raw,1224,276,0,69,9.37302131581521
7d,7,0,raw,1226,21,0,5.25,2.58544147291321
7d,7,0,raw,1228,19,0,4.75,2.45924537968297
7d,7,0,raw,1229,207,0,51.75,8.11727456970901
7d,7,0,raw,1230,91,0,22.75,5.38202560777306
7d,7,0,raw,1231,17,0,4.25,2.32621324584064
7d,7,0,raw,1233,39,0,9.75,3.52336281997296
7d,7,0,raw,1234,42,0,10.5,3.65636639571573
7d,7,0,raw,1235,17,0,4.25,2.32621324584064
7d,7,0,raw,1236,184,0,46,7.65303985732581
7d,7,0,raw,1238,129,0,32.25,6.40796186924587
7d,7,0,raw,1239,247,0,61.75,8.86693531539485
7d,7,0,raw,1241,22,0,5.5,2.64628371420061
7d,7,0,raw,1242,139,0,34.75,6.65169709018284
7d,7,0,raw,1243,75,0,18.75,4.8860251190292
7d,7,0,raw,1246,114,0,28.5,6.02389633252035
7d,7,0,raw,1247,242,0,60.5,8.77673016883152
7d,7,0,raw,1251,226,0,56.5,8.48162922306421
7d,7,0,raw,1253,95,0,23.75,5.4990398423234
7d,7,0,raw,1254,97,0,24.25,5.55662298161641
7d,7,0,raw,1257,6,0,1.5,1.38197659788534
7d,7,0,raw,1258,83,0,20.75,5.14001172695692
7d,7,0,raw,1259,249,0,62.25,8.90276146258923
7d,7,0,raw,1261,49,0,12.25,3.94932708483429
7d,7,0,raw,1262,84,0,21,5.17088294582641
7d,7,0,raw,1263,24,0,6,2.76395319577068
7d,7,0,raw,1268,264,0,66,9.16699568847508
7d,7,0,raw,1269,71,0,17.75,4.75394593143939
7d,7,0,raw,1270,517,0,129.25,12.8283362583392
7d,7,0,raw,1271,47,1,11.75,3.86788891394752
7d,7,0,raw,1272,74,1,18.5,4.85334230995512
7d,7,0,raw,1273,159,0,39.75,7.1141599576635
7d,7,0,raw,1274,212,0,53,8.21472433323015
7d,7,0,raw,1276,135,0,33.75,6.55529058355247
7d,7,0,raw,1277,6,0,1.5,1.38197659788534
7d,7,0,raw,1279,14,0,3.5,2.11100412282238
7d,7,0,raw,1280,335,0,83.75,10.3263648914596
7d,7,0,raw,1282,80,0,20,5.04626504404032
7d,7,0,raw,1283,301,0,75.25,9.78832343873664
7d,7,0,raw,1284,94,0,23.5,5.47002095985713
7d,7,0,raw,1285,19,0,4.75,2.45924537968297
7d,7,0,raw,1286,103,0,25.75,5.72589890558072
7d,7,0,raw,1287,27,0,6.75,2.93161507141752
7d,7,0,raw,1288,41,0,10.25,3.61257599692178
7d,7,0,raw,1290,50,0,12.5,3.98942280401433
7d,7,0,raw,1292,18,0,4.5,2.3936536824086
7d,7,0,raw,1294,350,0,87.5,10.5550206141119
7d,7,0,raw,1295,37,0,9.25,3.43183125878885
7d,7,0,raw,1298,68,0,17,4.65242649168128
7d,7,0,raw,1299,86,0,21.5,5.23207895695449
7d,7,0,raw,1300,9,0,2.25,1.69256875064327
7d,7,0,raw,1301,100,0,25,5.64189583547756
7d,7,0,raw,1304,348,0,87,10.5248202071085
7d,7,0,raw,1305,115,0,28.75,6.0502592432999
7d,7,0,raw,1309,101,0,25.25,5.67003514138694
7d,7,0,raw,1310,58,0,14.5,4.29673985699156
7d,7,0,raw,1311,81,0,20.25,5.07770625192981
7d,7,0,raw,1312,97,0,24.25,5.55662298161641
7d,7,0,raw,1314,61,0,15.25,4.40646151205377
7d,7,0,raw,1315,181,0,45.25,7.5903945483266
7d,7,0,raw,1316,288,0,72,9.57461472963438
7d,7,0,raw,1317,204,0,51,8.0582390620714
7d,7,0,raw,1318,238,0,59.5,8.70389297451101
7d,7,0,raw,1321,99,0,24.75,5.61361547776433
7d,7,0,raw,1323,48,0,12,3.90882009522336
7d,7,0,raw,1324,56,0,14,4.22200824564475
7d,7,0,raw,1326,141,0,35.25,6.69938011698952
7d,7,0,raw,1331,21,0,5.25,2.58544147291321
7d,7,0,raw,1336,34,0,8.5,3.28976232123977
7d,7,0,raw,1337,26,0,6.5,2.8768136958758
7d,7,0,raw,1339,39,0,9.75,3.52336281997296
7d,7,0,raw,1343,86,0,21.5,5.23207895695449
7d,7,0,raw,1344,56,0,14,4.22200824564475
7d,7,0,raw,1346,330,0,82.5,10.2490127544389
7d,7,0,raw,1347,170,0,42.5,7.35613218010963
7d,7,0,raw,1348,320,0,80,10.0925300880806
7d,7,0,raw,1349,6,0,1.5,1.38197659788534
7d,7,0,raw,1350,10,0,2.5,1.78412411615277
7d,7,0,raw,1351,119,0,29.75,6.15458174499869
7d,7,0,raw,1352,67,0,16.75,4.61809077155419
7d,7,0,raw,1354,28,0,7,2.98541066072092
7d,7,0,raw,1355,172,0,43,7.39927702033192
7d,7,0,raw,1358,143,0,35.75,6.74672614860586
7d,7,0,raw,1360,160,0,40,7.13649646461108
7d,7,0,raw,1361,22,0,5.5,2.64628371420061
7d,7,0,raw,1362,101,1,25.25,5.67003514138694
7d,7,0,raw,1363,310,0,77.5,9.93358267278101
7d,7,0,raw,1364,55,0,13.75,4.184141935942
7d,7,0,raw,1366,11,0,2.75,1.87120515925478
7d,7,0,raw,1367,591,0,147.75,13.7157261103676
7d,7,0,raw,1368,398,0,99.5,11.2555468414977
7d,7,0,raw,1369,63,0,15.75,4.47811599108138
7d,7,0,raw,1370,25,0,6.25,2.82094791773878
7d,7,0,raw,1371,294,0,73.5,9.67383618519739
7d,7,0,raw,1372,244,0,61,8.81292302410755
7d,7,0,raw,1373,58,0,14.5,4.29673985699156
7d,7,0,raw,1374,10,0,2.5,1.78412411615277
7d,7,0,raw,1375,37,0,9.25,3.43183125878885
7d,7,0,raw,1377,63,0,15.75,4.47811599108138
7d,7,0,raw,1379,15,0,3.75,2.18509686118416
7d,7,0,raw,1380,65,0,16.25,4.54864184146723
7d,7,0,raw,1382,41,0,10.25,3.61257599692178
7d,7,0,raw,1383,48,0,12,3.90882009522336
7d,7,0,raw,1384,146,0,36.5,6.81712867583072
7d,7,0,raw,1385,195,1,48.75,7.8784787748549
7d,7,0,raw,1389,169,0,42.25,7.33446458612083
7d,7,0,raw,1390,30,0,7.5,3.09019361618552
7d,7,0,raw,1391,78,0,19.5,4.98278748516688
7d,7,0,raw,1392,174,0,43.5,7.44217173921562
7d,7,0,raw,1395,71,0,17.75,4.75394593143939
7d,7,0,raw,1396,20,0,5,2.52313252202016
7d,7,0,raw,1398,80,0,20,5.04626504404032
7d,7,0,raw,1399,28,0,7,2.98541066072092
7d,7,0,raw,1400,123,0,30.75,6.25716517287232
7d,7,0,raw,1402,56,0,14,4.22200824564475
7d,7,0,raw,1403,25,0,6.25,2.82094791773878
7d,7,0,raw,1404,50,0,12.5,3.98942280401433
7d,7,0,raw,1405,31,0,7.75,3.14127465715711
7d,7,0,raw,1406,210,0,52.5,8.17588381146626
7d,7,0,raw,1407,137,0,34.25,6.60366976818037
7d,7,0,raw,1408,23,1,5.75,2.705758189903
7d,7,0,raw,1409,46,0,11.5,3.82651992866291
7d,7,0,raw,1411,99,0,24.75,5.61361547776433
7d,7,0,raw,1412,616,0,154,14.0028172125903
7d,7,0,raw,1413,95,0,23.75,5.4990398423234
7d,7,0,raw,1414,99,0,24.75,5.61361547776433
7d,7,0,raw,1416,331,0,82.75,10.2645298151856
7d,7,0,raw,1417,62,0,15.5,4.44243322329048
7d,7,0,raw,1419,5,0,1.25,1.26156626101008
7d,7,0,raw,1420,445,0,111.25,11.9015923032083
7d,7,0,raw,1422,150,0,37.5,6.90988298942671
7d,7,0,raw,1423,70,0,17.5,4.72034871941315
7d,7,0,raw,1424,17,0,4.25,2.32621324584064
7d,7,0,raw,1427,19,0,4.75,2.45924537968297
7d,7,0,raw,1428,73,0,18.25,4.82043791490117
7d,7,0,raw,1429,217,0,54.25,8.31103154258739
7d,7,0,raw,1430,17,0,4.25,2.32621324584064
7d,7,0,raw,1431,70,0,17.5,4.72034871941315
7d,7,0,raw,1432,373,0,93.25,10.8963107310022
7d,7,0,raw,1433,341,0,85.25,10.4184294012424
7d,7,0,raw,1434,55,0,13.75,4.184141935942
7d,7,0,raw,1435,39,0,9.75,3.52336281997296
7d,7,0,raw,1437,10,0,2.5,1.78412411615277
7d,7,0,raw,1440,231,0,57.75,8.57493928307692
7d,7,0,raw,1442,123,0,30.75,6.25716517287232
7d,7,0,raw,1444,49,0,12.25,3.94932708483429
7d,7,0,raw,1445,25,0,6.25,2.82094791773878
7d,7,0,raw,1447,145,0,36.25,6.79374223065974
7d,7,0,raw,1449,10,0,2.5,1.78412411615277
7d,7,0,raw,1450,13,0,3.25,2.03421447256411
7d,7,0,raw,1451,44,0,11,3.74241031850956
7d,7,0,raw,1452,111,0,27.75,5.94410610322534
7d,7,0,raw,1454,90,1,22.5,5.35237234845831
7d,7,0,raw,1456,202,0,50.5,8.01864059608146
7d,7,0,raw,1458,228,0,57,8.51907589177983
7d,7,0,raw,1459,13,0,3.25,2.03421447256411
7d,7,0,raw,1461,91,0,22.75,5.38202560777306
7d,7,0,raw,1463,95,0,23.75,5.4990398423234
7d,7,0,raw,1467,310,0,77.5,9.93358267278101
7d,7,0,raw,1468,71,0,17.75,4.75394593143939
7d,7,0,raw,1469,88,0,22,5.29256742840123
7d,7,0,raw,1470,61,0,15.25,4.40646151205377
7d,7,0,raw,1472,13,0,3.25,2.03421447256411
7d,7,0,raw,1473,80,0,20,5.04626504404032
7d,7,0,raw,1475,383,0,95.75,11.0414078091696
7d,7,0,raw,1478,56,1,14,4.22200824564475
7d,7,0,raw,1481,11,0,2.75,1.87120515925478
7d,7,0,raw,1482,22,0,5.5,2.64628371420061
7d,7,0,raw,1483,51,0,12.75,4.0291195310357
7d,7,0,raw,1485,43,0,10.75,3.69963851016596
7d,7,0,raw,1486,119,0,29.75,6.15458174499869
7d,7,0,raw,1487,52,0,13,4.06842894512822
7d,7,0,raw,1489,394,0,98.5,11.1988434740563
7d,7,0,raw,1492,18,0,4.5,2.3936536824086
7d,7,0,raw,1495,92,0,23,5.41151637980601
7d,7,0,raw,1496,114,0,28.5,6.02389633252035
7d,7,0,raw,1497,281,0,70.25,9.45754080179648
7d,7,0,raw,1498,41,0,10.25,3.61257599692178
7d,7,0,raw,1499,331,0,82.75,10.2645298151856
7d,7,0,raw,1500,110,0,27.5,5.9172702727032
7d,7,0,raw,1502,378,0,94.5,10.9690991871472
7d,7,0,raw,1503,55,0,13.75,4.184141935942
7d,7,0,raw,1505,84,0,21,5.17088294582641
7d,7,0,raw,1507,57,0,14.25,4.25953794588991
7d,7,0,raw,1508,76,0,19,4.91849075936593
7d,7,0,raw,1509,26,0,6.5,2.8768136958758
7d,7,0,raw,1510,162,0,40.5,7.18096104722579
7d,7,0,raw,1512,7,0,1.75,1.49270533036046
7d,7,0,raw,1516,172,0,43,7.39927702033192
7d,7,0,raw,1518,5,0,1.25,1.26156626101008
7d,7,0,raw,1519,35,0,8.75,3.33779058906227
7d,7,0,raw,1520,31,0,7.75,3.14127465715711
7d,7,0,raw,1522,91,0,22.75,5.38202560777306
7d,7,0,raw,1525,326,0,81.5,10.1867081481662
7d,7,0,raw,1526,487,0,121.75,12.4505788849959
7d,7,0,raw,1529,6,0,1.5,1.38197659788534
7d,7,0,raw,1531,48,0,12,3.90882009522336
7d,7,0,raw,1532,117,0,29.25,6.10264341769233
7d,7,0,raw,1533,236,0,59,8.66724484131922
7d,7,0,raw,1540,130,0,32.5,6.43275098258069
7d,7,0,raw,1541,59,0,14.75,4.33362242065961
7d,7,0,raw,1542,166,0,41.5,7.26907429501923
7d,7,0,raw,1543,51,0,12.75,4.0291195310357
7d,7,0,raw,1545,88,1,22,5.29256742840123
7d,7,0,raw,1549,18,0,4.5,2.3936536824086
7d,7,0,raw,1550,131,0,32.75,6.45744493511765
7d,7,0,raw,1553,74,0,18.5,4.85334230995512
7d,7,0,raw,1554,45,0,11.25,3.78469878303024
7d,7,0,raw,1555,142,0,35.5,6.72309481102998
7d,7,0,raw,1556,130,0,32.5,6.43275098258069
7d,7,0,raw,1557,103,1,25.75,5.72589890558072
7d,7,0,raw,1559,349,0,87.25,10.5399312273915
7d,7,0,raw,1560,353,0,88.25,10.6001598960996
7d,7,0,raw,1561,222,0,55.5,8.40623546736597
7d,7,0,raw,1562,21,0,5.25,2.58544147291321
7d,7,0,raw,1564,110,0,27.5,5.9172702727032
7d,7,0,raw,1565,26,0,6.5,2.8768136958758
7d,7,0,raw,1566,26,0,6.5,2.8768136958758
7d,7,0,raw,1567,9,0,2.25,1.69256875064327
7d,7,0,raw,1571,433,0,108.25,11.7400247324093
7d,7,0,raw,1573,9,0,2.25,1.69256875064327
7d,7,0,raw,1574,262,0,65.5,9.13220620552083
7d,7,0,raw,1576,20,0,5,2.52313252202016
7d,7,0,raw,1577,361,0,90.25,10.7196020874074
7d,7,0,raw,1580,32,0,8,3.19153824321146
7d,7,0,raw,1582,191,0,47.75,7.79725517481017
7d,7,0,raw,1583,60,0,15,4.37019372236832
7d,7,0,raw,1584,129,0,32.25,6.40796186924587
7d,7,0,raw,1585,6,0,1.5,1.38197659788534
7d,7,0,raw,1586,13,0,3.25,2.03421447256411
7d,7,0,raw,1588,121,0,30.25,6.20608541902532
7d,7,0,raw,1589,93,0,23.25,5.44084730672462
7d,7,0,raw,1593,141,0,35.25,6.69938011698952
7d,7,0,raw,1595,182,0,45.5,7.61133360755196
7d,7,0,raw,1597,44,0,11,3.74241031850956
7d,7,0,raw,1598,142,0,35.5,6.72309481102998
7d,7,0,raw,1600,152,0,38,6.95579633830205
7d,7,0,raw,1601,300,0,75,9.7720502380584
7d,7,0,raw,1602,41,0,10.25,3.61257599692178
7d,7,0,raw,1603,131,0,32.75,6.45744493511765
7d,7,0,raw,1605,26,0,6.5,2.8768136958758
7d,7,0,raw,1606,12,0,3,1.95441004761168
7d,7,0,raw,1607,26,0,6.5,2.8768136958758
7d,7,0,raw,1609,143,0,35.75,6.74672614860586
7d,7,0,raw,1610,129,0,32.25,6.40796186924587
7d,7,0,raw,1611,7,0,1.75,1.49270533036046
7d,7,0,raw,1613,8,0,2,1.59576912160573
7d,7,0,raw,1619,111,0,27.75,5.94410610322534
7d,7,0,raw,1621,586,0,146.5,13.6575837285993
7d,7,0,raw,1623,603,0,150.75,13.8542723146626
7d,7,0,raw,1625,202,0,50.5,8.01864059608146
7d,7,0,raw,1626,99,0,24.75,5.61361547776433
7d,7,0,raw,1627,15,0,3.75,2.18509686118416
7d,7,0,raw,1632,136,0,34,6.57952464247954
7d,7,0,raw,1633,138,0,34.5,6.62772693261899
7d,7,0,raw,1634,60,1,15,4.37019372236832
7d,7,0,raw,1635,268,0,67,9.23618154310838
7d,7,0,raw,1639,150,0,37.5,6.90988298942671
7d,7,0,raw,1640,196,0,49,7.89865416966859
7d,7,0,raw,1642,63,0,15.75,4.47811599108138
7d,7,0,raw,1644,108,0,27,5.86323014283504
7d,7,0,raw,1646,103,0,25.75,5.72589890558072
7d,7,0,raw,1648,33,0,8.25,3.24102240721429
7d,7,0,raw,1650,115,0,28.75,6.0502592432999
7d,7,0,raw,1651,332,0,83,10.2800234539138
7d,7,0,raw,1654,206,0,51.5,8.09764388904951
7d,7,0,raw,1655,83,0,20.75,5.14001172695692
7d,7,0,raw,1656,61,0,15.25,4.40646151205377
7d,7,0,raw,1657,54,0,13.5,4.14592979365603
7d,7,0,raw,1658,81,0,20.25,5.07770625192981
7d,7,0,raw,1660,81,0,20.25,5.07770625192981
7d,7,0,raw,1663,33,0,8.25,3.24102240721429
7d,7,0,raw,1665,557,0,139.25,13.3153522899085
7d,7,0,raw,1668,36,0,9,3.38513750128654
7d,7,0,raw,1669,30,0,7.5,3.09019361618552
7d,7,0,raw,1673,203,0,50.75,8.03846421247924
7d,7,0,raw,1676,110,1,27.5,5.9172702727032
7d,7,0,raw,1677,86,0,21.5,5.23207895695449
7d,7,0,raw,1679,61,0,15.25,4.40646151205377
7d,7,0,raw,1681,24,0,6,2.76395319577068
7d,7,0,raw,1682,61,0,15.25,4.40646151205377
7d,7,0,raw,1684,108,0,27,5.86323014283504
7d,7,0,raw,1685,6,0,1.5,1.38197659788534
7d,7,0,raw,1686,44,0,11,3.74241031850956
7d,7,0,raw,1687,220,0,55,8.368283871884
7d,7,0,raw,1691,30,0,7.5,3.09019361618552
7d,7,0,raw,1692,67,0,16.75,4.61809077155419
7d,7,0,raw,1694,35,0,8.75,3.33779058906227
7d,7,0,raw,1695,9,0,2.25,1.69256875064327
7d,7,0,raw,1696,45,0,11.25,3.78469878303024
7d,7,0,raw,1699,23,0,5.75,2.705758189903
7d,7,0,raw,1700,100,0,25,5.64189583547756
7d,7,0,raw,1705,20,0,5,2.52313252202016
7d,7,0,raw,1706,38,1,9.5,3.47789816915102
7d,7,0,raw,1707,240,0,60,8.74038744473663
7d,7,0,raw,1708,31,0,7.75,3.14127465715711
7d,7,0,raw,1709,100,0,25,5.64189583547756
7d,7,0,raw,1710,191,0,47.75,7.79725517481017
7d,7,0,raw,1712,10,0,2.5,1.78412411615277
7d,7,0,raw,1714,127,0,31.75,6.35809370372452
7d,7,0,raw,1717,207,0,51.75,8.11727456970901
7d,7,0,raw,1718,20,0,5,2.52313252202016
7d,7,0,raw,1720,273,0,68.25,9.3219418002997
7d,7,0,raw,1723,162,0,40.5,7.18096104722579
7d,7,0,raw,1724,27,0,6.75,2.93161507141752
7d,7,0,raw,1725,522,0,130.5,12.8902195709747
7d,7,0,raw,1726,254,0,63.5,8.9917023466462
7d,7,0,raw,1729,95,0,23.75,5.4990398423234
7d,7,0,raw,1730,20,0,5,2.52313252202016
7d,7,0,raw,1732,60,0,15,4.37019372236832
7d,7,0,raw,1734,41,0,10.25,3.61257599692178
7d,7,0,raw,1735,90,0,22.5,5.35237234845831
7d,7,0,raw,1736,37,0,9.25,3.43183125878885
7d,7,0,raw,1737,115,0,28.75,6.0502592432999
7d,7,0,raw,1739,209,0,52.25,8.15639419182351
7d,7,0,raw,1743,37,0,9.25,3.43183125878885
7d,7,0,raw,1746,307,0,76.75,9.88540009602159
7d,7,0,raw,1747,656,0,164,14.4503039876871
7d,7,0,raw,1748,165,0,41.25,7.24714641913115
7d,7,0,raw,1749,107,0,26.75,5.83602243155949
7d,7,0,raw,1750,568,0,142,13.44618962206
7d,7,0,raw,1751,48,0,12,3.90882009522336
7d,7,0,raw,1752,49,0,12.25,3.94932708483429
7d,7,0,raw,1754,48,0,12,3.90882009522336
7d,7,0,raw,1755,323,0,80.75,10.1397284597451
7d,7,0,raw,1756,66,0,16.5,4.58349784423754
7d,7,0,raw,1757,76,0,19,4.91849075936593
7d,7,0,raw,1758,167,0,41.75,7.29093622196032
7d,7,0,raw,1759,5,0,1.25,1.26156626101008
7d,7,0,raw,1760,49,0,12.25,3.94932708483429
7d,7,0,raw,1761,68,0,17,4.65242649168128
7d,7,0,raw,1763,96,0,24,5.52790639154137
7d,7,0,raw,1764,57,0,14.25,4.25953794588991
7d,7,0,raw,1767,194,0,48.5,7.85825158159596
7d,7,0,raw,1768,62,0,15.5,4.44243322329048
7d,7,0,raw,1769,78,0,19.5,4.98278748516688
7d,7,0,raw,1771,214,1,53.5,8.25338207302505
7d,7,0,raw,1773,28,0,7,2.98541066072092
7d,7,0,raw,1775,302,0,75.5,9.80456962989732
7d,7,0,raw,1776,93,0,23.25,5.44084730672462
7d,7,0,raw,1777,11,0,2.75,1.87120515925478
7d,7,0,raw,1779,295,0,73.75,9.69027432141207
7d,7,0,raw,1784,136,0,34,6.57952464247954
7d,7,0,raw,1785,39,0,9.75,3.52336281997296
7d,7,0,raw,1786,28,0,7,2.98541066072092
7d,7,0,raw,1787,7,0,1.75,1.49270533036046
7d,7,0,raw,1788,18,0,4.5,2.3936536824086
7d,7,0,raw,1790,115,0,28.75,6.0502592432999
7d,7,0,raw,1791,224,0,56,8.4440164912895
7d,7,0,raw,1793,36,0,9,3.38513750128654
7d,7,0,raw,1796,146,0,36.5,6.81712867583072
7d,7,0,raw,1798,19,0,4.75,2.45924537968297
7d,7,0,raw,1799,162,0,40.5,7.18096104722579
7d,7,0,raw,1802,31,0,7.75,3.14127465715711
7d,7,0,raw,1804,76,1,19,4.91849075936593
7d,7,0,raw,1806,76,0,19,4.91849075936593
7d,7,0,raw,1809,170,0,42.5,7.35613218010963
7d,7,0,raw,1810,92,0,23,5.41151637980601
7d,7,0,raw,1811,30,0,7.5,3.09019361618552
7d,7,0,raw,1815,180,0,45,7.56939756606048
7d,7,0,raw,1816,146,0,36.5,6.81712867583072
7d,7,0,raw,1817,71,0,17.75,4.75394593143939
7d,7,0,raw,1818,10,0,2.5,1.78412411615277
7d,7,0,raw,1819,183,0,45.75,7.63221522047392
7d,7,0,raw,1825,16,0,4,2.25675833419103
7d,7,0,raw,1827,145,0,36.25,6.79374223065974
7d,7,0,raw,1828,25,0,6.25,2.82094791773878
7d,7,0,raw,1835,65,0,16.25,4.54864184146723
7d,7,0,raw,1837,249,0,62.25,8.90276146258923
7d,7,0,raw,1838,214,1,53.5,8.25338207302505
7d,7,0,raw,1840,68,0,17,4.65242649168128
7d,7,0,raw,1842,60,0,15,4.37019372236832
7d,7,0,raw,1844,92,0,23,5.41151637980601
7d,7,0,raw,1845,61,0,15.25,4.40646151205377
7d,7,0,raw,1848,85,0,21.25,5.2015709478601
7d,7,0,raw,1849,250,0,62.5,8.92062058076386
7d,7,0,raw,1850,18,0,4.5,2.3936536824086
7d,7,0,raw,1851,177,0,44.25,7.50605421340207
7d,7,0,raw,1852,200,0,50,7.97884560802865
7d,7,0,raw,1853,98,0,24.5,5.58519192562006
7d,7,0,raw,1859,27,0,6.75,2.93161507141752
7d,7,0,raw,1861,406,0,101.5,11.3681051099389
7d,7,0,raw,1862,43,0,10.75,3.69963851016596
7d,7,0,raw,1864,152,0,38,6.95579633830205
7d,7,0,raw,1865,82,0,20.5,5.10895396995029
7d,7,0,raw,1866,141,0,35.25,6.69938011698952
7d,7,0,raw,1867,121,0,30.25,6.20608541902532
7d,7,0,raw,1868,75,0,18.75,4.8860251190292
7d,7,0,raw,1873,38,0,9.5,3.47789816915102
7d,7,0,raw,1874,67,0,16.75,4.61809077155419
7d,7,0,raw,1877,125,0,31.25,6.3078313050504
7d,7,0,raw,1879,296,0,74,9.70668461991024
7d,7,0,raw,1880,16,0,4,2.25675833419103
7d,7,0,raw,1881,78,0,19.5,4.98278748516688
7d,7,0,raw,1883,181,0,45.25,7.5903945483266
7d,7,0,raw,1886,109,0,27.25,5.89031218137317
7d,7,0,raw,1887,37,0,9.25,3.43183125878885
7d,7,0,raw,1891,13,0,3.25,2.03421447256411
7d,7,0,raw,1894,165,0,41.25,7.24714641913115
7d,7,0,raw,1898,103,0,25.75,5.72589890558072
7d,7,0,raw,1899,72,0,18,4.78730736481719
7d,7,0,raw,1902,194,0,48.5,7.85825158159596
7d,7,0,raw,1903,17,0,4.25,2.32621324584064
7d,7,0,raw,1904,7,0,1.75,1.49270533036046
7d,7,0,raw,1907,237,0,59.25,8.68558823716381
7d,7,0,raw,1908,41,0,10.25,3.61257599692178
7d,7,0,raw,1910,124,0,31,6.28254931431422
7d,7,0,raw,1912,84,0,21,5.17088294582641
7d,7,0,raw,1914,738,0,184.5,15.3268619098509
7d,7,0,raw,1916,30,0,7.5,3.09019361618552
7d,7,0,raw,1917,277,0,69.25,9.38998607415954
7d,7,0,raw,1918,137,0,34.25,6.60366976818037
7d,7,0,raw,1919,21,0,5.25,2.58544147291321
7d,7,0,raw,1921,125,0,31.25,6.3078313050504
7d,7,0,raw,1922,11,0,2.75,1.87120515925478
7d,7,0,raw,1923,119,0,29.75,6.15458174499869
7d,7,0,raw,1924,54,0,13.5,4.14592979365603
7d,7,0,raw,1925,90,0,22.5,5.35237234845831
7d,7,0,raw,1928,205,0,51.25,8.07796550300118
7d,7,0,raw,1931,76,0,19,4.91849075936593
7d,7,0,raw,1932,10,0,2.5,1.78412411615277
7d,7,0,raw,1934,51,0,12.75,4.0291195310357
7d,7,0,raw,1935,7,0,1.75,1.49270533036046
7d,7,0,raw,1937,18,0,4.5,2.3936536824086
7d,7,0,raw,1938,48,0,12,3.90882009522336
7d,7,0,raw,1943,30,0,7.5,3.09019361618552
7d,7,0,raw,1944,98,1,24.5,5.58519192562006
7d,7,0,raw,1945,115,1,28.75,6.0502592432999
7d,7,0,raw,1946,30,0,7.5,3.09019361618552
7d,7,0,raw,1948,37,0,9.25,3.43183125878885
7d,7,0,raw,1949,292,0,73,9.64087582980234
7d,7,0,raw,1952,41,0,10.25,3.61257599692178
7d,7,0,raw,1955,85,0,21.25,5.2015709478601
7d,7,0,raw,1956,199,0,49.75,7.95887349758585
7d,7,0,raw,1958,132,0,33,6.48204481442857
7d,7,0,raw,1960,66,0,16.5,4.58349784423754
7d,7,0,raw,1961,28,0,7,2.98541066072092
7d,7,0,raw,1963,23,0,5.75,2.705758189903
7d,7,0,raw,1965,10,0,2.5,1.78412411615277
7d,7,0,raw,1967,128,0,32,6.38307648642292
7d,7,0,raw,1968,70,0,17.5,4.72034871941315
7d,7,0,raw,1969,743,0,185.75,15.3786945295937
7d,7,0,raw,1971,205,0,51.25,8.07796550300118
7d,7,0,raw,1973,25,0,6.25,2.82094791773878
7d,7,0,raw,1974,32,0,8,3.19153824321146
7d,7,0,raw,1975,10,0,2.5,1.78412411615277
7d,7,0,raw,1982,28,0,7,2.98541066072092
7d,7,0,raw,1983,1262,0,315.5,20.0426314730363
7d,7,0,raw,1986,21,0,5.25,2.58544147291321
7d,7,0,raw,1988,7,0,1.75,1.49270533036046
7d,7,0,raw,1989,19,1,4.74999999999999,2.45924537968297
7d,7,0,raw,1990,91,0,22.75,5.38202560777306
7d,7,0,raw,1991,191,0,47.75,7.79725517481017
7d,7,0,raw,1993,26,0,6.5,2.8768136958758
7d,7,0,raw,1994,338,0,84.5,10.3724992904373
7d,7,0,raw,1996,367,0,91.75,10.808317548511
7d,7,0,raw,1999,117,0,29.25,6.10264341769233
7d,7,0,raw,2000,114,0,28.5,6.02389633252035
7d,7,0,raw,2002,201,0,50.25,7.99876785029682
7d,7,0,raw,2004,50,0,12.5,3.98942280401433
7d,7,0,raw,2005,80,0,20,5.04626504404032
7d,7,0,raw,2006,80,0,20,5.04626504404032
7d,7,0,raw,2009,41,0,10.25,3.61257599692178
7d,7,0,raw,2014,29,0,7.25,3.03825388987325
7d,7,0,raw,2020,137,0,34.25,6.60366976818037
7d,7,0,raw,2023,21,0,5.25,2.58544147291321
7d,7,0,raw,2025,306,0,76.5,9.86928696371931
7d,7,0,raw,2027,121,0,30.25,6.20608541902532
7d,7,0,raw,2029,75,0,18.75,4.8860251190292
7d,7,0,raw,2030,55,0,13.75,4.184141935942
7d,7,0,raw,2037,103,0,25.75,5.72589890558072
7d,7,0,raw,2038,15,0,3.75,2.18509686118416
7d,7,0,raw,2039,127,0,31.75,6.35809370372452
7d,7,0,raw,2040,33,0,8.25,3.24102240721429
7d,7,0,raw,2041,7,0,1.75,1.49270533036046
7d,7,0,raw,2044,121,0,30.25,6.20608541902532
7d,7,0,raw,2046,684,0,171,14.7554722780978
7d,7,0,raw,2047,68,0,17,4.65242649168128
7d,7,0,raw,2048,156,0,39,7.04672563994593
7d,7,0,raw,2050,28,0,7,2.98541066072092
7d,7,0,raw,2051,94,0,23.5,5.47002095985713
7d,7,0,raw,2052,7,0,1.75,1.49270533036046
7d,7,0,raw,2053,378,0,94.5,10.9690991871472
7d,7,0,raw,2055,132,0,33,6.48204481442857
7d,7,0,raw,2056,157,0,39.25,7.06927521962861
7d,7,0,raw,2059,411,0,102.75,11.437891554895
7d,7,0,raw,2060,13,0,3.25,2.03421447256411
7d,7,0,raw,2061,36,0,9,3.38513750128654
7d,7,0,raw,2065,125,1,31.25,6.3078313050504
7d,7,0,raw,2068,55,0,13.75,4.184141935942
7d,7,0,raw,2070,19,0,4.75,2.45924537968297
7d,7,0,raw,2071,80,0,20,5.04626504404032
7d,7,0,raw,2075,259,0,64.75,9.07977205229304
7d,7,0,raw,2076,65,0,16.25,4.54864184146723
7d,7,0,raw,2077,170,0,42.5,7.35613218010963
7d,7,0,raw,2078,23,0,5.75,2.705758189903
7d,7,0,raw,2079,224,0,56,8.4440164912895
7d,7,0,raw,2082,124,0,31,6.28254931431422
7d,7,0,raw,2084,195,0,48.75,7.8784787748549
7d,7,0,raw,2086,134,0,33.5,6.53096660140197
7d,7,0,raw,2090,312,0,78,9.96557497033376
7d,7,0,raw,2091,107,0,26.75,5.83602243155949
7d,7,0,raw,2092,30,0,7.5,3.09019361618552
7d,7,0,raw,2094,42,0,10.5,3.65636639571573
7d,7,0,raw,2096,39,0,9.75,3.52336281997296
7d,7,0,raw,2097,705,0,176.25,14.9802693486991
7d,7,0,raw,2098,180,1,45,7.56939756606048
7d,7,0,raw,2100,556,0,139,13.3033941803657
7d,7,0,raw,2101,46,0,11.5,3.82651992866291
7d,7,0,raw,2102,129,0,32.25,6.40796186924587
7d,7,0,raw,2108,54,0,13.5,4.14592979365603
7d,7,0,raw,2111,15,0,3.75,2.18509686118416
7d,7,0,raw,2112,106,0,26.5,5.80868728160518
7d,7,0,raw,2113,11,0,2.75,1.87120515925478
7d,7,0,raw,2114,51,0,12.75,4.0291195310357
7d,7,0,raw,2117,80,0,20,5.04626504404032
7d,7,0,raw,2118,10,0,2.5,1.78412411615277
7d,7,0,raw,2119,27,0,6.75,2.93161507141752
7d,7,0,raw,2120,22,0,5.50000000000001,2.64628371420062
7d,7,0,raw,2121,16,0,4,2.25675833419103
7d,7,0,raw,2122,65,0,16.25,4.54864184146723
7d,7,0,raw,2123,74,0,18.5,4.85334230995512
7d,7,0,raw,2125,35,1,8.75,3.33779058906227
7d,7,0,raw,2127,62,0,15.5,4.44243322329048
7d,7,0,raw,2128,160,0,40,7.13649646461108
7d,7,0,raw,2130,41,0,10.25,3.61257599692178
7d,7,0,raw,2131,83,0,20.75,5.14001172695692
7d,7,0,raw,2132,170,0,42.5,7.35613218010963
7d,7,0,raw,2134,23,0,5.75,2.705758189903
7d,7,0,raw,2135,24,1,5.99999999999999,2.76395319577068
7d,7,0,raw,2136,170,0,42.5,7.35613218010963
7d,7,0,raw,2137,573,0,143.25,13.5052421223506
7d,7,0,raw,2141,14,0,3.5,2.11100412282238
7d,7,0,raw,2142,77,0,19.25,4.95074350336915
7d,7,0,raw,2144,19,0,4.75,2.45924537968297
7d,7,0,raw,2145,47,0,11.75,3.86788891394752
7d,7,0,raw,2146,271,0,67.75,9.28773272418017
7d,7,0,raw,2148,183,0,45.75,7.63221522047392
7d,7,0,raw,2150,62,0,15.5,4.44243322329048
7d,7,0,raw,2151,339,0,84.75,10.3878318919929
7d,7,0,raw,2154,157,0,39.25,7.06927521962861
7d,7,0,raw,2156,13,0,3.25,2.03421447256411
7d,7,0,raw,2158,87,0,21.75,5.26241010355424
7d,7,0,raw,2159,68,0,17,4.65242649168128
7d,7,0,raw,2160,264,0,66,9.16699568847508
7d,7,0,raw,2161,6,0,1.5,1.38197659788534
7d,7,0,raw,2162,138,0,34.5,6.62772693261899
7d,7,0,raw,2163,17,1,4.24999999999999,2.32621324584064
7d,7,0,raw,2165,247,0,61.75,8.86693531539485
7d,7,0,raw,2166,110,0,27.5,5.9172702727032
7d,7,0,raw,2167,211,0,52.75,8.19532708223289
7d,7,0,raw,2170,41,0,10.25,3.61257599692178
7d,7,0,raw,2171,108,0,27,5.86323014283504
7d,7,0,raw,2174,9,0,2.25,1.69256875064327
7d,7,0,raw,2175,309,0,77.25,9.91754782346883
7d,7,0,raw,2177,192,0,48,7.81764019044672
7d,7,0,raw,2180,347,0,86.75,10.5096874599474
7d,7,0,raw,2182,446,0,111.5,11.9149573745763
7d,7,0,raw,2183,9,0,2.25,1.69256875064327
7d,7,0,raw,2184,259,0,64.75,9.07977205229304
7d,7,0,raw,2185,75,0,18.75,4.8860251190292
7d,7,0,raw,2186,13,0,3.25,2.03421447256411
7d,7,0,raw,2187,85,0,21.25,5.2015709478601
7d,7,0,raw,2188,62,0,15.5,4.44243322329048
7d,7,0,raw,2191,36,0,9,3.38513750128654
7d,7,0,raw,2193,318,0,79.5,10.0609414970193
7d,7,0,raw,2194,145,0,36.25,6.79374223065974
7d,7,0,raw,2195,220,0,55,8.368283871884
7d,7,0,raw,2196,93,0,23.25,5.44084730672462
7d,7,0,raw,2197,19,0,4.75,2.45924537968297
7d,7,0,raw,2198,52,0,13,4.06842894512822
7d,7,0,raw,2199,58,0,14.5,4.29673985699156
7d,7,0,raw,2202,42,0,10.5,3.65636639571573
7d,7,0,raw,2203,97,0,24.25,5.55662298161641
7d,7,0,raw,2204,29,0,7.25,3.03825388987325
7d,7,0,raw,2205,20,0,5,2.52313252202016
7d,7,0,raw,2206,69,0,17.25,4.6865106579076
7d,7,0,raw,2208,57,0,14.25,4.25953794588991
7d,7,0,raw,2210,216,0,54,8.29185958731205
7d,7,0,raw,2211,6,0,1.5,1.38197659788534
7d,7,0,raw,2214,283,0,70.75,9.49113785538977
7d,7,0,raw,2216,97,0,24.25,5.55662298161641
7d,7,0,raw,2218,113,0,28.25,5.99741753913869
7d,7,0,raw,2221,31,0,7.75,3.14127465715711
7d,7,0,raw,2222,176,0,44,7.48482063701911
7d,7,0,raw,2223,158,0,39.5,7.09175309899033
7d,7,0,raw,2224,671,0,167.75,14.6145794886245
7d,7,0,raw,2225,21,0,5.25,2.58544147291321
7d,7,0,raw,2226,135,0,33.75,6.55529058355247
7d,7,0,raw,2228,352,0,88,10.5851348568025
7d,7,0,raw,2229,22,0,5.5,2.64628371420061
7d,7,0,raw,2231,373,0,93.25,10.8963107310022
7d,7,0,raw,2232,43,0,10.75,3.69963851016596
7d,7,0,raw,2234,6,0,1.5,1.38197659788534
7d,7,0,raw,2235,105,0,26.25,5.78122288528111
7d,7,0,raw,2236,35,0,8.75,3.33779058906227
7d,7,0,raw,2237,116,0,29,6.0765077797465
7d,7,0,raw,2240,83,0,20.75,5.14001172695692
7d,7,0,raw,2241,41,0,10.25,3.61257599692178
7d,7,0,raw,2243,280,0,70,9.4406974388263
7d,7,0,raw,2244,62,0,15.5,4.44243322329048
7d,7,0,raw,2245,128,0,32,6.38307648642292
7d,7,0,raw,2247,136,0,34,6.57952464247954
7d,7,0,raw,2249,277,1,69.25,9.38998607415954
7d,7,0,raw,2250,32,0,8,3.19153824321146
7d,7,0,raw,2251,96,0,24,5.52790639154137
7d,7,0,raw,2252,64,0,16,4.51351666838205
7d,7,0,raw,2253,64,0,16,4.51351666838205
7d,7,0,raw,2254,28,0,7,2.98541066072092
7d,7,0,raw,2255,8,0,2,1.59576912160573
7d,7,0,raw,2257,93,0,23.25,5.44084730672462
7d,7,0,raw,2258,25,0,6.25,2.82094791773878
7d,7,0,raw,2260,211,0,52.75,8.19532708223289
7d,7,0,raw,2261,286,0,71.5,9.54131162097561
7d,7,0,raw,2263,415,0,103.75,11.4934156266218
7d,7,0,raw,2264,131,0,32.75,6.45744493511765
7d,7,0,raw,2266,128,0,32,6.38307648642292
7d,7,0,raw,2267,166,0,41.5,7.26907429501923
7d,7,0,raw,2268,46,0,11.5,3.82651992866291
7d,7,0,raw,2272,328,0,82,10.2179079399006
7d,7,0,raw,2279,40,0,10,3.56824823230554
7d,7,0,raw,2285,85,0,21.25,5.2015709478601
7d,7,0,raw,2289,38,0,9.5,3.47789816915102
7d,7,0,raw,2291,322,1,80.5,10.1240201180747
7d,7,0,raw,2294,72,0,18,4.78730736481719
7d,7,0,raw,2297,137,0,34.25,6.60366976818037
7d,7,0,raw,2298,76,0,19,4.91849075936593
7d,7,0,raw,2299,133,0,33.25,6.50655168752575
7d,7,0,raw,2302,350,0,87.5,10.5550206141119
7d,7,0,raw,2303,234,0,58.5,8.63044108762739
7d,7,0,raw,2308,67,0,16.75,4.61809077155419
7d,7,0,raw,2310,88,0,22,5.29256742840123
7d,7,0,raw,2311,221,0,55.25,8.38728113554194
7d,7,0,raw,2312,17,0,4.25,2.32621324584064
7d,7,0,raw,2314,126,0,31.5,6.33301236846713
7d,7,0,raw,2315,50,1,12.5,3.98942280401433
7d,7,0,raw,2316,35,0,8.75000000000001,3.33779058906227
7d,7,0,raw,2318,14,0,3.5,2.11100412282238
7d,7,0,raw,2320,187,0,46.75,7.71517651880816
7d,7,0,raw,2322,12,0,3,1.95441004761168
7d,7,0,raw,2326,312,0,78,9.96557497033376
7d,7,0,raw,2328,14,0,3.5,2.11100412282238
7d,7,0,raw,2329,122,0,30.5,6.2316776324215
7d,7,0,raw,2330,100,0,25,5.64189583547756
7d,7,0,raw,2331,24,0,6,2.76395319577068
7d,7,0,raw,2333,139,0,34.75,6.65169709018284
7d,7,0,raw,2334,176,0,44,7.48482063701911
7d,7,0,raw,2335,79,0,19.75,5.01462670679677
7d,7,0,raw,2336,390,0,97.5,11.1418515342684
7d,7,0,raw,2337,203,0,50.75,8.03846421247924
7d,7,0,raw,2338,217,0,54.25,8.31103154258739
7d,7,0,raw,2339,206,0,51.5,8.09764388904951
7d,7,0,raw,2342,241,0,60.25,8.75857765680556
7d,7,0,raw,2344,149,0,37.25,6.88681152939332
7d,7,0,raw,2345,94,0,23.5,5.47002095985713
7d,7,0,raw,2347,37,0,9.25,3.43183125878885
7d,7,0,raw,2348,18,0,4.5,2.3936536824086
7d,7,0,raw,2349,81,0,20.25,5.07770625192981
7d,7,0,raw,2354,35,0,8.75,3.33779058906227
7d,7,0,raw,2355,73,0,18.25,4.82043791490117
7d,7,0,raw,2359,21,0,5.25,2.58544147291321
7d,7,0,raw,2362,388,0,97,11.1132459632328
7d,7,0,raw,2364,117,0,29.25,6.10264341769233
7d,7,0,raw,2365,64,0,16,4.51351666838205
7d,7,0,raw,2366,323,0,80.75,10.1397284597451
7d,7,0,raw,2367,45,0,11.25,3.78469878303024
7d,7,0,raw,2369,14,0,3.5,2.11100412282238
7d,7,0,raw,2372,63,0,15.75,4.47811599108138
7d,7,0,raw,2373,112,0,28,5.97082132144185
7d,7,0,raw,2374,210,0,52.5,8.17588381146626
7d,7,0,raw,2378,221,0,55.25,8.38728113554194
7d,7,0,raw,2379,306,0,76.5,9.86928696371931
7d,7,0,raw,2380,41,0,10.25,3.61257599692178
7d,7,0,raw,2381,73,0,18.25,4.82043791490117
7d,7,0,raw,2383,263,0,65.75,9.14961748196814
7d,7,0,raw,2385,269,0,67.25,9.25339718068125
7d,7,0,raw,2386,282,0,70.5,9.47435422093923
7d,7,0,raw,2387,192,0,48,7.81764019044672
7d,7,0,raw,2390,734,0,183.5,15.2852692635394
7d,7,0,raw,2391,43,0,10.75,3.69963851016596
7d,7,0,raw,2393,173,0,43.25,7.42075537326193
7d,7,0,raw,2395,102,0,25.5,5.69803548521301
7d,7,0,raw,2396,104,0,26,5.75362739175159
7d,7,0,raw,2399,153,0,38.25,6.97863973752192
7d,7,0,raw,2400,43,0,10.75,3.69963851016596
7d,7,0,raw,2401,23,0,5.75,2.705758189903
7d,7,0,raw,2403,16,0,4,2.25675833419103
7d,7,0,raw,2406,115,0,28.75,6.0502592432999
7d,7,0,raw,2410,131,0,32.75,6.45744493511765
7d,7,0,raw,2411,135,0,33.75,6.55529058355247
7d,7,0,raw,2414,140,0,35,6.67558117812455
7d,7,0,raw,2415,121,0,30.25,6.20608541902532
7d,7,0,raw,2418,116,0,29,6.0765077797465
7d,7,0,raw,2423,91,0,22.75,5.38202560777306
7d,7,0,raw,2424,182,0,45.5,7.61133360755196
7d,7,0,raw,2427,39,0,9.75,3.52336281997296
7d,7,0,raw,2429,40,0,10,3.56824823230554
7d,7,0,raw,2431,423,0,105.75,11.6036667418426
7d,7,0,raw,2433,98,0,24.5,5.58519192562006
7d,7,0,raw,2434,28,0,7,2.98541066072092
7d,7,0,raw,2436,134,0,33.5,6.53096660140197
7d,7,0,raw,2437,40,0,10,3.56824823230554
7d,7,0,raw,2439,87,1,21.75,5.26241010355424
7d,7,0,raw,2440,7,1,1.75,1.49270533036046
7d,7,0,raw,2441,105,1,26.25,5.78122288528111
7d,7,0,raw,2444,149,0,37.25,6.88681152939332
7d,7,0,raw,2446,191,0,47.75,7.79725517481017
7d,7,0,raw,2448,36,0,9,3.38513750128654
7d,7,0,raw,2450,93,0,23.25,5.44084730672462
7d,7,0,raw,2451,121,0,30.25,6.20608541902532
7d,7,0,raw,2453,37,0,9.25,3.43183125878885
7d,7,0,raw,2454,8,0,2,1.59576912160573
7d,7,0,raw,2458,16,0,4,2.25675833419103
7d,7,0,raw,2459,132,0,33,6.48204481442857
7d,7,0,raw,2460,302,0,75.5,9.80456962989732
7d,7,0,raw,2461,5,0,1.25,1.26156626101008
7d,7,0,raw,2462,191,0,47.75,7.79725517481017
7d,7,0,raw,2463,122,0,30.5,6.2316776324215
7d,7,0,raw,2465,82,0,20.5,5.10895396995029
7d,7,0,raw,2466,93,0,23.25,5.44084730672462
7d,7,0,raw,2467,87,0,21.75,5.26241010355424
7d,7,0,raw,2468,205,0,51.25,8.07796550300118
7d,7,0,raw,2469,9,0,2.25,1.69256875064327
7d,7,0,raw,2470,141,0,35.25,6.69938011698952
7d,7,0,raw,2471,15,0,3.75,2.18509686118416
7d,7,0,raw,2472,132,0,33,6.48204481442857
7d,7,0,raw,2475,56,0,14,4.22200824564475
7d,7,0,raw,2476,16,0,4,2.25675833419103
7d,7,0,raw,2478,139,0,34.75,6.65169709018284
7d,7,0,raw,2479,68,0,17,4.65242649168128
7d,7,0,raw,2480,18,0,4.5,2.3936536824086
7d,7,0,raw,2481,63,0,15.75,4.47811599108138
7d,7,0,raw,2486,119,0,29.75,6.15458174499869
7d,7,0,raw,2487,59,0,14.75,4.33362242065961
7d,7,0,raw,2488,129,0,32.25,6.40796186924587
7d,7,0,raw,2489,15,1,3.75,2.18509686118416
7d,7,0,raw,2490,105,0,26.25,5.78122288528111
7d,7,0,raw,2492,43,0,10.75,3.69963851016596
7d,7,0,raw,2494,123,0,30.75,6.25716517287232
7d,7,0,raw,2495,170,0,42.5,7.35613218010963
7d,7,0,raw,2496,47,0,11.75,3.86788891394752
7d,7,0,raw,2498,93,0,23.25,5.44084730672462
7d,7,0,raw,2501,7,0,1.75,1.49270533036046
7d,7,0,raw,2502,124,0,31,6.28254931431422
7d,7,0,raw,2503,34,0,8.5,3.28976232123977
7d,7,0,raw,2506,289,0,72.25,9.59122292031186
7d,7,0,raw,2507,131,0,32.75,6.45744493511765
7d,7,0,raw,2508,54,0,13.5,4.14592979365603
7d,7,0,raw,2509,32,0,8,3.19153824321146
7d,7,0,raw,2511,89,1,22.25,5.3225538860924
7d,7,0,raw,2512,322,0,80.5,10.1240201180747
7d,7,0,raw,2514,32,0,8,3.19153824321146
7d,7,0,raw,2516,65,0,16.25,4.54864184146723
7d,7,0,raw,2518,302,0,75.5,9.80456962989732
7d,7,0,raw,2519,130,0,32.5,6.43275098258069
7d,7,0,raw,2521,57,0,14.25,4.25953794588991
7d,7,0,raw,2526,146,0,36.5,6.81712867583072
7d,7,0,raw,2528,100,0,25,5.64189583547756
7d,7,0,raw,2529,22,0,5.5,2.64628371420061
7d,7,0,raw,2530,168,0,42,7.31273279143145
7d,7,0,raw,2533,21,0,5.25,2.58544147291321
7d,7,0,raw,2535,247,0,61.75,8.86693531539485
7d,7,0,raw,2538,123,0,30.75,6.25716517287232
7d,7,0,raw,2541,121,0,30.25,6.20608541902532
7d,7,0,raw,2543,94,0,23.5,5.47002095985713
7d,7,0,raw,2547,35,0,8.75,3.33779058906227
7d,7,0,raw,2552,27,0,6.75,2.93161507141752
7d,7,0,raw,2553,137,0,34.25,6.60366976818037
7d,7,0,raw,2554,91,0,22.75,5.38202560777306
7d,7,0,raw,2555,187,0,46.75,7.71517651880816
7d,7,0,raw,2558,371,0,92.75,10.8670588373389
7d,7,0,raw,2560,53,0,13.25,4.10736216661508
7d,7,0,raw,2561,164,0,41,7.22515199384357
7d,7,0,raw,2562,20,0,5,2.52313252202016
7d,7,0,raw,2563,12,0,3,1.95441004761168
7d,7,0,raw,2564,319,0,79.75,10.0767481705473
7d,7,0,raw,2567,59,0,14.75,4.33362242065961
7d,7,0,raw,2569,23,0,5.75,2.705758189903
7d,7,0,raw,2570,56,0,14,4.22200824564475
7d,7,0,raw,2573,203,0,50.75,8.03846421247924
7d,7,0,raw,2575,22,0,5.5,2.64628371420061
7d,7,0,raw,2576,60,0,15,4.37019372236832
7d,7,0,raw,2577,104,0,26,5.75362739175159
7d,7,0,raw,2578,25,0,6.25,2.82094791773878
7d,7,0,raw,2581,88,0,22,5.29256742840123
7d,7,0,raw,2582,21,0,5.25,2.58544147291321
7d,7,0,raw,2583,197,0,49.25,7.91877816195193
7d,7,0,raw,2584,213,0,53.25,8.23407588968838
7d,7,0,raw,2590,130,0,32.5,6.43275098258069
7d,7,0,raw,2592,107,0,26.75,5.83602243155949
7d,7,0,raw,2594,126,0,31.5,6.33301236846713
7d,7,0,raw,2595,90,1,22.5,5.35237234845831
7d,7,0,raw,2596,358,0,89.5,10.6749678806916
7d,7,0,raw,2599,44,0,11,3.74241031850956
7d,7,0,raw,2600,8,0,2,1.59576912160573
7d,7,0,raw,2602,113,0,28.25,5.99741753913869
7d,7,0,raw,2603,120,0,30,6.18038723237103
7d,7,0,raw,2604,173,0,43.25,7.42075537326193
7d,7,0,raw,2610,67,0,16.75,4.61809077155419
7d,7,0,raw,2611,17,0,4.25,2.32621324584064
7d,7,0,raw,2612,152,0,38,6.95579633830205
7d,7,0,raw,2614,97,0,24.25,5.55662298161641
7d,7,0,raw,2617,97,0,24.25,5.55662298161641
7d,7,0,raw,2618,28,0,7,2.98541066072092
7d,7,0,raw,2620,61,0,15.25,4.40646151205377
7d,7,0,raw,2622,550,0,137.5,13.2314185710031
7d,7,0,raw,2624,154,0,38.5,7.00140860629515
7d,7,0,raw,2626,41,0,10.25,3.61257599692178
7d,7,0,raw,2627,234,0,58.5,8.63044108762739
7d,7,0,raw,2628,174,0,43.5,7.44217173921562
7d,7,0,raw,2629,63,0,15.75,4.47811599108138
7d,7,0,raw,2630,9,0,2.25,1.69256875064327
7d,7,0,raw,2631,39,1,9.74999999999999,3.52336281997296
7d,7,0,raw,2632,29,0,7.25,3.03825388987325
7d,7,0,raw,2633,36,0,9,3.38513750128654
7d,7,0,raw,2634,182,0,45.5,7.61133360755196
7d,7,0,raw,2635,23,0,5.75,2.705758189903
7d,7,0,raw,2636,632,0,158,14.1835061979807
7d,7,0,raw,2637,126,0,31.5,6.33301236846713
7d,7,0,raw,2639,78,0,19.5,4.98278748516688
7d,7,0,raw,2641,43,0,10.75,3.69963851016596
7d,7,0,raw,2642,31,0,7.75,3.14127465715711
7d,7,0,raw,2644,72,0,18,4.78730736481719
7d,7,0,raw,2646,30,0,7.5,3.09019361618552
7d,7,0,raw,2647,381,0,95.25,11.0125413341347
7d,7,0,raw,2648,15,0,3.75,2.18509686118416
7d,7,0,raw,2651,30,0,7.5,3.09019361618552
7d,7,0,raw,2652,42,0,10.5,3.65636639571573
7d,7,0,raw,2653,12,0,3,1.95441004761168
7d,7,0,raw,2655,95,0,23.75,5.4990398423234
7d,7,0,raw,2656,193,0,48.25,7.83797218886822
7d,7,0,raw,2657,501,1,125.25,12.6282719711796
7d,7,0,raw,2658,89,0,22.25,5.32255388609241
7d,7,0,raw,2659,225,0,56.25,8.46284375321634
7d,7,0,raw,2660,65,0,16.25,4.54864184146723
7d,7,0,raw,2661,47,0,11.75,3.86788891394752
7d,7,0,raw,2663,230,0,57.5,8.5563586777479
7d,7,0,raw,2664,229,0,57.25,8.53773763570233
7d,7,0,raw,2665,21,0,5.25,2.58544147291321
7d,7,0,raw,2666,49,0,12.25,3.94932708483429
7d,7,0,raw,2667,74,0,18.5,4.85334230995512
7d,7,0,raw,2668,270,0,67.5,9.27058084855655
7d,7,0,raw,2669,165,0,41.25,7.24714641913115
7d,7,0,raw,2670,205,0,51.25,8.07796550300118
7d,7,0,raw,2671,124,0,31,6.28254931431422
7d,7,0,raw,2673,388,0,97,11.1132459632328
7d,7,0,raw,2675,127,0,31.75,6.35809370372452
7d,7,0,raw,2678,151,0,37.75,6.93287767191607
7d,7,0,raw,2681,586,0,146.5,13.6575837285993
7d,7,0,raw,2684,146,0,36.5,6.81712867583072
7d,7,0,raw,2686,77,0,19.25,4.95074350336915
7d,7,0,raw,2688,41,0,10.25,3.61257599692178
7d,7,0,raw,2689,99,0,24.75,5.61361547776433
7d,7,0,raw,2691,108,0,27,5.86323014283504
7d,7,0,raw,2692,24,0,6,2.76395319577068
7d,7,0,raw,2693,77,0,19.25,4.95074350336915
7d,7,0,raw,2696,45,0,11.25,3.78469878303024
7d,7,0,raw,2697,75,0,18.75,4.8860251190292
7d,7,0,raw,2698,86,0,21.5,5.23207895695449
7d,7,0,raw,2700,83,1,20.75,5.14001172695692
7d,7,0,raw,2701,147,0,36.75,6.84043516664088
7d,7,0,raw,2703,108,0,27,5.86323014283504
7d,7,0,raw,2705,54,0,13.5,4.14592979365603
7d,7,0,raw,2708,53,0,13.25,4.10736216661508
7d,7,0,raw,2710,167,0,41.75,7.29093622196032
7d,7,0,raw,2711,93,0,23.25,5.44084730672462
7d,7,0,raw,2714,245,0,61.25,8.83096382707056
7d,7,0,raw,2715,7,0,1.75,1.49270533036046
7d,7,0,raw,2718,90,0,22.5,5.35237234845831
7d,7,0,raw,2721,587,0,146.75,13.6692319897603
7d,7,0,raw,2724,35,0,8.75,3.33779058906227
7d,7,0,raw,2725,22,0,5.5,2.64628371420061
7d,7,0,raw,2726,124,0,31,6.28254931431422
7d,7,0,raw,2727,77,1,19.25,4.95074350336915
7d,7,0,raw,2729,17,0,4.25,2.32621324584064
7d,7,0,raw,2730,134,0,33.5,6.53096660140197
7d,7,0,raw,2731,34,0,8.5,3.28976232123977
7d,7,0,raw,2732,221,0,55.25,8.38728113554194
7d,7,0,raw,2735,158,0,39.5,7.09175309899033
7d,7,0,raw,2736,109,0,27.25,5.89031218137317
7d,7,0,raw,2741,71,0,17.75,4.75394593143939
7d,7,0,raw,2742,120,0,30,6.18038723237103
7d,7,0,raw,2743,34,0,8.5,3.28976232123977
7d,7,0,raw,2744,85,0,21.25,5.2015709478601
7d,7,0,raw,2745,185,0,46.25,7.67380798196054
7d,7,0,raw,2746,156,0,39,7.04672563994593
7d,7,0,raw,2748,7,0,1.75,1.49270533036046
7d,7,0,raw,2749,80,0,20,5.04626504404032
7d,7,0,raw,2752,113,0,28.25,5.99741753913869
7d,7,0,raw,2753,197,0,49.25,7.91877816195193
7d,7,0,raw,2757,10,0,2.5,1.78412411615277
7d,7,0,raw,2760,22,0,5.5,2.64628371420061
7d,7,0,raw,2761,48,0,12,3.90882009522336
7d,7,0,raw,2762,81,0,20.25,5.07770625192981
7d,7,0,raw,2764,103,0,25.75,5.72589890558072
7d,7,0,raw,2766,341,0,85.25,10.4184294012424
7d,7,0,raw,2768,166,0,41.5,7.26907429501923
7d,7,0,raw,2771,40,0,10,3.56824823230554
7d,7,0,raw,2773,87,0,21.75,5.26241010355424
7d,7,0,raw,2776,386,0,96.5,11.0845665710006
7d,7,0,raw,2777,10,0,2.5,1.78412411615277
7d,7,0,raw,2779,5,0,1.25,1.26156626101008
7d,7,0,raw,2785,195,0,48.75,7.8784787748549
7d,7,0,raw,2786,202,0,50.5,8.01864059608146
7d,7,0,raw,2789,509,0,127.25,12.7286971865761
7d,7,0,raw,2790,144,0,36,6.77027500257308
7d,7,0,raw,2791,73,0,18.25,4.82043791490117
7d,7,0,raw,2792,140,0,35,6.67558117812455
7d,7,0,raw,2793,86,0,21.5,5.23207895695449
7d,7,0,raw,2794,62,0,15.5,4.44243322329048
7d,7,0,raw,2796,87,0,21.75,5.26241010355424
7d,7,0,raw,2797,33,0,8.25,3.24102240721429
7d,7,0,raw,2798,14,0,3.5,2.11100412282238
7d,7,0,raw,2799,56,0,14,4.22200824564475
7d,7,0,raw,2800,35,0,8.75,3.33779058906227
7d,7,0,raw,2803,188,1,47,7.73577782789505
7d,7,0,raw,2805,146,0,36.5,6.81712867583072
7d,7,0,raw,2808,182,0,45.5,7.61133360755196
7d,7,0,raw,2809,43,0,10.75,3.69963851016596
7d,7,0,raw,2813,225,0,56.25,8.46284375321634
7d,7,0,raw,2815,7,0,1.75,1.49270533036046
7d,7,0,raw,2816,58,0,14.5,4.29673985699156
7d,7,0,raw,2818,34,0,8.5,3.28976232123977
7d,7,0,raw,2819,28,0,7,2.98541066072092
7d,7,0,raw,2820,220,0,55,8.368283871884
7d,7,0,raw,2821,88,0,22,5.29256742840123
7d,7,0,raw,2823,504,0,126,12.6660247369343
7d,7,0,raw,2824,178,0,44.5,7.5272278921735
7d,7,0,raw,2825,12,0,3,1.95441004761168
7d,7,0,raw,2827,112,0,28,5.97082132144185
7d,7,0,raw,2829,93,0,23.25,5.44084730672462
7d,7,0,raw,2831,54,0,13.5,4.14592979365603
7d,7,0,raw,2832,45,0,11.25,3.78469878303024
7d,7,0,raw,2833,285,0,71.25,9.52461639974967
7d,7,0,raw,2834,324,0,81,10.1554125038596
7d,7,0,raw,2835,25,1,6.24999999999999,2.82094791773878
7d,7,0,raw,2837,15,0,3.75,2.18509686118416
7d,7,0,raw,2838,48,0,12,3.90882009522336
7d,7,0,raw,2839,151,0,37.75,6.93287767191607
7d,7,0,raw,2840,182,0,45.5,7.61133360755196
7d,7,0,raw,2841,88,0,22,5.29256742840123
7d,7,0,raw,2843,45,0,11.25,3.78469878303024
7d,7,0,raw,2845,55,0,13.75,4.184141935942
7d,7,0,raw,2846,72,0,18,4.78730736481719
7d,7,0,raw,2847,11,0,2.75,1.87120515925478
7d,7,0,raw,2848,33,0,8.25,3.24102240721429
7d,7,0,raw,2850,126,0,31.5,6.33301236846713
7d,7,0,raw,2851,11,0,2.75,1.87120515925478
7d,7,0,raw,2853,105,0,26.25,5.78122288528111
7d,7,0,raw,2854,21,0,5.25,2.58544147291321
7d,7,0,raw,2855,25,0,6.25,2.82094791773878
7d,7,0,raw,2858,48,0,12,3.90882009522336
7d,7,0,raw,2860,44,0,11,3.74241031850956
7d,7,0,raw,2861,260,0,65,9.09728368293446
7d,7,0,raw,2863,311,0,77.75,9.94959168022281
7d,7,0,raw,2868,210,0,52.5,8.17588381146626
7d,7,0,raw,2869,18,0,4.5,2.3936536824086
7d,7,0,raw,2870,399,0,99.75,11.2696781048676
7d,7,0,raw,2872,81,0,20.25,5.07770625192981
7d,7,0,raw,2873,5,0,1.25,1.26156626101008
7d,7,0,raw,2874,89,0,22.25,5.32255388609241
7d,7,0,raw,2875,18,0,4.5,2.3936536824086
7d,7,0,raw,2876,77,0,19.25,4.95074350336915
7d,7,0,raw,2878,73,0,18.25,4.82043791490117
7d,7,0,raw,2881,99,0,24.75,5.61361547776433
7d,7,0,raw,2883,379,0,94.75,10.983598994121
7d,7,0,raw,2884,67,0,16.75,4.61809077155419
7d,7,0,raw,2886,122,0,30.5,6.2316776324215
7d,7,0,raw,2887,156,0,39,7.04672563994593
7d,7,0,raw,2888,248,0,62,8.88486644658096
7d,7,0,raw,2890,75,1,18.75,4.8860251190292
7d,7,0,raw,2892,157,0,39.25,7.06927521962861
7d,7,0,raw,2895,92,0,23,5.41151637980601
7d,7,0,raw,2897,63,0,15.75,4.47811599108138
7d,7,0,raw,2898,173,0,43.25,7.42075537326193
7d,7,0,raw,2903,80,0,20,5.04626504404032
7d,7,0,raw,2905,276,0,69,9.37302131581521
7d,7,0,raw,2907,48,0,12,3.90882009522336
7d,7,0,raw,2908,683,0,170.75,14.744682168956
7d,7,0,raw,2909,96,0,24,5.52790639154137
7d,7,0,raw,2911,17,0,4.25,2.32621324584064
7d,7,0,raw,2912,41,0,10.25,3.61257599692178
7d,7,0,raw,2914,67,0,16.75,4.61809077155419
7d,7,0,raw,2915,39,0,9.75,3.52336281997296
7d,7,0,raw,2916,22,0,5.5,2.64628371420061
7d,7,0,raw,2917,157,0,39.25,7.06927521962861
7d,7,0,raw,2919,200,0,50,7.97884560802865
7d,7,0,raw,2920,82,0,20.5,5.10895396995029
7d,7,0,raw,2921,170,0,42.5,7.35613218010963
7d,7,0,raw,2923,253,1,63.25,8.97398468933946
7d,7,0,raw,2924,105,0,26.25,5.78122288528111
7d,7,0,raw,2925,29,0,7.25,3.03825388987325
7d,7,0,raw,2928,211,0,52.75,8.19532708223289
7d,7,0,raw,2929,88,0,22,5.29256742840123
7d,7,0,raw,2930,18,0,4.5,2.3936536824086
7d,7,0,raw,2931,16,0,4,2.25675833419103
7d,7,0,raw,2933,134,0,33.5,6.53096660140197
7d,7,0,raw,2934,409,0,102.25,11.410028196686
7d,7,0,raw,2935,55,0,13.75,4.184141935942
7d,7,0,raw,2936,37,0,9.25,3.43183125878885
7d,7,0,raw,2938,25,0,6.25,2.82094791773878
7d,7,0,raw,2945,188,0,47,7.73577782789505
7d,7,0,raw,2947,101,0,25.25,5.67003514138694
7d,7,0,raw,2951,19,0,4.75,2.45924537968297
7d,7,0,raw,2952,302,0,75.5,9.80456962989732
7d,7,0,raw,2956,149,0,37.25,6.88681152939332
7d,7,0,raw,2959,231,0,57.75,8.57493928307692
7d,7,0,raw,2960,82,0,20.5,5.10895396995029
7d,7,0,raw,2962,105,0,26.25,5.78122288528111
7d,7,0,raw,2963,10,0,2.5,1.78412411615277
7d,7,0,raw,2964,55,0,13.75,4.184141935942
7d,7,0,raw,2965,115,0,28.75,6.0502592432999
7d,7,0,raw,2967,396,0,99,11.2272309555287
7d,7,0,raw,2968,289,0,72.25,9.59122292031186
7d,7,0,raw,2969,186,0,46.5,7.69452005197108
7d,7,0,raw,2972,52,1,13,4.06842894512822
7d,7,0,raw,2973,109,0,27.25,5.89031218137317
7d,7,0,raw,2974,296,0,74,9.70668461991024
7d,7,0,raw,2975,192,0,48,7.81764019044672
7d,7,0,raw,2976,149,0,37.25,6.88681152939332
7d,7,0,raw,2979,7,0,1.75,1.49270533036046
7d,7,0,raw,2980,48,0,12,3.90882009522336
7d,7,0,raw,2981,91,0,22.75,5.38202560777306
7d,7,0,raw,2982,105,0,26.25,5.78122288528111
7d,7,0,raw,2984,107,0,26.75,5.83602243155949
7d,7,0,raw,2985,413,0,103.25,11.4656872011191
7d,7,0,raw,2987,156,0,39,7.04672563994593
7d,7,0,raw,2988,157,0,39.25,7.06927521962861
7d,7,0,raw,2989,21,0,5.25,2.58544147291321
7d,7,0,raw,2990,35,0,8.75,3.33779058906227
7d,7,0,raw,2991,54,0,13.5,4.14592979365603
7d,7,0,raw,2992,110,0,27.5,5.9172702727032
7d,7,0,raw,2994,78,0,19.5,4.98278748516688
7d,7,0,raw,2995,142,0,35.5,6.72309481102998
7d,7,0,raw,2996,145,0,36.25,6.79374223065974
7d,7,0,raw,2998,243,0,60.75,8.79484521425256
7d,7,0,raw,2999,17,0,4.25,2.32621324584064
7d,7,0,raw,3000,307,0,76.75,9.88540009602159
7d,7,0,raw,3001,122,0,30.5,6.2316776324215
7d,7,0,raw,3003,487,0,121.75,12.4505788849959
7d,7,0,raw,3005,130,0,32.5,6.43275098258069
7d,7,0,raw,3006,254,0,63.5,8.9917023466462
7d,7,0,raw,3007,120,0,30,6.18038723237103
7d,7,0,raw,3010,33,0,8.25,3.24102240721429
7d,7,0,raw,3011,87,0,21.75,5.26241010355424
7d,7,0,raw,3012,10,0,2.5,1.78412411615277
7d,7,0,raw,3015,126,0,31.5,6.33301236846713
7d,7,0,raw,3018,8,0,2,1.59576912160573
7d,7,0,raw,3021,38,0,9.5,3.47789816915102
7d,7,0,raw,3024,215,0,53.75,8.27264320090713
7d,7,0,raw,3028,350,0,87.5,10.5550206141119
7d,7,0,raw,3029,15,0,3.75,2.18509686118416
7d,7,0,raw,3031,517,1,129.25,12.8283362583392
7d,7,0,raw,3032,197,0,49.25,7.91877816195193
7d,7,0,raw,3033,8,0,2,1.59576912160573
7d,7,0,raw,3035,168,0,42,7.31273279143145
7d,7,0,raw,3036,112,0,28,5.97082132144185
7d,7,0,raw,3038,250,0,62.5,8.92062058076386
7d,7,0,raw,3039,68,0,17,4.65242649168128
7d,7,0,raw,3041,53,0,13.25,4.10736216661508
7d,7,0,raw,3042,99,0,24.75,5.61361547776433
7d,7,0,raw,3047,197,0,49.25,7.91877816195193
7d,7,0,raw,3049,360,0,90,10.7047446969166
7d,7,0,raw,3050,141,0,35.25,6.69938011698952
7d,7,0,raw,3053,21,0,5.25,2.58544147291321
7d,7,0,raw,3054,21,0,5.25,2.58544147291321
7d,7,0,raw,3055,109,0,27.25,5.89031218137317
7d,7,0,raw,3058,67,0,16.75,4.61809077155419
7d,7,0,raw,3059,47,0,11.75,3.86788891394752
7d,7,0,raw,3064,132,0,33,6.48204481442857
7d,7,0,raw,3065,14,0,3.5,2.11100412282238
7d,7,0,raw,3066,113,0,28.25,5.99741753913869
7d,7,0,raw,3068,146,0,36.5,6.81712867583072
7d,7,0,raw,3071,6,0,1.5,1.38197659788534
7d,7,0,raw,3072,88,0,22,5.29256742840123
7d,7,0,raw,3074,659,0,164.75,14.4833081509411
7d,7,0,raw,3075,174,1,43.5,7.44217173921562
7d,7,0,raw,3076,432,0,108,11.7264602856701
7d,7,0,raw,3078,22,0,5.5,2.64628371420061
7d,7,0,raw,3081,5,0,1.25,1.26156626101008
7d,7,0,raw,3082,100,0,25,5.64189583547756
7d,7,0,raw,3085,65,0,16.25,4.54864184146723
7d,7,0,raw,3086,112,0,28,5.97082132144185
7d,7,0,raw,3087,112,0,28,5.97082132144185
7d,7,0,raw,3088,283,0,70.75,9.49113785538977
7d,7,0,raw,3090,542,0,135.5,13.134837582232
7d,7,0,raw,3091,52,0,13,4.06842894512822
7d,7,0,raw,3095,82,0,20.5,5.10895396995029
7d,7,0,raw,3096,103,1,25.75,5.72589890558072
7d,7,0,raw,3098,111,0,27.75,5.94410610322534
7d,7,0,raw,3099,224,0,56,8.4440164912895
7d,7,0,raw,3100,30,0,7.5,3.09019361618552
7d,7,0,raw,3103,272,0,68,9.30485298336256
7d,7,0,raw,3104,278,0,69.5,9.40692023773423
7d,7,0,raw,3105,75,0,18.75,4.8860251190292
7d,7,0,raw,3106,22,0,5.5,2.64628371420061
7d,7,0,raw,3108,42,0,10.5,3.65636639571573
7d,7,0,raw,3109,7,0,1.75,1.49270533036046
7d,7,0,raw,3110,371,0,92.75,10.8670588373389
7d,7,0,raw,3112,17,0,4.25,2.32621324584064
7d,7,0,raw,3113,236,0,59,8.66724484131922
7d,7,0,raw,3115,39,0,9.75,3.52336281997296
7d,7,0,raw,3116,63,0,15.75,4.47811599108138
7d,7,0,raw,3119,30,0,7.5,3.09019361618552
7d,7,0,raw,3120,147,0,36.75,6.84043516664088
7d,7,0,raw,3121,27,0,6.75,2.93161507141752
7d,7,0,raw,3122,456,0,114,12.0477926650407
7d,7,0,raw,3123,293,0,73.25,9.65737006911564
7d,7,0,raw,3125,172,0,43,7.39927702033192
7d,7,0,raw,3126,124,0,31,6.28254931431422
7d,7,0,raw,3128,225,0,56.25,8.46284375321634
7d,7,0,raw,3131,153,0,38.25,6.97863973752192
7d,7,0,raw,3136,102,0,25.5,5.69803548521301
7d,7,0,raw,3140,83,0,20.75,5.14001172695692
7d,7,0,raw,3142,132,0,33,6.48204481442857
7d,7,0,raw,3144,44,0,11,3.74241031850956
7d,7,0,raw,3146,779,0,194.75,15.7468536964428
7d,7,0,raw,3147,93,0,23.25,5.44084730672462
7d,7,0,raw,3148,150,0,37.5,6.90988298942671
7d,7,0,raw,3150,133,0,33.25,6.50655168752575
7d,7,0,raw,3152,142,0,35.5,6.72309481102998
7d,7,0,raw,3157,330,0,82.5,10.2490127544389
7d,7,0,raw,3158,54,0,13.5,4.14592979365603
7d,7,0,raw,3159,283,0,70.75,9.49113785538977
7d,7,0,raw,3160,127,1,31.75,6.35809370372452
7d,7,0,raw,3162,82,0,20.5,5.10895396995029
7d,7,0,raw,3163,85,0,21.25,5.2015709478601
7d,7,0,raw,3166,41,0,10.25,3.61257599692178
7d,7,0,raw,3168,13,0,3.25,2.03421447256411
7d,7,0,raw,3170,44,0,11,3.74241031850956
7d,7,0,raw,3172,146,0,36.5,6.81712867583072
7d,7,0,raw,3173,225,0,56.25,8.46284375321634
7d,7,0,raw,3174,103,0,25.75,5.72589890558072
7d,7,0,raw,3175,249,0,62.25,8.90276146258923
7d,7,0,raw,3176,164,0,41,7.22515199384357
7d,7,0,raw,3178,52,1,13,4.06842894512822
7d,7,0,raw,3179,61,0,15.25,4.40646151205377
7d,7,0,raw,3181,38,0,9.5,3.47789816915102
7d,7,0,raw,3185,143,0,35.75,6.74672614860586
7d,7,0,raw,3186,64,0,16,4.51351666838205
7d,7,0,raw,3187,34,0,8.5,3.28976232123977
7d,7,0,raw,3188,10,0,2.5,1.78412411615277
7d,7,0,raw,3190,38,0,9.5,3.47789816915102
7d,7,0,raw,3192,44,0,11,3.74241031850956
7d,7,0,raw,3193,133,0,33.25,6.50655168752575
7d,7,0,raw,3195,156,0,39,7.04672563994593
7d,7,0,raw,3197,153,0,38.25,6.97863973752192
7d,7,0,raw,3198,152,0,38,6.95579633830205
7d,7,0,raw,3199,84,0,21,5.17088294582641
7d,7,0,raw,3203,47,0,11.75,3.86788891394752
7d,7,0,raw,3204,108,0,27,5.86323014283504
7d,7,0,raw,3205,249,0,62.25,8.90276146258923
7d,7,0,raw,3206,22,0,5.5,2.64628371420061
7d,7,0,raw,3207,135,0,33.75,6.55529058355247
7d,7,0,raw,3208,33,0,8.25,3.24102240721429
7d,7,0,raw,3210,146,0,36.5,6.81712867583072
7d,7,0,raw,3211,23,1,5.74999999999999,2.705758189903
7d,7,0,raw,3215,39,0,9.75,3.52336281997296
7d,7,0,raw,3216,26,0,6.5,2.8768136958758
7d,7,0,raw,3218,159,0,39.75,7.1141599576635
7d,7,0,raw,3219,241,0,60.25,8.75857765680556
7d,7,0,raw,3222,215,0,53.75,8.27264320090713
7d,7,0,raw,3226,53,1,13.25,4.10736216661508
7d,7,0,raw,3227,15,0,3.75,2.18509686118416
7d,7,0,raw,3228,19,0,4.75,2.45924537968297
7d,7,0,raw,3229,99,0,24.75,5.61361547776433
7d,7,0,raw,3230,25,0,6.25,2.82094791773878
7d,7,0,raw,3231,10,0,2.5,1.78412411615277
7d,7,0,raw,3232,274,0,68.5,9.33899934759387
7d,7,0,raw,3233,20,0,5,2.52313252202016
7d,7,0,raw,3234,104,0,26,5.75362739175159
7d,7,0,raw,3236,10,1,2.49999999999999,1.78412411615277
7d,7,0,raw,3238,88,0,22,5.29256742840123
7d,7,0,raw,3241,46,0,11.5,3.82651992866291
7d,7,0,raw,3242,6,0,1.5,1.38197659788534
7d,7,0,raw,3243,53,0,13.25,4.10736216661508
7d,7,0,raw,3244,7,0,1.75,1.49270533036046
7d,7,0,raw,3245,256,0,64,9.0270333367641
7d,7,0,raw,3247,99,0,24.75,5.61361547776433
7d,7,0,raw,3250,128,0,32,6.38307648642292
7d,7,0,raw,3251,26,0,6.5,2.8768136958758
7d,7,0,raw,3252,60,0,15,4.37019372236832
7d,7,0,raw,3253,531,0,132.75,13.0008672619788
7d,7,0,raw,3254,53,0,13.25,4.10736216661508
7d,7,0,raw,3255,15,0,3.75,2.18509686118416
7d,7,0,raw,3256,322,0,80.5,10.1240201180747
7d,7,0,raw,3258,48,0,12,3.90882009522336
7d,7,0,raw,3261,25,0,6.25,2.82094791773878
7d,7,0,raw,3262,113,0,28.25,5.99741753913869
7d,7,0,raw,3264,6,0,1.5,1.38197659788534
7d,7,0,raw,3266,14,0,3.5,2.11100412282238
7d,7,0,raw,3268,17,0,4.25,2.32621324584064
7d,7,0,raw,3269,29,0,7.25,3.03825388987325
7d,7,0,raw,3271,50,0,12.5,3.98942280401433
7d,7,0,raw,3274,214,0,53.5,8.25338207302505
7d,7,0,raw,3275,83,0,20.75,5.14001172695692
7d,7,0,raw,3276,291,0,72.75,9.62435332266449
7d,7,0,raw,3278,231,0,57.75,8.57493928307692
7d,7,0,raw,3280,198,0,49.5,7.93885114260184
7d,7,0,raw,3281,35,0,8.75,3.33779058906227
7d,7,0,raw,3282,157,0,39.25,7.06927521962861
7d,7,0,raw,3284,117,0,29.25,6.10264341769233
7d,7,0,raw,3285,473,0,118.25,12.2703127981699
7d,7,0,raw,3286,20,0,5,2.52313252202016
7d,7,0,raw,3287,42,0,10.5,3.65636639571573
7d,7,0,raw,3291,16,0,4,2.25675833419103
7d,7,0,raw,3292,86,0,21.5,5.23207895695449
7d,7,0,raw,3296,100,0,25,5.64189583547756
7d,7,0,raw,3297,189,0,47.25,7.75632441873962
7d,7,0,raw,3299,8,0,2,1.59576912160573
7d,7,0,raw,3300,245,0,61.25,8.83096382707056
7d,7,0,raw,3301,71,0,17.75,4.75394593143939
7d,7,0,raw,3303,32,0,8,3.19153824321146
7d,7,0,raw,3305,193,0,48.25,7.83797218886822
7d,7,0,raw,3307,12,0,3,1.95441004761168
7d,7,0,raw,3309,10,0,2.5,1.78412411615277
7d,7,0,raw,3310,268,0,67,9.23618154310838
7d,7,0,raw,3313,156,0,39,7.04672563994593
7d,7,0,raw,3314,51,0,12.75,4.0291195310357
7d,7,0,raw,3315,57,0,14.25,4.25953794588991
7d,7,0,raw,3316,125,0,31.25,6.3078313050504
7d,7,0,raw,3319,53,1,13.25,4.10736216661508
7d,7,0,raw,3321,86,0,21.5,5.23207895695449
7d,7,0,raw,3323,173,0,43.25,7.42075537326193
7d,7,0,raw,3324,53,0,13.25,4.10736216661508
7d,7,0,raw,3325,117,0,29.25,6.10264341769233
7d,7,0,raw,3326,98,0,24.5,5.58519192562006
7d,7,0,raw,3329,180,0,45,7.56939756606048
7d,7,0,raw,3330,77,0,19.25,4.95074350336915
7d,7,0,raw,3331,274,0,68.5,9.33899934759387
7d,7,0,raw,3332,31,0,7.75,3.14127465715711
7d,7,0,raw,3333,264,0,66,9.16699568847508
7d,7,0,raw,3335,118,0,29.5,6.12866760150094
7d,7,0,raw,3338,25,0,6.25,2.82094791773878
7d,7,0,raw,3340,17,0,4.25,2.32621324584064
7d,7,0,raw,3342,111,0,27.75,5.94410610322534
7d,7,0,raw,3343,172,0,43,7.39927702033192
7d,7,0,raw,3344,229,0,57.25,8.53773763570233
7d,7,0,raw,3345,124,0,31,6.28254931431422
7d,7,0,raw,3347,38,0,9.5,3.47789816915102
7d,7,0,raw,3348,549,0,137.25,13.2193845361613
7d,7,0,raw,3350,112,0,28,5.97082132144185
7d,7,0,raw,3351,97,0,24.25,5.55662298161641
7d,7,0,raw,3352,198,0,49.5,7.93885114260184
7d,7,0,raw,3364,262,0,65.5,9.13220620552083
7d,7,0,raw,3365,23,1,5.75,2.705758189903
7d,7,0,raw,3366,114,0,28.5,6.02389633252035
7d,7,0,raw,3367,9,0,2.25,1.69256875064327
7d,7,0,raw,3368,163,0,40.75,7.20309040953658
7d,7,0,raw,3370,153,0,38.25,6.97863973752192
7d,7,0,raw,3371,29,0,7.25,3.03825388987325
7d,7,0,raw,3373,21,0,5.25,2.58544147291321
7d,7,0,raw,3376,50,0,12.5,3.98942280401433
7d,7,0,raw,3377,253,0,63.25,8.97398468933946
7d,7,0,raw,3379,77,0,19.25,4.95074350336915
7d,7,0,raw,3380,44,0,11,3.74241031850956
7d,7,0,raw,3384,46,0,11.5,3.82651992866291
7d,7,0,raw,3386,77,1,19.25,4.95074350336915
7d,7,0,raw,3388,101,0,25.25,5.67003514138694
7d,7,0,raw,3391,127,0,31.75,6.35809370372452
7d,7,0,raw,3393,230,0,57.5,8.5563586777479
7d,7,0,raw,3395,24,0,6,2.76395319577068
7d,7,0,raw,3396,40,0,10,3.56824823230554
7d,7,0,raw,3398,17,0,4.25,2.32621324584064
7d,7,0,raw,3400,111,0,27.75,5.94410610322534
7d,7,0,raw,3401,32,1,8,3.19153824321146
7d,7,0,raw,3404,74,0,18.5,4.85334230995512
7d,7,0,raw,3405,118,0,29.5,6.12866760150094
7d,7,0,raw,3406,7,0,1.75,1.49270533036046
7d,7,0,raw,3407,527,0,131.75,12.9518072105347
7d,7,0,raw,3408,6,0,1.5,1.38197659788534
7d,7,0,raw,3409,169,0,42.25,7.33446458612083
7d,7,0,raw,3412,123,0,30.75,6.25716517287232
7d,7,0,raw,3415,102,0,25.5,5.69803548521301
7d,7,0,raw,3416,215,0,53.75,8.27264320090713
7d,7,0,raw,3418,83,0,20.75,5.14001172695692
7d,7,0,raw,3419,190,0,47.5,7.77681672504375
7d,7,0,raw,3420,45,0,11.25,3.78469878303024
7d,7,0,raw,3421,73,0,18.25,4.82043791490117
7d,7,0,raw,3422,64,0,16,4.51351666838205
7d,7,0,raw,3423,17,0,4.25,2.32621324584064
7d,7,0,raw,3424,31,0,7.75,3.14127465715711
7d,7,0,raw,3426,102,0,25.5,5.69803548521301
7d,7,0,raw,3427,8,0,2,1.59576912160573
7d,7,0,raw,3429,38,0,9.5,3.47789816915102
7d,7,0,raw,3430,290,0,72.5,9.60780240186586
7d,7,0,raw,3432,98,0,24.5,5.58519192562006
7d,7,0,raw,3433,192,0,48,7.81764019044672
7d,7,0,raw,3435,268,0,67,9.23618154310838
7d,7,0,raw,3437,283,0,70.75,9.49113785538977
7d,7,0,raw,3439,42,0,10.5,3.65636639571573
7d,7,0,raw,3440,39,0,9.75,3.52336281997296
7d,7,0,raw,3443,138,0,34.5,6.62772693261899
7d,7,0,raw,3445,8,0,2,1.59576912160573
7d,7,0,raw,3446,220,0,55,8.368283871884
7d,7,0,raw,3448,5,0,1.25,1.26156626101008
7d,7,0,raw,3449,11,0,2.75,1.87120515925478
7d,7,0,raw,3450,35,0,8.75,3.33779058906227
7d,7,0,raw,3451,340,0,85,10.4031418957202
7d,7,0,raw,3454,481,0,120.25,12.3736435723033
7d,7,0,raw,3457,145,0,36.25,6.79374223065974
7d,7,0,raw,3458,120,0,30,6.18038723237103
7d,7,0,raw,3460,537,0,134.25,13.074112164147
7d,7,0,raw,3461,8,0,2,1.59576912160573
7d,7,0,raw,3464,30,0,7.5,3.09019361618552
7d,7,0,raw,3465,17,0,4.25,2.32621324584064
7d,7,0,raw,3466,408,0,102,11.396070970426
7d,7,0,raw,3467,84,0,21,5.17088294582641
7d,7,0,raw,3468,113,0,28.25,5.99741753913869
7d,7,0,raw,3470,45,0,11.25,3.78469878303024
7d,7,0,raw,3471,10,0,2.5,1.78412411615277
7d,7,0,raw,3474,428,0,107,11.672044863119
7d,7,0,raw,3475,24,0,6,2.76395319577068
7d,7,0,raw,3477,62,0,15.5,4.44243322329048
7d,7,0,raw,3478,198,0,49.5,7.93885114260184
7d,7,0,raw,3479,113,0,28.25,5.99741753913869
7d,7,0,raw,3480,67,0,16.75,4.61809077155419
7d,7,0,raw,3481,46,0,11.5,3.82651992866291
7d,7,0,raw,3484,207,0,51.75,8.11727456970901
7d,7,0,raw,3485,285,0,71.25,9.52461639974967
7d,7,0,raw,3488,23,0,5.75,2.705758189903
7d,7,0,raw,3489,83,0,20.75,5.14001172695692
7d,7,0,raw,3490,56,1,14,4.22200824564475
7d,7,0,raw,3491,23,0,5.75,2.705758189903
7d,7,0,raw,3492,75,0,18.75,4.8860251190292
7d,7,0,raw,3493,211,0,52.75,8.19532708223289
7d,7,0,raw,3495,139,0,34.75,6.65169709018284
7d,7,0,raw,3497,59,0,14.75,4.33362242065961
7d,7,0,raw,3498,155,0,38.75,7.02410366940064
7d,7,0,raw,3500,127,0,31.75,6.35809370372452
7d,7,0,raw,3501,88,0,22,5.29256742840123
7d,7,0,raw,3502,55,0,13.75,4.184141935942
7d,7,0,raw,3504,127,0,31.75,6.35809370372452
7d,7,0,raw,3505,11,0,2.75,1.87120515925478
7d,7,0,raw,3507,57,0,14.25,4.25953794588991
7d,7,0,raw,3509,38,0,9.5,3.47789816915102
7d,7,0,raw,3510,63,0,15.75,4.47811599108138
7d,7,0,raw,3512,75,0,18.75,4.8860251190292
7d,7,0,raw,3513,130,0,32.5,6.43275098258069
7d,7,0,raw,3514,481,0,120.25,12.3736435723033
7d,7,0,raw,3516,77,0,19.25,4.95074350336915
7d,7,0,raw,3518,63,0,15.75,4.47811599108138
7d,7,0,raw,3519,215,0,53.75,8.27264320090713
7d,7,0,raw,3520,111,0,27.75,5.94410610322534
7d,7,0,raw,3522,11,0,2.75,1.87120515925478
7d,7,0,raw,3523,387,0,96.75,11.0989155304979
7d,7,0,raw,3531,9,0,2.25,1.69256875064327
7d,7,0,raw,3532,191,0,47.75,7.79725517481017
7d,7,0,raw,3533,80,0,20,5.04626504404032
7d,7,0,raw,3534,28,0,7,2.98541066072092
7d,7,0,raw,3535,66,0,16.5,4.58349784423754
7d,7,0,raw,3536,44,0,11,3.74241031850956
7d,7,0,raw,3537,21,0,5.25,2.58544147291321
7d,7,0,raw,3539,84,0,21,5.17088294582641
7d,7,0,raw,3540,129,0,32.25,6.40796186924587
7d,7,0,raw,3541,112,0,28,5.97082132144185
7d,7,0,raw,3543,50,0,12.5,3.98942280401433
7d,7,0,raw,3545,141,0,35.25,6.69938011698952
7d,7,0,raw,3547,30,0,7.5,3.09019361618552
7d,7,0,raw,3548,232,0,58,8.59347971398312
7d,7,0,raw,3549,202,0,50.5,8.01864059608146
7d,7,0,raw,3550,121,0,30.25,6.20608541902532
7d,7,0,raw,3551,62,0,15.5,4.44243322329048
7d,7,0,raw,3552,47,0,11.75,3.86788891394752
7d,7,0,raw,3553,39,0,9.75,3.52336281997296
7d,7,0,raw,3554,83,0,20.75,5.14001172695692
7d,7,0,raw,3555,12,0,3,1.95441004761168
7d,7,0,raw,3556,94,0,23.5,5.47002095985713
7d,7,0,raw,3557,121,0,30.25,6.20608541902532
7d,7,0,raw,3560,18,0,4.5,2.3936536824086
7d,7,0,raw,3561,260,1,65,9.09728368293446
7d,7,0,raw,3563,240,0,60,8.74038744473663
7d,7,0,raw,3564,125,0,31.25,6.3078313050504
7d,7,0,raw,3565,127,0,31.75,6.35809370372452
7d,7,0,raw,3567,281,0,70.25,9.45754080179648
7d,7,0,raw,3569,355,0,88.75,10.630146264057
7d,7,0,raw,3570,19,0,4.75,2.45924537968297
7d,7,0,raw,3571,57,0,14.25,4.25953794588991
7d,7,0,raw,3573,58,0,14.5,4.29673985699156
7d,7,0,raw,3574,33,0,8.25,3.24102240721429
7d,7,0,raw,3576,79,0,19.75,5.01462670679677
7d,7,0,raw,3578,12,0,3,1.95441004761168
7d,7,0,raw,3581,116,0,29,6.0765077797465
7d,7,0,raw,3583,216,1,54,8.29185958731205
7d,7,0,raw,3586,54,0,13.5,4.14592979365603
7d,7,0,raw,3588,178,0,44.5,7.5272278921735
7d,7,0,raw,3589,133,0,33.25,6.50655168752575
7d,7,0,raw,3590,22,0,5.5,2.64628371420061
7d,7,0,raw,3593,314,0,78.5,9.99746489174682
7d,7,0,raw,3595,36,0,9,3.38513750128654
7d,7,0,raw,3596,259,0,64.75,9.07977205229304
7d,7,0,raw,3597,45,0,11.25,3.78469878303024
7d,7,0,raw,3599,92,0,23,5.41151637980601
7d,7,0,raw,3600,257,0,64.25,9.04464707709672
7d,7,0,raw,3601,67,0,16.75,4.61809077155419
7d,7,0,raw,3602,125,0,31.25,6.3078313050504
7d,7,0,raw,3605,45,0,11.25,3.78469878303024
7d,7,0,raw,3606,6,0,1.5,1.38197659788534
7d,7,0,raw,3608,45,0,11.25,3.78469878303024
7d,7,0,raw,3613,188,0,47,7.73577782789505
7d,7,0,raw,3616,131,0,32.75,6.45744493511765
7d,7,0,raw,3618,44,0,11,3.74241031850956
7d,7,0,raw,3621,160,0,40,7.13649646461108
7d,7,0,raw,3623,25,0,6.25,2.82094791773878
7d,7,0,raw,3625,235,0,58.75,8.6488625410045
7d,7,0,raw,3629,547,0,136.75,13.195283541574
7d,7,0,raw,3633,81,0,20.25,5.07770625192981
7d,7,0,raw,3636,43,1,10.75,3.69963851016596
7d,7,0,raw,3638,177,0,44.25,7.50605421340207
7d,7,0,raw,3639,33,0,8.25,3.24102240721429
7d,7,0,raw,3640,41,0,10.25,3.61257599692178
7d,7,0,raw,3642,47,0,11.75,3.86788891394752
7d,7,0,raw,3643,23,0,5.75,2.705758189903
7d,7,0,raw,3647,324,0,81,10.1554125038596
7d,7,0,raw,3648,157,0,39.25,7.06927521962861
7d,7,0,raw,3649,25,0,6.25,2.82094791773878
7d,7,0,raw,3653,269,0,67.25,9.25339718068125
7d,7,0,raw,3654,47,0,11.75,3.86788891394752
7d,7,0,raw,3656,361,0,90.25,10.7196020874074
7d,7,0,raw,3661,27,0,6.75,2.93161507141752
7d,7,0,raw,3662,5,0,1.25,1.26156626101008
7d,7,0,raw,3663,78,0,19.5,4.98278748516688
7d,7,0,raw,3664,42,0,10.5,3.65636639571573
7d,7,0,raw,3667,151,0,37.75,6.93287767191607
7d,7,0,raw,3668,174,0,43.5,7.44217173921562
7d,7,0,raw,3670,104,0,26,5.75362739175159
7d,7,0,raw,3672,410,0,102.5,11.4239683707263
7d,7,0,raw,3674,12,0,3,1.95441004761168
7d,7,0,raw,3675,139,0,34.75,6.65169709018284
7d,7,0,raw,3677,39,0,9.75,3.52336281997296
7d,7,0,raw,3679,18,0,4.5,2.3936536824086
7d,7,0,raw,3680,77,0,19.25,4.95074350336915
7d,7,0,raw,3681,6,0,1.5,1.38197659788534
7d,7,0,raw,3682,7,0,1.75,1.49270533036046
7d,7,0,raw,3684,11,0,2.75,1.87120515925478
7d,7,0,raw,3686,208,0,52,8.13685789025644
7d,7,0,raw,3689,90,0,22.5,5.35237234845831
7d,7,0,raw,3690,44,0,11,3.74241031850956
7d,7,0,raw,3691,59,0,14.75,4.33362242065961
7d,7,0,raw,3692,189,0,47.25,7.75632441873962
7d,7,0,raw,3693,46,0,11.5,3.82651992866291
7d,7,0,raw,3694,320,0,80,10.0925300880806
7d,7,0,raw,3696,7,0,1.75,1.49270533036046
7d,7,0,raw,3697,29,0,7.25,3.03825388987325
7d,7,0,raw,3700,139,0,34.75,6.65169709018284
7d,7,0,raw,3702,157,0,39.25,7.06927521962861
7d,7,0,raw,3703,67,0,16.75,4.61809077155419
7d,7,0,raw,3704,71,0,17.75,4.75394593143939
7d,7,0,raw,3706,143,0,35.75,6.74672614860586
7d,7,0,raw,3707,172,1,43,7.39927702033192
7d,7,0,raw,3709,275,0,68.75,9.35602579627389
7d,7,0,raw,3710,52,0,13,4.06842894512822
7d,7,0,raw,3714,47,0,11.75,3.86788891394752
7d,7,0,raw,3715,106,0,26.5,5.80868728160518
7d,7,0,raw,3717,13,0,3.25,2.03421447256411
7d,7,0,raw,3719,31,0,7.75,3.14127465715711
7d,7,0,raw,3723,285,0,71.25,9.52461639974967
7d,7,0,raw,3725,21,0,5.25,2.58544147291321
7d,7,0,raw,3726,154,0,38.5,7.00140860629515
7d,7,0,raw,3727,44,0,11,3.74241031850956
7d,7,0,raw,3728,75,0,18.75,4.8860251190292
7d,7,0,raw,3729,36,0,9,3.38513750128654
7d,7,0,raw,3730,5,0,1.25,1.26156626101008
7d,7,0,raw,3731,155,0,38.75,7.02410366940064
7d,7,0,raw,3732,114,0,28.5,6.02389633252035
7d,7,0,raw,3733,109,0,27.25,5.89031218137317
7d,7,0,raw,3734,167,0,41.75,7.29093622196032
7d,7,0,raw,3735,223,0,55.75,8.42514715711158
7d,7,0,raw,3738,23,0,5.75,2.705758189903
7d,7,0,raw,3745,157,0,39.25,7.06927521962861
7d,7,0,raw,3750,114,0,28.5,6.02389633252035
7d,7,0,raw,3751,33,0,8.25,3.24102240721429
7d,7,0,raw,3753,138,0,34.5,6.62772693261899
7d,7,0,raw,3755,22,0,5.5,2.64628371420061
7d,7,0,raw,3757,269,0,67.25,9.25339718068125
7d,7,0,raw,3758,247,0,61.75,8.86693531539485
7d,7,0,raw,3759,49,0,12.25,3.94932708483429
7d,7,0,raw,3762,112,0,28,5.97082132144185
7d,7,0,raw,3763,79,0,19.75,5.01462670679677
7d,7,0,raw,3764,51,0,12.75,4.0291195310357
7d,7,0,raw,3765,219,0,54.75,8.3492433833402
7d,7,0,raw,3766,104,0,26,5.75362739175159
7d,7,0,raw,3767,163,0,40.75,7.20309040953658
7d,7,0,raw,3769,204,0,51,8.0582390620714
7d,7,0,raw,3770,197,0,49.25,7.91877816195193
7d,7,0,raw,3771,45,0,11.25,3.78469878303024
7d,7,0,raw,3774,95,0,23.75,5.4990398423234
7d,7,0,raw,3775,70,0,17.5,4.72034871941315
7d,7,0,raw,3777,13,0,3.25,2.03421447256411
7d,7,0,raw,3778,94,0,23.5,5.47002095985713
7d,7,0,raw,3782,235,0,58.75,8.6488625410045
7d,7,0,raw,3784,80,0,20,5.04626504404032
7d,7,0,raw,3785,227,0,56.75,8.50037317790934
7d,7,0,raw,3786,77,0,19.25,4.95074350336915
7d,7,0,raw,3787,76,0,19,4.91849075936593
7d,7,0,raw,3788,52,0,13,4.06842894512822
7d,7,0,raw,3789,91,0,22.75,5.38202560777306
7d,7,0,raw,3793,5,0,1.25,1.26156626101008
7d,7,0,raw,3796,63,0,15.75,4.47811599108138
7d,7,0,raw,3797,195,1,48.75,7.8784787748549
7d,7,0,raw,3798,125,0,31.25,6.3078313050504
7d,7,0,raw,3800,49,0,12.25,3.94932708483429
7d,7,0,raw,3801,23,0,5.75,2.705758189903
7d,7,0,raw,3803,29,0,7.25,3.03825388987325
7d,7,0,raw,3804,10,0,2.5,1.78412411615277
7d,7,0,raw,3805,59,0,14.75,4.33362242065961
7d,7,0,raw,3806,152,0,38,6.95579633830205
7d,7,0,raw,3807,249,0,62.25,8.90276146258923
7d,7,0,raw,3808,103,0,25.75,5.72589890558072
7d,7,0,raw,3811,374,0,93.5,10.9109072690009
7d,7,0,raw,3814,94,0,23.5,5.47002095985713
7d,7,0,raw,3815,6,0,1.5,1.38197659788534
7d,7,0,raw,3817,6,0,1.5,1.38197659788534
7d,7,0,raw,3818,90,0,22.5,5.35237234845831
7d,7,0,raw,3819,110,0,27.5,5.9172702727032
7d,7,0,raw,3821,11,1,2.75,1.87120515925478
7d,7,0,raw,3822,74,0,18.5,4.85334230995512
7d,7,0,raw,3823,69,0,17.25,4.6865106579076
7d,7,0,raw,3824,516,0,129,12.8159237384917
7d,7,0,raw,3825,347,1,86.75,10.5096874599474
7d,7,0,raw,3826,60,0,15,4.37019372236832
7d,7,0,raw,3827,80,0,20,5.04626504404032
7d,7,0,raw,3828,47,0,11.75,3.86788891394752
7d,7,0,raw,3830,465,0,116.25,12.1661044330329
7d,7,0,raw,3832,28,0,7,2.98541066072092
7d,7,0,raw,3833,1024,0,256,18.0540666735282
7d,7,0,raw,3835,342,0,85.5,10.4336945074531
7d,7,0,raw,3837,88,0,22,5.29256742840123
7d,7,0,raw,3838,251,0,62.75,8.93844401627775
7d,7,0,raw,3839,118,0,29.5,6.12866760150094
7d,7,0,raw,3841,204,0,51,8.0582390620714
7d,7,0,raw,3843,141,0,35.25,6.69938011698952
7d,7,0,raw,3847,198,0,49.5,7.93885114260184
7d,7,0,raw,3848,306,0,76.5,9.86928696371931
7d,7,0,raw,3849,90,0,22.5,5.35237234845831
7d,7,0,raw,3850,38,0,9.5,3.47789816915102
7d,7,0,raw,3851,86,0,21.5,5.23207895695449
7d,7,0,raw,3852,34,0,8.5,3.28976232123977
7d,7,0,raw,3854,15,0,3.75,2.18509686118416
7d,7,0,raw,3856,46,0,11.5,3.82651992866291
7d,7,0,raw,3857,131,0,32.75,6.45744493511765
7d,7,0,raw,3858,481,0,120.25,12.3736435723033
7d,7,0,raw,3859,53,0,13.25,4.10736216661508
7d,7,0,raw,3860,54,0,13.5,4.14592979365603
7d,7,0,raw,3861,181,0,45.25,7.5903945483266
7d,7,0,raw,3862,28,0,7,2.98541066072092
7d,7,0,raw,3863,670,0,167.5,14.6036852795156
7d,7,0,raw,3864,123,0,30.75,6.25716517287232
7d,7,0,raw,3865,94,0,23.5,5.47002095985713
7d,7,0,raw,3868,16,0,4,2.25675833419103
7d,7,0,raw,3871,105,0,26.25,5.78122288528111
7d,7,0,raw,3872,122,0,30.5,6.2316776324215
7d,7,0,raw,3873,14,0,3.5,2.11100412282238
7d,7,0,raw,3875,31,0,7.75,3.14127465715711
7d,7,0,raw,3879,29,0,7.25,3.03825388987325
7d,7,0,raw,3880,50,0,12.5,3.98942280401433
7d,7,0,raw,3881,86,0,21.5,5.23207895695449
7d,7,0,raw,3883,176,0,44,7.48482063701911
7d,7,0,raw,3884,209,0,52.25,8.15639419182351
7d,7,0,raw,3885,148,0,37,6.8636625175777
7d,7,0,raw,3886,7,0,1.75,1.49270533036046
7d,7,0,raw,3887,7,0,1.75,1.49270533036046
7d,7,0,raw,3889,155,0,38.75,7.02410366940064
7d,7,0,raw,3890,174,0,43.5,7.44217173921562
7d,7,0,raw,3891,63,0,15.75,4.47811599108138
7d,7,0,raw,3892,200,0,50,7.97884560802865
7d,7,0,raw,3894,327,0,81.75,10.2023199705802
7d,7,0,raw,3895,121,0,30.25,6.20608541902532
7d,7,0,raw,3896,253,1,63.25,8.97398468933946
7d,7,0,raw,3897,1092,0,273,18.6438836005994
7d,7,0,raw,3898,66,0,16.5,4.58349784423754
7d,7,0,raw,3900,169,0,42.25,7.33446458612083
7d,7,0,raw,3902,44,0,11,3.74241031850956
7d,7,0,raw,3908,253,0,63.25,8.97398468933946
7d,7,0,raw,3910,53,0,13.25,4.10736216661508
7d,7,0,raw,3911,32,0,8,3.19153824321146
7d,7,0,raw,3913,62,1,15.5,4.44243322329048
7d,7,0,raw,3917,62,0,15.5,4.44243322329048
7d,7,0,raw,3918,137,0,34.25,6.60366976818037
7d,7,0,raw,3919,164,0,41,7.22515199384357
7d,7,0,raw,3922,154,0,38.5,7.00140860629515
7d,7,0,raw,3924,170,0,42.5,7.35613218010963
7d,7,0,raw,3925,329,0,82.25,10.2334721651289
7d,7,0,raw,3926,241,0,60.25,8.75857765680556
7d,7,0,raw,3927,109,0,27.25,5.89031218137317
7d,7,0,raw,3929,19,1,4.75,2.45924537968297
7d,7,0,raw,3931,30,0,7.5,3.09019361618552
7d,7,0,raw,3932,156,0,39,7.04672563994593
7d,7,0,raw,3933,375,0,93.75,10.9254843059208
7d,7,0,raw,3934,202,0,50.5,8.01864059608146
7d,7,0,raw,3935,45,0,11.25,3.78469878303024
7d,7,0,raw,3937,57,0,14.25,4.25953794588991
7d,7,0,raw,3939,33,0,8.25,3.24102240721429
7d,7,0,raw,3940,18,0,4.5,2.3936536824086
7d,7,0,raw,3941,21,1,5.25,2.58544147291321
7d,7,0,raw,3943,145,0,36.25,6.79374223065974
7d,7,0,raw,3944,43,0,10.75,3.69963851016596
7d,7,0,raw,3946,72,0,18,4.78730736481719
7d,7,0,raw,3947,16,0,4,2.25675833419103
7d,7,0,raw,3952,1018,0,254.5,18.0010961925961
7d,7,0,raw,3954,16,0,4,2.25675833419103
7d,7,0,raw,3955,207,0,51.75,8.11727456970901
7d,7,0,raw,3957,14,1,3.5,2.11100412282238
7d,7,0,raw,3958,676,1,169,14.6689291722417
7d,7,0,raw,3959,22,0,5.5,2.64628371420061
7d,7,0,raw,3963,95,0,23.75,5.4990398423234
7d,7,0,raw,3966,60,0,15,4.37019372236832
7d,7,0,raw,3967,289,0,72.25,9.59122292031186
7d,7,0,raw,3968,107,0,26.75,5.83602243155949
7d,7,0,raw,3969,218,0,54.5,8.33015937350939
7d,7,0,raw,3971,27,0,6.75,2.93161507141752
7d,7,0,raw,3972,331,0,82.75,10.2645298151856
7d,7,0,raw,3976,249,0,62.25,8.90276146258923
7d,7,0,raw,3977,201,0,50.25,7.99876785029682
7d,7,0,raw,3980,83,0,20.75,5.14001172695692
7d,7,0,raw,3981,113,0,28.25,5.99741753913869
7d,7,0,raw,3986,8,0,2,1.59576912160573
7d,7,0,raw,3988,108,0,27,5.86323014283504
7d,7,0,raw,3989,201,0,50.25,7.99876785029682
7d,7,0,raw,3991,12,0,3,1.95441004761168
7d,7,0,raw,3992,36,0,9,3.38513750128654
7d,7,0,raw,3993,45,0,11.25,3.78469878303024
7d,7,0,raw,3995,51,0,12.75,4.0291195310357
7d,7,0,raw,3996,78,0,19.5,4.98278748516688
7d,7,0,raw,3997,77,0,19.25,4.95074350336915
7d,7,0,raw,3998,35,0,8.75,3.33779058906227
7d,7,0,raw,3999,193,0,48.25,7.83797218886822
7d,7,0,raw,4000,433,0,108.25,11.7400247324093
7d,7,0,raw,4004,36,0,9,3.38513750128654
7d,7,0,raw,4005,239,0,59.75,8.72215929675249
7d,7,0,raw,4007,25,0,6.25,2.82094791773878
7d,7,0,raw,4008,47,0,11.75,3.86788891394752
7d,7,0,raw,4010,98,1,24.5,5.58519192562006
7d,7,0,raw,4012,90,0,22.5,5.35237234845831
7d,7,0,raw,4013,97,0,24.25,5.55662298161641
7d,7,0,raw,4014,161,0,40.25,7.15876327835963
7d,7,0,raw,4016,65,0,16.25,4.54864184146723
7d,7,0,raw,4017,53,0,13.25,4.10736216661508
7d,7,0,raw,4019,64,0,16,4.51351666838205
7d,7,0,raw,4020,14,0,3.5,2.11100412282238
7d,7,0,raw,4021,229,0,57.25,8.53773763570233
7d,7,0,raw,4023,24,0,6,2.76395319577068
7d,7,0,raw,4024,123,0,30.75,6.25716517287232
7d,7,0,raw,4025,816,0,204,16.1164781241428
7d,7,0,raw,4026,29,0,7.25,3.03825388987325
7d,7,0,raw,4027,90,0,22.5,5.35237234845831
7d,7,0,raw,4028,136,0,34,6.57952464247954
7d,7,0,raw,4029,181,0,45.25,7.5903945483266
7d,7,0,raw,4032,153,0,38.25,6.97863973752192
7d,7,0,raw,4033,24,1,5.99999999999998,2.76395319577068
7d,7,0,raw,4034,227,0,56.75,8.50037317790934
7d,7,0,raw,4035,70,0,17.5,4.72034871941315
7d,7,0,raw,4036,39,0,9.75,3.52336281997296
7d,7,0,raw,4037,191,0,47.75,7.79725517481017
7d,7,0,raw,4038,90,0,22.5,5.35237234845831
7d,7,0,raw,4040,18,0,4.5,2.3936536824086
7d,7,0,raw,4042,200,0,50,7.97884560802865
7d,7,0,raw,4044,27,0,6.75,2.93161507141752
7d,7,0,raw,4046,106,0,26.5,5.80868728160518
7d,7,0,raw,4047,15,0,3.75,2.18509686118416
7d,7,0,raw,4048,53,0,13.25,4.10736216661508
7d,7,0,raw,4049,118,0,29.5,6.12866760150094
7d,7,0,raw,4051,114,0,28.5,6.02389633252035
7d,7,0,raw,4052,109,0,27.25,5.89031218137317
7d,7,0,raw,4057,84,0,21,5.17088294582641
7d,7,0,raw,4058,135,0,33.75,6.55529058355247
7d,7,0,raw,4059,64,0,16,4.51351666838205
7d,7,0,raw,4061,31,0,7.75,3.14127465715711
7d,7,0,raw,4063,52,0,13,4.06842894512822
7d,7,0,raw,4067,67,0,16.75,4.61809077155419
7d,7,0,raw,4068,129,0,32.25,6.40796186924587
7d,7,0,raw,4070,87,0,21.75,5.26241010355424
7d,7,0,raw,4073,17,0,4.25,2.32621324584064
7d,7,0,raw,4077,165,0,41.25,7.24714641913115
7d,7,0,raw,4078,118,0,29.5,6.12866760150094
7d,7,0,raw,4081,128,0,32,6.38307648642292
7d,7,0,raw,4082,16,0,4,2.25675833419103
7d,7,0,raw,4083,151,0,37.75,6.93287767191607
7d,7,0,raw,4084,32,0,8,3.19153824321146
7d,7,0,raw,4088,111,1,27.75,5.94410610322534
7d,7,0,raw,4089,79,0,19.75,5.01462670679677
7d,7,0,raw,4091,44,0,11,3.74241031850956
7d,7,0,raw,4093,12,0,3,1.95441004761168
7d,7,0,raw,4095,86,0,21.5,5.23207895695449
7d,7,0,raw,4096,624,0,156,14.0934512798919
7d,7,0,raw,4097,56,0,14,4.22200824564475
7d,7,0,raw,4099,55,0,13.75,4.184141935942
7d,7,0,raw,4102,240,0,60,8.74038744473663
7d,7,0,raw,4103,29,0,7.25,3.03825388987325
7d,7,0,raw,4104,426,0,106.5,11.6447417968066
7d,7,0,raw,4105,135,0,33.75,6.55529058355247
7d,7,0,raw,4106,5,0,1.25,1.26156626101008
7d,7,0,raw,4109,49,0,12.25,3.94932708483429
7d,7,0,raw,4110,259,1,64.75,9.07977205229304
7d,7,0,raw,4111,9,0,2.25,1.69256875064327
7d,7,0,raw,4115,212,0,53,8.21472433323015
7d,7,0,raw,4116,363,0,90.75,10.7492552618642
7d,7,0,raw,4117,163,0,40.75,7.20309040953658
7d,7,0,raw,4119,70,0,17.5,4.72034871941315
7d,7,0,raw,4122,60,0,15,4.37019372236832
7d,7,0,raw,4123,7,0,1.75,1.49270533036046
7d,7,0,raw,4128,11,0,2.75,1.87120515925478
7d,7,0,raw,4129,75,0,18.75,4.8860251190292
7d,7,0,raw,4130,12,0,3,1.95441004761168
7d,7,0,raw,4131,127,0,31.75,6.35809370372452
7d,7,0,raw,4133,311,0,77.75,9.94959168022281
7d,7,0,raw,4134,70,0,17.5,4.72034871941315
7d,7,0,raw,4136,28,0,7,2.98541066072092
7d,7,0,raw,4137,26,0,6.5,2.8768136958758
7d,7,0,raw,4138,105,0,26.25,5.78122288528111
7d,7,0,raw,4141,338,0,84.5,10.3724992904373
7d,7,0,raw,4142,19,0,4.75,2.45924537968297
7d,7,0,raw,4145,20,0,5,2.52313252202016
7d,7,0,raw,4146,230,0,57.5,8.5563586777479
7d,7,0,raw,4148,195,0,48.75,7.8784787748549
7d,7,0,raw,4149,59,0,14.75,4.33362242065961
7d,7,0,raw,4150,158,0,39.5,7.09175309899033
7d,7,0,raw,4151,18,0,4.5,2.3936536824086
7d,7,0,raw,4153,79,0,19.75,5.01462670679677
7d,7,0,raw,4154,143,0,35.75,6.74672614860586
7d,7,0,raw,4156,475,0,118.75,12.2962268984148
7d,7,0,raw,4158,86,0,21.5,5.23207895695449
7d,7,0,raw,4159,5,0,1.25,1.26156626101008
7d,7,0,raw,4160,80,0,20,5.04626504404032
7d,7,0,raw,4161,251,0,62.75,8.93844401627775
7d,7,0,raw,4164,40,0,10,3.56824823230554
7d,7,0,raw,4165,19,0,4.75,2.45924537968297
7d,7,0,raw,4166,117,0,29.25,6.10264341769233
7d,7,0,raw,4171,17,0,4.25,2.32621324584064
7d,7,0,raw,4173,24,0,6,2.76395319577068
7d,7,0,raw,4174,121,0,30.25,6.20608541902532
7d,7,0,raw,4175,188,0,47,7.73577782789505
7d,7,0,raw,4176,32,0,8,3.19153824321146
7d,7,0,raw,4180,223,0,55.75,8.42514715711158
7d,7,0,raw,4181,130,0,32.5,6.43275098258069
7d,7,0,raw,4183,70,0,17.5,4.72034871941315
7d,7,0,raw,4184,6,0,1.5,1.38197659788534
7d,7,0,raw,4185,104,0,26,5.75362739175159
7d,7,0,raw,4186,80,0,20,5.04626504404032
7d,7,0,raw,4187,26,0,6.5,2.8768136958758
7d,7,0,raw,4188,44,0,11,3.74241031850956
7d,7,0,raw,4189,204,0,51,8.0582390620714
7d,7,0,raw,4191,121,1,30.25,6.20608541902532
7d,7,0,raw,4192,554,0,138.5,13.2794456565709
7d,7,0,raw,4193,76,0,19,4.91849075936593
7d,7,0,raw,4195,101,0,25.25,5.67003514138694
7d,7,0,raw,4196,26,0,6.5,2.8768136958758
7d,7,0,raw,4197,56,0,14,4.22200824564475
7d,7,0,raw,4200,20,0,5,2.52313252202016
7d,7,0,raw,4202,56,0,14,4.22200824564475
7d,7,0,raw,4204,28,0,7,2.98541066072092
7d,7,0,raw,4205,218,0,54.5,8.33015937350939
7d,7,0,raw,4206,130,0,32.5,6.43275098258069
7d,7,0,raw,4207,197,0,49.25,7.91877816195193
7d,7,0,raw,4208,38,0,9.5,3.47789816915102
7d,7,0,raw,4209,153,0,38.25,6.97863973752192
7d,7,0,raw,4210,56,0,14,4.22200824564475
7d,7,0,raw,4211,880,0,220,16.736567743768
7d,7,0,raw,4215,8,0,2,1.59576912160573
7d,7,0,raw,4216,53,0,13.25,4.10736216661508
7d,7,0,raw,4218,220,0,55,8.368283871884
7d,7,0,raw,4223,345,0,86.25,10.4793564083587
7d,7,0,raw,4224,107,0,26.75,5.83602243155949
7d,7,0,raw,4225,11,0,2.75,1.87120515925478
7d,7,0,raw,4227,148,0,37,6.8636625175777
7d,7,0,raw,4228,214,0,53.5,8.25338207302505
7d,7,0,raw,4229,5,0,1.25,1.26156626101008
7d,7,0,raw,4233,215,0,53.75,8.27264320090713
7d,7,0,raw,4234,334,0,83.5,10.3109408874935
7d,7,0,raw,4235,431,0,107.75,11.7128801302333
7d,7,0,raw,4238,44,0,11,3.74241031850956
7d,7,0,raw,4240,373,0,93.25,10.8963107310022
7d,7,0,raw,4241,113,0,28.25,5.99741753913869
7d,7,0,raw,4243,105,0,26.25,5.78122288528111
7d,7,0,raw,4244,142,0,35.5,6.72309481102998
7d,7,0,raw,4247,299,0,74.75,9.75574989270191
7d,7,0,raw,4256,106,0,26.5,5.80868728160518
7d,7,0,raw,4258,119,0,29.75,6.15458174499869
7d,7,0,raw,4260,175,0,43.75,7.46352665180231
7d,7,0,raw,4261,51,0,12.75,4.0291195310357
7d,7,0,raw,4263,235,0,58.75,8.6488625410045
7d,7,0,raw,4264,191,0,47.75,7.79725517481017
7d,7,0,raw,4266,115,1,28.75,6.0502592432999
7d,7,0,raw,4267,73,1,18.25,4.82043791490117
7d,7,0,raw,4269,20,0,5,2.52313252202016
7d,7,0,raw,4270,96,0,24,5.52790639154137
7d,7,0,raw,4271,19,0,4.75,2.45924537968297
7d,7,0,raw,4273,48,0,12,3.90882009522336
7d,7,0,raw,4274,13,0,3.25,2.03421447256411
7d,7,0,raw,4276,239,0,59.75,8.72215929675249
7d,7,0,raw,4278,126,0,31.5,6.33301236846713
7d,7,0,raw,4279,591,0,147.75,13.7157261103676
7d,7,0,raw,4281,137,0,34.25,6.60366976818037
7d,7,0,raw,4282,76,0,19,4.91849075936593
7d,7,0,raw,4283,154,0,38.5,7.00140860629515
7d,7,0,raw,4284,147,0,36.75,6.84043516664088
7d,7,0,raw,4285,12,0,3,1.95441004761168
7d,7,0,raw,4287,31,0,7.75,3.14127465715711
7d,7,0,raw,4288,45,0,11.25,3.78469878303024
7d,7,0,raw,4289,83,0,20.75,5.14001172695692
7d,7,0,raw,4290,17,0,4.25,2.32621324584064
7d,7,0,raw,4291,70,0,17.5,4.72034871941315
7d,7,0,raw,4292,205,0,51.25,8.07796550300118
7d,7,0,raw,4295,240,0,60,8.74038744473663
7d,7,0,raw,4296,184,0,46,7.65303985732581
7d,7,0,raw,4297,35,0,8.75,3.33779058906227
7d,7,0,raw,4298,419,0,104.75,11.5486727510571
7d,7,0,raw,4299,130,0,32.5,6.43275098258069
7d,7,0,raw,4300,159,0,39.75,7.1141599576635
7d,7,0,raw,4303,119,0,29.75,6.15458174499869
7d,7,0,raw,4304,344,0,86,10.464157913909
7d,7,0,raw,4306,198,0,49.5,7.93885114260184
7d,7,0,raw,4307,9,0,2.25,1.69256875064327
7d,7,0,raw,4309,50,0,12.5,3.98942280401433
7d,7,0,raw,4310,23,0,5.75,2.705758189903
7d,7,0,raw,4314,92,0,23,5.41151637980601
7d,7,0,raw,4315,158,0,39.5,7.09175309899033
7d,7,0,raw,4317,73,0,18.25,4.82043791490117
7d,7,0,raw,4318,283,0,70.75,9.49113785538977
7d,7,0,raw,4319,125,0,31.25,6.3078313050504
7d,7,0,raw,4320,10,0,2.5,1.78412411615277
7d,7,0,raw,4321,60,0,15,4.37019372236832
7d,7,0,raw,4322,77,0,19.25,4.95074350336915
7d,7,0,raw,4327,9,0,2.25,1.69256875064327
7d,7,0,raw,4328,58,0,14.5,4.29673985699156
7d,7,0,raw,4329,219,0,54.75,8.3492433833402
7d,7,0,raw,4330,106,0,26.5,5.80868728160518
7d,7,0,raw,4331,161,0,40.25,7.15876327835963
7d,7,0,raw,4332,24,0,6,2.76395319577068
7d,7,0,raw,4333,148,0,37,6.8636625175777
7d,7,0,raw,4334,72,0,18,4.78730736481719
7d,7,0,raw,4335,64,0,16,4.51351666838205
7d,7,0,raw,4337,255,0,63.75,9.00938516086789
7d,7,0,raw,4338,72,0,18,4.78730736481719
7d,7,0,raw,4339,8,0,2,1.59576912160573
7d,7,0,raw,4340,20,0,5,2.52313252202016
7d,7,0,raw,4342,40,0,10,3.56824823230554
7d,7,0,raw,4343,113,0,28.25,5.99741753913869
7d,7,0,raw,4345,8,0,2,1.59576912160573
7d,7,0,raw,4346,139,0,34.75,6.65169709018284
7d,7,0,raw,4348,62,1,15.5,4.44243322329048
7d,7,0,raw,4349,9,0,2.25,1.69256875064327
7d,7,0,raw,4351,13,0,3.25,2.03421447256411
7d,7,0,raw,4352,222,0,55.5,8.40623546736597
7d,7,0,raw,4355,154,0,38.5,7.00140860629515
7d,7,0,raw,4356,142,0,35.5,6.72309481102998
7d,7,0,raw,4357,64,0,16,4.51351666838205
7d,7,0,raw,4358,89,0,22.25,5.32255388609241
7d,7,0,raw,4359,265,0,66.25,9.18434101276213
7d,7,0,raw,4362,66,0,16.5,4.58349784423754
7d,7,0,raw,4363,84,0,21,5.17088294582641
7d,7,0,raw,4365,348,0,87,10.5248202071085
7d,7,0,raw,4367,28,0,7,2.98541066072092
7d,7,0,raw,4368,247,0,61.75,8.86693531539485
7d,7,0,raw,4369,376,0,94,10.9400419197143
7d,7,0,raw,4370,82,0,20.5,5.10895396995029
7d,7,0,raw,4371,86,0,21.5,5.23207895695449
7d,7,0,raw,4374,268,0,67,9.23618154310838
7d,7,0,raw,4375,29,0,7.25,3.03825388987325
7d,7,0,raw,4376,18,0,4.5,2.3936536824086
7d,7,0,raw,4378,234,1,58.5,8.63044108762739
7d,7,0,raw,4379,48,0,12,3.90882009522336
7d,7,0,raw,4382,84,0,21,5.17088294582641
7d,7,0,raw,4383,54,0,13.5,4.14592979365603
7d,7,0,raw,4384,213,0,53.25,8.23407588968838
7d,7,0,raw,4386,22,0,5.5,2.64628371420061
7d,7,0,raw,4387,86,0,21.5,5.23207895695449
7d,7,0,raw,4388,236,0,59,8.66724484131922
7d,7,0,raw,4396,69,0,17.25,4.6865106579076
7d,7,0,raw,4399,247,0,61.75,8.86693531539485
7d,7,0,raw,4400,320,0,80,10.0925300880806
7d,7,0,raw,4401,73,0,18.25,4.82043791490117
7d,7,0,raw,4402,71,0,17.75,4.75394593143939
7d,7,0,raw,4403,316,0,79,10.0292534135935
7d,7,0,raw,4404,214,0,53.5,8.25338207302505
7d,7,0,raw,4406,5,0,1.25,1.26156626101008
7d,7,0,raw,4407,292,0,73,9.64087582980234
7d,7,0,raw,4408,32,0,8,3.19153824321146
7d,7,0,raw,4409,32,0,8,3.19153824321146
7d,7,0,raw,4410,334,0,83.5,10.3109408874935
7d,7,0,raw,4413,197,0,49.25,7.91877816195193
7d,7,0,raw,4414,80,0,20,5.04626504404032
7d,7,0,raw,4415,40,0,10,3.56824823230554
7d,7,0,raw,4417,124,0,31,6.28254931431422
7d,7,0,raw,4418,31,0,7.75,3.14127465715711
7d,7,0,raw,4419,144,0,36,6.77027500257308
7d,7,0,raw,4422,163,0,40.75,7.20309040953658
7d,7,0,raw,4423,301,0,75.25,9.78832343873664
7d,7,0,raw,4425,226,0,56.5,8.48162922306421
7d,7,0,raw,4426,31,0,7.75,3.14127465715711
7d,7,0,raw,4431,83,0,20.75,5.14001172695692
7d,7,0,raw,4434,222,0,55.5,8.40623546736597
7d,7,0,raw,4435,425,0,106.25,11.6310662292032
7d,7,0,raw,4437,21,0,5.25,2.58544147291321
7d,7,0,raw,4439,66,1,16.5,4.58349784423754
7d,7,0,raw,4440,165,0,41.25,7.24714641913115
7d,7,0,raw,4441,27,0,6.75,2.93161507141752
7d,7,0,raw,4442,127,0,31.75,6.35809370372452
7d,7,0,raw,4446,5,0,1.25,1.26156626101008
7d,7,0,raw,4447,111,0,27.75,5.94410610322534
7d,7,0,raw,4448,296,0,74,9.70668461991024
7d,7,0,raw,4450,125,1,31.25,6.3078313050504
7d,7,0,raw,4452,104,0,26,5.75362739175159
7d,7,0,raw,4453,114,0,28.5,6.02389633252035
7d,7,0,raw,4457,183,0,45.75,7.63221522047392
7d,7,0,raw,4462,81,0,20.25,5.07770625192981
7d,7,0,raw,4463,42,0,10.5,3.65636639571573
7d,7,0,raw,4464,39,0,9.75,3.52336281997296
7d,7,0,raw,4465,883,0,220.75,16.765071711755
7d,7,0,raw,4468,19,0,4.75,2.45924537968297
7d,7,0,raw,4469,216,0,54,8.29185958731205
7d,7,0,raw,4471,13,0,3.25,2.03421447256411
7d,7,0,raw,4472,49,0,12.25,3.94932708483429
7d,7,0,raw,4473,1087,0,271.75,18.6011517461092
7d,7,0,raw,4475,14,0,3.5,2.11100412282238
7d,7,0,raw,4480,88,0,22,5.29256742840123
7d,7,0,raw,4483,46,0,11.5,3.82651992866291
7d,7,0,raw,4484,114,0,28.5,6.02389633252035
7d,7,0,raw,4487,254,0,63.5,8.9917023466462
7d,7,0,raw,4488,124,0,31,6.28254931431422
7d,7,0,raw,4490,12,0,3,1.95441004761168
7d,7,0,raw,4492,262,0,65.5,9.13220620552083
7d,7,0,raw,4493,47,1,11.75,3.86788891394752
7d,7,0,raw,4495,187,0,46.75,7.71517651880816
7d,7,0,raw,4496,46,0,11.5,3.82651992866291
7d,7,0,raw,4497,145,0,36.25,6.79374223065974
7d,7,0,raw,4500,52,1,13,4.06842894512821
7d,7,0,raw,4501,22,0,5.5,2.64628371420061
7d,7,0,raw,4502,30,0,7.5,3.09019361618552
7d,7,0,raw,4503,22,0,5.5,2.64628371420061
7d,7,0,raw,4504,35,0,8.75,3.33779058906227
7d,7,0,raw,4506,180,0,45,7.56939756606048
7d,7,0,raw,4507,127,0,31.75,6.35809370372452
7d,7,0,raw,4508,148,0,37,6.8636625175777
7d,7,0,raw,4509,109,0,27.25,5.89031218137317
7d,7,0,raw,4511,20,0,5,2.52313252202016
7d,7,0,raw,4514,250,0,62.5,8.92062058076386
7d,7,0,raw,4517,137,0,34.25,6.60366976818037
7d,7,0,raw,4518,175,0,43.75,7.46352665180231
7d,7,0,raw,4520,158,0,39.5,7.09175309899033
7d,7,0,raw,4523,412,0,103,11.4517978111614
7d,7,0,raw,4525,21,0,5.25,2.58544147291321
7d,7,0,raw,4528,111,0,27.75,5.94410610322534
7d,7,0,raw,4530,106,0,26.5,5.80868728160518
7d,7,0,raw,4531,13,0,3.25,2.03421447256411
7d,7,0,raw,4532,31,0,7.75,3.14127465715711
7d,7,0,raw,4533,46,0,11.5,3.82651992866291
7d,7,0,raw,4534,13,0,3.25,2.03421447256411
7d,7,0,raw,4536,61,0,15.25,4.40646151205377
7d,7,0,raw,4537,78,0,19.5,4.98278748516688
7d,7,0,raw,4539,79,0,19.75,5.01462670679677
7d,7,0,raw,4540,29,0,7.25,3.03825388987325
7d,7,0,raw,4541,176,0,44,7.48482063701911
7d,7,0,raw,4542,5,0,1.25,1.26156626101008
7d,7,0,raw,4544,102,0,25.5,5.69803548521301
7d,7,0,raw,4546,133,0,33.25,6.50655168752575
7d,7,0,raw,4547,61,0,15.25,4.40646151205377
7d,7,0,raw,4548,144,0,36,6.77027500257308
7d,7,0,raw,4550,23,0,5.75,2.705758189903
7d,7,0,raw,4552,23,0,5.75,2.705758189903
7d,7,0,raw,4553,98,0,24.5,5.58519192562006
7d,7,0,raw,4556,75,0,18.75,4.8860251190292
7d,7,0,raw,4558,155,0,38.75,7.02410366940064
7d,7,0,raw,4560,8,0,2,1.59576912160573
7d,7,0,raw,4561,167,0,41.75,7.29093622196032
7d,7,0,raw,4562,11,0,2.75,1.87120515925478
7d,7,0,raw,4564,657,0,164.25,14.4613137447035
7d,7,0,raw,4566,53,0,13.25,4.10736216661508
7d,7,0,raw,4567,19,0,4.75,2.45924537968297
7d,7,0,raw,4570,123,0,30.75,6.25716517287232
7d,7,0,raw,4573,97,0,24.25,5.55662298161641
7d,7,0,raw,4574,56,0,14,4.22200824564475
7d,7,0,raw,4576,146,0,36.5,6.81712867583072
7d,7,0,raw,4578,5,0,1.25,1.26156626101008
7d,7,0,raw,4580,30,0,7.5,3.09019361618552
7d,7,0,raw,4581,282,0,70.5,9.47435422093923
7d,7,0,raw,4584,137,0,34.25,6.60366976818037
7d,7,0,raw,4586,20,0,5,2.52313252202016
7d,7,0,raw,4589,38,0,9.5,3.47789816915102
7d,7,0,raw,4592,422,0,105.5,11.5899427077773
7d,7,0,raw,4593,76,0,19,4.91849075936593
7d,7,0,raw,4597,79,0,19.75,5.01462670679677
7d,7,0,raw,4598,132,0,33,6.48204481442857
7d,7,0,raw,4600,177,0,44.25,7.50605421340207
7d,7,0,raw,4606,98,0,24.5,5.58519192562006
7d,7,0,raw,4607,142,0,35.5,6.72309481102998
7d,7,0,raw,4610,114,0,28.5,6.02389633252035
7d,7,0,raw,4611,21,0,5.25,2.58544147291321
7d,7,0,raw,4612,12,0,3,1.95441004761168
7d,7,0,raw,4613,96,0,24,5.52790639154137
7d,7,0,raw,4614,295,0,73.75,9.69027432141207
7d,7,0,raw,4616,100,0,25,5.64189583547756
7d,7,0,raw,4617,56,0,14,4.22200824564475
7d,7,0,raw,4619,16,0,4,2.25675833419103
7d,7,0,raw,4621,181,0,45.25,7.5903945483266
7d,7,0,raw,4622,245,0,61.25,8.83096382707056
7d,7,0,raw,4623,36,0,9,3.38513750128654
7d,7,0,raw,4624,38,0,9.5,3.47789816915102
7d,7,0,raw,4625,246,0,61.5,8.84896784948462
7d,7,0,raw,4626,8,1,2,1.59576912160573
7d,7,0,raw,4627,110,1,27.5,5.9172702727032
7d,7,0,raw,4628,152,0,38,6.95579633830205
7d,7,0,raw,4630,92,0,23,5.41151637980601
7d,7,0,raw,4632,10,0,2.5,1.78412411615277
7d,7,0,raw,4635,123,0,30.75,6.25716517287232
7d,7,0,raw,4636,734,0,183.5,15.2852692635394
7d,7,0,raw,4638,397,0,99.25,11.241397814105
7d,7,0,raw,4639,279,0,69.75,9.42382397147133
7d,7,0,raw,4641,39,0,9.75,3.52336281997296
7d,7,0,raw,4646,13,0,3.25,2.03421447256411
7d,7,0,raw,4647,211,0,52.75,8.19532708223289
7d,7,0,raw,4648,31,0,7.75,3.14127465715711
7d,7,0,raw,4649,292,0,73,9.64087582980234
7d,7,0,raw,4650,246,0,61.5,8.84896784948462
7d,7,0,raw,4651,230,1,57.5,8.5563586777479
7d,7,0,raw,4653,127,0,31.75,6.35809370372452
7d,7,0,raw,4656,79,0,19.75,5.01462670679677
7d,7,0,raw,4658,511,0,127.75,12.7536799332552
7d,7,0,raw,4660,27,1,6.75,2.93161507141752
7d,7,0,raw,4661,13,1,3.25,2.03421447256411
7d,7,0,raw,4662,63,1,15.75,4.47811599108138
7d,7,0,raw,4663,111,1,27.75,5.94410610322534
7d,7,0,raw,4664,11,1,2.75,1.87120515925478
7d,7,0,raw,4665,11,1,2.75,1.87120515925478
7d,7,0,raw,4667,369,1,92.25,10.8377279907654
7d,7,0,raw,4668,70,1,17.5,4.72034871941315
7d,7,0,raw,4669,260,1,65,9.09728368293446
7d,7,0,raw,4670,66,1,16.5,4.58349784423754
7d,7,0,raw,4671,7,1,1.75,1.49270533036046
7d,7,0,raw,4672,11,1,2.75,1.87120515925478
7d,7,0,raw,4673,63,1,15.75,4.47811599108138
7d,7,0,raw,4675,884,1,221,16.7745622710839
7d,7,0,raw,4676,16,1,4,2.25675833419103
7d,7,0,raw,4678,120,1,30,6.18038723237103
7d,7,0,raw,4679,96,1,24,5.52790639154137
7d,7,0,raw,4680,33,1,8.25,3.24102240721429
7d,7,0,raw,4681,174,1,43.5,7.44217173921562
7d,7,0,raw,4682,188,1,47,7.73577782789505
7d,7,0,raw,4683,12,1,3,1.95441004761168
7d,7,0,raw,4684,132,1,33,6.48204481442857
7d,7,0,raw,4686,117,1,29.25,6.10264341769233
7d,7,0,raw,4687,23,1,5.75,2.705758189903
7d,7,0,raw,4688,20,1,5,2.52313252202016
7d,7,0,raw,4689,159,1,39.75,7.1141599576635
7d,7,0,raw,4690,13,1,3.25,2.03421447256411
7d,7,0,raw,4691,646,1,161.5,14.3397415065519
7d,7,0,raw,4692,29,1,7.25,3.03825388987325
7d,7,0,raw,4693,165,1,41.25,7.24714641913115
7d,7,0,raw,4694,57,1,14.25,4.25953794588991
7d,7,0,raw,4695,5,1,1.25,1.26156626101008
7d,7,0,raw,4696,36,1,9,3.38513750128654
7d,7,0,raw,4697,26,1,6.5,2.8768136958758
7d,7,0,raw,4698,199,1,49.75,7.95887349758585
7d,7,0,raw,4699,47,1,11.75,3.86788891394752
7d,7,0,raw,4700,32,1,8,3.19153824321146
7d,7,0,raw,4701,119,1,29.75,6.15458174499869
7d,7,0,raw,4704,294,1,73.5,9.67383618519739
7d,7,0,raw,4705,69,1,17.25,4.6865106579076
7d,7,0,raw,4706,193,1,48.25,7.83797218886822
7d,7,0,raw,4707,26,1,6.5,2.8768136958758
7d,7,0,raw,4708,165,1,41.25,7.24714641913115
7d,7,0,raw,4712,384,1,96,11.0558127830827
7d,7,0,raw,4713,137,1,34.25,6.60366976818037
7d,7,0,raw,4714,7,1,1.75,1.49270533036046
7d,7,0,raw,4715,111,1,27.75,5.94410610322534
7d,7,0,raw,4717,14,1,3.5,2.11100412282238
6.48d,6.48,14.31,raw,13,5,1,1.25,1.26156626101008
6.48d,6.48,14.31,raw,23,5,0,1.25,1.26156626101008
6.48d,6.48,14.31,raw,31,18,1,4.5,2.3936536824086
6.48d,6.48,14.31,raw,34,18,1,4.5,2.39365368240859
6.48d,6.48,14.31,raw,39,8,1,2,1.59576912160573
6.48d,6.48,14.31,raw,40,26,1,6.5,2.8768136958758
6.48d,6.48,14.31,raw,43,11,1,2.74999999999999,1.87120515925478
6.48d,6.48,14.31,raw,48,5,1,1.24999999999999,1.26156626101008
6.48d,6.48,14.31,raw,52,25,1,6.25,2.82094791773878
6.48d,6.48,14.31,raw,55,31,1,7.75,3.14127465715711
6.48d,6.48,14.31,raw,56,23,1,5.75,2.705758189903
6.48d,6.48,14.31,raw,60,13,1,3.25,2.03421447256411
6.48d,6.48,14.31,raw,62,25,1,6.25,2.82094791773878
6.48d,6.48,14.31,raw,65,45,1,11.25,3.78469878303024
6.48d,6.48,14.31,raw,68,24,1,6,2.76395319577068
6.48d,6.48,14.31,raw,73,35,1,8.75,3.33779058906227
6.48d,6.48,14.31,raw,74,30,1,7.5,3.09019361618552
6.48d,6.48,14.31,raw,75,43,1,10.75,3.69963851016596
6.48d,6.48,14.31,raw,78,23,1,5.75,2.705758189903
6.48d,6.48,14.31,raw,80,19,1,4.75,2.45924537968297
6.48d,6.48,14.31,raw,85,13,0,3.25,2.03421447256411
6.48d,6.48,14.31,raw,90,102,1,25.5,5.69803548521301
6.48d,6.48,14.31,raw,97,87,1,21.75,5.26241010355424
6.48d,6.48,14.31,raw,102,83,1,20.75,5.14001172695692
6.48d,6.48,14.31,raw,110,34,0,8.5,3.28976232123977
6.48d,6.48,14.31,raw,113,22,0,5.5,2.64628371420061
6.48d,6.48,14.31,raw,114,19,0,4.75,2.45924537968297
6.48d,6.48,14.31,raw,116,56,1,14,4.22200824564475
6.48d,6.48,14.31,raw,117,136,1,34,6.57952464247954
6.48d,6.48,14.31,raw,119,104,1,26,5.75362739175159
6.48d,6.48,14.31,raw,122,41,0,10.25,3.61257599692178
6.48d,6.48,14.31,raw,124,23,0,5.75,2.705758189903
6.48d,6.48,14.31,raw,135,123,1,30.75,6.25716517287232
6.48d,6.48,14.31,raw,138,153,1,38.25,6.97863973752192
6.48d,6.48,14.31,raw,143,72,1,18,4.78730736481719
6.48d,6.48,14.31,raw,152,22,0,5.5,2.64628371420061
6.48d,6.48,14.31,raw,161,51,0,12.75,4.0291195310357
6.48d,6.48,14.31,raw,164,133,1,33.25,6.50655168752575
6.48d,6.48,14.31,raw,166,97,0,24.25,5.55662298161641
6.48d,6.48,14.31,raw,173,7,0,1.75,1.49270533036046
6.48d,6.48,14.31,raw,180,51,0,12.75,4.0291195310357
6.48d,6.48,14.31,raw,182,108,0,27,5.86323014283504
6.48d,6.48,14.31,raw,194,37,0,9.25,3.43183125878885
6.48d,6.48,14.31,raw,195,153,1,38.25,6.97863973752192
6.48d,6.48,14.31,raw,197,259,0,64.75,9.07977205229304
6.48d,6.48,14.31,raw,200,56,0,14,4.22200824564475
6.48d,6.48,14.31,raw,202,13,0,3.25,2.03421447256411
6.48d,6.48,14.31,raw,216,111,0,27.75,5.94410610322534
6.48d,6.48,14.31,raw,218,115,1,28.75,6.0502592432999
6.48d,6.48,14.31,raw,222,318,1,79.5,10.0609414970193
6.48d,6.48,14.31,raw,230,26,0,6.5,2.8768136958758
6.48d,6.48,14.31,raw,234,341,1,85.25,10.4184294012424
6.48d,6.48,14.31,raw,240,316,1,79,10.0292534135935
6.48d,6.48,14.31,raw,244,13,0,3.25,2.03421447256411
6.48d,6.48,14.31,raw,245,303,1,75.75,9.82078894558317
6.48d,6.48,14.31,raw,251,382,1,95.5,11.0269840175003
6.48d,6.48,14.31,raw,253,171,1,42.75,7.3777361390489
6.48d,6.48,14.31,raw,259,7,0,1.75,1.49270533036046
6.48d,6.48,14.31,raw,272,67,0,16.75,4.61809077155419
6.48d,6.48,14.31,raw,274,166,0,41.5,7.26907429501923
6.48d,6.48,14.31,raw,278,49,0,12.25,3.94932708483429
6.48d,6.48,14.31,raw,281,214,1,53.5,8.25338207302505
6.48d,6.48,14.31,raw,297,11,0,2.75,1.87120515925478
6.48d,6.48,14.31,raw,302,209,0,52.25,8.15639419182351
6.48d,6.48,14.31,raw,307,85,0,21.25,5.2015709478601
6.48d,6.48,14.31,raw,313,204,0,51,8.0582390620714
6.48d,6.48,14.31,raw,315,10,0,2.5,1.78412411615277
6.48d,6.48,14.31,raw,320,250,0,62.5,8.92062058076386
6.48d,6.48,14.31,raw,327,486,0,121.5,12.4377893809681
6.48d,6.48,14.31,raw,330,34,0,8.5,3.28976232123977
6.48d,6.48,14.31,raw,334,14,0,3.5,2.11100412282238
6.48d,6.48,14.31,raw,342,105,0,26.25,5.78122288528111
6.48d,6.48,14.31,raw,343,94,0,23.5,5.47002095985713
6.48d,6.48,14.31,raw,345,103,1,25.75,5.72589890558072
6.48d,6.48,14.31,raw,346,42,0,10.5,3.65636639571573
6.48d,6.48,14.31,raw,350,116,0,29,6.0765077797465
6.48d,6.48,14.31,raw,359,5,0,1.25,1.26156626101008
6.48d,6.48,14.31,raw,360,23,0,5.75,2.705758189903
6.48d,6.48,14.31,raw,363,188,0,47,7.73577782789505
6.48d,6.48,14.31,raw,364,11,0,2.75,1.87120515925478
6.48d,6.48,14.31,raw,370,8,0,2,1.59576912160573
6.48d,6.48,14.31,raw,371,492,0,123,12.5143303457446
6.48d,6.48,14.31,raw,382,31,0,7.75,3.14127465715711
6.48d,6.48,14.31,raw,399,110,0,27.5,5.9172702727032
6.48d,6.48,14.31,raw,407,251,0,62.75,8.93844401627775
6.48d,6.48,14.31,raw,409,18,0,4.5,2.3936536824086
6.48d,6.48,14.31,raw,411,39,0,9.75,3.52336281997296
6.48d,6.48,14.31,raw,419,10,0,2.5,1.78412411615277
6.48d,6.48,14.31,raw,421,158,0,39.5,7.09175309899033
6.48d,6.48,14.31,raw,427,232,0,58,8.59347971398312
6.48d,6.48,14.31,raw,429,23,0,5.75,2.705758189903
6.48d,6.48,14.31,raw,431,238,0,59.5,8.70389297451101
6.48d,6.48,14.31,raw,435,572,1,143,13.4934522972117
6.48d,6.48,14.31,raw,440,204,0,51,8.0582390620714
6.48d,6.48,14.31,raw,443,26,1,6.5,2.8768136958758
6.48d,6.48,14.31,raw,454,15,0,3.75,2.18509686118416
6.48d,6.48,14.31,raw,456,719,1,179.75,15.1282784270434
6.48d,6.48,14.31,raw,459,16,0,4,2.25675833419103
6.48d,6.48,14.31,raw,471,352,0,88,10.5851348568025
6.48d,6.48,14.31,raw,474,21,0,5.25,2.58544147291321
6.48d,6.48,14.31,raw,475,248,0,62,8.88486644658096
6.48d,6.48,14.31,raw,482,621,0,155.25,14.0595319737228
6.48d,6.48,14.31,raw,484,148,0,37,6.8636625175777
6.48d,6.48,14.31,raw,490,112,0,28,5.97082132144185
6.48d,6.48,14.31,raw,499,25,0,6.25,2.82094791773878
6.48d,6.48,14.31,raw,507,45,0,11.25,3.78469878303024
6.48d,6.48,14.31,raw,510,145,0,36.25,6.79374223065974
6.48d,6.48,14.31,raw,514,124,0,31,6.28254931431422
6.48d,6.48,14.31,raw,518,191,0,47.75,7.79725517481017
6.48d,6.48,14.31,raw,523,49,0,12.25,3.94932708483429
6.48d,6.48,14.31,raw,524,122,0,30.5,6.2316776324215
6.48d,6.48,14.31,raw,527,143,0,35.75,6.74672614860586
6.48d,6.48,14.31,raw,529,32,0,8,3.19153824321146
6.48d,6.48,14.31,raw,531,140,1,35,6.67558117812455
6.48d,6.48,14.31,raw,532,581,0,145.25,13.5991927654836
6.48d,6.48,14.31,raw,536,157,0,39.25,7.06927521962861
6.48d,6.48,14.31,raw,539,342,0,85.5,10.4336945074531
6.48d,6.48,14.31,raw,544,46,0,11.5,3.82651992866291
6.48d,6.48,14.31,raw,548,59,0,14.75,4.33362242065961
6.48d,6.48,14.31,raw,560,79,0,19.75,5.01462670679677
6.48d,6.48,14.31,raw,562,97,0,24.25,5.55662298161641
6.48d,6.48,14.31,raw,567,165,0,41.25,7.24714641913115
6.48d,6.48,14.31,raw,587,139,0,34.75,6.65169709018284
6.48d,6.48,14.31,raw,593,128,0,32,6.38307648642292
6.48d,6.48,14.31,raw,595,198,0,49.5,7.93885114260184
6.48d,6.48,14.31,raw,607,66,1,16.5,4.58349784423754
6.48d,6.48,14.31,raw,619,359,0,89.75,10.6898666567914
6.48d,6.48,14.31,raw,621,96,0,24,5.52790639154137
6.48d,6.48,14.31,raw,624,8,1,2,1.59576912160573
6.48d,6.48,14.31,raw,628,1572,0,393,22.3692454294042
6.48d,6.48,14.31,raw,633,38,0,9.5,3.47789816915102
6.48d,6.48,14.31,raw,634,203,0,50.75,8.03846421247924
6.48d,6.48,14.31,raw,638,270,0,67.5,9.27058084855655
6.48d,6.48,14.31,raw,639,110,0,27.5,5.9172702727032
6.48d,6.48,14.31,raw,641,206,0,51.5,8.09764388904951
6.48d,6.48,14.31,raw,647,93,0,23.25,5.44084730672462
6.48d,6.48,14.31,raw,651,41,0,10.25,3.61257599692178
6.48d,6.48,14.31,raw,656,76,0,19,4.91849075936593
6.48d,6.48,14.31,raw,657,92,0,23,5.41151637980601
6.48d,6.48,14.31,raw,661,466,0,116.5,12.1791792400657
6.48d,6.48,14.31,raw,668,64,0,16,4.51351666838205
6.48d,6.48,14.31,raw,670,307,0,76.75,9.88540009602159
6.48d,6.48,14.31,raw,677,279,0,69.75,9.42382397147133
6.48d,6.48,14.31,raw,679,137,1,34.25,6.60366976818037
6.48d,6.48,14.31,raw,684,37,0,9.25,3.43183125878885
6.48d,6.48,14.31,raw,692,294,0,73.5,9.67383618519739
6.48d,6.48,14.31,raw,700,39,0,9.75,3.52336281997296
6.48d,6.48,14.31,raw,704,27,0,6.75,2.93161507141752
6.48d,6.48,14.31,raw,711,548,0,137,13.2073395363607
6.48d,6.48,14.31,raw,716,87,0,21.75,5.26241010355424
6.48d,6.48,14.31,raw,728,109,0,27.25,5.89031218137317
6.48d,6.48,14.31,raw,737,141,0,35.25,6.69938011698952
6.48d,6.48,14.31,raw,742,49,1,12.25,3.94932708483429
6.48d,6.48,14.31,raw,748,1055,1,263.75,18.3253084537177
6.48d,6.48,14.31,raw,751,193,0,48.25,7.83797218886822
6.48d,6.48,14.31,raw,755,50,0,12.5,3.98942280401433
6.48d,6.48,14.31,raw,757,99,0,24.75,5.61361547776433
6.48d,6.48,14.31,raw,760,46,0,11.5,3.82651992866291
6.48d,6.48,14.31,raw,768,66,0,16.5,4.58349784423754
6.48d,6.48,14.31,raw,769,213,0,53.25,8.23407588968838
6.48d,6.48,14.31,raw,771,34,0,8.5,3.28976232123977
6.48d,6.48,14.31,raw,772,136,0,34,6.57952464247954
6.48d,6.48,14.31,raw,773,244,0,61,8.81292302410755
6.48d,6.48,14.31,raw,774,298,0,74.5,9.73942226637543
6.48d,6.48,14.31,raw,784,89,0,22.25,5.32255388609241
6.48d,6.48,14.31,raw,786,206,0,51.5,8.09764388904951
6.48d,6.48,14.31,raw,789,250,0,62.5,8.92062058076386
6.48d,6.48,14.31,raw,794,778,0,194.5,15.7367433559485
6.48d,6.48,14.31,raw,797,49,0,12.25,3.94932708483429
6.48d,6.48,14.31,raw,803,374,0,93.5,10.9109072690009
6.48d,6.48,14.31,raw,816,147,0,36.75,6.84043516664088
6.48d,6.48,14.31,raw,827,134,0,33.5,6.53096660140197
6.48d,6.48,14.31,raw,829,51,0,12.75,4.0291195310357
6.48d,6.48,14.31,raw,837,77,0,19.25,4.95074350336915
6.48d,6.48,14.31,raw,838,389,0,97.25,11.1275579407835
6.48d,6.48,14.31,raw,844,28,0,7,2.98541066072092
6.48d,6.48,14.31,raw,851,75,0,18.75,4.8860251190292
6.48d,6.48,14.31,raw,857,7,0,1.75,1.49270533036046
6.48d,6.48,14.31,raw,861,540,0,135,13.1105811671049
6.48d,6.48,14.31,raw,868,181,1,45.25,7.5903945483266
6.48d,6.48,14.31,raw,870,52,0,13,4.06842894512822
6.48d,6.48,14.31,raw,874,173,0,43.25,7.42075537326193
6.48d,6.48,14.31,raw,881,20,0,5,2.52313252202016
6.48d,6.48,14.31,raw,888,13,0,3.25,2.03421447256411
6.48d,6.48,14.31,raw,890,30,0,7.5,3.09019361618552
6.48d,6.48,14.31,raw,894,57,0,14.25,4.25953794588991
6.48d,6.48,14.31,raw,898,127,0,31.75,6.35809370372452
6.48d,6.48,14.31,raw,900,257,0,64.25,9.04464707709672
6.48d,6.48,14.31,raw,901,80,0,20,5.04626504404032
6.48d,6.48,14.31,raw,903,98,0,24.5,5.58519192562006
6.48d,6.48,14.31,raw,905,328,0,82,10.2179079399006
6.48d,6.48,14.31,raw,907,31,0,7.75,3.14127465715711
6.48d,6.48,14.31,raw,910,194,0,48.5,7.85825158159596
6.48d,6.48,14.31,raw,916,311,0,77.75,9.94959168022281
6.48d,6.48,14.31,raw,928,5,0,1.25,1.26156626101008
6.48d,6.48,14.31,raw,953,132,0,33,6.48204481442857
6.48d,6.48,14.31,raw,956,8,0,2,1.59576912160573
6.48d,6.48,14.31,raw,957,54,0,13.5,4.14592979365603
6.48d,6.48,14.31,raw,959,175,0,43.75,7.46352665180231
6.48d,6.48,14.31,raw,960,42,0,10.5,3.65636639571573
6.48d,6.48,14.31,raw,961,79,0,19.75,5.01462670679677
6.48d,6.48,14.31,raw,966,235,0,58.75,8.6488625410045
6.48d,6.48,14.31,raw,967,35,0,8.75,3.33779058906227
6.48d,6.48,14.31,raw,971,299,0,74.75,9.75574989270191
6.48d,6.48,14.31,raw,977,319,0,79.75,10.0767481705473
6.48d,6.48,14.31,raw,978,18,0,4.5,2.3936536824086
6.48d,6.48,14.31,raw,979,5,0,1.25,1.26156626101008
6.48d,6.48,14.31,raw,980,53,0,13.25,4.10736216661508
6.48d,6.48,14.31,raw,984,220,0,55,8.368283871884
6.48d,6.48,14.31,raw,1000,639,0,159.75,14.2618377943182
6.48d,6.48,14.31,raw,1010,101,0,25.25,5.67003514138694
6.48d,6.48,14.31,raw,1014,6,0,1.5,1.38197659788534
6.48d,6.48,14.31,raw,1028,207,1,51.75,8.11727456970901
6.48d,6.48,14.31,raw,1030,49,0,12.25,3.94932708483429
6.48d,6.48,14.31,raw,1037,203,0,50.75,8.03846421247924
6.48d,6.48,14.31,raw,1041,408,0,102,11.396070970426
6.48d,6.48,14.31,raw,1042,102,0,25.5,5.69803548521301
6.48d,6.48,14.31,raw,1049,162,0,40.5,7.18096104722579
6.48d,6.48,14.31,raw,1050,47,0,11.75,3.86788891394752
6.48d,6.48,14.31,raw,1051,95,0,23.75,5.4990398423234
6.48d,6.48,14.31,raw,1067,353,0,88.25,10.6001598960996
6.48d,6.48,14.31,raw,1070,109,0,27.25,5.89031218137317
6.48d,6.48,14.31,raw,1076,199,0,49.75,7.95887349758585
6.48d,6.48,14.31,raw,1078,443,1,110.75,11.8748170335134
6.48d,6.48,14.31,raw,1083,81,0,20.25,5.07770625192981
6.48d,6.48,14.31,raw,1088,26,0,6.5,2.8768136958758
6.48d,6.48,14.31,raw,1091,34,0,8.5,3.28976232123977
6.48d,6.48,14.31,raw,1096,284,0,71,9.50789186287878
6.48d,6.48,14.31,raw,1108,228,0,57,8.51907589177983
6.48d,6.48,14.31,raw,1110,635,0,158.75,14.2171297288414
6.48d,6.48,14.31,raw,1112,304,0,76,9.83698151873187
6.48d,6.48,14.31,raw,1116,538,0,134.5,13.0862797909444
6.48d,6.48,14.31,raw,1118,204,0,51,8.0582390620714
6.48d,6.48,14.31,raw,1119,160,0,40,7.13649646461108
6.48d,6.48,14.31,raw,1121,19,0,4.75,2.45924537968297
6.48d,6.48,14.31,raw,1127,235,0,58.75,8.6488625410045
6.48d,6.48,14.31,raw,1136,53,0,13.25,4.10736216661508
6.48d,6.48,14.31,raw,1142,9,0,2.25,1.69256875064327
6.48d,6.48,14.31,raw,1151,294,0,73.5,9.67383618519739
6.48d,6.48,14.31,raw,1152,69,1,17.25,4.6865106579076
6.48d,6.48,14.31,raw,1157,135,0,33.75,6.55529058355247
6.48d,6.48,14.31,raw,1161,587,0,146.75,13.6692319897603
6.48d,6.48,14.31,raw,1164,462,0,115.5,12.1267954306532
6.48d,6.48,14.31,raw,1166,148,0,37,6.8636625175777
6.48d,6.48,14.31,raw,1171,81,0,20.25,5.07770625192981
6.48d,6.48,14.31,raw,1175,64,0,16,4.51351666838205
6.48d,6.48,14.31,raw,1177,108,0,27,5.86323014283504
6.48d,6.48,14.31,raw,1187,7,0,1.75,1.49270533036046
6.48d,6.48,14.31,raw,1193,29,0,7.25,3.03825388987325
6.48d,6.48,14.31,raw,1200,283,0,70.75,9.49113785538977
6.48d,6.48,14.31,raw,1208,22,0,5.5,2.64628371420061
6.48d,6.48,14.31,raw,1213,85,0,21.25,5.2015709478601
6.48d,6.48,14.31,raw,1226,63,0,15.75,4.47811599108138
6.48d,6.48,14.31,raw,1227,22,0,5.5,2.64628371420061
6.48d,6.48,14.31,raw,1233,188,0,47,7.73577782789505
6.48d,6.48,14.31,raw,1237,38,0,9.5,3.47789816915102
6.48d,6.48,14.31,raw,1240,40,0,10,3.56824823230554
6.48d,6.48,14.31,raw,1242,175,0,43.75,7.46352665180231
6.48d,6.48,14.31,raw,1245,41,0,10.25,3.61257599692178
6.48d,6.48,14.31,raw,1247,116,0,29,6.0765077797465
6.48d,6.48,14.31,raw,1248,130,0,32.5,6.43275098258069
6.48d,6.48,14.31,raw,1253,35,0,8.75,3.33779058906227
6.48d,6.48,14.31,raw,1265,84,0,21,5.17088294582641
6.48d,6.48,14.31,raw,1267,73,0,18.25,4.82043791490117
6.48d,6.48,14.31,raw,1269,167,0,41.75,7.29093622196032
6.48d,6.48,14.31,raw,1270,1245,0,311.25,19.907179817815
6.48d,6.48,14.31,raw,1273,163,0,40.75,7.20309040953658
6.48d,6.48,14.31,raw,1278,175,0,43.75,7.46352665180231
6.48d,6.48,14.31,raw,1290,145,0,36.25,6.79374223065974
6.48d,6.48,14.31,raw,1292,95,1,23.75,5.4990398423234
6.48d,6.48,14.31,raw,1294,67,1,16.75,4.61809077155419
6.48d,6.48,14.31,raw,1310,149,0,37.25,6.88681152939332
6.48d,6.48,14.31,raw,1314,24,0,6,2.76395319577068
6.48d,6.48,14.31,raw,1317,254,0,63.5,8.9917023466462
6.48d,6.48,14.31,raw,1318,15,0,3.75,2.18509686118416
6.48d,6.48,14.31,raw,1320,27,0,6.75,2.93161507141752
6.48d,6.48,14.31,raw,1324,435,0,108.75,11.767106717029
6.48d,6.48,14.31,raw,1328,9,0,2.25,1.69256875064327
6.48d,6.48,14.31,raw,1337,154,0,38.5,7.00140860629515
6.48d,6.48,14.31,raw,1342,120,0,30,6.18038723237103
6.48d,6.48,14.31,raw,1348,619,0,154.75,14.0368735674211
6.48d,6.48,14.31,raw,1355,351,0,87.75,10.5700884599189
6.48d,6.48,14.31,raw,1356,184,0,46,7.65303985732581
6.48d,6.48,14.31,raw,1357,633,0,158.25,14.1947228910726
6.48d,6.48,14.31,raw,1360,44,0,11,3.74241031850956
6.48d,6.48,14.31,raw,1365,1005,0,251.25,17.8857886495035
6.48d,6.48,14.31,raw,1369,6,0,1.5,1.38197659788534
6.48d,6.48,14.31,raw,1374,287,0,71.75,9.55797768017628
6.48d,6.48,14.31,raw,1376,94,0,23.5,5.47002095985713
6.48d,6.48,14.31,raw,1381,58,0,14.5,4.29673985699156
6.48d,6.48,14.31,raw,1383,59,0,14.75,4.33362242065961
6.48d,6.48,14.31,raw,1384,129,0,32.25,6.40796186924587
6.48d,6.48,14.31,raw,1387,41,0,10.25,3.61257599692178
6.48d,6.48,14.31,raw,1394,68,0,17,4.65242649168128
6.48d,6.48,14.31,raw,1396,60,0,15,4.37019372236832
6.48d,6.48,14.31,raw,1406,475,0,118.75,12.2962268984148
6.48d,6.48,14.31,raw,1408,43,0,10.75,3.69963851016596
6.48d,6.48,14.31,raw,1418,118,0,29.5,6.12866760150094
6.48d,6.48,14.31,raw,1422,16,1,4,2.25675833419103
6.48d,6.48,14.31,raw,1424,376,0,94,10.9400419197143
6.48d,6.48,14.31,raw,1427,79,0,19.75,5.01462670679677
6.48d,6.48,14.31,raw,1430,16,0,4,2.25675833419103
6.48d,6.48,14.31,raw,1435,210,0,52.5,8.17588381146626
6.48d,6.48,14.31,raw,1442,248,0,62,8.88486644658096
6.48d,6.48,14.31,raw,1444,23,0,5.75,2.705758189903
6.48d,6.48,14.31,raw,1453,50,0,12.5,3.98942280401433
6.48d,6.48,14.31,raw,1456,91,0,22.75,5.38202560777306
6.48d,6.48,14.31,raw,1459,332,0,83,10.2800234539138
6.48d,6.48,14.31,raw,1460,22,0,5.5,2.64628371420061
6.48d,6.48,14.31,raw,1461,33,0,8.25,3.24102240721429
6.48d,6.48,14.31,raw,1465,277,0,69.25,9.38998607415954
6.48d,6.48,14.31,raw,1471,122,0,30.5,6.2316776324215
6.48d,6.48,14.31,raw,1474,42,0,10.5,3.65636639571573
6.48d,6.48,14.31,raw,1479,20,0,5,2.52313252202016
6.48d,6.48,14.31,raw,1481,181,0,45.25,7.5903945483266
6.48d,6.48,14.31,raw,1482,113,0,28.25,5.99741753913869
6.48d,6.48,14.31,raw,1493,237,0,59.25,8.68558823716381
6.48d,6.48,14.31,raw,1498,31,0,7.75,3.14127465715711
6.48d,6.48,14.31,raw,1502,11,0,2.75,1.87120515925478
6.48d,6.48,14.31,raw,1508,119,0,29.75,6.15458174499869
6.48d,6.48,14.31,raw,1513,14,1,3.5,2.11100412282238
6.48d,6.48,14.31,raw,1519,198,0,49.5,7.93885114260184
6.48d,6.48,14.31,raw,1527,301,0,75.25,9.78832343873664
6.48d,6.48,14.31,raw,1528,169,0,42.25,7.33446458612083
6.48d,6.48,14.31,raw,1531,214,0,53.5,8.25338207302505
6.48d,6.48,14.31,raw,1533,228,0,57,8.51907589177983
6.48d,6.48,14.31,raw,1534,126,0,31.5,6.33301236846713
6.48d,6.48,14.31,raw,1537,18,0,4.5,2.3936536824086
6.48d,6.48,14.31,raw,1540,43,0,10.75,3.69963851016596
6.48d,6.48,14.31,raw,1544,138,0,34.5,6.62772693261899
6.48d,6.48,14.31,raw,1547,711,0,177.75,15.0438801203903
6.48d,6.48,14.31,raw,1550,469,0,117.25,12.2183197134548
6.48d,6.48,14.31,raw,1551,78,0,19.5,4.98278748516688
6.48d,6.48,14.31,raw,1553,309,1,77.25,9.91754782346883
6.48d,6.48,14.31,raw,1557,14,0,3.5,2.11100412282238
6.48d,6.48,14.31,raw,1558,19,0,4.75,2.45924537968297
6.48d,6.48,14.31,raw,1565,34,0,8.5,3.28976232123977
6.48d,6.48,14.31,raw,1575,61,0,15.25,4.40646151205377
6.48d,6.48,14.31,raw,1583,478,0,119.5,12.334995970646
6.48d,6.48,14.31,raw,1588,8,0,2,1.59576912160573
6.48d,6.48,14.31,raw,1590,160,0,40,7.13649646461108
6.48d,6.48,14.31,raw,1591,6,0,1.5,1.38197659788534
6.48d,6.48,14.31,raw,1601,21,0,5.25,2.58544147291321
6.48d,6.48,14.31,raw,1605,194,0,48.5,7.85825158159596
6.48d,6.48,14.31,raw,1607,40,0,10,3.56824823230554
6.48d,6.48,14.31,raw,1611,195,0,48.75,7.8784787748549
6.48d,6.48,14.31,raw,1614,231,0,57.75,8.57493928307692
6.48d,6.48,14.31,raw,1617,393,0,98.25,11.1846227147021
6.48d,6.48,14.31,raw,1620,99,1,24.75,5.61361547776433
6.48d,6.48,14.31,raw,1627,28,0,7,2.98541066072092
6.48d,6.48,14.31,raw,1632,33,0,8.25,3.24102240721429
6.48d,6.48,14.31,raw,1641,164,0,41,7.22515199384357
6.48d,6.48,14.31,raw,1643,138,0,34.5,6.62772693261899
6.48d,6.48,14.31,raw,1647,25,0,6.25,2.82094791773878
6.48d,6.48,14.31,raw,1650,175,0,43.75,7.46352665180231
6.48d,6.48,14.31,raw,1651,52,1,13,4.06842894512822
6.48d,6.48,14.31,raw,1655,21,0,5.25,2.58544147291321
6.48d,6.48,14.31,raw,1659,166,0,41.5,7.26907429501923
6.48d,6.48,14.31,raw,1662,61,0,15.25,4.40646151205377
6.48d,6.48,14.31,raw,1669,276,0,69,9.37302131581521
6.48d,6.48,14.31,raw,1671,46,0,11.5,3.82651992866291
6.48d,6.48,14.31,raw,1674,29,0,7.25,3.03825388987325
6.48d,6.48,14.31,raw,1682,41,0,10.25,3.61257599692178
6.48d,6.48,14.31,raw,1687,89,0,22.25,5.32255388609241
6.48d,6.48,14.31,raw,1691,303,0,75.75,9.82078894558317
6.48d,6.48,14.31,raw,1692,8,0,2,1.59576912160573
6.48d,6.48,14.31,raw,1696,225,0,56.25,8.46284375321634
6.48d,6.48,14.31,raw,1705,371,0,92.75,10.8670588373389
6.48d,6.48,14.31,raw,1706,100,0,25,5.64189583547756
6.48d,6.48,14.31,raw,1710,11,0,2.75,1.87120515925478
6.48d,6.48,14.31,raw,1711,23,0,5.75,2.705758189903
6.48d,6.48,14.31,raw,1713,220,0,55,8.368283871884
6.48d,6.48,14.31,raw,1717,8,0,2,1.59576912160573
6.48d,6.48,14.31,raw,1720,16,0,4,2.25675833419103
6.48d,6.48,14.31,raw,1722,40,1,10,3.56824823230554
6.48d,6.48,14.31,raw,1726,5,0,1.25,1.26156626101008
6.48d,6.48,14.31,raw,1728,96,0,24,5.52790639154137
6.48d,6.48,14.31,raw,1740,14,0,3.5,2.11100412282238
6.48d,6.48,14.31,raw,1744,82,0,20.5,5.10895396995029
6.48d,6.48,14.31,raw,1752,33,0,8.25,3.24102240721429
6.48d,6.48,14.31,raw,1755,8,0,2,1.59576912160573
6.48d,6.48,14.31,raw,1759,402,0,100.5,11.3119659761636
6.48d,6.48,14.31,raw,1779,116,0,29,6.0765077797465
6.48d,6.48,14.31,raw,1783,461,0,115.25,12.1136640836176
6.48d,6.48,14.31,raw,1784,7,0,1.75,1.49270533036046
6.48d,6.48,14.31,raw,1807,131,0,32.75,6.45744493511765
6.48d,6.48,14.31,raw,1808,97,0,24.25,5.55662298161641
6.48d,6.48,14.31,raw,1812,280,0,70,9.4406974388263
6.48d,6.48,14.31,raw,1832,1006,0,251.5,17.8946848393844
6.48d,6.48,14.31,raw,1833,83,0,20.75,5.14001172695692
6.48d,6.48,14.31,raw,1838,235,0,58.75,8.6488625410045
6.48d,6.48,14.31,raw,1843,241,0,60.25,8.75857765680556
6.48d,6.48,14.31,raw,1845,140,0,35,6.67558117812455
6.48d,6.48,14.31,raw,1847,42,0,10.5,3.65636639571573
6.48d,6.48,14.31,raw,1849,224,0,56,8.4440164912895
6.48d,6.48,14.31,raw,1850,5,0,1.25,1.26156626101008
6.48d,6.48,14.31,raw,1854,29,0,7.25,3.03825388987325
6.48d,6.48,14.31,raw,1857,367,0,91.75,10.808317548511
6.48d,6.48,14.31,raw,1864,201,0,50.25,7.99876785029682
6.48d,6.48,14.31,raw,1877,122,0,30.5,6.2316776324215
6.48d,6.48,14.31,raw,1887,47,0,11.75,3.86788891394752
6.48d,6.48,14.31,raw,1889,17,0,4.25,2.32621324584064
6.48d,6.48,14.31,raw,1894,1077,0,269.25,18.5153921756992
6.48d,6.48,14.31,raw,1897,50,0,12.5,3.98942280401433
6.48d,6.48,14.31,raw,1898,129,1,32.25,6.40796186924587
6.48d,6.48,14.31,raw,1901,62,0,15.5,4.44243322329048
6.48d,6.48,14.31,raw,1902,8,0,2,1.59576912160573
6.48d,6.48,14.31,raw,1903,21,0,5.25,2.58544147291321
6.48d,6.48,14.31,raw,1906,464,0,116,12.153015559493
6.48d,6.48,14.31,raw,1910,434,0,108.5,11.7535735248377
6.48d,6.48,14.31,raw,1915,51,0,12.75,4.0291195310357
6.48d,6.48,14.31,raw,1919,233,0,58.25,8.61198022993685
6.48d,6.48,14.31,raw,1920,52,0,13,4.06842894512822
6.48d,6.48,14.31,raw,1931,119,0,29.75,6.15458174499869
6.48d,6.48,14.31,raw,1932,181,1,45.25,7.5903945483266
6.48d,6.48,14.31,raw,1939,508,0,127,12.716187407449
6.48d,6.48,14.31,raw,1960,282,0,70.5,9.47435422093923
6.48d,6.48,14.31,raw,1973,146,0,36.5,6.81712867583072
6.48d,6.48,14.31,raw,1978,155,0,38.75,7.02410366940064
6.48d,6.48,14.31,raw,1980,350,0,87.5,10.5550206141119
6.48d,6.48,14.31,raw,1986,347,0,86.75,10.5096874599474
6.48d,6.48,14.31,raw,1998,45,0,11.25,3.78469878303024
6.48d,6.48,14.31,raw,2002,138,0,34.5,6.62772693261899
6.48d,6.48,14.31,raw,2009,133,0,33.25,6.50655168752575
6.48d,6.48,14.31,raw,2011,37,0,9.25,3.43183125878885
6.48d,6.48,14.31,raw,2020,269,0,67.25,9.25339718068125
6.48d,6.48,14.31,raw,2023,246,0,61.5,8.84896784948462
6.48d,6.48,14.31,raw,2052,129,1,32.25,6.40796186924587
6.48d,6.48,14.31,raw,2057,60,0,15,4.37019372236832
6.48d,6.48,14.31,raw,2065,104,0,26,5.75362739175159
6.48d,6.48,14.31,raw,2069,261,0,65.25,9.11476166961975
6.48d,6.48,14.31,raw,2073,21,0,5.25,2.58544147291321
6.48d,6.48,14.31,raw,2074,428,0,107,11.672044863119
6.48d,6.48,14.31,raw,2082,74,0,18.5,4.85334230995512
6.48d,6.48,14.31,raw,2088,280,0,70,9.4406974388263
6.48d,6.48,14.31,raw,2099,222,0,55.5,8.40623546736597
6.48d,6.48,14.31,raw,2103,455,0,113.75,12.0345751156252
6.48d,6.48,14.31,raw,2109,144,0,36,6.77027500257308
6.48d,6.48,14.31,raw,2110,727,0,181.75,15.212208493694
6.48d,6.48,14.31,raw,2111,251,0,62.75,8.93844401627775
6.48d,6.48,14.31,raw,2124,392,0,98,11.1703838512401
6.48d,6.48,14.31,raw,2129,431,0,107.75,11.7128801302333
6.48d,6.48,14.31,raw,2136,313,0,78.25,9.98153266665628
6.48d,6.48,14.31,raw,2137,207,0,51.75,8.11727456970901
6.48d,6.48,14.31,raw,2140,14,0,3.5,2.11100412282238
6.48d,6.48,14.31,raw,2141,92,0,23,5.41151637980601
6.48d,6.48,14.31,raw,2150,46,0,11.5,3.82651992866291
6.48d,6.48,14.31,raw,2159,8,0,2,1.59576912160573
6.48d,6.48,14.31,raw,2160,89,0,22.25,5.32255388609241
6.48d,6.48,14.31,raw,2162,6,0,1.5,1.38197659788534
6.48d,6.48,14.31,raw,2163,55,0,13.75,4.184141935942
6.48d,6.48,14.31,raw,2165,12,0,3,1.95441004761168
6.48d,6.48,14.31,raw,2167,37,0,9.25,3.43183125878885
6.48d,6.48,14.31,raw,2168,107,0,26.75,5.83602243155949
6.48d,6.48,14.31,raw,2170,219,0,54.75,8.3492433833402
6.48d,6.48,14.31,raw,2172,130,0,32.5,6.43275098258069
6.48d,6.48,14.31,raw,2178,155,0,38.75,7.02410366940064
6.48d,6.48,14.31,raw,2181,52,0,13,4.06842894512822
6.48d,6.48,14.31,raw,2191,115,0,28.75,6.0502592432999
6.48d,6.48,14.31,raw,2200,16,0,4,2.25675833419103
6.48d,6.48,14.31,raw,2205,208,0,52,8.13685789025644
6.48d,6.48,14.31,raw,2206,297,0,74.25,9.72306722164286
6.48d,6.48,14.31,raw,2208,49,0,12.25,3.94932708483429
6.48d,6.48,14.31,raw,2216,381,0,95.25,11.0125413341347
6.48d,6.48,14.31,raw,2219,300,1,75,9.7720502380584
6.48d,6.48,14.31,raw,2223,7,0,1.75,1.49270533036046
6.48d,6.48,14.31,raw,2227,208,0,52,8.13685789025644
6.48d,6.48,14.31,raw,2232,134,0,33.5,6.53096660140197
6.48d,6.48,14.31,raw,2233,93,0,23.25,5.44084730672462
6.48d,6.48,14.31,raw,2239,67,0,16.75,4.61809077155419
6.48d,6.48,14.31,raw,2241,33,0,8.25,3.24102240721429
6.48d,6.48,14.31,raw,2244,28,0,7,2.98541066072092
6.48d,6.48,14.31,raw,2245,120,0,30,6.18038723237103
6.48d,6.48,14.31,raw,2247,8,0,2,1.59576912160573
6.48d,6.48,14.31,raw,2254,165,0,41.25,7.24714641913115
6.48d,6.48,14.31,raw,2257,42,0,10.5,3.65636639571573
6.48d,6.48,14.31,raw,2260,688,0,172,14.7985540406638
6.48d,6.48,14.31,raw,2262,27,0,6.75,2.93161507141752
6.48d,6.48,14.31,raw,2265,600,0,150,13.8197659788534
6.48d,6.48,14.31,raw,2270,130,0,32.5,6.43275098258069
6.48d,6.48,14.31,raw,2272,33,0,8.25,3.24102240721429
6.48d,6.48,14.31,raw,2274,223,0,55.75,8.42514715711158
6.48d,6.48,14.31,raw,2284,6,0,1.5,1.38197659788534
6.48d,6.48,14.31,raw,2285,9,0,2.25,1.69256875064327
6.48d,6.48,14.31,raw,2289,60,0,15,4.37019372236832
6.48d,6.48,14.31,raw,2293,38,0,9.5,3.47789816915102
6.48d,6.48,14.31,raw,2299,62,0,15.5,4.44243322329048
6.48d,6.48,14.31,raw,2302,175,0,43.75,7.46352665180231
6.48d,6.48,14.31,raw,2306,114,0,28.5,6.02389633252035
6.48d,6.48,14.31,raw,2308,69,0,17.25,4.6865106579076
6.48d,6.48,14.31,raw,2309,41,1,10.25,3.61257599692178
6.48d,6.48,14.31,raw,2314,80,0,20,5.04626504404032
6.48d,6.48,14.31,raw,2318,78,0,19.5,4.98278748516688
6.48d,6.48,14.31,raw,2323,8,0,2,1.59576912160573
6.48d,6.48,14.31,raw,2326,18,0,4.5,2.3936536824086
6.48d,6.48,14.31,raw,2328,61,0,15.25,4.40646151205377
6.48d,6.48,14.31,raw,2329,52,0,13,4.06842894512822
6.48d,6.48,14.31,raw,2335,75,0,18.75,4.8860251190292
6.48d,6.48,14.31,raw,2349,122,0,30.5,6.2316776324215
6.48d,6.48,14.31,raw,2350,386,0,96.5,11.0845665710006
6.48d,6.48,14.31,raw,2373,39,0,9.75,3.52336281997296
6.48d,6.48,14.31,raw,2376,128,0,32,6.38307648642292
6.48d,6.48,14.31,raw,2382,44,0,11,3.74241031850956
6.48d,6.48,14.31,raw,2386,514,0,128.5,12.7910625633084
6.48d,6.48,14.31,raw,2388,318,0,79.5,10.0609414970193
6.48d,6.48,14.31,raw,2397,105,0,26.25,5.78122288528111
6.48d,6.48,14.31,raw,2398,317,0,79.25,10.0451099506308
6.48d,6.48,14.31,raw,2402,268,1,67,9.23618154310838
6.48d,6.48,14.31,raw,2405,423,0,105.75,11.6036667418426
6.48d,6.48,14.31,raw,2409,202,0,50.5,8.01864059608146
6.48d,6.48,14.31,raw,2418,77,0,19.25,4.95074350336915
6.48d,6.48,14.31,raw,2420,71,0,17.75,4.75394593143939
6.48d,6.48,14.31,raw,2423,436,0,109,11.7806243627463
6.48d,6.48,14.31,raw,2425,61,0,15.25,4.40646151205377
6.48d,6.48,14.31,raw,2428,86,0,21.5,5.23207895695449
6.48d,6.48,14.31,raw,2430,5,0,1.25,1.26156626101008
6.48d,6.48,14.31,raw,2435,82,0,20.5,5.10895396995029
6.48d,6.48,14.31,raw,2443,773,0,193.25,15.686093905752
6.48d,6.48,14.31,raw,2445,105,0,26.25,5.78122288528111
6.48d,6.48,14.31,raw,2457,175,0,43.75,7.46352665180231
6.48d,6.48,14.31,raw,2462,72,0,18,4.78730736481719
6.48d,6.48,14.31,raw,2465,98,0,24.5,5.58519192562006
6.48d,6.48,14.31,raw,2467,488,0,122,12.463355264843
6.48d,6.48,14.31,raw,2472,419,0,104.75,11.5486727510571
6.48d,6.48,14.31,raw,2477,33,0,8.25,3.24102240721429
6.48d,6.48,14.31,raw,2480,10,0,2.5,1.78412411615277
6.48d,6.48,14.31,raw,2487,166,0,41.5,7.26907429501923
6.48d,6.48,14.31,raw,2490,206,0,51.5,8.09764388904951
6.48d,6.48,14.31,raw,2495,201,1,50.25,7.99876785029682
6.48d,6.48,14.31,raw,2504,22,0,5.5,2.64628371420061
6.48d,6.48,14.31,raw,2505,17,0,4.25,2.32621324584064
6.48d,6.48,14.31,raw,2506,547,0,136.75,13.195283541574
6.48d,6.48,14.31,raw,2509,190,0,47.5,7.77681672504375
6.48d,6.48,14.31,raw,2511,141,0,35.25,6.69938011698952
6.48d,6.48,14.31,raw,2515,261,0,65.25,9.11476166961975
6.48d,6.48,14.31,raw,2518,71,0,17.75,4.75394593143939
6.48d,6.48,14.31,raw,2528,6,0,1.5,1.38197659788534
6.48d,6.48,14.31,raw,2531,17,0,4.25,2.32621324584064
6.48d,6.48,14.31,raw,2532,154,0,38.5,7.00140860629515
6.48d,6.48,14.31,raw,2537,197,0,49.25,7.91877816195193
6.48d,6.48,14.31,raw,2538,18,0,4.5,2.3936536824086
6.48d,6.48,14.31,raw,2545,20,0,5,2.52313252202016
6.48d,6.48,14.31,raw,2550,56,0,14,4.22200824564475
6.48d,6.48,14.31,raw,2555,13,0,3.25,2.03421447256411
6.48d,6.48,14.31,raw,2568,135,0,33.75,6.55529058355247
6.48d,6.48,14.31,raw,2571,29,0,7.25,3.03825388987325
6.48d,6.48,14.31,raw,2574,49,0,12.25,3.94932708483429
6.48d,6.48,14.31,raw,2577,166,0,41.5,7.26907429501923
6.48d,6.48,14.31,raw,2579,24,0,6,2.76395319577068
6.48d,6.48,14.31,raw,2585,142,0,35.5,6.72309481102998
6.48d,6.48,14.31,raw,2587,25,0,6.25,2.82094791773878
6.48d,6.48,14.31,raw,2592,174,0,43.5,7.44217173921562
6.48d,6.48,14.31,raw,2593,13,0,3.25,2.03421447256411
6.48d,6.48,14.31,raw,2597,141,0,35.25,6.69938011698952
6.48d,6.48,14.31,raw,2601,57,0,14.25,4.25953794588991
6.48d,6.48,14.31,raw,2603,305,0,76.25,9.85314748118875
6.48d,6.48,14.31,raw,2608,12,0,3,1.95441004761168
6.48d,6.48,14.31,raw,2611,19,0,4.75,2.45924537968297
6.48d,6.48,14.31,raw,2613,139,0,34.75,6.65169709018284
6.48d,6.48,14.31,raw,2626,45,1,11.25,3.78469878303024
6.48d,6.48,14.31,raw,2632,230,0,57.5,8.5563586777479
6.48d,6.48,14.31,raw,2639,58,0,14.5,4.29673985699156
6.48d,6.48,14.31,raw,2645,28,0,7,2.98541066072092
6.48d,6.48,14.31,raw,2647,82,0,20.5,5.10895396995029
6.48d,6.48,14.31,raw,2653,537,0,134.25,13.074112164147
6.48d,6.48,14.31,raw,2657,244,0,61,8.81292302410755
6.48d,6.48,14.31,raw,2660,273,0,68.25,9.3219418002997
6.48d,6.48,14.31,raw,2673,274,0,68.5,9.33899934759387
6.48d,6.48,14.31,raw,2676,23,0,5.75,2.705758189903
6.48d,6.48,14.31,raw,2679,114,0,28.5,6.02389633252035
6.48d,6.48,14.31,raw,2687,57,0,14.25,4.25953794588991
6.48d,6.48,14.31,raw,2689,63,0,15.75,4.47811599108138
6.48d,6.48,14.31,raw,2691,88,0,22,5.29256742840123
6.48d,6.48,14.31,raw,2699,141,0,35.25,6.69938011698952
6.48d,6.48,14.31,raw,2700,572,0,143,13.4934522972117
6.48d,6.48,14.31,raw,2701,6,1,1.5,1.38197659788534
6.48d,6.48,14.31,raw,2703,483,1,120.75,12.3993417174772
6.48d,6.48,14.31,raw,2704,146,0,36.5,6.81712867583072
6.48d,6.48,14.31,raw,2724,16,0,4,2.25675833419103
6.48d,6.48,14.31,raw,2726,25,0,6.25,2.82094791773878
6.48d,6.48,14.31,raw,2734,155,0,38.75,7.02410366940064
6.48d,6.48,14.31,raw,2738,81,0,20.25,5.07770625192981
6.48d,6.48,14.31,raw,2739,366,0,91.5,10.7935822757446
6.48d,6.48,14.31,raw,2743,469,0,117.25,12.2183197134548
6.48d,6.48,14.31,raw,2746,61,0,15.25,4.40646151205377
6.48d,6.48,14.31,raw,2750,238,0,59.5,8.70389297451101
6.48d,6.48,14.31,raw,2751,197,0,49.25,7.91877816195193
6.48d,6.48,14.31,raw,2754,253,0,63.25,8.97398468933946
6.48d,6.48,14.31,raw,2759,73,0,18.25,4.82043791490117
6.48d,6.48,14.31,raw,2765,337,0,84.25,10.3571439906925
6.48d,6.48,14.31,raw,2773,202,0,50.5,8.01864059608146
6.48d,6.48,14.31,raw,2775,167,0,41.75,7.29093622196032
6.48d,6.48,14.31,raw,2777,67,0,16.75,4.61809077155419
6.48d,6.48,14.31,raw,2785,191,0,47.75,7.79725517481017
6.48d,6.48,14.31,raw,2794,11,1,2.74999999999999,1.87120515925478
6.48d,6.48,14.31,raw,2803,110,0,27.5,5.9172702727032
6.48d,6.48,14.31,raw,2811,157,0,39.25,7.06927521962861
6.48d,6.48,14.31,raw,2813,44,0,11,3.74241031850956
6.48d,6.48,14.31,raw,2815,188,0,47,7.73577782789505
6.48d,6.48,14.31,raw,2819,165,0,41.25,7.24714641913115
6.48d,6.48,14.31,raw,2823,171,0,42.75,7.3777361390489
6.48d,6.48,14.31,raw,2825,48,0,12,3.90882009522336
6.48d,6.48,14.31,raw,2828,13,0,3.25,2.03421447256411
6.48d,6.48,14.31,raw,2830,6,0,1.5,1.38197659788534
6.48d,6.48,14.31,raw,2832,48,0,12,3.90882009522336
6.48d,6.48,14.31,raw,2834,33,0,8.25,3.24102240721429
6.48d,6.48,14.31,raw,2836,200,0,50,7.97884560802865
6.48d,6.48,14.31,raw,2838,394,0,98.5,11.1988434740563
6.48d,6.48,14.31,raw,2839,408,0,102,11.396070970426
6.48d,6.48,14.31,raw,2841,29,0,7.25,3.03825388987325
6.48d,6.48,14.31,raw,2844,102,0,25.5,5.69803548521301
6.48d,6.48,14.31,raw,2846,83,0,20.75,5.14001172695692
6.48d,6.48,14.31,raw,2850,86,0,21.5,5.23207895695449
6.48d,6.48,14.31,raw,2860,142,0,35.5,6.72309481102998
6.48d,6.48,14.31,raw,2863,109,0,27.25,5.89031218137317
6.48d,6.48,14.31,raw,2869,155,0,38.75,7.02410366940064
6.48d,6.48,14.31,raw,2880,84,0,21,5.17088294582641
6.48d,6.48,14.31,raw,2882,26,0,6.5,2.8768136958758
6.48d,6.48,14.31,raw,2884,53,0,13.25,4.10736216661508
6.48d,6.48,14.31,raw,2886,154,0,38.5,7.00140860629515
6.48d,6.48,14.31,raw,2887,63,0,15.75,4.47811599108138
6.48d,6.48,14.31,raw,2892,304,0,76,9.83698151873187
6.48d,6.48,14.31,raw,2895,90,0,22.5,5.35237234845831
6.48d,6.48,14.31,raw,2900,359,0,89.75,10.6898666567914
6.48d,6.48,14.31,raw,2903,104,0,26,5.75362739175159
6.48d,6.48,14.31,raw,2905,7,0,1.75,1.49270533036046
6.48d,6.48,14.31,raw,2909,184,0,46,7.65303985732581
6.48d,6.48,14.31,raw,2913,11,0,2.75,1.87120515925478
6.48d,6.48,14.31,raw,2915,39,0,9.75,3.52336281997296
6.48d,6.48,14.31,raw,2931,125,0,31.25,6.3078313050504
6.48d,6.48,14.31,raw,2932,202,0,50.5,8.01864059608146
6.48d,6.48,14.31,raw,2935,307,0,76.75,9.88540009602159
6.48d,6.48,14.31,raw,2947,44,0,11,3.74241031850956
6.48d,6.48,14.31,raw,2949,730,0,182.5,15.2435631305206
6.48d,6.48,14.31,raw,2950,337,0,84.25,10.3571439906925
6.48d,6.48,14.31,raw,2952,335,0,83.75,10.3263648914596
6.48d,6.48,14.31,raw,2957,304,0,76,9.83698151873187
6.48d,6.48,14.31,raw,2961,225,1,56.25,8.46284375321634
6.48d,6.48,14.31,raw,2968,275,1,68.75,9.35602579627389
6.48d,6.48,14.31,raw,2969,184,0,46,7.65303985732581
6.48d,6.48,14.31,raw,2973,884,0,221,16.7745622710839
6.48d,6.48,14.31,raw,2977,12,0,3,1.95441004761168
6.48d,6.48,14.31,raw,2983,86,0,21.5,5.23207895695449
6.48d,6.48,14.31,raw,2984,16,0,4,2.25675833419103
6.48d,6.48,14.31,raw,2986,34,0,8.5,3.28976232123977
6.48d,6.48,14.31,raw,2988,132,0,33,6.48204481442857
6.48d,6.48,14.31,raw,2990,205,0,51.25,8.07796550300118
6.48d,6.48,14.31,raw,2993,173,0,43.25,7.42075537326193
6.48d,6.48,14.31,raw,3005,1158,0,289.5,19.1990324808525
6.48d,6.48,14.31,raw,3014,550,0,137.5,13.2314185710031
6.48d,6.48,14.31,raw,3016,158,0,39.5,7.09175309899033
6.48d,6.48,14.31,raw,3017,44,0,11,3.74241031850956
6.48d,6.48,14.31,raw,3020,130,0,32.5,6.43275098258069
6.48d,6.48,14.31,raw,3023,7,0,1.75,1.49270533036046
6.48d,6.48,14.31,raw,3026,288,0,72,9.57461472963438
6.48d,6.48,14.31,raw,3032,41,0,10.25,3.61257599692178
6.48d,6.48,14.31,raw,3035,31,1,7.75,3.14127465715711
6.48d,6.48,14.31,raw,3036,8,1,2,1.59576912160573
6.48d,6.48,14.31,raw,3043,111,0,27.75,5.94410610322534
6.48d,6.48,14.31,raw,3054,67,0,16.75,4.61809077155419
6.48d,6.48,14.31,raw,3057,49,0,12.25,3.94932708483429
6.48d,6.48,14.31,raw,3060,215,0,53.75,8.27264320090713
6.48d,6.48,14.31,raw,3066,358,0,89.5,10.6749678806916
6.48d,6.48,14.31,raw,3068,42,0,10.5,3.65636639571573
6.48d,6.48,14.31,raw,3075,59,0,14.75,4.33362242065961
6.48d,6.48,14.31,raw,3084,184,0,46,7.65303985732581
6.48d,6.48,14.31,raw,3088,84,0,21,5.17088294582641
6.48d,6.48,14.31,raw,3089,155,0,38.75,7.02410366940064
6.48d,6.48,14.31,raw,3090,20,0,5,2.52313252202016
6.48d,6.48,14.31,raw,3096,57,0,14.25,4.25953794588991
6.48d,6.48,14.31,raw,3100,633,0,158.25,14.1947228910726
6.48d,6.48,14.31,raw,3105,280,0,70,9.4406974388263
6.48d,6.48,14.31,raw,3107,10,1,2.5,1.78412411615277
6.48d,6.48,14.31,raw,3112,307,0,76.75,9.88540009602159
6.48d,6.48,14.31,raw,3126,650,0,162.5,14.384068479379
6.48d,6.48,14.31,raw,3128,43,0,10.75,3.69963851016596
6.48d,6.48,14.31,raw,3135,187,0,46.75,7.71517651880816
6.48d,6.48,14.31,raw,3143,54,0,13.5,4.14592979365603
6.48d,6.48,14.31,raw,3146,227,0,56.75,8.50037317790934
6.48d,6.48,14.31,raw,3150,344,0,86,10.464157913909
6.48d,6.48,14.31,raw,3153,134,0,33.5,6.53096660140197
6.48d,6.48,14.31,raw,3167,16,0,4,2.25675833419103
6.48d,6.48,14.31,raw,3172,564,0,141,13.398760233979
6.48d,6.48,14.31,raw,3175,34,0,8.5,3.28976232123977
6.48d,6.48,14.31,raw,3177,72,0,18,4.78730736481719
6.48d,6.48,14.31,raw,3184,511,0,127.75,12.7536799332552
6.48d,6.48,14.31,raw,3188,113,0,28.25,5.99741753913869
6.48d,6.48,14.31,raw,3190,234,0,58.5,8.63044108762739
6.48d,6.48,14.31,raw,3195,394,0,98.5,11.1988434740563
6.48d,6.48,14.31,raw,3204,336,0,84,10.3417658916528
6.48d,6.48,14.31,raw,3205,9,0,2.25,1.69256875064327
6.48d,6.48,14.31,raw,3210,103,0,25.75,5.72589890558072
6.48d,6.48,14.31,raw,3221,8,0,2,1.59576912160573
6.48d,6.48,14.31,raw,3228,96,0,24,5.52790639154137
6.48d,6.48,14.31,raw,3231,107,0,26.75,5.83602243155949
6.48d,6.48,14.31,raw,3235,33,1,8.25,3.24102240721429
6.48d,6.48,14.31,raw,3236,542,1,135.5,13.134837582232
6.48d,6.48,14.31,raw,3239,344,0,86,10.464157913909
6.48d,6.48,14.31,raw,3243,968,0,242,17.553460337663
6.48d,6.48,14.31,raw,3245,83,0,20.75,5.14001172695692
6.48d,6.48,14.31,raw,3247,90,0,22.5,5.35237234845831
6.48d,6.48,14.31,raw,3252,59,0,14.75,4.33362242065961
6.48d,6.48,14.31,raw,3256,199,0,49.75,7.95887349758585
6.48d,6.48,14.31,raw,3266,404,0,101,11.3400702827739
6.48d,6.48,14.31,raw,3275,118,0,29.5,6.12866760150094
6.48d,6.48,14.31,raw,3281,141,0,35.25,6.69938011698952
6.48d,6.48,14.31,raw,3285,168,0,42,7.31273279143145
6.48d,6.48,14.31,raw,3294,1125,0,281.25,18.9234939151512
6.48d,6.48,14.31,raw,3298,6,0,1.5,1.38197659788534
6.48d,6.48,14.31,raw,3300,167,0,41.75,7.29093622196032
6.48d,6.48,14.31,raw,3307,303,0,75.75,9.82078894558317
6.48d,6.48,14.31,raw,3308,124,0,31,6.28254931431422
6.48d,6.48,14.31,raw,3310,320,0,80,10.0925300880806
6.48d,6.48,14.31,raw,3311,311,1,77.75,9.94959168022281
6.48d,6.48,14.31,raw,3317,86,0,21.5,5.23207895695449
6.48d,6.48,14.31,raw,3319,54,0,13.5,4.14592979365603
6.48d,6.48,14.31,raw,3326,331,0,82.75,10.2645298151856
6.48d,6.48,14.31,raw,3334,237,0,59.25,8.68558823716381
6.48d,6.48,14.31,raw,3336,45,0,11.25,3.78469878303024
6.48d,6.48,14.31,raw,3342,123,0,30.75,6.25716517287232
6.48d,6.48,14.31,raw,3345,84,0,21,5.17088294582641
6.48d,6.48,14.31,raw,3347,172,0,43,7.39927702033192
6.48d,6.48,14.31,raw,3353,21,0,5.25,2.58544147291321
6.48d,6.48,14.31,raw,3361,277,0,69.25,9.38998607415954
6.48d,6.48,14.31,raw,3363,235,0,58.75,8.6488625410045
6.48d,6.48,14.31,raw,3367,104,0,26,5.75362739175159
6.48d,6.48,14.31,raw,3374,221,0,55.25,8.38728113554194
6.48d,6.48,14.31,raw,3375,302,0,75.5,9.80456962989732
6.48d,6.48,14.31,raw,3382,25,0,6.25,2.82094791773878
6.48d,6.48,14.31,raw,3385,81,0,20.25,5.07770625192981
6.48d,6.48,14.31,raw,3387,48,0,12,3.90882009522336
6.48d,6.48,14.31,raw,3389,11,0,2.75,1.87120515925478
6.48d,6.48,14.31,raw,3394,205,0,51.25,8.07796550300118
6.48d,6.48,14.31,raw,3408,7,0,1.75,1.49270533036046
6.48d,6.48,14.31,raw,3419,153,0,38.25,6.97863973752192
6.48d,6.48,14.31,raw,3422,5,0,1.25,1.26156626101008
6.48d,6.48,14.31,raw,3423,6,0,1.5,1.38197659788534
6.48d,6.48,14.31,raw,3424,197,0,49.25,7.91877816195193
6.48d,6.48,14.31,raw,3426,107,0,26.75,5.83602243155949
6.48d,6.48,14.31,raw,3427,94,0,23.5,5.47002095985713
6.48d,6.48,14.31,raw,3429,102,0,25.5,5.69803548521301
6.48d,6.48,14.31,raw,3435,17,0,4.25,2.32621324584064
6.48d,6.48,14.31,raw,3440,12,0,3,1.95441004761168
6.48d,6.48,14.31,raw,3446,193,1,48.25,7.83797218886822
6.48d,6.48,14.31,raw,3451,68,0,17,4.65242649168128
6.48d,6.48,14.31,raw,3455,88,0,22,5.29256742840123
6.48d,6.48,14.31,raw,3457,276,0,69,9.37302131581521
6.48d,6.48,14.31,raw,3463,47,0,11.75,3.86788891394752
6.48d,6.48,14.31,raw,3464,123,1,30.75,6.25716517287232
6.48d,6.48,14.31,raw,3467,271,0,67.75,9.28773272418017
6.48d,6.48,14.31,raw,3479,60,0,15,4.37019372236832
6.48d,6.48,14.31,raw,3484,128,0,32,6.38307648642292
6.48d,6.48,14.31,raw,3485,143,0,35.75,6.74672614860586
6.48d,6.48,14.31,raw,3491,333,0,83.25,10.2954937763665
6.48d,6.48,14.31,raw,3496,255,0,63.75,9.00938516086789
6.48d,6.48,14.31,raw,3497,24,0,6,2.76395319577068
6.48d,6.48,14.31,raw,3517,5,0,1.25,1.26156626101008
6.48d,6.48,14.31,raw,3521,338,0,84.5,10.3724992904373
6.48d,6.48,14.31,raw,3522,177,0,44.25,7.50605421340207
6.48d,6.48,14.31,raw,3524,80,0,20,5.04626504404032
6.48d,6.48,14.31,raw,3528,43,0,10.75,3.69963851016596
6.48d,6.48,14.31,raw,3538,58,0,14.5,4.29673985699156
6.48d,6.48,14.31,raw,3540,5,0,1.25,1.26156626101008
6.48d,6.48,14.31,raw,3542,95,0,23.75,5.4990398423234
6.48d,6.48,14.31,raw,3544,305,0,76.25,9.85314748118875
6.48d,6.48,14.31,raw,3551,333,0,83.25,10.2954937763665
6.48d,6.48,14.31,raw,3561,147,0,36.75,6.84043516664088
6.48d,6.48,14.31,raw,3563,17,0,4.25,2.32621324584064
6.48d,6.48,14.31,raw,3566,125,0,31.25,6.3078313050504
6.48d,6.48,14.31,raw,3586,246,0,61.5,8.84896784948462
6.48d,6.48,14.31,raw,3592,447,0,111.75,11.9283074710604
6.48d,6.48,14.31,raw,3593,93,0,23.25,5.44084730672462
6.48d,6.48,14.31,raw,3595,433,0,108.25,11.7400247324093
6.48d,6.48,14.31,raw,3596,153,1,38.25,6.97863973752192
6.48d,6.48,14.31,raw,3604,35,0,8.75,3.33779058906227
6.48d,6.48,14.31,raw,3605,5,0,1.25,1.26156626101008
6.48d,6.48,14.31,raw,3611,76,0,19,4.91849075936593
6.48d,6.48,14.31,raw,3615,54,0,13.5,4.14592979365603
6.48d,6.48,14.31,raw,3624,10,1,2.5,1.78412411615277
6.48d,6.48,14.31,raw,3628,87,0,21.75,5.26241010355424
6.48d,6.48,14.31,raw,3634,377,0,94.25,10.9545801878159
6.48d,6.48,14.31,raw,3643,230,0,57.5,8.5563586777479
6.48d,6.48,14.31,raw,3647,15,0,3.75,2.18509686118416
6.48d,6.48,14.31,raw,3648,32,0,8,3.19153824321146
6.48d,6.48,14.31,raw,3649,1211,0,302.75,19.6334732578974
6.48d,6.48,14.31,raw,3656,14,0,3.5,2.11100412282238
6.48d,6.48,14.31,raw,3665,171,0,42.75,7.3777361390489
6.48d,6.48,14.31,raw,3667,30,0,7.5,3.09019361618552
6.48d,6.48,14.31,raw,3672,126,0,31.5,6.33301236846713
6.48d,6.48,14.31,raw,3674,48,0,12,3.90882009522336
6.48d,6.48,14.31,raw,3677,333,1,83.25,10.2954937763665
6.48d,6.48,14.31,raw,3679,40,0,10,3.56824823230554
6.48d,6.48,14.31,raw,3684,73,0,18.25,4.82043791490117
6.48d,6.48,14.31,raw,3686,38,0,9.5,3.47789816915102
6.48d,6.48,14.31,raw,3689,9,0,2.25,1.69256875064327
6.48d,6.48,14.31,raw,3698,76,0,19,4.91849075936593
6.48d,6.48,14.31,raw,3705,230,0,57.5,8.5563586777479
6.48d,6.48,14.31,raw,3706,151,0,37.75,6.93287767191607
6.48d,6.48,14.31,raw,3708,136,0,34,6.57952464247954
6.48d,6.48,14.31,raw,3712,38,0,9.5,3.47789816915102
6.48d,6.48,14.31,raw,3715,59,0,14.75,4.33362242065961
6.48d,6.48,14.31,raw,3717,264,0,66,9.16699568847508
6.48d,6.48,14.31,raw,3722,6,0,1.5,1.38197659788534
6.48d,6.48,14.31,raw,3726,246,0,61.5,8.84896784948462
6.48d,6.48,14.31,raw,3728,125,0,31.25,6.3078313050504
6.48d,6.48,14.31,raw,3729,48,0,12,3.90882009522336
6.48d,6.48,14.31,raw,3732,65,0,16.25,4.54864184146723
6.48d,6.48,14.31,raw,3735,12,0,3,1.95441004761168
6.48d,6.48,14.31,raw,3736,29,0,7.25,3.03825388987325
6.48d,6.48,14.31,raw,3737,104,0,26,5.75362739175159
6.48d,6.48,14.31,raw,3745,6,0,1.5,1.38197659788534
6.48d,6.48,14.31,raw,3747,9,0,2.25,1.69256875064327
6.48d,6.48,14.31,raw,3748,123,0,30.75,6.25716517287232
6.48d,6.48,14.31,raw,3750,73,0,18.25,4.82043791490117
6.48d,6.48,14.31,raw,3767,86,0,21.5,5.23207895695449
6.48d,6.48,14.31,raw,3769,81,0,20.25,5.07770625192981
6.48d,6.48,14.31,raw,3776,203,0,50.75,8.03846421247924
6.48d,6.48,14.31,raw,3782,111,0,27.75,5.94410610322534
6.48d,6.48,14.31,raw,3784,222,0,55.5,8.40623546736597
6.48d,6.48,14.31,raw,3790,50,0,12.5,3.98942280401433
6.48d,6.48,14.31,raw,3791,88,0,22,5.29256742840123
6.48d,6.48,14.31,raw,3794,142,0,35.5,6.72309481102998
6.48d,6.48,14.31,raw,3799,83,0,20.75,5.14001172695692
6.48d,6.48,14.31,raw,3803,21,0,5.25,2.58544147291321
6.48d,6.48,14.31,raw,3806,9,0,2.25,1.69256875064327
6.48d,6.48,14.31,raw,3811,194,0,48.5,7.85825158159596
6.48d,6.48,14.31,raw,3812,580,0,145,13.5874844613195
6.48d,6.48,14.31,raw,3820,200,0,50,7.97884560802865
6.48d,6.48,14.31,raw,3824,233,0,58.25,8.61198022993685
6.48d,6.48,14.31,raw,3828,73,0,18.25,4.82043791490117
6.48d,6.48,14.31,raw,3830,90,0,22.5,5.35237234845831
6.48d,6.48,14.31,raw,3832,96,0,24,5.52790639154137
6.48d,6.48,14.31,raw,3838,125,0,31.25,6.3078313050504
6.48d,6.48,14.31,raw,3840,49,0,12.25,3.94932708483429
6.48d,6.48,14.31,raw,3845,89,0,22.25,5.32255388609241
6.48d,6.48,14.31,raw,3851,82,1,20.5,5.10895396995029
6.48d,6.48,14.31,raw,3852,49,1,12.25,3.94932708483429
6.48d,6.48,14.31,raw,3856,110,0,27.5,5.9172702727032
6.48d,6.48,14.31,raw,3859,16,0,4,2.25675833419103
6.48d,6.48,14.31,raw,3860,154,0,38.5,7.00140860629515
6.48d,6.48,14.31,raw,3862,94,0,23.5,5.47002095985713
6.48d,6.48,14.31,raw,3864,108,0,27,5.86323014283504
6.48d,6.48,14.31,raw,3870,108,0,27,5.86323014283504
6.48d,6.48,14.31,raw,3877,13,0,3.25,2.03421447256411
6.48d,6.48,14.31,raw,3879,12,0,3,1.95441004761168
6.48d,6.48,14.31,raw,3890,35,0,8.75,3.33779058906227
6.48d,6.48,14.31,raw,3895,56,0,14,4.22200824564475
6.48d,6.48,14.31,raw,3904,65,0,16.25,4.54864184146723
6.48d,6.48,14.31,raw,3905,78,0,19.5,4.98278748516688
6.48d,6.48,14.31,raw,3906,26,0,6.5,2.8768136958758
6.48d,6.48,14.31,raw,3920,395,0,98.75,11.2130461981835
6.48d,6.48,14.31,raw,3922,104,0,26,5.75362739175159
6.48d,6.48,14.31,raw,3923,88,0,22,5.29256742840123
6.48d,6.48,14.31,raw,3925,123,0,30.75,6.25716517287232
6.48d,6.48,14.31,raw,3927,28,0,7,2.98541066072092
6.48d,6.48,14.31,raw,3929,91,0,22.75,5.38202560777306
6.48d,6.48,14.31,raw,3933,72,0,18,4.78730736481719
6.48d,6.48,14.31,raw,3947,247,0,61.75,8.86693531539485
6.48d,6.48,14.31,raw,3949,25,0,6.25,2.82094791773878
6.48d,6.48,14.31,raw,3953,347,0,86.75,10.5096874599474
6.48d,6.48,14.31,raw,3964,127,0,31.75,6.35809370372452
6.48d,6.48,14.31,raw,3965,168,0,42,7.31273279143145
6.48d,6.48,14.31,raw,3969,54,0,13.5,4.14592979365603
6.48d,6.48,14.31,raw,3971,374,0,93.5,10.9109072690009
6.48d,6.48,14.31,raw,3975,44,0,11,3.74241031850956
6.48d,6.48,14.31,raw,3977,169,0,42.25,7.33446458612083
6.48d,6.48,14.31,raw,3987,126,0,31.5,6.33301236846713
6.48d,6.48,14.31,raw,3989,147,0,36.75,6.84043516664088
6.48d,6.48,14.31,raw,3996,57,0,14.25,4.25953794588991
6.48d,6.48,14.31,raw,3998,10,0,2.5,1.78412411615277
6.48d,6.48,14.31,raw,4007,214,0,53.5,8.25338207302505
6.48d,6.48,14.31,raw,4013,58,0,14.5,4.29673985699156
6.48d,6.48,14.31,raw,4015,26,0,6.5,2.8768136958758
6.48d,6.48,14.31,raw,4017,413,0,103.25,11.4656872011191
6.48d,6.48,14.31,raw,4018,121,0,30.25,6.20608541902532
6.48d,6.48,14.31,raw,4024,55,1,13.75,4.184141935942
6.48d,6.48,14.31,raw,4028,608,0,152,13.9115926766041
6.48d,6.48,14.31,raw,4034,334,0,83.5,10.3109408874935
6.48d,6.48,14.31,raw,4041,7,0,1.75,1.49270533036046
6.48d,6.48,14.31,raw,4046,199,1,49.75,7.95887349758585
6.48d,6.48,14.31,raw,4056,95,0,23.75,5.4990398423234
6.48d,6.48,14.31,raw,4066,101,0,25.25,5.67003514138694
6.48d,6.48,14.31,raw,4068,134,0,33.5,6.53096660140197
6.48d,6.48,14.31,raw,4071,354,0,88.5,10.6151636685009
6.48d,6.48,14.31,raw,4074,232,0,58,8.59347971398312
6.48d,6.48,14.31,raw,4079,50,0,12.5,3.98942280401433
6.48d,6.48,14.31,raw,4082,454,1,113.5,12.0213430334319
6.48d,6.48,14.31,raw,4087,27,0,6.75,2.93161507141752
6.48d,6.48,14.31,raw,4090,5,0,1.25,1.26156626101008
6.48d,6.48,14.31,raw,4096,473,0,118.25,12.2703127981699
6.48d,6.48,14.31,raw,4100,16,0,4,2.25675833419103
6.48d,6.48,14.31,raw,4101,125,0,31.25,6.3078313050504
6.48d,6.48,14.31,raw,4109,197,0,49.25,7.91877816195193
6.48d,6.48,14.31,raw,4111,34,0,8.5,3.28976232123977
6.48d,6.48,14.31,raw,4113,63,0,15.75,4.47811599108138
6.48d,6.48,14.31,raw,4123,85,0,21.25,5.2015709478601
6.48d,6.48,14.31,raw,4128,78,0,19.5,4.98278748516688
6.48d,6.48,14.31,raw,4129,110,0,27.5,5.9172702727032
6.48d,6.48,14.31,raw,4134,162,0,40.5,7.18096104722579
6.48d,6.48,14.31,raw,4143,284,0,71,9.50789186287878
6.48d,6.48,14.31,raw,4145,1253,0,313.25,19.9710362121821
6.48d,6.48,14.31,raw,4153,19,0,4.75,2.45924537968297
6.48d,6.48,14.31,raw,4163,51,0,12.75,4.0291195310357
6.48d,6.48,14.31,raw,4164,55,0,13.75,4.184141935942
6.48d,6.48,14.31,raw,4173,75,0,18.75,4.8860251190292
6.48d,6.48,14.31,raw,4176,334,0,83.5,10.3109408874935
6.48d,6.48,14.31,raw,4179,438,0,109.5,11.8076132282735
6.48d,6.48,14.31,raw,4180,58,0,14.5,4.29673985699156
6.48d,6.48,14.31,raw,4183,113,0,28.25,5.99741753913869
6.48d,6.48,14.31,raw,4191,194,0,48.5,7.85825158159596
6.48d,6.48,14.31,raw,4200,73,0,18.25,4.82043791490117
6.48d,6.48,14.31,raw,4205,28,0,7,2.98541066072092
6.48d,6.48,14.31,raw,4209,329,0,82.25,10.2334721651289
6.48d,6.48,14.31,raw,4215,320,0,80,10.0925300880806
6.48d,6.48,14.31,raw,4223,267,0,66.75,9.21893375673522
6.48d,6.48,14.31,raw,4229,81,0,20.25,5.07770625192981
6.48d,6.48,14.31,raw,4240,23,0,5.75,2.705758189903
6.48d,6.48,14.31,raw,4248,100,0,25,5.64189583547756
6.48d,6.48,14.31,raw,4249,11,0,2.75,1.87120515925478
6.48d,6.48,14.31,raw,4250,33,0,8.25,3.24102240721429
6.48d,6.48,14.31,raw,4257,165,0,41.25,7.24714641913115
6.48d,6.48,14.31,raw,4261,102,0,25.5,5.69803548521301
6.48d,6.48,14.31,raw,4265,41,0,10.25,3.61257599692178
6.48d,6.48,14.31,raw,4270,83,0,20.75,5.14001172695692
6.48d,6.48,14.31,raw,4272,105,0,26.25,5.78122288528111
6.48d,6.48,14.31,raw,4275,9,0,2.25,1.69256875064327
6.48d,6.48,14.31,raw,4279,135,0,33.75,6.55529058355247
6.48d,6.48,14.31,raw,4280,220,0,55,8.368283871884
6.48d,6.48,14.31,raw,4281,16,0,4,2.25675833419103
6.48d,6.48,14.31,raw,4285,47,0,11.75,3.86788891394752
6.48d,6.48,14.31,raw,4287,22,0,5.5,2.64628371420061
6.48d,6.48,14.31,raw,4290,31,0,7.75,3.14127465715711
6.48d,6.48,14.31,raw,4292,14,0,3.5,2.11100412282238
6.48d,6.48,14.31,raw,4294,152,0,38,6.95579633830205
6.48d,6.48,14.31,raw,4296,38,0,9.5,3.47789816915102
6.48d,6.48,14.31,raw,4299,75,1,18.75,4.8860251190292
6.48d,6.48,14.31,raw,4301,297,0,74.25,9.72306722164286
6.48d,6.48,14.31,raw,4313,224,0,56,8.4440164912895
6.48d,6.48,14.31,raw,4320,13,0,3.25,2.03421447256411
6.48d,6.48,14.31,raw,4322,9,0,2.25,1.69256875064327
6.48d,6.48,14.31,raw,4323,75,0,18.75,4.8860251190292
6.48d,6.48,14.31,raw,4328,31,0,7.75,3.14127465715711
6.48d,6.48,14.31,raw,4331,19,0,4.75,2.45924537968297
6.48d,6.48,14.31,raw,4335,49,0,12.25,3.94932708483429
6.48d,6.48,14.31,raw,4339,45,0,11.25,3.78469878303024
6.48d,6.48,14.31,raw,4343,230,0,57.5,8.5563586777479
6.48d,6.48,14.31,raw,4344,206,0,51.5,8.09764388904951
6.48d,6.48,14.31,raw,4345,192,0,48,7.81764019044672
6.48d,6.48,14.31,raw,4351,59,0,14.75,4.33362242065961
6.48d,6.48,14.31,raw,4353,14,1,3.5,2.11100412282238
6.48d,6.48,14.31,raw,4364,569,0,142.25,13.4580208514691
6.48d,6.48,14.31,raw,4369,40,0,10,3.56824823230554
6.48d,6.48,14.31,raw,4371,239,0,59.75,8.72215929675249
6.48d,6.48,14.31,raw,4375,148,0,37,6.8636625175777
6.48d,6.48,14.31,raw,4377,305,0,76.25,9.85314748118875
6.48d,6.48,14.31,raw,4379,119,0,29.75,6.15458174499869
6.48d,6.48,14.31,raw,4380,139,0,34.75,6.65169709018284
6.48d,6.48,14.31,raw,4391,82,0,20.5,5.10895396995029
6.48d,6.48,14.31,raw,4392,28,0,7,2.98541066072092
6.48d,6.48,14.31,raw,4402,22,0,5.5,2.64628371420061
6.48d,6.48,14.31,raw,4411,336,0,84,10.3417658916528
6.48d,6.48,14.31,raw,4414,30,0,7.5,3.09019361618552
6.48d,6.48,14.31,raw,4415,63,0,15.75,4.47811599108138
6.48d,6.48,14.31,raw,4417,247,0,61.75,8.86693531539485
6.48d,6.48,14.31,raw,4420,274,0,68.5,9.33899934759387
6.48d,6.48,14.31,raw,4435,41,0,10.25,3.61257599692178
6.48d,6.48,14.31,raw,4437,17,0,4.25,2.32621324584064
6.48d,6.48,14.31,raw,4442,296,0,74,9.70668461991024
6.48d,6.48,14.31,raw,4443,34,0,8.5,3.28976232123977
6.48d,6.48,14.31,raw,4448,125,0,31.25,6.3078313050504
6.48d,6.48,14.31,raw,4455,124,0,31,6.28254931431422
6.48d,6.48,14.31,raw,4461,49,0,12.25,3.94932708483429
6.48d,6.48,14.31,raw,4464,35,0,8.75,3.33779058906227
6.48d,6.48,14.31,raw,4473,10,0,2.5,1.78412411615277
6.48d,6.48,14.31,raw,4476,104,0,26,5.75362739175159
6.48d,6.48,14.31,raw,4477,124,0,31,6.28254931431422
6.48d,6.48,14.31,raw,4505,69,1,17.25,4.6865106579076
6.48d,6.48,14.31,raw,4509,113,0,28.25,5.99741753913869
6.48d,6.48,14.31,raw,4515,188,0,47,7.73577782789505
6.48d,6.48,14.31,raw,4519,250,0,62.5,8.92062058076386
6.48d,6.48,14.31,raw,4526,46,0,11.5,3.82651992866291
6.48d,6.48,14.31,raw,4527,128,0,32,6.38307648642292
6.48d,6.48,14.31,raw,4531,34,0,8.5,3.28976232123977
6.48d,6.48,14.31,raw,4533,357,0,89.25,10.6600482816736
6.48d,6.48,14.31,raw,4537,264,0,66,9.16699568847508
6.48d,6.48,14.31,raw,4544,212,0,53,8.21472433323015
6.48d,6.48,14.31,raw,4553,288,0,72,9.57461472963438
6.48d,6.48,14.31,raw,4557,149,0,37.25,6.88681152939332
6.48d,6.48,14.31,raw,4567,75,0,18.75,4.8860251190292
6.48d,6.48,14.31,raw,4572,208,0,52,8.13685789025644
6.48d,6.48,14.31,raw,4573,137,0,34.25,6.60366976818037
6.48d,6.48,14.31,raw,4577,163,0,40.75,7.20309040953658
6.48d,6.48,14.31,raw,4587,41,0,10.25,3.61257599692178
6.48d,6.48,14.31,raw,4588,232,0,58,8.59347971398312
6.48d,6.48,14.31,raw,4592,89,0,22.25,5.32255388609241
6.48d,6.48,14.31,raw,4594,100,0,25,5.64189583547756
6.48d,6.48,14.31,raw,4595,53,0,13.25,4.10736216661508
6.48d,6.48,14.31,raw,4596,200,0,50,7.97884560802865
6.48d,6.48,14.31,raw,4598,32,0,8,3.19153824321146
6.48d,6.48,14.31,raw,4604,54,0,13.5,4.14592979365603
6.48d,6.48,14.31,raw,4606,264,0,66,9.16699568847508
6.48d,6.48,14.31,raw,4610,43,0,10.75,3.69963851016596
6.48d,6.48,14.31,raw,4621,21,0,5.25,2.58544147291321
6.48d,6.48,14.31,raw,4623,385,1,96.25,11.0701990126989
6.48d,6.48,14.31,raw,4628,216,0,54,8.29185958731205
6.48d,6.48,14.31,raw,4631,532,0,133,13.0131033750515
6.48d,6.48,14.31,raw,4645,189,0,47.25,7.75632441873962
6.48d,6.48,14.31,raw,4650,460,0,115,12.1005184865998
6.48d,6.48,14.31,raw,4662,302,0,75.5,9.80456962989732
6.48d,6.48,14.31,raw,4666,61,0,15.25,4.40646151205377
6.48d,6.48,14.31,raw,4674,75,0,18.75,4.8860251190292
6.48d,6.48,14.31,raw,4682,85,0,21.25,5.2015709478601
6.48d,6.48,14.31,raw,4684,259,0,64.75,9.07977205229304
6.48d,6.48,14.31,raw,4686,118,0,29.5,6.12866760150094
6.48d,6.48,14.31,raw,4690,97,0,24.25,5.55662298161641
6.48d,6.48,14.31,raw,4692,24,0,6,2.76395319577068
6.48d,6.48,14.31,raw,4693,48,0,12,3.90882009522336
6.48d,6.48,14.31,raw,4699,24,1,6,2.76395319577068
6.48d,6.48,14.31,raw,4701,444,0,111,11.8882122064507
6.48d,6.48,14.31,raw,4706,125,0,31.25,6.3078313050504
6.48d,6.48,14.31,raw,4709,54,0,13.5,4.14592979365603
6.48d,6.48,14.31,raw,4713,427,0,106.75,11.6584013226719
6.48d,6.48,14.31,raw,4715,97,0,24.25,5.55662298161641
6.48d,6.48,14.31,raw,4716,8,1,2,1.59576912160573
6.48d,6.48,14.31,raw,4722,10,0,2.5,1.78412411615277
6.48d,6.48,14.31,raw,4723,72,0,18,4.78730736481719
6.48d,6.48,14.31,raw,4734,78,0,19.5,4.98278748516688
6.48d,6.48,14.31,raw,4741,9,0,2.25,1.69256875064327
6.48d,6.48,14.31,raw,4743,6,0,1.5,1.38197659788534
6.48d,6.48,14.31,raw,4752,44,0,11,3.74241031850956
6.48d,6.48,14.31,raw,4756,224,0,56,8.4440164912895
6.48d,6.48,14.31,raw,4760,441,0,110.25,11.8479812545029
6.48d,6.48,14.31,raw,4770,326,0,81.5,10.1867081481662
6.48d,6.48,14.31,raw,4777,18,1,4.5,2.3936536824086
6.48d,6.48,14.31,raw,4785,310,0,77.5,9.93358267278101
6.48d,6.48,14.31,raw,4789,156,0,39,7.04672563994593
6.48d,6.48,14.31,raw,4792,230,0,57.5,8.5563586777479
6.48d,6.48,14.31,raw,4794,544,0,136,13.1590492849591
6.48d,6.48,14.31,raw,4796,91,1,22.75,5.38202560777306
6.48d,6.48,14.31,raw,4821,258,0,64.5,9.06222658265716
6.48d,6.48,14.31,raw,4831,328,0,82,10.2179079399006
6.48d,6.48,14.31,raw,4833,183,0,45.75,7.63221522047392
6.48d,6.48,14.31,raw,4835,342,0,85.5,10.4336945074531
6.48d,6.48,14.31,raw,4841,8,0,2,1.59576912160573
6.48d,6.48,14.31,raw,4843,108,0,27,5.86323014283504
6.48d,6.48,14.31,raw,4850,660,0,165,14.4942928382623
6.48d,6.48,14.31,raw,4851,241,0,60.25,8.75857765680556
6.48d,6.48,14.31,raw,4853,73,0,18.25,4.82043791490117
6.48d,6.48,14.31,raw,4855,156,0,39,7.04672563994593
6.48d,6.48,14.31,raw,4860,23,0,5.75,2.705758189903
6.48d,6.48,14.31,raw,4866,127,0,31.75,6.35809370372452
6.48d,6.48,14.31,raw,4872,177,0,44.25,7.50605421340207
6.48d,6.48,14.31,raw,4875,7,0,1.75,1.49270533036046
6.48d,6.48,14.31,raw,4883,110,0,27.5,5.9172702727032
6.48d,6.48,14.31,raw,4885,219,0,54.75,8.3492433833402
6.48d,6.48,14.31,raw,4887,9,0,2.25,1.69256875064327
6.48d,6.48,14.31,raw,4888,487,0,121.75,12.4505788849959
6.48d,6.48,14.31,raw,4897,382,0,95.5,11.0269840175003
6.48d,6.48,14.31,raw,4901,171,0,42.75,7.3777361390489
6.48d,6.48,14.31,raw,4905,54,0,13.5,4.14592979365603
6.48d,6.48,14.31,raw,4912,266,0,66.5,9.20165364078046
6.48d,6.48,14.31,raw,4916,13,0,3.25,2.03421447256411
6.48d,6.48,14.31,raw,4918,61,0,15.25,4.40646151205377
6.48d,6.48,14.31,raw,4920,36,0,9,3.38513750128654
6.48d,6.48,14.31,raw,4921,74,0,18.5,4.85334230995512
6.48d,6.48,14.31,raw,4923,232,0,58,8.59347971398312
6.48d,6.48,14.31,raw,4927,32,0,8,3.19153824321146
6.48d,6.48,14.31,raw,4931,38,0,9.5,3.47789816915102
6.48d,6.48,14.31,raw,4935,23,0,5.75,2.705758189903
6.48d,6.48,14.31,raw,4946,133,1,33.25,6.50655168752575
6.48d,6.48,14.31,raw,4950,163,0,40.75,7.20309040953658
6.48d,6.48,14.31,raw,4951,196,0,49,7.89865416966859
6.48d,6.48,14.31,raw,4973,204,0,51,8.0582390620714
6.48d,6.48,14.31,raw,4977,35,0,8.75,3.33779058906227
6.48d,6.48,14.31,raw,4981,211,0,52.75,8.19532708223289
6.48d,6.48,14.31,raw,4984,225,0,56.25,8.46284375321634
6.48d,6.48,14.31,raw,4987,30,0,7.5,3.09019361618552
6.48d,6.48,14.31,raw,4994,10,0,2.5,1.78412411615277
6.48d,6.48,14.31,raw,5004,82,0,20.5,5.10895396995029
6.48d,6.48,14.31,raw,5008,323,0,80.75,10.1397284597451
6.48d,6.48,14.31,raw,5009,121,0,30.25,6.20608541902532
6.48d,6.48,14.31,raw,5010,8,0,2,1.59576912160573
6.48d,6.48,14.31,raw,5014,111,0,27.75,5.94410610322534
6.48d,6.48,14.31,raw,5016,640,0,160,14.2729929292222
6.48d,6.48,14.31,raw,5021,18,0,4.5,2.3936536824086
6.48d,6.48,14.31,raw,5026,166,0,41.5,7.26907429501923
6.48d,6.48,14.31,raw,5030,204,0,51,8.0582390620714
6.48d,6.48,14.31,raw,5031,171,0,42.75,7.3777361390489
6.48d,6.48,14.31,raw,5032,280,0,70,9.4406974388263
6.48d,6.48,14.31,raw,5037,69,0,17.25,4.6865106579076
6.48d,6.48,14.31,raw,5039,211,0,52.75,8.19532708223289
6.48d,6.48,14.31,raw,5041,79,0,19.75,5.01462670679677
6.48d,6.48,14.31,raw,5043,46,1,11.5,3.82651992866291
6.48d,6.48,14.31,raw,5052,123,0,30.75,6.25716517287232
6.48d,6.48,14.31,raw,5055,273,0,68.25,9.3219418002997
6.48d,6.48,14.31,raw,5059,46,0,11.5,3.82651992866291
6.48d,6.48,14.31,raw,5071,22,0,5.5,2.64628371420061
6.48d,6.48,14.31,raw,5086,367,0,91.75,10.808317548511
6.48d,6.48,14.31,raw,5089,160,0,40,7.13649646461108
6.48d,6.48,14.31,raw,5090,201,0,50.25,7.99876785029682
6.48d,6.48,14.31,raw,5100,435,0,108.75,11.767106717029
6.48d,6.48,14.31,raw,5101,11,0,2.75,1.87120515925478
6.48d,6.48,14.31,raw,5105,51,0,12.75,4.0291195310357
6.48d,6.48,14.31,raw,5112,64,0,16,4.51351666838205
6.48d,6.48,14.31,raw,5123,81,0,20.25,5.07770625192981
6.48d,6.48,14.31,raw,5128,25,0,6.25,2.82094791773878
6.48d,6.48,14.31,raw,5133,58,0,14.5,4.29673985699156
6.48d,6.48,14.31,raw,5134,192,0,48,7.81764019044672
6.48d,6.48,14.31,raw,5136,40,0,10,3.56824823230554
6.48d,6.48,14.31,raw,5149,45,0,11.25,3.78469878303024
6.48d,6.48,14.31,raw,5157,7,0,1.75,1.49270533036046
6.48d,6.48,14.31,raw,5159,36,1,9,3.38513750128654
6.48d,6.48,14.31,raw,5171,195,0,48.75,7.8784787748549
6.48d,6.48,14.31,raw,5173,135,0,33.75,6.55529058355247
6.48d,6.48,14.31,raw,5180,274,0,68.5,9.33899934759387
6.48d,6.48,14.31,raw,5194,5,0,1.25,1.26156626101008
6.48d,6.48,14.31,raw,5195,155,0,38.75,7.02410366940064
6.48d,6.48,14.31,raw,5197,372,0,93,10.8816946134492
6.48d,6.48,14.31,raw,5199,34,0,8.5,3.28976232123977
6.48d,6.48,14.31,raw,5210,84,0,21,5.17088294582641
6.48d,6.48,14.31,raw,5212,68,0,17,4.65242649168128
6.48d,6.48,14.31,raw,5221,89,0,22.25,5.32255388609241
6.48d,6.48,14.31,raw,5223,596,0,149,13.7736230587866
6.48d,6.48,14.31,raw,5224,284,0,71,9.50789186287878
6.48d,6.48,14.31,raw,5231,246,0,61.5,8.84896784948462
6.48d,6.48,14.31,raw,5237,95,0,23.75,5.4990398423234
6.48d,6.48,14.31,raw,5238,14,0,3.5,2.11100412282238
6.48d,6.48,14.31,raw,5239,201,0,50.25,7.99876785029682
6.48d,6.48,14.31,raw,5241,97,0,24.25,5.55662298161641
6.48d,6.48,14.31,raw,5246,162,0,40.5,7.18096104722579
6.48d,6.48,14.31,raw,5258,556,0,139,13.3033941803657
6.48d,6.48,14.31,raw,5267,387,0,96.75,11.0989155304979
6.48d,6.48,14.31,raw,5269,61,0,15.25,4.40646151205377
6.48d,6.48,14.31,raw,5272,260,0,65,9.09728368293446
6.48d,6.48,14.31,raw,5276,234,0,58.5,8.63044108762739
6.48d,6.48,14.31,raw,5282,43,0,10.75,3.69963851016596
6.48d,6.48,14.31,raw,5283,68,0,17,4.65242649168128
6.48d,6.48,14.31,raw,5285,11,0,2.75,1.87120515925478
6.48d,6.48,14.31,raw,5289,16,0,4,2.25675833419103
6.48d,6.48,14.31,raw,5299,47,0,11.75,3.86788891394752
6.48d,6.48,14.31,raw,5301,94,0,23.5,5.47002095985713
6.48d,6.48,14.31,raw,5308,34,0,8.5,3.28976232123977
6.48d,6.48,14.31,raw,5311,38,0,9.5,3.47789816915102
6.48d,6.48,14.31,raw,5313,88,0,22,5.29256742840123
6.48d,6.48,14.31,raw,5320,21,0,5.25,2.58544147291321
6.48d,6.48,14.31,raw,5325,101,0,25.25,5.67003514138694
6.48d,6.48,14.31,raw,5336,339,0,84.75,10.3878318919929
6.48d,6.48,14.31,raw,5338,27,0,6.75,2.93161507141752
6.48d,6.48,14.31,raw,5343,218,0,54.5,8.33015937350939
6.48d,6.48,14.31,raw,5353,93,0,23.25,5.44084730672462
6.48d,6.48,14.31,raw,5360,146,0,36.5,6.81712867583072
6.48d,6.48,14.31,raw,5369,348,0,87,10.5248202071085
6.48d,6.48,14.31,raw,5370,48,0,12,3.90882009522336
6.48d,6.48,14.31,raw,5374,7,0,1.75,1.49270533036046
6.48d,6.48,14.31,raw,5377,118,0,29.5,6.12866760150094
6.48d,6.48,14.31,raw,5388,259,0,64.75,9.07977205229304
6.48d,6.48,14.31,raw,5391,294,0,73.5,9.67383618519739
6.48d,6.48,14.31,raw,5395,209,0,52.25,8.15639419182351
6.48d,6.48,14.31,raw,5399,49,0,12.25,3.94932708483429
6.48d,6.48,14.31,raw,5408,141,0,35.25,6.69938011698952
6.48d,6.48,14.31,raw,5416,178,0,44.5,7.5272278921735
6.48d,6.48,14.31,raw,5424,1142,0,285.5,19.065935330371
6.48d,6.48,14.31,raw,5426,273,0,68.25,9.3219418002997
6.48d,6.48,14.31,raw,5428,119,0,29.75,6.15458174499869
6.48d,6.48,14.31,raw,5432,6,0,1.5,1.38197659788534
6.48d,6.48,14.31,raw,5442,112,0,28,5.97082132144185
6.48d,6.48,14.31,raw,5444,29,0,7.25,3.03825388987325
6.48d,6.48,14.31,raw,5448,148,0,37,6.8636625175777
6.48d,6.48,14.31,raw,5450,72,0,18,4.78730736481719
6.48d,6.48,14.31,raw,5454,290,0,72.5,9.60780240186586
6.48d,6.48,14.31,raw,5461,121,0,30.25,6.20608541902532
6.48d,6.48,14.31,raw,5474,58,0,14.5,4.29673985699156
6.48d,6.48,14.31,raw,5478,637,1,159.25,14.2395013079488
6.48d,6.48,14.31,raw,5481,710,1,177.5,15.0332970166391
6.48d,6.48,14.31,raw,5487,198,0,49.5,7.93885114260184
6.48d,6.48,14.31,raw,5489,124,0,31,6.28254931431422
6.48d,6.48,14.31,raw,5491,21,0,5.25,2.58544147291321
6.48d,6.48,14.31,raw,5498,146,1,36.5,6.81712867583072
6.48d,6.48,14.31,raw,5500,51,0,12.75,4.0291195310357
6.48d,6.48,14.31,raw,5504,99,0,24.75,5.61361547776433
6.48d,6.48,14.31,raw,5508,36,0,9,3.38513750128654
6.48d,6.48,14.31,raw,5510,16,0,4,2.25675833419103
6.48d,6.48,14.31,raw,5513,10,0,2.5,1.78412411615277
6.48d,6.48,14.31,raw,5517,147,0,36.75,6.84043516664088
6.48d,6.48,14.31,raw,5518,41,0,10.25,3.61257599692178
6.48d,6.48,14.31,raw,5528,182,0,45.5,7.61133360755196
6.48d,6.48,14.31,raw,5532,20,0,5,2.52313252202016
6.48d,6.48,14.31,raw,5538,518,0,129.5,12.840736779609
6.48d,6.48,14.31,raw,5541,136,0,34,6.57952464247954
6.48d,6.48,14.31,raw,5548,52,0,13,4.06842894512822
6.48d,6.48,14.31,raw,5551,63,0,15.75,4.47811599108138
6.48d,6.48,14.31,raw,5554,5,0,1.25,1.26156626101008
6.48d,6.48,14.31,raw,5558,66,0,16.5,4.58349784423754
6.48d,6.48,14.31,raw,5563,246,0,61.5,8.84896784948462
6.48d,6.48,14.31,raw,5565,72,0,18,4.78730736481719
6.48d,6.48,14.31,raw,5567,82,0,20.5,5.10895396995029
6.48d,6.48,14.31,raw,5574,152,0,38,6.95579633830205
6.48d,6.48,14.31,raw,5578,35,0,8.75,3.33779058906227
6.48d,6.48,14.31,raw,5579,7,0,1.75,1.49270533036046
6.48d,6.48,14.31,raw,5595,151,0,37.75,6.93287767191607
6.48d,6.48,14.31,raw,5603,50,0,12.5,3.98942280401433
6.48d,6.48,14.31,raw,5607,5,0,1.25,1.26156626101008
6.48d,6.48,14.31,raw,5609,128,0,32,6.38307648642292
6.48d,6.48,14.31,raw,5617,41,0,10.25,3.61257599692178
6.48d,6.48,14.31,raw,5624,268,0,67,9.23618154310838
6.48d,6.48,14.31,raw,5628,346,0,86.5,10.49453289192
6.48d,6.48,14.31,raw,5633,19,0,4.75,2.45924537968297
6.48d,6.48,14.31,raw,5635,42,1,10.5,3.65636639571573
6.48d,6.48,14.31,raw,5640,66,0,16.5,4.58349784423754
6.48d,6.48,14.31,raw,5642,41,0,10.25,3.61257599692178
6.48d,6.48,14.31,raw,5645,368,0,92,10.823032759612
6.48d,6.48,14.31,raw,5647,10,0,2.5,1.78412411615277
6.48d,6.48,14.31,raw,5650,219,0,54.75,8.3492433833402
6.48d,6.48,14.31,raw,5653,124,0,31,6.28254931431422
6.48d,6.48,14.31,raw,5660,277,0,69.25,9.38998607415954
6.48d,6.48,14.31,raw,5668,16,0,4,2.25675833419103
6.48d,6.48,14.31,raw,5673,80,0,20,5.04626504404032
6.48d,6.48,14.31,raw,5674,18,0,4.5,2.3936536824086
6.48d,6.48,14.31,raw,5678,309,0,77.25,9.91754782346883
6.48d,6.48,14.31,raw,5679,42,0,10.5,3.65636639571573
6.48d,6.48,14.31,raw,5681,222,0,55.5,8.40623546736597
6.48d,6.48,14.31,raw,5687,161,0,40.25,7.15876327835963
6.48d,6.48,14.31,raw,5694,9,0,2.25,1.69256875064327
6.48d,6.48,14.31,raw,5697,255,0,63.75,9.00938516086789
6.48d,6.48,14.31,raw,5699,101,0,25.25,5.67003514138694
6.48d,6.48,14.31,raw,5706,283,0,70.75,9.49113785538977
6.48d,6.48,14.31,raw,5710,104,0,26,5.75362739175159
6.48d,6.48,14.31,raw,5712,45,0,11.25,3.78469878303024
6.48d,6.48,14.31,raw,5724,388,0,97,11.1132459632328
6.48d,6.48,14.31,raw,5727,697,0,174.25,14.8950324158795
6.48d,6.48,14.31,raw,5729,151,0,37.75,6.93287767191607
6.48d,6.48,14.31,raw,5736,53,0,13.25,4.10736216661508
6.48d,6.48,14.31,raw,5737,426,0,106.5,11.6447417968066
6.48d,6.48,14.31,raw,5739,51,0,12.75,4.0291195310357
6.48d,6.48,14.31,raw,5745,20,0,5,2.52313252202016
6.48d,6.48,14.31,raw,5756,174,0,43.5,7.44217173921562
6.48d,6.48,14.31,raw,5762,43,1,10.75,3.69963851016596
6.48d,6.48,14.31,raw,5764,87,0,21.75,5.26241010355424
6.48d,6.48,14.31,raw,5769,83,0,20.75,5.14001172695692
6.48d,6.48,14.31,raw,5777,44,1,11,3.74241031850956
6.48d,6.48,14.31,raw,5780,342,0,85.5,10.4336945074531
6.48d,6.48,14.31,raw,5785,155,0,38.75,7.02410366940064
6.48d,6.48,14.31,raw,5792,164,0,41,7.22515199384357
6.48d,6.48,14.31,raw,5798,706,0,176.5,14.9908898883874
6.48d,6.48,14.31,raw,5800,153,0,38.25,6.97863973752192
6.48d,6.48,14.31,raw,5814,280,0,70,9.4406974388263
6.48d,6.48,14.31,raw,5816,289,0,72.25,9.59122292031186
6.48d,6.48,14.31,raw,5822,213,0,53.25,8.23407588968838
6.48d,6.48,14.31,raw,5823,107,0,26.75,5.83602243155949
6.48d,6.48,14.31,raw,5825,227,0,56.75,8.50037317790934
6.48d,6.48,14.31,raw,5828,39,0,9.75,3.52336281997296
6.48d,6.48,14.31,raw,5831,259,0,64.75,9.07977205229304
6.48d,6.48,14.31,raw,5856,200,0,50,7.97884560802865
6.48d,6.48,14.31,raw,5864,31,1,7.75,3.14127465715711
6.48d,6.48,14.31,raw,5866,104,0,26,5.75362739175159
6.48d,6.48,14.31,raw,5870,17,0,4.25,2.32621324584064
6.48d,6.48,14.31,raw,5874,279,0,69.75,9.42382397147133
6.48d,6.48,14.31,raw,5879,352,0,88,10.5851348568025
6.48d,6.48,14.31,raw,5881,33,0,8.25,3.24102240721429
6.48d,6.48,14.31,raw,5887,93,0,23.25,5.44084730672462
6.48d,6.48,14.31,raw,5897,97,0,24.25,5.55662298161641
6.48d,6.48,14.31,raw,5903,1009,0,252.25,17.9213469125355
6.48d,6.48,14.31,raw,5908,144,0,36,6.77027500257308
6.48d,6.48,14.31,raw,5918,67,0,16.75,4.61809077155419
6.48d,6.48,14.31,raw,5920,16,0,4,2.25675833419103
6.48d,6.48,14.31,raw,5921,13,0,3.25,2.03421447256411
6.48d,6.48,14.31,raw,5922,17,0,4.25,2.32621324584064
6.48d,6.48,14.31,raw,5927,382,0,95.5,11.0269840175003
6.48d,6.48,14.31,raw,5933,78,0,19.5,4.98278748516688
6.48d,6.48,14.31,raw,5938,32,1,7.99999999999999,3.19153824321146
6.48d,6.48,14.31,raw,5940,90,0,22.5,5.35237234845831
6.48d,6.48,14.31,raw,5950,172,0,43,7.39927702033192
6.48d,6.48,14.31,raw,5955,682,0,170.5,14.7338841578636
6.48d,6.48,14.31,raw,5956,32,0,8,3.19153824321146
6.48d,6.48,14.31,raw,5964,176,0,44,7.48482063701911
6.48d,6.48,14.31,raw,5967,5,0,1.25,1.26156626101008
6.48d,6.48,14.31,raw,5969,43,0,10.75,3.69963851016596
6.48d,6.48,14.31,raw,5974,423,0,105.75,11.6036667418426
6.48d,6.48,14.31,raw,5979,358,0,89.5,10.6749678806916
6.48d,6.48,14.31,raw,5985,73,0,18.25,4.82043791490117
6.48d,6.48,14.31,raw,5986,201,0,50.25,7.99876785029682
6.48d,6.48,14.31,raw,5989,58,0,14.5,4.29673985699156
6.48d,6.48,14.31,raw,5991,713,0,178.25,15.0650240241774
6.48d,6.48,14.31,raw,5993,48,0,12,3.90882009522336
6.48d,6.48,14.31,raw,5995,164,0,41,7.22515199384357
6.48d,6.48,14.31,raw,6009,525,0,131.25,12.927207364566
6.48d,6.48,14.31,raw,6011,9,0,2.25,1.69256875064327
6.48d,6.48,14.31,raw,6018,55,1,13.75,4.184141935942
6.48d,6.48,14.31,raw,6027,18,0,4.5,2.3936536824086
6.48d,6.48,14.31,raw,6033,19,0,4.75,2.45924537968297
6.48d,6.48,14.31,raw,6034,206,0,51.5,8.09764388904951
6.48d,6.48,14.31,raw,6039,64,0,16,4.51351666838205
6.48d,6.48,14.31,raw,6047,154,0,38.5,7.00140860629515
6.48d,6.48,14.31,raw,6059,80,0,20,5.04626504404032
6.48d,6.48,14.31,raw,6067,19,0,4.75,2.45924537968297
6.48d,6.48,14.31,raw,6076,239,0,59.75,8.72215929675249
6.48d,6.48,14.31,raw,6082,238,0,59.5,8.70389297451101
6.48d,6.48,14.31,raw,6089,136,0,34,6.57952464247954
6.48d,6.48,14.31,raw,6092,99,0,24.75,5.61361547776433
6.48d,6.48,14.31,raw,6093,73,0,18.25,4.82043791490117
6.48d,6.48,14.31,raw,6098,730,0,182.5,15.2435631305206
6.48d,6.48,14.31,raw,6102,333,0,83.25,10.2954937763665
6.48d,6.48,14.31,raw,6108,76,0,19,4.91849075936593
6.48d,6.48,14.31,raw,6109,19,0,4.75,2.45924537968297
6.48d,6.48,14.31,raw,6112,121,1,30.25,6.20608541902532
6.48d,6.48,14.31,raw,6115,182,0,45.5,7.61133360755196
6.48d,6.48,14.31,raw,6128,536,0,134,13.0619332028039
6.48d,6.48,14.31,raw,6129,97,1,24.25,5.55662298161641
6.48d,6.48,14.31,raw,6149,311,0,77.75,9.94959168022281
6.48d,6.48,14.31,raw,6154,405,0,101.25,11.3540963490907
6.48d,6.48,14.31,raw,6157,48,0,12,3.90882009522336
6.48d,6.48,14.31,raw,6165,7,0,1.75,1.49270533036046
6.48d,6.48,14.31,raw,6176,12,0,3,1.95441004761168
6.48d,6.48,14.31,raw,6178,117,0,29.25,6.10264341769233
6.48d,6.48,14.31,raw,6182,52,0,13,4.06842894512822
6.48d,6.48,14.31,raw,6183,248,0,62,8.88486644658096
6.48d,6.48,14.31,raw,6184,235,0,58.75,8.6488625410045
6.48d,6.48,14.31,raw,6186,93,0,23.25,5.44084730672462
6.48d,6.48,14.31,raw,6190,19,0,4.75,2.45924537968297
6.48d,6.48,14.31,raw,6192,50,0,12.5,3.98942280401433
6.48d,6.48,14.31,raw,6196,49,1,12.25,3.94932708483429
6.48d,6.48,14.31,raw,6200,21,0,5.25,2.58544147291321
6.48d,6.48,14.31,raw,6205,258,0,64.5,9.06222658265716
6.48d,6.48,14.31,raw,6209,396,0,99,11.2272309555287
6.48d,6.48,14.31,raw,6210,58,0,14.5,4.29673985699156
6.48d,6.48,14.31,raw,6217,5,1,1.25,1.26156626101008
6.48d,6.48,14.31,raw,6218,26,0,6.5,2.8768136958758
6.48d,6.48,14.31,raw,6219,43,0,10.75,3.69963851016596
6.48d,6.48,14.31,raw,6221,46,0,11.5,3.82651992866291
6.48d,6.48,14.31,raw,6222,26,0,6.5,2.8768136958758
6.48d,6.48,14.31,raw,6228,41,0,10.25,3.61257599692178
6.48d,6.48,14.31,raw,6243,54,0,13.5,4.14592979365603
6.48d,6.48,14.31,raw,6248,18,0,4.5,2.3936536824086
6.48d,6.48,14.31,raw,6255,61,0,15.25,4.40646151205377
6.48d,6.48,14.31,raw,6258,5,0,1.25,1.26156626101008
6.48d,6.48,14.31,raw,6259,555,0,138.75,13.2914253122832
6.48d,6.48,14.31,raw,6262,62,0,15.5,4.44243322329048
6.48d,6.48,14.31,raw,6264,480,0,120,12.3607744647421
6.48d,6.48,14.31,raw,6270,437,0,109.25,11.7941265154447
6.48d,6.48,14.31,raw,6280,63,0,15.75,4.47811599108138
6.48d,6.48,14.31,raw,6283,30,0,7.5,3.09019361618552
6.48d,6.48,14.31,raw,6285,62,0,15.5,4.44243322329048
6.48d,6.48,14.31,raw,6286,219,0,54.75,8.3492433833402
6.48d,6.48,14.31,raw,6290,590,0,147.5,13.7041173684567
6.48d,6.48,14.31,raw,6295,270,0,67.5,9.27058084855655
6.48d,6.48,14.31,raw,6297,30,0,7.5,3.09019361618552
6.48d,6.48,14.31,raw,6300,160,0,40,7.13649646461108
6.48d,6.48,14.31,raw,6304,52,0,13,4.06842894512822
6.48d,6.48,14.31,raw,6305,22,0,5.5,2.64628371420061
6.48d,6.48,14.31,raw,6312,6,0,1.5,1.38197659788534
6.48d,6.48,14.31,raw,6318,540,0,135,13.1105811671049
6.48d,6.48,14.31,raw,6321,15,0,3.75,2.18509686118416
6.48d,6.48,14.31,raw,6323,22,0,5.5,2.64628371420061
6.48d,6.48,14.31,raw,6326,7,0,1.75,1.49270533036046
6.48d,6.48,14.31,raw,6329,6,0,1.5,1.38197659788534
6.48d,6.48,14.31,raw,6333,144,1,36,6.77027500257307
6.48d,6.48,14.31,raw,6334,217,0,54.25,8.31103154258739
6.48d,6.48,14.31,raw,6337,70,0,17.5,4.72034871941315
6.48d,6.48,14.31,raw,6338,121,0,30.25,6.20608541902532
6.48d,6.48,14.31,raw,6341,155,0,38.75,7.02410366940064
6.48d,6.48,14.31,raw,6345,60,0,15,4.37019372236832
6.48d,6.48,14.31,raw,6346,131,0,32.75,6.45744493511765
6.48d,6.48,14.31,raw,6348,90,0,22.5,5.35237234845831
6.48d,6.48,14.31,raw,6350,122,0,30.5,6.2316776324215
6.48d,6.48,14.31,raw,6352,25,0,6.25,2.82094791773878
6.48d,6.48,14.31,raw,6361,34,0,8.5,3.28976232123977
6.48d,6.48,14.31,raw,6366,116,0,29,6.0765077797465
6.48d,6.48,14.31,raw,6370,73,0,18.25,4.82043791490117
6.48d,6.48,14.31,raw,6374,116,0,29,6.0765077797465
6.48d,6.48,14.31,raw,6382,326,0,81.5,10.1867081481662
6.48d,6.48,14.31,raw,6396,57,0,14.25,4.25953794588991
6.48d,6.48,14.31,raw,6400,24,0,6,2.76395319577068
6.48d,6.48,14.31,raw,6401,196,0,49,7.89865416966859
6.48d,6.48,14.31,raw,6404,178,0,44.5,7.5272278921735
6.48d,6.48,14.31,raw,6414,31,0,7.75,3.14127465715711
6.48d,6.48,14.31,raw,6415,48,0,12,3.90882009522336
6.48d,6.48,14.31,raw,6423,176,0,44,7.48482063701911
6.48d,6.48,14.31,raw,6426,163,0,40.75,7.20309040953658
6.48d,6.48,14.31,raw,6429,172,0,43,7.39927702033192
6.48d,6.48,14.31,raw,6430,45,0,11.25,3.78469878303024
6.48d,6.48,14.31,raw,6442,497,0,124.25,12.5777586808359
6.48d,6.48,14.31,raw,6448,424,0,106,11.6173745632104
6.48d,6.48,14.31,raw,6451,83,1,20.75,5.14001172695692
6.48d,6.48,14.31,raw,6457,61,0,15.25,4.40646151205377
6.48d,6.48,14.31,raw,6468,140,0,35,6.67558117812455
6.48d,6.48,14.31,raw,6475,39,0,9.75,3.52336281997296
6.48d,6.48,14.31,raw,6480,97,0,24.25,5.55662298161641
6.48d,6.48,14.31,raw,6481,516,0,129,12.8159237384917
6.48d,6.48,14.31,raw,6485,96,0,24,5.52790639154137
6.48d,6.48,14.31,raw,6487,365,0,91.25,10.7788268590364
6.48d,6.48,14.31,raw,6492,105,0,26.25,5.78122288528111
6.48d,6.48,14.31,raw,6494,137,0,34.25,6.60366976818037
6.48d,6.48,14.31,raw,6508,7,0,1.75,1.49270533036046
6.48d,6.48,14.31,raw,6512,131,0,32.75,6.45744493511765
6.48d,6.48,14.31,raw,6516,236,0,59,8.66724484131922
6.48d,6.48,14.31,raw,6529,56,0,14,4.22200824564475
6.48d,6.48,14.31,raw,6533,201,0,50.25,7.99876785029682
6.48d,6.48,14.31,raw,6543,66,0,16.5,4.58349784423754
6.48d,6.48,14.31,raw,6555,6,0,1.5,1.38197659788534
6.48d,6.48,14.31,raw,6557,199,0,49.75,7.95887349758585
6.48d,6.48,14.31,raw,6560,35,0,8.75,3.33779058906227
6.48d,6.48,14.31,raw,6564,187,0,46.75,7.71517651880816
6.48d,6.48,14.31,raw,6571,19,0,4.75,2.45924537968297
6.48d,6.48,14.31,raw,6576,317,0,79.25,10.0451099506308
6.48d,6.48,14.31,raw,6580,57,0,14.25,4.25953794588991
6.48d,6.48,14.31,raw,6581,78,0,19.5,4.98278748516688
6.48d,6.48,14.31,raw,6583,91,0,22.75,5.38202560777306
6.48d,6.48,14.31,raw,6584,103,1,25.75,5.72589890558072
6.48d,6.48,14.31,raw,6585,116,1,29,6.0765077797465
6.48d,6.48,14.31,raw,6588,183,0,45.75,7.63221522047392
6.48d,6.48,14.31,raw,6590,117,0,29.25,6.10264341769233
6.48d,6.48,14.31,raw,6591,101,0,25.25,5.67003514138694
6.48d,6.48,14.31,raw,6593,1303,0,325.75,20.3656029053274
6.48d,6.48,14.31,raw,6595,64,0,16,4.51351666838205
6.48d,6.48,14.31,raw,6598,95,0,23.75,5.4990398423234
6.48d,6.48,14.31,raw,6604,316,0,79,10.0292534135935
6.48d,6.48,14.31,raw,6611,1769,0,442.25,23.7295214587047
6.48d,6.48,14.31,raw,6612,24,0,6,2.76395319577068
6.48d,6.48,14.31,raw,6624,8,0,2,1.59576912160573
6.48d,6.48,14.31,raw,6635,204,0,51,8.0582390620714
6.48d,6.48,14.31,raw,6641,9,0,2.25,1.69256875064327
6.48d,6.48,14.31,raw,6642,1037,0,259.25,18.1683062494166
6.48d,6.48,14.31,raw,6644,58,0,14.5,4.29673985699156
6.48d,6.48,14.31,raw,6650,25,0,6.25,2.82094791773878
6.48d,6.48,14.31,raw,6652,30,0,7.5,3.09019361618552
6.48d,6.48,14.31,raw,6656,27,0,6.75,2.93161507141752
6.48d,6.48,14.31,raw,6659,103,0,25.75,5.72589890558072
6.48d,6.48,14.31,raw,6663,142,0,35.5,6.72309481102998
6.48d,6.48,14.31,raw,6667,59,0,14.75,4.33362242065961
6.48d,6.48,14.31,raw,6682,88,0,22,5.29256742840123
6.48d,6.48,14.31,raw,6686,15,0,3.75,2.18509686118416
6.48d,6.48,14.31,raw,6691,100,1,25,5.64189583547756
6.48d,6.48,14.31,raw,6692,820,0,205,16.1559310060024
6.48d,6.48,14.31,raw,6694,129,0,32.25,6.40796186924587
6.48d,6.48,14.31,raw,6695,7,0,1.75,1.49270533036046
6.48d,6.48,14.31,raw,6701,17,0,4.25,2.32621324584064
6.48d,6.48,14.31,raw,6711,360,0,90,10.7047446969166
6.48d,6.48,14.31,raw,6718,85,0,21.25,5.2015709478601
6.48d,6.48,14.31,raw,6722,333,0,83.25,10.2954937763665
6.48d,6.48,14.31,raw,6724,111,1,27.75,5.94410610322534
6.48d,6.48,14.31,raw,6733,273,0,68.25,9.3219418002997
6.48d,6.48,14.31,raw,6735,187,0,46.75,7.71517651880816
6.48d,6.48,14.31,raw,6743,295,0,73.75,9.69027432141207
6.48d,6.48,14.31,raw,6745,155,0,38.75,7.02410366940064
6.48d,6.48,14.31,raw,6747,142,0,35.5,6.72309481102998
6.48d,6.48,14.31,raw,6748,321,0,80.25,10.1082873655727
6.48d,6.48,14.31,raw,6752,472,0,118,12.2573352030019
6.48d,6.48,14.31,raw,6755,248,0,62,8.88486644658096
6.48d,6.48,14.31,raw,6759,15,0,3.75,2.18509686118416
6.48d,6.48,14.31,raw,6765,29,0,7.25,3.03825388987325
6.48d,6.48,14.31,raw,6768,157,0,39.25,7.06927521962861
6.48d,6.48,14.31,raw,6770,31,0,7.75,3.14127465715711
6.48d,6.48,14.31,raw,6772,42,0,10.5,3.65636639571573
6.48d,6.48,14.31,raw,6773,68,0,17,4.65242649168128
6.48d,6.48,14.31,raw,6779,81,0,20.25,5.07770625192981
6.48d,6.48,14.31,raw,6781,894,0,223.5,16.8691742017299
6.48d,6.48,14.31,raw,6786,130,0,32.5,6.43275098258069
6.48d,6.48,14.31,raw,6787,66,0,16.5,4.58349784423754
6.48d,6.48,14.31,raw,6789,358,0,89.5,10.6749678806916
6.48d,6.48,14.31,raw,6794,94,0,23.5,5.47002095985713
6.48d,6.48,14.31,raw,6796,5,0,1.25,1.26156626101008
6.48d,6.48,14.31,raw,6799,5,0,1.25,1.26156626101008
6.48d,6.48,14.31,raw,6801,170,0,42.5,7.35613218010963
6.48d,6.48,14.31,raw,6807,56,0,14,4.22200824564475
6.48d,6.48,14.31,raw,6817,91,0,22.75,5.38202560777306
6.48d,6.48,14.31,raw,6820,433,0,108.25,11.7400247324093
6.48d,6.48,14.31,raw,6823,299,0,74.75,9.75574989270191
6.48d,6.48,14.31,raw,6827,65,0,16.25,4.54864184146723
6.48d,6.48,14.31,raw,6830,230,0,57.5,8.5563586777479
6.48d,6.48,14.31,raw,6831,51,0,12.75,4.0291195310357
6.48d,6.48,14.31,raw,6838,53,1,13.25,4.10736216661508
6.48d,6.48,14.31,raw,6841,7,0,1.75,1.49270533036046
6.48d,6.48,14.31,raw,6845,284,0,71,9.50789186287878
6.48d,6.48,14.31,raw,6866,150,0,37.5,6.90988298942671
6.48d,6.48,14.31,raw,6877,147,1,36.75,6.84043516664088
6.48d,6.48,14.31,raw,6879,25,0,6.25,2.82094791773878
6.48d,6.48,14.31,raw,6882,162,0,40.5,7.18096104722579
6.48d,6.48,14.31,raw,6884,109,0,27.25,5.89031218137317
6.48d,6.48,14.31,raw,6888,337,0,84.25,10.3571439906925
6.48d,6.48,14.31,raw,6892,20,0,5,2.52313252202016
6.48d,6.48,14.31,raw,6897,166,0,41.5,7.26907429501923
6.48d,6.48,14.31,raw,6900,64,0,16,4.51351666838205
6.48d,6.48,14.31,raw,6903,37,0,9.25,3.43183125878885
6.48d,6.48,14.31,raw,6905,225,0,56.25,8.46284375321634
6.48d,6.48,14.31,raw,6908,94,0,23.5,5.47002095985713
6.48d,6.48,14.31,raw,6910,175,0,43.75,7.46352665180231
6.48d,6.48,14.31,raw,6911,132,0,33,6.48204481442857
6.48d,6.48,14.31,raw,6917,389,0,97.25,11.1275579407835
6.48d,6.48,14.31,raw,6923,50,0,12.5,3.98942280401433
6.48d,6.48,14.31,raw,6926,16,1,3.99999999999999,2.25675833419102
6.48d,6.48,14.31,raw,6933,340,0,85,10.4031418957202
6.48d,6.48,14.31,raw,6937,237,0,59.25,8.68558823716381
6.48d,6.48,14.31,raw,6938,8,0,2,1.59576912160573
6.48d,6.48,14.31,raw,6940,12,0,3,1.95441004761168
6.48d,6.48,14.31,raw,6942,26,0,6.5,2.8768136958758
6.48d,6.48,14.31,raw,6948,81,0,20.25,5.07770625192981
6.48d,6.48,14.31,raw,6949,164,0,41,7.22515199384357
6.48d,6.48,14.31,raw,6952,9,0,2.25,1.69256875064327
6.48d,6.48,14.31,raw,6955,98,0,24.5,5.58519192562006
6.48d,6.48,14.31,raw,6957,48,0,12,3.90882009522336
6.48d,6.48,14.31,raw,6959,15,0,3.75,2.18509686118416
6.48d,6.48,14.31,raw,6961,199,0,49.75,7.95887349758585
6.48d,6.48,14.31,raw,6974,40,0,10,3.56824823230554
6.48d,6.48,14.31,raw,6976,149,0,37.25,6.88681152939332
6.48d,6.48,14.31,raw,6980,37,0,9.25,3.43183125878885
6.48d,6.48,14.31,raw,6992,80,0,20,5.04626504404032
6.48d,6.48,14.31,raw,6996,273,0,68.25,9.3219418002997
6.48d,6.48,14.31,raw,7014,116,0,29,6.0765077797465
6.48d,6.48,14.31,raw,7015,139,0,34.75,6.65169709018284
6.48d,6.48,14.31,raw,7023,91,0,22.75,5.38202560777306
6.48d,6.48,14.31,raw,7026,22,0,5.5,2.64628371420061
6.48d,6.48,14.31,raw,7032,85,0,21.25,5.2015709478601
6.48d,6.48,14.31,raw,7040,160,0,40,7.13649646461108
6.48d,6.48,14.31,raw,7044,25,0,6.25,2.82094791773878
6.48d,6.48,14.31,raw,7055,193,0,48.25,7.83797218886822
6.48d,6.48,14.31,raw,7059,40,0,10,3.56824823230554
6.48d,6.48,14.31,raw,7063,34,0,8.5,3.28976232123977
6.48d,6.48,14.31,raw,7068,12,0,3,1.95441004761168
6.48d,6.48,14.31,raw,7070,533,0,133.25,13.0253279934119
6.48d,6.48,14.31,raw,7072,462,0,115.5,12.1267954306532
6.48d,6.48,14.31,raw,7079,120,1,30,6.18038723237103
6.48d,6.48,14.31,raw,7080,127,0,31.75,6.35809370372452
6.48d,6.48,14.31,raw,7092,360,0,90,10.7047446969166
6.48d,6.48,14.31,raw,7093,50,0,12.5,3.98942280401433
6.48d,6.48,14.31,raw,7095,477,0,119.25,12.3220864998452
6.48d,6.48,14.31,raw,7097,145,0,36.25,6.79374223065974
6.48d,6.48,14.31,raw,7100,113,0,28.25,5.99741753913869
6.48d,6.48,14.31,raw,7104,12,1,2.99999999999999,1.95441004761168
6.48d,6.48,14.31,raw,7107,569,0,142.25,13.4580208514691
6.48d,6.48,14.31,raw,7108,429,0,107.25,11.6856724741388
6.48d,6.48,14.31,raw,7113,435,1,108.75,11.767106717029
6.48d,6.48,14.31,raw,7115,33,0,8.25,3.24102240721429
6.48d,6.48,14.31,raw,7127,6,0,1.5,1.38197659788534
6.48d,6.48,14.31,raw,7130,712,0,178,15.054455784347
6.48d,6.48,14.31,raw,7142,121,0,30.25,6.20608541902532
6.48d,6.48,14.31,raw,7158,121,0,30.25,6.20608541902532
6.48d,6.48,14.31,raw,7162,82,0,20.5,5.10895396995029
6.48d,6.48,14.31,raw,7164,453,0,113.25,12.0080963704185
6.48d,6.48,14.31,raw,7171,19,0,4.75,2.45924537968297
6.48d,6.48,14.31,raw,7173,192,0,48,7.81764019044672
6.48d,6.48,14.31,raw,7176,288,0,72,9.57461472963438
6.48d,6.48,14.31,raw,7192,248,0,62,8.88486644658096
6.48d,6.48,14.31,raw,7195,239,0,59.75,8.72215929675249
6.48d,6.48,14.31,raw,7201,114,0,28.5,6.02389633252035
6.48d,6.48,14.31,raw,7202,75,1,18.75,4.8860251190292
6.48d,6.48,14.31,raw,7209,159,0,39.75,7.1141599576635
6.48d,6.48,14.31,raw,7212,247,0,61.75,8.86693531539485
6.48d,6.48,14.31,raw,7214,406,0,101.5,11.3681051099389
6.48d,6.48,14.31,raw,7218,56,0,14,4.22200824564475
6.48d,6.48,14.31,raw,7219,171,0,42.75,7.3777361390489
6.48d,6.48,14.31,raw,7221,6,0,1.5,1.38197659788534
6.48d,6.48,14.31,raw,7231,255,0,63.75,9.00938516086789
6.48d,6.48,14.31,raw,7232,172,0,43,7.39927702033192
6.48d,6.48,14.31,raw,7235,79,1,19.75,5.01462670679677
6.48d,6.48,14.31,raw,7239,5,0,1.25,1.26156626101008
6.48d,6.48,14.31,raw,7244,182,0,45.5,7.61133360755196
6.48d,6.48,14.31,raw,7247,64,0,16,4.51351666838205
6.48d,6.48,14.31,raw,7251,17,0,4.25,2.32621324584064
6.48d,6.48,14.31,raw,7252,57,0,14.25,4.25953794588991
6.48d,6.48,14.31,raw,7254,114,0,28.5,6.02389633252035
6.48d,6.48,14.31,raw,7264,112,0,28,5.97082132144185
6.48d,6.48,14.31,raw,7266,145,0,36.25,6.79374223065974
6.48d,6.48,14.31,raw,7270,100,0,25,5.64189583547756
6.48d,6.48,14.31,raw,7276,98,0,24.5,5.58519192562006
6.48d,6.48,14.31,raw,7280,66,0,16.5,4.58349784423754
6.48d,6.48,14.31,raw,7281,483,0,120.75,12.3993417174772
6.48d,6.48,14.31,raw,7285,11,0,2.75,1.87120515925478
6.48d,6.48,14.31,raw,7288,38,0,9.5,3.47789816915102
6.48d,6.48,14.31,raw,7289,301,0,75.25,9.78832343873664
6.48d,6.48,14.31,raw,7296,16,1,4,2.25675833419103
6.48d,6.48,14.31,raw,7297,26,0,6.50000000000001,2.8768136958758
6.48d,6.48,14.31,raw,7298,800,0,200,15.9576912160573
6.48d,6.48,14.31,raw,7302,126,0,31.5,6.33301236846713
6.48d,6.48,14.31,raw,7303,49,0,12.25,3.94932708483429
6.48d,6.48,14.31,raw,7306,370,0,92.5,10.8524033231355
6.48d,6.48,14.31,raw,7322,450,0,112.5,11.968268412043
6.48d,6.48,14.31,raw,7325,46,0,11.5,3.82651992866291
6.48d,6.48,14.31,raw,7331,154,0,38.5,7.00140860629515
6.48d,6.48,14.31,raw,7335,155,0,38.75,7.02410366940064
6.48d,6.48,14.31,raw,7342,55,0,13.75,4.184141935942
6.48d,6.48,14.31,raw,7347,29,0,7.25,3.03825388987325
6.48d,6.48,14.31,raw,7352,5,0,1.25,1.26156626101008
6.48d,6.48,14.31,raw,7353,258,0,64.5,9.06222658265716
6.48d,6.48,14.31,raw,7356,487,0,121.75,12.4505788849959
6.48d,6.48,14.31,raw,7367,135,0,33.75,6.55529058355247
6.48d,6.48,14.31,raw,7370,83,0,20.75,5.14001172695692
6.48d,6.48,14.31,raw,7375,88,0,22,5.29256742840123
6.48d,6.48,14.31,raw,7376,5,0,1.25,1.26156626101008
6.48d,6.48,14.31,raw,7380,243,0,60.75,8.79484521425256
6.48d,6.48,14.31,raw,7383,172,0,43,7.39927702033192
6.48d,6.48,14.31,raw,7388,226,0,56.5,8.48162922306421
6.48d,6.48,14.31,raw,7391,54,0,13.5,4.14592979365603
6.48d,6.48,14.31,raw,7393,51,0,12.75,4.0291195310357
6.48d,6.48,14.31,raw,7396,138,0,34.5,6.62772693261899
6.48d,6.48,14.31,raw,7399,258,0,64.5,9.06222658265716
6.48d,6.48,14.31,raw,7405,16,0,4,2.25675833419103
6.48d,6.48,14.31,raw,7408,99,0,24.75,5.61361547776433
6.48d,6.48,14.31,raw,7418,70,0,17.5,4.72034871941315
6.48d,6.48,14.31,raw,7435,522,0,130.5,12.8902195709747
6.48d,6.48,14.31,raw,7436,142,0,35.5,6.72309481102998
6.48d,6.48,14.31,raw,7439,36,0,9,3.38513750128654
6.48d,6.48,14.31,raw,7445,207,0,51.75,8.11727456970901
6.48d,6.48,14.31,raw,7456,61,0,15.25,4.40646151205377
6.48d,6.48,14.31,raw,7459,37,0,9.25,3.43183125878885
6.48d,6.48,14.31,raw,7461,92,0,23,5.41151637980601
6.48d,6.48,14.31,raw,7470,67,1,16.75,4.61809077155419
6.48d,6.48,14.31,raw,7471,297,0,74.25,9.72306722164286
6.48d,6.48,14.31,raw,7480,438,0,109.5,11.8076132282735
6.48d,6.48,14.31,raw,7487,445,0,111.25,11.9015923032083
6.48d,6.48,14.31,raw,7489,30,0,7.5,3.09019361618552
6.48d,6.48,14.31,raw,7492,480,0,120,12.3607744647421
6.48d,6.48,14.31,raw,7498,60,0,15,4.37019372236832
6.48d,6.48,14.31,raw,7500,51,0,12.75,4.0291195310357
6.48d,6.48,14.31,raw,7506,172,0,43,7.39927702033192
6.48d,6.48,14.31,raw,7520,130,0,32.5,6.43275098258069
6.48d,6.48,14.31,raw,7523,24,0,6,2.76395319577068
6.48d,6.48,14.31,raw,7526,183,0,45.75,7.63221522047392
6.48d,6.48,14.31,raw,7530,49,0,12.25,3.94932708483429
6.48d,6.48,14.31,raw,7540,196,0,49,7.89865416966859
6.48d,6.48,14.31,raw,7549,42,0,10.5,3.65636639571573
6.48d,6.48,14.31,raw,7551,161,0,40.25,7.15876327835963
6.48d,6.48,14.31,raw,7553,168,0,42,7.31273279143145
6.48d,6.48,14.31,raw,7555,292,0,73,9.64087582980234
6.48d,6.48,14.31,raw,7556,8,0,2,1.59576912160573
6.48d,6.48,14.31,raw,7562,504,0,126,12.6660247369343
6.48d,6.48,14.31,raw,7571,44,0,11,3.74241031850956
6.48d,6.48,14.31,raw,7576,39,0,9.75,3.52336281997296
6.48d,6.48,14.31,raw,7579,57,0,14.25,4.25953794588991
6.48d,6.48,14.31,raw,7584,67,0,16.75,4.61809077155419
6.48d,6.48,14.31,raw,7588,572,0,143,13.4934522972117
6.48d,6.48,14.31,raw,7602,71,0,17.75,4.75394593143939
6.48d,6.48,14.31,raw,7607,10,0,2.5,1.78412411615277
6.48d,6.48,14.31,raw,7611,127,0,31.75,6.35809370372452
6.48d,6.48,14.31,raw,7613,78,0,19.5,4.98278748516688
6.48d,6.48,14.31,raw,7623,43,0,10.75,3.69963851016596
6.48d,6.48,14.31,raw,7626,387,1,96.75,11.0989155304979
6.48d,6.48,14.31,raw,7633,288,0,72,9.57461472963438
6.48d,6.48,14.31,raw,7635,28,0,7,2.98541066072092
6.48d,6.48,14.31,raw,7637,730,0,182.5,15.2435631305206
6.48d,6.48,14.31,raw,7641,41,0,10.25,3.61257599692178
6.48d,6.48,14.31,raw,7650,75,0,18.75,4.8860251190292
6.48d,6.48,14.31,raw,7656,18,0,4.5,2.3936536824086
6.48d,6.48,14.31,raw,7663,58,0,14.5,4.29673985699156
6.48d,6.48,14.31,raw,7665,1038,0,259.5,18.1770641705082
6.48d,6.48,14.31,raw,7666,58,0,14.5,4.29673985699156
6.48d,6.48,14.31,raw,7668,155,0,38.75,7.02410366940064
6.48d,6.48,14.31,raw,7671,215,0,53.75,8.27264320090713
6.48d,6.48,14.31,raw,7673,187,0,46.75,7.71517651880816
6.48d,6.48,14.31,raw,7677,234,0,58.5,8.63044108762739
6.48d,6.48,14.31,raw,7685,12,0,3,1.95441004761168
6.48d,6.48,14.31,raw,7692,72,0,18,4.78730736481719
6.48d,6.48,14.31,raw,7694,194,0,48.5,7.85825158159596
6.48d,6.48,14.31,raw,7707,44,0,11,3.74241031850956
6.48d,6.48,14.31,raw,7711,309,0,77.25,9.91754782346883
6.48d,6.48,14.31,raw,7715,140,0,35,6.67558117812455
6.48d,6.48,14.31,raw,7718,138,0,34.5,6.62772693261899
6.48d,6.48,14.31,raw,7724,99,0,24.75,5.61361547776433
6.48d,6.48,14.31,raw,7729,134,0,33.5,6.53096660140197
6.48d,6.48,14.31,raw,7733,97,0,24.25,5.55662298161641
6.48d,6.48,14.31,raw,7735,27,0,6.75,2.93161507141752
6.48d,6.48,14.31,raw,7744,84,0,21,5.17088294582641
6.48d,6.48,14.31,raw,7746,462,0,115.5,12.1267954306532
6.48d,6.48,14.31,raw,7762,123,0,30.75,6.25716517287232
6.48d,6.48,14.31,raw,7764,22,0,5.5,2.64628371420061
6.48d,6.48,14.31,raw,7765,546,0,136.5,13.1832165216365
6.48d,6.48,14.31,raw,7769,68,0,17,4.65242649168128
6.48d,6.48,14.31,raw,7771,12,0,3,1.95441004761168
6.48d,6.48,14.31,raw,7779,102,0,25.5,5.69803548521301
6.48d,6.48,14.31,raw,7781,423,0,105.75,11.6036667418426
6.48d,6.48,14.31,raw,7783,6,0,1.5,1.38197659788534
6.48d,6.48,14.31,raw,7788,132,0,33,6.48204481442857
6.48d,6.48,14.31,raw,7800,625,0,156.25,14.1047395886939
6.48d,6.48,14.31,raw,7801,153,0,38.25,6.97863973752192
6.48d,6.48,14.31,raw,7805,359,1,89.75,10.6898666567914
6.48d,6.48,14.31,raw,7809,25,0,6.25,2.82094791773878
6.48d,6.48,14.31,raw,7810,31,0,7.75,3.14127465715711
6.48d,6.48,14.31,raw,7811,187,0,46.75,7.71517651880816
6.48d,6.48,14.31,raw,7817,308,0,77,9.90148700673831
6.48d,6.48,14.31,raw,7820,87,1,21.75,5.26241010355424
6.48d,6.48,14.31,raw,7827,12,0,3,1.95441004761168
6.48d,6.48,14.31,raw,7829,388,0,97,11.1132459632328
6.48d,6.48,14.31,raw,7831,154,0,38.5,7.00140860629515
6.48d,6.48,14.31,raw,7834,143,0,35.75,6.74672614860586
6.48d,6.48,14.31,raw,7836,33,0,8.25,3.24102240721429
6.48d,6.48,14.31,raw,7838,37,0,9.25,3.43183125878885
6.48d,6.48,14.31,raw,7843,72,0,18,4.78730736481719
6.48d,6.48,14.31,raw,7848,338,0,84.5,10.3724992904373
6.48d,6.48,14.31,raw,7851,5,0,1.25,1.26156626101008
6.48d,6.48,14.31,raw,7860,98,0,24.5,5.58519192562006
6.48d,6.48,14.31,raw,7870,29,0,7.25,3.03825388987325
6.48d,6.48,14.31,raw,7876,270,0,67.5,9.27058084855655
6.48d,6.48,14.31,raw,7879,67,0,16.75,4.61809077155419
6.48d,6.48,14.31,raw,7883,41,1,10.25,3.61257599692178
6.48d,6.48,14.31,raw,7893,360,0,90,10.7047446969166
6.48d,6.48,14.31,raw,7898,225,0,56.25,8.46284375321634
6.48d,6.48,14.31,raw,7901,16,0,4,2.25675833419103
6.48d,6.48,14.31,raw,7902,742,0,185.5,15.3683419908711
6.48d,6.48,14.31,raw,7903,240,0,60,8.74038744473663
6.48d,6.48,14.31,raw,7909,13,0,3.25,2.03421447256411
6.48d,6.48,14.31,raw,7914,79,0,19.75,5.01462670679677
6.48d,6.48,14.31,raw,7917,112,0,28,5.97082132144185
6.48d,6.48,14.31,raw,7918,19,0,4.75,2.45924537968297
6.48d,6.48,14.31,raw,7923,569,0,142.25,13.4580208514691
6.48d,6.48,14.31,raw,7932,173,0,43.25,7.42075537326193
6.48d,6.48,14.31,raw,7939,379,0,94.75,10.983598994121
6.48d,6.48,14.31,raw,7942,127,0,31.75,6.35809370372452
6.48d,6.48,14.31,raw,7944,5,0,1.25,1.26156626101008
6.48d,6.48,14.31,raw,7947,86,0,21.5,5.23207895695449
6.48d,6.48,14.31,raw,7960,81,0,20.25,5.07770625192981
6.48d,6.48,14.31,raw,7962,174,0,43.5,7.44217173921562
6.48d,6.48,14.31,raw,7964,59,0,14.75,4.33362242065961
6.48d,6.48,14.31,raw,7973,668,0,167,14.5818724439206
6.48d,6.48,14.31,raw,7977,155,0,38.75,7.02410366940064
6.48d,6.48,14.31,raw,7981,133,0,33.25,6.50655168752575
6.48d,6.48,14.31,raw,7984,572,0,143,13.4934522972117
6.48d,6.48,14.31,raw,7986,77,0,19.25,4.95074350336915
6.48d,6.48,14.31,raw,7988,86,0,21.5,5.23207895695449
6.48d,6.48,14.31,raw,7989,124,0,31,6.28254931431422
6.48d,6.48,14.31,raw,7991,23,0,5.75,2.705758189903
6.48d,6.48,14.31,raw,8001,293,0,73.25,9.65737006911564
6.48d,6.48,14.31,raw,8020,613,0,153.25,13.9686778268619
6.48d,6.48,14.31,raw,8023,21,0,5.25,2.58544147291321
6.48d,6.48,14.31,raw,8026,223,0,55.75,8.42514715711158
6.48d,6.48,14.31,raw,8033,48,0,12,3.90882009522336
6.48d,6.48,14.31,raw,8040,194,0,48.5,7.85825158159596
6.48d,6.48,14.31,raw,8041,358,0,89.5,10.6749678806916
6.48d,6.48,14.31,raw,8051,58,0,14.5,4.29673985699156
6.48d,6.48,14.31,raw,8055,16,0,4,2.25675833419103
6.48d,6.48,14.31,raw,8061,345,0,86.25,10.4793564083587
6.48d,6.48,14.31,raw,8063,333,0,83.25,10.2954937763665
6.48d,6.48,14.31,raw,8077,169,0,42.25,7.33446458612083
6.48d,6.48,14.31,raw,8079,75,0,18.75,4.8860251190292
6.48d,6.48,14.31,raw,8081,115,0,28.75,6.0502592432999
6.48d,6.48,14.31,raw,8083,112,0,28,5.97082132144185
6.48d,6.48,14.31,raw,8091,210,1,52.5,8.17588381146626
6.48d,6.48,14.31,raw,8115,224,0,56,8.4440164912895
6.48d,6.48,14.31,raw,8116,72,0,18,4.78730736481719
6.48d,6.48,14.31,raw,8117,279,0,69.75,9.42382397147133
6.48d,6.48,14.31,raw,8123,143,0,35.75,6.74672614860586
6.48d,6.48,14.31,raw,8133,323,0,80.75,10.1397284597451
6.48d,6.48,14.31,raw,8138,100,0,25,5.64189583547756
6.48d,6.48,14.31,raw,8143,260,0,65,9.09728368293446
6.48d,6.48,14.31,raw,8146,305,0,76.25,9.85314748118875
6.48d,6.48,14.31,raw,8153,43,0,10.75,3.69963851016596
6.48d,6.48,14.31,raw,8156,6,0,1.5,1.38197659788534
6.48d,6.48,14.31,raw,8159,9,0,2.25,1.69256875064327
6.48d,6.48,14.31,raw,8160,147,1,36.75,6.84043516664088
6.48d,6.48,14.31,raw,8162,17,1,4.25,2.32621324584064
6.48d,6.48,14.31,raw,8165,303,0,75.75,9.82078894558317
6.48d,6.48,14.31,raw,8166,155,0,38.75,7.02410366940064
6.48d,6.48,14.31,raw,8167,211,0,52.75,8.19532708223289
6.48d,6.48,14.31,raw,8175,128,0,32,6.38307648642292
6.48d,6.48,14.31,raw,8178,66,0,16.5,4.58349784423754
6.48d,6.48,14.31,raw,8179,66,0,16.5,4.58349784423754
6.48d,6.48,14.31,raw,8184,26,0,6.5,2.8768136958758
6.48d,6.48,14.31,raw,8186,95,0,23.75,5.4990398423234
6.48d,6.48,14.31,raw,8190,38,0,9.5,3.47789816915102
6.48d,6.48,14.31,raw,8194,66,0,16.5,4.58349784423754
6.48d,6.48,14.31,raw,8196,30,0,7.5,3.09019361618552
6.48d,6.48,14.31,raw,8199,23,0,5.75,2.705758189903
6.48d,6.48,14.31,raw,8209,78,0,19.5,4.98278748516688
6.48d,6.48,14.31,raw,8227,34,0,8.5,3.28976232123977
6.48d,6.48,14.31,raw,8230,103,0,25.75,5.72589890558072
6.48d,6.48,14.31,raw,8231,65,0,16.25,4.54864184146723
6.48d,6.48,14.31,raw,8247,11,0,2.75,1.87120515925478
6.48d,6.48,14.31,raw,8248,68,0,17,4.65242649168128
6.48d,6.48,14.31,raw,8254,259,0,64.75,9.07977205229304
6.48d,6.48,14.31,raw,8260,60,0,15,4.37019372236832
6.48d,6.48,14.31,raw,8271,48,0,12,3.90882009522336
6.48d,6.48,14.31,raw,8276,104,0,26,5.75362739175159
6.48d,6.48,14.31,raw,8280,8,0,2,1.59576912160573
6.48d,6.48,14.31,raw,8281,29,0,7.25,3.03825388987325
6.48d,6.48,14.31,raw,8282,17,0,4.25,2.32621324584064
6.48d,6.48,14.31,raw,8286,311,0,77.75,9.94959168022281
6.48d,6.48,14.31,raw,8289,489,0,122.25,12.4761185608295
6.48d,6.48,14.31,raw,8291,168,0,42,7.31273279143145
6.48d,6.48,14.31,raw,8293,176,0,44,7.48482063701911
6.48d,6.48,14.31,raw,8301,5,0,1.25,1.26156626101008
6.48d,6.48,14.31,raw,8311,70,0,17.5,4.72034871941315
6.48d,6.48,14.31,raw,8321,30,0,7.5,3.09019361618552
6.48d,6.48,14.31,raw,8322,13,0,3.25,2.03421447256411
6.48d,6.48,14.31,raw,8325,122,0,30.5,6.2316776324215
6.48d,6.48,14.31,raw,8329,76,0,19,4.91849075936593
6.48d,6.48,14.31,raw,8332,23,0,5.75,2.705758189903
6.48d,6.48,14.31,raw,8335,371,0,92.75,10.8670588373389
6.48d,6.48,14.31,raw,8336,152,0,38,6.95579633830205
6.48d,6.48,14.31,raw,8340,143,0,35.75,6.74672614860586
6.48d,6.48,14.31,raw,8344,23,0,5.75,2.705758189903
6.48d,6.48,14.31,raw,8353,167,0,41.75,7.29093622196032
6.48d,6.48,14.31,raw,8362,134,0,33.5,6.53096660140197
6.48d,6.48,14.31,raw,8369,164,0,41,7.22515199384357
6.48d,6.48,14.31,raw,8377,158,0,39.5,7.09175309899033
6.48d,6.48,14.31,raw,8380,293,0,73.25,9.65737006911564
6.48d,6.48,14.31,raw,8386,1257,0,314.25,20.0028879648171
6.48d,6.48,14.31,raw,8387,98,0,24.5,5.58519192562006
6.48d,6.48,14.31,raw,8389,86,0,21.5,5.23207895695449
6.48d,6.48,14.31,raw,8392,24,0,6,2.76395319577068
6.48d,6.48,14.31,raw,8418,77,0,19.25,4.95074350336915
6.48d,6.48,14.31,raw,8419,50,0,12.5,3.98942280401433
6.48d,6.48,14.31,raw,8420,139,0,34.75,6.65169709018284
6.48d,6.48,14.31,raw,8426,33,0,8.25,3.24102240721429
6.48d,6.48,14.31,raw,8438,171,1,42.75,7.3777361390489
6.48d,6.48,14.31,raw,8439,53,0,13.25,4.10736216661508
6.48d,6.48,14.31,raw,8442,26,0,6.5,2.8768136958758
6.48d,6.48,14.31,raw,8449,125,0,31.25,6.3078313050504
6.48d,6.48,14.31,raw,8452,69,0,17.25,4.6865106579076
6.48d,6.48,14.31,raw,8455,111,0,27.75,5.94410610322534
6.48d,6.48,14.31,raw,8459,19,0,4.75,2.45924537968297
6.48d,6.48,14.31,raw,8460,438,0,109.5,11.8076132282735
6.48d,6.48,14.31,raw,8472,62,0,15.5,4.44243322329048
6.48d,6.48,14.31,raw,8478,173,0,43.25,7.42075537326193
6.48d,6.48,14.31,raw,8491,56,0,14,4.22200824564475
6.48d,6.48,14.31,raw,8493,177,0,44.25,7.50605421340207
6.48d,6.48,14.31,raw,8501,29,0,7.25,3.03825388987325
6.48d,6.48,14.31,raw,8506,160,0,40,7.13649646461108
6.48d,6.48,14.31,raw,8508,249,0,62.25,8.90276146258923
6.48d,6.48,14.31,raw,8513,53,0,13.25,4.10736216661508
6.48d,6.48,14.31,raw,8517,7,0,1.75,1.49270533036046
6.48d,6.48,14.31,raw,8522,59,0,14.75,4.33362242065961
6.48d,6.48,14.31,raw,8524,150,0,37.5,6.90988298942671
6.48d,6.48,14.31,raw,8533,132,0,33,6.48204481442857
6.48d,6.48,14.31,raw,8537,26,0,6.5,2.8768136958758
6.48d,6.48,14.31,raw,8547,1359,0,339.75,20.7986330157482
6.48d,6.48,14.31,raw,8553,198,1,49.5,7.93885114260184
6.48d,6.48,14.31,raw,8555,907,0,226.75,16.991382132384
6.48d,6.48,14.31,raw,8571,11,0,2.75,1.87120515925478
6.48d,6.48,14.31,raw,8573,56,0,14,4.22200824564475
6.48d,6.48,14.31,raw,8576,116,0,29,6.0765077797465
6.48d,6.48,14.31,raw,8580,175,0,43.75,7.46352665180231
6.48d,6.48,14.31,raw,8583,252,0,63,8.95623198216277
6.48d,6.48,14.31,raw,8588,167,0,41.75,7.29093622196032
6.48d,6.48,14.31,raw,8597,67,0,16.75,4.61809077155419
6.48d,6.48,14.31,raw,8601,159,0,39.75,7.1141599576635
6.48d,6.48,14.31,raw,8616,121,0,30.25,6.20608541902532
6.48d,6.48,14.31,raw,8621,273,0,68.25,9.3219418002997
6.48d,6.48,14.31,raw,8630,165,0,41.25,7.24714641913115
6.48d,6.48,14.31,raw,8636,12,0,3,1.95441004761168
6.48d,6.48,14.31,raw,8642,137,0,34.25,6.60366976818037
6.48d,6.48,14.31,raw,8654,82,0,20.5,5.10895396995029
6.48d,6.48,14.31,raw,8663,592,0,148,13.7273250351554
6.48d,6.48,14.31,raw,8671,66,0,16.5,4.58349784423754
6.48d,6.48,14.31,raw,8677,241,0,60.25,8.75857765680556
6.48d,6.48,14.31,raw,8691,143,0,35.75,6.74672614860586
6.48d,6.48,14.31,raw,8694,12,0,3,1.95441004761168
6.48d,6.48,14.31,raw,8695,538,0,134.5,13.0862797909444
6.48d,6.48,14.31,raw,8697,62,0,15.5,4.44243322329048
6.48d,6.48,14.31,raw,8701,45,0,11.25,3.78469878303024
6.48d,6.48,14.31,raw,8704,417,0,104.25,11.5210773167547
6.48d,6.48,14.31,raw,8715,375,0,93.75,10.9254843059208
6.48d,6.48,14.31,raw,8716,77,0,19.25,4.95074350336915
6.48d,6.48,14.31,raw,8719,19,0,4.75,2.45924537968297
6.48d,6.48,14.31,raw,8722,247,0,61.75,8.86693531539485
6.48d,6.48,14.31,raw,8733,253,0,63.25,8.97398468933946
6.48d,6.48,14.31,raw,8734,36,0,9,3.38513750128654
6.48d,6.48,14.31,raw,8736,541,0,135.25,13.1227149792042
6.48d,6.48,14.31,raw,8738,205,0,51.25,8.07796550300118
6.48d,6.48,14.31,raw,8748,257,0,64.25,9.04464707709672
6.48d,6.48,14.31,raw,8753,428,0,107,11.672044863119
6.48d,6.48,14.31,raw,8759,286,0,71.5,9.54131162097561
6.48d,6.48,14.31,raw,8766,34,0,8.5,3.28976232123977
6.48d,6.48,14.31,raw,8771,196,0,49,7.89865416966859
6.48d,6.48,14.31,raw,8773,29,0,7.25,3.03825388987325
6.48d,6.48,14.31,raw,8781,15,0,3.75,2.18509686118416
6.48d,6.48,14.31,raw,8785,14,0,3.5,2.11100412282238
6.48d,6.48,14.31,raw,8788,23,0,5.75,2.705758189903
6.48d,6.48,14.31,raw,8806,217,0,54.25,8.31103154258739
6.48d,6.48,14.31,raw,8812,89,0,22.25,5.32255388609241
6.48d,6.48,14.31,raw,8822,8,0,2,1.59576912160573
6.48d,6.48,14.31,raw,8825,9,0,2.25,1.69256875064327
6.48d,6.48,14.31,raw,8828,6,0,1.5,1.38197659788534
6.48d,6.48,14.31,raw,8838,125,0,31.25,6.3078313050504
6.48d,6.48,14.31,raw,8840,45,0,11.25,3.78469878303024
6.48d,6.48,14.31,raw,8843,623,0,155.75,14.0821539223409
6.48d,6.48,14.31,raw,8846,153,1,38.25,6.97863973752192
6.48d,6.48,14.31,raw,8853,509,0,127.25,12.7286971865761
6.48d,6.48,14.31,raw,8858,18,0,4.5,2.3936536824086
6.48d,6.48,14.31,raw,8863,63,0,15.75,4.47811599108138
6.48d,6.48,14.31,raw,8868,68,0,17,4.65242649168128
6.48d,6.48,14.31,raw,8874,454,0,113.5,12.0213430334319
6.48d,6.48,14.31,raw,8880,53,0,13.25,4.10736216661508
6.48d,6.48,14.31,raw,8890,365,0,91.25,10.7788268590364
6.48d,6.48,14.31,raw,8891,58,0,14.5,4.29673985699156
6.48d,6.48,14.31,raw,8892,46,0,11.5,3.82651992866291
6.48d,6.48,14.31,raw,8896,103,0,25.75,5.72589890558072
6.48d,6.48,14.31,raw,8907,324,0,81,10.1554125038596
6.48d,6.48,14.31,raw,8926,49,0,12.25,3.94932708483429
6.48d,6.48,14.31,raw,8928,216,0,54,8.29185958731205
6.48d,6.48,14.31,raw,8931,179,0,44.75,7.54834217738561
6.48d,6.48,14.31,raw,8934,163,0,40.75,7.20309040953658
6.48d,6.48,14.31,raw,8936,427,0,106.75,11.6584013226719
6.48d,6.48,14.31,raw,8943,92,0,23,5.41151637980601
6.48d,6.48,14.31,raw,8945,91,0,22.75,5.38202560777306
6.48d,6.48,14.31,raw,8950,8,0,2,1.59576912160573
6.48d,6.48,14.31,raw,8951,199,0,49.75,7.95887349758585
6.48d,6.48,14.31,raw,8955,97,0,24.25,5.55662298161641
6.48d,6.48,14.31,raw,8963,34,0,8.5,3.28976232123977
6.48d,6.48,14.31,raw,8966,116,0,29,6.0765077797465
6.48d,6.48,14.31,raw,8970,96,0,24,5.52790639154137
6.48d,6.48,14.31,raw,8973,264,0,66,9.16699568847508
6.48d,6.48,14.31,raw,8979,39,0,9.75,3.52336281997296
6.48d,6.48,14.31,raw,8988,23,0,5.75,2.705758189903
6.48d,6.48,14.31,raw,8991,218,0,54.5,8.33015937350939
6.48d,6.48,14.31,raw,9003,141,0,35.25,6.69938011698952
6.48d,6.48,14.31,raw,9005,306,0,76.5,9.86928696371931
6.48d,6.48,14.31,raw,9018,37,0,9.25,3.43183125878885
6.48d,6.48,14.31,raw,9021,21,0,5.25,2.58544147291321
6.48d,6.48,14.31,raw,9025,267,0,66.75,9.21893375673522
6.48d,6.48,14.31,raw,9026,5,0,1.25,1.26156626101008
6.48d,6.48,14.31,raw,9028,117,0,29.25,6.10264341769233
6.48d,6.48,14.31,raw,9032,68,0,17,4.65242649168128
6.48d,6.48,14.31,raw,9034,12,0,3,1.95441004761168
6.48d,6.48,14.31,raw,9037,202,0,50.5,8.01864059608146
6.48d,6.48,14.31,raw,9043,33,0,8.25,3.24102240721429
6.48d,6.48,14.31,raw,9045,19,0,4.75,2.45924537968297
6.48d,6.48,14.31,raw,9055,442,0,110.5,11.8614067333194
6.48d,6.48,14.31,raw,9057,75,0,18.75,4.8860251190292
6.48d,6.48,14.31,raw,9065,45,0,11.25,3.78469878303024
6.48d,6.48,14.31,raw,9067,112,0,28,5.97082132144185
6.48d,6.48,14.31,raw,9075,17,0,4.25,2.32621324584064
6.48d,6.48,14.31,raw,9081,28,0,7,2.98541066072092
6.48d,6.48,14.31,raw,9084,329,0,82.25,10.2334721651289
6.48d,6.48,14.31,raw,9090,287,0,71.75,9.55797768017628
6.48d,6.48,14.31,raw,9094,148,0,37,6.8636625175777
6.48d,6.48,14.31,raw,9098,19,0,4.75,2.45924537968297
6.48d,6.48,14.31,raw,9102,8,0,2,1.59576912160573
6.48d,6.48,14.31,raw,9105,86,0,21.5,5.23207895695449
6.48d,6.48,14.31,raw,9111,139,0,34.75,6.65169709018284
6.48d,6.48,14.31,raw,9115,238,0,59.5,8.70389297451101
6.48d,6.48,14.31,raw,9119,82,0,20.5,5.10895396995029
6.48d,6.48,14.31,raw,9136,19,0,4.75,2.45924537968297
6.48d,6.48,14.31,raw,9138,455,0,113.75,12.0345751156252
6.48d,6.48,14.31,raw,9141,5,0,1.25,1.26156626101008
6.48d,6.48,14.31,raw,9146,163,0,40.75,7.20309040953658
6.48d,6.48,14.31,raw,9147,74,0,18.5,4.85334230995512
6.48d,6.48,14.31,raw,9149,67,0,16.75,4.61809077155419
6.48d,6.48,14.31,raw,9150,185,0,46.25,7.67380798196054
6.48d,6.48,14.31,raw,9156,6,0,1.5,1.38197659788534
6.48d,6.48,14.31,raw,9161,34,0,8.5,3.28976232123977
6.48d,6.48,14.31,raw,9162,163,0,40.75,7.20309040953658
6.48d,6.48,14.31,raw,9166,203,0,50.75,8.03846421247924
6.48d,6.48,14.31,raw,9175,658,1,164.5,14.4723151260928
6.48d,6.48,14.31,raw,9176,27,0,6.75,2.93161507141752
6.48d,6.48,14.31,raw,9180,234,0,58.5,8.63044108762739
6.48d,6.48,14.31,raw,9199,118,0,29.5,6.12866760150094
6.48d,6.48,14.31,raw,9202,478,0,119.5,12.334995970646
6.48d,6.48,14.31,raw,9204,30,0,7.5,3.09019361618552
6.48d,6.48,14.31,raw,9205,504,0,126,12.6660247369343
6.48d,6.48,14.31,raw,9207,143,0,35.75,6.74672614860586
6.48d,6.48,14.31,raw,9217,471,1,117.75,12.2443438530844
6.48d,6.48,14.31,raw,9221,347,0,86.75,10.5096874599474
6.48d,6.48,14.31,raw,9225,16,0,4,2.25675833419103
6.48d,6.48,14.31,raw,9233,281,0,70.25,9.45754080179648
6.48d,6.48,14.31,raw,9235,160,0,40,7.13649646461108
6.48d,6.48,14.31,raw,9242,225,0,56.25,8.46284375321634
6.48d,6.48,14.31,raw,9249,85,0,21.25,5.2015709478601
6.48d,6.48,14.31,raw,9252,36,0,9,3.38513750128654
6.48d,6.48,14.31,raw,9258,403,0,100.75,11.3260268466955
6.48d,6.48,14.31,raw,9263,402,0,100.5,11.3119659761636
6.48d,6.48,14.31,raw,9268,360,0,90,10.7047446969166
6.48d,6.48,14.31,raw,9276,61,0,15.25,4.40646151205377
6.48d,6.48,14.31,raw,9277,132,0,33,6.48204481442857
6.48d,6.48,14.31,raw,9280,456,0,114,12.0477926650407
6.48d,6.48,14.31,raw,9281,458,0,114.5,12.0741843563934
6.48d,6.48,14.31,raw,9286,91,0,22.75,5.38202560777306
6.48d,6.48,14.31,raw,9288,31,0,7.75,3.14127465715711
6.48d,6.48,14.31,raw,9291,200,0,50,7.97884560802865
6.48d,6.48,14.31,raw,9295,35,0,8.75,3.33779058906227
6.48d,6.48,14.31,raw,9296,11,0,2.75,1.87120515925478
6.48d,6.48,14.31,raw,9301,62,0,15.5,4.44243322329048
6.48d,6.48,14.31,raw,9302,5,0,1.25,1.26156626101008
6.48d,6.48,14.31,raw,9307,156,0,39,7.04672563994593
6.48d,6.48,14.31,raw,9313,168,1,42,7.31273279143145
6.48d,6.48,14.31,raw,9317,776,0,194,15.7165031631919
6.48d,6.48,14.31,raw,9319,166,0,41.5,7.26907429501923
6.48d,6.48,14.31,raw,9322,16,0,4,2.25675833419103
6.48d,6.48,14.31,raw,9330,68,0,17,4.65242649168128
6.48d,6.48,14.31,raw,9338,88,0,22,5.29256742840123
6.48d,6.48,14.31,raw,9348,269,0,67.25,9.25339718068125
6.48d,6.48,14.31,raw,9371,8,0,2,1.59576912160573
6.48d,6.48,14.31,raw,9378,333,0,83.25,10.2954937763665
6.48d,6.48,14.31,raw,9381,40,1,10,3.56824823230554
6.48d,6.48,14.31,raw,9384,90,0,22.5,5.35237234845831
6.48d,6.48,14.31,raw,9387,270,0,67.5,9.27058084855655
6.48d,6.48,14.31,raw,9390,232,0,58,8.59347971398312
6.48d,6.48,14.31,raw,9395,97,0,24.25,5.55662298161641
6.48d,6.48,14.31,raw,9402,49,0,12.25,3.94932708483429
6.48d,6.48,14.31,raw,9403,376,0,94,10.9400419197143
6.48d,6.48,14.31,raw,9405,9,0,2.25,1.69256875064327
6.48d,6.48,14.31,raw,9408,5,0,1.25,1.26156626101008
6.48d,6.48,14.31,raw,9410,334,0,83.5,10.3109408874935
6.48d,6.48,14.31,raw,9413,192,0,48,7.81764019044672
6.48d,6.48,14.31,raw,9426,51,0,12.75,4.0291195310357
6.48d,6.48,14.31,raw,9438,167,0,41.75,7.29093622196032
6.48d,6.48,14.31,raw,9442,190,0,47.5,7.77681672504375
6.48d,6.48,14.31,raw,9443,464,0,116,12.153015559493
6.48d,6.48,14.31,raw,9446,617,0,154.25,14.0141785265994
6.48d,6.48,14.31,raw,9452,130,0,32.5,6.43275098258069
6.48d,6.48,14.31,raw,9464,159,0,39.75,7.1141599576635
6.48d,6.48,14.31,raw,9473,139,0,34.75,6.65169709018284
6.48d,6.48,14.31,raw,9478,17,0,4.25,2.32621324584064
6.48d,6.48,14.31,raw,9479,46,0,11.5,3.82651992866291
6.48d,6.48,14.31,raw,9481,120,0,30,6.18038723237103
6.48d,6.48,14.31,raw,9483,305,0,76.25,9.85314748118875
6.48d,6.48,14.31,raw,9485,264,0,66,9.16699568847508
6.48d,6.48,14.31,raw,9486,96,0,24,5.52790639154137
6.48d,6.48,14.31,raw,9488,16,0,4,2.25675833419103
6.48d,6.48,14.31,raw,9489,7,0,1.75,1.49270533036046
6.48d,6.48,14.31,raw,9506,399,0,99.75,11.2696781048676
6.48d,6.48,14.31,raw,9512,160,0,40,7.13649646461108
6.48d,6.48,14.31,raw,9519,14,0,3.5,2.11100412282238
6.48d,6.48,14.31,raw,9520,123,0,30.75,6.25716517287232
6.48d,6.48,14.31,raw,9523,99,0,24.75,5.61361547776433
6.48d,6.48,14.31,raw,9527,47,0,11.75,3.86788891394752
6.48d,6.48,14.31,raw,9536,349,0,87.25,10.5399312273915
6.48d,6.48,14.31,raw,9541,20,0,5,2.52313252202016
6.48d,6.48,14.31,raw,9548,122,0,30.5,6.2316776324215
6.48d,6.48,14.31,raw,9558,81,0,20.25,5.07770625192981
6.48d,6.48,14.31,raw,9564,283,0,70.75,9.49113785538977
6.48d,6.48,14.31,raw,9569,122,0,30.5,6.2316776324215
6.48d,6.48,14.31,raw,9571,6,0,1.5,1.38197659788534
6.48d,6.48,14.31,raw,9579,227,1,56.75,8.50037317790934
6.48d,6.48,14.31,raw,9589,39,0,9.75,3.52336281997296
6.48d,6.48,14.31,raw,9590,96,0,24,5.52790639154137
6.48d,6.48,14.31,raw,9593,5,0,1.25000000000001,1.26156626101009
6.48d,6.48,14.31,raw,9605,84,0,21,5.17088294582641
6.48d,6.48,14.31,raw,9607,136,0,34,6.57952464247954
6.48d,6.48,14.31,raw,9611,22,0,5.5,2.64628371420061
6.48d,6.48,14.31,raw,9612,664,0,166,14.5381485900385
6.48d,6.48,14.31,raw,9613,408,0,102,11.396070970426
6.48d,6.48,14.31,raw,9616,255,0,63.75,9.00938516086789
6.48d,6.48,14.31,raw,9617,179,0,44.75,7.54834217738561
6.48d,6.48,14.31,raw,9627,318,0,79.5,10.0609414970193
6.48d,6.48,14.31,raw,9631,83,0,20.75,5.14001172695692
6.48d,6.48,14.31,raw,9632,14,0,3.5,2.11100412282238
6.48d,6.48,14.31,raw,9634,92,0,23,5.41151637980601
6.48d,6.48,14.31,raw,9636,251,0,62.75,8.93844401627775
6.48d,6.48,14.31,raw,9638,87,0,21.75,5.26241010355424
6.48d,6.48,14.31,raw,9651,145,0,36.25,6.79374223065974
6.48d,6.48,14.31,raw,9654,195,0,48.75,7.8784787748549
6.48d,6.48,14.31,raw,9658,159,0,39.75,7.1141599576635
6.48d,6.48,14.31,raw,9659,267,0,66.75,9.21893375673522
6.48d,6.48,14.31,raw,9660,85,0,21.25,5.2015709478601
6.48d,6.48,14.31,raw,9666,122,0,30.5,6.2316776324215
6.48d,6.48,14.31,raw,9672,116,0,29,6.0765077797465
6.48d,6.48,14.31,raw,9673,53,0,13.25,4.10736216661508
6.48d,6.48,14.31,raw,9676,47,1,11.75,3.86788891394752
6.48d,6.48,14.31,raw,9681,66,0,16.5,4.58349784423754
6.48d,6.48,14.31,raw,9691,73,0,18.25,4.82043791490117
6.48d,6.48,14.31,raw,9694,1139,0,284.75,19.0408760398081
6.48d,6.48,14.31,raw,9698,39,0,9.75,3.52336281997296
6.48d,6.48,14.31,raw,9703,157,0,39.25,7.06927521962861
6.48d,6.48,14.31,raw,9716,484,0,121,12.4121708380506
6.48d,6.48,14.31,raw,9721,254,1,63.5,8.9917023466462
6.48d,6.48,14.31,raw,9727,137,0,34.25,6.60366976818037
6.48d,6.48,14.31,raw,9745,144,1,36,6.77027500257307
6.48d,6.48,14.31,raw,9746,116,0,29,6.0765077797465
6.48d,6.48,14.31,raw,9751,45,0,11.25,3.78469878303024
6.48d,6.48,14.31,raw,9754,554,0,138.5,13.2794456565709
6.48d,6.48,14.31,raw,9781,7,1,1.74999999999997,1.49270533036045
6.48d,6.48,14.31,raw,9787,275,0,68.75,9.35602579627389
6.48d,6.48,14.31,raw,9789,262,0,65.5,9.13220620552083
6.48d,6.48,14.31,raw,9795,102,0,25.5,5.69803548521301
6.48d,6.48,14.31,raw,9808,44,0,11,3.74241031850956
6.48d,6.48,14.31,raw,9809,26,0,6.5,2.8768136958758
6.48d,6.48,14.31,raw,9812,181,0,45.25,7.5903945483266
6.48d,6.48,14.31,raw,9816,46,0,11.5,3.82651992866291
6.48d,6.48,14.31,raw,9822,40,0,10,3.56824823230554
6.48d,6.48,14.31,raw,9823,23,0,5.75,2.705758189903
6.48d,6.48,14.31,raw,9826,49,0,12.25,3.94932708483429
6.48d,6.48,14.31,raw,9827,253,0,63.25,8.97398468933946
6.48d,6.48,14.31,raw,9831,71,0,17.75,4.75394593143939
6.48d,6.48,14.31,raw,9832,243,0,60.75,8.79484521425256
6.48d,6.48,14.31,raw,9835,145,0,36.25,6.79374223065974
6.48d,6.48,14.31,raw,9840,369,0,92.25,10.8377279907654
6.48d,6.48,14.31,raw,9844,176,0,44,7.48482063701911
6.48d,6.48,14.31,raw,9861,241,0,60.25,8.75857765680556
6.48d,6.48,14.31,raw,9866,386,0,96.5,11.0845665710006
6.48d,6.48,14.31,raw,9869,464,0,116,12.153015559493
6.48d,6.48,14.31,raw,9871,84,0,21,5.17088294582641
6.48d,6.48,14.31,raw,9876,129,0,32.25,6.40796186924587
6.48d,6.48,14.31,raw,9879,390,0,97.5,11.1418515342684
6.48d,6.48,14.31,raw,9886,17,0,4.25,2.32621324584064
6.48d,6.48,14.31,raw,9889,108,0,27,5.86323014283504
6.48d,6.48,14.31,raw,9895,71,1,17.75,4.75394593143939
6.48d,6.48,14.31,raw,9897,177,0,44.25,7.50605421340207
6.48d,6.48,14.31,raw,9901,87,0,21.75,5.26241010355424
6.48d,6.48,14.31,raw,9905,41,0,10.25,3.61257599692178
6.48d,6.48,14.31,raw,9910,10,0,2.5,1.78412411615277
6.48d,6.48,14.31,raw,9918,19,0,4.75,2.45924537968297
6.48d,6.48,14.31,raw,9919,24,0,6,2.76395319577068
6.48d,6.48,14.31,raw,9923,260,0,65,9.09728368293446
6.48d,6.48,14.31,raw,9925,6,0,1.5,1.38197659788534
6.48d,6.48,14.31,raw,9927,61,0,15.25,4.40646151205377
6.48d,6.48,14.31,raw,9929,55,0,13.75,4.184141935942
6.48d,6.48,14.31,raw,9935,293,0,73.25,9.65737006911564
6.48d,6.48,14.31,raw,9945,401,0,100.25,11.2978876060837
6.48d,6.48,14.31,raw,9947,42,0,10.5,3.65636639571573
6.48d,6.48,14.31,raw,9949,138,0,34.5,6.62772693261899
6.48d,6.48,14.31,raw,9950,168,0,42,7.31273279143145
6.48d,6.48,14.31,raw,9953,392,0,98,11.1703838512401
6.48d,6.48,14.31,raw,9958,112,1,28,5.97082132144184
6.48d,6.48,14.31,raw,9960,336,0,84,10.3417658916528
6.48d,6.48,14.31,raw,9966,123,0,30.75,6.25716517287232
6.48d,6.48,14.31,raw,9979,24,0,6,2.76395319577068
6.48d,6.48,14.31,raw,9984,727,0,181.75,15.212208493694
6.48d,6.48,14.31,raw,9985,46,0,11.5,3.82651992866291
6.48d,6.48,14.31,raw,9986,139,0,34.75,6.65169709018284
6.48d,6.48,14.31,raw,9987,269,0,67.25,9.25339718068125
6.48d,6.48,14.31,raw,9989,83,0,20.75,5.14001172695692
6.48d,6.48,14.31,raw,9990,55,0,13.75,4.184141935942
6.48d,6.48,14.31,raw,10009,145,0,36.25,6.79374223065974
6.48d,6.48,14.31,raw,10012,26,0,6.5,2.8768136958758
6.48d,6.48,14.31,raw,10018,57,1,14.25,4.25953794588991
6.48d,6.48,14.31,raw,10020,80,0,20,5.04626504404032
6.48d,6.48,14.31,raw,10021,98,0,24.5,5.58519192562006
6.48d,6.48,14.31,raw,10023,219,0,54.75,8.3492433833402
6.48d,6.48,14.31,raw,10025,52,0,13,4.06842894512822
6.48d,6.48,14.31,raw,10030,47,0,11.75,3.86788891394752
6.48d,6.48,14.31,raw,10033,68,0,17,4.65242649168128
6.48d,6.48,14.31,raw,10043,160,0,40,7.13649646461108
6.48d,6.48,14.31,raw,10048,65,0,16.25,4.54864184146723
6.48d,6.48,14.31,raw,10050,28,0,7,2.98541066072092
6.48d,6.48,14.31,raw,10054,231,0,57.75,8.57493928307692
6.48d,6.48,14.31,raw,10066,15,0,3.75,2.18509686118416
6.48d,6.48,14.31,raw,10073,393,0,98.25,11.1846227147021
6.48d,6.48,14.31,raw,10082,100,0,25,5.64189583547756
6.48d,6.48,14.31,raw,10084,549,0,137.25,13.2193845361613
6.48d,6.48,14.31,raw,10092,132,0,33,6.48204481442857
6.48d,6.48,14.31,raw,10096,63,1,15.75,4.47811599108138
6.48d,6.48,14.31,raw,10099,37,0,9.25,3.43183125878885
6.48d,6.48,14.31,raw,10101,9,0,2.25,1.69256875064327
6.48d,6.48,14.31,raw,10110,120,0,30,6.18038723237103
6.48d,6.48,14.31,raw,10113,193,0,48.25,7.83797218886822
6.48d,6.48,14.31,raw,10118,44,0,11,3.74241031850956
6.48d,6.48,14.31,raw,10124,197,0,49.25,7.91877816195193
6.48d,6.48,14.31,raw,10128,412,0,103,11.4517978111614
6.48d,6.48,14.31,raw,10133,155,0,38.75,7.02410366940064
6.48d,6.48,14.31,raw,10138,185,0,46.25,7.67380798196054
6.48d,6.48,14.31,raw,10139,6,0,1.5,1.38197659788534
6.48d,6.48,14.31,raw,10140,7,0,1.75,1.49270533036046
6.48d,6.48,14.31,raw,10141,6,0,1.5,1.38197659788534
6.48d,6.48,14.31,raw,10147,6,0,1.5,1.38197659788534
6.48d,6.48,14.31,raw,10149,111,0,27.75,5.94410610322534
6.48d,6.48,14.31,raw,10150,28,0,7,2.98541066072092
6.48d,6.48,14.31,raw,10152,158,0,39.5,7.09175309899033
6.48d,6.48,14.31,raw,10158,8,0,2,1.59576912160573
6.48d,6.48,14.31,raw,10161,6,1,1.5,1.38197659788534
6.48d,6.48,14.31,raw,10162,20,1,5.00000000000001,2.52313252202016
6.48d,6.48,14.31,raw,10163,184,1,46,7.65303985732581
6.48d,6.48,14.31,raw,10164,159,1,39.75,7.1141599576635
6.48d,6.48,14.31,raw,10165,10,1,2.5,1.78412411615277
6.48d,6.48,14.31,raw,10166,175,1,43.75,7.46352665180231
6.48d,6.48,14.31,raw,10170,86,1,21.5,5.23207895695449
6.48d,6.48,14.31,raw,10171,184,1,46,7.65303985732581
6.48d,6.48,14.31,raw,10172,40,1,10,3.56824823230554
6.48d,6.48,14.31,raw,10173,228,1,57,8.51907589177983
6.48d,6.48,14.31,raw,10174,334,1,83.5,10.3109408874935
6.48d,6.48,14.31,raw,10175,27,1,6.75,2.93161507141752
6.48d,6.48,14.31,raw,10176,81,1,20.25,5.07770625192981
6.48d,6.48,14.31,raw,10179,127,1,31.75,6.35809370372452
6.48d,6.48,14.31,raw,10181,92,1,23,5.41151637980601
6.48d,6.48,14.31,raw,10183,142,1,35.5,6.72309481102998
6.48d,6.48,14.31,raw,10184,249,1,62.25,8.90276146258923
6.48d,6.48,14.31,raw,10185,269,1,67.25,9.25339718068125
6.48d,6.48,14.31,raw,10187,120,1,30,6.18038723237103
6.48d,6.48,14.31,raw,10188,287,1,71.75,9.55797768017628
6.48d,6.48,14.31,raw,10190,80,1,20,5.04626504404032
6.48d,6.48,14.31,raw,10191,89,1,22.25,5.32255388609241
6.48d,6.48,14.31,raw,10195,115,1,28.75,6.0502592432999
6.48d,6.48,14.31,raw,10196,28,1,7,2.98541066072092
6.48d,6.48,14.31,raw,10197,16,1,4,2.25675833419103
6.48d,6.48,14.31,raw,10200,309,1,77.25,9.91754782346883
6.48d,6.48,14.31,raw,10203,416,1,104,11.5072547835032
6.48d,6.48,14.31,raw,10205,279,1,69.75,9.42382397147133
6.48d,6.48,14.31,raw,10206,24,1,6,2.76395319577068
6.48d,6.48,14.31,raw,10207,280,1,70,9.4406974388263
6.48d,6.48,14.31,raw,10208,343,1,85.75,10.4489373125232
6.48d,6.48,14.31,raw,10210,303,1,75.75,9.82078894558317
6.02d,6.02,26.04,raw,2,5,1,1.25,1.26156626101008
6.02d,6.02,26.04,raw,18,12,1,3,1.95441004761168
6.02d,6.02,26.04,raw,19,12,1,3,1.95441004761168
6.02d,6.02,26.04,raw,20,16,1,4,2.25675833419103
6.02d,6.02,26.04,raw,24,10,1,2.5,1.78412411615277
6.02d,6.02,26.04,raw,27,21,1,5.25,2.5854414729132
6.02d,6.02,26.04,raw,30,10,1,2.49999999999999,1.78412411615277
6.02d,6.02,26.04,raw,31,12,1,2.99999999999999,1.95441004761168
6.02d,6.02,26.04,raw,34,13,1,3.25,2.03421447256411
6.02d,6.02,26.04,raw,37,7,1,1.75,1.49270533036046
6.02d,6.02,26.04,raw,42,13,1,3.24999999999999,2.03421447256411
6.02d,6.02,26.04,raw,44,30,1,7.5,3.09019361618552
6.02d,6.02,26.04,raw,52,17,1,4.25,2.32621324584064
6.02d,6.02,26.04,raw,55,54,1,13.5,4.14592979365603
6.02d,6.02,26.04,raw,57,53,1,13.25,4.10736216661508
6.02d,6.02,26.04,raw,59,94,1,23.5,5.47002095985713
6.02d,6.02,26.04,raw,61,42,1,10.5,3.65636639571573
6.02d,6.02,26.04,raw,67,6,0,1.5,1.38197659788534
6.02d,6.02,26.04,raw,70,68,1,17,4.65242649168128
6.02d,6.02,26.04,raw,75,6,0,1.5,1.38197659788534
6.02d,6.02,26.04,raw,80,46,1,11.5,3.82651992866291
6.02d,6.02,26.04,raw,87,9,0,2.25,1.69256875064327
6.02d,6.02,26.04,raw,88,94,1,23.5,5.47002095985713
6.02d,6.02,26.04,raw,90,138,1,34.5,6.62772693261899
6.02d,6.02,26.04,raw,92,17,0,4.25,2.32621324584064
6.02d,6.02,26.04,raw,95,95,1,23.75,5.49903984232339
6.02d,6.02,26.04,raw,97,109,1,27.25,5.89031218137317
6.02d,6.02,26.04,raw,98,123,1,30.75,6.25716517287232
6.02d,6.02,26.04,raw,99,101,1,25.25,5.67003514138694
6.02d,6.02,26.04,raw,103,46,1,11.5,3.82651992866291
6.02d,6.02,26.04,raw,109,89,1,22.25,5.32255388609241
6.02d,6.02,26.04,raw,113,72,1,18,4.78730736481719
6.02d,6.02,26.04,raw,116,262,1,65.5,9.13220620552083
6.02d,6.02,26.04,raw,118,183,1,45.75,7.63221522047392
6.02d,6.02,26.04,raw,119,23,0,5.75,2.705758189903
6.02d,6.02,26.04,raw,120,103,1,25.75,5.72589890558072
6.02d,6.02,26.04,raw,121,184,1,46,7.65303985732581
6.02d,6.02,26.04,raw,126,71,1,17.75,4.75394593143939
6.02d,6.02,26.04,raw,128,159,1,39.75,7.1141599576635
6.02d,6.02,26.04,raw,130,58,0,14.5,4.29673985699156
6.02d,6.02,26.04,raw,131,195,1,48.75,7.8784787748549
6.02d,6.02,26.04,raw,133,8,0,2,1.59576912160573
6.02d,6.02,26.04,raw,134,13,0,3.25,2.03421447256411
6.02d,6.02,26.04,raw,138,143,1,35.75,6.74672614860586
6.02d,6.02,26.04,raw,140,87,1,21.75,5.26241010355424
6.02d,6.02,26.04,raw,143,78,0,19.5,4.98278748516688
6.02d,6.02,26.04,raw,145,50,0,12.5,3.98942280401433
6.02d,6.02,26.04,raw,146,134,1,33.5,6.53096660140197
6.02d,6.02,26.04,raw,149,7,0,1.75,1.49270533036046
6.02d,6.02,26.04,raw,153,143,1,35.75,6.74672614860586
6.02d,6.02,26.04,raw,157,66,0,16.5,4.58349784423754
6.02d,6.02,26.04,raw,159,194,1,48.5,7.85825158159596
6.02d,6.02,26.04,raw,160,34,0,8.5,3.28976232123977
6.02d,6.02,26.04,raw,162,34,0,8.5,3.28976232123977
6.02d,6.02,26.04,raw,163,84,0,21,5.17088294582641
6.02d,6.02,26.04,raw,166,118,1,29.5,6.12866760150094
6.02d,6.02,26.04,raw,169,46,0,11.5,3.82651992866291
6.02d,6.02,26.04,raw,170,135,0,33.75,6.55529058355247
6.02d,6.02,26.04,raw,173,76,0,19,4.91849075936593
6.02d,6.02,26.04,raw,176,198,0,49.5,7.93885114260184
6.02d,6.02,26.04,raw,182,47,0,11.75,3.86788891394752
6.02d,6.02,26.04,raw,184,386,1,96.5,11.0845665710006
6.02d,6.02,26.04,raw,186,11,0,2.75,1.87120515925478
6.02d,6.02,26.04,raw,187,108,0,27,5.86323014283504
6.02d,6.02,26.04,raw,190,146,0,36.5,6.81712867583072
6.02d,6.02,26.04,raw,193,99,0,24.75,5.61361547776433
6.02d,6.02,26.04,raw,200,17,0,4.25,2.32621324584064
6.02d,6.02,26.04,raw,203,187,0,46.75,7.71517651880816
6.02d,6.02,26.04,raw,208,61,0,15.25,4.40646151205377
6.02d,6.02,26.04,raw,219,55,0,13.75,4.184141935942
6.02d,6.02,26.04,raw,220,119,0,29.75,6.15458174499869
6.02d,6.02,26.04,raw,223,52,0,13,4.06842894512822
6.02d,6.02,26.04,raw,228,119,1,29.75,6.15458174499869
6.02d,6.02,26.04,raw,236,53,0,13.25,4.10736216661508
6.02d,6.02,26.04,raw,240,356,1,89,10.6451077721848
6.02d,6.02,26.04,raw,241,84,0,21,5.17088294582641
6.02d,6.02,26.04,raw,242,306,0,76.5,9.86928696371931
6.02d,6.02,26.04,raw,245,83,0,20.75,5.14001172695692
6.02d,6.02,26.04,raw,248,64,0,16,4.51351666838205
6.02d,6.02,26.04,raw,250,70,0,17.5,4.72034871941315
6.02d,6.02,26.04,raw,251,8,0,2,1.59576912160573
6.02d,6.02,26.04,raw,254,12,0,3,1.95441004761168
6.02d,6.02,26.04,raw,256,22,1,5.5,2.64628371420061
6.02d,6.02,26.04,raw,257,90,0,22.5,5.35237234845831
6.02d,6.02,26.04,raw,261,140,0,35,6.67558117812455
6.02d,6.02,26.04,raw,262,163,0,40.75,7.20309040953658
6.02d,6.02,26.04,raw,271,427,1,106.75,11.6584013226719
6.02d,6.02,26.04,raw,272,30,0,7.5,3.09019361618552
6.02d,6.02,26.04,raw,275,437,1,109.25,11.7941265154447
6.02d,6.02,26.04,raw,276,140,0,35,6.67558117812455
6.02d,6.02,26.04,raw,278,99,0,24.75,5.61361547776433
6.02d,6.02,26.04,raw,279,51,0,12.75,4.0291195310357
6.02d,6.02,26.04,raw,281,57,0,14.25,4.25953794588991
6.02d,6.02,26.04,raw,282,659,1,164.75,14.4833081509411
6.02d,6.02,26.04,raw,284,313,1,78.25,9.98153266665628
6.02d,6.02,26.04,raw,285,46,0,11.5,3.82651992866291
6.02d,6.02,26.04,raw,286,267,0,66.75,9.21893375673522
6.02d,6.02,26.04,raw,290,485,0,121.25,12.4249867122319
6.02d,6.02,26.04,raw,292,230,1,57.5,8.5563586777479
6.02d,6.02,26.04,raw,297,373,0,93.25,10.8963107310022
6.02d,6.02,26.04,raw,305,190,0,47.5,7.77681672504375
6.02d,6.02,26.04,raw,312,182,0,45.5,7.61133360755196
6.02d,6.02,26.04,raw,323,14,0,3.5,2.11100412282238
6.02d,6.02,26.04,raw,325,151,0,37.75,6.93287767191607
6.02d,6.02,26.04,raw,327,99,0,24.75,5.61361547776433
6.02d,6.02,26.04,raw,328,288,0,72,9.57461472963438
6.02d,6.02,26.04,raw,331,114,0,28.5,6.02389633252035
6.02d,6.02,26.04,raw,340,57,0,14.25,4.25953794588991
6.02d,6.02,26.04,raw,341,186,0,46.5,7.69452005197108
6.02d,6.02,26.04,raw,343,24,1,6,2.76395319577068
6.02d,6.02,26.04,raw,345,1110,1,277.5,18.7969139399
6.02d,6.02,26.04,raw,348,7,0,1.75,1.49270533036046
6.02d,6.02,26.04,raw,349,58,0,14.5,4.29673985699156
6.02d,6.02,26.04,raw,358,268,0,67,9.23618154310838
6.02d,6.02,26.04,raw,363,51,0,12.75,4.0291195310357
6.02d,6.02,26.04,raw,367,352,0,88,10.5851348568025
6.02d,6.02,26.04,raw,368,35,0,8.75,3.33779058906227
6.02d,6.02,26.04,raw,371,5,0,1.25,1.26156626101008
6.02d,6.02,26.04,raw,375,193,0,48.25,7.83797218886822
6.02d,6.02,26.04,raw,379,26,0,6.5,2.8768136958758
6.02d,6.02,26.04,raw,386,142,0,35.5,6.72309481102998
6.02d,6.02,26.04,raw,388,159,0,39.75,7.1141599576635
6.02d,6.02,26.04,raw,389,97,1,24.25,5.55662298161641
6.02d,6.02,26.04,raw,390,94,0,23.5,5.47002095985713
6.02d,6.02,26.04,raw,392,133,0,33.25,6.50655168752575
6.02d,6.02,26.04,raw,393,248,0,62,8.88486644658096
6.02d,6.02,26.04,raw,394,59,0,14.75,4.33362242065961
6.02d,6.02,26.04,raw,400,96,0,24,5.52790639154137
6.02d,6.02,26.04,raw,404,147,0,36.75,6.84043516664088
6.02d,6.02,26.04,raw,410,487,0,121.75,12.4505788849959
6.02d,6.02,26.04,raw,411,200,0,50,7.97884560802865
6.02d,6.02,26.04,raw,417,89,0,22.25,5.32255388609241
6.02d,6.02,26.04,raw,421,59,0,14.75,4.33362242065961
6.02d,6.02,26.04,raw,422,117,0,29.25,6.10264341769233
6.02d,6.02,26.04,raw,424,33,0,8.25,3.24102240721429
6.02d,6.02,26.04,raw,426,464,0,116,12.153015559493
6.02d,6.02,26.04,raw,430,54,0,13.5,4.14592979365603
6.02d,6.02,26.04,raw,434,572,0,143,13.4934522972117
6.02d,6.02,26.04,raw,436,19,0,4.75,2.45924537968297
6.02d,6.02,26.04,raw,443,197,0,49.25,7.91877816195193
6.02d,6.02,26.04,raw,446,24,0,6,2.76395319577068
6.02d,6.02,26.04,raw,447,153,0,38.25,6.97863973752192
6.02d,6.02,26.04,raw,448,99,0,24.75,5.61361547776433
6.02d,6.02,26.04,raw,449,320,0,80,10.0925300880806
6.02d,6.02,26.04,raw,451,97,1,24.25,5.55662298161641
6.02d,6.02,26.04,raw,464,14,0,3.5,2.11100412282238
6.02d,6.02,26.04,raw,467,289,0,72.25,9.59122292031186
6.02d,6.02,26.04,raw,471,320,0,80,10.0925300880806
6.02d,6.02,26.04,raw,472,93,0,23.25,5.44084730672462
6.02d,6.02,26.04,raw,473,14,0,3.5,2.11100412282238
6.02d,6.02,26.04,raw,475,75,0,18.75,4.8860251190292
6.02d,6.02,26.04,raw,477,195,0,48.75,7.8784787748549
6.02d,6.02,26.04,raw,482,181,0,45.25,7.5903945483266
6.02d,6.02,26.04,raw,485,458,0,114.5,12.0741843563934
6.02d,6.02,26.04,raw,490,57,0,14.25,4.25953794588991
6.02d,6.02,26.04,raw,493,335,0,83.75,10.3263648914596
6.02d,6.02,26.04,raw,494,41,0,10.25,3.61257599692178
6.02d,6.02,26.04,raw,495,23,0,5.75,2.705758189903
6.02d,6.02,26.04,raw,500,7,0,1.75,1.49270533036046
6.02d,6.02,26.04,raw,503,63,0,15.75,4.47811599108138
6.02d,6.02,26.04,raw,505,190,0,47.5,7.77681672504375
6.02d,6.02,26.04,raw,514,38,0,9.5,3.47789816915102
6.02d,6.02,26.04,raw,515,283,0,70.75,9.49113785538977
6.02d,6.02,26.04,raw,517,17,0,4.25,2.32621324584064
6.02d,6.02,26.04,raw,521,98,0,24.5,5.58519192562006
6.02d,6.02,26.04,raw,522,587,0,146.75,13.6692319897603
6.02d,6.02,26.04,raw,524,49,0,12.25,3.94932708483429
6.02d,6.02,26.04,raw,526,25,1,6.25,2.82094791773878
6.02d,6.02,26.04,raw,529,235,0,58.75,8.6488625410045
6.02d,6.02,26.04,raw,530,111,0,27.75,5.94410610322534
6.02d,6.02,26.04,raw,532,5,0,1.25,1.26156626101008
6.02d,6.02,26.04,raw,538,259,1,64.75,9.07977205229304
6.02d,6.02,26.04,raw,540,149,0,37.25,6.88681152939332
6.02d,6.02,26.04,raw,548,246,0,61.5,8.84896784948462
6.02d,6.02,26.04,raw,549,84,0,21,5.17088294582641
6.02d,6.02,26.04,raw,550,154,0,38.5,7.00140860629515
6.02d,6.02,26.04,raw,551,679,0,169.75,14.7014425387033
6.02d,6.02,26.04,raw,557,490,0,122.5,12.4888688130694
6.02d,6.02,26.04,raw,567,268,0,67,9.23618154310838
6.02d,6.02,26.04,raw,569,168,0,42,7.31273279143145
6.02d,6.02,26.04,raw,570,87,0,21.75,5.26241010355424
6.02d,6.02,26.04,raw,573,208,0,52,8.13685789025644
6.02d,6.02,26.04,raw,576,70,0,17.5,4.72034871941315
6.02d,6.02,26.04,raw,581,79,0,19.75,5.01462670679677
6.02d,6.02,26.04,raw,582,66,0,16.5,4.58349784423754
6.02d,6.02,26.04,raw,586,489,0,122.25,12.4761185608295
6.02d,6.02,26.04,raw,587,150,0,37.5,6.90988298942671
6.02d,6.02,26.04,raw,588,121,0,30.25,6.20608541902532
6.02d,6.02,26.04,raw,591,376,0,94,10.9400419197143
6.02d,6.02,26.04,raw,599,7,0,1.75,1.49270533036046
6.02d,6.02,26.04,raw,606,51,1,12.75,4.0291195310357
6.02d,6.02,26.04,raw,619,22,0,5.5,2.64628371420061
6.02d,6.02,26.04,raw,625,207,0,51.75,8.11727456970901
6.02d,6.02,26.04,raw,626,12,0,3,1.95441004761168
6.02d,6.02,26.04,raw,629,378,0,94.5,10.9690991871472
6.02d,6.02,26.04,raw,633,16,0,4,2.25675833419103
6.02d,6.02,26.04,raw,636,8,0,2,1.59576912160573
6.02d,6.02,26.04,raw,640,178,0,44.5,7.5272278921735
6.02d,6.02,26.04,raw,646,122,0,30.5,6.2316776324215
6.02d,6.02,26.04,raw,647,142,0,35.5,6.72309481102998
6.02d,6.02,26.04,raw,648,208,0,52,8.13685789025644
6.02d,6.02,26.04,raw,649,88,0,22,5.29256742840123
6.02d,6.02,26.04,raw,650,377,0,94.25,10.9545801878159
6.02d,6.02,26.04,raw,651,35,0,8.75,3.33779058906227
6.02d,6.02,26.04,raw,653,18,0,4.5,2.3936536824086
6.02d,6.02,26.04,raw,657,77,0,19.25,4.95074350336915
6.02d,6.02,26.04,raw,658,260,0,65,9.09728368293446
6.02d,6.02,26.04,raw,659,8,0,2,1.59576912160573
6.02d,6.02,26.04,raw,661,1063,0,265.75,18.3946570778955
6.02d,6.02,26.04,raw,663,157,0,39.25,7.06927521962861
6.02d,6.02,26.04,raw,665,25,0,6.25,2.82094791773878
6.02d,6.02,26.04,raw,666,37,0,9.25,3.43183125878885
6.02d,6.02,26.04,raw,672,12,0,3,1.95441004761168
6.02d,6.02,26.04,raw,676,128,0,32,6.38307648642292
6.02d,6.02,26.04,raw,682,75,0,18.75,4.8860251190292
6.02d,6.02,26.04,raw,685,539,0,134.75,13.0984361147834
6.02d,6.02,26.04,raw,686,74,0,18.5,4.85334230995512
6.02d,6.02,26.04,raw,687,257,0,64.25,9.04464707709672
6.02d,6.02,26.04,raw,689,55,0,13.75,4.184141935942
6.02d,6.02,26.04,raw,691,425,0,106.25,11.6310662292032
6.02d,6.02,26.04,raw,695,342,0,85.5,10.4336945074531
6.02d,6.02,26.04,raw,696,54,0,13.5,4.14592979365603
6.02d,6.02,26.04,raw,699,22,0,5.5,2.64628371420061
6.02d,6.02,26.04,raw,702,159,0,39.75,7.1141599576635
6.02d,6.02,26.04,raw,703,150,0,37.5,6.90988298942671
6.02d,6.02,26.04,raw,709,56,0,14,4.22200824564475
6.02d,6.02,26.04,raw,710,233,0,58.25,8.61198022993685
6.02d,6.02,26.04,raw,714,70,0,17.5,4.72034871941315
6.02d,6.02,26.04,raw,718,266,0,66.5,9.20165364078046
6.02d,6.02,26.04,raw,721,288,1,72,9.57461472963438
6.02d,6.02,26.04,raw,722,53,0,13.25,4.10736216661508
6.02d,6.02,26.04,raw,725,387,0,96.75,11.0989155304979
6.02d,6.02,26.04,raw,726,120,0,30,6.18038723237103
6.02d,6.02,26.04,raw,728,105,0,26.25,5.78122288528111
6.02d,6.02,26.04,raw,730,32,0,8,3.19153824321146
6.02d,6.02,26.04,raw,733,196,0,49,7.89865416966859
6.02d,6.02,26.04,raw,737,78,0,19.5,4.98278748516688
6.02d,6.02,26.04,raw,738,259,0,64.75,9.07977205229304
6.02d,6.02,26.04,raw,742,173,0,43.25,7.42075537326193
6.02d,6.02,26.04,raw,750,110,0,27.5,5.9172702727032
6.02d,6.02,26.04,raw,753,254,0,63.5,8.9917023466462
6.02d,6.02,26.04,raw,757,8,0,2,1.59576912160573
6.02d,6.02,26.04,raw,762,15,0,3.75,2.18509686118416
6.02d,6.02,26.04,raw,766,143,0,35.75,6.74672614860586
6.02d,6.02,26.04,raw,772,63,0,15.75,4.47811599108138
6.02d,6.02,26.04,raw,774,365,0,91.25,10.7788268590364
6.02d,6.02,26.04,raw,782,116,0,29,6.0765077797465
6.02d,6.02,26.04,raw,783,14,0,3.5,2.11100412282238
6.02d,6.02,26.04,raw,788,159,0,39.75,7.1141599576635
6.02d,6.02,26.04,raw,801,12,0,3,1.95441004761168
6.02d,6.02,26.04,raw,803,35,0,8.75,3.33779058906227
6.02d,6.02,26.04,raw,804,8,0,2,1.59576912160573
6.02d,6.02,26.04,raw,805,28,0,7,2.98541066072092
6.02d,6.02,26.04,raw,814,93,0,23.25,5.44084730672462
6.02d,6.02,26.04,raw,816,285,0,71.25,9.52461639974967
6.02d,6.02,26.04,raw,822,99,0,24.75,5.61361547776433
6.02d,6.02,26.04,raw,825,52,0,13,4.06842894512822
6.02d,6.02,26.04,raw,826,5,0,1.25,1.26156626101008
6.02d,6.02,26.04,raw,827,37,0,9.25,3.43183125878885
6.02d,6.02,26.04,raw,828,255,0,63.75,9.00938516086789
6.02d,6.02,26.04,raw,834,204,0,51,8.0582390620714
6.02d,6.02,26.04,raw,836,164,0,41,7.22515199384357
6.02d,6.02,26.04,raw,837,74,0,18.5,4.85334230995512
6.02d,6.02,26.04,raw,838,64,0,16,4.51351666838205
6.02d,6.02,26.04,raw,839,434,0,108.5,11.7535735248377
6.02d,6.02,26.04,raw,841,181,0,45.25,7.5903945483266
6.02d,6.02,26.04,raw,843,203,1,50.75,8.03846421247924
6.02d,6.02,26.04,raw,846,103,0,25.75,5.72589890558072
6.02d,6.02,26.04,raw,849,20,0,5,2.52313252202016
6.02d,6.02,26.04,raw,853,77,0,19.25,4.95074350336915
6.02d,6.02,26.04,raw,856,23,0,5.75,2.705758189903
6.02d,6.02,26.04,raw,859,374,0,93.5,10.9109072690009
6.02d,6.02,26.04,raw,861,607,0,151.75,13.9001475140935
6.02d,6.02,26.04,raw,864,17,0,4.25,2.32621324584064
6.02d,6.02,26.04,raw,865,239,0,59.75,8.72215929675249
6.02d,6.02,26.04,raw,868,634,1,158.5,14.205930727711
6.02d,6.02,26.04,raw,870,84,0,21,5.17088294582641
6.02d,6.02,26.04,raw,881,363,0,90.75,10.7492552618642
6.02d,6.02,26.04,raw,884,109,0,27.25,5.89031218137317
6.02d,6.02,26.04,raw,886,221,0,55.25,8.38728113554194
6.02d,6.02,26.04,raw,888,27,0,6.75,2.93161507141752
6.02d,6.02,26.04,raw,890,18,0,4.5,2.3936536824086
6.02d,6.02,26.04,raw,891,175,0,43.75,7.46352665180231
6.02d,6.02,26.04,raw,894,27,0,6.75,2.93161507141752
6.02d,6.02,26.04,raw,896,20,0,5,2.52313252202016
6.02d,6.02,26.04,raw,897,26,0,6.5,2.8768136958758
6.02d,6.02,26.04,raw,898,23,0,5.75,2.705758189903
6.02d,6.02,26.04,raw,900,132,0,33,6.48204481442857
6.02d,6.02,26.04,raw,901,55,0,13.75,4.184141935942
6.02d,6.02,26.04,raw,911,470,0,117.5,12.2313387045892
6.02d,6.02,26.04,raw,916,223,0,55.75,8.42514715711158
6.02d,6.02,26.04,raw,917,20,0,5,2.52313252202016
6.02d,6.02,26.04,raw,919,51,1,12.75,4.0291195310357
6.02d,6.02,26.04,raw,920,170,0,42.5,7.35613218010963
6.02d,6.02,26.04,raw,922,124,0,31,6.28254931431422
6.02d,6.02,26.04,raw,924,139,0,34.75,6.65169709018284
6.02d,6.02,26.04,raw,926,108,0,27,5.86323014283504
6.02d,6.02,26.04,raw,929,42,0,10.5,3.65636639571573
6.02d,6.02,26.04,raw,932,215,1,53.75,8.27264320090713
6.02d,6.02,26.04,raw,934,180,0,45,7.56939756606048
6.02d,6.02,26.04,raw,939,315,0,78.75,10.0133717671868
6.02d,6.02,26.04,raw,941,334,0,83.5,10.3109408874935
6.02d,6.02,26.04,raw,943,142,0,35.5,6.72309481102998
6.02d,6.02,26.04,raw,951,30,0,7.5,3.09019361618552
6.02d,6.02,26.04,raw,952,73,0,18.25,4.82043791490117
6.02d,6.02,26.04,raw,955,52,0,13,4.06842894512822
6.02d,6.02,26.04,raw,958,436,0,109,11.7806243627463
6.02d,6.02,26.04,raw,966,9,0,2.25,1.69256875064327
6.02d,6.02,26.04,raw,970,28,1,7,2.98541066072092
6.02d,6.02,26.04,raw,975,68,0,17,4.65242649168128
6.02d,6.02,26.04,raw,977,540,0,135,13.1105811671049
6.02d,6.02,26.04,raw,979,91,0,22.75,5.38202560777306
6.02d,6.02,26.04,raw,980,372,1,93,10.8816946134492
6.02d,6.02,26.04,raw,981,259,0,64.75,9.07977205229304
6.02d,6.02,26.04,raw,982,254,0,63.5,8.9917023466462
6.02d,6.02,26.04,raw,988,234,0,58.5,8.63044108762739
6.02d,6.02,26.04,raw,999,97,0,24.25,5.55662298161641
6.02d,6.02,26.04,raw,1004,59,0,14.75,4.33362242065961
6.02d,6.02,26.04,raw,1008,233,0,58.25,8.61198022993685
6.02d,6.02,26.04,raw,1011,178,0,44.5,7.5272278921735
6.02d,6.02,26.04,raw,1012,26,0,6.5,2.8768136958758
6.02d,6.02,26.04,raw,1013,181,0,45.25,7.5903945483266
6.02d,6.02,26.04,raw,1014,101,0,25.25,5.67003514138694
6.02d,6.02,26.04,raw,1015,5,0,1.25,1.26156626101008
6.02d,6.02,26.04,raw,1021,393,0,98.25,11.1846227147021
6.02d,6.02,26.04,raw,1023,350,0,87.5,10.5550206141119
6.02d,6.02,26.04,raw,1025,528,0,132,12.9640896288571
6.02d,6.02,26.04,raw,1036,16,0,4,2.25675833419103
6.02d,6.02,26.04,raw,1037,10,0,2.5,1.78412411615277
6.02d,6.02,26.04,raw,1041,432,0,108,11.7264602856701
6.02d,6.02,26.04,raw,1045,7,0,1.75,1.49270533036046
6.02d,6.02,26.04,raw,1046,112,0,28,5.97082132144185
6.02d,6.02,26.04,raw,1048,13,0,3.25,2.03421447256411
6.02d,6.02,26.04,raw,1050,751,0,187.75,15.4612652950535
6.02d,6.02,26.04,raw,1052,18,0,4.5,2.3936536824086
6.02d,6.02,26.04,raw,1054,129,0,32.25,6.40796186924587
6.02d,6.02,26.04,raw,1055,284,0,71,9.50789186287878
6.02d,6.02,26.04,raw,1057,92,0,23,5.41151637980601
6.02d,6.02,26.04,raw,1058,277,0,69.25,9.38998607415954
6.02d,6.02,26.04,raw,1059,36,0,9,3.38513750128654
6.02d,6.02,26.04,raw,1063,25,0,6.25,2.82094791773878
6.02d,6.02,26.04,raw,1065,64,0,16,4.51351666838205
6.02d,6.02,26.04,raw,1067,19,1,4.75,2.45924537968297
6.02d,6.02,26.04,raw,1070,170,1,42.5,7.35613218010963
6.02d,6.02,26.04,raw,1071,48,0,12,3.90882009522336
6.02d,6.02,26.04,raw,1073,84,0,21,5.17088294582641
6.02d,6.02,26.04,raw,1077,148,0,37,6.8636625175777
6.02d,6.02,26.04,raw,1079,15,0,3.75,2.18509686118416
6.02d,6.02,26.04,raw,1083,101,0,25.25,5.67003514138694
6.02d,6.02,26.04,raw,1088,15,0,3.75,2.18509686118416
6.02d,6.02,26.04,raw,1089,289,0,72.25,9.59122292031186
6.02d,6.02,26.04,raw,1091,237,0,59.25,8.68558823716381
6.02d,6.02,26.04,raw,1092,50,0,12.5,3.98942280401433
6.02d,6.02,26.04,raw,1093,13,0,3.25,2.03421447256411
6.02d,6.02,26.04,raw,1098,144,0,36,6.77027500257308
6.02d,6.02,26.04,raw,1101,172,0,43,7.39927702033192
6.02d,6.02,26.04,raw,1106,116,0,29,6.0765077797465
6.02d,6.02,26.04,raw,1108,124,0,31,6.28254931431422
6.02d,6.02,26.04,raw,1113,597,0,149.25,13.7851732688321
6.02d,6.02,26.04,raw,1115,300,0,75,9.7720502380584
6.02d,6.02,26.04,raw,1117,27,0,6.75,2.93161507141752
6.02d,6.02,26.04,raw,1118,392,0,98,11.1703838512401
6.02d,6.02,26.04,raw,1121,7,0,1.75,1.49270533036046
6.02d,6.02,26.04,raw,1124,390,0,97.5,11.1418515342684
6.02d,6.02,26.04,raw,1126,77,0,19.25,4.95074350336915
6.02d,6.02,26.04,raw,1128,25,0,6.25,2.82094791773878
6.02d,6.02,26.04,raw,1133,389,0,97.25,11.1275579407835
6.02d,6.02,26.04,raw,1136,432,0,108,11.7264602856701
6.02d,6.02,26.04,raw,1140,49,0,12.25,3.94932708483429
6.02d,6.02,26.04,raw,1141,17,0,4.25,2.32621324584064
6.02d,6.02,26.04,raw,1144,34,0,8.5,3.28976232123977
6.02d,6.02,26.04,raw,1147,176,0,44,7.48482063701911
6.02d,6.02,26.04,raw,1148,39,0,9.75,3.52336281997296
6.02d,6.02,26.04,raw,1149,48,1,12,3.90882009522336
6.02d,6.02,26.04,raw,1153,23,0,5.75,2.705758189903
6.02d,6.02,26.04,raw,1156,33,0,8.25,3.24102240721429
6.02d,6.02,26.04,raw,1157,36,0,9,3.38513750128654
6.02d,6.02,26.04,raw,1159,25,0,6.25,2.82094791773878
6.02d,6.02,26.04,raw,1161,88,0,22,5.29256742840123
6.02d,6.02,26.04,raw,1167,86,0,21.5,5.23207895695449
6.02d,6.02,26.04,raw,1172,14,1,3.5,2.11100412282238
6.02d,6.02,26.04,raw,1173,16,0,4,2.25675833419103
6.02d,6.02,26.04,raw,1176,253,0,63.25,8.97398468933946
6.02d,6.02,26.04,raw,1178,174,0,43.5,7.44217173921562
6.02d,6.02,26.04,raw,1179,26,0,6.5,2.8768136958758
6.02d,6.02,26.04,raw,1181,36,0,9,3.38513750128654
6.02d,6.02,26.04,raw,1182,118,0,29.5,6.12866760150094
6.02d,6.02,26.04,raw,1185,74,0,18.5,4.85334230995512
6.02d,6.02,26.04,raw,1188,97,0,24.25,5.55662298161641
6.02d,6.02,26.04,raw,1190,193,0,48.25,7.83797218886822
6.02d,6.02,26.04,raw,1195,54,0,13.5,4.14592979365603
6.02d,6.02,26.04,raw,1197,125,0,31.25,6.3078313050504
6.02d,6.02,26.04,raw,1200,99,0,24.75,5.61361547776433
6.02d,6.02,26.04,raw,1207,341,0,85.25,10.4184294012424
6.02d,6.02,26.04,raw,1213,34,0,8.5,3.28976232123977
6.02d,6.02,26.04,raw,1215,37,0,9.25,3.43183125878885
6.02d,6.02,26.04,raw,1217,321,0,80.25,10.1082873655727
6.02d,6.02,26.04,raw,1219,72,0,18,4.78730736481719
6.02d,6.02,26.04,raw,1221,97,0,24.25,5.55662298161641
6.02d,6.02,26.04,raw,1224,415,0,103.75,11.4934156266218
6.02d,6.02,26.04,raw,1229,12,0,3,1.95441004761168
6.02d,6.02,26.04,raw,1233,9,0,2.25,1.69256875064327
6.02d,6.02,26.04,raw,1235,68,1,17,4.65242649168128
6.02d,6.02,26.04,raw,1241,18,0,4.5,2.3936536824086
6.02d,6.02,26.04,raw,1242,65,0,16.25,4.54864184146723
6.02d,6.02,26.04,raw,1243,820,0,205,16.1559310060024
6.02d,6.02,26.04,raw,1245,55,0,13.75,4.184141935942
6.02d,6.02,26.04,raw,1250,292,0,73,9.64087582980234
6.02d,6.02,26.04,raw,1254,40,0,10,3.56824823230554
6.02d,6.02,26.04,raw,1256,244,0,61,8.81292302410755
6.02d,6.02,26.04,raw,1261,14,0,3.5,2.11100412282238
6.02d,6.02,26.04,raw,1262,183,1,45.75,7.63221522047392
6.02d,6.02,26.04,raw,1264,246,0,61.5,8.84896784948462
6.02d,6.02,26.04,raw,1265,24,0,6,2.76395319577068
6.02d,6.02,26.04,raw,1269,430,0,107.5,11.6992842113964
6.02d,6.02,26.04,raw,1270,277,0,69.25,9.38998607415954
6.02d,6.02,26.04,raw,1271,119,0,29.75,6.15458174499869
6.02d,6.02,26.04,raw,1273,176,0,44,7.48482063701911
6.02d,6.02,26.04,raw,1275,172,0,43,7.39927702033192
6.02d,6.02,26.04,raw,1277,112,0,28,5.97082132144185
6.02d,6.02,26.04,raw,1278,15,0,3.75,2.18509686118416
6.02d,6.02,26.04,raw,1280,357,0,89.25,10.6600482816736
6.02d,6.02,26.04,raw,1283,71,0,17.75,4.75394593143939
6.02d,6.02,26.04,raw,1285,91,0,22.75,5.38202560777306
6.02d,6.02,26.04,raw,1288,590,0,147.5,13.7041173684567
6.02d,6.02,26.04,raw,1289,56,0,14,4.22200824564475
6.02d,6.02,26.04,raw,1296,144,0,36,6.77027500257308
6.02d,6.02,26.04,raw,1299,16,0,4,2.25675833419103
6.02d,6.02,26.04,raw,1304,205,0,51.25,8.07796550300118
6.02d,6.02,26.04,raw,1313,150,0,37.5,6.90988298942671
6.02d,6.02,26.04,raw,1315,103,0,25.75,5.72589890558072
6.02d,6.02,26.04,raw,1323,50,0,12.5,3.98942280401433
6.02d,6.02,26.04,raw,1324,36,0,9,3.38513750128654
6.02d,6.02,26.04,raw,1333,324,0,81,10.1554125038596
6.02d,6.02,26.04,raw,1334,19,0,4.75,2.45924537968297
6.02d,6.02,26.04,raw,1339,1001,0,250.25,17.8501595530677
6.02d,6.02,26.04,raw,1342,131,0,32.75,6.45744493511765
6.02d,6.02,26.04,raw,1343,28,0,7,2.98541066072092
6.02d,6.02,26.04,raw,1347,32,0,8,3.19153824321146
6.02d,6.02,26.04,raw,1350,54,0,13.5,4.14592979365603
6.02d,6.02,26.04,raw,1351,201,0,50.25,7.99876785029682
6.02d,6.02,26.04,raw,1352,56,0,14,4.22200824564475
6.02d,6.02,26.04,raw,1353,10,0,2.5,1.78412411615277
6.02d,6.02,26.04,raw,1358,237,0,59.25,8.68558823716381
6.02d,6.02,26.04,raw,1362,8,0,2,1.59576912160573
6.02d,6.02,26.04,raw,1363,203,0,50.75,8.03846421247924
6.02d,6.02,26.04,raw,1364,27,0,6.75,2.93161507141752
6.02d,6.02,26.04,raw,1365,148,0,37,6.8636625175777
6.02d,6.02,26.04,raw,1380,93,0,23.25,5.44084730672462
6.02d,6.02,26.04,raw,1381,90,0,22.5,5.35237234845831
6.02d,6.02,26.04,raw,1382,79,0,19.75,5.01462670679677
6.02d,6.02,26.04,raw,1383,403,0,100.75,11.3260268466955
6.02d,6.02,26.04,raw,1386,5,0,1.25,1.26156626101008
6.02d,6.02,26.04,raw,1387,312,0,78,9.96557497033376
6.02d,6.02,26.04,raw,1391,244,0,61,8.81292302410755
6.02d,6.02,26.04,raw,1393,87,0,21.75,5.26241010355424
6.02d,6.02,26.04,raw,1395,198,0,49.5,7.93885114260184
6.02d,6.02,26.04,raw,1403,415,0,103.75,11.4934156266218
6.02d,6.02,26.04,raw,1406,275,1,68.75,9.35602579627389
6.02d,6.02,26.04,raw,1410,68,0,17,4.65242649168128
6.02d,6.02,26.04,raw,1412,512,0,128,12.7661529728458
6.02d,6.02,26.04,raw,1414,339,0,84.75,10.3878318919929
6.02d,6.02,26.04,raw,1416,26,0,6.5,2.8768136958758
6.02d,6.02,26.04,raw,1417,86,0,21.5,5.23207895695449
6.02d,6.02,26.04,raw,1422,70,0,17.5,4.72034871941315
6.02d,6.02,26.04,raw,1423,10,0,2.5,1.78412411615277
6.02d,6.02,26.04,raw,1429,258,0,64.5,9.06222658265716
6.02d,6.02,26.04,raw,1437,145,1,36.25,6.79374223065974
6.02d,6.02,26.04,raw,1438,273,0,68.25,9.3219418002997
6.02d,6.02,26.04,raw,1445,361,0,90.25,10.7196020874074
6.02d,6.02,26.04,raw,1446,78,0,19.5,4.98278748516688
6.02d,6.02,26.04,raw,1455,141,0,35.25,6.69938011698952
6.02d,6.02,26.04,raw,1456,26,0,6.5,2.8768136958758
6.02d,6.02,26.04,raw,1459,31,0,7.75,3.14127465715711
6.02d,6.02,26.04,raw,1462,162,0,40.5,7.18096104722579
6.02d,6.02,26.04,raw,1463,145,0,36.25,6.79374223065974
6.02d,6.02,26.04,raw,1465,5,0,1.25,1.26156626101008
6.02d,6.02,26.04,raw,1466,8,0,2,1.59576912160573
6.02d,6.02,26.04,raw,1469,71,0,17.75,4.75394593143939
6.02d,6.02,26.04,raw,1477,76,0,19,4.91849075936593
6.02d,6.02,26.04,raw,1479,60,0,15,4.37019372236832
6.02d,6.02,26.04,raw,1481,321,0,80.25,10.1082873655727
6.02d,6.02,26.04,raw,1485,479,0,119.75,12.3478919448639
6.02d,6.02,26.04,raw,1496,260,1,65,9.09728368293446
6.02d,6.02,26.04,raw,1505,529,0,132.25,12.9763604215984
6.02d,6.02,26.04,raw,1509,308,0,77,9.90148700673831
6.02d,6.02,26.04,raw,1511,31,0,7.75,3.14127465715711
6.02d,6.02,26.04,raw,1514,115,0,28.75,6.0502592432999
6.02d,6.02,26.04,raw,1517,66,0,16.5,4.58349784423754
6.02d,6.02,26.04,raw,1518,311,0,77.75,9.94959168022281
6.02d,6.02,26.04,raw,1520,226,0,56.5,8.48162922306421
6.02d,6.02,26.04,raw,1521,312,0,78,9.96557497033376
6.02d,6.02,26.04,raw,1523,21,0,5.25,2.58544147291321
6.02d,6.02,26.04,raw,1525,53,0,13.25,4.10736216661508
6.02d,6.02,26.04,raw,1527,23,0,5.75,2.705758189903
6.02d,6.02,26.04,raw,1528,430,0,107.5,11.6992842113964
6.02d,6.02,26.04,raw,1530,82,0,20.5,5.10895396995029
6.02d,6.02,26.04,raw,1532,97,0,24.25,5.55662298161641
6.02d,6.02,26.04,raw,1533,597,0,149.25,13.7851732688321
6.02d,6.02,26.04,raw,1535,171,0,42.75,7.3777361390489
6.02d,6.02,26.04,raw,1537,19,0,4.75,2.45924537968297
6.02d,6.02,26.04,raw,1538,267,0,66.75,9.21893375673522
6.02d,6.02,26.04,raw,1542,124,0,31,6.28254931431422
6.02d,6.02,26.04,raw,1545,204,0,51,8.0582390620714
6.02d,6.02,26.04,raw,1548,10,0,2.5,1.78412411615277
6.02d,6.02,26.04,raw,1551,11,0,2.75,1.87120515925478
6.02d,6.02,26.04,raw,1552,56,0,14,4.22200824564475
6.02d,6.02,26.04,raw,1553,317,0,79.25,10.0451099506308
6.02d,6.02,26.04,raw,1561,14,0,3.5,2.11100412282238
6.02d,6.02,26.04,raw,1563,81,0,20.25,5.07770625192981
6.02d,6.02,26.04,raw,1566,414,0,103.5,11.4795597859887
6.02d,6.02,26.04,raw,1567,176,0,44,7.48482063701911
6.02d,6.02,26.04,raw,1568,71,0,17.75,4.75394593143939
6.02d,6.02,26.04,raw,1576,26,0,6.5,2.8768136958758
6.02d,6.02,26.04,raw,1577,95,1,23.75,5.4990398423234
6.02d,6.02,26.04,raw,1579,29,1,7.25,3.03825388987325
6.02d,6.02,26.04,raw,1581,53,0,13.25,4.10736216661508
6.02d,6.02,26.04,raw,1583,32,0,8,3.19153824321146
6.02d,6.02,26.04,raw,1584,502,0,125.5,12.6408687543326
6.02d,6.02,26.04,raw,1585,22,0,5.5,2.64628371420061
6.02d,6.02,26.04,raw,1586,80,0,20,5.04626504404032
6.02d,6.02,26.04,raw,1589,228,0,57,8.51907589177983
6.02d,6.02,26.04,raw,1595,36,0,9,3.38513750128654
6.02d,6.02,26.04,raw,1597,7,0,1.75,1.49270533036046
6.02d,6.02,26.04,raw,1603,365,0,91.25,10.7788268590364
6.02d,6.02,26.04,raw,1605,367,0,91.75,10.808317548511
6.02d,6.02,26.04,raw,1608,112,0,28,5.97082132144185
6.02d,6.02,26.04,raw,1609,160,0,40,7.13649646461108
6.02d,6.02,26.04,raw,1613,679,0,169.75,14.7014425387033
6.02d,6.02,26.04,raw,1617,31,0,7.75,3.14127465715711
6.02d,6.02,26.04,raw,1618,177,0,44.25,7.50605421340207
6.02d,6.02,26.04,raw,1620,117,0,29.25,6.10264341769233
6.02d,6.02,26.04,raw,1623,365,0,91.25,10.7788268590364
6.02d,6.02,26.04,raw,1632,102,0,25.5,5.69803548521301
6.02d,6.02,26.04,raw,1633,100,0,25,5.64189583547756
6.02d,6.02,26.04,raw,1638,342,0,85.5,10.4336945074531
6.02d,6.02,26.04,raw,1639,69,0,17.25,4.6865106579076
6.02d,6.02,26.04,raw,1640,32,0,8,3.19153824321146
6.02d,6.02,26.04,raw,1641,274,0,68.5,9.33899934759387
6.02d,6.02,26.04,raw,1643,65,0,16.25,4.54864184146723
6.02d,6.02,26.04,raw,1647,33,0,8.25,3.24102240721429
6.02d,6.02,26.04,raw,1649,47,0,11.75,3.86788891394752
6.02d,6.02,26.04,raw,1654,11,0,2.75,1.87120515925478
6.02d,6.02,26.04,raw,1656,249,0,62.25,8.90276146258923
6.02d,6.02,26.04,raw,1657,84,0,21,5.17088294582641
6.02d,6.02,26.04,raw,1663,277,0,69.25,9.38998607415954
6.02d,6.02,26.04,raw,1665,97,1,24.25,5.55662298161641
6.02d,6.02,26.04,raw,1667,352,0,88,10.5851348568025
6.02d,6.02,26.04,raw,1669,284,0,71,9.50789186287878
6.02d,6.02,26.04,raw,1672,273,0,68.25,9.3219418002997
6.02d,6.02,26.04,raw,1677,60,0,15,4.37019372236832
6.02d,6.02,26.04,raw,1679,28,1,7,2.98541066072092
6.02d,6.02,26.04,raw,1680,140,0,35,6.67558117812455
6.02d,6.02,26.04,raw,1681,22,0,5.5,2.64628371420061
6.02d,6.02,26.04,raw,1686,138,0,34.5,6.62772693261899
6.02d,6.02,26.04,raw,1687,58,0,14.5,4.29673985699156
6.02d,6.02,26.04,raw,1691,121,0,30.25,6.20608541902532
6.02d,6.02,26.04,raw,1694,35,0,8.75,3.33779058906227
6.02d,6.02,26.04,raw,1699,12,0,3,1.95441004761168
6.02d,6.02,26.04,raw,1701,538,0,134.5,13.0862797909444
6.02d,6.02,26.04,raw,1704,446,0,111.5,11.9149573745763
6.02d,6.02,26.04,raw,1705,49,0,12.25,3.94932708483429
6.02d,6.02,26.04,raw,1706,41,1,10.25,3.61257599692178
6.02d,6.02,26.04,raw,1707,65,0,16.25,4.54864184146723
6.02d,6.02,26.04,raw,1710,248,0,62,8.88486644658096
6.02d,6.02,26.04,raw,1717,155,0,38.75,7.02410366940064
6.02d,6.02,26.04,raw,1718,130,0,32.5,6.43275098258069
6.02d,6.02,26.04,raw,1720,216,0,54,8.29185958731205
6.02d,6.02,26.04,raw,1721,20,0,5,2.52313252202016
6.02d,6.02,26.04,raw,1725,347,0,86.75,10.5096874599474
6.02d,6.02,26.04,raw,1727,8,0,2,1.59576912160573
6.02d,6.02,26.04,raw,1728,15,0,3.75,2.18509686118416
6.02d,6.02,26.04,raw,1729,146,0,36.5,6.81712867583072
6.02d,6.02,26.04,raw,1730,337,0,84.25,10.3571439906925
6.02d,6.02,26.04,raw,1734,135,0,33.75,6.55529058355247
6.02d,6.02,26.04,raw,1735,190,0,47.5,7.77681672504375
6.02d,6.02,26.04,raw,1737,27,0,6.75,2.93161507141752
6.02d,6.02,26.04,raw,1738,9,0,2.25,1.69256875064327
6.02d,6.02,26.04,raw,1740,35,0,8.75,3.33779058906227
6.02d,6.02,26.04,raw,1749,237,0,59.25,8.68558823716381
6.02d,6.02,26.04,raw,1757,173,0,43.25,7.42075537326193
6.02d,6.02,26.04,raw,1770,74,0,18.5,4.85334230995512
6.02d,6.02,26.04,raw,1772,37,0,9.25,3.43183125878885
6.02d,6.02,26.04,raw,1773,21,0,5.25,2.58544147291321
6.02d,6.02,26.04,raw,1775,658,0,164.5,14.4723151260928
6.02d,6.02,26.04,raw,1776,70,0,17.5,4.72034871941315
6.02d,6.02,26.04,raw,1780,288,0,72,9.57461472963438
6.02d,6.02,26.04,raw,1781,40,0,10,3.56824823230554
6.02d,6.02,26.04,raw,1782,93,0,23.25,5.44084730672462
6.02d,6.02,26.04,raw,1783,12,0,3,1.95441004761168
6.02d,6.02,26.04,raw,1784,90,0,22.5,5.35237234845831
6.02d,6.02,26.04,raw,1788,112,0,28,5.97082132144185
6.02d,6.02,26.04,raw,1789,44,0,11,3.74241031850956
6.02d,6.02,26.04,raw,1794,14,0,3.5,2.11100412282238
6.02d,6.02,26.04,raw,1797,50,0,12.5,3.98942280401433
6.02d,6.02,26.04,raw,1800,50,0,12.5,3.98942280401433
6.02d,6.02,26.04,raw,1803,144,0,36,6.77027500257308
6.02d,6.02,26.04,raw,1804,27,0,6.75,2.93161507141752
6.02d,6.02,26.04,raw,1807,5,0,1.25,1.26156626101008
6.02d,6.02,26.04,raw,1812,96,0,24,5.52790639154137
6.02d,6.02,26.04,raw,1813,9,0,2.25,1.69256875064327
6.02d,6.02,26.04,raw,1818,132,0,33,6.48204481442857
6.02d,6.02,26.04,raw,1821,55,0,13.75,4.184141935942
6.02d,6.02,26.04,raw,1823,442,0,110.5,11.8614067333194
6.02d,6.02,26.04,raw,1825,228,0,57,8.51907589177983
6.02d,6.02,26.04,raw,1829,90,0,22.5,5.35237234845831
6.02d,6.02,26.04,raw,1832,112,0,28,5.97082132144185
6.02d,6.02,26.04,raw,1833,85,0,21.25,5.2015709478601
6.02d,6.02,26.04,raw,1836,16,0,4,2.25675833419103
6.02d,6.02,26.04,raw,1837,378,0,94.5,10.9690991871472
6.02d,6.02,26.04,raw,1840,15,1,3.75,2.18509686118416
6.02d,6.02,26.04,raw,1841,181,1,45.25,7.5903945483266
6.02d,6.02,26.04,raw,1842,127,0,31.75,6.35809370372452
6.02d,6.02,26.04,raw,1848,346,0,86.5,10.49453289192
6.02d,6.02,26.04,raw,1849,158,0,39.5,7.09175309899033
6.02d,6.02,26.04,raw,1850,137,0,34.25,6.60366976818037
6.02d,6.02,26.04,raw,1852,191,0,47.75,7.79725517481017
6.02d,6.02,26.04,raw,1859,153,0,38.25,6.97863973752192
6.02d,6.02,26.04,raw,1860,212,0,53,8.21472433323015
6.02d,6.02,26.04,raw,1861,21,0,5.25,2.58544147291321
6.02d,6.02,26.04,raw,1863,98,0,24.5,5.58519192562006
6.02d,6.02,26.04,raw,1868,169,0,42.25,7.33446458612083
6.02d,6.02,26.04,raw,1873,15,0,3.75,2.18509686118416
6.02d,6.02,26.04,raw,1875,17,0,4.25,2.32621324584064
6.02d,6.02,26.04,raw,1877,58,0,14.5,4.29673985699156
6.02d,6.02,26.04,raw,1882,139,0,34.75,6.65169709018284
6.02d,6.02,26.04,raw,1885,434,0,108.5,11.7535735248377
6.02d,6.02,26.04,raw,1887,277,0,69.25,9.38998607415954
6.02d,6.02,26.04,raw,1892,37,0,9.25,3.43183125878885
6.02d,6.02,26.04,raw,1894,196,0,49,7.89865416966859
6.02d,6.02,26.04,raw,1895,20,0,5,2.52313252202016
6.02d,6.02,26.04,raw,1896,217,0,54.25,8.31103154258739
6.02d,6.02,26.04,raw,1898,243,0,60.75,8.79484521425256
6.02d,6.02,26.04,raw,1901,325,0,81.25,10.1710723628205
6.02d,6.02,26.04,raw,1903,92,0,23,5.41151637980601
6.02d,6.02,26.04,raw,1906,191,0,47.75,7.79725517481017
6.02d,6.02,26.04,raw,1908,157,0,39.25,7.06927521962861
6.02d,6.02,26.04,raw,1910,141,0,35.25,6.69938011698952
6.02d,6.02,26.04,raw,1914,45,0,11.25,3.78469878303024
6.02d,6.02,26.04,raw,1919,199,0,49.75,7.95887349758585
6.02d,6.02,26.04,raw,1922,700,0,175,14.9270533036046
6.02d,6.02,26.04,raw,1929,58,0,14.5,4.29673985699156
6.02d,6.02,26.04,raw,1931,51,0,12.75,4.0291195310357
6.02d,6.02,26.04,raw,1933,167,0,41.75,7.29093622196032
6.02d,6.02,26.04,raw,1936,344,0,86,10.464157913909
6.02d,6.02,26.04,raw,1939,86,0,21.5,5.23207895695449
6.02d,6.02,26.04,raw,1943,52,0,13,4.06842894512822
6.02d,6.02,26.04,raw,1944,272,0,68,9.30485298336256
6.02d,6.02,26.04,raw,1945,67,0,16.75,4.61809077155419
6.02d,6.02,26.04,raw,1946,43,0,10.75,3.69963851016596
6.02d,6.02,26.04,raw,1948,270,0,67.5,9.27058084855655
6.02d,6.02,26.04,raw,1949,184,0,46,7.65303985732581
6.02d,6.02,26.04,raw,1951,70,0,17.5,4.72034871941315
6.02d,6.02,26.04,raw,1953,70,0,17.5,4.72034871941315
6.02d,6.02,26.04,raw,1954,137,0,34.25,6.60366976818037
6.02d,6.02,26.04,raw,1959,155,0,38.75,7.02410366940064
6.02d,6.02,26.04,raw,1961,133,0,33.25,6.50655168752575
6.02d,6.02,26.04,raw,1963,110,1,27.5,5.9172702727032
6.02d,6.02,26.04,raw,1967,28,0,7,2.98541066072092
6.02d,6.02,26.04,raw,1971,53,0,13.25,4.10736216661508
6.02d,6.02,26.04,raw,1973,622,0,155.5,14.0708474942456
6.02d,6.02,26.04,raw,1976,122,1,30.5,6.2316776324215
6.02d,6.02,26.04,raw,1977,242,0,60.5,8.77673016883152
6.02d,6.02,26.04,raw,1981,293,0,73.25,9.65737006911564
6.02d,6.02,26.04,raw,1987,69,0,17.25,4.6865106579076
6.02d,6.02,26.04,raw,1992,24,0,6,2.76395319577068
6.02d,6.02,26.04,raw,1997,66,0,16.5,4.58349784423754
6.02d,6.02,26.04,raw,1999,32,0,8,3.19153824321146
6.02d,6.02,26.04,raw,2000,149,0,37.25,6.88681152939332
6.02d,6.02,26.04,raw,2001,314,0,78.5,9.99746489174682
6.02d,6.02,26.04,raw,2003,31,0,7.75,3.14127465715711
6.02d,6.02,26.04,raw,2007,58,0,14.5,4.29673985699156
6.02d,6.02,26.04,raw,2011,21,0,5.25,2.58544147291321
6.02d,6.02,26.04,raw,2013,222,0,55.5,8.40623546736597
6.02d,6.02,26.04,raw,2016,84,0,21,5.17088294582641
6.02d,6.02,26.04,raw,2017,7,0,1.75,1.49270533036046
6.02d,6.02,26.04,raw,2020,254,0,63.5,8.9917023466462
6.02d,6.02,26.04,raw,2022,39,0,9.75,3.52336281997296
6.02d,6.02,26.04,raw,2024,9,0,2.25,1.69256875064327
6.02d,6.02,26.04,raw,2027,37,0,9.25,3.43183125878885
6.02d,6.02,26.04,raw,2029,238,0,59.5,8.70389297451101
6.02d,6.02,26.04,raw,2030,22,0,5.5,2.64628371420061
6.02d,6.02,26.04,raw,2032,93,0,23.25,5.44084730672462
6.02d,6.02,26.04,raw,2033,37,0,9.25,3.43183125878885
6.02d,6.02,26.04,raw,2035,65,0,16.25,4.54864184146723
6.02d,6.02,26.04,raw,2037,92,0,23,5.41151637980601
6.02d,6.02,26.04,raw,2043,193,0,48.25,7.83797218886822
6.02d,6.02,26.04,raw,2045,86,0,21.5,5.23207895695449
6.02d,6.02,26.04,raw,2046,15,0,3.75,2.18509686118416
6.02d,6.02,26.04,raw,2047,402,0,100.5,11.3119659761636
6.02d,6.02,26.04,raw,2048,53,0,13.25,4.10736216661508
6.02d,6.02,26.04,raw,2054,160,0,40,7.13649646461108
6.02d,6.02,26.04,raw,2056,119,0,29.75,6.15458174499869
6.02d,6.02,26.04,raw,2058,8,0,2,1.59576912160573
6.02d,6.02,26.04,raw,2064,233,0,58.25,8.61198022993685
6.02d,6.02,26.04,raw,2067,150,0,37.5,6.90988298942671
6.02d,6.02,26.04,raw,2069,124,0,31,6.28254931431422
6.02d,6.02,26.04,raw,2075,11,0,2.75,1.87120515925478
6.02d,6.02,26.04,raw,2084,193,0,48.25,7.83797218886822
6.02d,6.02,26.04,raw,2088,99,0,24.75,5.61361547776433
6.02d,6.02,26.04,raw,2096,45,0,11.25,3.78469878303024
6.02d,6.02,26.04,raw,2100,344,0,86,10.464157913909
6.02d,6.02,26.04,raw,2106,14,0,3.5,2.11100412282238
6.02d,6.02,26.04,raw,2108,54,0,13.5,4.14592979365603
6.02d,6.02,26.04,raw,2112,68,0,17,4.65242649168128
6.02d,6.02,26.04,raw,2114,5,0,1.25,1.26156626101008
6.02d,6.02,26.04,raw,2116,612,0,153,13.9572794750438
6.02d,6.02,26.04,raw,2119,70,0,17.5,4.72034871941315
6.02d,6.02,26.04,raw,2120,9,0,2.25,1.69256875064327
6.02d,6.02,26.04,raw,2123,141,0,35.25,6.69938011698952
6.02d,6.02,26.04,raw,2125,10,0,2.5,1.78412411615277
6.02d,6.02,26.04,raw,2128,139,0,34.75,6.65169709018284
6.02d,6.02,26.04,raw,2129,68,0,17,4.65242649168128
6.02d,6.02,26.04,raw,2130,122,0,30.5,6.2316776324215
6.02d,6.02,26.04,raw,2131,42,0,10.5,3.65636639571573
6.02d,6.02,26.04,raw,2135,132,1,33,6.48204481442857
6.02d,6.02,26.04,raw,2137,17,0,4.25,2.32621324584064
6.02d,6.02,26.04,raw,2141,177,0,44.25,7.50605421340207
6.02d,6.02,26.04,raw,2142,406,0,101.5,11.3681051099389
6.02d,6.02,26.04,raw,2149,5,0,1.25,1.26156626101008
6.02d,6.02,26.04,raw,2150,162,0,40.5,7.18096104722579
6.02d,6.02,26.04,raw,2154,215,0,53.75,8.27264320090713
6.02d,6.02,26.04,raw,2158,74,0,18.5,4.85334230995512
6.02d,6.02,26.04,raw,2167,65,0,16.25,4.54864184146723
6.02d,6.02,26.04,raw,2172,127,0,31.75,6.35809370372452
6.02d,6.02,26.04,raw,2177,121,0,30.25,6.20608541902532
6.02d,6.02,26.04,raw,2179,56,1,14,4.22200824564475
6.02d,6.02,26.04,raw,2180,158,0,39.5,7.09175309899033
6.02d,6.02,26.04,raw,2186,160,0,40,7.13649646461108
6.02d,6.02,26.04,raw,2187,88,0,22,5.29256742840123
6.02d,6.02,26.04,raw,2194,102,0,25.5,5.69803548521301
6.02d,6.02,26.04,raw,2198,44,0,11,3.74241031850956
6.02d,6.02,26.04,raw,2199,340,0,85,10.4031418957202
6.02d,6.02,26.04,raw,2205,74,0,18.5,4.85334230995512
6.02d,6.02,26.04,raw,2207,47,0,11.75,3.86788891394752
6.02d,6.02,26.04,raw,2211,179,0,44.75,7.54834217738561
6.02d,6.02,26.04,raw,2212,509,0,127.25,12.7286971865761
6.02d,6.02,26.04,raw,2214,19,0,4.75,2.45924537968297
6.02d,6.02,26.04,raw,2217,38,0,9.5,3.47789816915102
6.02d,6.02,26.04,raw,2219,298,0,74.5,9.73942226637543
6.02d,6.02,26.04,raw,2221,123,0,30.75,6.25716517287232
6.02d,6.02,26.04,raw,2222,91,0,22.75,5.38202560777306
6.02d,6.02,26.04,raw,2224,16,0,4,2.25675833419103
6.02d,6.02,26.04,raw,2227,13,0,3.25,2.03421447256411
6.02d,6.02,26.04,raw,2230,99,0,24.75,5.61361547776433
6.02d,6.02,26.04,raw,2236,113,0,28.25,5.99741753913869
6.02d,6.02,26.04,raw,2238,9,0,2.25,1.69256875064327
6.02d,6.02,26.04,raw,2240,422,0,105.5,11.5899427077773
6.02d,6.02,26.04,raw,2242,12,0,3,1.95441004761168
6.02d,6.02,26.04,raw,2248,53,0,13.25,4.10736216661508
6.02d,6.02,26.04,raw,2249,254,0,63.5,8.9917023466462
6.02d,6.02,26.04,raw,2250,132,0,33,6.48204481442857
6.02d,6.02,26.04,raw,2252,143,0,35.75,6.74672614860586
6.02d,6.02,26.04,raw,2253,106,0,26.5,5.80868728160518
6.02d,6.02,26.04,raw,2257,770,0,192.5,15.655625581928
6.02d,6.02,26.04,raw,2265,40,0,10,3.56824823230554
6.02d,6.02,26.04,raw,2270,52,0,13,4.06842894512822
6.02d,6.02,26.04,raw,2271,34,0,8.5,3.28976232123977
6.02d,6.02,26.04,raw,2273,370,0,92.5,10.8524033231355
6.02d,6.02,26.04,raw,2278,158,0,39.5,7.09175309899033
6.02d,6.02,26.04,raw,2281,84,0,21,5.17088294582641
6.02d,6.02,26.04,raw,2286,307,0,76.75,9.88540009602159
6.02d,6.02,26.04,raw,2290,64,0,16,4.51351666838205
6.02d,6.02,26.04,raw,2291,22,0,5.5,2.64628371420061
6.02d,6.02,26.04,raw,2302,52,0,13,4.06842894512822
6.02d,6.02,26.04,raw,2303,85,0,21.25,5.2015709478601
6.02d,6.02,26.04,raw,2304,67,0,16.75,4.61809077155419
6.02d,6.02,26.04,raw,2306,84,0,21,5.17088294582641
6.02d,6.02,26.04,raw,2309,24,0,6,2.76395319577068
6.02d,6.02,26.04,raw,2310,540,0,135,13.1105811671049
6.02d,6.02,26.04,raw,2312,677,0,169.25,14.6797749623905
6.02d,6.02,26.04,raw,2314,298,1,74.5,9.73942226637543
6.02d,6.02,26.04,raw,2315,173,0,43.25,7.42075537326193
6.02d,6.02,26.04,raw,2317,128,0,32,6.38307648642292
6.02d,6.02,26.04,raw,2319,9,0,2.25,1.69256875064327
6.02d,6.02,26.04,raw,2322,186,0,46.5,7.69452005197108
6.02d,6.02,26.04,raw,2324,6,0,1.5,1.38197659788534
6.02d,6.02,26.04,raw,2325,153,1,38.25,6.97863973752192
6.02d,6.02,26.04,raw,2330,15,0,3.75,2.18509686118416
6.02d,6.02,26.04,raw,2332,558,0,139.5,13.3272996698714
6.02d,6.02,26.04,raw,2339,307,0,76.75,9.88540009602159
6.02d,6.02,26.04,raw,2340,238,0,59.5,8.70389297451101
6.02d,6.02,26.04,raw,2342,134,0,33.5,6.53096660140197
6.02d,6.02,26.04,raw,2343,38,0,9.5,3.47789816915102
6.02d,6.02,26.04,raw,2345,61,0,15.25,4.40646151205377
6.02d,6.02,26.04,raw,2346,58,0,14.5,4.29673985699156
6.02d,6.02,26.04,raw,2350,228,0,57,8.51907589177983
6.02d,6.02,26.04,raw,2354,43,0,10.75,3.69963851016596
6.02d,6.02,26.04,raw,2355,12,0,3,1.95441004761168
6.02d,6.02,26.04,raw,2358,428,0,107,11.672044863119
6.02d,6.02,26.04,raw,2359,185,0,46.25,7.67380798196054
6.02d,6.02,26.04,raw,2366,72,0,18,4.78730736481719
6.02d,6.02,26.04,raw,2367,65,0,16.25,4.54864184146723
6.02d,6.02,26.04,raw,2368,5,0,1.25,1.26156626101008
6.02d,6.02,26.04,raw,2369,563,0,140.75,13.3868766305466
6.02d,6.02,26.04,raw,2370,100,0,25,5.64189583547756
6.02d,6.02,26.04,raw,2372,89,0,22.25,5.32255388609241
6.02d,6.02,26.04,raw,2377,126,0,31.5,6.33301236846713
6.02d,6.02,26.04,raw,2379,82,0,20.5,5.10895396995029
6.02d,6.02,26.04,raw,2381,83,1,20.75,5.14001172695692
6.02d,6.02,26.04,raw,2386,104,0,26,5.75362739175159
6.02d,6.02,26.04,raw,2389,95,0,23.75,5.4990398423234
6.02d,6.02,26.04,raw,2392,109,1,27.25,5.89031218137317
6.02d,6.02,26.04,raw,2394,6,0,1.5,1.38197659788534
6.02d,6.02,26.04,raw,2396,228,0,57,8.51907589177983
6.02d,6.02,26.04,raw,2397,38,0,9.5,3.47789816915102
6.02d,6.02,26.04,raw,2400,73,0,18.25,4.82043791490117
6.02d,6.02,26.04,raw,2405,89,0,22.25,5.32255388609241
6.02d,6.02,26.04,raw,2409,56,0,14,4.22200824564475
6.02d,6.02,26.04,raw,2421,229,0,57.25,8.53773763570233
6.02d,6.02,26.04,raw,2424,26,0,6.5,2.8768136958758
6.02d,6.02,26.04,raw,2425,114,0,28.5,6.02389633252035
6.02d,6.02,26.04,raw,2427,20,0,5,2.52313252202016
6.02d,6.02,26.04,raw,2430,70,0,17.5,4.72034871941315
6.02d,6.02,26.04,raw,2432,353,0,88.25,10.6001598960996
6.02d,6.02,26.04,raw,2439,223,0,55.75,8.42514715711158
6.02d,6.02,26.04,raw,2441,12,0,3,1.95441004761168
6.02d,6.02,26.04,raw,2445,12,0,3,1.95441004761168
6.02d,6.02,26.04,raw,2447,588,0,147,13.6808703332818
6.02d,6.02,26.04,raw,2449,54,0,13.5,4.14592979365603
6.02d,6.02,26.04,raw,2451,316,0,79,10.0292534135935
6.02d,6.02,26.04,raw,2456,489,0,122.25,12.4761185608295
6.02d,6.02,26.04,raw,2458,280,0,70,9.4406974388263
6.02d,6.02,26.04,raw,2461,29,0,7.25,3.03825388987325
6.02d,6.02,26.04,raw,2466,20,1,5,2.52313252202016
6.02d,6.02,26.04,raw,2469,82,0,20.5,5.10895396995029
6.02d,6.02,26.04,raw,2471,82,0,20.5,5.10895396995029
6.02d,6.02,26.04,raw,2475,113,0,28.25,5.99741753913869
6.02d,6.02,26.04,raw,2478,65,0,16.25,4.54864184146723
6.02d,6.02,26.04,raw,2480,29,0,7.25,3.03825388987325
6.02d,6.02,26.04,raw,2486,7,0,1.75,1.49270533036046
6.02d,6.02,26.04,raw,2488,44,0,11,3.74241031850956
6.02d,6.02,26.04,raw,2491,176,0,44,7.48482063701911
6.02d,6.02,26.04,raw,2494,214,0,53.5,8.25338207302505
6.02d,6.02,26.04,raw,2495,242,0,60.5,8.77673016883152
6.02d,6.02,26.04,raw,2497,129,0,32.25,6.40796186924587
6.02d,6.02,26.04,raw,2501,7,1,1.75,1.49270533036046
6.02d,6.02,26.04,raw,2503,46,0,11.5,3.82651992866291
6.02d,6.02,26.04,raw,2505,34,0,8.5,3.28976232123977
6.02d,6.02,26.04,raw,2512,205,0,51.25,8.07796550300118
6.02d,6.02,26.04,raw,2514,131,0,32.75,6.45744493511765
6.02d,6.02,26.04,raw,2516,102,0,25.5,5.69803548521301
6.02d,6.02,26.04,raw,2518,255,0,63.75,9.00938516086789
6.02d,6.02,26.04,raw,2520,28,0,7,2.98541066072092
6.02d,6.02,26.04,raw,2523,5,0,1.25,1.26156626101008
6.02d,6.02,26.04,raw,2524,187,0,46.75,7.71517651880816
6.02d,6.02,26.04,raw,2527,1149,0,287.25,19.1242793125695
6.02d,6.02,26.04,raw,2530,77,0,19.25,4.95074350336915
6.02d,6.02,26.04,raw,2532,19,0,4.75,2.45924537968297
6.02d,6.02,26.04,raw,2533,32,0,8,3.19153824321146
6.02d,6.02,26.04,raw,2536,33,0,8.25,3.24102240721429
6.02d,6.02,26.04,raw,2538,110,0,27.5,5.9172702727032
6.02d,6.02,26.04,raw,2541,374,0,93.5,10.9109072690009
6.02d,6.02,26.04,raw,2545,33,0,8.25,3.24102240721429
6.02d,6.02,26.04,raw,2547,72,0,18,4.78730736481719
6.02d,6.02,26.04,raw,2550,477,0,119.25,12.3220864998452
6.02d,6.02,26.04,raw,2554,217,0,54.25,8.31103154258739
6.02d,6.02,26.04,raw,2556,53,0,13.25,4.10736216661508
6.02d,6.02,26.04,raw,2558,183,0,45.75,7.63221522047392
6.02d,6.02,26.04,raw,2560,128,0,32,6.38307648642292
6.02d,6.02,26.04,raw,2561,116,0,29,6.0765077797465
6.02d,6.02,26.04,raw,2564,48,0,12,3.90882009522336
6.02d,6.02,26.04,raw,2565,44,0,11,3.74241031850956
6.02d,6.02,26.04,raw,2568,213,0,53.25,8.23407588968838
6.02d,6.02,26.04,raw,2569,85,1,21.25,5.2015709478601
6.02d,6.02,26.04,raw,2570,213,0,53.25,8.23407588968838
6.02d,6.02,26.04,raw,2585,78,0,19.5,4.98278748516688
6.02d,6.02,26.04,raw,2586,63,0,15.75,4.47811599108138
6.02d,6.02,26.04,raw,2588,34,0,8.5,3.28976232123977
6.02d,6.02,26.04,raw,2590,26,0,6.5,2.8768136958758
6.02d,6.02,26.04,raw,2591,185,0,46.25,7.67380798196054
6.02d,6.02,26.04,raw,2595,66,0,16.5,4.58349784423754
6.02d,6.02,26.04,raw,2604,175,0,43.75,7.46352665180231
6.02d,6.02,26.04,raw,2613,154,0,38.5,7.00140860629515
6.02d,6.02,26.04,raw,2614,61,0,15.25,4.40646151205377
6.02d,6.02,26.04,raw,2616,301,0,75.25,9.78832343873664
6.02d,6.02,26.04,raw,2617,19,0,4.75,2.45924537968297
6.02d,6.02,26.04,raw,2622,149,0,37.25,6.88681152939332
6.02d,6.02,26.04,raw,2635,213,0,53.25,8.23407588968838
6.02d,6.02,26.04,raw,2639,37,1,9.25,3.43183125878885
6.02d,6.02,26.04,raw,2643,93,0,23.25,5.44084730672462
6.02d,6.02,26.04,raw,2645,132,0,33,6.48204481442857
6.02d,6.02,26.04,raw,2646,25,0,6.25,2.82094791773878
6.02d,6.02,26.04,raw,2647,22,0,5.5,2.64628371420061
6.02d,6.02,26.04,raw,2652,415,0,103.75,11.4934156266218
6.02d,6.02,26.04,raw,2654,31,0,7.75,3.14127465715711
6.02d,6.02,26.04,raw,2656,25,0,6.25,2.82094791773878
6.02d,6.02,26.04,raw,2658,26,0,6.5,2.8768136958758
6.02d,6.02,26.04,raw,2659,176,0,44,7.48482063701911
6.02d,6.02,26.04,raw,2660,173,0,43.25,7.42075537326193
6.02d,6.02,26.04,raw,2661,89,0,22.25,5.32255388609241
6.02d,6.02,26.04,raw,2663,315,0,78.75,10.0133717671868
6.02d,6.02,26.04,raw,2664,148,0,37,6.8636625175777
6.02d,6.02,26.04,raw,2667,92,0,23,5.41151637980601
6.02d,6.02,26.04,raw,2668,256,0,64,9.0270333367641
6.02d,6.02,26.04,raw,2671,111,1,27.75,5.94410610322534
6.02d,6.02,26.04,raw,2674,262,0,65.5,9.13220620552083
6.02d,6.02,26.04,raw,2677,100,0,25,5.64189583547756
6.02d,6.02,26.04,raw,2678,377,0,94.25,10.9545801878159
6.02d,6.02,26.04,raw,2682,260,0,65,9.09728368293446
6.02d,6.02,26.04,raw,2683,266,0,66.5,9.20165364078046
6.02d,6.02,26.04,raw,2685,98,0,24.5,5.58519192562006
6.02d,6.02,26.04,raw,2686,159,0,39.75,7.1141599576635
6.02d,6.02,26.04,raw,2688,13,1,3.25,2.03421447256411
6.02d,6.02,26.04,raw,2690,786,0,196.5,15.8174451331579
6.02d,6.02,26.04,raw,2696,192,0,48,7.81764019044672
6.02d,6.02,26.04,raw,2699,39,0,9.75,3.52336281997296
6.02d,6.02,26.04,raw,2704,445,0,111.25,11.9015923032083
6.02d,6.02,26.04,raw,2708,14,0,3.5,2.11100412282238
6.02d,6.02,26.04,raw,2712,165,0,41.25,7.24714641913115
6.02d,6.02,26.04,raw,2714,242,0,60.5,8.77673016883152
6.02d,6.02,26.04,raw,2718,244,0,61,8.81292302410755
6.02d,6.02,26.04,raw,2720,39,0,9.75,3.52336281997296
6.02d,6.02,26.04,raw,2735,160,0,40,7.13649646461108
6.02d,6.02,26.04,raw,2738,120,0,30,6.18038723237103
6.02d,6.02,26.04,raw,2739,150,0,37.5,6.90988298942671
6.02d,6.02,26.04,raw,2740,370,0,92.5,10.8524033231355
6.02d,6.02,26.04,raw,2742,244,0,61,8.81292302410755
6.02d,6.02,26.04,raw,2749,329,0,82.25,10.2334721651289
6.02d,6.02,26.04,raw,2750,112,0,28,5.97082132144185
6.02d,6.02,26.04,raw,2753,48,0,12,3.90882009522336
6.02d,6.02,26.04,raw,2755,164,0,41,7.22515199384357
6.02d,6.02,26.04,raw,2757,453,0,113.25,12.0080963704185
6.02d,6.02,26.04,raw,2761,148,0,37,6.8636625175777
6.02d,6.02,26.04,raw,2765,144,0,36,6.77027500257308
6.02d,6.02,26.04,raw,2781,13,0,3.25,2.03421447256411
6.02d,6.02,26.04,raw,2782,205,0,51.25,8.07796550300118
6.02d,6.02,26.04,raw,2783,102,1,25.5,5.69803548521301
6.02d,6.02,26.04,raw,2793,42,0,10.5,3.65636639571573
6.02d,6.02,26.04,raw,2796,196,0,49,7.89865416966859
6.02d,6.02,26.04,raw,2798,72,0,18,4.78730736481719
6.02d,6.02,26.04,raw,2800,27,0,6.75,2.93161507141752
6.02d,6.02,26.04,raw,2803,154,0,38.5,7.00140860629515
6.02d,6.02,26.04,raw,2810,181,0,45.25,7.5903945483266
6.02d,6.02,26.04,raw,2812,65,0,16.25,4.54864184146723
6.02d,6.02,26.04,raw,2815,32,0,8,3.19153824321146
6.02d,6.02,26.04,raw,2816,488,0,122,12.463355264843
6.02d,6.02,26.04,raw,2817,86,0,21.5,5.23207895695449
6.02d,6.02,26.04,raw,2819,40,0,10,3.56824823230554
6.02d,6.02,26.04,raw,2824,33,0,8.25,3.24102240721429
6.02d,6.02,26.04,raw,2825,24,0,6,2.76395319577068
6.02d,6.02,26.04,raw,2826,9,0,2.25,1.69256875064327
6.02d,6.02,26.04,raw,2828,258,0,64.5,9.06222658265716
6.02d,6.02,26.04,raw,2833,161,0,40.25,7.15876327835963
6.02d,6.02,26.04,raw,2834,50,0,12.5,3.98942280401433
6.02d,6.02,26.04,raw,2839,211,0,52.75,8.19532708223289
6.02d,6.02,26.04,raw,2840,280,0,70,9.4406974388263
6.02d,6.02,26.04,raw,2849,230,0,57.5,8.5563586777479
6.02d,6.02,26.04,raw,2850,249,0,62.25,8.90276146258923
6.02d,6.02,26.04,raw,2854,26,0,6.5,2.8768136958758
6.02d,6.02,26.04,raw,2855,45,0,11.25,3.78469878303024
6.02d,6.02,26.04,raw,2862,248,0,62,8.88486644658096
6.02d,6.02,26.04,raw,2865,88,0,22,5.29256742840123
6.02d,6.02,26.04,raw,2867,20,0,5,2.52313252202016
6.02d,6.02,26.04,raw,2869,146,0,36.5,6.81712867583072
6.02d,6.02,26.04,raw,2873,87,0,21.75,5.26241010355424
6.02d,6.02,26.04,raw,2877,86,1,21.5,5.23207895695449
6.02d,6.02,26.04,raw,2878,312,0,78,9.96557497033376
6.02d,6.02,26.04,raw,2882,287,0,71.75,9.55797768017628
6.02d,6.02,26.04,raw,2885,257,0,64.25,9.04464707709672
6.02d,6.02,26.04,raw,2887,90,0,22.5,5.35237234845831
6.02d,6.02,26.04,raw,2890,278,0,69.5,9.40692023773423
6.02d,6.02,26.04,raw,2895,550,0,137.5,13.2314185710031
6.02d,6.02,26.04,raw,2901,37,0,9.25,3.43183125878885
6.02d,6.02,26.04,raw,2903,171,0,42.75,7.3777361390489
6.02d,6.02,26.04,raw,2904,98,0,24.5,5.58519192562006
6.02d,6.02,26.04,raw,2906,118,0,29.5,6.12866760150094
6.02d,6.02,26.04,raw,2907,31,0,7.75,3.14127465715711
6.02d,6.02,26.04,raw,2908,476,0,119,12.3091634899974
6.02d,6.02,26.04,raw,2910,24,0,6,2.76395319577068
6.02d,6.02,26.04,raw,2911,11,0,2.75,1.87120515925478
6.02d,6.02,26.04,raw,2917,162,0,40.5,7.18096104722579
6.02d,6.02,26.04,raw,2921,122,0,30.5,6.2316776324215
6.02d,6.02,26.04,raw,2923,50,0,12.5,3.98942280401433
6.02d,6.02,26.04,raw,2926,216,0,54,8.29185958731205
6.02d,6.02,26.04,raw,2927,205,0,51.25,8.07796550300118
6.02d,6.02,26.04,raw,2929,44,0,11,3.74241031850956
6.02d,6.02,26.04,raw,2932,132,0,33,6.48204481442857
6.02d,6.02,26.04,raw,2933,170,0,42.5,7.35613218010963
6.02d,6.02,26.04,raw,2935,76,0,19,4.91849075936593
6.02d,6.02,26.04,raw,2936,160,0,40,7.13649646461108
6.02d,6.02,26.04,raw,2939,195,0,48.75,7.8784787748549
6.02d,6.02,26.04,raw,2945,89,0,22.25,5.32255388609241
6.02d,6.02,26.04,raw,2949,111,0,27.75,5.94410610322534
6.02d,6.02,26.04,raw,2955,50,0,12.5,3.98942280401433
6.02d,6.02,26.04,raw,2956,386,0,96.5,11.0845665710006
6.02d,6.02,26.04,raw,2959,141,0,35.25,6.69938011698952
6.02d,6.02,26.04,raw,2961,60,0,15,4.37019372236832
6.02d,6.02,26.04,raw,2962,47,0,11.75,3.86788891394752
6.02d,6.02,26.04,raw,2964,289,0,72.25,9.59122292031186
6.02d,6.02,26.04,raw,2965,27,0,6.75,2.93161507141752
6.02d,6.02,26.04,raw,2966,114,0,28.5,6.02389633252035
6.02d,6.02,26.04,raw,2967,60,0,15,4.37019372236832
6.02d,6.02,26.04,raw,2972,404,0,101,11.3400702827739
6.02d,6.02,26.04,raw,2974,419,0,104.75,11.5486727510571
6.02d,6.02,26.04,raw,2976,282,0,70.5,9.47435422093923
6.02d,6.02,26.04,raw,2980,205,0,51.25,8.07796550300118
6.02d,6.02,26.04,raw,2983,78,0,19.5,4.98278748516688
6.02d,6.02,26.04,raw,2993,101,0,25.25,5.67003514138694
6.02d,6.02,26.04,raw,2994,131,0,32.75,6.45744493511765
6.02d,6.02,26.04,raw,2996,72,0,18,4.78730736481719
6.02d,6.02,26.04,raw,2999,45,0,11.25,3.78469878303024
6.02d,6.02,26.04,raw,3000,32,0,8,3.19153824321146
6.02d,6.02,26.04,raw,3005,163,0,40.75,7.20309040953658
6.02d,6.02,26.04,raw,3007,40,0,10,3.56824823230554
6.02d,6.02,26.04,raw,3010,22,0,5.5,2.64628371420061
6.02d,6.02,26.04,raw,3011,220,0,55,8.368283871884
6.02d,6.02,26.04,raw,3012,66,0,16.5,4.58349784423754
6.02d,6.02,26.04,raw,3013,66,0,16.5,4.58349784423754
6.02d,6.02,26.04,raw,3015,32,0,8,3.19153824321146
6.02d,6.02,26.04,raw,3017,122,0,30.5,6.2316776324215
6.02d,6.02,26.04,raw,3018,12,0,3,1.95441004761168
6.02d,6.02,26.04,raw,3023,192,0,48,7.81764019044672
6.02d,6.02,26.04,raw,3027,14,0,3.5,2.11100412282238
6.02d,6.02,26.04,raw,3029,18,0,4.5,2.3936536824086
6.02d,6.02,26.04,raw,3030,97,0,24.25,5.55662298161641
6.02d,6.02,26.04,raw,3031,31,0,7.75,3.14127465715711
6.02d,6.02,26.04,raw,3032,104,0,26,5.75362739175159
6.02d,6.02,26.04,raw,3034,156,0,39,7.04672563994593
6.02d,6.02,26.04,raw,3040,509,0,127.25,12.7286971865761
6.02d,6.02,26.04,raw,3046,66,0,16.5,4.58349784423754
6.02d,6.02,26.04,raw,3049,105,0,26.25,5.78122288528111
6.02d,6.02,26.04,raw,3050,36,0,9,3.38513750128654
6.02d,6.02,26.04,raw,3055,10,0,2.5,1.78412411615277
6.02d,6.02,26.04,raw,3057,186,0,46.5,7.69452005197108
6.02d,6.02,26.04,raw,3059,90,0,22.5,5.35237234845831
6.02d,6.02,26.04,raw,3060,155,0,38.75,7.02410366940064
6.02d,6.02,26.04,raw,3061,501,1,125.25,12.6282719711796
6.02d,6.02,26.04,raw,3063,13,1,3.25,2.03421447256411
6.02d,6.02,26.04,raw,3067,72,0,18,4.78730736481719
6.02d,6.02,26.04,raw,3070,56,0,14,4.22200824564475
6.02d,6.02,26.04,raw,3071,345,0,86.25,10.4793564083587
6.02d,6.02,26.04,raw,3072,90,0,22.5,5.35237234845831
6.02d,6.02,26.04,raw,3073,69,0,17.25,4.6865106579076
6.02d,6.02,26.04,raw,3079,143,0,35.75,6.74672614860586
6.02d,6.02,26.04,raw,3080,40,1,10,3.56824823230554
6.02d,6.02,26.04,raw,3081,152,0,38,6.95579633830205
6.02d,6.02,26.04,raw,3084,175,0,43.75,7.46352665180231
6.02d,6.02,26.04,raw,3086,266,0,66.5,9.20165364078046
6.02d,6.02,26.04,raw,3087,25,0,6.25,2.82094791773878
6.02d,6.02,26.04,raw,3089,252,0,63,8.95623198216277
6.02d,6.02,26.04,raw,3093,191,0,47.75,7.79725517481017
6.02d,6.02,26.04,raw,3100,96,0,24,5.52790639154137
6.02d,6.02,26.04,raw,3103,317,0,79.25,10.0451099506308
6.02d,6.02,26.04,raw,3104,79,0,19.75,5.01462670679677
6.02d,6.02,26.04,raw,3107,51,0,12.75,4.0291195310357
6.02d,6.02,26.04,raw,3108,223,0,55.75,8.42514715711158
6.02d,6.02,26.04,raw,3114,15,0,3.75,2.18509686118416
6.02d,6.02,26.04,raw,3115,43,0,10.75,3.69963851016596
6.02d,6.02,26.04,raw,3121,163,0,40.75,7.20309040953658
6.02d,6.02,26.04,raw,3126,866,0,216.5,16.6029021991688
6.02d,6.02,26.04,raw,3128,12,0,3,1.95441004761168
6.02d,6.02,26.04,raw,3129,135,0,33.75,6.55529058355247
6.02d,6.02,26.04,raw,3132,194,0,48.5,7.85825158159596
6.02d,6.02,26.04,raw,3137,299,0,74.75,9.75574989270191
6.02d,6.02,26.04,raw,3140,819,0,204.75,16.1460768233192
6.02d,6.02,26.04,raw,3147,209,0,52.25,8.15639419182351
6.02d,6.02,26.04,raw,3148,30,0,7.5,3.09019361618552
6.02d,6.02,26.04,raw,3149,47,0,11.75,3.86788891394752
6.02d,6.02,26.04,raw,3152,297,0,74.25,9.72306722164286
6.02d,6.02,26.04,raw,3158,131,0,32.75,6.45744493511765
6.02d,6.02,26.04,raw,3166,371,1,92.75,10.8670588373389
6.02d,6.02,26.04,raw,3172,28,0,7,2.98541066072092
6.02d,6.02,26.04,raw,3175,136,0,34,6.57952464247954
6.02d,6.02,26.04,raw,3179,29,0,7.25,3.03825388987325
6.02d,6.02,26.04,raw,3181,360,0,90,10.7047446969166
6.02d,6.02,26.04,raw,3182,86,0,21.5,5.23207895695449
6.02d,6.02,26.04,raw,3184,389,0,97.25,11.1275579407835
6.02d,6.02,26.04,raw,3189,72,0,18,4.78730736481719
6.02d,6.02,26.04,raw,3192,20,0,5,2.52313252202016
6.02d,6.02,26.04,raw,3201,146,0,36.5,6.81712867583072
6.02d,6.02,26.04,raw,3206,74,0,18.5,4.85334230995512
6.02d,6.02,26.04,raw,3213,32,0,8,3.19153824321146
6.02d,6.02,26.04,raw,3214,125,0,31.25,6.3078313050504
6.02d,6.02,26.04,raw,3216,333,0,83.25,10.2954937763665
6.02d,6.02,26.04,raw,3218,636,0,159,14.228319915327
6.02d,6.02,26.04,raw,3220,73,0,18.25,4.82043791490117
6.02d,6.02,26.04,raw,3227,10,0,2.5,1.78412411615277
6.02d,6.02,26.04,raw,3231,51,0,12.75,4.0291195310357
6.02d,6.02,26.04,raw,3234,148,0,37,6.8636625175777
6.02d,6.02,26.04,raw,3237,42,0,10.5,3.65636639571573
6.02d,6.02,26.04,raw,3238,18,0,4.5,2.3936536824086
6.02d,6.02,26.04,raw,3241,22,0,5.5,2.64628371420061
6.02d,6.02,26.04,raw,3243,478,0,119.5,12.334995970646
6.02d,6.02,26.04,raw,3244,86,0,21.5,5.23207895695449
6.02d,6.02,26.04,raw,3247,365,0,91.25,10.7788268590364
6.02d,6.02,26.04,raw,3249,232,0,58,8.59347971398312
6.02d,6.02,26.04,raw,3250,135,0,33.75,6.55529058355247
6.02d,6.02,26.04,raw,3252,36,0,9,3.38513750128654
6.02d,6.02,26.04,raw,3254,223,0,55.75,8.42514715711158
6.02d,6.02,26.04,raw,3255,80,0,20,5.04626504404032
6.02d,6.02,26.04,raw,3263,389,0,97.25,11.1275579407835
6.02d,6.02,26.04,raw,3264,402,0,100.5,11.3119659761636
6.02d,6.02,26.04,raw,3269,77,0,19.25,4.95074350336915
6.02d,6.02,26.04,raw,3270,376,0,94,10.9400419197143
6.02d,6.02,26.04,raw,3271,97,1,24.25,5.55662298161641
6.02d,6.02,26.04,raw,3276,42,0,10.5,3.65636639571573
6.02d,6.02,26.04,raw,3277,17,0,4.25,2.32621324584064
6.02d,6.02,26.04,raw,3283,29,0,7.25,3.03825388987325
6.02d,6.02,26.04,raw,3284,150,0,37.5,6.90988298942671
6.02d,6.02,26.04,raw,3285,129,0,32.25,6.40796186924587
6.02d,6.02,26.04,raw,3287,154,0,38.5,7.00140860629515
6.02d,6.02,26.04,raw,3288,279,0,69.75,9.42382397147133
6.02d,6.02,26.04,raw,3290,60,0,15,4.37019372236832
6.02d,6.02,26.04,raw,3295,405,0,101.25,11.3540963490907
6.02d,6.02,26.04,raw,3302,26,0,6.5,2.8768136958758
6.02d,6.02,26.04,raw,3308,28,0,7,2.98541066072092
6.02d,6.02,26.04,raw,3312,260,0,65,9.09728368293446
6.02d,6.02,26.04,raw,3316,9,0,2.25000000000001,1.69256875064327
6.02d,6.02,26.04,raw,3319,71,0,17.75,4.75394593143939
6.02d,6.02,26.04,raw,3322,94,0,23.5,5.47002095985713
6.02d,6.02,26.04,raw,3326,37,0,9.25,3.43183125878885
6.02d,6.02,26.04,raw,3329,42,0,10.5,3.65636639571573
6.02d,6.02,26.04,raw,3332,444,0,111,11.8882122064507
6.02d,6.02,26.04,raw,3334,99,0,24.75,5.61361547776433
6.02d,6.02,26.04,raw,3336,22,0,5.5,2.64628371420061
6.02d,6.02,26.04,raw,3339,30,0,7.5,3.09019361618552
6.02d,6.02,26.04,raw,3350,269,0,67.25,9.25339718068125
6.02d,6.02,26.04,raw,3351,38,0,9.5,3.47789816915102
6.02d,6.02,26.04,raw,3354,138,0,34.5,6.62772693261899
6.02d,6.02,26.04,raw,3356,70,0,17.5,4.72034871941315
6.02d,6.02,26.04,raw,3371,18,0,4.5,2.3936536824086
6.02d,6.02,26.04,raw,3374,6,0,1.5,1.38197659788534
6.02d,6.02,26.04,raw,3376,94,0,23.5,5.47002095985713
6.02d,6.02,26.04,raw,3385,488,0,122,12.463355264843
6.02d,6.02,26.04,raw,3387,7,0,1.75,1.49270533036046
6.02d,6.02,26.04,raw,3389,35,0,8.75,3.33779058906227
6.02d,6.02,26.04,raw,3393,25,1,6.24999999999999,2.82094791773878
6.02d,6.02,26.04,raw,3396,74,0,18.5,4.85334230995512
6.02d,6.02,26.04,raw,3398,167,0,41.75,7.29093622196032
6.02d,6.02,26.04,raw,3401,64,0,16,4.51351666838205
6.02d,6.02,26.04,raw,3403,94,0,23.5,5.47002095985713
6.02d,6.02,26.04,raw,3405,47,0,11.75,3.86788891394752
6.02d,6.02,26.04,raw,3413,21,0,5.25,2.58544147291321
6.02d,6.02,26.04,raw,3419,278,0,69.5,9.40692023773423
6.02d,6.02,26.04,raw,3423,431,0,107.75,11.7128801302333
6.02d,6.02,26.04,raw,3426,34,0,8.5,3.28976232123977
6.02d,6.02,26.04,raw,3428,128,0,32,6.38307648642292
6.02d,6.02,26.04,raw,3430,119,0,29.75,6.15458174499869
6.02d,6.02,26.04,raw,3432,51,0,12.75,4.0291195310357
6.02d,6.02,26.04,raw,3433,80,0,20,5.04626504404032
6.02d,6.02,26.04,raw,3436,138,0,34.5,6.62772693261899
6.02d,6.02,26.04,raw,3437,38,0,9.5,3.47789816915102
6.02d,6.02,26.04,raw,3439,464,0,116,12.153015559493
6.02d,6.02,26.04,raw,3440,26,0,6.5,2.8768136958758
6.02d,6.02,26.04,raw,3445,620,1,155,14.0482073388013
6.02d,6.02,26.04,raw,3450,103,0,25.75,5.72589890558072
6.02d,6.02,26.04,raw,3452,32,0,8,3.19153824321146
6.02d,6.02,26.04,raw,3460,213,0,53.25,8.23407588968838
6.02d,6.02,26.04,raw,3462,16,0,4,2.25675833419103
6.02d,6.02,26.04,raw,3464,391,0,97.75,11.1561268143501
6.02d,6.02,26.04,raw,3472,104,0,26,5.75362739175159
6.02d,6.02,26.04,raw,3474,471,0,117.75,12.2443438530844
6.02d,6.02,26.04,raw,3476,16,0,4,2.25675833419103
6.02d,6.02,26.04,raw,3477,33,0,8.25,3.24102240721429
6.02d,6.02,26.04,raw,3488,101,0,25.25,5.67003514138694
6.02d,6.02,26.04,raw,3490,529,0,132.25,12.9763604215984
6.02d,6.02,26.04,raw,3491,185,0,46.25,7.67380798196054
6.02d,6.02,26.04,raw,3502,187,1,46.75,7.71517651880816
6.02d,6.02,26.04,raw,3503,87,1,21.75,5.26241010355424
6.02d,6.02,26.04,raw,3505,15,0,3.75,2.18509686118416
6.02d,6.02,26.04,raw,3507,33,0,8.25,3.24102240721429
6.02d,6.02,26.04,raw,3513,134,0,33.5,6.53096660140197
6.02d,6.02,26.04,raw,3520,29,0,7.25,3.03825388987325
6.02d,6.02,26.04,raw,3522,217,0,54.25,8.31103154258739
6.02d,6.02,26.04,raw,3535,161,0,40.25,7.15876327835963
6.02d,6.02,26.04,raw,3536,160,0,40,7.13649646461108
6.02d,6.02,26.04,raw,3539,92,0,23,5.41151637980601
6.02d,6.02,26.04,raw,3540,77,0,19.25,4.95074350336915
6.02d,6.02,26.04,raw,3542,265,0,66.25,9.18434101276213
6.02d,6.02,26.04,raw,3543,62,0,15.5,4.44243322329048
6.02d,6.02,26.04,raw,3545,12,0,3,1.95441004761168
6.02d,6.02,26.04,raw,3547,381,0,95.25,11.0125413341347
6.02d,6.02,26.04,raw,3550,137,0,34.25,6.60366976818037
6.02d,6.02,26.04,raw,3551,36,0,9,3.38513750128654
6.02d,6.02,26.04,raw,3556,39,0,9.75,3.52336281997296
6.02d,6.02,26.04,raw,3559,604,0,151,13.8657553438321
6.02d,6.02,26.04,raw,3560,15,0,3.75,2.18509686118416
6.02d,6.02,26.04,raw,3563,96,0,24,5.52790639154137
6.02d,6.02,26.04,raw,3564,38,0,9.5,3.47789816915102
6.02d,6.02,26.04,raw,3565,97,0,24.25,5.55662298161641
6.02d,6.02,26.04,raw,3567,55,0,13.75,4.184141935942
6.02d,6.02,26.04,raw,3580,9,0,2.25,1.69256875064327
6.02d,6.02,26.04,raw,3582,144,0,36,6.77027500257308
6.02d,6.02,26.04,raw,3588,317,0,79.25,10.0451099506308
6.02d,6.02,26.04,raw,3598,228,0,57,8.51907589177983
6.02d,6.02,26.04,raw,3601,173,0,43.25,7.42075537326193
6.02d,6.02,26.04,raw,3602,52,0,13,4.06842894512822
6.02d,6.02,26.04,raw,3605,259,0,64.75,9.07977205229304
6.02d,6.02,26.04,raw,3608,228,0,57,8.51907589177983
6.02d,6.02,26.04,raw,3609,121,0,30.25,6.20608541902532
6.02d,6.02,26.04,raw,3611,88,0,22,5.29256742840123
6.02d,6.02,26.04,raw,3614,136,0,34,6.57952464247954
6.02d,6.02,26.04,raw,3615,21,0,5.25,2.58544147291321
6.02d,6.02,26.04,raw,3616,207,0,51.75,8.11727456970901
6.02d,6.02,26.04,raw,3626,60,0,15,4.37019372236832
6.02d,6.02,26.04,raw,3631,34,0,8.5,3.28976232123977
6.02d,6.02,26.04,raw,3632,399,0,99.75,11.2696781048676
6.02d,6.02,26.04,raw,3635,290,0,72.5,9.60780240186586
6.02d,6.02,26.04,raw,3636,32,0,8,3.19153824321146
6.02d,6.02,26.04,raw,3637,116,1,29,6.0765077797465
6.02d,6.02,26.04,raw,3638,99,0,24.75,5.61361547776433
6.02d,6.02,26.04,raw,3640,211,0,52.75,8.19532708223289
6.02d,6.02,26.04,raw,3642,59,0,14.75,4.33362242065961
6.02d,6.02,26.04,raw,3645,109,0,27.25,5.89031218137317
6.02d,6.02,26.04,raw,3651,27,0,6.75,2.93161507141752
6.02d,6.02,26.04,raw,3653,63,0,15.75,4.47811599108138
6.02d,6.02,26.04,raw,3656,259,0,64.75,9.07977205229304
6.02d,6.02,26.04,raw,3657,67,0,16.75,4.61809077155419
6.02d,6.02,26.04,raw,3658,86,0,21.5,5.23207895695449
6.02d,6.02,26.04,raw,3660,174,0,43.5,7.44217173921562
6.02d,6.02,26.04,raw,3661,14,0,3.5,2.11100412282238
6.02d,6.02,26.04,raw,3662,9,0,2.25,1.69256875064327
6.02d,6.02,26.04,raw,3663,41,0,10.25,3.61257599692178
6.02d,6.02,26.04,raw,3667,198,0,49.5,7.93885114260184
6.02d,6.02,26.04,raw,3673,78,0,19.5,4.98278748516688
6.02d,6.02,26.04,raw,3675,20,0,5,2.52313252202016
6.02d,6.02,26.04,raw,3676,5,0,1.25,1.26156626101008
6.02d,6.02,26.04,raw,3677,207,0,51.75,8.11727456970901
6.02d,6.02,26.04,raw,3680,864,0,216,16.5837191746241
6.02d,6.02,26.04,raw,3685,71,0,17.75,4.75394593143939
6.02d,6.02,26.04,raw,3690,126,0,31.5,6.33301236846713
6.02d,6.02,26.04,raw,3694,263,0,65.75,9.14961748196814
6.02d,6.02,26.04,raw,3696,22,0,5.5,2.64628371420061
6.02d,6.02,26.04,raw,3697,70,0,17.5,4.72034871941315
6.02d,6.02,26.04,raw,3700,46,1,11.5,3.8265199286629
6.02d,6.02,26.04,raw,3702,6,0,1.5,1.38197659788534
6.02d,6.02,26.04,raw,3704,204,0,51,8.0582390620714
6.02d,6.02,26.04,raw,3705,823,0,205.75,16.1854575569942
6.02d,6.02,26.04,raw,3708,33,0,8.25,3.24102240721429
6.02d,6.02,26.04,raw,3710,569,0,142.25,13.4580208514691
6.02d,6.02,26.04,raw,3711,157,0,39.25,7.06927521962861
6.02d,6.02,26.04,raw,3713,59,0,14.75,4.33362242065961
6.02d,6.02,26.04,raw,3716,60,0,15,4.37019372236832
6.02d,6.02,26.04,raw,3719,5,0,1.25,1.26156626101008
6.02d,6.02,26.04,raw,3724,51,0,12.75,4.0291195310357
6.02d,6.02,26.04,raw,3725,75,0,18.75,4.8860251190292
6.02d,6.02,26.04,raw,3728,79,0,19.75,5.01462670679677
6.02d,6.02,26.04,raw,3729,312,0,78,9.96557497033376
6.02d,6.02,26.04,raw,3730,9,0,2.25,1.69256875064327
6.02d,6.02,26.04,raw,3731,32,0,8,3.19153824321146
6.02d,6.02,26.04,raw,3732,65,0,16.25,4.54864184146723
6.02d,6.02,26.04,raw,3737,196,0,49,7.89865416966859
6.02d,6.02,26.04,raw,3740,122,1,30.5,6.2316776324215
6.02d,6.02,26.04,raw,3742,103,0,25.75,5.72589890558072
6.02d,6.02,26.04,raw,3745,7,0,1.75,1.49270533036046
6.02d,6.02,26.04,raw,3749,39,0,9.75,3.52336281997296
6.02d,6.02,26.04,raw,3752,92,0,23,5.41151637980601
6.02d,6.02,26.04,raw,3754,113,0,28.25,5.99741753913869
6.02d,6.02,26.04,raw,3758,154,0,38.5,7.00140860629515
6.02d,6.02,26.04,raw,3762,6,0,1.5,1.38197659788534
6.02d,6.02,26.04,raw,3763,250,0,62.5,8.92062058076386
6.02d,6.02,26.04,raw,3765,97,0,24.25,5.55662298161641
6.02d,6.02,26.04,raw,3766,157,0,39.25,7.06927521962861
6.02d,6.02,26.04,raw,3767,114,0,28.5,6.02389633252035
6.02d,6.02,26.04,raw,3769,413,0,103.25,11.4656872011191
6.02d,6.02,26.04,raw,3771,61,0,15.25,4.40646151205377
6.02d,6.02,26.04,raw,3773,32,0,8,3.19153824321146
6.02d,6.02,26.04,raw,3775,213,0,53.25,8.23407588968838
6.02d,6.02,26.04,raw,3776,6,0,1.5,1.38197659788534
6.02d,6.02,26.04,raw,3779,40,0,10,3.56824823230554
6.02d,6.02,26.04,raw,3782,15,0,3.75,2.18509686118416
6.02d,6.02,26.04,raw,3784,846,1,211.5,16.4100628795714
6.02d,6.02,26.04,raw,3786,12,0,3,1.95441004761168
6.02d,6.02,26.04,raw,3787,177,0,44.25,7.50605421340207
6.02d,6.02,26.04,raw,3793,20,0,5,2.52313252202016
6.02d,6.02,26.04,raw,3794,185,0,46.25,7.67380798196054
6.02d,6.02,26.04,raw,3799,128,0,32,6.38307648642292
6.02d,6.02,26.04,raw,3803,141,0,35.25,6.69938011698952
6.02d,6.02,26.04,raw,3809,75,0,18.75,4.8860251190292
6.02d,6.02,26.04,raw,3812,17,0,4.25,2.32621324584064
6.02d,6.02,26.04,raw,3813,241,0,60.25,8.75857765680556
6.02d,6.02,26.04,raw,3815,51,0,12.75,4.0291195310357
6.02d,6.02,26.04,raw,3817,71,0,17.75,4.75394593143939
6.02d,6.02,26.04,raw,3820,44,0,11,3.74241031850956
6.02d,6.02,26.04,raw,3822,220,0,55,8.368283871884
6.02d,6.02,26.04,raw,3823,124,0,31,6.28254931431422
6.02d,6.02,26.04,raw,3824,274,0,68.5,9.33899934759387
6.02d,6.02,26.04,raw,3826,219,0,54.75,8.3492433833402
6.02d,6.02,26.04,raw,3831,189,0,47.25,7.75632441873962
6.02d,6.02,26.04,raw,3837,136,0,34,6.57952464247954
6.02d,6.02,26.04,raw,3841,41,0,10.25,3.61257599692178
6.02d,6.02,26.04,raw,3843,113,0,28.25,5.99741753913869
6.02d,6.02,26.04,raw,3846,138,0,34.5,6.62772693261899
6.02d,6.02,26.04,raw,3849,270,0,67.5,9.27058084855655
6.02d,6.02,26.04,raw,3852,76,0,19,4.91849075936593
6.02d,6.02,26.04,raw,3857,520,0,130,12.8655019651614
6.02d,6.02,26.04,raw,3860,65,0,16.25,4.54864184146723
6.02d,6.02,26.04,raw,3862,135,0,33.75,6.55529058355247
6.02d,6.02,26.04,raw,3866,198,0,49.5,7.93885114260184
6.02d,6.02,26.04,raw,3867,11,0,2.75,1.87120515925478
6.02d,6.02,26.04,raw,3869,474,0,118.5,12.2832766821853
6.02d,6.02,26.04,raw,3870,1035,0,258.75,18.1507777298997
6.02d,6.02,26.04,raw,3872,486,0,121.5,12.4377893809681
6.02d,6.02,26.04,raw,3875,38,0,9.5,3.47789816915102
6.02d,6.02,26.04,raw,3877,7,0,1.75,1.49270533036046
6.02d,6.02,26.04,raw,3880,31,0,7.75,3.14127465715711
6.02d,6.02,26.04,raw,3881,135,0,33.75,6.55529058355247
6.02d,6.02,26.04,raw,3884,7,0,1.75,1.49270533036046
6.02d,6.02,26.04,raw,3888,48,0,12,3.90882009522336
6.02d,6.02,26.04,raw,3891,40,0,10,3.56824823230554
6.02d,6.02,26.04,raw,3897,5,0,1.25,1.26156626101008
6.02d,6.02,26.04,raw,3899,59,0,14.75,4.33362242065961
6.02d,6.02,26.04,raw,3901,15,0,3.75,2.18509686118416
6.02d,6.02,26.04,raw,3902,89,0,22.25,5.32255388609241
6.02d,6.02,26.04,raw,3906,32,0,8,3.19153824321146
6.02d,6.02,26.04,raw,3907,38,0,9.5,3.47789816915102
6.02d,6.02,26.04,raw,3908,292,0,73,9.64087582980234
6.02d,6.02,26.04,raw,3909,77,0,19.25,4.95074350336915
6.02d,6.02,26.04,raw,3910,7,0,1.75,1.49270533036046
6.02d,6.02,26.04,raw,3911,137,0,34.25,6.60366976818037
6.02d,6.02,26.04,raw,3915,83,0,20.75,5.14001172695692
6.02d,6.02,26.04,raw,3919,340,0,85,10.4031418957202
6.02d,6.02,26.04,raw,3920,16,0,4,2.25675833419103
6.02d,6.02,26.04,raw,3925,222,0,55.5,8.40623546736597
6.02d,6.02,26.04,raw,3930,246,0,61.5,8.84896784948462
6.02d,6.02,26.04,raw,3935,46,0,11.5,3.82651992866291
6.02d,6.02,26.04,raw,3951,622,0,155.5,14.0708474942456
6.02d,6.02,26.04,raw,3952,130,0,32.5,6.43275098258069
6.02d,6.02,26.04,raw,3953,215,0,53.75,8.27264320090713
6.02d,6.02,26.04,raw,3957,68,0,17,4.65242649168128
6.02d,6.02,26.04,raw,3961,12,0,3,1.95441004761168
6.02d,6.02,26.04,raw,3965,6,0,1.5,1.38197659788534
6.02d,6.02,26.04,raw,3966,16,0,4,2.25675833419103
6.02d,6.02,26.04,raw,3969,38,0,9.5,3.47789816915102
6.02d,6.02,26.04,raw,3970,387,1,96.75,11.0989155304979
6.02d,6.02,26.04,raw,3971,260,0,65,9.09728368293446
6.02d,6.02,26.04,raw,3972,8,0,2,1.59576912160573
6.02d,6.02,26.04,raw,3981,748,0,187,15.4303530376163
6.02d,6.02,26.04,raw,3982,131,0,32.75,6.45744493511765
6.02d,6.02,26.04,raw,3991,363,0,90.75,10.7492552618642
6.02d,6.02,26.04,raw,3995,112,0,28,5.97082132144185
6.02d,6.02,26.04,raw,3999,33,0,8.25,3.24102240721429
6.02d,6.02,26.04,raw,4001,393,0,98.25,11.1846227147021
6.02d,6.02,26.04,raw,4002,18,0,4.5,2.3936536824086
6.02d,6.02,26.04,raw,4007,323,1,80.75,10.1397284597451
6.02d,6.02,26.04,raw,4011,338,0,84.5,10.3724992904373
6.02d,6.02,26.04,raw,4013,143,0,35.75,6.74672614860586
6.02d,6.02,26.04,raw,4015,40,0,10,3.56824823230554
6.02d,6.02,26.04,raw,4016,59,0,14.75,4.33362242065961
6.02d,6.02,26.04,raw,4020,836,0,209,16.312788383647
6.02d,6.02,26.04,raw,4022,433,0,108.25,11.7400247324093
6.02d,6.02,26.04,raw,4028,664,0,166,14.5381485900385
6.02d,6.02,26.04,raw,4030,247,0,61.75,8.86693531539485
6.02d,6.02,26.04,raw,4033,26,0,6.5,2.8768136958758
6.02d,6.02,26.04,raw,4036,34,0,8.5,3.28976232123977
6.02d,6.02,26.04,raw,4039,220,0,55,8.368283871884
6.02d,6.02,26.04,raw,4040,57,0,14.25,4.25953794588991
6.02d,6.02,26.04,raw,4042,25,0,6.25,2.82094791773878
6.02d,6.02,26.04,raw,4044,49,1,12.25,3.94932708483429
6.02d,6.02,26.04,raw,4046,112,0,28,5.97082132144185
6.02d,6.02,26.04,raw,4050,309,0,77.25,9.91754782346883
6.02d,6.02,26.04,raw,4051,289,0,72.25,9.59122292031186
6.02d,6.02,26.04,raw,4053,6,0,1.5,1.38197659788534
6.02d,6.02,26.04,raw,4056,59,0,14.75,4.33362242065961
6.02d,6.02,26.04,raw,4058,79,0,19.75,5.01462670679677
6.02d,6.02,26.04,raw,4059,103,0,25.75,5.72589890558072
6.02d,6.02,26.04,raw,4062,104,0,26,5.75362739175159
6.02d,6.02,26.04,raw,4066,119,0,29.75,6.15458174499869
6.02d,6.02,26.04,raw,4069,17,0,4.25,2.32621324584064
6.02d,6.02,26.04,raw,4075,554,0,138.5,13.2794456565709
6.02d,6.02,26.04,raw,4077,11,0,2.75,1.87120515925478
6.02d,6.02,26.04,raw,4080,55,0,13.75,4.184141935942
6.02d,6.02,26.04,raw,4081,275,0,68.75,9.35602579627389
6.02d,6.02,26.04,raw,4084,61,0,15.25,4.40646151205377
6.02d,6.02,26.04,raw,4086,18,0,4.5,2.3936536824086
6.02d,6.02,26.04,raw,4088,13,0,3.25,2.03421447256411
6.02d,6.02,26.04,raw,4092,41,0,10.25,3.61257599692178
6.02d,6.02,26.04,raw,4093,10,0,2.5,1.78412411615277
6.02d,6.02,26.04,raw,4095,145,0,36.25,6.79374223065974
6.02d,6.02,26.04,raw,4098,38,0,9.5,3.47789816915102
6.02d,6.02,26.04,raw,4099,41,0,10.25,3.61257599692178
6.02d,6.02,26.04,raw,4101,149,0,37.25,6.88681152939332
6.02d,6.02,26.04,raw,4104,143,0,35.75,6.74672614860586
6.02d,6.02,26.04,raw,4105,31,0,7.75,3.14127465715711
6.02d,6.02,26.04,raw,4107,56,0,14,4.22200824564475
6.02d,6.02,26.04,raw,4110,175,0,43.75,7.46352665180231
6.02d,6.02,26.04,raw,4115,126,0,31.5,6.33301236846713
6.02d,6.02,26.04,raw,4117,322,0,80.5,10.1240201180747
6.02d,6.02,26.04,raw,4118,323,0,80.75,10.1397284597451
6.02d,6.02,26.04,raw,4120,230,0,57.5,8.5563586777479
6.02d,6.02,26.04,raw,4123,98,0,24.5,5.58519192562006
6.02d,6.02,26.04,raw,4127,81,0,20.25,5.07770625192981
6.02d,6.02,26.04,raw,4129,270,0,67.5,9.27058084855655
6.02d,6.02,26.04,raw,4132,54,0,13.5,4.14592979365603
6.02d,6.02,26.04,raw,4136,76,0,19,4.91849075936593
6.02d,6.02,26.04,raw,4139,32,0,8,3.19153824321146
6.02d,6.02,26.04,raw,4149,208,0,52,8.13685789025644
6.02d,6.02,26.04,raw,4150,82,0,20.5,5.10895396995029
6.02d,6.02,26.04,raw,4154,59,0,14.75,4.33362242065961
6.02d,6.02,26.04,raw,4156,139,0,34.75,6.65169709018284
6.02d,6.02,26.04,raw,4159,442,0,110.5,11.8614067333194
6.02d,6.02,26.04,raw,4160,91,0,22.75,5.38202560777306
6.02d,6.02,26.04,raw,4161,82,0,20.5,5.10895396995029
6.02d,6.02,26.04,raw,4164,74,0,18.5,4.85334230995512
6.02d,6.02,26.04,raw,4165,37,0,9.25,3.43183125878885
6.02d,6.02,26.04,raw,4166,135,1,33.75,6.55529058355247
6.02d,6.02,26.04,raw,4176,26,0,6.5,2.8768136958758
6.02d,6.02,26.04,raw,4179,102,0,25.5,5.69803548521301
6.02d,6.02,26.04,raw,4180,109,0,27.25,5.89031218137317
6.02d,6.02,26.04,raw,4182,149,0,37.25,6.88681152939332
6.02d,6.02,26.04,raw,4184,78,0,19.5,4.98278748516688
6.02d,6.02,26.04,raw,4192,259,0,64.75,9.07977205229304
6.02d,6.02,26.04,raw,4194,21,0,5.25,2.58544147291321
6.02d,6.02,26.04,raw,4197,36,0,9,3.38513750128654
6.02d,6.02,26.04,raw,4204,24,0,6,2.76395319577068
6.02d,6.02,26.04,raw,4205,40,0,10,3.56824823230554
6.02d,6.02,26.04,raw,4206,159,1,39.75,7.1141599576635
6.02d,6.02,26.04,raw,4211,81,0,20.25,5.07770625192981
6.02d,6.02,26.04,raw,4212,226,0,56.5,8.48162922306421
6.02d,6.02,26.04,raw,4213,7,0,1.75,1.49270533036046
6.02d,6.02,26.04,raw,4218,130,0,32.5,6.43275098258069
6.02d,6.02,26.04,raw,4219,78,0,19.5,4.98278748516688
6.02d,6.02,26.04,raw,4220,200,0,50,7.97884560802865
6.02d,6.02,26.04,raw,4225,199,0,49.75,7.95887349758585
6.02d,6.02,26.04,raw,4227,272,0,68,9.30485298336256
6.02d,6.02,26.04,raw,4230,432,0,108,11.7264602856701
6.02d,6.02,26.04,raw,4231,6,0,1.5,1.38197659788534
6.02d,6.02,26.04,raw,4234,49,0,12.25,3.94932708483429
6.02d,6.02,26.04,raw,4238,73,0,18.25,4.82043791490117
6.02d,6.02,26.04,raw,4241,122,0,30.5,6.2316776324215
6.02d,6.02,26.04,raw,4245,13,0,3.25,2.03421447256411
6.02d,6.02,26.04,raw,4246,81,0,20.25,5.07770625192981
6.02d,6.02,26.04,raw,4247,313,0,78.25,9.98153266665628
6.02d,6.02,26.04,raw,4248,121,0,30.25,6.20608541902532
6.02d,6.02,26.04,raw,4249,158,0,39.5,7.09175309899033
6.02d,6.02,26.04,raw,4250,29,0,7.25,3.03825388987325
6.02d,6.02,26.04,raw,4251,31,0,7.75,3.14127465715711
6.02d,6.02,26.04,raw,4253,358,0,89.5,10.6749678806916
6.02d,6.02,26.04,raw,4255,163,0,40.75,7.20309040953658
6.02d,6.02,26.04,raw,4259,262,0,65.5,9.13220620552083
6.02d,6.02,26.04,raw,4262,41,0,10.25,3.61257599692178
6.02d,6.02,26.04,raw,4267,5,0,1.25,1.26156626101008
6.02d,6.02,26.04,raw,4268,34,0,8.5,3.28976232123977
6.02d,6.02,26.04,raw,4271,508,0,127,12.716187407449
6.02d,6.02,26.04,raw,4276,24,0,6,2.76395319577068
6.02d,6.02,26.04,raw,4278,5,0,1.25,1.26156626101008
6.02d,6.02,26.04,raw,4279,312,0,78,9.96557497033376
6.02d,6.02,26.04,raw,4284,113,1,28.25,5.99741753913869
6.02d,6.02,26.04,raw,4285,196,0,49,7.89865416966859
6.02d,6.02,26.04,raw,4295,135,0,33.75,6.55529058355247
6.02d,6.02,26.04,raw,4298,421,0,105.25,11.5762024033521
6.02d,6.02,26.04,raw,4299,72,0,18,4.78730736481719
6.02d,6.02,26.04,raw,4302,43,0,10.75,3.69963851016596
6.02d,6.02,26.04,raw,4303,84,0,21,5.17088294582641
6.02d,6.02,26.04,raw,4308,82,0,20.5,5.10895396995029
6.02d,6.02,26.04,raw,4312,71,0,17.75,4.75394593143939
6.02d,6.02,26.04,raw,4313,123,0,30.75,6.25716517287232
6.02d,6.02,26.04,raw,4314,151,0,37.75,6.93287767191607
6.02d,6.02,26.04,raw,4316,524,0,131,12.9148898702353
6.02d,6.02,26.04,raw,4317,130,0,32.5,6.43275098258069
6.02d,6.02,26.04,raw,4319,122,0,30.5,6.2316776324215
6.02d,6.02,26.04,raw,4320,207,0,51.75,8.11727456970901
6.02d,6.02,26.04,raw,4325,159,0,39.75,7.1141599576635
6.02d,6.02,26.04,raw,4327,77,0,19.25,4.95074350336915
6.02d,6.02,26.04,raw,4332,125,0,31.25,6.3078313050504
6.02d,6.02,26.04,raw,4333,296,0,74,9.70668461991024
6.02d,6.02,26.04,raw,4335,65,0,16.25,4.54864184146723
6.02d,6.02,26.04,raw,4340,253,0,63.25,8.97398468933946
6.02d,6.02,26.04,raw,4345,32,0,8,3.19153824321146
6.02d,6.02,26.04,raw,4353,271,0,67.75,9.28773272418017
6.02d,6.02,26.04,raw,4355,106,1,26.5,5.80868728160518
6.02d,6.02,26.04,raw,4359,232,0,58,8.59347971398312
6.02d,6.02,26.04,raw,4360,275,0,68.75,9.35602579627389
6.02d,6.02,26.04,raw,4362,350,0,87.5,10.5550206141119
6.02d,6.02,26.04,raw,4364,160,0,40,7.13649646461108
6.02d,6.02,26.04,raw,4367,34,0,8.5,3.28976232123977
6.02d,6.02,26.04,raw,4369,114,0,28.5,6.02389633252035
6.02d,6.02,26.04,raw,4371,17,0,4.25,2.32621324584064
6.02d,6.02,26.04,raw,4372,49,0,12.25,3.94932708483429
6.02d,6.02,26.04,raw,4373,48,0,12,3.90882009522336
6.02d,6.02,26.04,raw,4382,83,0,20.75,5.14001172695692
6.02d,6.02,26.04,raw,4384,62,0,15.5,4.44243322329048
6.02d,6.02,26.04,raw,4390,63,0,15.75,4.47811599108138
6.02d,6.02,26.04,raw,4391,73,0,18.25,4.82043791490117
6.02d,6.02,26.04,raw,4394,70,0,17.5,4.72034871941315
6.02d,6.02,26.04,raw,4396,281,0,70.25,9.45754080179648
6.02d,6.02,26.04,raw,4397,72,0,18,4.78730736481719
6.02d,6.02,26.04,raw,4398,451,0,112.75,11.9815591084337
6.02d,6.02,26.04,raw,4402,125,0,31.25,6.3078313050504
6.02d,6.02,26.04,raw,4407,18,0,4.5,2.3936536824086
6.02d,6.02,26.04,raw,4409,264,0,66,9.16699568847508
6.02d,6.02,26.04,raw,4414,91,0,22.75,5.38202560777306
6.02d,6.02,26.04,raw,4416,101,0,25.25,5.67003514138694
6.02d,6.02,26.04,raw,4419,41,0,10.25,3.61257599692178
6.02d,6.02,26.04,raw,4421,239,1,59.75,8.72215929675249
6.02d,6.02,26.04,raw,4422,158,0,39.5,7.09175309899033
6.02d,6.02,26.04,raw,4425,396,0,99,11.2272309555287
6.02d,6.02,26.04,raw,4426,25,0,6.25,2.82094791773878
6.02d,6.02,26.04,raw,4428,110,0,27.5,5.9172702727032
6.02d,6.02,26.04,raw,4430,30,0,7.5,3.09019361618552
6.02d,6.02,26.04,raw,4438,237,0,59.25,8.68558823716381
6.02d,6.02,26.04,raw,4439,188,0,47,7.73577782789505
6.02d,6.02,26.04,raw,4440,46,0,11.5,3.82651992866291
6.02d,6.02,26.04,raw,4444,18,0,4.5,2.3936536824086
6.02d,6.02,26.04,raw,4445,6,0,1.5,1.38197659788534
6.02d,6.02,26.04,raw,4447,265,0,66.25,9.18434101276213
6.02d,6.02,26.04,raw,4448,295,0,73.75,9.69027432141207
6.02d,6.02,26.04,raw,4453,171,0,42.75,7.3777361390489
6.02d,6.02,26.04,raw,4454,188,0,47,7.73577782789505
6.02d,6.02,26.04,raw,4459,107,0,26.75,5.83602243155949
6.02d,6.02,26.04,raw,4461,285,0,71.25,9.52461639974967
6.02d,6.02,26.04,raw,4464,8,0,2,1.59576912160573
6.02d,6.02,26.04,raw,4466,52,0,13,4.06842894512822
6.02d,6.02,26.04,raw,4467,207,0,51.75,8.11727456970901
6.02d,6.02,26.04,raw,4479,92,0,23,5.41151637980601
6.02d,6.02,26.04,raw,4481,63,0,15.75,4.47811599108138
6.02d,6.02,26.04,raw,4482,180,0,45,7.56939756606048
6.02d,6.02,26.04,raw,4484,11,0,2.75,1.87120515925478
6.02d,6.02,26.04,raw,4485,19,0,4.75,2.45924537968297
6.02d,6.02,26.04,raw,4490,50,0,12.5,3.98942280401433
6.02d,6.02,26.04,raw,4491,256,0,64,9.0270333367641
6.02d,6.02,26.04,raw,4495,27,0,6.75,2.93161507141752
6.02d,6.02,26.04,raw,4496,83,0,20.75,5.14001172695692
6.02d,6.02,26.04,raw,4509,18,0,4.5,2.3936536824086
6.02d,6.02,26.04,raw,4512,19,0,4.75,2.45924537968297
6.02d,6.02,26.04,raw,4513,58,0,14.5,4.29673985699156
6.02d,6.02,26.04,raw,4518,240,0,60,8.74038744473663
6.02d,6.02,26.04,raw,4520,55,1,13.75,4.184141935942
6.02d,6.02,26.04,raw,4521,186,0,46.5,7.69452005197108
6.02d,6.02,26.04,raw,4525,31,0,7.75,3.14127465715711
6.02d,6.02,26.04,raw,4528,41,0,10.25,3.61257599692178
6.02d,6.02,26.04,raw,4530,74,0,18.5,4.85334230995512
6.02d,6.02,26.04,raw,4539,55,0,13.75,4.184141935942
6.02d,6.02,26.04,raw,4541,335,1,83.75,10.3263648914596
6.02d,6.02,26.04,raw,4545,547,0,136.75,13.195283541574
6.02d,6.02,26.04,raw,4547,133,0,33.25,6.50655168752575
6.02d,6.02,26.04,raw,4548,121,0,30.25,6.20608541902532
6.02d,6.02,26.04,raw,4555,194,0,48.5,7.85825158159596
6.02d,6.02,26.04,raw,4557,314,0,78.5,9.99746489174682
6.02d,6.02,26.04,raw,4561,225,0,56.25,8.46284375321634
6.02d,6.02,26.04,raw,4568,84,0,21,5.17088294582641
6.02d,6.02,26.04,raw,4570,60,0,15,4.37019372236832
6.02d,6.02,26.04,raw,4572,196,0,49,7.89865416966859
6.02d,6.02,26.04,raw,4573,39,0,9.75,3.52336281997296
6.02d,6.02,26.04,raw,4574,28,0,7,2.98541066072092
6.02d,6.02,26.04,raw,4582,46,0,11.5,3.82651992866291
6.02d,6.02,26.04,raw,4583,61,0,15.25,4.40646151205377
6.02d,6.02,26.04,raw,4588,25,0,6.25,2.82094791773878
6.02d,6.02,26.04,raw,4590,31,0,7.75,3.14127465715711
6.02d,6.02,26.04,raw,4592,170,0,42.5,7.35613218010963
6.02d,6.02,26.04,raw,4603,127,0,31.75,6.35809370372452
6.02d,6.02,26.04,raw,4609,102,0,25.5,5.69803548521301
6.02d,6.02,26.04,raw,4614,55,0,13.75,4.184141935942
6.02d,6.02,26.04,raw,4615,11,0,2.75,1.87120515925478
6.02d,6.02,26.04,raw,4616,733,0,183.25,15.2748534059322
6.02d,6.02,26.04,raw,4617,70,1,17.5,4.72034871941315
6.02d,6.02,26.04,raw,4619,21,0,5.25,2.58544147291321
6.02d,6.02,26.04,raw,4621,50,0,12.5,3.98942280401433
6.02d,6.02,26.04,raw,4623,19,0,4.75,2.45924537968297
6.02d,6.02,26.04,raw,4627,836,0,209,16.312788383647
6.02d,6.02,26.04,raw,4629,49,0,12.25,3.94932708483429
6.02d,6.02,26.04,raw,4631,536,0,134,13.0619332028039
6.02d,6.02,26.04,raw,4635,115,0,28.75,6.0502592432999
6.02d,6.02,26.04,raw,4637,364,0,91,10.7640512155461
6.02d,6.02,26.04,raw,4641,138,0,34.5,6.62772693261899
6.02d,6.02,26.04,raw,4645,356,0,89,10.6451077721848
6.02d,6.02,26.04,raw,4650,32,0,8,3.19153824321146
6.02d,6.02,26.04,raw,4654,59,0,14.75,4.33362242065961
6.02d,6.02,26.04,raw,4655,54,0,13.5,4.14592979365603
6.02d,6.02,26.04,raw,4666,1641,0,410.25,22.8549015142836
6.02d,6.02,26.04,raw,4667,166,0,41.5,7.26907429501923
6.02d,6.02,26.04,raw,4668,155,0,38.75,7.02410366940064
6.02d,6.02,26.04,raw,4672,184,0,46,7.65303985732581
6.02d,6.02,26.04,raw,4678,213,0,53.25,8.23407588968838
6.02d,6.02,26.04,raw,4685,26,0,6.5,2.8768136958758
6.02d,6.02,26.04,raw,4690,221,0,55.25,8.38728113554194
6.02d,6.02,26.04,raw,4692,239,0,59.75,8.72215929675249
6.02d,6.02,26.04,raw,4693,6,0,1.5,1.38197659788534
6.02d,6.02,26.04,raw,4694,90,0,22.5,5.35237234845831
6.02d,6.02,26.04,raw,4697,66,0,16.5,4.58349784423754
6.02d,6.02,26.04,raw,4698,125,0,31.25,6.3078313050504
6.02d,6.02,26.04,raw,4701,44,0,11,3.74241031850956
6.02d,6.02,26.04,raw,4706,87,0,21.75,5.26241010355424
6.02d,6.02,26.04,raw,4707,117,0,29.25,6.10264341769233
6.02d,6.02,26.04,raw,4708,163,0,40.75,7.20309040953658
6.02d,6.02,26.04,raw,4714,38,0,9.5,3.47789816915102
6.02d,6.02,26.04,raw,4717,107,0,26.75,5.83602243155949
6.02d,6.02,26.04,raw,4723,149,0,37.25,6.88681152939332
6.02d,6.02,26.04,raw,4726,6,0,1.5,1.38197659788534
6.02d,6.02,26.04,raw,4728,121,1,30.25,6.20608541902532
6.02d,6.02,26.04,raw,4730,7,0,1.75,1.49270533036046
6.02d,6.02,26.04,raw,4733,87,0,21.75,5.26241010355424
6.02d,6.02,26.04,raw,4734,268,0,67,9.23618154310838
6.02d,6.02,26.04,raw,4735,84,0,21,5.17088294582641
6.02d,6.02,26.04,raw,4737,162,0,40.5,7.18096104722579
6.02d,6.02,26.04,raw,4741,50,0,12.5,3.98942280401433
6.02d,6.02,26.04,raw,4745,354,0,88.5,10.6151636685009
6.02d,6.02,26.04,raw,4747,92,0,23,5.41151637980601
6.02d,6.02,26.04,raw,4748,39,0,9.75,3.52336281997296
6.02d,6.02,26.04,raw,4756,9,0,2.25,1.69256875064327
6.02d,6.02,26.04,raw,4759,116,0,29,6.0765077797465
6.02d,6.02,26.04,raw,4769,128,0,32,6.38307648642292
6.02d,6.02,26.04,raw,4770,419,0,104.75,11.5486727510571
6.02d,6.02,26.04,raw,4773,24,0,6,2.76395319577068
6.02d,6.02,26.04,raw,4777,338,0,84.5,10.3724992904373
6.02d,6.02,26.04,raw,4779,165,0,41.25,7.24714641913115
6.02d,6.02,26.04,raw,4782,6,0,1.5,1.38197659788534
6.02d,6.02,26.04,raw,4784,78,0,19.5,4.98278748516688
6.02d,6.02,26.04,raw,4785,209,0,52.25,8.15639419182351
6.02d,6.02,26.04,raw,4786,20,0,5,2.52313252202016
6.02d,6.02,26.04,raw,4789,163,0,40.75,7.20309040953658
6.02d,6.02,26.04,raw,4791,206,0,51.5,8.09764388904951
6.02d,6.02,26.04,raw,4796,441,0,110.25,11.8479812545029
6.02d,6.02,26.04,raw,4798,85,0,21.25,5.2015709478601
6.02d,6.02,26.04,raw,4811,103,0,25.75,5.72589890558072
6.02d,6.02,26.04,raw,4813,5,0,1.25,1.26156626101008
6.02d,6.02,26.04,raw,4815,200,0,50,7.97884560802865
6.02d,6.02,26.04,raw,4817,38,0,9.5,3.47789816915102
6.02d,6.02,26.04,raw,4818,65,0,16.25,4.54864184146723
6.02d,6.02,26.04,raw,4821,96,0,24,5.52790639154137
6.02d,6.02,26.04,raw,4824,159,0,39.75,7.1141599576635
6.02d,6.02,26.04,raw,4827,163,0,40.75,7.20309040953658
6.02d,6.02,26.04,raw,4828,30,0,7.5,3.09019361618552
6.02d,6.02,26.04,raw,4830,589,0,147.25,13.6924987844532
6.02d,6.02,26.04,raw,4831,769,0,192.25,15.6454562884991
6.02d,6.02,26.04,raw,4834,66,0,16.5,4.58349784423754
6.02d,6.02,26.04,raw,4838,369,0,92.25,10.8377279907654
6.02d,6.02,26.04,raw,4842,100,0,25,5.64189583547756
6.02d,6.02,26.04,raw,4849,270,1,67.5,9.27058084855655
6.02d,6.02,26.04,raw,4857,125,0,31.25,6.3078313050504
6.02d,6.02,26.04,raw,4861,46,0,11.5,3.82651992866291
6.02d,6.02,26.04,raw,4862,42,0,10.5,3.65636639571573
6.02d,6.02,26.04,raw,4864,40,1,10,3.56824823230554
6.02d,6.02,26.04,raw,4871,199,0,49.75,7.95887349758585
6.02d,6.02,26.04,raw,4872,148,0,37,6.8636625175777
6.02d,6.02,26.04,raw,4877,63,0,15.75,4.47811599108138
6.02d,6.02,26.04,raw,4878,212,0,53,8.21472433323015
6.02d,6.02,26.04,raw,4883,170,0,42.5,7.35613218010963
6.02d,6.02,26.04,raw,4885,8,0,2,1.59576912160573
6.02d,6.02,26.04,raw,4886,87,0,21.75,5.26241010355424
6.02d,6.02,26.04,raw,4888,219,1,54.75,8.3492433833402
6.02d,6.02,26.04,raw,4892,153,0,38.25,6.97863973752192
6.02d,6.02,26.04,raw,4894,35,0,8.75,3.33779058906227
6.02d,6.02,26.04,raw,4895,13,0,3.25,2.03421447256411
6.02d,6.02,26.04,raw,4896,301,0,75.25,9.78832343873664
6.02d,6.02,26.04,raw,4900,151,0,37.75,6.93287767191607
6.02d,6.02,26.04,raw,4901,18,0,4.5,2.3936536824086
6.02d,6.02,26.04,raw,4904,671,0,167.75,14.6145794886245
6.02d,6.02,26.04,raw,4905,107,0,26.75,5.83602243155949
6.02d,6.02,26.04,raw,4907,32,0,8,3.19153824321146
6.02d,6.02,26.04,raw,4910,99,0,24.75,5.61361547776433
6.02d,6.02,26.04,raw,4916,102,0,25.5,5.69803548521301
6.02d,6.02,26.04,raw,4923,554,0,138.5,13.2794456565709
6.02d,6.02,26.04,raw,4924,111,0,27.75,5.94410610322534
6.02d,6.02,26.04,raw,4926,28,0,7,2.98541066072092
6.02d,6.02,26.04,raw,4927,67,0,16.75,4.61809077155419
6.02d,6.02,26.04,raw,4931,756,0,189,15.5126488374792
6.02d,6.02,26.04,raw,4934,214,0,53.5,8.25338207302505
6.02d,6.02,26.04,raw,4937,392,0,98,11.1703838512401
6.02d,6.02,26.04,raw,4941,305,0,76.25,9.85314748118875
6.02d,6.02,26.04,raw,4945,174,0,43.5,7.44217173921562
6.02d,6.02,26.04,raw,4947,327,0,81.75,10.2023199705802
6.02d,6.02,26.04,raw,4948,290,0,72.5,9.60780240186586
6.02d,6.02,26.04,raw,4949,8,0,2,1.59576912160573
6.02d,6.02,26.04,raw,4952,249,0,62.25,8.90276146258923
6.02d,6.02,26.04,raw,4953,605,0,151.25,13.8772288711109
6.02d,6.02,26.04,raw,4954,9,0,2.25,1.69256875064327
6.02d,6.02,26.04,raw,4958,213,0,53.25,8.23407588968838
6.02d,6.02,26.04,raw,4963,50,0,12.5,3.98942280401433
6.02d,6.02,26.04,raw,4973,42,0,10.5,3.65636639571573
6.02d,6.02,26.04,raw,4978,262,0,65.5,9.13220620552083
6.02d,6.02,26.04,raw,4979,71,0,17.75,4.75394593143939
6.02d,6.02,26.04,raw,4980,101,0,25.25,5.67003514138694
6.02d,6.02,26.04,raw,4981,111,0,27.75,5.94410610322534
6.02d,6.02,26.04,raw,4984,117,0,29.25,6.10264341769233
6.02d,6.02,26.04,raw,4986,16,0,4,2.25675833419103
6.02d,6.02,26.04,raw,4988,191,0,47.75,7.79725517481017
6.02d,6.02,26.04,raw,4991,111,0,27.75,5.94410610322534
6.02d,6.02,26.04,raw,5001,23,0,5.75,2.705758189903
6.02d,6.02,26.04,raw,5007,76,0,19,4.91849075936593
6.02d,6.02,26.04,raw,5009,47,0,11.75,3.86788891394752
6.02d,6.02,26.04,raw,5011,224,0,56,8.4440164912895
6.02d,6.02,26.04,raw,5013,16,0,4,2.25675833419103
6.02d,6.02,26.04,raw,5016,12,0,3,1.95441004761168
6.02d,6.02,26.04,raw,5018,100,0,25,5.64189583547756
6.02d,6.02,26.04,raw,5022,180,0,45,7.56939756606048
6.02d,6.02,26.04,raw,5023,25,0,6.25,2.82094791773878
6.02d,6.02,26.04,raw,5027,21,0,5.25,2.58544147291321
6.02d,6.02,26.04,raw,5030,128,0,32,6.38307648642292
6.02d,6.02,26.04,raw,5032,137,0,34.25,6.60366976818037
6.02d,6.02,26.04,raw,5037,61,0,15.25,4.40646151205377
6.02d,6.02,26.04,raw,5039,423,0,105.75,11.6036667418426
6.02d,6.02,26.04,raw,5040,63,0,15.75,4.47811599108138
6.02d,6.02,26.04,raw,5042,168,0,42,7.31273279143145
6.02d,6.02,26.04,raw,5045,152,0,38,6.95579633830205
6.02d,6.02,26.04,raw,5047,125,0,31.25,6.3078313050504
6.02d,6.02,26.04,raw,5049,288,0,72,9.57461472963438
6.02d,6.02,26.04,raw,5051,223,1,55.75,8.42514715711158
6.02d,6.02,26.04,raw,5054,153,0,38.25,6.97863973752192
6.02d,6.02,26.04,raw,5059,38,0,9.5,3.47789816915102
6.02d,6.02,26.04,raw,5061,60,0,15,4.37019372236832
6.02d,6.02,26.04,raw,5065,39,0,9.75,3.52336281997296
6.02d,6.02,26.04,raw,5068,290,0,72.5,9.60780240186586
6.02d,6.02,26.04,raw,5076,312,0,78,9.96557497033376
6.02d,6.02,26.04,raw,5078,254,0,63.5,8.9917023466462
6.02d,6.02,26.04,raw,5080,140,0,35,6.67558117812455
6.02d,6.02,26.04,raw,5082,17,0,4.25,2.32621324584064
6.02d,6.02,26.04,raw,5084,224,0,56,8.4440164912895
6.02d,6.02,26.04,raw,5085,372,0,93,10.8816946134492
6.02d,6.02,26.04,raw,5088,16,0,4,2.25675833419103
6.02d,6.02,26.04,raw,5091,28,0,7,2.98541066072092
6.02d,6.02,26.04,raw,5092,7,0,1.75,1.49270533036046
6.02d,6.02,26.04,raw,5098,8,0,2,1.59576912160573
6.02d,6.02,26.04,raw,5101,99,0,24.75,5.61361547776433
6.02d,6.02,26.04,raw,5104,88,0,22,5.29256742840123
6.02d,6.02,26.04,raw,5108,34,0,8.5,3.28976232123977
6.02d,6.02,26.04,raw,5109,43,0,10.75,3.69963851016596
6.02d,6.02,26.04,raw,5111,141,0,35.25,6.69938011698952
6.02d,6.02,26.04,raw,5113,49,0,12.25,3.94932708483429
6.02d,6.02,26.04,raw,5130,75,0,18.75,4.8860251190292
6.02d,6.02,26.04,raw,5133,8,0,2,1.59576912160573
6.02d,6.02,26.04,raw,5135,8,0,2,1.59576912160573
6.02d,6.02,26.04,raw,5140,244,0,61,8.81292302410755
6.02d,6.02,26.04,raw,5144,66,0,16.5,4.58349784423754
6.02d,6.02,26.04,raw,5145,63,0,15.75,4.47811599108138
6.02d,6.02,26.04,raw,5146,779,0,194.75,15.7468536964428
6.02d,6.02,26.04,raw,5151,86,0,21.5,5.23207895695449
6.02d,6.02,26.04,raw,5153,167,0,41.75,7.29093622196032
6.02d,6.02,26.04,raw,5159,323,0,80.75,10.1397284597451
6.02d,6.02,26.04,raw,5162,46,0,11.5,3.82651992866291
6.02d,6.02,26.04,raw,5164,119,0,29.75,6.15458174499869
6.02d,6.02,26.04,raw,5168,299,0,74.75,9.75574989270191
6.02d,6.02,26.04,raw,5178,23,0,5.75,2.705758189903
6.02d,6.02,26.04,raw,5180,76,0,19,4.91849075936593
6.02d,6.02,26.04,raw,5185,42,0,10.5,3.65636639571573
6.02d,6.02,26.04,raw,5187,107,0,26.75,5.83602243155949
6.02d,6.02,26.04,raw,5189,81,1,20.25,5.07770625192981
6.02d,6.02,26.04,raw,5192,221,0,55.25,8.38728113554194
6.02d,6.02,26.04,raw,5198,11,0,2.75,1.87120515925478
6.02d,6.02,26.04,raw,5199,62,0,15.5,4.44243322329048
6.02d,6.02,26.04,raw,5202,125,0,31.25,6.3078313050504
6.02d,6.02,26.04,raw,5206,181,0,45.25,7.5903945483266
6.02d,6.02,26.04,raw,5211,83,0,20.75,5.14001172695692
6.02d,6.02,26.04,raw,5214,18,0,4.5,2.3936536824086
6.02d,6.02,26.04,raw,5228,13,0,3.25,2.03421447256411
6.02d,6.02,26.04,raw,5230,14,0,3.5,2.11100412282238
6.02d,6.02,26.04,raw,5231,10,0,2.5,1.78412411615277
6.02d,6.02,26.04,raw,5235,361,0,90.25,10.7196020874074
6.02d,6.02,26.04,raw,5242,184,0,46,7.65303985732581
6.02d,6.02,26.04,raw,5243,65,0,16.25,4.54864184146723
6.02d,6.02,26.04,raw,5256,299,0,74.75,9.75574989270191
6.02d,6.02,26.04,raw,5262,171,0,42.75,7.3777361390489
6.02d,6.02,26.04,raw,5263,14,0,3.5,2.11100412282238
6.02d,6.02,26.04,raw,5266,28,1,7,2.98541066072092
6.02d,6.02,26.04,raw,5267,102,1,25.5,5.69803548521301
6.02d,6.02,26.04,raw,5269,501,1,125.25,12.6282719711796
6.02d,6.02,26.04,raw,5272,51,0,12.75,4.0291195310357
6.02d,6.02,26.04,raw,5275,37,0,9.25,3.43183125878885
6.02d,6.02,26.04,raw,5278,149,0,37.25,6.88681152939332
6.02d,6.02,26.04,raw,5279,65,0,16.25,4.54864184146723
6.02d,6.02,26.04,raw,5281,48,0,12,3.90882009522336
6.02d,6.02,26.04,raw,5285,94,0,23.5,5.47002095985713
6.02d,6.02,26.04,raw,5287,54,0,13.5,4.14592979365603
6.02d,6.02,26.04,raw,5293,332,0,83,10.2800234539138
6.02d,6.02,26.04,raw,5296,242,0,60.5,8.77673016883152
6.02d,6.02,26.04,raw,5301,243,0,60.75,8.79484521425256
6.02d,6.02,26.04,raw,5302,280,0,70,9.4406974388263
6.02d,6.02,26.04,raw,5308,78,0,19.5,4.98278748516688
6.02d,6.02,26.04,raw,5311,41,0,10.25,3.61257599692178
6.02d,6.02,26.04,raw,5313,32,0,8,3.19153824321146
6.02d,6.02,26.04,raw,5317,299,0,74.75,9.75574989270191
6.02d,6.02,26.04,raw,5320,42,0,10.5,3.65636639571573
6.02d,6.02,26.04,raw,5323,149,0,37.25,6.88681152939332
6.02d,6.02,26.04,raw,5327,56,0,14,4.22200824564475
6.02d,6.02,26.04,raw,5330,7,0,1.75,1.49270533036046
6.02d,6.02,26.04,raw,5336,26,0,6.5,2.8768136958758
6.02d,6.02,26.04,raw,5340,13,0,3.25,2.03421447256411
6.02d,6.02,26.04,raw,5341,193,0,48.25,7.83797218886822
6.02d,6.02,26.04,raw,5343,229,0,57.25,8.53773763570233
6.02d,6.02,26.04,raw,5346,178,0,44.5,7.5272278921735
6.02d,6.02,26.04,raw,5348,42,0,10.5,3.65636639571573
6.02d,6.02,26.04,raw,5352,82,0,20.5,5.10895396995029
6.02d,6.02,26.04,raw,5356,222,0,55.5,8.40623546736597
6.02d,6.02,26.04,raw,5358,30,1,7.5,3.09019361618552
6.02d,6.02,26.04,raw,5359,23,0,5.75,2.705758189903
6.02d,6.02,26.04,raw,5360,91,0,22.75,5.38202560777306
6.02d,6.02,26.04,raw,5362,37,0,9.25,3.43183125878885
6.02d,6.02,26.04,raw,5365,98,0,24.5,5.58519192562006
6.02d,6.02,26.04,raw,5370,14,0,3.5,2.11100412282238
6.02d,6.02,26.04,raw,5373,8,0,2,1.59576912160573
6.02d,6.02,26.04,raw,5377,76,0,19,4.91849075936593
6.02d,6.02,26.04,raw,5380,383,0,95.75,11.0414078091696
6.02d,6.02,26.04,raw,5384,42,0,10.5,3.65636639571573
6.02d,6.02,26.04,raw,5387,107,0,26.75,5.83602243155949
6.02d,6.02,26.04,raw,5395,8,0,2,1.59576912160573
6.02d,6.02,26.04,raw,5396,37,0,9.25,3.43183125878885
6.02d,6.02,26.04,raw,5399,156,0,39,7.04672563994593
6.02d,6.02,26.04,raw,5412,245,0,61.25,8.83096382707056
6.02d,6.02,26.04,raw,5414,176,0,44,7.48482063701911
6.02d,6.02,26.04,raw,5417,407,0,101.75,11.3820966292157
6.02d,6.02,26.04,raw,5418,138,0,34.5,6.62772693261899
6.02d,6.02,26.04,raw,5419,50,0,12.5,3.98942280401433
6.02d,6.02,26.04,raw,5427,398,0,99.5,11.2555468414977
6.02d,6.02,26.04,raw,5430,291,0,72.75,9.62435332266449
6.02d,6.02,26.04,raw,5432,13,0,3.25,2.03421447256411
6.02d,6.02,26.04,raw,5434,285,1,71.25,9.52461639974967
6.02d,6.02,26.04,raw,5435,67,1,16.75,4.61809077155419
6.02d,6.02,26.04,raw,5439,115,0,28.75,6.0502592432999
6.02d,6.02,26.04,raw,5448,372,0,93,10.8816946134492
6.02d,6.02,26.04,raw,5452,6,0,1.5,1.38197659788534
6.02d,6.02,26.04,raw,5455,10,1,2.5,1.78412411615277
6.02d,6.02,26.04,raw,5457,225,0,56.25,8.46284375321634
6.02d,6.02,26.04,raw,5459,115,0,28.75,6.0502592432999
6.02d,6.02,26.04,raw,5461,88,0,22,5.29256742840123
6.02d,6.02,26.04,raw,5464,23,0,5.75,2.705758189903
6.02d,6.02,26.04,raw,5476,1000,0,250,17.8412411615277
6.02d,6.02,26.04,raw,5480,425,0,106.25,11.6310662292032
6.02d,6.02,26.04,raw,5484,166,0,41.5,7.26907429501923
6.02d,6.02,26.04,raw,5486,361,0,90.25,10.7196020874074
6.02d,6.02,26.04,raw,5491,49,0,12.25,3.94932708483429
6.02d,6.02,26.04,raw,5495,27,0,6.75,2.93161507141752
6.02d,6.02,26.04,raw,5509,203,0,50.75,8.03846421247924
6.02d,6.02,26.04,raw,5511,23,0,5.75,2.705758189903
6.02d,6.02,26.04,raw,5512,114,0,28.5,6.02389633252035
6.02d,6.02,26.04,raw,5518,139,0,34.75,6.65169709018284
6.02d,6.02,26.04,raw,5519,75,0,18.75,4.8860251190292
6.02d,6.02,26.04,raw,5523,53,0,13.25,4.10736216661508
6.02d,6.02,26.04,raw,5524,279,0,69.75,9.42382397147133
6.02d,6.02,26.04,raw,5525,87,0,21.75,5.26241010355424
6.02d,6.02,26.04,raw,5528,363,0,90.75,10.7492552618642
6.02d,6.02,26.04,raw,5531,139,0,34.75,6.65169709018284
6.02d,6.02,26.04,raw,5533,64,0,16,4.51351666838205
6.02d,6.02,26.04,raw,5537,396,0,99,11.2272309555287
6.02d,6.02,26.04,raw,5541,45,0,11.25,3.78469878303024
6.02d,6.02,26.04,raw,5547,227,0,56.75,8.50037317790934
6.02d,6.02,26.04,raw,5550,76,0,19,4.91849075936593
6.02d,6.02,26.04,raw,5553,398,0,99.5,11.2555468414977
6.02d,6.02,26.04,raw,5562,127,0,31.75,6.35809370372452
6.02d,6.02,26.04,raw,5567,7,0,1.75,1.49270533036046
6.02d,6.02,26.04,raw,5571,23,0,5.75,2.705758189903
6.02d,6.02,26.04,raw,5573,86,0,21.5,5.23207895695449
6.02d,6.02,26.04,raw,5577,13,0,3.25,2.03421447256411
6.02d,6.02,26.04,raw,5578,109,0,27.25,5.89031218137317
6.02d,6.02,26.04,raw,5579,34,0,8.5,3.28976232123977
6.02d,6.02,26.04,raw,5584,795,0,198.75,15.9077452681426
6.02d,6.02,26.04,raw,5585,63,0,15.75,4.47811599108138
6.02d,6.02,26.04,raw,5592,116,0,29,6.0765077797465
6.02d,6.02,26.04,raw,5598,6,0,1.5,1.38197659788534
6.02d,6.02,26.04,raw,5601,248,0,62,8.88486644658096
6.02d,6.02,26.04,raw,5602,28,0,7,2.98541066072092
6.02d,6.02,26.04,raw,5604,40,1,10,3.56824823230554
6.02d,6.02,26.04,raw,5605,194,0,48.5,7.85825158159596
6.02d,6.02,26.04,raw,5606,130,0,32.5,6.43275098258069
6.02d,6.02,26.04,raw,5608,222,0,55.5,8.40623546736597
6.02d,6.02,26.04,raw,5621,340,0,85,10.4031418957202
6.02d,6.02,26.04,raw,5627,478,0,119.5,12.334995970646
6.02d,6.02,26.04,raw,5628,158,0,39.5,7.09175309899033
6.02d,6.02,26.04,raw,5631,327,0,81.75,10.2023199705802
6.02d,6.02,26.04,raw,5634,375,0,93.75,10.9254843059208
6.02d,6.02,26.04,raw,5635,122,0,30.5,6.2316776324215
6.02d,6.02,26.04,raw,5636,231,1,57.75,8.57493928307692
6.02d,6.02,26.04,raw,5638,49,1,12.25,3.94932708483429
6.02d,6.02,26.04,raw,5639,260,0,65,9.09728368293446
6.02d,6.02,26.04,raw,5642,367,0,91.75,10.808317548511
6.02d,6.02,26.04,raw,5644,70,0,17.5,4.72034871941315
6.02d,6.02,26.04,raw,5645,86,0,21.5,5.23207895695449
6.02d,6.02,26.04,raw,5648,64,0,16,4.51351666838205
6.02d,6.02,26.04,raw,5650,16,0,4,2.25675833419103
6.02d,6.02,26.04,raw,5652,25,0,6.25,2.82094791773878
6.02d,6.02,26.04,raw,5654,233,0,58.25,8.61198022993685
6.02d,6.02,26.04,raw,5657,304,0,76,9.83698151873187
6.02d,6.02,26.04,raw,5665,6,1,1.5,1.38197659788534
6.02d,6.02,26.04,raw,5668,330,0,82.5,10.2490127544389
6.02d,6.02,26.04,raw,5670,454,0,113.5,12.0213430334319
6.02d,6.02,26.04,raw,5673,125,0,31.25,6.3078313050504
6.02d,6.02,26.04,raw,5687,29,1,7.25,3.03825388987325
6.02d,6.02,26.04,raw,5690,195,0,48.75,7.8784787748549
6.02d,6.02,26.04,raw,5692,189,0,47.25,7.75632441873962
6.02d,6.02,26.04,raw,5697,90,0,22.5,5.35237234845831
6.02d,6.02,26.04,raw,5698,64,0,16,4.51351666838205
6.02d,6.02,26.04,raw,5704,50,0,12.5,3.98942280401433
6.02d,6.02,26.04,raw,5705,8,0,2,1.59576912160573
6.02d,6.02,26.04,raw,5712,72,0,18,4.78730736481719
6.02d,6.02,26.04,raw,5714,276,0,69,9.37302131581521
6.02d,6.02,26.04,raw,5716,76,0,19,4.91849075936593
6.02d,6.02,26.04,raw,5721,160,0,40,7.13649646461108
6.02d,6.02,26.04,raw,5722,498,0,124.5,12.5904060029662
6.02d,6.02,26.04,raw,5724,104,0,26,5.75362739175159
6.02d,6.02,26.04,raw,5727,72,0,18,4.78730736481719
6.02d,6.02,26.04,raw,5731,274,0,68.5,9.33899934759387
6.02d,6.02,26.04,raw,5734,64,0,16,4.51351666838205
6.02d,6.02,26.04,raw,5735,41,0,10.25,3.61257599692178
6.02d,6.02,26.04,raw,5739,5,0,1.25,1.26156626101008
6.02d,6.02,26.04,raw,5743,174,0,43.5,7.44217173921562
6.02d,6.02,26.04,raw,5745,89,0,22.25,5.32255388609241
6.02d,6.02,26.04,raw,5748,23,1,5.75,2.705758189903
6.02d,6.02,26.04,raw,5750,54,0,13.5,4.14592979365603
6.02d,6.02,26.04,raw,5758,1203,0,300.75,19.5685153519397
6.02d,6.02,26.04,raw,5759,118,1,29.5,6.12866760150094
6.02d,6.02,26.04,raw,5760,79,0,19.75,5.01462670679677
6.02d,6.02,26.04,raw,5763,95,0,23.75,5.4990398423234
6.02d,6.02,26.04,raw,5767,238,0,59.5,8.70389297451101
6.02d,6.02,26.04,raw,5772,73,0,18.25,4.82043791490117
6.02d,6.02,26.04,raw,5778,70,0,17.5,4.72034871941315
6.02d,6.02,26.04,raw,5780,45,0,11.25,3.78469878303024
6.02d,6.02,26.04,raw,5782,49,0,12.25,3.94932708483429
6.02d,6.02,26.04,raw,5784,415,0,103.75,11.4934156266218
6.02d,6.02,26.04,raw,5785,177,0,44.25,7.50605421340207
6.02d,6.02,26.04,raw,5789,10,0,2.5,1.78412411615277
6.02d,6.02,26.04,raw,5791,319,0,79.75,10.0767481705473
6.02d,6.02,26.04,raw,5792,67,0,16.75,4.61809077155419
6.02d,6.02,26.04,raw,5796,109,0,27.25,5.89031218137317
6.02d,6.02,26.04,raw,5798,159,0,39.75,7.1141599576635
6.02d,6.02,26.04,raw,5799,32,0,8,3.19153824321146
6.02d,6.02,26.04,raw,5800,11,0,2.75,1.87120515925478
6.02d,6.02,26.04,raw,5806,293,0,73.25,9.65737006911564
6.02d,6.02,26.04,raw,5812,12,0,3,1.95441004761168
6.02d,6.02,26.04,raw,5816,90,0,22.5,5.35237234845831
6.02d,6.02,26.04,raw,5817,50,0,12.5,3.98942280401433
6.02d,6.02,26.04,raw,5821,77,0,19.25,4.95074350336915
6.02d,6.02,26.04,raw,5825,11,0,2.75,1.87120515925478
6.02d,6.02,26.04,raw,5827,10,0,2.5,1.78412411615277
6.02d,6.02,26.04,raw,5830,398,0,99.5,11.2555468414977
6.02d,6.02,26.04,raw,5834,179,0,44.75,7.54834217738561
6.02d,6.02,26.04,raw,5836,286,0,71.5,9.54131162097561
6.02d,6.02,26.04,raw,5840,628,1,157,14.1385504392572
6.02d,6.02,26.04,raw,5841,229,0,57.25,8.53773763570233
6.02d,6.02,26.04,raw,5848,12,0,3,1.95441004761168
6.02d,6.02,26.04,raw,5850,251,0,62.75,8.93844401627775
6.02d,6.02,26.04,raw,5852,1375,0,343.75,20.92070967971
6.02d,6.02,26.04,raw,5853,89,0,22.25,5.32255388609241
6.02d,6.02,26.04,raw,5856,55,0,13.75,4.184141935942
6.02d,6.02,26.04,raw,5857,7,0,1.75,1.49270533036046
6.02d,6.02,26.04,raw,5860,86,0,21.5,5.23207895695449
6.02d,6.02,26.04,raw,5866,151,0,37.75,6.93287767191607
6.02d,6.02,26.04,raw,5867,105,0,26.25,5.78122288528111
6.02d,6.02,26.04,raw,5870,31,0,7.75,3.14127465715711
6.02d,6.02,26.04,raw,5872,55,1,13.75,4.184141935942
6.02d,6.02,26.04,raw,5879,243,0,60.75,8.79484521425256
6.02d,6.02,26.04,raw,5880,104,0,26,5.75362739175159
6.02d,6.02,26.04,raw,5884,269,0,67.25,9.25339718068125
6.02d,6.02,26.04,raw,5885,37,0,9.25,3.43183125878885
6.02d,6.02,26.04,raw,5886,21,0,5.25,2.58544147291321
6.02d,6.02,26.04,raw,5889,29,0,7.25,3.03825388987325
6.02d,6.02,26.04,raw,5891,118,0,29.5,6.12866760150094
6.02d,6.02,26.04,raw,5893,357,0,89.25,10.6600482816736
6.02d,6.02,26.04,raw,5895,57,0,14.25,4.25953794588991
6.02d,6.02,26.04,raw,5898,12,0,3,1.95441004761168
6.02d,6.02,26.04,raw,5899,261,0,65.25,9.11476166961975
6.02d,6.02,26.04,raw,5900,399,0,99.75,11.2696781048676
6.02d,6.02,26.04,raw,5903,22,0,5.5,2.64628371420061
6.02d,6.02,26.04,raw,5909,585,0,146.25,13.6459255244017
6.02d,6.02,26.04,raw,5916,97,0,24.25,5.55662298161641
6.02d,6.02,26.04,raw,5921,74,0,18.5,4.85334230995512
6.02d,6.02,26.04,raw,5923,514,0,128.5,12.7910625633084
6.02d,6.02,26.04,raw,5928,163,0,40.75,7.20309040953658
6.02d,6.02,26.04,raw,5931,447,0,111.75,11.9283074710604
6.02d,6.02,26.04,raw,5933,91,0,22.75,5.38202560777306
6.02d,6.02,26.04,raw,5940,49,0,12.25,3.94932708483429
6.02d,6.02,26.04,raw,5946,183,0,45.75,7.63221522047392
6.02d,6.02,26.04,raw,5953,78,0,19.5,4.98278748516688
6.02d,6.02,26.04,raw,5955,72,0,18,4.78730736481719
6.02d,6.02,26.04,raw,5959,208,0,52,8.13685789025644
6.02d,6.02,26.04,raw,5960,79,0,19.75,5.01462670679677
6.02d,6.02,26.04,raw,5962,251,0,62.75,8.93844401627775
6.02d,6.02,26.04,raw,5967,151,0,37.75,6.93287767191607
6.02d,6.02,26.04,raw,5970,251,0,62.75,8.93844401627775
6.02d,6.02,26.04,raw,5971,39,0,9.75,3.52336281997296
6.02d,6.02,26.04,raw,5972,224,1,56,8.4440164912895
6.02d,6.02,26.04,raw,5976,194,0,48.5,7.85825158159596
6.02d,6.02,26.04,raw,5978,277,0,69.25,9.38998607415954
6.02d,6.02,26.04,raw,5980,239,0,59.75,8.72215929675249
6.02d,6.02,26.04,raw,5981,45,0,11.25,3.78469878303024
6.02d,6.02,26.04,raw,5982,61,0,15.25,4.40646151205377
6.02d,6.02,26.04,raw,5985,70,0,17.5,4.72034871941315
6.02d,6.02,26.04,raw,5986,51,0,12.75,4.0291195310357
6.02d,6.02,26.04,raw,5991,59,0,14.75,4.33362242065961
6.02d,6.02,26.04,raw,5993,12,0,3,1.95441004761168
6.02d,6.02,26.04,raw,5996,86,0,21.5,5.23207895695449
6.02d,6.02,26.04,raw,6000,632,0,158,14.1835061979807
6.02d,6.02,26.04,raw,6001,679,0,169.75,14.7014425387033
6.02d,6.02,26.04,raw,6003,93,0,23.25,5.44084730672462
6.02d,6.02,26.04,raw,6004,112,0,28,5.97082132144185
6.02d,6.02,26.04,raw,6007,6,0,1.5,1.38197659788534
6.02d,6.02,26.04,raw,6013,24,0,6,2.76395319577068
6.02d,6.02,26.04,raw,6020,33,0,8.25,3.24102240721429
6.02d,6.02,26.04,raw,6026,182,1,45.5,7.61133360755196
6.02d,6.02,26.04,raw,6031,89,0,22.25,5.32255388609241
6.02d,6.02,26.04,raw,6034,343,0,85.75,10.4489373125232
6.02d,6.02,26.04,raw,6035,31,0,7.75,3.14127465715711
6.02d,6.02,26.04,raw,6037,5,0,1.25,1.26156626101008
6.02d,6.02,26.04,raw,6039,14,0,3.5,2.11100412282238
6.02d,6.02,26.04,raw,6044,172,0,43,7.39927702033192
6.02d,6.02,26.04,raw,6050,15,1,3.74999999999998,2.18509686118415
6.02d,6.02,26.04,raw,6052,151,0,37.75,6.93287767191607
6.02d,6.02,26.04,raw,6054,127,0,31.75,6.35809370372452
6.02d,6.02,26.04,raw,6056,76,0,19,4.91849075936593
6.02d,6.02,26.04,raw,6059,17,0,4.25,2.32621324584064
6.02d,6.02,26.04,raw,6060,14,0,3.5,2.11100412282238
6.02d,6.02,26.04,raw,6062,52,0,13,4.06842894512822
6.02d,6.02,26.04,raw,6064,106,0,26.5,5.80868728160518
6.02d,6.02,26.04,raw,6065,266,0,66.5,9.20165364078046
6.02d,6.02,26.04,raw,6067,20,0,5,2.52313252202016
6.02d,6.02,26.04,raw,6068,76,0,19,4.91849075936593
6.02d,6.02,26.04,raw,6072,85,0,21.25,5.2015709478601
6.02d,6.02,26.04,raw,6075,275,0,68.75,9.35602579627389
6.02d,6.02,26.04,raw,6082,627,0,156.75,14.127289146798
6.02d,6.02,26.04,raw,6084,58,0,14.5,4.29673985699156
6.02d,6.02,26.04,raw,6087,102,0,25.5,5.69803548521301
6.02d,6.02,26.04,raw,6094,38,0,9.5,3.47789816915102
6.02d,6.02,26.04,raw,6095,311,0,77.75,9.94959168022281
6.02d,6.02,26.04,raw,6098,74,0,18.5,4.85334230995512
6.02d,6.02,26.04,raw,6099,405,0,101.25,11.3540963490907
6.02d,6.02,26.04,raw,6102,86,0,21.5,5.23207895695449
6.02d,6.02,26.04,raw,6103,18,0,4.5,2.3936536824086
6.02d,6.02,26.04,raw,6106,320,0,80,10.0925300880806
6.02d,6.02,26.04,raw,6110,462,0,115.5,12.1267954306532
6.02d,6.02,26.04,raw,6111,118,0,29.5,6.12866760150094
6.02d,6.02,26.04,raw,6112,61,0,15.25,4.40646151205377
6.02d,6.02,26.04,raw,6114,81,0,20.25,5.07770625192981
6.02d,6.02,26.04,raw,6115,71,0,17.75,4.75394593143939
6.02d,6.02,26.04,raw,6117,25,0,6.25,2.82094791773878
6.02d,6.02,26.04,raw,6119,275,0,68.75,9.35602579627389
6.02d,6.02,26.04,raw,6122,174,0,43.5,7.44217173921562
6.02d,6.02,26.04,raw,6129,5,0,1.25,1.26156626101008
6.02d,6.02,26.04,raw,6135,176,0,44,7.48482063701911
6.02d,6.02,26.04,raw,6136,89,0,22.25,5.32255388609241
6.02d,6.02,26.04,raw,6138,16,0,4,2.25675833419103
6.02d,6.02,26.04,raw,6141,152,0,38,6.95579633830205
6.02d,6.02,26.04,raw,6146,20,0,5,2.52313252202016
6.02d,6.02,26.04,raw,6151,51,0,12.75,4.0291195310357
6.02d,6.02,26.04,raw,6152,6,0,1.5,1.38197659788534
6.02d,6.02,26.04,raw,6154,82,0,20.5,5.10895396995029
6.02d,6.02,26.04,raw,6162,325,0,81.25,10.1710723628205
6.02d,6.02,26.04,raw,6174,566,0,141.5,13.4224958774449
6.02d,6.02,26.04,raw,6178,31,0,7.75,3.14127465715711
6.02d,6.02,26.04,raw,6181,101,0,25.25,5.67003514138694
6.02d,6.02,26.04,raw,6184,137,0,34.25,6.60366976818037
6.02d,6.02,26.04,raw,6189,286,0,71.5,9.54131162097561
6.02d,6.02,26.04,raw,6190,37,0,9.25,3.43183125878885
6.02d,6.02,26.04,raw,6197,760,0,190,15.5536334500875
6.02d,6.02,26.04,raw,6199,69,0,17.25,4.6865106579076
6.02d,6.02,26.04,raw,6203,333,0,83.25,10.2954937763665
6.02d,6.02,26.04,raw,6206,233,0,58.25,8.61198022993685
6.02d,6.02,26.04,raw,6208,56,0,14,4.22200824564475
6.02d,6.02,26.04,raw,6212,487,0,121.75,12.4505788849959
6.02d,6.02,26.04,raw,6219,180,1,45,7.56939756606048
6.02d,6.02,26.04,raw,6225,68,0,17,4.65242649168128
6.02d,6.02,26.04,raw,6227,30,0,7.5,3.09019361618552
6.02d,6.02,26.04,raw,6230,11,0,2.75,1.87120515925478
6.02d,6.02,26.04,raw,6238,112,0,28,5.97082132144185
6.02d,6.02,26.04,raw,6239,30,0,7.5,3.09019361618552
6.02d,6.02,26.04,raw,6241,84,0,21,5.17088294582641
6.02d,6.02,26.04,raw,6242,40,0,10,3.56824823230554
6.02d,6.02,26.04,raw,6247,145,0,36.25,6.79374223065974
6.02d,6.02,26.04,raw,6249,266,0,66.5,9.20165364078046
6.02d,6.02,26.04,raw,6251,151,0,37.75,6.93287767191607
6.02d,6.02,26.04,raw,6253,167,0,41.75,7.29093622196032
6.02d,6.02,26.04,raw,6254,136,0,34,6.57952464247954
6.02d,6.02,26.04,raw,6256,264,0,66,9.16699568847508
6.02d,6.02,26.04,raw,6257,239,0,59.75,8.72215929675249
6.02d,6.02,26.04,raw,6259,250,0,62.5,8.92062058076386
6.02d,6.02,26.04,raw,6262,205,0,51.25,8.07796550300118
6.02d,6.02,26.04,raw,6266,45,0,11.25,3.78469878303024
6.02d,6.02,26.04,raw,6270,16,0,4,2.25675833419103
6.02d,6.02,26.04,raw,6273,308,0,77,9.90148700673831
6.02d,6.02,26.04,raw,6277,190,0,47.5,7.77681672504375
6.02d,6.02,26.04,raw,6278,43,0,10.75,3.69963851016596
6.02d,6.02,26.04,raw,6280,27,0,6.75,2.93161507141752
6.02d,6.02,26.04,raw,6283,85,0,21.25,5.2015709478601
6.02d,6.02,26.04,raw,6284,108,0,27,5.86323014283504
6.02d,6.02,26.04,raw,6287,62,0,15.5,4.44243322329048
6.02d,6.02,26.04,raw,6291,213,0,53.25,8.23407588968838
6.02d,6.02,26.04,raw,6294,35,0,8.75,3.33779058906227
6.02d,6.02,26.04,raw,6301,55,0,13.75,4.184141935942
6.02d,6.02,26.04,raw,6304,127,1,31.75,6.35809370372452
6.02d,6.02,26.04,raw,6305,264,0,66,9.16699568847508
6.02d,6.02,26.04,raw,6306,139,0,34.75,6.65169709018284
6.02d,6.02,26.04,raw,6307,147,0,36.75,6.84043516664088
6.02d,6.02,26.04,raw,6308,34,0,8.5,3.28976232123977
6.02d,6.02,26.04,raw,6313,67,0,16.75,4.61809077155419
6.02d,6.02,26.04,raw,6314,291,0,72.75,9.62435332266449
6.02d,6.02,26.04,raw,6316,27,0,6.75,2.93161507141752
6.02d,6.02,26.04,raw,6320,49,0,12.25,3.94932708483429
6.02d,6.02,26.04,raw,6321,208,0,52,8.13685789025644
6.02d,6.02,26.04,raw,6325,76,0,19,4.91849075936593
6.02d,6.02,26.04,raw,6328,91,0,22.75,5.38202560777306
6.02d,6.02,26.04,raw,6330,348,0,87,10.5248202071085
6.02d,6.02,26.04,raw,6331,509,0,127.25,12.7286971865761
6.02d,6.02,26.04,raw,6334,126,0,31.5,6.33301236846713
6.02d,6.02,26.04,raw,6335,140,0,35,6.67558117812455
6.02d,6.02,26.04,raw,6339,187,0,46.75,7.71517651880816
6.02d,6.02,26.04,raw,6351,317,0,79.25,10.0451099506308
6.02d,6.02,26.04,raw,6355,118,0,29.5,6.12866760150094
6.02d,6.02,26.04,raw,6359,19,0,4.75,2.45924537968297
6.02d,6.02,26.04,raw,6360,52,0,13,4.06842894512822
6.02d,6.02,26.04,raw,6365,129,0,32.25,6.40796186924587
6.02d,6.02,26.04,raw,6370,182,0,45.5,7.61133360755196
6.02d,6.02,26.04,raw,6375,13,0,3.25,2.03421447256411
6.02d,6.02,26.04,raw,6376,8,0,2,1.59576912160573
6.02d,6.02,26.04,raw,6377,238,0,59.5,8.70389297451101
6.02d,6.02,26.04,raw,6380,111,0,27.75,5.94410610322534
6.02d,6.02,26.04,raw,6381,246,0,61.5,8.84896784948462
6.02d,6.02,26.04,raw,6382,174,0,43.5,7.44217173921562
6.02d,6.02,26.04,raw,6383,88,0,22,5.29256742840123
6.02d,6.02,26.04,raw,6384,242,0,60.5,8.77673016883152
6.02d,6.02,26.04,raw,6387,135,0,33.75,6.55529058355247
6.02d,6.02,26.04,raw,6390,89,0,22.25,5.32255388609241
6.02d,6.02,26.04,raw,6391,262,0,65.5,9.13220620552083
6.02d,6.02,26.04,raw,6392,78,0,19.5,4.98278748516688
6.02d,6.02,26.04,raw,6394,124,0,31,6.28254931431422
6.02d,6.02,26.04,raw,6396,95,0,23.75,5.4990398423234
6.02d,6.02,26.04,raw,6400,168,0,42,7.31273279143145
6.02d,6.02,26.04,raw,6403,140,0,35,6.67558117812455
6.02d,6.02,26.04,raw,6405,162,0,40.5,7.18096104722579
6.02d,6.02,26.04,raw,6407,91,0,22.75,5.38202560777306
6.02d,6.02,26.04,raw,6410,12,0,3,1.95441004761168
6.02d,6.02,26.04,raw,6412,64,0,16,4.51351666838205
6.02d,6.02,26.04,raw,6415,100,0,25,5.64189583547756
6.02d,6.02,26.04,raw,6417,108,0,27,5.86323014283504
6.02d,6.02,26.04,raw,6419,506,0,126.5,12.6911308561924
6.02d,6.02,26.04,raw,6421,916,1,229,17.0754752714047
6.02d,6.02,26.04,raw,6423,338,0,84.5,10.3724992904373
6.02d,6.02,26.04,raw,6426,34,0,8.5,3.28976232123977
6.02d,6.02,26.04,raw,6428,63,0,15.75,4.47811599108138
6.02d,6.02,26.04,raw,6429,7,0,1.75,1.49270533036046
6.02d,6.02,26.04,raw,6432,139,0,34.75,6.65169709018284
6.02d,6.02,26.04,raw,6433,125,0,31.25,6.3078313050504
6.02d,6.02,26.04,raw,6438,36,0,9,3.38513750128654
6.02d,6.02,26.04,raw,6440,45,0,11.25,3.78469878303024
6.02d,6.02,26.04,raw,6444,6,1,1.5,1.38197659788534
6.02d,6.02,26.04,raw,6445,45,0,11.25,3.78469878303024
6.02d,6.02,26.04,raw,6449,31,0,7.75,3.14127465715711
6.02d,6.02,26.04,raw,6450,80,0,20,5.04626504404032
6.02d,6.02,26.04,raw,6454,154,0,38.5,7.00140860629515
6.02d,6.02,26.04,raw,6457,30,0,7.5,3.09019361618552
6.02d,6.02,26.04,raw,6459,204,0,51,8.0582390620714
6.02d,6.02,26.04,raw,6463,76,0,19,4.91849075936593
6.02d,6.02,26.04,raw,6466,312,0,78,9.96557497033376
6.02d,6.02,26.04,raw,6471,129,1,32.25,6.40796186924587
6.02d,6.02,26.04,raw,6479,110,0,27.5,5.9172702727032
6.02d,6.02,26.04,raw,6483,351,0,87.75,10.5700884599189
6.02d,6.02,26.04,raw,6484,29,0,7.25,3.03825388987325
6.02d,6.02,26.04,raw,6488,475,0,118.75,12.2962268984148
6.02d,6.02,26.04,raw,6489,264,0,66,9.16699568847508
6.02d,6.02,26.04,raw,6492,144,0,36,6.77027500257308
6.02d,6.02,26.04,raw,6497,404,0,101,11.3400702827739
6.02d,6.02,26.04,raw,6498,94,0,23.5,5.47002095985713
6.02d,6.02,26.04,raw,6503,164,0,41,7.22515199384357
6.02d,6.02,26.04,raw,6508,44,0,11,3.74241031850956
6.02d,6.02,26.04,raw,6510,147,0,36.75,6.84043516664088
6.02d,6.02,26.04,raw,6517,130,0,32.5,6.43275098258069
6.02d,6.02,26.04,raw,6521,118,0,29.5,6.12866760150094
6.02d,6.02,26.04,raw,6523,228,0,57,8.51907589177983
6.02d,6.02,26.04,raw,6527,300,0,75,9.7720502380584
6.02d,6.02,26.04,raw,6528,180,0,45,7.56939756606048
6.02d,6.02,26.04,raw,6530,24,0,6,2.76395319577068
6.02d,6.02,26.04,raw,6532,32,0,8,3.19153824321146
6.02d,6.02,26.04,raw,6536,20,0,5,2.52313252202016
6.02d,6.02,26.04,raw,6537,88,0,22,5.29256742840123
6.02d,6.02,26.04,raw,6538,217,0,54.25,8.31103154258739
6.02d,6.02,26.04,raw,6543,368,0,92,10.823032759612
6.02d,6.02,26.04,raw,6544,102,0,25.5,5.69803548521301
6.02d,6.02,26.04,raw,6546,184,0,46,7.65303985732581
6.02d,6.02,26.04,raw,6554,235,0,58.75,8.6488625410045
6.02d,6.02,26.04,raw,6555,502,0,125.5,12.6408687543326
6.02d,6.02,26.04,raw,6557,582,0,145.5,13.6108909979827
6.02d,6.02,26.04,raw,6559,6,0,1.5,1.38197659788534
6.02d,6.02,26.04,raw,6560,143,0,35.75,6.74672614860586
6.02d,6.02,26.04,raw,6563,247,0,61.75,8.86693531539485
6.02d,6.02,26.04,raw,6566,69,0,17.25,4.6865106579076
6.02d,6.02,26.04,raw,6567,232,0,58,8.59347971398312
6.02d,6.02,26.04,raw,6572,72,0,18,4.78730736481719
6.02d,6.02,26.04,raw,6573,235,0,58.75,8.6488625410045
6.02d,6.02,26.04,raw,6575,12,0,3,1.95441004761168
6.02d,6.02,26.04,raw,6579,100,0,25,5.64189583547756
6.02d,6.02,26.04,raw,6581,93,0,23.25,5.44084730672462
6.02d,6.02,26.04,raw,6584,166,0,41.5,7.26907429501923
6.02d,6.02,26.04,raw,6586,107,0,26.75,5.83602243155949
6.02d,6.02,26.04,raw,6596,94,1,23.5,5.47002095985713
6.02d,6.02,26.04,raw,6598,94,0,23.5,5.47002095985713
6.02d,6.02,26.04,raw,6599,272,0,68,9.30485298336256
6.02d,6.02,26.04,raw,6600,1043,0,260.75,18.2207906329471
6.02d,6.02,26.04,raw,6601,22,0,5.5,2.64628371420061
6.02d,6.02,26.04,raw,6602,7,0,1.75,1.49270533036046
6.02d,6.02,26.04,raw,6606,273,0,68.25,9.3219418002997
6.02d,6.02,26.04,raw,6607,95,0,23.75,5.4990398423234
6.02d,6.02,26.04,raw,6616,149,0,37.25,6.88681152939332
6.02d,6.02,26.04,raw,6617,240,0,60,8.74038744473663
6.02d,6.02,26.04,raw,6627,24,0,6,2.76395319577068
6.02d,6.02,26.04,raw,6630,21,0,5.25,2.58544147291321
6.02d,6.02,26.04,raw,6631,245,0,61.25,8.83096382707056
6.02d,6.02,26.04,raw,6632,16,0,4,2.25675833419103
6.02d,6.02,26.04,raw,6635,114,1,28.5,6.02389633252035
6.02d,6.02,26.04,raw,6638,66,0,16.5,4.58349784423754
6.02d,6.02,26.04,raw,6639,78,0,19.5,4.98278748516688
6.02d,6.02,26.04,raw,6640,29,0,7.25,3.03825388987325
6.02d,6.02,26.04,raw,6644,165,0,41.25,7.24714641913115
6.02d,6.02,26.04,raw,6645,95,0,23.75,5.4990398423234
6.02d,6.02,26.04,raw,6647,596,0,149,13.7736230587866
6.02d,6.02,26.04,raw,6648,37,0,9.25,3.43183125878885
6.02d,6.02,26.04,raw,6650,97,0,24.25,5.55662298161642
6.02d,6.02,26.04,raw,6654,505,0,126.25,12.6785840109538
6.02d,6.02,26.04,raw,6658,50,0,12.5,3.98942280401433
6.02d,6.02,26.04,raw,6659,62,0,15.5,4.44243322329048
6.02d,6.02,26.04,raw,6663,112,0,28,5.97082132144185
6.02d,6.02,26.04,raw,6664,242,0,60.5,8.77673016883152
6.02d,6.02,26.04,raw,6676,161,0,40.25,7.15876327835963
6.02d,6.02,26.04,raw,6677,226,0,56.5,8.48162922306421
6.02d,6.02,26.04,raw,6678,328,0,82,10.2179079399006
6.02d,6.02,26.04,raw,6682,56,0,14,4.22200824564475
6.02d,6.02,26.04,raw,6685,576,0,144,13.5405500051462
6.02d,6.02,26.04,raw,6688,101,0,25.25,5.67003514138694
6.02d,6.02,26.04,raw,6690,368,0,92,10.823032759612
6.02d,6.02,26.04,raw,6699,127,0,31.75,6.35809370372452
6.02d,6.02,26.04,raw,6702,14,0,3.5,2.11100412282238
6.02d,6.02,26.04,raw,6705,57,0,14.25,4.25953794588991
6.02d,6.02,26.04,raw,6706,208,0,52,8.13685789025644
6.02d,6.02,26.04,raw,6710,154,0,38.5,7.00140860629515
6.02d,6.02,26.04,raw,6716,71,0,17.75,4.75394593143939
6.02d,6.02,26.04,raw,6721,196,0,49,7.89865416966859
6.02d,6.02,26.04,raw,6723,97,0,24.25,5.55662298161641
6.02d,6.02,26.04,raw,6725,475,0,118.75,12.2962268984148
6.02d,6.02,26.04,raw,6727,303,0,75.75,9.82078894558317
6.02d,6.02,26.04,raw,6729,126,0,31.5,6.33301236846713
6.02d,6.02,26.04,raw,6732,170,0,42.5,7.35613218010963
6.02d,6.02,26.04,raw,6735,172,0,43,7.39927702033192
6.02d,6.02,26.04,raw,6737,45,0,11.25,3.78469878303024
6.02d,6.02,26.04,raw,6738,47,0,11.75,3.86788891394752
6.02d,6.02,26.04,raw,6740,72,0,18,4.78730736481719
6.02d,6.02,26.04,raw,6741,52,0,13,4.06842894512822
6.02d,6.02,26.04,raw,6742,44,0,11,3.74241031850956
6.02d,6.02,26.04,raw,6745,46,0,11.5,3.82651992866291
6.02d,6.02,26.04,raw,6747,29,0,7.25,3.03825388987325
6.02d,6.02,26.04,raw,6750,205,0,51.25,8.07796550300118
6.02d,6.02,26.04,raw,6760,227,0,56.75,8.50037317790934
6.02d,6.02,26.04,raw,6762,15,0,3.75,2.18509686118416
6.02d,6.02,26.04,raw,6764,207,0,51.75,8.11727456970901
6.02d,6.02,26.04,raw,6765,179,0,44.75,7.54834217738561
6.02d,6.02,26.04,raw,6769,41,0,10.25,3.61257599692178
6.02d,6.02,26.04,raw,6770,219,0,54.75,8.3492433833402
6.02d,6.02,26.04,raw,6771,105,1,26.25,5.78122288528111
6.02d,6.02,26.04,raw,6774,102,0,25.5,5.69803548521301
6.02d,6.02,26.04,raw,6777,74,0,18.5,4.85334230995512
6.02d,6.02,26.04,raw,6780,262,0,65.5,9.13220620552083
6.02d,6.02,26.04,raw,6781,141,1,35.25,6.69938011698952
6.02d,6.02,26.04,raw,6784,116,0,29,6.0765077797465
6.02d,6.02,26.04,raw,6785,16,0,4,2.25675833419103
6.02d,6.02,26.04,raw,6787,228,0,57,8.51907589177983
6.02d,6.02,26.04,raw,6788,51,0,12.75,4.0291195310357
6.02d,6.02,26.04,raw,6789,34,0,8.5,3.28976232123977
6.02d,6.02,26.04,raw,6790,111,0,27.75,5.94410610322534
6.02d,6.02,26.04,raw,6792,265,0,66.25,9.18434101276213
6.02d,6.02,26.04,raw,6794,614,0,153.5,13.980066885278
6.02d,6.02,26.04,raw,6795,42,0,10.5,3.65636639571573
6.02d,6.02,26.04,raw,6798,79,0,19.75,5.01462670679677
6.02d,6.02,26.04,raw,6801,59,0,14.75,4.33362242065961
6.02d,6.02,26.04,raw,6804,45,0,11.25,3.78469878303024
6.02d,6.02,26.04,raw,6805,214,0,53.5,8.25338207302505
6.02d,6.02,26.04,raw,6807,326,0,81.5,10.1867081481662
6.02d,6.02,26.04,raw,6813,86,0,21.5,5.23207895695449
6.02d,6.02,26.04,raw,6814,239,0,59.75,8.72215929675249
6.02d,6.02,26.04,raw,6815,31,0,7.75,3.14127465715711
6.02d,6.02,26.04,raw,6817,73,0,18.25,4.82043791490117
6.02d,6.02,26.04,raw,6823,207,0,51.75,8.11727456970901
6.02d,6.02,26.04,raw,6826,284,0,71,9.50789186287878
6.02d,6.02,26.04,raw,6828,62,0,15.5,4.44243322329048
6.02d,6.02,26.04,raw,6829,175,0,43.75,7.46352665180231
6.02d,6.02,26.04,raw,6832,334,0,83.5,10.3109408874935
6.02d,6.02,26.04,raw,6833,16,0,4,2.25675833419103
6.02d,6.02,26.04,raw,6834,100,0,25,5.64189583547756
6.02d,6.02,26.04,raw,6835,43,0,10.75,3.69963851016596
6.02d,6.02,26.04,raw,6839,115,0,28.75,6.0502592432999
6.02d,6.02,26.04,raw,6840,102,0,25.5,5.69803548521301
6.02d,6.02,26.04,raw,6848,32,0,8,3.19153824321146
6.02d,6.02,26.04,raw,6849,56,0,14,4.22200824564475
6.02d,6.02,26.04,raw,6857,562,0,140.5,13.3749824685975
6.02d,6.02,26.04,raw,6859,28,0,7,2.98541066072092
6.02d,6.02,26.04,raw,6860,120,0,30,6.18038723237103
6.02d,6.02,26.04,raw,6865,1981,0,495.25,25.1111904243923
6.02d,6.02,26.04,raw,6866,125,0,31.25,6.3078313050504
6.02d,6.02,26.04,raw,6867,113,0,28.25,5.99741753913869
6.02d,6.02,26.04,raw,6870,16,0,4,2.25675833419103
6.02d,6.02,26.04,raw,6872,93,0,23.25,5.44084730672462
6.02d,6.02,26.04,raw,6875,375,0,93.75,10.9254843059208
6.02d,6.02,26.04,raw,6880,37,0,9.25,3.43183125878885
6.02d,6.02,26.04,raw,6881,185,0,46.25,7.67380798196054
6.02d,6.02,26.04,raw,6883,54,0,13.5,4.14592979365603
6.02d,6.02,26.04,raw,6888,76,0,19,4.91849075936593
6.02d,6.02,26.04,raw,6889,197,0,49.25,7.91877816195193
6.02d,6.02,26.04,raw,6891,318,0,79.5,10.0609414970193
6.02d,6.02,26.04,raw,6893,255,0,63.75,9.00938516086789
6.02d,6.02,26.04,raw,6895,86,0,21.5,5.23207895695449
6.02d,6.02,26.04,raw,6899,127,0,31.75,6.35809370372452
6.02d,6.02,26.04,raw,6900,285,0,71.25,9.52461639974967
6.02d,6.02,26.04,raw,6904,138,0,34.5,6.62772693261899
6.02d,6.02,26.04,raw,6905,156,1,39,7.04672563994593
6.02d,6.02,26.04,raw,6907,57,1,14.25,4.25953794588991
6.02d,6.02,26.04,raw,6908,29,1,7.25,3.03825388987325
6.02d,6.02,26.04,raw,6909,18,1,4.5,2.3936536824086
6.02d,6.02,26.04,raw,6910,322,1,80.5,10.1240201180747
6.02d,6.02,26.04,raw,6912,69,1,17.25,4.6865106579076
6.02d,6.02,26.04,raw,6914,69,1,17.25,4.6865106579076
6.02d,6.02,26.04,raw,6915,17,1,4.25,2.32621324584064
6.02d,6.02,26.04,raw,6916,25,1,6.25,2.82094791773878
6.02d,6.02,26.04,raw,6917,196,1,49,7.89865416966859
6.02d,6.02,26.04,raw,6918,64,1,16,4.51351666838205
6.02d,6.02,26.04,raw,6919,27,1,6.75,2.93161507141752
6.02d,6.02,26.04,raw,6920,124,1,31,6.28254931431422
6.02d,6.02,26.04,raw,6921,5,1,1.25,1.26156626101008
6.02d,6.02,26.04,raw,6923,35,1,8.75,3.33779058906227
6.02d,6.02,26.04,raw,6924,541,1,135.25,13.1227149792042
6.02d,6.02,26.04,raw,6925,22,1,5.5,2.64628371420061
6.02d,6.02,26.04,raw,6926,250,1,62.5,8.92062058076386
6.02d,6.02,26.04,raw,6928,5,1,1.25,1.26156626101008
6.02d,6.02,26.04,raw,6929,297,1,74.25,9.72306722164286
6.02d,6.02,26.04,raw,6930,127,1,31.75,6.35809370372452
6.02d,6.02,26.04,raw,6931,33,1,8.25,3.24102240721429
6.02d,6.02,26.04,raw,6932,110,1,27.5,5.9172702727032
6.02d,6.02,26.04,raw,6933,50,1,12.5,3.98942280401433
6.02d,6.02,26.04,raw,6935,168,1,42,7.31273279143145
6.02d,6.02,26.04,raw,6936,30,1,7.5,3.09019361618552
6.02d,6.02,26.04,raw,6938,229,1,57.25,8.53773763570233
6.02d,6.02,26.04,raw,6939,20,1,5,2.52313252202016
6.02d,6.02,26.04,raw,6940,164,1,41,7.22515199384357
6.02d,6.02,26.04,raw,6941,20,1,5,2.52313252202016
6.02d,6.02,26.04,raw,6943,380,1,95,10.9980796846468
6.02d,6.02,26.04,raw,6944,128,1,32,6.38307648642292
6.02d,6.02,26.04,raw,6945,15,1,3.75,2.18509686118416
6.02d,6.02,26.04,raw,6946,15,1,3.75,2.18509686118416
6.02d,6.02,26.04,raw,6947,237,1,59.25,8.68558823716381
6.02d,6.02,26.04,raw,6948,46,1,11.5,3.82651992866291
6.02d,6.02,26.04,raw,6949,149,1,37.25,6.88681152939332
6.02d,6.02,26.04,raw,6952,152,1,38,6.95579633830205
6.02d,6.02,26.04,raw,6953,123,1,30.75,6.25716517287232
6.02d,6.02,26.04,raw,6954,67,1,16.75,4.61809077155419
6.02d,6.02,26.04,raw,6956,99,1,24.75,5.61361547776433
6.02d,6.02,26.04,raw,6960,777,1,194.25,15.7266265157155
6.02d,6.02,26.04,raw,6961,10,1,2.5,1.78412411615277
6.02d,6.02,26.04,raw,6962,163,1,40.75,7.20309040953658
6.02d,6.02,26.04,raw,6963,37,1,9.25,3.43183125878885
6.02d,6.02,26.04,raw,6964,197,1,49.25,7.91877816195193
6.02d,6.02,26.04,raw,6965,8,1,2,1.59576912160573
6.02d,6.02,26.04,raw,6966,165,1,41.25,7.24714641913115
5.6d,5.6,36,raw,44,9,1,2.24999999999999,1.69256875064327
5.6d,5.6,36,raw,48,5,1,1.25,1.26156626101008
5.6d,5.6,36,raw,50,16,1,4,2.25675833419103
5.6d,5.6,36,raw,51,27,1,6.75,2.93161507141752
5.6d,5.6,36,raw,60,38,1,9.5,3.47789816915102
5.6d,5.6,36,raw,62,16,1,4,2.25675833419103
5.6d,5.6,36,raw,66,50,1,12.5,3.98942280401433
5.6d,5.6,36,raw,70,34,1,8.5,3.28976232123977
5.6d,5.6,36,raw,73,58,1,14.5,4.29673985699156
5.6d,5.6,36,raw,93,5,0,1.24999999999999,1.26156626101008
5.6d,5.6,36,raw,103,132,1,33,6.48204481442857
5.6d,5.6,36,raw,108,40,1,10,3.56824823230554
5.6d,5.6,36,raw,129,6,0,1.5,1.38197659788534
5.6d,5.6,36,raw,132,23,1,5.75,2.705758189903
5.6d,5.6,36,raw,134,75,1,18.75,4.8860251190292
5.6d,5.6,36,raw,137,78,1,19.5,4.98278748516688
5.6d,5.6,36,raw,142,134,1,33.5,6.53096660140197
5.6d,5.6,36,raw,144,83,1,20.75,5.14001172695692
5.6d,5.6,36,raw,155,7,0,1.75,1.49270533036046
5.6d,5.6,36,raw,178,144,1,36,6.77027500257308
5.6d,5.6,36,raw,182,15,0,3.75,2.18509686118416
5.6d,5.6,36,raw,197,98,1,24.5,5.58519192562006
5.6d,5.6,36,raw,200,37,0,9.25,3.43183125878885
5.6d,5.6,36,raw,224,170,1,42.5,7.35613218010963
5.6d,5.6,36,raw,228,96,1,24,5.52790639154137
5.6d,5.6,36,raw,247,220,1,55,8.368283871884
5.6d,5.6,36,raw,257,55,0,13.75,4.184141935942
5.6d,5.6,36,raw,263,232,1,58,8.59347971398312
5.6d,5.6,36,raw,265,55,0,13.75,4.184141935942
5.6d,5.6,36,raw,279,130,1,32.5,6.43275098258069
5.6d,5.6,36,raw,286,39,1,9.75,3.52336281997296
5.6d,5.6,36,raw,287,122,1,30.5,6.2316776324215
5.6d,5.6,36,raw,289,18,0,4.5,2.3936536824086
5.6d,5.6,36,raw,293,140,1,35,6.67558117812455
5.6d,5.6,36,raw,296,211,1,52.75,8.19532708223289
5.6d,5.6,36,raw,299,404,1,101,11.3400702827739
5.6d,5.6,36,raw,302,303,1,75.75,9.82078894558317
5.6d,5.6,36,raw,323,146,1,36.5,6.81712867583072
5.6d,5.6,36,raw,330,63,0,15.75,4.47811599108138
5.6d,5.6,36,raw,338,18,0,4.5,2.3936536824086
5.6d,5.6,36,raw,344,293,1,73.25,9.65737006911564
5.6d,5.6,36,raw,350,8,0,2,1.59576912160573
5.6d,5.6,36,raw,352,150,1,37.5,6.90988298942671
5.6d,5.6,36,raw,354,52,0,13,4.06842894512822
5.6d,5.6,36,raw,363,6,1,1.5,1.38197659788534
5.6d,5.6,36,raw,367,162,0,40.5,7.18096104722579
5.6d,5.6,36,raw,378,187,0,46.75,7.71517651880816
5.6d,5.6,36,raw,397,108,0,27,5.86323014283504
5.6d,5.6,36,raw,404,205,0,51.25,8.07796550300118
5.6d,5.6,36,raw,405,181,0,45.25,7.5903945483266
5.6d,5.6,36,raw,416,125,0,31.25,6.3078313050504
5.6d,5.6,36,raw,421,356,0,89,10.6451077721848
5.6d,5.6,36,raw,431,41,0,10.25,3.61257599692178
5.6d,5.6,36,raw,440,503,1,125.75,12.6534529971248
5.6d,5.6,36,raw,446,13,0,3.25,2.03421447256411
5.6d,5.6,36,raw,452,19,0,4.75,2.45924537968297
5.6d,5.6,36,raw,456,33,0,8.25,3.24102240721429
5.6d,5.6,36,raw,458,355,0,88.75,10.630146264057
5.6d,5.6,36,raw,459,76,0,19,4.91849075936593
5.6d,5.6,36,raw,473,217,0,54.25,8.31103154258739
5.6d,5.6,36,raw,484,203,0,50.75,8.03846421247924
5.6d,5.6,36,raw,486,133,0,33.25,6.50655168752575
5.6d,5.6,36,raw,492,45,0,11.25,3.78469878303024
5.6d,5.6,36,raw,519,21,0,5.25,2.58544147291321
5.6d,5.6,36,raw,524,78,0,19.5,4.98278748516688
5.6d,5.6,36,raw,557,195,0,48.75,7.8784787748549
5.6d,5.6,36,raw,562,59,0,14.75,4.33362242065961
5.6d,5.6,36,raw,574,172,0,43,7.39927702033192
5.6d,5.6,36,raw,577,53,0,13.25,4.10736216661508
5.6d,5.6,36,raw,589,9,0,2.25,1.69256875064327
5.6d,5.6,36,raw,600,158,0,39.5,7.09175309899033
5.6d,5.6,36,raw,602,221,1,55.25,8.38728113554194
5.6d,5.6,36,raw,607,159,0,39.75,7.1141599576635
5.6d,5.6,36,raw,612,10,0,2.5,1.78412411615277
5.6d,5.6,36,raw,620,311,0,77.75,9.94959168022281
5.6d,5.6,36,raw,625,484,0,121,12.4121708380506
5.6d,5.6,36,raw,652,90,0,22.5,5.35237234845831
5.6d,5.6,36,raw,664,5,0,1.25,1.26156626101008
5.6d,5.6,36,raw,672,6,0,1.5,1.38197659788534
5.6d,5.6,36,raw,674,88,0,22,5.29256742840123
5.6d,5.6,36,raw,676,33,0,8.25,3.24102240721429
5.6d,5.6,36,raw,679,481,0,120.25,12.3736435723033
5.6d,5.6,36,raw,692,767,0,191.75,15.6250978461886
5.6d,5.6,36,raw,700,608,0,152,13.9115926766041
5.6d,5.6,36,raw,705,146,0,36.5,6.81712867583072
5.6d,5.6,36,raw,707,136,0,34,6.57952464247954
5.6d,5.6,36,raw,732,119,0,29.75,6.15458174499869
5.6d,5.6,36,raw,741,30,0,7.5,3.09019361618552
5.6d,5.6,36,raw,752,63,0,15.75,4.47811599108138
5.6d,5.6,36,raw,776,355,0,88.75,10.630146264057
5.6d,5.6,36,raw,783,302,0,75.5,9.80456962989732
5.6d,5.6,36,raw,789,35,0,8.75,3.33779058906227
5.6d,5.6,36,raw,799,992,0,248,17.7697328931619
5.6d,5.6,36,raw,805,45,0,11.25,3.78469878303024
5.6d,5.6,36,raw,810,264,0,66,9.16699568847508
5.6d,5.6,36,raw,812,76,0,19,4.91849075936593
5.6d,5.6,36,raw,814,57,0,14.25,4.25953794588991
5.6d,5.6,36,raw,823,131,0,32.75,6.45744493511765
5.6d,5.6,36,raw,824,253,0,63.25,8.97398468933946
5.6d,5.6,36,raw,826,68,0,17,4.65242649168128
5.6d,5.6,36,raw,843,113,0,28.25,5.99741753913869
5.6d,5.6,36,raw,884,30,0,7.5,3.09019361618552
5.6d,5.6,36,raw,890,448,0,112,11.9416426428837
5.6d,5.6,36,raw,907,218,1,54.5,8.33015937350939
5.6d,5.6,36,raw,911,22,0,5.5,2.64628371420061
5.6d,5.6,36,raw,914,114,0,28.5,6.02389633252035
5.6d,5.6,36,raw,920,7,0,1.75,1.49270533036046
5.6d,5.6,36,raw,923,5,0,1.25,1.26156626101008
5.6d,5.6,36,raw,932,70,0,17.5,4.72034871941315
5.6d,5.6,36,raw,933,35,0,8.75,3.33779058906227
5.6d,5.6,36,raw,947,144,0,36,6.77027500257308
5.6d,5.6,36,raw,950,79,0,19.75,5.01462670679677
5.6d,5.6,36,raw,962,72,0,18,4.78730736481719
5.6d,5.6,36,raw,971,136,0,34,6.57952464247954
5.6d,5.6,36,raw,983,100,0,25,5.64189583547756
5.6d,5.6,36,raw,994,458,0,114.5,12.0741843563934
5.6d,5.6,36,raw,1005,13,0,3.25,2.03421447256411
5.6d,5.6,36,raw,1016,50,0,12.5,3.98942280401433
5.6d,5.6,36,raw,1018,199,1,49.75,7.95887349758585
5.6d,5.6,36,raw,1024,14,0,3.5,2.11100412282238
5.6d,5.6,36,raw,1040,174,0,43.5,7.44217173921562
5.6d,5.6,36,raw,1045,262,0,65.5,9.13220620552083
5.6d,5.6,36,raw,1047,117,0,29.25,6.10264341769233
5.6d,5.6,36,raw,1105,442,0,110.5,11.8614067333194
5.6d,5.6,36,raw,1112,82,0,20.5,5.10895396995029
5.6d,5.6,36,raw,1145,10,0,2.5,1.78412411615277
5.6d,5.6,36,raw,1160,224,0,56,8.4440164912895
5.6d,5.6,36,raw,1170,260,0,65,9.09728368293446
5.6d,5.6,36,raw,1177,48,0,12,3.90882009522336
5.6d,5.6,36,raw,1190,177,0,44.25,7.50605421340207
5.6d,5.6,36,raw,1193,320,0,80,10.0925300880806
5.6d,5.6,36,raw,1204,85,0,21.25,5.2015709478601
5.6d,5.6,36,raw,1206,273,0,68.25,9.3219418002997
5.6d,5.6,36,raw,1215,459,0,114.75,12.0873585931071
5.6d,5.6,36,raw,1234,287,0,71.75,9.55797768017628
5.6d,5.6,36,raw,1237,16,0,4,2.25675833419103
5.6d,5.6,36,raw,1240,269,0,67.25,9.25339718068125
5.6d,5.6,36,raw,1245,229,0,57.25,8.53773763570233
5.6d,5.6,36,raw,1255,131,1,32.75,6.45744493511765
5.6d,5.6,36,raw,1257,17,0,4.25,2.32621324584064
5.6d,5.6,36,raw,1261,231,0,57.75,8.57493928307692
5.6d,5.6,36,raw,1276,115,0,28.75,6.0502592432999
5.6d,5.6,36,raw,1293,9,0,2.25,1.69256875064327
5.6d,5.6,36,raw,1309,531,0,132.75,13.0008672619788
5.6d,5.6,36,raw,1318,45,0,11.25,3.78469878303024
5.6d,5.6,36,raw,1322,145,0,36.25,6.79374223065974
5.6d,5.6,36,raw,1340,64,0,16,4.51351666838205
5.6d,5.6,36,raw,1348,16,0,4,2.25675833419103
5.6d,5.6,36,raw,1363,27,0,6.75,2.93161507141752
5.6d,5.6,36,raw,1366,330,0,82.5,10.2490127544389
5.6d,5.6,36,raw,1399,6,0,1.5,1.38197659788534
5.6d,5.6,36,raw,1403,7,0,1.75,1.49270533036046
5.6d,5.6,36,raw,1415,40,0,10,3.56824823230554
5.6d,5.6,36,raw,1427,58,0,14.5,4.29673985699156
5.6d,5.6,36,raw,1434,161,0,40.25,7.15876327835963
5.6d,5.6,36,raw,1436,63,0,15.75,4.47811599108138
5.6d,5.6,36,raw,1440,55,0,13.75,4.184141935942
5.6d,5.6,36,raw,1448,182,0,45.5,7.61133360755196
5.6d,5.6,36,raw,1452,67,0,16.75,4.61809077155419
5.6d,5.6,36,raw,1473,339,0,84.75,10.3878318919929
5.6d,5.6,36,raw,1480,143,1,35.75,6.74672614860586
5.6d,5.6,36,raw,1494,5,0,1.25,1.26156626101008
5.6d,5.6,36,raw,1497,26,0,6.5,2.8768136958758
5.6d,5.6,36,raw,1508,6,0,1.5,1.38197659788534
5.6d,5.6,36,raw,1512,26,0,6.5,2.8768136958758
5.6d,5.6,36,raw,1523,738,0,184.5,15.3268619098509
5.6d,5.6,36,raw,1526,21,0,5.25,2.58544147291321
5.6d,5.6,36,raw,1530,58,0,14.5,4.29673985699156
5.6d,5.6,36,raw,1541,431,0,107.75,11.7128801302333
5.6d,5.6,36,raw,1544,9,0,2.25,1.69256875064327
5.6d,5.6,36,raw,1553,168,1,42,7.31273279143145
5.6d,5.6,36,raw,1556,78,0,19.5,4.98278748516688
5.6d,5.6,36,raw,1576,721,0,180.25,15.1493045364635
5.6d,5.6,36,raw,1604,81,0,20.25,5.07770625192981
5.6d,5.6,36,raw,1607,422,0,105.5,11.5899427077773
5.6d,5.6,36,raw,1609,166,0,41.5,7.26907429501923
5.6d,5.6,36,raw,1610,15,0,3.75,2.18509686118416
5.6d,5.6,36,raw,1613,178,0,44.5,7.5272278921735
5.6d,5.6,36,raw,1616,47,0,11.75,3.86788891394752
5.6d,5.6,36,raw,1619,671,0,167.75,14.6145794886245
5.6d,5.6,36,raw,1631,107,0,26.75,5.83602243155949
5.6d,5.6,36,raw,1645,222,0,55.5,8.40623546736597
5.6d,5.6,36,raw,1648,779,0,194.75,15.7468536964428
5.6d,5.6,36,raw,1651,277,0,69.25,9.38998607415954
5.6d,5.6,36,raw,1657,505,0,126.25,12.6785840109538
5.6d,5.6,36,raw,1660,37,0,9.25,3.43183125878885
5.6d,5.6,36,raw,1666,78,0,19.5,4.98278748516688
5.6d,5.6,36,raw,1674,125,0,31.25,6.3078313050504
5.6d,5.6,36,raw,1685,54,0,13.5,4.14592979365603
5.6d,5.6,36,raw,1692,91,0,22.75,5.38202560777306
5.6d,5.6,36,raw,1694,169,1,42.25,7.33446458612083
5.6d,5.6,36,raw,1698,57,0,14.25,4.25953794588991
5.6d,5.6,36,raw,1706,95,0,23.75,5.4990398423234
5.6d,5.6,36,raw,1707,87,0,21.75,5.26241010355424
5.6d,5.6,36,raw,1729,67,0,16.75,4.61809077155419
5.6d,5.6,36,raw,1731,20,0,5,2.52313252202016
5.6d,5.6,36,raw,1761,179,0,44.75,7.54834217738561
5.6d,5.6,36,raw,1775,109,0,27.25,5.89031218137317
5.6d,5.6,36,raw,1786,5,0,1.25,1.26156626101008
5.6d,5.6,36,raw,1789,265,0,66.25,9.18434101276213
5.6d,5.6,36,raw,1794,7,0,1.75,1.49270533036046
5.6d,5.6,36,raw,1798,261,1,65.25,9.11476166961975
5.6d,5.6,36,raw,1808,6,0,1.5,1.38197659788534
5.6d,5.6,36,raw,1826,45,0,11.25,3.78469878303024
5.6d,5.6,36,raw,1841,303,0,75.75,9.82078894558317
5.6d,5.6,36,raw,1856,131,0,32.75,6.45744493511765
5.6d,5.6,36,raw,1859,43,0,10.75,3.69963851016596
5.6d,5.6,36,raw,1870,222,0,55.5,8.40623546736597
5.6d,5.6,36,raw,1883,31,0,7.75,3.14127465715711
5.6d,5.6,36,raw,1890,36,0,9,3.38513750128654
5.6d,5.6,36,raw,1897,14,0,3.5,2.11100412282238
5.6d,5.6,36,raw,1899,5,0,1.25,1.26156626101008
5.6d,5.6,36,raw,1909,21,0,5.25,2.58544147291321
5.6d,5.6,36,raw,1920,465,0,116.25,12.1661044330329
5.6d,5.6,36,raw,1931,22,0,5.5,2.64628371420061
5.6d,5.6,36,raw,1935,131,0,32.75,6.45744493511765
5.6d,5.6,36,raw,1942,738,0,184.5,15.3268619098509
5.6d,5.6,36,raw,1950,10,0,2.5,1.78412411615277
5.6d,5.6,36,raw,1961,5,0,1.25,1.26156626101008
5.6d,5.6,36,raw,1985,184,0,46,7.65303985732581
5.6d,5.6,36,raw,1989,5,0,1.25,1.26156626101008
5.6d,5.6,36,raw,1996,265,1,66.25,9.18434101276213
5.6d,5.6,36,raw,1999,17,0,4.25,2.32621324584064
5.6d,5.6,36,raw,2002,6,0,1.5,1.38197659788534
5.6d,5.6,36,raw,2026,272,0,68,9.30485298336256
5.6d,5.6,36,raw,2029,22,1,5.5,2.64628371420061
5.6d,5.6,36,raw,2037,307,0,76.75,9.88540009602159
5.6d,5.6,36,raw,2042,11,0,2.75,1.87120515925478
5.6d,5.6,36,raw,2047,114,0,28.5,6.02389633252035
5.6d,5.6,36,raw,2057,5,0,1.25,1.26156626101008
5.6d,5.6,36,raw,2060,55,0,13.75,4.184141935942
5.6d,5.6,36,raw,2084,359,0,89.75,10.6898666567914
5.6d,5.6,36,raw,2088,6,0,1.5,1.38197659788534
5.6d,5.6,36,raw,2101,144,1,36,6.77027500257308
5.6d,5.6,36,raw,2104,850,0,212.5,16.4488116061989
5.6d,5.6,36,raw,2124,35,0,8.75,3.33779058906227
5.6d,5.6,36,raw,2134,809,0,202.25,16.0472021836421
5.6d,5.6,36,raw,2136,59,0,14.75,4.33362242065961
5.6d,5.6,36,raw,2138,31,1,7.75,3.14127465715711
5.6d,5.6,36,raw,2152,198,0,49.5,7.93885114260184
5.6d,5.6,36,raw,2155,338,0,84.5,10.3724992904373
5.6d,5.6,36,raw,2165,54,0,13.5,4.14592979365603
5.6d,5.6,36,raw,2172,9,0,2.25,1.69256875064327
5.6d,5.6,36,raw,2180,208,0,52,8.13685789025644
5.6d,5.6,36,raw,2197,17,0,4.25,2.32621324584064
5.6d,5.6,36,raw,2208,49,1,12.25,3.94932708483429
5.6d,5.6,36,raw,2213,50,0,12.5,3.98942280401433
5.6d,5.6,36,raw,2228,427,0,106.75,11.6584013226719
5.6d,5.6,36,raw,2231,14,0,3.5,2.11100412282238
5.6d,5.6,36,raw,2236,371,0,92.75,10.8670588373389
5.6d,5.6,36,raw,2241,80,0,20,5.04626504404032
5.6d,5.6,36,raw,2245,157,0,39.25,7.06927521962861
5.6d,5.6,36,raw,2254,164,0,41,7.22515199384357
5.6d,5.6,36,raw,2258,275,0,68.75,9.35602579627389
5.6d,5.6,36,raw,2263,318,0,79.5,10.0609414970193
5.6d,5.6,36,raw,2284,386,0,96.5,11.0845665710006
5.6d,5.6,36,raw,2287,6,0,1.5,1.38197659788534
5.6d,5.6,36,raw,2292,163,0,40.75,7.20309040953658
5.6d,5.6,36,raw,2295,71,0,17.75,4.75394593143939
5.6d,5.6,36,raw,2300,96,0,24,5.52790639154137
5.6d,5.6,36,raw,2335,115,0,28.75,6.0502592432999
5.6d,5.6,36,raw,2337,23,0,5.75,2.705758189903
5.6d,5.6,36,raw,2341,212,0,53,8.21472433323015
5.6d,5.6,36,raw,2347,246,0,61.5,8.84896784948462
5.6d,5.6,36,raw,2374,70,0,17.5,4.72034871941315
5.6d,5.6,36,raw,2385,9,0,2.25,1.69256875064327
5.6d,5.6,36,raw,2390,74,0,18.5,4.85334230995512
5.6d,5.6,36,raw,2396,118,0,29.5,6.12866760150094
5.6d,5.6,36,raw,2432,98,0,24.5,5.58519192562006
5.6d,5.6,36,raw,2438,178,0,44.5,7.5272278921735
5.6d,5.6,36,raw,2441,130,0,32.5,6.43275098258069
5.6d,5.6,36,raw,2443,32,1,8,3.19153824321146
5.6d,5.6,36,raw,2449,1428,0,357,21.3200965633473
5.6d,5.6,36,raw,2454,257,0,64.25,9.04464707709672
5.6d,5.6,36,raw,2466,309,0,77.25,9.91754782346883
5.6d,5.6,36,raw,2474,17,0,4.25,2.32621324584064
5.6d,5.6,36,raw,2503,217,0,54.25,8.31103154258739
5.6d,5.6,36,raw,2505,33,0,8.25,3.24102240721429
5.6d,5.6,36,raw,2512,95,0,23.75,5.4990398423234
5.6d,5.6,36,raw,2514,6,0,1.5,1.38197659788534
5.6d,5.6,36,raw,2516,180,0,45,7.56939756606048
5.6d,5.6,36,raw,2521,25,0,6.25,2.82094791773878
5.6d,5.6,36,raw,2535,316,0,79,10.0292534135935
5.6d,5.6,36,raw,2555,23,0,5.75,2.705758189903
5.6d,5.6,36,raw,2578,70,0,17.5,4.72034871941315
5.6d,5.6,36,raw,2589,32,0,8,3.19153824321146
5.6d,5.6,36,raw,2590,86,0,21.5,5.23207895695449
5.6d,5.6,36,raw,2605,742,0,185.5,15.3683419908711
5.6d,5.6,36,raw,2610,134,0,33.5,6.53096660140197
5.6d,5.6,36,raw,2626,20,0,5,2.52313252202016
5.6d,5.6,36,raw,2631,28,0,7,2.98541066072092
5.6d,5.6,36,raw,2661,650,0,162.5,14.384068479379
5.6d,5.6,36,raw,2664,81,0,20.25,5.07770625192981
5.6d,5.6,36,raw,2673,437,1,109.25,11.7941265154447
5.6d,5.6,36,raw,2686,303,0,75.75,9.82078894558317
5.6d,5.6,36,raw,2690,434,0,108.5,11.7535735248377
5.6d,5.6,36,raw,2691,134,0,33.5,6.53096660140197
5.6d,5.6,36,raw,2697,16,0,4,2.25675833419103
5.6d,5.6,36,raw,2713,433,0,108.25,11.7400247324093
5.6d,5.6,36,raw,2718,313,0,78.25,9.98153266665628
5.6d,5.6,36,raw,2722,20,0,5,2.52313252202016
5.6d,5.6,36,raw,2742,113,0,28.25,5.99741753913869
5.6d,5.6,36,raw,2743,120,0,30,6.18038723237103
5.6d,5.6,36,raw,2756,198,0,49.5,7.93885114260184
5.6d,5.6,36,raw,2779,76,1,19,4.91849075936593
5.6d,5.6,36,raw,2798,230,0,57.5,8.5563586777479
5.6d,5.6,36,raw,2812,169,0,42.25,7.33446458612083
5.6d,5.6,36,raw,2814,252,0,63,8.95623198216277
5.6d,5.6,36,raw,2819,24,0,6,2.76395319577068
5.6d,5.6,36,raw,2832,15,0,3.75,2.18509686118416
5.6d,5.6,36,raw,2847,106,1,26.5,5.80868728160518
5.6d,5.6,36,raw,2851,34,0,8.5,3.28976232123977
5.6d,5.6,36,raw,2862,28,0,7,2.98541066072092
5.6d,5.6,36,raw,2870,805,0,201.25,16.0074813252414
5.6d,5.6,36,raw,2896,46,0,11.5,3.82651992866291
5.6d,5.6,36,raw,2905,230,0,57.5,8.5563586777479
5.6d,5.6,36,raw,2906,65,0,16.25,4.54864184146723
5.6d,5.6,36,raw,2909,6,0,1.5,1.38197659788534
5.6d,5.6,36,raw,2912,121,0,30.25,6.20608541902532
5.6d,5.6,36,raw,2921,30,0,7.5,3.09019361618552
5.6d,5.6,36,raw,2922,93,0,23.25,5.44084730672462
5.6d,5.6,36,raw,2929,72,0,18,4.78730736481719
5.6d,5.6,36,raw,2930,7,1,1.75,1.49270533036046
5.6d,5.6,36,raw,2946,186,0,46.5,7.69452005197108
5.6d,5.6,36,raw,2952,60,0,15,4.37019372236832
5.6d,5.6,36,raw,2953,5,0,1.25,1.26156626101008
5.6d,5.6,36,raw,2960,21,0,5.25,2.58544147291321
5.6d,5.6,36,raw,2967,73,0,18.25,4.82043791490117
5.6d,5.6,36,raw,2980,11,0,2.75,1.87120515925478
5.6d,5.6,36,raw,2981,6,0,1.5,1.38197659788534
5.6d,5.6,36,raw,2987,11,0,2.75,1.87120515925478
5.6d,5.6,36,raw,2998,71,0,17.75,4.75394593143939
5.6d,5.6,36,raw,2999,63,0,15.75,4.47811599108138
5.6d,5.6,36,raw,3001,149,0,37.25,6.88681152939332
5.6d,5.6,36,raw,3005,19,0,4.75,2.45924537968297
5.6d,5.6,36,raw,3013,281,0,70.25,9.45754080179648
5.6d,5.6,36,raw,3022,81,0,20.25,5.07770625192981
5.6d,5.6,36,raw,3029,233,0,58.25,8.61198022993685
5.6d,5.6,36,raw,3035,230,0,57.5,8.5563586777479
5.6d,5.6,36,raw,3041,80,0,20,5.04626504404032
5.6d,5.6,36,raw,3048,34,1,8.5,3.28976232123977
5.6d,5.6,36,raw,3057,150,0,37.5,6.90988298942671
5.6d,5.6,36,raw,3068,90,0,22.5,5.35237234845831
5.6d,5.6,36,raw,3072,250,0,62.5,8.92062058076386
5.6d,5.6,36,raw,3079,66,0,16.5,4.58349784423754
5.6d,5.6,36,raw,3080,48,0,12,3.90882009522336
5.6d,5.6,36,raw,3088,25,0,6.25,2.82094791773878
5.6d,5.6,36,raw,3095,132,0,33,6.48204481442857
5.6d,5.6,36,raw,3099,13,0,3.25,2.03421447256411
5.6d,5.6,36,raw,3103,179,0,44.75,7.54834217738561
5.6d,5.6,36,raw,3105,5,0,1.25,1.26156626101008
5.6d,5.6,36,raw,3122,129,0,32.25,6.40796186924587
5.6d,5.6,36,raw,3145,104,0,26,5.75362739175159
5.6d,5.6,36,raw,3147,71,0,17.75,4.75394593143939
5.6d,5.6,36,raw,3151,277,0,69.25,9.38998607415954
5.6d,5.6,36,raw,3155,10,0,2.5,1.78412411615277
5.6d,5.6,36,raw,3156,8,0,2,1.59576912160573
5.6d,5.6,36,raw,3165,23,0,5.75,2.705758189903
5.6d,5.6,36,raw,3175,12,0,3,1.95441004761168
5.6d,5.6,36,raw,3178,34,0,8.5,3.28976232123977
5.6d,5.6,36,raw,3191,210,0,52.5,8.17588381146626
5.6d,5.6,36,raw,3203,52,0,13,4.06842894512822
5.6d,5.6,36,raw,3216,46,0,11.5,3.82651992866291
5.6d,5.6,36,raw,3217,95,0,23.75,5.4990398423234
5.6d,5.6,36,raw,3232,777,0,194.25,15.7266265157155
5.6d,5.6,36,raw,3234,17,0,4.25,2.32621324584064
5.6d,5.6,36,raw,3237,106,0,26.5,5.80868728160518
5.6d,5.6,36,raw,3246,82,0,20.5,5.10895396995029
5.6d,5.6,36,raw,3247,132,0,33,6.48204481442857
5.6d,5.6,36,raw,3252,24,0,6,2.76395319577068
5.6d,5.6,36,raw,3255,7,0,1.75,1.49270533036046
5.6d,5.6,36,raw,3262,365,0,91.25,10.7788268590364
5.6d,5.6,36,raw,3266,350,0,87.5,10.5550206141119
5.6d,5.6,36,raw,3267,10,0,2.5,1.78412411615277
5.6d,5.6,36,raw,3277,40,1,10,3.56824823230554
5.6d,5.6,36,raw,3294,45,0,11.25,3.78469878303024
5.6d,5.6,36,raw,3304,20,1,5,2.52313252202016
5.6d,5.6,36,raw,3315,81,0,20.25,5.07770625192981
5.6d,5.6,36,raw,3335,139,0,34.75,6.65169709018284
5.6d,5.6,36,raw,3367,368,0,92,10.823032759612
5.6d,5.6,36,raw,3385,186,0,46.5,7.69452005197108
5.6d,5.6,36,raw,3388,25,0,6.25,2.82094791773878
5.6d,5.6,36,raw,3390,5,0,1.25,1.26156626101008
5.6d,5.6,36,raw,3394,199,0,49.75,7.95887349758585
5.6d,5.6,36,raw,3406,98,0,24.5,5.58519192562006
5.6d,5.6,36,raw,3411,57,0,14.25,4.25953794588991
5.6d,5.6,36,raw,3417,120,0,30,6.18038723237103
5.6d,5.6,36,raw,3423,332,0,83,10.2800234539138
5.6d,5.6,36,raw,3424,190,0,47.5,7.77681672504375
5.6d,5.6,36,raw,3429,8,0,2,1.59576912160573
5.6d,5.6,36,raw,3444,92,0,23,5.41151637980601
5.6d,5.6,36,raw,3449,158,0,39.5,7.09175309899033
5.6d,5.6,36,raw,3459,196,0,49,7.89865416966859
5.6d,5.6,36,raw,3477,254,0,63.5,8.9917023466462
5.6d,5.6,36,raw,3481,95,0,23.75,5.4990398423234
5.6d,5.6,36,raw,3484,295,0,73.75,9.69027432141207
5.6d,5.6,36,raw,3492,91,0,22.75,5.38202560777306
5.6d,5.6,36,raw,3496,23,0,5.75,2.705758189903
5.6d,5.6,36,raw,3513,122,0,30.5,6.2316776324215
5.6d,5.6,36,raw,3522,233,0,58.25,8.61198022993685
5.6d,5.6,36,raw,3524,110,0,27.5,5.9172702727032
5.6d,5.6,36,raw,3526,99,0,24.75,5.61361547776433
5.6d,5.6,36,raw,3530,13,1,3.25,2.03421447256411
5.6d,5.6,36,raw,3543,19,0,4.75,2.45924537968297
5.6d,5.6,36,raw,3562,11,0,2.75,1.87120515925478
5.6d,5.6,36,raw,3564,6,1,1.5,1.38197659788534
5.6d,5.6,36,raw,3566,177,1,44.25,7.50605421340207
5.6d,5.6,36,raw,3572,6,0,1.5,1.38197659788534
5.6d,5.6,36,raw,3573,1067,0,266.75,18.4292335314875
5.6d,5.6,36,raw,3581,231,0,57.75,8.57493928307692
5.6d,5.6,36,raw,3585,420,0,105,11.5624457705622
5.6d,5.6,36,raw,3592,73,0,18.25,4.82043791490117
5.6d,5.6,36,raw,3598,40,0,10,3.56824823230554
5.6d,5.6,36,raw,3604,40,0,10,3.56824823230554
5.6d,5.6,36,raw,3619,156,0,39,7.04672563994593
5.6d,5.6,36,raw,3623,9,0,2.25,1.69256875064327
5.6d,5.6,36,raw,3640,16,0,4,2.25675833419103
5.6d,5.6,36,raw,3649,26,0,6.5,2.8768136958758
5.6d,5.6,36,raw,3656,157,0,39.25,7.06927521962861
5.6d,5.6,36,raw,3666,183,0,45.75,7.63221522047392
5.6d,5.6,36,raw,3671,57,0,14.25,4.25953794588991
5.6d,5.6,36,raw,3680,34,0,8.5,3.28976232123977
5.6d,5.6,36,raw,3683,70,0,17.5,4.72034871941315
5.6d,5.6,36,raw,3693,98,0,24.5,5.58519192562006
5.6d,5.6,36,raw,3694,18,0,4.5,2.3936536824086
5.6d,5.6,36,raw,3712,27,0,6.75,2.93161507141752
5.6d,5.6,36,raw,3717,121,0,30.25,6.20608541902532
5.6d,5.6,36,raw,3719,178,0,44.5,7.5272278921735
5.6d,5.6,36,raw,3724,140,0,35,6.67558117812455
5.6d,5.6,36,raw,3727,193,0,48.25,7.83797218886822
5.6d,5.6,36,raw,3737,112,0,28,5.97082132144185
5.6d,5.6,36,raw,3741,133,0,33.25,6.50655168752575
5.6d,5.6,36,raw,3744,205,0,51.25,8.07796550300118
5.6d,5.6,36,raw,3745,6,0,1.5,1.38197659788534
5.6d,5.6,36,raw,3746,165,0,41.25,7.24714641913115
5.6d,5.6,36,raw,3753,60,0,15,4.37019372236832
5.6d,5.6,36,raw,3769,61,0,15.25,4.40646151205377
5.6d,5.6,36,raw,3779,55,0,13.75,4.184141935942
5.6d,5.6,36,raw,3780,7,0,1.75,1.49270533036046
5.6d,5.6,36,raw,3784,212,0,53,8.21472433323015
5.6d,5.6,36,raw,3787,13,1,3.25,2.03421447256411
5.6d,5.6,36,raw,3801,58,0,14.5,4.29673985699156
5.6d,5.6,36,raw,3807,184,0,46,7.65303985732581
5.6d,5.6,36,raw,3811,7,0,1.75,1.49270533036046
5.6d,5.6,36,raw,3847,282,0,70.5,9.47435422093923
5.6d,5.6,36,raw,3849,209,0,52.25,8.15639419182351
5.6d,5.6,36,raw,3859,223,0,55.75,8.42514715711158
5.6d,5.6,36,raw,3860,45,0,11.25,3.78469878303024
5.6d,5.6,36,raw,3872,107,0,26.75,5.83602243155949
5.6d,5.6,36,raw,3880,19,0,4.75,2.45924537968297
5.6d,5.6,36,raw,3884,89,0,22.25,5.32255388609241
5.6d,5.6,36,raw,3906,64,1,16,4.51351666838205
5.6d,5.6,36,raw,3914,165,0,41.25,7.24714641913115
5.6d,5.6,36,raw,3923,67,0,16.75,4.61809077155419
5.6d,5.6,36,raw,3937,254,0,63.5,8.9917023466462
5.6d,5.6,36,raw,3938,41,0,10.25,3.61257599692178
5.6d,5.6,36,raw,3947,374,0,93.5,10.9109072690009
5.6d,5.6,36,raw,3956,36,0,9,3.38513750128654
5.6d,5.6,36,raw,3961,214,0,53.5,8.25338207302505
5.6d,5.6,36,raw,3996,77,0,19.25,4.95074350336915
5.6d,5.6,36,raw,4003,249,0,62.25,8.90276146258923
5.6d,5.6,36,raw,4009,139,0,34.75,6.65169709018284
5.6d,5.6,36,raw,4011,199,1,49.75,7.95887349758585
5.6d,5.6,36,raw,4014,18,1,4.5,2.39365368240859
5.6d,5.6,36,raw,4022,25,0,6.25,2.82094791773878
5.6d,5.6,36,raw,4037,934,0,233.5,17.2424312002589
5.6d,5.6,36,raw,4040,12,0,3,1.95441004761168
5.6d,5.6,36,raw,4043,17,1,4.25,2.32621324584064
5.6d,5.6,36,raw,4045,64,0,16,4.51351666838205
5.6d,5.6,36,raw,4065,7,0,1.75,1.49270533036046
5.6d,5.6,36,raw,4068,41,0,10.25,3.61257599692178
5.6d,5.6,36,raw,4072,8,0,2,1.59576912160573
5.6d,5.6,36,raw,4076,50,0,12.5,3.98942280401433
5.6d,5.6,36,raw,4091,346,0,86.5,10.49453289192
5.6d,5.6,36,raw,4099,86,0,21.5,5.23207895695449
5.6d,5.6,36,raw,4101,554,0,138.5,13.2794456565709
5.6d,5.6,36,raw,4104,45,0,11.25,3.78469878303024
5.6d,5.6,36,raw,4113,157,0,39.25,7.06927521962861
5.6d,5.6,36,raw,4130,446,0,111.5,11.9149573745763
5.6d,5.6,36,raw,4138,872,0,218,16.6603187470188
5.6d,5.6,36,raw,4141,192,0,48,7.81764019044672
5.6d,5.6,36,raw,4152,105,0,26.25,5.78122288528111
5.6d,5.6,36,raw,4159,40,0,10,3.56824823230554
5.6d,5.6,36,raw,4163,130,0,32.5,6.43275098258069
5.6d,5.6,36,raw,4165,15,0,3.75,2.18509686118416
5.6d,5.6,36,raw,4179,47,0,11.75,3.86788891394752
5.6d,5.6,36,raw,4186,45,0,11.25,3.78469878303024
5.6d,5.6,36,raw,4189,88,0,22,5.29256742840123
5.6d,5.6,36,raw,4192,82,0,20.5,5.10895396995029
5.6d,5.6,36,raw,4197,471,0,117.75,12.2443438530844
5.6d,5.6,36,raw,4201,153,0,38.25,6.97863973752192
5.6d,5.6,36,raw,4207,66,0,16.5,4.58349784423754
5.6d,5.6,36,raw,4212,146,0,36.5,6.81712867583072
5.6d,5.6,36,raw,4220,10,0,2.5,1.78412411615277
5.6d,5.6,36,raw,4237,60,1,15,4.37019372236832
5.6d,5.6,36,raw,4252,82,0,20.5,5.10895396995029
5.6d,5.6,36,raw,4264,59,0,14.75,4.33362242065961
5.6d,5.6,36,raw,4274,213,0,53.25,8.23407588968838
5.6d,5.6,36,raw,4289,1209,0,302.25,19.6172539463658
5.6d,5.6,36,raw,4298,446,0,111.5,11.9149573745763
5.6d,5.6,36,raw,4303,37,0,9.25,3.43183125878885
5.6d,5.6,36,raw,4310,17,0,4.25,2.32621324584064
5.6d,5.6,36,raw,4321,140,0,35,6.67558117812455
5.6d,5.6,36,raw,4345,250,0,62.5,8.92062058076386
5.6d,5.6,36,raw,4358,29,0,7.25,3.03825388987325
5.6d,5.6,36,raw,4361,84,0,21,5.17088294582641
5.6d,5.6,36,raw,4368,10,0,2.5,1.78412411615277
5.6d,5.6,36,raw,4371,290,0,72.5,9.60780240186586
5.6d,5.6,36,raw,4373,28,0,7,2.98541066072092
5.6d,5.6,36,raw,4382,692,0,173,14.8415107465239
5.6d,5.6,36,raw,4387,30,1,7.5,3.09019361618552
5.6d,5.6,36,raw,4395,138,0,34.5,6.62772693261899
5.6d,5.6,36,raw,4401,190,0,47.5,7.77681672504375
5.6d,5.6,36,raw,4429,25,1,6.25,2.82094791773878
5.6d,5.6,36,raw,4431,485,1,121.25,12.4249867122319
5.6d,5.6,36,raw,4460,233,0,58.25,8.61198022993685
5.6d,5.6,36,raw,4472,8,1,1.99999999999999,1.59576912160573
5.6d,5.6,36,raw,4475,106,0,26.5,5.80868728160518
5.6d,5.6,36,raw,4479,215,0,53.75,8.27264320090713
5.6d,5.6,36,raw,4490,87,0,21.75,5.26241010355424
5.6d,5.6,36,raw,4500,87,0,21.75,5.26241010355424
5.6d,5.6,36,raw,4503,98,0,24.5,5.58519192562006
5.6d,5.6,36,raw,4516,177,0,44.25,7.50605421340207
5.6d,5.6,36,raw,4533,419,0,104.75,11.5486727510571
5.6d,5.6,36,raw,4549,10,0,2.5,1.78412411615277
5.6d,5.6,36,raw,4555,110,0,27.5,5.9172702727032
5.6d,5.6,36,raw,4573,260,0,65,9.09728368293446
5.6d,5.6,36,raw,4575,12,0,3,1.95441004761168
5.6d,5.6,36,raw,4578,132,1,33,6.48204481442857
5.6d,5.6,36,raw,4580,92,0,23,5.41151637980601
5.6d,5.6,36,raw,4585,178,0,44.5,7.5272278921735
5.6d,5.6,36,raw,4590,26,0,6.5,2.8768136958758
5.6d,5.6,36,raw,4593,90,0,22.5,5.35237234845831
5.6d,5.6,36,raw,4602,709,0,177.25,15.02270645737
5.6d,5.6,36,raw,4604,338,0,84.5,10.3724992904373
5.6d,5.6,36,raw,4613,80,0,20,5.04626504404032
5.6d,5.6,36,raw,4616,29,0,7.25,3.03825388987325
5.6d,5.6,36,raw,4623,18,0,4.5,2.3936536824086
5.6d,5.6,36,raw,4646,273,0,68.25,9.3219418002997
5.6d,5.6,36,raw,4648,202,0,50.5,8.01864059608146
5.6d,5.6,36,raw,4655,24,0,6,2.76395319577068
5.6d,5.6,36,raw,4661,390,0,97.5,11.1418515342684
5.6d,5.6,36,raw,4675,8,0,2,1.59576912160573
5.6d,5.6,36,raw,4682,91,0,22.75,5.38202560777306
5.6d,5.6,36,raw,4690,138,0,34.5,6.62772693261899
5.6d,5.6,36,raw,4701,878,0,219.5,16.7175380983376
5.6d,5.6,36,raw,4702,73,0,18.25,4.82043791490117
5.6d,5.6,36,raw,4709,150,0,37.5,6.90988298942671
5.6d,5.6,36,raw,4718,648,0,162,14.3619220944516
5.6d,5.6,36,raw,4742,50,0,12.5,3.98942280401433
5.6d,5.6,36,raw,4756,451,1,112.75,11.9815591084337
5.6d,5.6,36,raw,4773,529,0,132.25,12.9763604215984
5.6d,5.6,36,raw,4783,281,0,70.25,9.45754080179648
5.6d,5.6,36,raw,4788,111,0,27.75,5.94410610322534
5.6d,5.6,36,raw,4790,67,0,16.75,4.61809077155419
5.6d,5.6,36,raw,4807,80,1,20,5.04626504404032
5.6d,5.6,36,raw,4823,13,0,3.25,2.03421447256411
5.6d,5.6,36,raw,4841,18,0,4.5,2.3936536824086
5.6d,5.6,36,raw,4845,12,0,3,1.95441004761168
5.6d,5.6,36,raw,4854,100,0,25,5.64189583547756
5.6d,5.6,36,raw,4855,130,0,32.5,6.43275098258069
5.6d,5.6,36,raw,4879,83,0,20.75,5.14001172695692
5.6d,5.6,36,raw,4882,708,0,177,15.0121084268041
5.6d,5.6,36,raw,4896,74,0,18.5,4.85334230995512
5.6d,5.6,36,raw,4901,165,0,41.25,7.24714641913115
5.6d,5.6,36,raw,4917,59,0,14.75,4.33362242065961
5.6d,5.6,36,raw,4920,205,0,51.25,8.07796550300118
5.6d,5.6,36,raw,4921,9,0,2.25,1.69256875064327
5.6d,5.6,36,raw,4925,15,0,3.75,2.18509686118416
5.6d,5.6,36,raw,4946,50,0,12.5,3.98942280401433
5.6d,5.6,36,raw,4953,261,1,65.25,9.11476166961975
5.6d,5.6,36,raw,4959,202,0,50.5,8.01864059608146
5.6d,5.6,36,raw,4962,392,0,98,11.1703838512401
5.6d,5.6,36,raw,4966,8,0,2,1.59576912160573
5.6d,5.6,36,raw,4979,818,0,204.5,16.1362166228128
5.6d,5.6,36,raw,4997,216,0,54,8.29185958731205
5.6d,5.6,36,raw,4999,69,0,17.25,4.6865106579076
5.6d,5.6,36,raw,5003,99,0,24.75,5.61361547776433
5.6d,5.6,36,raw,5010,9,0,2.25,1.69256875064327
5.6d,5.6,36,raw,5012,266,0,66.5,9.20165364078046
5.6d,5.6,36,raw,5017,5,0,1.25,1.26156626101008
5.6d,5.6,36,raw,5023,361,0,90.25,10.7196020874074
5.6d,5.6,36,raw,5024,168,0,42,7.31273279143145
5.6d,5.6,36,raw,5027,101,0,25.25,5.67003514138694
5.6d,5.6,36,raw,5053,276,0,69,9.37302131581521
5.6d,5.6,36,raw,5055,15,0,3.75,2.18509686118416
5.6d,5.6,36,raw,5077,154,1,38.5,7.00140860629515
5.6d,5.6,36,raw,5078,47,1,11.75,3.86788891394752
5.6d,5.6,36,raw,5086,13,0,3.25,2.03421447256411
5.6d,5.6,36,raw,5101,122,0,30.5,6.2316776324215
5.6d,5.6,36,raw,5107,411,0,102.75,11.437891554895
5.6d,5.6,36,raw,5122,138,0,34.5,6.62772693261899
5.6d,5.6,36,raw,5132,6,0,1.5,1.38197659788534
5.6d,5.6,36,raw,5136,48,0,12,3.90882009522336
5.6d,5.6,36,raw,5149,30,0,7.5,3.09019361618552
5.6d,5.6,36,raw,5156,118,0,29.5,6.12866760150094
5.6d,5.6,36,raw,5166,9,1,2.25,1.69256875064327
5.6d,5.6,36,raw,5169,42,0,10.5,3.65636639571573
5.6d,5.6,36,raw,5173,133,0,33.25,6.50655168752575
5.6d,5.6,36,raw,5200,203,0,50.75,8.03846421247924
5.6d,5.6,36,raw,5206,35,0,8.75,3.33779058906227
5.6d,5.6,36,raw,5223,457,0,114.25,12.0609957294575
5.6d,5.6,36,raw,5231,11,1,2.75,1.87120515925478
5.6d,5.6,36,raw,5233,19,0,4.75,2.45924537968297
5.6d,5.6,36,raw,5236,203,0,50.75,8.03846421247924
5.6d,5.6,36,raw,5238,196,0,49,7.89865416966859
5.6d,5.6,36,raw,5242,125,0,31.25,6.3078313050504
5.6d,5.6,36,raw,5247,333,0,83.25,10.2954937763665
5.6d,5.6,36,raw,5251,93,0,23.25,5.44084730672462
5.6d,5.6,36,raw,5253,62,0,15.5,4.44243322329048
5.6d,5.6,36,raw,5280,43,0,10.75,3.69963851016596
5.6d,5.6,36,raw,5283,66,0,16.5,4.58349784423754
5.6d,5.6,36,raw,5287,12,0,3,1.95441004761168
5.6d,5.6,36,raw,5315,54,0,13.5,4.14592979365603
5.6d,5.6,36,raw,5320,525,0,131.25,12.927207364566
5.6d,5.6,36,raw,5327,15,0,3.75,2.18509686118416
5.6d,5.6,36,raw,5335,35,0,8.75,3.33779058906227
5.6d,5.6,36,raw,5337,36,0,9,3.38513750128654
5.6d,5.6,36,raw,5339,97,0,24.25,5.55662298161641
5.6d,5.6,36,raw,5347,232,0,58,8.59347971398312
5.6d,5.6,36,raw,5371,16,0,4,2.25675833419103
5.6d,5.6,36,raw,5374,254,0,63.5,8.9917023466462
5.6d,5.6,36,raw,5377,58,0,14.5,4.29673985699156
5.6d,5.6,36,raw,5391,722,0,180.5,15.1598066552544
5.6d,5.6,36,raw,5403,47,0,11.75,3.86788891394752
5.6d,5.6,36,raw,5404,7,0,1.75,1.49270533036046
5.6d,5.6,36,raw,5406,505,0,126.25,12.6785840109538
5.6d,5.6,36,raw,5408,117,0,29.25,6.10264341769233
5.6d,5.6,36,raw,5423,54,0,13.5,4.14592979365603
5.6d,5.6,36,raw,5429,9,0,2.25,1.69256875064327
5.6d,5.6,36,raw,5430,90,0,22.5,5.35237234845831
5.6d,5.6,36,raw,5450,28,0,7,2.98541066072092
5.6d,5.6,36,raw,5477,62,0,15.5,4.44243322329048
5.6d,5.6,36,raw,5480,144,1,36,6.77027500257308
5.6d,5.6,36,raw,5483,138,0,34.5,6.62772693261899
5.6d,5.6,36,raw,5491,50,0,12.5,3.98942280401433
5.6d,5.6,36,raw,5498,172,0,43,7.39927702033192
5.6d,5.6,36,raw,5531,590,0,147.5,13.7041173684567
5.6d,5.6,36,raw,5533,245,0,61.25,8.83096382707056
5.6d,5.6,36,raw,5538,177,0,44.25,7.50605421340207
5.6d,5.6,36,raw,5540,326,0,81.5,10.1867081481662
5.6d,5.6,36,raw,5548,178,0,44.5,7.5272278921735
5.6d,5.6,36,raw,5550,62,0,15.5,4.44243322329048
5.6d,5.6,36,raw,5555,70,0,17.5,4.72034871941315
5.6d,5.6,36,raw,5561,109,0,27.25,5.89031218137317
5.6d,5.6,36,raw,5572,70,0,17.5,4.72034871941315
5.6d,5.6,36,raw,5577,588,0,147,13.6808703332818
5.6d,5.6,36,raw,5580,219,0,54.75,8.3492433833402
5.6d,5.6,36,raw,5582,13,0,3.25,2.03421447256411
5.6d,5.6,36,raw,5599,236,0,59,8.66724484131922
5.6d,5.6,36,raw,5625,109,0,27.25,5.89031218137317
5.6d,5.6,36,raw,5637,136,0,34,6.57952464247954
5.6d,5.6,36,raw,5648,385,0,96.25,11.0701990126989
5.6d,5.6,36,raw,5652,215,0,53.75,8.27264320090713
5.6d,5.6,36,raw,5659,149,0,37.25,6.88681152939332
5.6d,5.6,36,raw,5663,14,0,3.5,2.11100412282238
5.6d,5.6,36,raw,5686,112,0,28,5.97082132144185
5.6d,5.6,36,raw,5703,17,0,4.25,2.32621324584064
5.6d,5.6,36,raw,5711,900,0,225,16.9256875064327
5.6d,5.6,36,raw,5717,36,0,9,3.38513750128654
5.6d,5.6,36,raw,5718,204,0,51,8.0582390620714
5.6d,5.6,36,raw,5742,61,0,15.25,4.40646151205377
5.6d,5.6,36,raw,5748,182,0,45.5,7.61133360755196
5.6d,5.6,36,raw,5751,198,1,49.5,7.93885114260184
5.6d,5.6,36,raw,5752,33,1,8.25,3.24102240721429
5.6d,5.6,36,raw,5769,27,0,6.75,2.93161507141752
5.6d,5.6,36,raw,5770,135,0,33.75,6.55529058355247
5.6d,5.6,36,raw,5782,457,0,114.25,12.0609957294575
5.6d,5.6,36,raw,5789,298,0,74.5,9.73942226637543
5.6d,5.6,36,raw,5792,8,0,2,1.59576912160573
5.6d,5.6,36,raw,5823,201,0,50.25,7.99876785029682
5.6d,5.6,36,raw,5844,40,0,10,3.56824823230554
5.6d,5.6,36,raw,5845,269,0,67.25,9.25339718068125
5.6d,5.6,36,raw,5847,311,0,77.75,9.94959168022281
5.6d,5.6,36,raw,5853,141,1,35.25,6.69938011698952
5.6d,5.6,36,raw,5869,161,0,40.25,7.15876327835963
5.6d,5.6,36,raw,5889,9,0,2.25,1.69256875064327
5.6d,5.6,36,raw,5896,37,0,9.25,3.43183125878885
5.6d,5.6,36,raw,5898,175,0,43.75,7.46352665180231
5.6d,5.6,36,raw,5912,414,0,103.5,11.4795597859887
5.6d,5.6,36,raw,5917,98,0,24.5,5.58519192562006
5.6d,5.6,36,raw,5932,165,0,41.25,7.24714641913115
5.6d,5.6,36,raw,5962,7,0,1.75,1.49270533036046
5.6d,5.6,36,raw,5967,130,0,32.5,6.43275098258069
5.6d,5.6,36,raw,5972,143,0,35.75,6.74672614860586
5.6d,5.6,36,raw,5975,154,0,38.5,7.00140860629515
5.6d,5.6,36,raw,5977,12,0,3,1.95441004761168
5.6d,5.6,36,raw,5980,47,0,11.75,3.86788891394752
5.6d,5.6,36,raw,5985,246,0,61.5,8.84896784948462
5.6d,5.6,36,raw,5988,149,0,37.25,6.88681152939332
5.6d,5.6,36,raw,5990,7,0,1.75,1.49270533036046
5.6d,5.6,36,raw,5991,468,0,117,12.2052868353847
5.6d,5.6,36,raw,6002,100,0,25,5.64189583547756
5.6d,5.6,36,raw,6014,212,0,53,8.21472433323015
5.6d,5.6,36,raw,6016,161,0,40.25,7.15876327835963
5.6d,5.6,36,raw,6018,143,1,35.75,6.74672614860586
5.6d,5.6,36,raw,6020,156,1,39,7.04672563994593
5.6d,5.6,36,raw,6041,136,0,34,6.57952464247954
5.6d,5.6,36,raw,6045,58,0,14.5,4.29673985699156
5.6d,5.6,36,raw,6050,612,0,153,13.9572794750438
5.6d,5.6,36,raw,6064,12,0,3,1.95441004761168
5.6d,5.6,36,raw,6066,286,0,71.5,9.54131162097561
5.6d,5.6,36,raw,6081,155,0,38.75,7.02410366940064
5.6d,5.6,36,raw,6085,67,0,16.75,4.61809077155419
5.6d,5.6,36,raw,6086,15,0,3.75,2.18509686118416
5.6d,5.6,36,raw,6091,218,0,54.5,8.33015937350939
5.6d,5.6,36,raw,6105,561,0,140.25,13.3630777199381
5.6d,5.6,36,raw,6110,491,0,122.75,12.5016060614723
5.6d,5.6,36,raw,6125,398,0,99.5,11.2555468414977
5.6d,5.6,36,raw,6135,56,1,14,4.22200824564475
5.6d,5.6,36,raw,6145,81,0,20.25,5.07770625192981
5.6d,5.6,36,raw,6153,321,0,80.25,10.1082873655727
5.6d,5.6,36,raw,6160,189,0,47.25,7.75632441873962
5.6d,5.6,36,raw,6163,198,0,49.5,7.93885114260184
5.6d,5.6,36,raw,6196,189,0,47.25,7.75632441873962
5.6d,5.6,36,raw,6202,149,0,37.25,6.88681152939332
5.6d,5.6,36,raw,6209,210,0,52.5,8.17588381146626
5.6d,5.6,36,raw,6213,16,0,4,2.25675833419103
5.6d,5.6,36,raw,6215,44,0,11,3.74241031850956
5.6d,5.6,36,raw,6235,25,0,6.25,2.82094791773878
5.6d,5.6,36,raw,6237,34,0,8.5,3.28976232123977
5.6d,5.6,36,raw,6243,606,0,151.5,13.8886929200475
5.6d,5.6,36,raw,6266,19,0,4.75,2.45924537968297
5.6d,5.6,36,raw,6272,159,0,39.75,7.1141599576635
5.6d,5.6,36,raw,6280,88,0,22,5.29256742840123
5.6d,5.6,36,raw,6298,185,0,46.25,7.67380798196054
5.6d,5.6,36,raw,6310,8,0,2,1.59576912160573
5.6d,5.6,36,raw,6319,19,0,4.75,2.45924537968297
5.6d,5.6,36,raw,6322,121,0,30.25,6.20608541902532
5.6d,5.6,36,raw,6328,282,0,70.5,9.47435422093923
5.6d,5.6,36,raw,6340,191,0,47.75,7.79725517481017
5.6d,5.6,36,raw,6355,55,0,13.75,4.184141935942
5.6d,5.6,36,raw,6360,13,0,3.25,2.03421447256411
5.6d,5.6,36,raw,6363,100,0,25,5.64189583547756
5.6d,5.6,36,raw,6368,362,0,90.5,10.7344389140063
5.6d,5.6,36,raw,6372,57,0,14.25,4.25953794588991
5.6d,5.6,36,raw,6378,79,0,19.75,5.01462670679677
5.6d,5.6,36,raw,6385,166,0,41.5,7.26907429501923
5.6d,5.6,36,raw,6392,17,0,4.25,2.32621324584064
5.6d,5.6,36,raw,6400,68,0,17,4.65242649168128
5.6d,5.6,36,raw,6406,49,0,12.25,3.94932708483429
5.6d,5.6,36,raw,6417,11,0,2.75,1.87120515925478
5.6d,5.6,36,raw,6418,94,0,23.5,5.47002095985713
5.6d,5.6,36,raw,6422,5,0,1.25,1.26156626101008
5.6d,5.6,36,raw,6433,205,0,51.25,8.07796550300118
5.6d,5.6,36,raw,6440,140,0,35,6.67558117812455
5.6d,5.6,36,raw,6446,25,0,6.25,2.82094791773878
5.6d,5.6,36,raw,6453,10,0,2.5,1.78412411615277
5.6d,5.6,36,raw,6458,41,0,10.25,3.61257599692178
5.6d,5.6,36,raw,6464,27,0,6.75,2.93161507141752
5.6d,5.6,36,raw,6468,263,1,65.75,9.14961748196814
5.6d,5.6,36,raw,6476,5,0,1.25,1.26156626101008
5.6d,5.6,36,raw,6486,68,0,17,4.65242649168128
5.6d,5.6,36,raw,6511,135,0,33.75,6.55529058355247
5.6d,5.6,36,raw,6516,59,0,14.75,4.33362242065961
5.6d,5.6,36,raw,6529,61,1,15.25,4.40646151205377
5.6d,5.6,36,raw,6532,159,0,39.75,7.1141599576635
5.6d,5.6,36,raw,6535,13,0,3.25,2.03421447256411
5.6d,5.6,36,raw,6589,30,0,7.5,3.09019361618552
5.6d,5.6,36,raw,6603,86,0,21.5,5.23207895695449
5.6d,5.6,36,raw,6605,324,0,81,10.1554125038596
5.6d,5.6,36,raw,6613,38,0,9.5,3.47789816915102
5.6d,5.6,36,raw,6617,252,0,63,8.95623198216277
5.6d,5.6,36,raw,6619,385,0,96.25,11.0701990126989
5.6d,5.6,36,raw,6621,186,0,46.5,7.69452005197108
5.6d,5.6,36,raw,6626,58,1,14.5,4.29673985699156
5.6d,5.6,36,raw,6633,119,0,29.75,6.15458174499869
5.6d,5.6,36,raw,6638,504,0,126,12.6660247369343
5.6d,5.6,36,raw,6648,49,0,12.25,3.94932708483429
5.6d,5.6,36,raw,6662,45,0,11.25,3.78469878303024
5.6d,5.6,36,raw,6663,121,0,30.25,6.20608541902532
5.6d,5.6,36,raw,6667,85,0,21.25,5.2015709478601
5.6d,5.6,36,raw,6668,329,0,82.25,10.2334721651289
5.6d,5.6,36,raw,6679,10,0,2.5,1.78412411615277
5.6d,5.6,36,raw,6685,14,0,3.5,2.11100412282238
5.6d,5.6,36,raw,6705,69,0,17.25,4.6865106579076
5.6d,5.6,36,raw,6709,13,0,3.25,2.03421447256411
5.6d,5.6,36,raw,6729,206,0,51.5,8.09764388904951
5.6d,5.6,36,raw,6752,33,0,8.25,3.24102240721429
5.6d,5.6,36,raw,6763,63,0,15.75,4.47811599108138
5.6d,5.6,36,raw,6764,5,0,1.25,1.26156626101008
5.6d,5.6,36,raw,6769,216,1,54,8.29185958731205
5.6d,5.6,36,raw,6775,12,0,3,1.95441004761168
5.6d,5.6,36,raw,6779,744,0,186,15.3890401039422
5.6d,5.6,36,raw,6783,65,0,16.25,4.54864184146723
5.6d,5.6,36,raw,6794,18,0,4.5,2.3936536824086
5.6d,5.6,36,raw,6795,298,0,74.5,9.73942226637543
5.6d,5.6,36,raw,6800,49,0,12.25,3.94932708483429
5.6d,5.6,36,raw,6808,10,0,2.5,1.78412411615277
5.6d,5.6,36,raw,6811,297,0,74.25,9.72306722164286
5.6d,5.6,36,raw,6812,601,0,150.25,13.8312776559672
5.6d,5.6,36,raw,6817,549,0,137.25,13.2193845361613
5.6d,5.6,36,raw,6823,7,0,1.75,1.49270533036046
5.6d,5.6,36,raw,6853,64,0,16,4.51351666838205
5.6d,5.6,36,raw,6855,874,0,218.5,16.6794136744861
5.6d,5.6,36,raw,6857,121,0,30.25,6.20608541902532
5.6d,5.6,36,raw,6862,940,0,235,17.297725082009
5.6d,5.6,36,raw,6867,16,0,4,2.25675833419103
5.6d,5.6,36,raw,6874,236,0,59,8.66724484131922
5.6d,5.6,36,raw,6880,257,0,64.25,9.04464707709672
5.6d,5.6,36,raw,6901,26,0,6.5,2.8768136958758
5.6d,5.6,36,raw,6905,329,0,82.25,10.2334721651289
5.6d,5.6,36,raw,6906,33,0,8.25,3.24102240721429
5.6d,5.6,36,raw,6909,198,0,49.5,7.93885114260184
5.6d,5.6,36,raw,6920,49,0,12.25,3.94932708483429
5.6d,5.6,36,raw,6933,20,0,5,2.52313252202016
5.6d,5.6,36,raw,6937,253,0,63.25,8.97398468933946
5.6d,5.6,36,raw,6946,304,0,76,9.83698151873187
5.6d,5.6,36,raw,6948,20,0,5,2.52313252202016
5.6d,5.6,36,raw,6957,32,0,8,3.19153824321146
5.6d,5.6,36,raw,6960,93,0,23.25,5.44084730672462
5.6d,5.6,36,raw,6963,231,0,57.75,8.57493928307692
5.6d,5.6,36,raw,6990,18,0,4.5,2.3936536824086
5.6d,5.6,36,raw,6992,22,0,5.5,2.64628371420061
5.6d,5.6,36,raw,6997,196,0,49,7.89865416966859
5.6d,5.6,36,raw,7003,10,0,2.5,1.78412411615277
5.6d,5.6,36,raw,7010,5,0,1.25,1.26156626101008
5.6d,5.6,36,raw,7013,73,0,18.25,4.82043791490117
5.6d,5.6,36,raw,7015,16,0,4,2.25675833419103
5.6d,5.6,36,raw,7025,79,0,19.75,5.01462670679677
5.6d,5.6,36,raw,7032,58,0,14.5,4.29673985699156
5.6d,5.6,36,raw,7054,466,1,116.5,12.1791792400657
5.6d,5.6,36,raw,7067,7,0,1.75,1.49270533036046
5.6d,5.6,36,raw,7090,173,1,43.25,7.42075537326193
5.6d,5.6,36,raw,7105,250,0,62.5,8.92062058076386
5.6d,5.6,36,raw,7113,82,0,20.5,5.10895396995029
5.6d,5.6,36,raw,7140,91,0,22.75,5.38202560777306
5.6d,5.6,36,raw,7152,308,0,77,9.90148700673831
5.6d,5.6,36,raw,7156,132,0,33,6.48204481442857
5.6d,5.6,36,raw,7160,137,0,34.25,6.60366976818037
5.6d,5.6,36,raw,7191,40,0,10,3.56824823230554
5.6d,5.6,36,raw,7194,504,0,126,12.6660247369343
5.6d,5.6,36,raw,7202,512,0,128,12.7661529728458
5.6d,5.6,36,raw,7206,144,0,36,6.77027500257308
5.6d,5.6,36,raw,7211,114,0,28.5,6.02389633252035
5.6d,5.6,36,raw,7219,9,0,2.25,1.69256875064327
5.6d,5.6,36,raw,7223,30,1,7.5,3.09019361618552
5.6d,5.6,36,raw,7241,99,0,24.75,5.61361547776433
5.6d,5.6,36,raw,7259,57,0,14.25,4.25953794588991
5.6d,5.6,36,raw,7264,13,0,3.25,2.03421447256411
5.6d,5.6,36,raw,7276,203,0,50.75,8.03846421247924
5.6d,5.6,36,raw,7277,15,0,3.75,2.18509686118416
5.6d,5.6,36,raw,7284,619,0,154.75,14.0368735674211
5.6d,5.6,36,raw,7296,149,0,37.25,6.88681152939332
5.6d,5.6,36,raw,7303,119,0,29.75,6.15458174499869
5.6d,5.6,36,raw,7309,274,0,68.5,9.33899934759387
5.6d,5.6,36,raw,7320,7,1,1.75,1.49270533036046
5.6d,5.6,36,raw,7327,7,0,1.75,1.49270533036046
5.6d,5.6,36,raw,7336,10,0,2.5,1.78412411615277
5.6d,5.6,36,raw,7360,58,0,14.5,4.29673985699156
5.6d,5.6,36,raw,7367,55,0,13.75,4.184141935942
5.6d,5.6,36,raw,7375,26,0,6.5,2.8768136958758
5.6d,5.6,36,raw,7394,38,0,9.5,3.47789816915102
5.6d,5.6,36,raw,7397,274,0,68.5,9.33899934759387
5.6d,5.6,36,raw,7405,82,0,20.5,5.10895396995029
5.6d,5.6,36,raw,7416,542,0,135.5,13.134837582232
5.6d,5.6,36,raw,7429,201,0,50.25,7.99876785029682
5.6d,5.6,36,raw,7432,85,0,21.25,5.2015709478601
5.6d,5.6,36,raw,7434,275,0,68.75,9.35602579627389
5.6d,5.6,36,raw,7438,28,0,7,2.98541066072092
5.6d,5.6,36,raw,7451,68,0,17,4.65242649168128
5.6d,5.6,36,raw,7453,182,0,45.5,7.61133360755196
5.6d,5.6,36,raw,7458,20,0,5,2.52313252202016
5.6d,5.6,36,raw,7461,64,0,16,4.51351666838205
5.6d,5.6,36,raw,7465,109,0,27.25,5.89031218137317
5.6d,5.6,36,raw,7472,48,0,12,3.90882009522336
5.6d,5.6,36,raw,7519,85,0,21.25,5.2015709478601
5.6d,5.6,36,raw,7525,730,0,182.5,15.2435631305206
5.6d,5.6,36,raw,7528,43,0,10.75,3.69963851016596
5.6d,5.6,36,raw,7529,20,0,5,2.52313252202016
5.6d,5.6,36,raw,7533,152,0,38,6.95579633830205
5.6d,5.6,36,raw,7550,58,0,14.5,4.29673985699156
5.6d,5.6,36,raw,7553,27,0,6.75,2.93161507141752
5.6d,5.6,36,raw,7571,124,0,31,6.28254931431422
5.6d,5.6,36,raw,7579,292,1,73,9.64087582980234
5.6d,5.6,36,raw,7583,118,0,29.5,6.12866760150094
5.6d,5.6,36,raw,7591,179,0,44.75,7.54834217738561
5.6d,5.6,36,raw,7594,95,0,23.75,5.4990398423234
5.6d,5.6,36,raw,7601,89,0,22.25,5.32255388609241
5.6d,5.6,36,raw,7617,930,0,232.5,17.2054698904426
5.6d,5.6,36,raw,7632,25,0,6.25,2.82094791773878
5.6d,5.6,36,raw,7643,80,0,20,5.04626504404032
5.6d,5.6,36,raw,7646,74,0,18.5,4.85334230995512
5.6d,5.6,36,raw,7650,12,0,3,1.95441004761168
5.6d,5.6,36,raw,7668,270,0,67.5,9.27058084855655
5.6d,5.6,36,raw,7671,386,0,96.5,11.0845665710006
5.6d,5.6,36,raw,7682,19,1,4.75,2.45924537968297
5.6d,5.6,36,raw,7687,10,0,2.5,1.78412411615277
5.6d,5.6,36,raw,7691,47,0,11.75,3.86788891394752
5.6d,5.6,36,raw,7692,16,0,4,2.25675833419103
5.6d,5.6,36,raw,7702,37,0,9.25,3.43183125878885
5.6d,5.6,36,raw,7705,382,0,95.5,11.0269840175003
5.6d,5.6,36,raw,7714,251,0,62.75,8.93844401627775
5.6d,5.6,36,raw,7749,141,0,35.25,6.69938011698952
5.6d,5.6,36,raw,7776,230,0,57.5,8.5563586777479
5.6d,5.6,36,raw,7779,373,0,93.25,10.8963107310022
5.6d,5.6,36,raw,7785,17,0,4.25,2.32621324584064
5.6d,5.6,36,raw,7786,34,0,8.5,3.28976232123977
5.6d,5.6,36,raw,7809,192,0,48,7.81764019044672
5.6d,5.6,36,raw,7810,517,0,129.25,12.8283362583392
5.6d,5.6,36,raw,7820,128,1,32,6.38307648642292
5.6d,5.6,36,raw,7851,52,1,13,4.06842894512822
5.6d,5.6,36,raw,7857,7,0,1.75,1.49270533036046
5.6d,5.6,36,raw,7863,232,0,58,8.59347971398312
5.6d,5.6,36,raw,7884,5,0,1.25,1.26156626101008
5.6d,5.6,36,raw,7887,121,0,30.25,6.20608541902532
5.6d,5.6,36,raw,7893,72,0,18,4.78730736481719
5.6d,5.6,36,raw,7928,415,0,103.75,11.4934156266218
5.6d,5.6,36,raw,7933,327,0,81.75,10.2023199705802
5.6d,5.6,36,raw,7942,24,0,6,2.76395319577068
5.6d,5.6,36,raw,7948,210,0,52.5,8.17588381146626
5.6d,5.6,36,raw,7954,331,0,82.75,10.2645298151856
5.6d,5.6,36,raw,7960,9,0,2.25000000000001,1.69256875064327
5.6d,5.6,36,raw,7970,277,0,69.25,9.38998607415954
5.6d,5.6,36,raw,7972,112,0,28,5.97082132144185
5.6d,5.6,36,raw,7974,19,0,4.75,2.45924537968297
5.6d,5.6,36,raw,7994,417,0,104.25,11.5210773167547
5.6d,5.6,36,raw,8013,110,0,27.5,5.9172702727032
5.6d,5.6,36,raw,8017,756,0,189,15.5126488374792
5.6d,5.6,36,raw,8028,46,0,11.5,3.82651992866291
5.6d,5.6,36,raw,8035,66,0,16.5,4.58349784423754
5.6d,5.6,36,raw,8037,27,0,6.75,2.93161507141752
5.6d,5.6,36,raw,8039,54,0,13.5,4.14592979365603
5.6d,5.6,36,raw,8046,59,0,14.75,4.33362242065961
5.6d,5.6,36,raw,8057,81,1,20.25,5.07770625192981
5.6d,5.6,36,raw,8062,62,0,15.5,4.44243322329048
5.6d,5.6,36,raw,8063,34,0,8.5,3.28976232123977
5.6d,5.6,36,raw,8064,152,0,38,6.95579633830205
5.6d,5.6,36,raw,8065,511,0,127.75,12.7536799332552
5.6d,5.6,36,raw,8072,9,0,2.25,1.69256875064327
5.6d,5.6,36,raw,8074,48,0,12,3.90882009522336
5.6d,5.6,36,raw,8079,81,0,20.25,5.07770625192981
5.6d,5.6,36,raw,8085,287,0,71.75,9.55797768017628
5.6d,5.6,36,raw,8095,9,0,2.25,1.69256875064327
5.6d,5.6,36,raw,8105,27,0,6.75,2.93161507141752
5.6d,5.6,36,raw,8108,312,0,78,9.96557497033376
5.6d,5.6,36,raw,8115,62,0,15.5,4.44243322329048
5.6d,5.6,36,raw,8120,365,0,91.25,10.7788268590364
5.6d,5.6,36,raw,8124,213,0,53.25,8.23407588968838
5.6d,5.6,36,raw,8171,352,0,88,10.5851348568025
5.6d,5.6,36,raw,8174,33,0,8.25,3.24102240721429
5.6d,5.6,36,raw,8183,48,0,12,3.90882009522336
5.6d,5.6,36,raw,8191,286,0,71.5,9.54131162097561
5.6d,5.6,36,raw,8196,19,0,4.75,2.45924537968297
5.6d,5.6,36,raw,8199,113,0,28.25,5.99741753913869
5.6d,5.6,36,raw,8215,185,0,46.25,7.67380798196054
5.6d,5.6,36,raw,8228,87,0,21.75,5.26241010355424
5.6d,5.6,36,raw,8262,163,0,40.75,7.20309040953658
5.6d,5.6,36,raw,8278,45,0,11.25,3.78469878303024
5.6d,5.6,36,raw,8282,438,0,109.5,11.8076132282735
5.6d,5.6,36,raw,8296,50,0,12.5,3.98942280401433
5.6d,5.6,36,raw,8327,6,0,1.5,1.38197659788534
5.6d,5.6,36,raw,8334,224,0,56,8.4440164912895
5.6d,5.6,36,raw,8339,157,0,39.25,7.06927521962861
5.6d,5.6,36,raw,8348,180,0,45,7.56939756606048
5.6d,5.6,36,raw,8350,209,0,52.25,8.15639419182351
5.6d,5.6,36,raw,8357,494,0,123.5,12.5397401797163
5.6d,5.6,36,raw,8366,293,0,73.25,9.65737006911564
5.6d,5.6,36,raw,8371,490,1,122.5,12.4888688130694
5.6d,5.6,36,raw,8395,72,0,18,4.78730736481719
5.6d,5.6,36,raw,8398,38,0,9.5,3.47789816915102
5.6d,5.6,36,raw,8426,642,0,160.5,14.2952770847575
5.6d,5.6,36,raw,8429,302,0,75.5,9.80456962989732
5.6d,5.6,36,raw,8431,21,0,5.25,2.58544147291321
5.6d,5.6,36,raw,8436,158,0,39.5,7.09175309899033
5.6d,5.6,36,raw,8438,5,0,1.25,1.26156626101008
5.6d,5.6,36,raw,8440,29,0,7.25,3.03825388987325
5.6d,5.6,36,raw,8441,314,0,78.5,9.99746489174682
5.6d,5.6,36,raw,8444,126,0,31.5,6.33301236846713
5.6d,5.6,36,raw,8502,1401,1,350.25,21.1175791828394
5.6d,5.6,36,raw,8505,8,0,2,1.59576912160573
5.6d,5.6,36,raw,8515,438,0,109.5,11.8076132282735
5.6d,5.6,36,raw,8528,6,0,1.5,1.38197659788534
5.6d,5.6,36,raw,8539,94,0,23.5,5.47002095985713
5.6d,5.6,36,raw,8556,8,0,2,1.59576912160573
5.6d,5.6,36,raw,8585,202,0,50.5,8.01864059608146
5.6d,5.6,36,raw,8587,7,0,1.75,1.49270533036046
5.6d,5.6,36,raw,8597,226,0,56.5,8.48162922306421
5.6d,5.6,36,raw,8608,70,0,17.5,4.72034871941315
5.6d,5.6,36,raw,8616,85,0,21.25,5.2015709478601
5.6d,5.6,36,raw,8630,68,1,17,4.65242649168128
5.6d,5.6,36,raw,8637,73,0,18.25,4.82043791490117
5.6d,5.6,36,raw,8643,125,0,31.25,6.3078313050504
5.6d,5.6,36,raw,8648,92,0,23,5.41151637980601
5.6d,5.6,36,raw,8657,643,0,160.75,14.3064061460654
5.6d,5.6,36,raw,8662,275,0,68.75,9.35602579627389
5.6d,5.6,36,raw,8668,210,0,52.5,8.17588381146626
5.6d,5.6,36,raw,8681,658,0,164.5,14.4723151260928
5.6d,5.6,36,raw,8691,40,0,10,3.56824823230554
5.6d,5.6,36,raw,8692,370,0,92.5,10.8524033231355
5.6d,5.6,36,raw,8723,139,0,34.75,6.65169709018284
5.6d,5.6,36,raw,8738,311,0,77.75,9.94959168022281
5.6d,5.6,36,raw,8750,29,1,7.25,3.03825388987325
5.6d,5.6,36,raw,8751,88,1,22,5.29256742840123
5.6d,5.6,36,raw,8756,174,0,43.5,7.44217173921562
5.6d,5.6,36,raw,8764,8,0,2,1.59576912160573
5.6d,5.6,36,raw,8776,202,0,50.5,8.01864059608146
5.6d,5.6,36,raw,8778,27,0,6.75,2.93161507141752
5.6d,5.6,36,raw,8780,105,0,26.25,5.78122288528111
5.6d,5.6,36,raw,8783,334,0,83.5,10.3109408874935
5.6d,5.6,36,raw,8797,226,0,56.5,8.48162922306421
5.6d,5.6,36,raw,8803,75,0,18.75,4.8860251190292
5.6d,5.6,36,raw,8813,19,0,4.75,2.45924537968297
5.6d,5.6,36,raw,8821,44,0,11,3.74241031850956
5.6d,5.6,36,raw,8825,36,0,9,3.38513750128654
5.6d,5.6,36,raw,8845,34,0,8.5,3.28976232123977
5.6d,5.6,36,raw,8850,13,1,3.25,2.03421447256411
5.6d,5.6,36,raw,8856,108,0,27,5.86323014283504
5.6d,5.6,36,raw,8865,561,0,140.25,13.3630777199381
5.6d,5.6,36,raw,8873,331,0,82.75,10.2645298151856
5.6d,5.6,36,raw,8877,58,0,14.5,4.29673985699156
5.6d,5.6,36,raw,8891,491,0,122.75,12.5016060614723
5.6d,5.6,36,raw,8896,17,0,4.25,2.32621324584064
5.6d,5.6,36,raw,8901,345,0,86.25,10.4793564083587
5.6d,5.6,36,raw,8904,9,1,2.25,1.69256875064327
5.6d,5.6,36,raw,8910,124,0,31,6.28254931431422
5.6d,5.6,36,raw,8922,15,0,3.75,2.18509686118416
5.6d,5.6,36,raw,8932,372,0,93,10.8816946134492
5.6d,5.6,36,raw,8947,33,0,8.25,3.24102240721429
5.6d,5.6,36,raw,8950,88,0,22,5.29256742840123
5.6d,5.6,36,raw,8964,414,0,103.5,11.4795597859887
5.6d,5.6,36,raw,8975,60,0,15,4.37019372236832
5.6d,5.6,36,raw,8979,108,0,27,5.86323014283504
5.6d,5.6,36,raw,8985,10,0,2.5,1.78412411615277
5.6d,5.6,36,raw,8987,112,0,28,5.97082132144185
5.6d,5.6,36,raw,8989,153,0,38.25,6.97863973752192
5.6d,5.6,36,raw,9006,133,0,33.25,6.50655168752575
5.6d,5.6,36,raw,9012,78,0,19.5,4.98278748516688
5.6d,5.6,36,raw,9019,26,0,6.5,2.8768136958758
5.6d,5.6,36,raw,9021,11,1,2.75,1.87120515925478
5.6d,5.6,36,raw,9037,114,0,28.5,6.02389633252035
5.6d,5.6,36,raw,9050,100,0,25,5.64189583547756
5.6d,5.6,36,raw,9062,163,0,40.75,7.20309040953658
5.6d,5.6,36,raw,9072,29,0,7.25,3.03825388987325
5.6d,5.6,36,raw,9075,259,0,64.75,9.07977205229304
5.6d,5.6,36,raw,9080,55,0,13.75,4.184141935942
5.6d,5.6,36,raw,9090,158,0,39.5,7.09175309899033
5.6d,5.6,36,raw,9096,596,0,149,13.7736230587866
5.6d,5.6,36,raw,9103,31,0,7.75,3.14127465715711
5.6d,5.6,36,raw,9105,150,0,37.5,6.90988298942671
5.6d,5.6,36,raw,9110,46,0,11.5,3.82651992866291
5.6d,5.6,36,raw,9115,95,0,23.75,5.4990398423234
5.6d,5.6,36,raw,9130,274,0,68.5,9.33899934759387
5.6d,5.6,36,raw,9135,5,0,1.25,1.26156626101008
5.6d,5.6,36,raw,9142,80,0,20,5.04626504404032
5.6d,5.6,36,raw,9147,145,0,36.25,6.79374223065974
5.6d,5.6,36,raw,9159,33,0,8.25,3.24102240721429
5.6d,5.6,36,raw,9164,154,0,38.5,7.00140860629515
5.6d,5.6,36,raw,9173,146,0,36.5,6.81712867583072
5.6d,5.6,36,raw,9181,29,0,7.25,3.03825388987325
5.6d,5.6,36,raw,9186,65,0,16.25,4.54864184146723
5.6d,5.6,36,raw,9191,178,0,44.5,7.5272278921735
5.6d,5.6,36,raw,9215,50,0,12.5,3.98942280401433
5.6d,5.6,36,raw,9217,6,0,1.5,1.38197659788534
5.6d,5.6,36,raw,9219,16,0,4,2.25675833419103
5.6d,5.6,36,raw,9224,43,0,10.75,3.69963851016596
5.6d,5.6,36,raw,9229,6,0,1.5,1.38197659788534
5.6d,5.6,36,raw,9236,49,0,12.25,3.94932708483429
5.6d,5.6,36,raw,9244,47,0,11.75,3.86788891394752
5.6d,5.6,36,raw,9256,32,0,8,3.19153824321146
5.6d,5.6,36,raw,9267,292,0,73,9.64087582980234
5.6d,5.6,36,raw,9272,1431,0,357.75,21.3424798729905
5.6d,5.6,36,raw,9279,12,0,3,1.95441004761168
5.6d,5.6,36,raw,9306,291,0,72.75,9.62435332266449
5.6d,5.6,36,raw,9318,35,0,8.75,3.33779058906227
5.6d,5.6,36,raw,9325,162,0,40.5,7.18096104722579
5.6d,5.6,36,raw,9330,25,0,6.25,2.82094791773878
5.6d,5.6,36,raw,9341,249,0,62.25,8.90276146258923
5.6d,5.6,36,raw,9344,143,0,35.75,6.74672614860586
5.6d,5.6,36,raw,9345,46,0,11.5,3.82651992866291
5.6d,5.6,36,raw,9349,56,0,14,4.22200824564475
5.6d,5.6,36,raw,9358,46,0,11.5,3.82651992866291
5.6d,5.6,36,raw,9383,16,0,4,2.25675833419103
5.6d,5.6,36,raw,9387,149,0,37.25,6.88681152939332
5.6d,5.6,36,raw,9402,595,1,148.75,13.7620631548963
5.6d,5.6,36,raw,9409,266,0,66.5,9.20165364078046
5.6d,5.6,36,raw,9414,324,0,81,10.1554125038596
5.6d,5.6,36,raw,9421,179,0,44.75,7.54834217738561
5.6d,5.6,36,raw,9432,224,0,56,8.4440164912895
5.6d,5.6,36,raw,9434,18,0,4.5,2.3936536824086
5.6d,5.6,36,raw,9438,273,0,68.25,9.3219418002997
5.6d,5.6,36,raw,9458,145,1,36.25,6.79374223065974
5.6d,5.6,36,raw,9467,7,0,1.75,1.49270533036046
5.6d,5.6,36,raw,9473,206,0,51.5,8.09764388904951
5.6d,5.6,36,raw,9479,61,0,15.25,4.40646151205377
5.6d,5.6,36,raw,9480,257,1,64.25,9.04464707709672
5.6d,5.6,36,raw,9487,22,1,5.5,2.64628371420061
5.6d,5.6,36,raw,9510,139,0,34.75,6.65169709018284
5.6d,5.6,36,raw,9513,116,0,29,6.0765077797465
5.6d,5.6,36,raw,9518,168,0,42,7.31273279143145
5.6d,5.6,36,raw,9529,16,0,4,2.25675833419103
5.6d,5.6,36,raw,9540,166,0,41.5,7.26907429501923
5.6d,5.6,36,raw,9546,110,0,27.5,5.9172702727032
5.6d,5.6,36,raw,9555,23,0,5.75,2.705758189903
5.6d,5.6,36,raw,9559,188,0,47,7.73577782789505
5.6d,5.6,36,raw,9562,5,0,1.25,1.26156626101008
5.6d,5.6,36,raw,9563,104,0,26,5.75362739175159
5.6d,5.6,36,raw,9578,5,0,1.25,1.26156626101008
5.6d,5.6,36,raw,9590,87,0,21.75,5.26241010355424
5.6d,5.6,36,raw,9614,1492,0,373,21.7926214620044
5.6d,5.6,36,raw,9627,238,0,59.5,8.70389297451101
5.6d,5.6,36,raw,9638,582,0,145.5,13.6108909979827
5.6d,5.6,36,raw,9659,11,1,2.75,1.87120515925478
5.6d,5.6,36,raw,9674,672,0,168,14.6254655828629
5.6d,5.6,36,raw,9675,172,0,43,7.39927702033192
5.6d,5.6,36,raw,9684,469,0,117.25,12.2183197134548
5.6d,5.6,36,raw,9689,7,0,1.75,1.49270533036046
5.6d,5.6,36,raw,9696,78,1,19.5,4.98278748516688
5.6d,5.6,36,raw,9702,60,0,15,4.37019372236832
5.6d,5.6,36,raw,9707,82,0,20.5,5.10895396995029
5.6d,5.6,36,raw,9711,239,0,59.75,8.72215929675249
5.6d,5.6,36,raw,9713,22,0,5.5,2.64628371420061
5.6d,5.6,36,raw,9719,127,0,31.75,6.35809370372452
5.6d,5.6,36,raw,9732,43,0,10.75,3.69963851016596
5.6d,5.6,36,raw,9736,112,0,28,5.97082132144185
5.6d,5.6,36,raw,9773,110,0,27.5,5.9172702727032
5.6d,5.6,36,raw,9778,192,0,48,7.81764019044672
5.6d,5.6,36,raw,9788,201,0,50.25,7.99876785029682
5.6d,5.6,36,raw,9822,727,0,181.75,15.212208493694
5.6d,5.6,36,raw,9831,48,0,12,3.90882009522336
5.6d,5.6,36,raw,9838,186,1,46.5,7.69452005197108
5.6d,5.6,36,raw,9855,99,0,24.75,5.61361547776433
5.6d,5.6,36,raw,9873,795,0,198.75,15.9077452681426
5.6d,5.6,36,raw,9879,36,0,9,3.38513750128654
5.6d,5.6,36,raw,9883,11,0,2.75,1.87120515925478
5.6d,5.6,36,raw,9887,322,0,80.5,10.1240201180747
5.6d,5.6,36,raw,9888,554,0,138.5,13.2794456565709
5.6d,5.6,36,raw,9893,299,0,74.75,9.75574989270191
5.6d,5.6,36,raw,9895,565,0,141.25,13.4106333069636
5.6d,5.6,36,raw,9902,68,0,17,4.65242649168128
5.6d,5.6,36,raw,9908,38,0,9.5,3.47789816915102
5.6d,5.6,36,raw,9909,335,0,83.75,10.3263648914596
5.6d,5.6,36,raw,9911,36,0,9,3.38513750128654
5.6d,5.6,36,raw,9920,64,0,16,4.51351666838205
5.6d,5.6,36,raw,9921,35,1,8.75,3.33779058906227
5.6d,5.6,36,raw,9937,14,0,3.5,2.11100412282238
5.6d,5.6,36,raw,9943,16,0,4,2.25675833419103
5.6d,5.6,36,raw,9955,12,0,3,1.95441004761168
5.6d,5.6,36,raw,9957,73,0,18.25,4.82043791490117
5.6d,5.6,36,raw,9958,17,0,4.25,2.32621324584064
5.6d,5.6,36,raw,9961,67,0,16.75,4.61809077155419
5.6d,5.6,36,raw,9964,786,0,196.5,15.8174451331579
5.6d,5.6,36,raw,9969,9,0,2.25,1.69256875064327
5.6d,5.6,36,raw,9978,607,0,151.75,13.9001475140935
5.6d,5.6,36,raw,9984,5,0,1.25,1.26156626101008
5.6d,5.6,36,raw,9993,796,0,199,15.9177469951717
5.6d,5.6,36,raw,10004,155,0,38.75,7.02410366940064
5.6d,5.6,36,raw,10022,29,0,7.25,3.03825388987325
5.6d,5.6,36,raw,10025,11,0,2.75,1.87120515925478
5.6d,5.6,36,raw,10026,135,0,33.75,6.55529058355247
5.6d,5.6,36,raw,10032,575,0,143.75,13.528790949515
5.6d,5.6,36,raw,10038,337,0,84.25,10.3571439906925
5.6d,5.6,36,raw,10048,144,0,36,6.77027500257308
5.6d,5.6,36,raw,10053,65,0,16.25,4.54864184146723
5.6d,5.6,36,raw,10063,163,0,40.75,7.20309040953658
5.6d,5.6,36,raw,10065,15,0,3.75,2.18509686118416
5.6d,5.6,36,raw,10067,9,1,2.25,1.69256875064327
5.6d,5.6,36,raw,10072,90,0,22.5,5.35237234845831
5.6d,5.6,36,raw,10074,137,0,34.25,6.60366976818037
5.6d,5.6,36,raw,10082,235,0,58.75,8.6488625410045
5.6d,5.6,36,raw,10087,5,0,1.25,1.26156626101008
5.6d,5.6,36,raw,10095,116,0,29,6.0765077797465
5.6d,5.6,36,raw,10098,58,0,14.5,4.29673985699156
5.6d,5.6,36,raw,10108,39,0,9.75,3.52336281997296
5.6d,5.6,36,raw,10114,205,0,51.25,8.07796550300118
5.6d,5.6,36,raw,10120,37,0,9.25,3.43183125878885
5.6d,5.6,36,raw,10126,28,0,7,2.98541066072092
5.6d,5.6,36,raw,10141,10,0,2.5,1.78412411615277
5.6d,5.6,36,raw,10179,59,0,14.75,4.33362242065961
5.6d,5.6,36,raw,10181,20,0,5,2.52313252202016
5.6d,5.6,36,raw,10184,82,0,20.5,5.10895396995029
5.6d,5.6,36,raw,10188,131,0,32.75,6.45744493511765
5.6d,5.6,36,raw,10193,24,1,5.99999999999999,2.76395319577068
5.6d,5.6,36,raw,10204,489,0,122.25,12.4761185608295
5.6d,5.6,36,raw,10227,196,0,49,7.89865416966859
5.6d,5.6,36,raw,10229,233,0,58.25,8.61198022993685
5.6d,5.6,36,raw,10244,20,0,5,2.52313252202016
5.6d,5.6,36,raw,10252,18,0,4.5,2.3936536824086
5.6d,5.6,36,raw,10268,107,0,26.75,5.83602243155949
5.6d,5.6,36,raw,10270,49,0,12.25,3.94932708483429
5.6d,5.6,36,raw,10287,152,0,38,6.95579633830205
5.6d,5.6,36,raw,10298,174,0,43.5,7.44217173921562
5.6d,5.6,36,raw,10302,252,0,63,8.95623198216277
5.6d,5.6,36,raw,10312,557,0,139.25,13.3153522899085
5.6d,5.6,36,raw,10324,32,0,8,3.19153824321146
5.6d,5.6,36,raw,10355,8,0,2,1.59576912160573
5.6d,5.6,36,raw,10358,20,0,5,2.52313252202016
5.6d,5.6,36,raw,10365,464,0,116,12.153015559493
5.6d,5.6,36,raw,10371,55,0,13.75,4.184141935942
5.6d,5.6,36,raw,10378,67,0,16.75,4.61809077155419
5.6d,5.6,36,raw,10379,8,0,2,1.59576912160573
5.6d,5.6,36,raw,10387,9,0,2.25,1.69256875064327
5.6d,5.6,36,raw,10389,527,1,131.75,12.9518072105347
5.6d,5.6,36,raw,10392,83,1,20.75,5.14001172695692
5.6d,5.6,36,raw,10393,52,1,13,4.06842894512822
5.6d,5.6,36,raw,10394,19,0,4.75,2.45924537968297
5.6d,5.6,36,raw,10398,589,1,147.25,13.6924987844532
5.6d,5.6,36,raw,10399,21,0,5.25,2.58544147291321
5.6d,5.6,36,raw,10414,30,0,7.5,3.09019361618552
5.6d,5.6,36,raw,10421,119,0,29.75,6.15458174499869
5.6d,5.6,36,raw,10425,287,0,71.75,9.55797768017628
5.6d,5.6,36,raw,10433,240,0,60,8.74038744473663
5.6d,5.6,36,raw,10448,62,0,15.5,4.44243322329048
5.6d,5.6,36,raw,10460,45,0,11.25,3.78469878303024
5.6d,5.6,36,raw,10462,11,0,2.75,1.87120515925478
5.6d,5.6,36,raw,10470,8,0,2,1.59576912160573
5.6d,5.6,36,raw,10480,16,0,4,2.25675833419103
5.6d,5.6,36,raw,10491,7,0,1.75,1.49270533036046
5.6d,5.6,36,raw,10507,583,0,145.75,13.6225791847634
5.6d,5.6,36,raw,10513,176,0,44,7.48482063701911
5.6d,5.6,36,raw,10516,59,0,14.75,4.33362242065961
5.6d,5.6,36,raw,10532,33,0,8.25,3.24102240721429
5.6d,5.6,36,raw,10538,67,0,16.75,4.61809077155419
5.6d,5.6,36,raw,10541,87,0,21.75,5.26241010355424
5.6d,5.6,36,raw,10545,351,0,87.75,10.5700884599189
5.6d,5.6,36,raw,10550,55,0,13.75,4.184141935942
5.6d,5.6,36,raw,10565,5,0,1.25,1.26156626101008
5.6d,5.6,36,raw,10572,8,0,2,1.59576912160573
5.6d,5.6,36,raw,10580,24,0,6,2.76395319577068
5.6d,5.6,36,raw,10585,93,0,23.25,5.44084730672462
5.6d,5.6,36,raw,10586,54,0,13.5,4.14592979365603
5.6d,5.6,36,raw,10599,40,0,10,3.56824823230554
5.6d,5.6,36,raw,10603,321,0,80.25,10.1082873655727
5.6d,5.6,36,raw,10621,234,0,58.5,8.63044108762739
5.6d,5.6,36,raw,10628,60,1,15,4.37019372236832
5.6d,5.6,36,raw,10634,246,0,61.5,8.84896784948462
5.6d,5.6,36,raw,10644,9,0,2.25,1.69256875064327
5.6d,5.6,36,raw,10657,87,0,21.75,5.26241010355424
5.6d,5.6,36,raw,10664,229,0,57.25,8.53773763570233
5.6d,5.6,36,raw,10675,72,0,18,4.78730736481719
5.6d,5.6,36,raw,10682,50,0,12.5,3.98942280401433
5.6d,5.6,36,raw,10699,173,0,43.25,7.42075537326193
5.6d,5.6,36,raw,10717,321,0,80.25,10.1082873655727
5.6d,5.6,36,raw,10724,5,0,1.25,1.26156626101008
5.6d,5.6,36,raw,10726,183,0,45.75,7.63221522047392
5.6d,5.6,36,raw,10738,23,0,5.75,2.705758189903
5.6d,5.6,36,raw,10761,62,0,15.5,4.44243322329048
5.6d,5.6,36,raw,10764,36,0,9,3.38513750128654
5.6d,5.6,36,raw,10766,16,1,4,2.25675833419103
5.6d,5.6,36,raw,10776,59,0,14.75,4.33362242065961
5.6d,5.6,36,raw,10780,22,0,5.5,2.64628371420061
5.6d,5.6,36,raw,10782,11,0,2.75,1.87120515925478
5.6d,5.6,36,raw,10787,131,0,32.75,6.45744493511765
5.6d,5.6,36,raw,10789,5,0,1.25,1.26156626101008
5.6d,5.6,36,raw,10792,719,0,179.75,15.1282784270434
5.6d,5.6,36,raw,10800,156,0,39,7.04672563994593
5.6d,5.6,36,raw,10827,139,0,34.75,6.65169709018284
5.6d,5.6,36,raw,10851,75,0,18.75,4.8860251190292
5.6d,5.6,36,raw,10855,103,0,25.75,5.72589890558072
5.6d,5.6,36,raw,10860,833,0,208.25,16.2834927208845
5.6d,5.6,36,raw,10870,46,0,11.5,3.82651992866291
5.6d,5.6,36,raw,10872,562,0,140.5,13.3749824685975
5.6d,5.6,36,raw,10875,47,0,11.75,3.86788891394752
5.6d,5.6,36,raw,10877,163,0,40.75,7.20309040953658
5.6d,5.6,36,raw,10886,37,0,9.25,3.43183125878885
5.6d,5.6,36,raw,10897,169,1,42.25,7.33446458612083
5.6d,5.6,36,raw,10906,74,0,18.5,4.85334230995512
5.6d,5.6,36,raw,10916,228,0,57,8.51907589177983
5.6d,5.6,36,raw,10922,26,0,6.5,2.8768136958758
5.6d,5.6,36,raw,10935,63,0,15.75,4.47811599108138
5.6d,5.6,36,raw,10937,36,0,9,3.38513750128654
5.6d,5.6,36,raw,10989,673,0,168.25,14.6363435803377
5.6d,5.6,36,raw,10994,22,0,5.5,2.64628371420061
5.6d,5.6,36,raw,11010,6,0,1.5,1.38197659788534
5.6d,5.6,36,raw,11021,572,0,143,13.4934522972117
5.6d,5.6,36,raw,11034,5,0,1.25,1.26156626101008
5.6d,5.6,36,raw,11041,128,0,32,6.38307648642292
5.6d,5.6,36,raw,11043,90,0,22.5,5.35237234845831
5.6d,5.6,36,raw,11047,111,0,27.75,5.94410610322534
5.6d,5.6,36,raw,11059,144,0,36,6.77027500257308
5.6d,5.6,36,raw,11060,78,0,19.5,4.98278748516688
5.6d,5.6,36,raw,11070,36,0,9,3.38513750128654
5.6d,5.6,36,raw,11080,170,0,42.5,7.35613218010963
5.6d,5.6,36,raw,11082,450,0,112.5,11.968268412043
5.6d,5.6,36,raw,11085,40,0,10,3.56824823230554
5.6d,5.6,36,raw,11093,176,0,44,7.48482063701911
5.6d,5.6,36,raw,11102,122,0,30.5,6.2316776324215
5.6d,5.6,36,raw,11108,51,0,12.75,4.0291195310357
5.6d,5.6,36,raw,11112,466,0,116.5,12.1791792400657
5.6d,5.6,36,raw,11125,16,0,4,2.25675833419103
5.6d,5.6,36,raw,11126,123,0,30.75,6.25716517287232
5.6d,5.6,36,raw,11132,192,0,48,7.81764019044672
5.6d,5.6,36,raw,11140,162,0,40.5,7.18096104722579
5.6d,5.6,36,raw,11148,5,0,1.25,1.26156626101008
5.6d,5.6,36,raw,11163,89,0,22.25,5.32255388609241
5.6d,5.6,36,raw,11166,20,0,5,2.52313252202016
5.6d,5.6,36,raw,11169,40,0,10,3.56824823230554
5.6d,5.6,36,raw,11171,55,0,13.75,4.184141935942
5.6d,5.6,36,raw,11185,148,0,37,6.8636625175777
5.6d,5.6,36,raw,11202,7,0,1.75,1.49270533036046
5.6d,5.6,36,raw,11205,75,0,18.75,4.8860251190292
5.6d,5.6,36,raw,11216,175,0,43.75,7.46352665180231
5.6d,5.6,36,raw,11217,114,0,28.5,6.02389633252035
5.6d,5.6,36,raw,11223,54,0,13.5,4.14592979365603
5.6d,5.6,36,raw,11231,370,1,92.5,10.8524033231355
5.6d,5.6,36,raw,11252,323,0,80.75,10.1397284597451
5.6d,5.6,36,raw,11258,144,1,36,6.77027500257308
5.6d,5.6,36,raw,11259,104,0,26,5.75362739175159
5.6d,5.6,36,raw,11269,719,0,179.75,15.1282784270434
5.6d,5.6,36,raw,11282,163,0,40.75,7.20309040953658
5.6d,5.6,36,raw,11283,124,0,31,6.28254931431422
5.6d,5.6,36,raw,11293,186,0,46.5,7.69452005197108
5.6d,5.6,36,raw,11296,110,0,27.5,5.9172702727032
5.6d,5.6,36,raw,11303,77,0,19.25,4.95074350336915
5.6d,5.6,36,raw,11322,171,0,42.75,7.3777361390489
5.6d,5.6,36,raw,11330,8,0,2,1.59576912160573
5.6d,5.6,36,raw,11349,101,0,25.25,5.67003514138694
5.6d,5.6,36,raw,11385,23,0,5.75,2.705758189903
5.6d,5.6,36,raw,11395,241,0,60.25,8.75857765680556
5.6d,5.6,36,raw,11399,66,0,16.5,4.58349784423754
5.6d,5.6,36,raw,11415,89,0,22.25,5.32255388609241
5.6d,5.6,36,raw,11420,426,0,106.5,11.6447417968066
5.6d,5.6,36,raw,11435,240,0,60,8.74038744473663
5.6d,5.6,36,raw,11438,58,0,14.5,4.29673985699156
5.6d,5.6,36,raw,11452,34,0,8.5,3.28976232123977
5.6d,5.6,36,raw,11455,149,0,37.25,6.88681152939332
5.6d,5.6,36,raw,11464,37,0,9.25,3.43183125878885
5.6d,5.6,36,raw,11469,127,0,31.75,6.35809370372452
5.6d,5.6,36,raw,11470,58,0,14.5,4.29673985699156
5.6d,5.6,36,raw,11484,106,0,26.5,5.80868728160518
5.6d,5.6,36,raw,11485,115,0,28.75,6.0502592432999
5.6d,5.6,36,raw,11497,89,0,22.25,5.32255388609241
5.6d,5.6,36,raw,11502,150,0,37.5,6.90988298942671
5.6d,5.6,36,raw,11504,149,0,37.25,6.88681152939332
5.6d,5.6,36,raw,11517,154,0,38.5,7.00140860629515
5.6d,5.6,36,raw,11530,65,0,16.25,4.54864184146723
5.6d,5.6,36,raw,11551,58,0,14.5,4.29673985699156
5.6d,5.6,36,raw,11552,47,0,11.75,3.86788891394752
5.6d,5.6,36,raw,11568,155,1,38.75,7.02410366940064
5.6d,5.6,36,raw,11575,342,0,85.5,10.4336945074531
5.6d,5.6,36,raw,11583,13,0,3.25,2.03421447256411
5.6d,5.6,36,raw,11585,410,0,102.5,11.4239683707263
5.6d,5.6,36,raw,11591,102,0,25.5,5.69803548521301
5.6d,5.6,36,raw,11606,381,0,95.25,11.0125413341347
5.6d,5.6,36,raw,11621,112,0,28,5.97082132144185
5.6d,5.6,36,raw,11624,563,0,140.75,13.3868766305466
5.6d,5.6,36,raw,11627,137,0,34.25,6.60366976818037
5.6d,5.6,36,raw,11629,289,0,72.25,9.59122292031186
5.6d,5.6,36,raw,11634,140,0,35,6.67558117812455
5.6d,5.6,36,raw,11641,332,0,83,10.2800234539138
5.6d,5.6,36,raw,11647,167,0,41.75,7.29093622196032
5.6d,5.6,36,raw,11668,35,1,8.75,3.33779058906227
5.6d,5.6,36,raw,11690,74,0,18.5,4.85334230995512
5.6d,5.6,36,raw,11697,185,0,46.25,7.67380798196054
5.6d,5.6,36,raw,11698,95,0,23.75,5.4990398423234
5.6d,5.6,36,raw,11710,46,0,11.5,3.82651992866291
5.6d,5.6,36,raw,11715,147,0,36.75,6.84043516664088
5.6d,5.6,36,raw,11716,260,0,65,9.09728368293446
5.6d,5.6,36,raw,11741,76,0,19,4.91849075936593
5.6d,5.6,36,raw,11753,98,0,24.5,5.58519192562006
5.6d,5.6,36,raw,11758,236,0,59,8.66724484131922
5.6d,5.6,36,raw,11764,139,0,34.75,6.65169709018284
5.6d,5.6,36,raw,11771,81,0,20.25,5.07770625192981
5.6d,5.6,36,raw,11780,188,0,47,7.73577782789505
5.6d,5.6,36,raw,11786,5,0,1.25,1.26156626101008
5.6d,5.6,36,raw,11789,11,0,2.75,1.87120515925478
5.6d,5.6,36,raw,11791,5,0,1.25,1.26156626101008
5.6d,5.6,36,raw,11815,6,0,1.5,1.38197659788534
5.6d,5.6,36,raw,11852,97,0,24.25,5.55662298161641
5.6d,5.6,36,raw,11855,365,1,91.25,10.7788268590364
5.6d,5.6,36,raw,11866,453,0,113.25,12.0080963704185
5.6d,5.6,36,raw,11869,237,0,59.25,8.68558823716381
5.6d,5.6,36,raw,11882,262,0,65.5,9.13220620552083
5.6d,5.6,36,raw,11889,286,0,71.5,9.54131162097561
5.6d,5.6,36,raw,11897,18,0,4.5,2.3936536824086
5.6d,5.6,36,raw,11899,61,0,15.25,4.40646151205377
5.6d,5.6,36,raw,11913,235,0,58.75,8.6488625410045
5.6d,5.6,36,raw,11923,512,0,128,12.7661529728458
5.6d,5.6,36,raw,11936,552,0,138,13.255453865238
5.6d,5.6,36,raw,11937,199,0,49.75,7.95887349758585
5.6d,5.6,36,raw,11940,130,0,32.5,6.43275098258069
5.6d,5.6,36,raw,11944,250,0,62.5,8.92062058076386
5.6d,5.6,36,raw,11948,555,0,138.75,13.2914253122832
5.6d,5.6,36,raw,11951,77,0,19.25,4.95074350336915
5.6d,5.6,36,raw,11985,64,0,16,4.51351666838205
5.6d,5.6,36,raw,11987,255,0,63.75,9.00938516086789
5.6d,5.6,36,raw,11991,250,0,62.5,8.92062058076386
5.6d,5.6,36,raw,11994,90,1,22.5,5.35237234845831
5.6d,5.6,36,raw,12000,82,0,20.5,5.10895396995029
5.6d,5.6,36,raw,12021,70,0,17.5,4.72034871941315
5.6d,5.6,36,raw,12023,309,0,77.25,9.91754782346883
5.6d,5.6,36,raw,12035,9,0,2.25,1.69256875064327
5.6d,5.6,36,raw,12040,139,0,34.75,6.65169709018284
5.6d,5.6,36,raw,12048,103,0,25.75,5.72589890558072
5.6d,5.6,36,raw,12051,141,0,35.25,6.69938011698952
5.6d,5.6,36,raw,12067,11,0,2.75,1.87120515925478
5.6d,5.6,36,raw,12076,347,0,86.75,10.5096874599474
5.6d,5.6,36,raw,12089,216,0,54,8.29185958731205
5.6d,5.6,36,raw,12095,600,0,150,13.8197659788534
5.6d,5.6,36,raw,12100,29,0,7.25,3.03825388987325
5.6d,5.6,36,raw,12104,94,0,23.5,5.47002095985713
5.6d,5.6,36,raw,12106,71,0,17.75,4.75394593143939
5.6d,5.6,36,raw,12119,159,0,39.75,7.1141599576635
5.6d,5.6,36,raw,12135,135,0,33.75,6.55529058355247
5.6d,5.6,36,raw,12149,136,0,34,6.57952464247954
5.6d,5.6,36,raw,12158,19,0,4.75,2.45924537968297
5.6d,5.6,36,raw,12171,38,0,9.5,3.47789816915102
5.6d,5.6,36,raw,12180,591,0,147.75,13.7157261103676
5.6d,5.6,36,raw,12198,13,1,3.25,2.03421447256411
5.6d,5.6,36,raw,12201,11,0,2.75,1.87120515925478
5.6d,5.6,36,raw,12202,337,0,84.25,10.3571439906925
5.6d,5.6,36,raw,12212,398,0,99.5,11.2555468414977
5.6d,5.6,36,raw,12216,61,0,15.25,4.40646151205377
5.6d,5.6,36,raw,12225,5,0,1.25,1.26156626101008
5.6d,5.6,36,raw,12232,67,0,16.75,4.61809077155419
5.6d,5.6,36,raw,12244,149,0,37.25,6.88681152939332
5.6d,5.6,36,raw,12245,506,0,126.5,12.6911308561924
5.6d,5.6,36,raw,12254,127,0,31.75,6.35809370372452
5.6d,5.6,36,raw,12264,334,0,83.5,10.3109408874935
5.6d,5.6,36,raw,12271,180,0,45,7.56939756606048
5.6d,5.6,36,raw,12275,20,0,5,2.52313252202016
5.6d,5.6,36,raw,12277,421,0,105.25,11.5762024033521
5.6d,5.6,36,raw,12281,12,0,3,1.95441004761168
5.6d,5.6,36,raw,12283,83,0,20.75,5.14001172695692
5.6d,5.6,36,raw,12289,16,0,4,2.25675833419103
5.6d,5.6,36,raw,12294,233,0,58.25,8.61198022993685
5.6d,5.6,36,raw,12324,16,0,4,2.25675833419103
5.6d,5.6,36,raw,12325,300,0,75,9.7720502380584
5.6d,5.6,36,raw,12373,59,0,14.75,4.33362242065961
5.6d,5.6,36,raw,12379,354,1,88.5,10.6151636685009
5.6d,5.6,36,raw,12395,256,0,64,9.0270333367641
5.6d,5.6,36,raw,12396,169,0,42.25,7.33446458612083
5.6d,5.6,36,raw,12403,10,1,2.49999999999999,1.78412411615277
5.6d,5.6,36,raw,12415,104,0,26,5.75362739175159
5.6d,5.6,36,raw,12424,142,0,35.5,6.72309481102998
5.6d,5.6,36,raw,12427,29,0,7.25,3.03825388987325
5.6d,5.6,36,raw,12430,60,0,15,4.37019372236832
5.6d,5.6,36,raw,12443,21,0,5.25,2.58544147291321
5.6d,5.6,36,raw,12453,214,0,53.5,8.25338207302505
5.6d,5.6,36,raw,12459,122,0,30.5,6.2316776324215
5.6d,5.6,36,raw,12462,117,0,29.25,6.10264341769233
5.6d,5.6,36,raw,12468,192,0,48,7.81764019044672
5.6d,5.6,36,raw,12470,5,0,1.25,1.26156626101008
5.6d,5.6,36,raw,12472,113,0,28.25,5.99741753913869
5.6d,5.6,36,raw,12481,352,1,88,10.5851348568025
5.6d,5.6,36,raw,12509,319,0,79.75,10.0767481705473
5.6d,5.6,36,raw,12527,735,0,183.75,15.2956780282891
5.6d,5.6,36,raw,12530,1151,0,287.75,19.1409163573101
5.6d,5.6,36,raw,12543,237,0,59.25,8.68558823716381
5.6d,5.6,36,raw,12549,51,0,12.75,4.0291195310357
5.6d,5.6,36,raw,12552,103,1,25.75,5.72589890558072
5.6d,5.6,36,raw,12560,210,0,52.5,8.17588381146626
5.6d,5.6,36,raw,12563,228,0,57,8.51907589177983
5.6d,5.6,36,raw,12576,22,0,5.5,2.64628371420061
5.6d,5.6,36,raw,12582,13,0,3.25,2.03421447256411
5.6d,5.6,36,raw,12588,535,0,133.75,13.0497428751806
5.6d,5.6,36,raw,12592,202,0,50.5,8.01864059608146
5.6d,5.6,36,raw,12621,337,0,84.25,10.3571439906925
5.6d,5.6,36,raw,12628,172,0,43,7.39927702033192
5.6d,5.6,36,raw,12636,182,0,45.5,7.61133360755196
5.6d,5.6,36,raw,12650,10,0,2.5,1.78412411615277
5.6d,5.6,36,raw,12655,5,0,1.25,1.26156626101008
5.6d,5.6,36,raw,12675,88,0,22,5.29256742840123
5.6d,5.6,36,raw,12684,126,0,31.5,6.33301236846713
5.6d,5.6,36,raw,12694,376,0,94,10.9400419197143
5.6d,5.6,36,raw,12696,198,0,49.5,7.93885114260184
5.6d,5.6,36,raw,12730,148,0,37,6.8636625175777
5.6d,5.6,36,raw,12732,34,0,8.5,3.28976232123977
5.6d,5.6,36,raw,12736,91,0,22.75,5.38202560777306
5.6d,5.6,36,raw,12746,77,0,19.25,4.95074350336915
5.6d,5.6,36,raw,12751,50,0,12.5,3.98942280401433
5.6d,5.6,36,raw,12758,12,0,3,1.95441004761168
5.6d,5.6,36,raw,12765,410,0,102.5,11.4239683707263
5.6d,5.6,36,raw,12768,177,0,44.25,7.50605421340207
5.6d,5.6,36,raw,12773,411,0,102.75,11.437891554895
5.6d,5.6,36,raw,12808,253,0,63.25,8.97398468933946
5.6d,5.6,36,raw,12809,121,0,30.25,6.20608541902532
5.6d,5.6,36,raw,12829,89,0,22.25,5.32255388609241
5.6d,5.6,36,raw,12834,33,0,8.25,3.24102240721429
5.6d,5.6,36,raw,12841,66,0,16.5,4.58349784423754
5.6d,5.6,36,raw,12850,288,1,72,9.57461472963438
5.6d,5.6,36,raw,12865,144,0,36,6.77027500257308
5.6d,5.6,36,raw,12868,364,0,91,10.7640512155461
5.6d,5.6,36,raw,12905,88,0,22,5.29256742840123
5.6d,5.6,36,raw,12911,20,1,5,2.52313252202016
5.6d,5.6,36,raw,12921,356,0,89,10.6451077721848
5.6d,5.6,36,raw,12922,357,0,89.25,10.6600482816736
5.6d,5.6,36,raw,12929,739,0,184.75,15.3372424473835
5.6d,5.6,36,raw,12935,55,0,13.75,4.184141935942
5.6d,5.6,36,raw,12950,91,0,22.75,5.38202560777306
5.6d,5.6,36,raw,12951,98,0,24.5,5.58519192562006
5.6d,5.6,36,raw,12964,335,0,83.75,10.3263648914596
5.6d,5.6,36,raw,12991,18,0,4.5,2.3936536824086
5.6d,5.6,36,raw,12995,122,0,30.5,6.2316776324215
5.6d,5.6,36,raw,13000,530,0,132.5,12.9886196217077
5.6d,5.6,36,raw,13002,206,0,51.5,8.09764388904951
5.6d,5.6,36,raw,13019,398,0,99.5,11.2555468414977
5.6d,5.6,36,raw,13027,7,0,1.75,1.49270533036046
5.6d,5.6,36,raw,13038,42,0,10.5,3.65636639571573
5.6d,5.6,36,raw,13080,192,0,48,7.81764019044672
5.6d,5.6,36,raw,13091,63,0,15.75,4.47811599108138
5.6d,5.6,36,raw,13094,193,0,48.25,7.83797218886822
5.6d,5.6,36,raw,13095,94,0,23.5,5.47002095985713
5.6d,5.6,36,raw,13129,398,1,99.5,11.2555468414977
5.6d,5.6,36,raw,13130,6,0,1.50000000000001,1.38197659788535
5.6d,5.6,36,raw,13136,257,0,64.25,9.04464707709672
5.6d,5.6,36,raw,13142,232,0,58,8.59347971398312
5.6d,5.6,36,raw,13150,1065,0,266.25,18.4119534212353
5.6d,5.6,36,raw,13158,187,0,46.75,7.71517651880816
5.6d,5.6,36,raw,13167,194,0,48.5,7.85825158159596
5.6d,5.6,36,raw,13205,101,0,25.25,5.67003514138694
5.6d,5.6,36,raw,13208,102,0,25.5,5.69803548521301
5.6d,5.6,36,raw,13213,82,0,20.5,5.10895396995029
5.6d,5.6,36,raw,13215,22,0,5.5,2.64628371420061
5.6d,5.6,36,raw,13219,60,0,15,4.37019372236832
5.6d,5.6,36,raw,13223,86,0,21.5,5.23207895695449
5.6d,5.6,36,raw,13260,72,0,18,4.78730736481719
5.6d,5.6,36,raw,13262,93,0,23.25,5.44084730672462
5.6d,5.6,36,raw,13274,24,1,6,2.76395319577068
5.6d,5.6,36,raw,13278,14,0,3.5,2.11100412282238
5.6d,5.6,36,raw,13289,51,0,12.75,4.0291195310357
5.6d,5.6,36,raw,13296,16,0,4,2.25675833419103
5.6d,5.6,36,raw,13302,385,0,96.25,11.0701990126989
5.6d,5.6,36,raw,13329,17,0,4.25,2.32621324584064
5.6d,5.6,36,raw,13334,261,0,65.25,9.11476166961975
5.6d,5.6,36,raw,13342,119,0,29.75,6.15458174499869
5.6d,5.6,36,raw,13344,318,0,79.5,10.0609414970193
5.6d,5.6,36,raw,13353,18,0,4.5,2.3936536824086
5.6d,5.6,36,raw,13356,95,0,23.75,5.4990398423234
5.6d,5.6,36,raw,13362,11,0,2.75,1.87120515925478
5.6d,5.6,36,raw,13372,13,0,3.25,2.03421447256411
5.6d,5.6,36,raw,13375,5,0,1.25,1.26156626101008
5.6d,5.6,36,raw,13376,10,0,2.5,1.78412411615277
5.6d,5.6,36,raw,13386,41,0,10.25,3.61257599692178
5.6d,5.6,36,raw,13393,359,1,89.75,10.6898666567914
5.6d,5.6,36,raw,13400,48,0,12,3.90882009522336
5.6d,5.6,36,raw,13402,49,0,12.25,3.94932708483429
5.6d,5.6,36,raw,13417,721,0,180.25,15.1493045364635
5.6d,5.6,36,raw,13427,153,0,38.25,6.97863973752192
5.6d,5.6,36,raw,13437,45,0,11.25,3.78469878303024
5.6d,5.6,36,raw,13448,478,0,119.5,12.334995970646
5.6d,5.6,36,raw,13451,239,0,59.75,8.72215929675249
5.6d,5.6,36,raw,13470,111,1,27.75,5.94410610322534
5.6d,5.6,36,raw,13475,626,0,156.5,14.1160188704554
5.6d,5.6,36,raw,13517,399,0,99.75,11.2696781048676
5.6d,5.6,36,raw,13523,35,0,8.75,3.33779058906227
5.6d,5.6,36,raw,13526,76,1,19,4.91849075936593
5.6d,5.6,36,raw,13528,261,0,65.25,9.11476166961975
5.6d,5.6,36,raw,13531,7,0,1.75,1.49270533036046
5.6d,5.6,36,raw,13532,7,0,1.75,1.49270533036046
5.6d,5.6,36,raw,13536,39,0,9.75,3.52336281997296
5.6d,5.6,36,raw,13550,768,0,192,15.6352803808934
5.6d,5.6,36,raw,13556,14,0,3.5,2.11100412282238
5.6d,5.6,36,raw,13579,181,0,45.25,7.5903945483266
5.6d,5.6,36,raw,13580,340,0,85,10.4031418957202
5.6d,5.6,36,raw,13589,155,0,38.75,7.02410366940064
5.6d,5.6,36,raw,13596,106,0,26.5,5.80868728160518
5.6d,5.6,36,raw,13598,698,0,174.5,14.9057136882568
5.6d,5.6,36,raw,13600,141,0,35.25,6.69938011698952
5.6d,5.6,36,raw,13605,176,0,44,7.48482063701911
5.6d,5.6,36,raw,13643,120,0,30,6.18038723237103
5.6d,5.6,36,raw,13658,184,0,46,7.65303985732581
5.6d,5.6,36,raw,13663,138,0,34.5,6.62772693261899
5.6d,5.6,36,raw,13680,9,0,2.25,1.69256875064327
5.6d,5.6,36,raw,13689,28,0,7,2.98541066072092
5.6d,5.6,36,raw,13691,9,0,2.25,1.69256875064327
5.6d,5.6,36,raw,13700,165,0,41.25,7.24714641913115
5.6d,5.6,36,raw,13704,59,0,14.75,4.33362242065961
5.6d,5.6,36,raw,13709,106,1,26.5,5.80868728160518
5.6d,5.6,36,raw,13723,21,0,5.25,2.58544147291321
5.6d,5.6,36,raw,13729,68,0,17,4.65242649168128
5.6d,5.6,36,raw,13739,323,0,80.75,10.1397284597451
5.6d,5.6,36,raw,13741,7,0,1.75,1.49270533036046
5.6d,5.6,36,raw,13745,107,0,26.75,5.83602243155949
5.6d,5.6,36,raw,13746,143,0,35.75,6.74672614860586
5.6d,5.6,36,raw,13748,360,0,90,10.7047446969166
5.6d,5.6,36,raw,13758,211,0,52.75,8.19532708223289
5.6d,5.6,36,raw,13760,18,0,4.5,2.3936536824086
5.6d,5.6,36,raw,13768,489,0,122.25,12.4761185608295
5.6d,5.6,36,raw,13786,162,0,40.5,7.18096104722579
5.6d,5.6,36,raw,13789,53,0,13.25,4.10736216661508
5.6d,5.6,36,raw,13794,82,0,20.5,5.10895396995029
5.6d,5.6,36,raw,13801,11,0,2.75,1.87120515925478
5.6d,5.6,36,raw,13806,88,0,22,5.29256742840123
5.6d,5.6,36,raw,13851,24,0,6,2.76395319577068
5.6d,5.6,36,raw,13864,308,0,77,9.90148700673831
5.6d,5.6,36,raw,13868,1050,0,262.5,18.2818319785786
5.6d,5.6,36,raw,13889,35,0,8.75,3.33779058906227
5.6d,5.6,36,raw,13892,106,0,26.5,5.80868728160518
5.6d,5.6,36,raw,13898,126,0,31.5,6.33301236846713
5.6d,5.6,36,raw,13903,29,0,7.25,3.03825388987325
5.6d,5.6,36,raw,13908,40,1,10,3.56824823230554
5.6d,5.6,36,raw,13935,142,0,35.5,6.72309481102998
5.6d,5.6,36,raw,13940,109,0,27.25,5.89031218137317
5.6d,5.6,36,raw,13942,5,0,1.25,1.26156626101008
5.6d,5.6,36,raw,13944,479,0,119.75,12.3478919448639
5.6d,5.6,36,raw,13963,375,0,93.75,10.9254843059208
5.6d,5.6,36,raw,13970,164,0,41,7.22515199384357
5.6d,5.6,36,raw,13977,488,0,122,12.463355264843
5.6d,5.6,36,raw,14007,170,0,42.5,7.35613218010963
5.6d,5.6,36,raw,14014,391,0,97.75,11.1561268143501
5.6d,5.6,36,raw,14025,76,0,19,4.91849075936593
5.6d,5.6,36,raw,14027,75,0,18.75,4.8860251190292
5.6d,5.6,36,raw,14028,270,0,67.5,9.27058084855655
5.6d,5.6,36,raw,14078,52,0,13,4.06842894512822
5.6d,5.6,36,raw,14090,84,0,21,5.17088294582641
5.6d,5.6,36,raw,14120,158,0,39.5,7.09175309899033
5.6d,5.6,36,raw,14133,634,0,158.5,14.205930727711
5.6d,5.6,36,raw,14136,263,0,65.75,9.14961748196814
5.6d,5.6,36,raw,14148,384,0,96,11.0558127830827
5.6d,5.6,36,raw,14155,70,0,17.5,4.72034871941315
5.6d,5.6,36,raw,14158,46,0,11.5,3.82651992866291
5.6d,5.6,36,raw,14162,231,0,57.75,8.57493928307692
5.6d,5.6,36,raw,14190,186,0,46.5,7.69452005197108
5.6d,5.6,36,raw,14204,5,0,1.25,1.26156626101008
5.6d,5.6,36,raw,14213,178,0,44.5,7.5272278921735
5.6d,5.6,36,raw,14233,19,1,4.75,2.45924537968297
5.6d,5.6,36,raw,14253,5,0,1.25,1.26156626101008
5.6d,5.6,36,raw,14267,40,0,10,3.56824823230554
5.6d,5.6,36,raw,14271,228,0,57,8.51907589177983
5.6d,5.6,36,raw,14274,15,0,3.75,2.18509686118416
5.6d,5.6,36,raw,14280,33,0,8.25,3.24102240721429
5.6d,5.6,36,raw,14283,102,0,25.5,5.69803548521301
5.6d,5.6,36,raw,14287,13,0,3.25,2.03421447256411
5.6d,5.6,36,raw,14299,90,0,22.5,5.35237234845831
5.6d,5.6,36,raw,14302,101,0,25.25,5.67003514138694
5.6d,5.6,36,raw,14323,6,0,1.5,1.38197659788534
5.6d,5.6,36,raw,14329,48,0,12,3.90882009522336
5.6d,5.6,36,raw,14339,100,0,25,5.64189583547756
5.6d,5.6,36,raw,14341,595,0,148.75,13.7620631548963
5.6d,5.6,36,raw,14375,390,0,97.5,11.1418515342684
5.6d,5.6,36,raw,14376,479,0,119.75,12.3478919448639
5.6d,5.6,36,raw,14395,6,0,1.5,1.38197659788534
5.6d,5.6,36,raw,14398,352,0,88,10.5851348568025
5.6d,5.6,36,raw,14409,160,0,40,7.13649646461108
5.6d,5.6,36,raw,14416,22,0,5.5,2.64628371420061
5.6d,5.6,36,raw,14420,24,0,6,2.76395319577068
5.6d,5.6,36,raw,14429,514,1,128.5,12.7910625633084
5.6d,5.6,36,raw,14433,35,0,8.75,3.33779058906227
5.6d,5.6,36,raw,14438,105,0,26.25,5.78122288528111
5.6d,5.6,36,raw,14452,235,0,58.75,8.6488625410045
5.6d,5.6,36,raw,14458,34,1,8.5,3.28976232123977
5.6d,5.6,36,raw,14462,155,0,38.75,7.02410366940064
5.6d,5.6,36,raw,14470,221,0,55.25,8.38728113554194
5.6d,5.6,36,raw,14477,43,0,10.75,3.69963851016596
5.6d,5.6,36,raw,14496,270,1,67.5,9.27058084855655
5.6d,5.6,36,raw,14508,225,0,56.25,8.46284375321634
5.6d,5.6,36,raw,14516,152,0,38,6.95579633830205
5.6d,5.6,36,raw,14536,22,0,5.5,2.64628371420061
5.6d,5.6,36,raw,14545,14,0,3.5,2.11100412282238
5.6d,5.6,36,raw,14564,5,0,1.25,1.26156626101008
5.6d,5.6,36,raw,14570,252,0,63,8.95623198216277
5.6d,5.6,36,raw,14589,103,0,25.75,5.72589890558072
5.6d,5.6,36,raw,14620,116,0,29,6.0765077797465
5.6d,5.6,36,raw,14633,71,0,17.75,4.75394593143939
5.6d,5.6,36,raw,14637,1302,0,325.5,20.3577865155153
5.6d,5.6,36,raw,14638,13,0,3.25,2.03421447256411
5.6d,5.6,36,raw,14646,455,0,113.75,12.0345751156252
5.6d,5.6,36,raw,14656,221,0,55.25,8.38728113554194
5.6d,5.6,36,raw,14663,12,0,3,1.95441004761168
5.6d,5.6,36,raw,14664,76,0,19,4.91849075936593
5.6d,5.6,36,raw,14670,786,0,196.5,15.8174451331579
5.6d,5.6,36,raw,14685,147,0,36.75,6.84043516664088
5.6d,5.6,36,raw,14714,8,0,2,1.59576912160573
5.6d,5.6,36,raw,14722,98,0,24.5,5.58519192562006
5.6d,5.6,36,raw,14723,103,0,25.75,5.72589890558072
5.6d,5.6,36,raw,14730,587,0,146.75,13.6692319897603
5.6d,5.6,36,raw,14736,275,0,68.75,9.35602579627389
5.6d,5.6,36,raw,14748,202,1,50.5,8.01864059608146
5.6d,5.6,36,raw,14754,7,0,1.75,1.49270533036046
5.6d,5.6,36,raw,14784,37,0,9.25,3.43183125878885
5.6d,5.6,36,raw,14787,180,0,45,7.56939756606048
5.6d,5.6,36,raw,14789,123,0,30.75,6.25716517287232
5.6d,5.6,36,raw,14799,6,0,1.5,1.38197659788534
5.6d,5.6,36,raw,14801,338,0,84.5,10.3724992904373
5.6d,5.6,36,raw,14807,20,0,5,2.52313252202016
5.6d,5.6,36,raw,14820,21,0,5.25000000000001,2.58544147291321
5.6d,5.6,36,raw,14830,169,0,42.25,7.33446458612083
5.6d,5.6,36,raw,14842,116,0,29,6.0765077797465
5.6d,5.6,36,raw,14844,479,0,119.75,12.3478919448639
5.6d,5.6,36,raw,14853,401,0,100.25,11.2978876060837
5.6d,5.6,36,raw,14872,17,0,4.25,2.32621324584064
5.6d,5.6,36,raw,14876,516,0,129,12.8159237384917
5.6d,5.6,36,raw,14881,87,0,21.75,5.26241010355424
5.6d,5.6,36,raw,14884,658,0,164.5,14.4723151260928
5.6d,5.6,36,raw,14893,9,0,2.25,1.69256875064327
5.6d,5.6,36,raw,14896,215,0,53.75,8.27264320090713
5.6d,5.6,36,raw,14899,316,1,79,10.0292534135935
5.6d,5.6,36,raw,14906,1020,0,255,18.0187703217358
5.6d,5.6,36,raw,14917,21,0,5.25,2.58544147291321
5.6d,5.6,36,raw,14925,131,0,32.75,6.45744493511765
5.6d,5.6,36,raw,14931,23,0,5.75,2.705758189903
5.6d,5.6,36,raw,14935,63,0,15.75,4.47811599108138
5.6d,5.6,36,raw,14965,18,0,4.5,2.3936536824086
5.6d,5.6,36,raw,14968,24,0,6,2.76395319577068
5.6d,5.6,36,raw,14973,133,0,33.25,6.50655168752575
5.6d,5.6,36,raw,14976,43,0,10.75,3.69963851016596
5.6d,5.6,36,raw,14982,34,0,8.5,3.28976232123977
5.6d,5.6,36,raw,14984,18,0,4.5,2.3936536824086
5.6d,5.6,36,raw,15022,19,0,4.75,2.45924537968297
5.6d,5.6,36,raw,15025,270,0,67.5,9.27058084855655
5.6d,5.6,36,raw,15034,202,0,50.5,8.01864059608146
5.6d,5.6,36,raw,15042,284,0,71,9.50789186287878
5.6d,5.6,36,raw,15047,130,0,32.5,6.43275098258069
5.6d,5.6,36,raw,15049,300,0,75,9.7720502380584
5.6d,5.6,36,raw,15057,262,0,65.5,9.13220620552083
5.6d,5.6,36,raw,15059,5,0,1.25,1.26156626101008
5.6d,5.6,36,raw,15063,6,0,1.5,1.38197659788534
5.6d,5.6,36,raw,15074,60,0,15,4.37019372236832
5.6d,5.6,36,raw,15079,303,0,75.75,9.82078894558317
5.6d,5.6,36,raw,15109,70,0,17.5,4.72034871941315
5.6d,5.6,36,raw,15118,234,0,58.5,8.63044108762739
5.6d,5.6,36,raw,15145,150,0,37.5,6.90988298942671
5.6d,5.6,36,raw,15147,61,0,15.25,4.40646151205377
5.6d,5.6,36,raw,15150,114,0,28.5,6.02389633252035
5.6d,5.6,36,raw,15160,15,0,3.75,2.18509686118416
5.6d,5.6,36,raw,15167,5,0,1.25,1.26156626101008
5.6d,5.6,36,raw,15179,28,0,7,2.98541066072092
5.6d,5.6,36,raw,15182,143,0,35.75,6.74672614860586
5.6d,5.6,36,raw,15187,141,0,35.25,6.69938011698952
5.6d,5.6,36,raw,15209,91,0,22.75,5.38202560777306
5.6d,5.6,36,raw,15216,6,0,1.5,1.38197659788534
5.6d,5.6,36,raw,15218,129,1,32.25,6.40796186924587
5.6d,5.6,36,raw,15231,22,0,5.5,2.64628371420061
5.6d,5.6,36,raw,15234,58,0,14.5,4.29673985699156
5.6d,5.6,36,raw,15254,259,0,64.75,9.07977205229304
5.6d,5.6,36,raw,15258,260,0,65,9.09728368293446
5.6d,5.6,36,raw,15262,408,0,102,11.396070970426
5.6d,5.6,36,raw,15264,33,0,8.25,3.24102240721429
5.6d,5.6,36,raw,15269,393,0,98.25,11.1846227147021
5.6d,5.6,36,raw,15273,92,0,23,5.41151637980601
5.6d,5.6,36,raw,15282,408,0,102,11.396070970426
5.6d,5.6,36,raw,15287,11,0,2.75,1.87120515925478
5.6d,5.6,36,raw,15295,113,0,28.25,5.99741753913869
5.6d,5.6,36,raw,15302,37,1,9.25,3.43183125878885
5.6d,5.6,36,raw,15310,58,0,14.5,4.29673985699156
5.6d,5.6,36,raw,15325,69,0,17.25,4.6865106579076
5.6d,5.6,36,raw,15372,538,0,134.5,13.0862797909444
5.6d,5.6,36,raw,15380,5,0,1.25,1.26156626101008
5.6d,5.6,36,raw,15383,73,0,18.25,4.82043791490117
5.6d,5.6,36,raw,15398,13,0,3.25,2.03421447256411
5.6d,5.6,36,raw,15401,507,0,126.75,12.7036653094759
5.6d,5.6,36,raw,15414,148,0,37,6.8636625175777
5.6d,5.6,36,raw,15429,206,0,51.5,8.09764388904951
5.6d,5.6,36,raw,15435,90,0,22.5,5.35237234845831
5.6d,5.6,36,raw,15443,157,0,39.25,7.06927521962861
5.6d,5.6,36,raw,15449,53,0,13.25,4.10736216661508
5.6d,5.6,36,raw,15460,14,0,3.5,2.11100412282238
5.6d,5.6,36,raw,15462,57,0,14.25,4.25953794588991
5.6d,5.6,36,raw,15467,156,0,39,7.04672563994593
5.6d,5.6,36,raw,15470,69,0,17.25,4.6865106579076
5.6d,5.6,36,raw,15491,164,0,41,7.22515199384357
5.6d,5.6,36,raw,15500,6,0,1.5,1.38197659788534
5.6d,5.6,36,raw,15503,6,0,1.5,1.38197659788534
5.6d,5.6,36,raw,15507,285,0,71.25,9.52461639974967
5.6d,5.6,36,raw,15511,16,0,4,2.25675833419103
5.6d,5.6,36,raw,15530,877,0,219.25,16.7080151479218
5.6d,5.6,36,raw,15540,118,0,29.5,6.12866760150094
5.6d,5.6,36,raw,15553,320,0,80,10.0925300880806
5.6d,5.6,36,raw,15558,253,1,63.25,8.97398468933946
5.6d,5.6,36,raw,15566,326,0,81.5,10.1867081481662
5.6d,5.6,36,raw,15589,36,0,9,3.38513750128654
5.6d,5.6,36,raw,15597,89,0,22.25,5.32255388609241
5.6d,5.6,36,raw,15600,75,0,18.75,4.8860251190292
5.6d,5.6,36,raw,15611,210,0,52.5,8.17588381146626
5.6d,5.6,36,raw,15615,12,0,3,1.95441004761168
5.6d,5.6,36,raw,15625,503,0,125.75,12.6534529971248
5.6d,5.6,36,raw,15628,8,0,2,1.59576912160573
5.6d,5.6,36,raw,15635,341,0,85.25,10.4184294012424
5.6d,5.6,36,raw,15640,132,0,33,6.48204481442857
5.6d,5.6,36,raw,15658,176,1,44,7.48482063701911
5.6d,5.6,36,raw,15666,100,0,25,5.64189583547756
5.6d,5.6,36,raw,15691,193,0,48.25,7.83797218886822
5.6d,5.6,36,raw,15693,13,1,3.25,2.03421447256411
5.6d,5.6,36,raw,15696,41,0,10.25,3.61257599692178
5.6d,5.6,36,raw,15704,65,0,16.25,4.54864184146723
5.6d,5.6,36,raw,15706,8,0,2,1.59576912160573
5.6d,5.6,36,raw,15709,16,0,4,2.25675833419103
5.6d,5.6,36,raw,15718,20,0,5,2.52313252202016
5.6d,5.6,36,raw,15721,24,0,6,2.76395319577068
5.6d,5.6,36,raw,15724,324,0,81,10.1554125038596
5.6d,5.6,36,raw,15743,72,0,18,4.78730736481719
5.6d,5.6,36,raw,15750,33,0,8.25,3.24102240721429
5.6d,5.6,36,raw,15768,98,0,24.5,5.58519192562006
5.6d,5.6,36,raw,15780,61,0,15.25,4.40646151205377
5.6d,5.6,36,raw,15792,32,0,8,3.19153824321146
5.6d,5.6,36,raw,15802,161,0,40.25,7.15876327835963
5.6d,5.6,36,raw,15806,253,0,63.25,8.97398468933946
5.6d,5.6,36,raw,15816,10,0,2.5,1.78412411615277
5.6d,5.6,36,raw,15826,86,0,21.5,5.23207895695449
5.6d,5.6,36,raw,15828,102,0,25.5,5.69803548521301
5.6d,5.6,36,raw,15840,122,0,30.5,6.2316776324215
5.6d,5.6,36,raw,15858,26,0,6.5,2.8768136958758
5.6d,5.6,36,raw,15872,7,0,1.75,1.49270533036046
5.6d,5.6,36,raw,15876,14,1,3.5,2.11100412282238
5.6d,5.6,36,raw,15881,72,0,18,4.78730736481719
5.6d,5.6,36,raw,15888,9,0,2.25,1.69256875064327
5.6d,5.6,36,raw,15927,30,0,7.5,3.09019361618552
5.6d,5.6,36,raw,15930,86,0,21.5,5.23207895695449
5.6d,5.6,36,raw,15931,336,0,84,10.3417658916528
5.6d,5.6,36,raw,15941,315,0,78.75,10.0133717671868
5.6d,5.6,36,raw,15947,423,0,105.75,11.6036667418426
5.6d,5.6,36,raw,15956,504,0,126,12.6660247369343
5.6d,5.6,36,raw,15959,39,0,9.75,3.52336281997296
5.6d,5.6,36,raw,15961,99,0,24.75,5.61361547776433
5.6d,5.6,36,raw,15968,186,0,46.5,7.69452005197108
5.6d,5.6,36,raw,15981,17,0,4.25,2.32621324584064
5.6d,5.6,36,raw,15998,561,0,140.25,13.3630777199381
5.6d,5.6,36,raw,16008,41,0,10.25,3.61257599692178
5.6d,5.6,36,raw,16013,10,0,2.5,1.78412411615277
5.6d,5.6,36,raw,16025,90,0,22.5,5.35237234845831
5.6d,5.6,36,raw,16033,56,0,14,4.22200824564475
5.6d,5.6,36,raw,16035,24,0,6,2.76395319577068
5.6d,5.6,36,raw,16039,362,0,90.5,10.7344389140063
5.6d,5.6,36,raw,16048,5,0,1.25,1.26156626101008
5.6d,5.6,36,raw,16070,174,0,43.5,7.44217173921562
5.6d,5.6,36,raw,16075,298,0,74.5,9.73942226637543
5.6d,5.6,36,raw,16078,461,0,115.25,12.1136640836176
5.6d,5.6,36,raw,16096,110,0,27.5,5.9172702727032
5.6d,5.6,36,raw,16098,961,0,240.25,17.4898770899804
5.6d,5.6,36,raw,16106,37,0,9.25,3.43183125878885
5.6d,5.6,36,raw,16112,118,0,29.5,6.12866760150094
5.6d,5.6,36,raw,16120,90,0,22.5,5.35237234845831
5.6d,5.6,36,raw,16127,144,0,36,6.77027500257308
5.6d,5.6,36,raw,16128,5,0,1.25,1.26156626101008
5.6d,5.6,36,raw,16144,202,0,50.5,8.01864059608146
5.6d,5.6,36,raw,16150,75,0,18.75,4.8860251190292
5.6d,5.6,36,raw,16152,241,0,60.25,8.75857765680556
5.6d,5.6,36,raw,16173,255,0,63.75,9.00938516086789
5.6d,5.6,36,raw,16174,47,0,11.75,3.86788891394752
5.6d,5.6,36,raw,16187,157,0,39.25,7.06927521962861
5.6d,5.6,36,raw,16190,45,0,11.25,3.78469878303024
5.6d,5.6,36,raw,16206,164,0,41,7.22515199384357
5.6d,5.6,36,raw,16210,84,0,21,5.17088294582641
5.6d,5.6,36,raw,16216,445,0,111.25,11.9015923032083
5.6d,5.6,36,raw,16217,354,0,88.5,10.6151636685009
5.6d,5.6,36,raw,16248,518,0,129.5,12.840736779609
5.6d,5.6,36,raw,16256,194,0,48.5,7.85825158159596
5.6d,5.6,36,raw,16263,87,0,21.75,5.26241010355424
5.6d,5.6,36,raw,16279,37,0,9.25,3.43183125878885
5.6d,5.6,36,raw,16295,141,0,35.25,6.69938011698952
5.6d,5.6,36,raw,16299,47,0,11.75,3.86788891394752
5.6d,5.6,36,raw,16313,73,0,18.25,4.82043791490117
5.6d,5.6,36,raw,16316,418,0,104.5,11.5348832861379
5.6d,5.6,36,raw,16323,187,0,46.75,7.71517651880816
5.6d,5.6,36,raw,16335,6,0,1.5,1.38197659788534
5.6d,5.6,36,raw,16349,93,0,23.25,5.44084730672462
5.6d,5.6,36,raw,16352,157,0,39.25,7.06927521962861
5.6d,5.6,36,raw,16355,655,0,163.75,14.4392858358848
5.6d,5.6,36,raw,16358,85,0,21.25,5.2015709478601
5.6d,5.6,36,raw,16360,140,0,35,6.67558117812455
5.6d,5.6,36,raw,16376,157,0,39.25,7.06927521962861
5.6d,5.6,36,raw,16377,29,0,7.25,3.03825388987325
5.6d,5.6,36,raw,16386,104,0,26,5.75362739175159
5.6d,5.6,36,raw,16388,87,0,21.75,5.26241010355424
5.6d,5.6,36,raw,16399,14,0,3.5,2.11100412282238
5.6d,5.6,36,raw,16403,171,1,42.75,7.3777361390489
5.6d,5.6,36,raw,16408,55,0,13.75,4.184141935942
5.6d,5.6,36,raw,16423,72,0,18,4.78730736481719
5.6d,5.6,36,raw,16430,128,0,32,6.38307648642292
5.6d,5.6,36,raw,16442,33,0,8.25,3.24102240721429
5.6d,5.6,36,raw,16456,140,0,35,6.67558117812455
5.6d,5.6,36,raw,16457,10,0,2.5,1.78412411615277
5.6d,5.6,36,raw,16463,42,0,10.5,3.65636639571573
5.6d,5.6,36,raw,16470,92,1,23,5.41151637980601
5.6d,5.6,36,raw,16476,245,0,61.25,8.83096382707056
5.6d,5.6,36,raw,16480,12,0,3,1.95441004761168
5.6d,5.6,36,raw,16492,37,0,9.25,3.43183125878885
5.6d,5.6,36,raw,16502,84,0,21,5.17088294582641
5.6d,5.6,36,raw,16517,427,0,106.75,11.6584013226719
5.6d,5.6,36,raw,16521,11,0,2.75,1.87120515925478
5.6d,5.6,36,raw,16524,150,0,37.5,6.90988298942671
5.6d,5.6,36,raw,16526,27,0,6.75,2.93161507141752
5.6d,5.6,36,raw,16528,71,0,17.75,4.75394593143939
5.6d,5.6,36,raw,16530,70,0,17.5,4.72034871941315
5.6d,5.6,36,raw,16538,245,0,61.25,8.83096382707056
5.6d,5.6,36,raw,16550,62,0,15.5,4.44243322329048
5.6d,5.6,36,raw,16567,5,0,1.25,1.26156626101008
5.6d,5.6,36,raw,16569,43,0,10.75,3.69963851016596
5.6d,5.6,36,raw,16575,132,0,33,6.48204481442857
5.6d,5.6,36,raw,16600,420,0,105,11.5624457705622
5.6d,5.6,36,raw,16608,207,0,51.75,8.11727456970901
5.6d,5.6,36,raw,16615,26,1,6.5,2.8768136958758
5.6d,5.6,36,raw,16633,427,0,106.75,11.6584013226719
5.6d,5.6,36,raw,16645,20,0,5,2.52313252202016
5.6d,5.6,36,raw,16647,57,0,14.25,4.25953794588991
5.6d,5.6,36,raw,16650,167,0,41.75,7.29093622196032
5.6d,5.6,36,raw,16658,37,1,9.24999999999997,3.43183125878884
5.6d,5.6,36,raw,16676,141,0,35.25,6.69938011698952
5.6d,5.6,36,raw,16684,65,0,16.25,4.54864184146723
5.6d,5.6,36,raw,16699,142,0,35.5,6.72309481102998
5.6d,5.6,36,raw,16719,322,0,80.5,10.1240201180747
5.6d,5.6,36,raw,16726,176,0,44,7.48482063701911
5.6d,5.6,36,raw,16735,58,0,14.5,4.29673985699156
5.6d,5.6,36,raw,16750,192,0,48,7.81764019044672
5.6d,5.6,36,raw,16753,98,0,24.5,5.58519192562006
5.6d,5.6,36,raw,16757,6,0,1.5,1.38197659788534
5.6d,5.6,36,raw,16773,238,0,59.5,8.70389297451101
5.6d,5.6,36,raw,16782,192,0,48,7.81764019044672
5.6d,5.6,36,raw,16794,26,0,6.5,2.8768136958758
5.6d,5.6,36,raw,16803,222,0,55.5,8.40623546736597
5.6d,5.6,36,raw,16805,119,0,29.75,6.15458174499869
5.6d,5.6,36,raw,16813,91,0,22.75,5.38202560777306
5.6d,5.6,36,raw,16825,45,0,11.25,3.78469878303024
5.6d,5.6,36,raw,16826,18,0,4.5,2.3936536824086
5.6d,5.6,36,raw,16829,376,0,94,10.9400419197143
5.6d,5.6,36,raw,16833,217,0,54.25,8.31103154258739
5.6d,5.6,36,raw,16846,310,0,77.5,9.93358267278101
5.6d,5.6,36,raw,16855,186,0,46.5,7.69452005197108
5.6d,5.6,36,raw,16862,784,0,196,15.7973083393372
5.6d,5.6,36,raw,16866,63,0,15.75,4.47811599108138
5.6d,5.6,36,raw,16871,313,1,78.25,9.98153266665628
5.6d,5.6,36,raw,16872,16,1,4,2.25675833419103
5.6d,5.6,36,raw,16874,296,0,74,9.70668461991024
5.6d,5.6,36,raw,16910,56,0,14,4.22200824564475
5.6d,5.6,36,raw,16916,21,0,5.25,2.58544147291321
5.6d,5.6,36,raw,16942,31,0,7.75,3.14127465715711
5.6d,5.6,36,raw,16957,17,0,4.25,2.32621324584064
5.6d,5.6,36,raw,16966,94,0,23.5,5.47002095985713
5.6d,5.6,36,raw,16971,419,0,104.75,11.5486727510571
5.6d,5.6,36,raw,16983,77,0,19.25,4.95074350336915
5.6d,5.6,36,raw,16992,617,0,154.25,14.0141785265994
5.6d,5.6,36,raw,17005,343,0,85.75,10.4489373125232
5.6d,5.6,36,raw,17014,94,0,23.5,5.47002095985713
5.6d,5.6,36,raw,17044,39,0,9.75,3.52336281997296
5.6d,5.6,36,raw,17052,26,0,6.5,2.8768136958758
5.6d,5.6,36,raw,17068,26,0,6.5,2.8768136958758
5.6d,5.6,36,raw,17085,1047,0,261.75,18.2556963941239
5.6d,5.6,36,raw,17089,398,0,99.5,11.2555468414977
5.6d,5.6,36,raw,17102,13,0,3.25,2.03421447256411
5.6d,5.6,36,raw,17106,283,0,70.75,9.49113785538977
5.6d,5.6,36,raw,17124,80,0,20,5.04626504404032
5.6d,5.6,36,raw,17128,830,0,207.5,16.2541442571593
5.6d,5.6,36,raw,17133,186,1,46.5,7.69452005197108
5.6d,5.6,36,raw,17144,15,0,3.75,2.18509686118416
5.6d,5.6,36,raw,17150,306,0,76.5,9.86928696371931
5.6d,5.6,36,raw,17164,255,0,63.75,9.00938516086789
5.6d,5.6,36,raw,17177,246,0,61.5,8.84896784948462
5.6d,5.6,36,raw,17186,6,0,1.5,1.38197659788534
5.6d,5.6,36,raw,17195,15,0,3.75,2.18509686118416
5.6d,5.6,36,raw,17196,212,0,53,8.21472433323015
5.6d,5.6,36,raw,17216,215,0,53.75,8.27264320090713
5.6d,5.6,36,raw,17225,47,0,11.75,3.86788891394752
5.6d,5.6,36,raw,17238,1516,0,379,21.9671979882421
5.6d,5.6,36,raw,17241,56,0,14,4.22200824564475
5.6d,5.6,36,raw,17246,43,0,10.75,3.69963851016596
5.6d,5.6,36,raw,17259,128,0,32,6.38307648642292
5.6d,5.6,36,raw,17260,47,1,11.75,3.86788891394752
5.6d,5.6,36,raw,17278,629,0,157.25,14.1498027692828
5.6d,5.6,36,raw,17282,194,0,48.5,7.85825158159596
5.6d,5.6,36,raw,17293,493,1,123.25,12.5270417053911
5.6d,5.6,36,raw,17334,70,0,17.5,4.72034871941315
5.6d,5.6,36,raw,17361,138,0,34.5,6.62772693261899
5.6d,5.6,36,raw,17365,13,0,3.25,2.03421447256411
5.6d,5.6,36,raw,17381,178,0,44.5,7.5272278921735
5.6d,5.6,36,raw,17388,557,0,139.25,13.3153522899085
5.6d,5.6,36,raw,17391,40,0,10,3.56824823230554
5.6d,5.6,36,raw,17423,33,1,8.25,3.24102240721429
5.6d,5.6,36,raw,17427,5,0,1.25,1.26156626101008
5.6d,5.6,36,raw,17438,519,0,129.75,12.8531253370294
5.6d,5.6,36,raw,17440,86,0,21.5,5.23207895695449
5.6d,5.6,36,raw,17446,6,0,1.5,1.38197659788534
5.6d,5.6,36,raw,17450,31,0,7.75,3.14127465715711
5.6d,5.6,36,raw,17453,13,0,3.25,2.03421447256411
5.6d,5.6,36,raw,17457,33,0,8.25,3.24102240721429
5.6d,5.6,36,raw,17465,334,0,83.5,10.3109408874935
5.6d,5.6,36,raw,17474,95,0,23.75,5.4990398423234
5.6d,5.6,36,raw,17478,20,0,5,2.52313252202016
5.6d,5.6,36,raw,17484,90,0,22.5,5.35237234845831
5.6d,5.6,36,raw,17493,14,0,3.5,2.11100412282238
5.6d,5.6,36,raw,17498,35,0,8.75,3.33779058906227
5.6d,5.6,36,raw,17512,115,0,28.75,6.0502592432999
5.6d,5.6,36,raw,17521,24,0,6,2.76395319577068
5.6d,5.6,36,raw,17531,8,0,2.00000000000001,1.59576912160574
5.6d,5.6,36,raw,17544,185,0,46.25,7.67380798196054
5.6d,5.6,36,raw,17563,32,0,8,3.19153824321146
5.6d,5.6,36,raw,17568,41,0,10.25,3.61257599692178
5.6d,5.6,36,raw,17596,199,0,49.75,7.95887349758585
5.6d,5.6,36,raw,17621,5,0,1.25,1.26156626101008
5.6d,5.6,36,raw,17632,158,0,39.5,7.09175309899033
5.6d,5.6,36,raw,17650,167,0,41.75,7.29093622196032
5.6d,5.6,36,raw,17651,11,0,2.75,1.87120515925478
5.6d,5.6,36,raw,17674,12,0,3,1.95441004761168
5.6d,5.6,36,raw,17675,62,0,15.5,4.44243322329048
5.6d,5.6,36,raw,17682,245,0,61.25,8.83096382707056
5.6d,5.6,36,raw,17698,133,0,33.25,6.50655168752575
5.6d,5.6,36,raw,17708,15,0,3.75,2.18509686118416
5.6d,5.6,36,raw,17717,427,0,106.75,11.6584013226719
5.6d,5.6,36,raw,17719,346,0,86.5,10.49453289192
5.6d,5.6,36,raw,17721,89,0,22.25,5.32255388609241
5.6d,5.6,36,raw,17735,521,0,130.25,12.8778666983998
5.6d,5.6,36,raw,17739,266,0,66.5,9.20165364078046
5.6d,5.6,36,raw,17747,44,0,11,3.74241031850956
5.6d,5.6,36,raw,17769,227,0,56.75,8.50037317790934
5.6d,5.6,36,raw,17777,65,0,16.25,4.54864184146723
5.6d,5.6,36,raw,17780,126,0,31.5,6.33301236846713
5.6d,5.6,36,raw,17797,102,0,25.5,5.69803548521301
5.6d,5.6,36,raw,17806,654,0,163.5,14.4282592700644
5.6d,5.6,36,raw,17822,10,0,2.5,1.78412411615277
5.6d,5.6,36,raw,17823,340,0,85,10.4031418957202
5.6d,5.6,36,raw,17824,5,0,1.25,1.26156626101008
5.6d,5.6,36,raw,17852,75,0,18.75,4.8860251190292
5.6d,5.6,36,raw,17859,108,1,27,5.86323014283504
5.6d,5.6,36,raw,17870,286,0,71.5,9.54131162097561
5.6d,5.6,36,raw,17876,45,0,11.25,3.78469878303024
5.6d,5.6,36,raw,17886,431,0,107.75,11.7128801302333
5.6d,5.6,36,raw,17891,11,0,2.75,1.87120515925478
5.6d,5.6,36,raw,17898,11,0,2.75,1.87120515925478
5.6d,5.6,36,raw,17908,89,0,22.25,5.32255388609241
5.6d,5.6,36,raw,17930,141,0,35.25,6.69938011698952
5.6d,5.6,36,raw,17937,1405,0,351.25,21.1477041327948
5.6d,5.6,36,raw,17961,42,0,10.5,3.65636639571573
5.6d,5.6,36,raw,17996,29,0,7.25,3.03825388987325
5.6d,5.6,36,raw,17997,119,0,29.75,6.15458174499869
5.6d,5.6,36,raw,18000,10,0,2.5,1.78412411615277
5.6d,5.6,36,raw,18004,42,1,10.5,3.65636639571573
5.6d,5.6,36,raw,18005,78,1,19.5,4.98278748516688
5.6d,5.6,36,raw,18008,31,1,7.75,3.14127465715711
5.6d,5.6,36,raw,18010,62,1,15.5,4.44243322329048
5.6d,5.6,36,raw,18017,10,1,2.5,1.78412411615277
5.6d,5.6,36,raw,18020,17,1,4.25,2.32621324584064
5.6d,5.6,36,raw,18021,46,1,11.5,3.82651992866291
5.6d,5.6,36,raw,18023,7,1,1.75,1.49270533036046
5.6d,5.6,36,raw,18025,72,1,18,4.78730736481719
5.6d,5.6,36,raw,18027,16,1,4,2.25675833419103
5.6d,5.6,36,raw,18032,329,1,82.25,10.2334721651289
5.6d,5.6,36,raw,18033,118,1,29.5,6.12866760150094
5.6d,5.6,36,raw,18035,101,1,25.25,5.67003514138694
5.6d,5.6,36,raw,18037,268,1,67,9.23618154310838
5.6d,5.6,36,raw,18041,29,1,7.25,3.03825388987325
5.6d,5.6,36,raw,18043,204,1,51,8.0582390620714
5.6d,5.6,36,raw,18046,93,1,23.25,5.44084730672462
5.6d,5.6,36,raw,18047,230,1,57.5,8.5563586777479
5.6d,5.6,36,raw,18048,246,1,61.5,8.84896784948462
5.6d,5.6,36,raw,18050,94,1,23.5,5.47002095985713
5.6d,5.6,36,raw,18053,285,1,71.25,9.52461639974967
5.6d,5.6,36,raw,18056,18,1,4.5,2.3936536824086
5.6d,5.6,36,raw,18059,1137,1,284.25,19.0241515077801
5.6d,5.6,36,raw,18060,53,1,13.25,4.10736216661508
5.6d,5.6,36,raw,18062,607,1,151.75,13.9001475140935
5.6d,5.6,36,raw,18063,72,1,18,4.78730736481719
5.6d,5.6,36,raw,18068,189,1,47.25,7.75632441873962
5.6d,5.6,36,raw,18070,435,1,108.75,11.767106717029
5.6d,5.6,36,raw,18071,17,1,4.25,2.32621324584064
5.6d,5.6,36,raw,18076,11,1,2.75,1.87120515925478
5.6d,5.6,36,raw,18081,112,1,28,5.97082132144185
5.6d,5.6,36,raw,18083,117,1,29.25,6.10264341769233
5.6d,5.6,36,raw,18084,37,1,9.25,3.43183125878885
5.6d,5.6,36,raw,18087,61,1,15.25,4.40646151205377
5.6d,5.6,36,raw,18089,8,1,2,1.59576912160573
5.6d,5.6,36,raw,18091,85,1,21.25,5.2015709478601
5.6d,5.6,36,raw,18092,443,1,110.75,11.8748170335134
5.25d,5.25,43.75,raw,64,24,1,6,2.76395319577068
5.25d,5.25,43.75,raw,67,10,1,2.5,1.78412411615277
5.25d,5.25,43.75,raw,69,8,1,2,1.59576912160573
5.25d,5.25,43.75,raw,75,6,1,1.5,1.38197659788534
5.25d,5.25,43.75,raw,78,24,1,6,2.76395319577068
5.25d,5.25,43.75,raw,89,17,1,4.25,2.32621324584064
5.25d,5.25,43.75,raw,103,32,1,8,3.19153824321146
5.25d,5.25,43.75,raw,111,30,1,7.5,3.09019361618552
5.25d,5.25,43.75,raw,142,6,1,1.49999999999999,1.38197659788534
5.25d,5.25,43.75,raw,158,9,1,2.25,1.69256875064327
5.25d,5.25,43.75,raw,175,55,1,13.75,4.184141935942
5.25d,5.25,43.75,raw,180,29,1,7.25,3.03825388987325
5.25d,5.25,43.75,raw,203,40,1,10,3.56824823230554
5.25d,5.25,43.75,raw,226,53,1,13.25,4.10736216661508
5.25d,5.25,43.75,raw,246,42,1,10.5,3.65636639571572
5.25d,5.25,43.75,raw,249,50,1,12.5,3.98942280401433
5.25d,5.25,43.75,raw,258,11,0,2.75,1.87120515925478
5.25d,5.25,43.75,raw,264,15,1,3.75,2.18509686118416
5.25d,5.25,43.75,raw,275,28,0,7,2.98541066072092
5.25d,5.25,43.75,raw,287,32,1,8,3.19153824321146
5.25d,5.25,43.75,raw,298,117,1,29.25,6.10264341769233
5.25d,5.25,43.75,raw,302,43,1,10.75,3.69963851016596
5.25d,5.25,43.75,raw,314,12,0,3,1.95441004761168
5.25d,5.25,43.75,raw,316,67,0,16.75,4.61809077155419
5.25d,5.25,43.75,raw,345,24,0,6,2.76395319577068
5.25d,5.25,43.75,raw,358,5,0,1.25,1.26156626101008
5.25d,5.25,43.75,raw,400,232,1,58,8.59347971398312
5.25d,5.25,43.75,raw,405,31,0,7.75,3.14127465715711
5.25d,5.25,43.75,raw,410,121,1,30.25,6.20608541902532
5.25d,5.25,43.75,raw,422,80,1,20,5.04626504404032
5.25d,5.25,43.75,raw,428,8,0,2,1.59576912160573
5.25d,5.25,43.75,raw,433,133,1,33.25,6.50655168752575
5.25d,5.25,43.75,raw,457,11,0,2.75,1.87120515925478
5.25d,5.25,43.75,raw,463,16,0,4,2.25675833419103
5.25d,5.25,43.75,raw,475,87,0,21.75,5.26241010355424
5.25d,5.25,43.75,raw,492,65,0,16.25,4.54864184146723
5.25d,5.25,43.75,raw,503,9,0,2.25,1.69256875064327
5.25d,5.25,43.75,raw,558,11,0,2.75,1.87120515925478
5.25d,5.25,43.75,raw,579,390,1,97.5,11.1418515342684
5.25d,5.25,43.75,raw,582,113,1,28.25,5.99741753913869
5.25d,5.25,43.75,raw,606,211,1,52.75,8.19532708223289
5.25d,5.25,43.75,raw,613,5,0,1.25,1.26156626101008
5.25d,5.25,43.75,raw,624,82,0,20.5,5.10895396995029
5.25d,5.25,43.75,raw,628,8,0,2,1.59576912160573
5.25d,5.25,43.75,raw,649,23,0,5.75,2.705758189903
5.25d,5.25,43.75,raw,659,73,0,18.25,4.82043791490117
5.25d,5.25,43.75,raw,660,189,0,47.25,7.75632441873962
5.25d,5.25,43.75,raw,665,72,0,18,4.78730736481719
5.25d,5.25,43.75,raw,682,10,0,2.5,1.78412411615277
5.25d,5.25,43.75,raw,684,41,0,10.25,3.61257599692178
5.25d,5.25,43.75,raw,713,18,0,4.5,2.3936536824086
5.25d,5.25,43.75,raw,714,8,0,2,1.59576912160573
5.25d,5.25,43.75,raw,737,6,0,1.5,1.38197659788534
5.25d,5.25,43.75,raw,747,45,0,11.25,3.78469878303024
5.25d,5.25,43.75,raw,750,317,1,79.25,10.0451099506308
5.25d,5.25,43.75,raw,781,16,0,4,2.25675833419103
5.25d,5.25,43.75,raw,787,116,0,29,6.0765077797465
5.25d,5.25,43.75,raw,793,13,0,3.25,2.03421447256411
5.25d,5.25,43.75,raw,798,304,1,76,9.83698151873187
5.25d,5.25,43.75,raw,801,67,1,16.75,4.61809077155419
5.25d,5.25,43.75,raw,803,19,0,4.75,2.45924537968297
5.25d,5.25,43.75,raw,804,35,0,8.75,3.33779058906227
5.25d,5.25,43.75,raw,819,46,0,11.5,3.82651992866291
5.25d,5.25,43.75,raw,829,5,0,1.25,1.26156626101008
5.25d,5.25,43.75,raw,838,324,0,81,10.1554125038596
5.25d,5.25,43.75,raw,848,376,0,94,10.9400419197143
5.25d,5.25,43.75,raw,863,1247,1,311.75,19.9231631040653
5.25d,5.25,43.75,raw,866,99,0,24.75,5.61361547776433
5.25d,5.25,43.75,raw,883,29,0,7.25,3.03825388987325
5.25d,5.25,43.75,raw,892,128,0,32,6.38307648642292
5.25d,5.25,43.75,raw,895,13,0,3.25,2.03421447256411
5.25d,5.25,43.75,raw,897,369,1,92.25,10.8377279907654
5.25d,5.25,43.75,raw,902,35,0,8.75,3.33779058906227
5.25d,5.25,43.75,raw,903,15,0,3.75,2.18509686118416
5.25d,5.25,43.75,raw,909,70,0,17.5,4.72034871941315
5.25d,5.25,43.75,raw,915,10,0,2.5,1.78412411615277
5.25d,5.25,43.75,raw,929,108,0,27,5.86323014283504
5.25d,5.25,43.75,raw,934,12,0,3,1.95441004761168
5.25d,5.25,43.75,raw,941,54,0,13.5,4.14592979365603
5.25d,5.25,43.75,raw,953,25,0,6.25,2.82094791773878
5.25d,5.25,43.75,raw,961,6,0,1.5,1.38197659788534
5.25d,5.25,43.75,raw,971,11,0,2.75,1.87120515925478
5.25d,5.25,43.75,raw,1002,358,0,89.5,10.6749678806916
5.25d,5.25,43.75,raw,1003,23,0,5.75,2.705758189903
5.25d,5.25,43.75,raw,1011,18,0,4.5,2.3936536824086
5.25d,5.25,43.75,raw,1015,34,0,8.5,3.28976232123977
5.25d,5.25,43.75,raw,1018,16,0,4,2.25675833419103
5.25d,5.25,43.75,raw,1020,12,0,3,1.95441004761168
5.25d,5.25,43.75,raw,1030,320,0,80,10.0925300880806
5.25d,5.25,43.75,raw,1041,112,0,28,5.97082132144185
5.25d,5.25,43.75,raw,1042,7,0,1.75,1.49270533036046
5.25d,5.25,43.75,raw,1048,121,0,30.25,6.20608541902532
5.25d,5.25,43.75,raw,1055,44,0,11,3.74241031850956
5.25d,5.25,43.75,raw,1063,167,0,41.75,7.29093622196032
5.25d,5.25,43.75,raw,1119,223,0,55.75,8.42514715711158
5.25d,5.25,43.75,raw,1139,6,0,1.5,1.38197659788534
5.25d,5.25,43.75,raw,1152,153,0,38.25,6.97863973752192
5.25d,5.25,43.75,raw,1165,6,0,1.5,1.38197659788534
5.25d,5.25,43.75,raw,1167,215,0,53.75,8.27264320090713
5.25d,5.25,43.75,raw,1181,18,0,4.5,2.3936536824086
5.25d,5.25,43.75,raw,1191,6,0,1.5,1.38197659788534
5.25d,5.25,43.75,raw,1192,20,0,5,2.52313252202016
5.25d,5.25,43.75,raw,1198,10,0,2.5,1.78412411615277
5.25d,5.25,43.75,raw,1208,180,0,45,7.56939756606048
5.25d,5.25,43.75,raw,1221,482,0,120.5,12.3864993093524
5.25d,5.25,43.75,raw,1230,461,0,115.25,12.1136640836176
5.25d,5.25,43.75,raw,1237,11,0,2.75,1.87120515925478
5.25d,5.25,43.75,raw,1241,20,0,5,2.52313252202016
5.25d,5.25,43.75,raw,1271,196,1,49,7.89865416966859
5.25d,5.25,43.75,raw,1282,6,0,1.5,1.38197659788534
5.25d,5.25,43.75,raw,1309,76,0,19,4.91849075936593
5.25d,5.25,43.75,raw,1329,110,0,27.5,5.9172702727032
5.25d,5.25,43.75,raw,1345,13,0,3.25,2.03421447256411
5.25d,5.25,43.75,raw,1347,124,0,31,6.28254931431422
5.25d,5.25,43.75,raw,1352,261,0,65.25,9.11476166961975
5.25d,5.25,43.75,raw,1357,10,0,2.5,1.78412411615277
5.25d,5.25,43.75,raw,1378,6,0,1.5,1.38197659788534
5.25d,5.25,43.75,raw,1381,23,0,5.75,2.705758189903
5.25d,5.25,43.75,raw,1403,6,0,1.5,1.38197659788534
5.25d,5.25,43.75,raw,1410,187,0,46.75,7.71517651880816
5.25d,5.25,43.75,raw,1412,5,0,1.25,1.26156626101008
5.25d,5.25,43.75,raw,1425,266,0,66.5,9.20165364078046
5.25d,5.25,43.75,raw,1437,24,0,6,2.76395319577068
5.25d,5.25,43.75,raw,1456,262,0,65.5,9.13220620552083
5.25d,5.25,43.75,raw,1468,40,0,10,3.56824823230554
5.25d,5.25,43.75,raw,1491,155,0,38.75,7.02410366940064
5.25d,5.25,43.75,raw,1498,34,0,8.5,3.28976232123977
5.25d,5.25,43.75,raw,1538,7,0,1.75,1.49270533036046
5.25d,5.25,43.75,raw,1548,326,0,81.5,10.1867081481662
5.25d,5.25,43.75,raw,1552,5,0,1.25,1.26156626101008
5.25d,5.25,43.75,raw,1553,386,0,96.5,11.0845665710006
5.25d,5.25,43.75,raw,1568,6,0,1.5,1.38197659788534
5.25d,5.25,43.75,raw,1571,162,0,40.5,7.18096104722579
5.25d,5.25,43.75,raw,1575,25,1,6.25,2.82094791773878
5.25d,5.25,43.75,raw,1589,10,0,2.5,1.78412411615277
5.25d,5.25,43.75,raw,1596,29,0,7.25,3.03825388987325
5.25d,5.25,43.75,raw,1598,300,0,75,9.7720502380584
5.25d,5.25,43.75,raw,1612,32,0,8,3.19153824321146
5.25d,5.25,43.75,raw,1619,297,0,74.25,9.72306722164286
5.25d,5.25,43.75,raw,1624,19,0,4.75,2.45924537968297
5.25d,5.25,43.75,raw,1665,492,0,123,12.5143303457446
5.25d,5.25,43.75,raw,1671,6,0,1.5,1.38197659788534
5.25d,5.25,43.75,raw,1674,48,0,12,3.90882009522336
5.25d,5.25,43.75,raw,1681,5,0,1.25,1.26156626101008
5.25d,5.25,43.75,raw,1686,169,0,42.25,7.33446458612083
5.25d,5.25,43.75,raw,1706,162,0,40.5,7.18096104722579
5.25d,5.25,43.75,raw,1708,12,0,3,1.95441004761168
5.25d,5.25,43.75,raw,1716,284,1,71,9.50789186287878
5.25d,5.25,43.75,raw,1721,217,0,54.25,8.31103154258739
5.25d,5.25,43.75,raw,1724,136,0,34,6.57952464247954
5.25d,5.25,43.75,raw,1728,8,0,2,1.59576912160573
5.25d,5.25,43.75,raw,1751,5,0,1.25,1.26156626101008
5.25d,5.25,43.75,raw,1763,133,1,33.25,6.50655168752575
5.25d,5.25,43.75,raw,1771,5,0,1.25,1.26156626101008
5.25d,5.25,43.75,raw,1772,5,0,1.25,1.26156626101008
5.25d,5.25,43.75,raw,1777,150,0,37.5,6.90988298942671
5.25d,5.25,43.75,raw,1783,278,0,69.5,9.40692023773423
5.25d,5.25,43.75,raw,1789,20,0,5,2.52313252202016
5.25d,5.25,43.75,raw,1807,6,0,1.5,1.38197659788534
5.25d,5.25,43.75,raw,1860,205,0,51.25,8.07796550300118
5.25d,5.25,43.75,raw,1867,15,0,3.75,2.18509686118416
5.25d,5.25,43.75,raw,1887,5,0,1.25,1.26156626101008
5.25d,5.25,43.75,raw,1907,12,0,3,1.95441004761168
5.25d,5.25,43.75,raw,1918,16,0,4,2.25675833419103
5.25d,5.25,43.75,raw,1933,83,1,20.75,5.14001172695692
5.25d,5.25,43.75,raw,1938,131,0,32.75,6.45744493511765
5.25d,5.25,43.75,raw,1940,91,0,22.75,5.38202560777306
5.25d,5.25,43.75,raw,1958,7,0,1.75,1.49270533036046
5.25d,5.25,43.75,raw,1980,11,0,2.75,1.87120515925478
5.25d,5.25,43.75,raw,2019,105,0,26.25,5.78122288528111
5.25d,5.25,43.75,raw,2022,31,0,7.75,3.14127465715711
5.25d,5.25,43.75,raw,2030,11,0,2.75,1.87120515925478
5.25d,5.25,43.75,raw,2031,103,0,25.75,5.72589890558072
5.25d,5.25,43.75,raw,2049,9,0,2.25,1.69256875064327
5.25d,5.25,43.75,raw,2062,664,0,166,14.5381485900385
5.25d,5.25,43.75,raw,2079,6,0,1.5,1.38197659788534
5.25d,5.25,43.75,raw,2143,440,0,110,11.8345405454064
5.25d,5.25,43.75,raw,2153,7,0,1.75,1.49270533036046
5.25d,5.25,43.75,raw,2156,5,0,1.25,1.26156626101008
5.25d,5.25,43.75,raw,2179,216,0,54,8.29185958731205
5.25d,5.25,43.75,raw,2182,87,0,21.75,5.26241010355424
5.25d,5.25,43.75,raw,2185,82,0,20.5,5.10895396995029
5.25d,5.25,43.75,raw,2190,365,0,91.25,10.7788268590364
5.25d,5.25,43.75,raw,2198,99,0,24.75,5.61361547776433
5.25d,5.25,43.75,raw,2216,15,0,3.75,2.18509686118416
5.25d,5.25,43.75,raw,2217,8,0,2,1.59576912160573
5.25d,5.25,43.75,raw,2223,259,1,64.75,9.07977205229304
5.25d,5.25,43.75,raw,2228,8,0,2,1.59576912160573
5.25d,5.25,43.75,raw,2267,414,0,103.5,11.4795597859887
5.25d,5.25,43.75,raw,2277,9,0,2.25,1.69256875064327
5.25d,5.25,43.75,raw,2295,40,0,10,3.56824823230554
5.25d,5.25,43.75,raw,2313,178,0,44.5,7.5272278921735
5.25d,5.25,43.75,raw,2317,7,0,1.75,1.49270533036046
5.25d,5.25,43.75,raw,2324,2326,0,581.5,27.210086278134
5.25d,5.25,43.75,raw,2339,6,0,1.5,1.38197659788534
5.25d,5.25,43.75,raw,2340,195,0,48.75,7.8784787748549
5.25d,5.25,43.75,raw,2348,32,0,8,3.19153824321146
5.25d,5.25,43.75,raw,2353,107,0,26.75,5.83602243155949
5.25d,5.25,43.75,raw,2359,9,0,2.25,1.69256875064327
5.25d,5.25,43.75,raw,2374,46,0,11.5,3.82651992866291
5.25d,5.25,43.75,raw,2378,19,0,4.75,2.45924537968297
5.25d,5.25,43.75,raw,2380,56,0,14,4.22200824564475
5.25d,5.25,43.75,raw,2412,7,0,1.75,1.49270533036046
5.25d,5.25,43.75,raw,2420,12,0,3,1.95441004761168
5.25d,5.25,43.75,raw,2435,13,0,3.25,2.03421447256411
5.25d,5.25,43.75,raw,2437,36,1,9,3.38513750128654
5.25d,5.25,43.75,raw,2455,439,0,109.75,11.821084554079
5.25d,5.25,43.75,raw,2487,6,0,1.5,1.38197659788534
5.25d,5.25,43.75,raw,2499,52,0,13,4.06842894512822
5.25d,5.25,43.75,raw,2537,16,0,4,2.25675833419103
5.25d,5.25,43.75,raw,2539,5,0,1.25,1.26156626101008
5.25d,5.25,43.75,raw,2543,56,0,14,4.22200824564475
5.25d,5.25,43.75,raw,2553,32,0,8,3.19153824321146
5.25d,5.25,43.75,raw,2556,5,0,1.25,1.26156626101008
5.25d,5.25,43.75,raw,2560,209,0,52.25,8.15639419182351
5.25d,5.25,43.75,raw,2570,542,0,135.5,13.134837582232
5.25d,5.25,43.75,raw,2583,1711,0,427.75,23.3372709471452
5.25d,5.25,43.75,raw,2591,22,0,5.5,2.64628371420061
5.25d,5.25,43.75,raw,2595,68,0,17,4.65242649168128
5.25d,5.25,43.75,raw,2598,461,0,115.25,12.1136640836176
5.25d,5.25,43.75,raw,2608,9,0,2.25,1.69256875064327
5.25d,5.25,43.75,raw,2623,12,0,3,1.95441004761168
5.25d,5.25,43.75,raw,2627,205,0,51.25,8.07796550300118
5.25d,5.25,43.75,raw,2644,6,0,1.5,1.38197659788534
5.25d,5.25,43.75,raw,2648,8,0,2,1.59576912160573
5.25d,5.25,43.75,raw,2650,11,0,2.75,1.87120515925478
5.25d,5.25,43.75,raw,2687,23,0,5.75,2.705758189903
5.25d,5.25,43.75,raw,2703,5,0,1.25,1.26156626101008
5.25d,5.25,43.75,raw,2733,6,0,1.5,1.38197659788534
5.25d,5.25,43.75,raw,2737,31,0,7.75,3.14127465715711
5.25d,5.25,43.75,raw,2744,16,0,4,2.25675833419103
5.25d,5.25,43.75,raw,2755,8,0,2,1.59576912160573
5.25d,5.25,43.75,raw,2787,16,0,4,2.25675833419103
5.25d,5.25,43.75,raw,2792,5,0,1.25,1.26156626101008
5.25d,5.25,43.75,raw,2794,8,0,2,1.59576912160573
5.25d,5.25,43.75,raw,2799,35,0,8.75,3.33779058906227
5.25d,5.25,43.75,raw,2811,114,0,28.5,6.02389633252035
5.25d,5.25,43.75,raw,2836,117,0,29.25,6.10264341769233
5.25d,5.25,43.75,raw,2848,9,0,2.25,1.69256875064327
5.25d,5.25,43.75,raw,2865,1499,0,374.75,21.8436837412901
5.25d,5.25,43.75,raw,2884,10,0,2.5,1.78412411615277
5.25d,5.25,43.75,raw,2893,247,0,61.75,8.86693531539485
5.25d,5.25,43.75,raw,2896,10,0,2.5,1.78412411615277
5.25d,5.25,43.75,raw,2924,309,0,77.25,9.91754782346883
5.25d,5.25,43.75,raw,2926,10,0,2.5,1.78412411615277
5.25d,5.25,43.75,raw,2931,242,0,60.5,8.77673016883152
5.25d,5.25,43.75,raw,2938,18,0,4.5,2.3936536824086
5.25d,5.25,43.75,raw,2947,453,0,113.25,12.0080963704185
5.25d,5.25,43.75,raw,2964,272,0,68,9.30485298336256
5.25d,5.25,43.75,raw,2976,71,0,17.75,4.75394593143939
5.25d,5.25,43.75,raw,2997,19,0,4.75,2.45924537968297
5.25d,5.25,43.75,raw,3012,57,0,14.25,4.25953794588991
5.25d,5.25,43.75,raw,3019,164,0,41,7.22515199384357
5.25d,5.25,43.75,raw,3029,248,0,62,8.88486644658096
5.25d,5.25,43.75,raw,3060,27,0,6.75,2.93161507141752
5.25d,5.25,43.75,raw,3072,49,0,12.25,3.94932708483429
5.25d,5.25,43.75,raw,3075,298,0,74.5,9.73942226637543
5.25d,5.25,43.75,raw,3080,47,0,11.75,3.86788891394752
5.25d,5.25,43.75,raw,3085,1382,0,345.5,20.9738947910492
5.25d,5.25,43.75,raw,3096,60,0,15,4.37019372236832
5.25d,5.25,43.75,raw,3100,84,0,21,5.17088294582641
5.25d,5.25,43.75,raw,3103,71,0,17.75,4.75394593143939
5.25d,5.25,43.75,raw,3104,46,0,11.5,3.82651992866291
5.25d,5.25,43.75,raw,3113,8,0,2,1.59576912160573
5.25d,5.25,43.75,raw,3118,34,0,8.5,3.28976232123977
5.25d,5.25,43.75,raw,3146,39,0,9.75,3.52336281997296
5.25d,5.25,43.75,raw,3152,48,0,12,3.90882009522336
5.25d,5.25,43.75,raw,3154,7,0,1.75,1.49270533036046
5.25d,5.25,43.75,raw,3164,93,0,23.25,5.44084730672462
5.25d,5.25,43.75,raw,3165,114,0,28.5,6.02389633252035
5.25d,5.25,43.75,raw,3172,1056,1,264,18.3339913769502
5.25d,5.25,43.75,raw,3196,142,0,35.5,6.72309481102998
5.25d,5.25,43.75,raw,3214,229,0,57.25,8.53773763570233
5.25d,5.25,43.75,raw,3229,64,0,16,4.51351666838205
5.25d,5.25,43.75,raw,3241,82,0,20.5,5.10895396995029
5.25d,5.25,43.75,raw,3243,36,0,9,3.38513750128654
5.25d,5.25,43.75,raw,3253,57,1,14.25,4.25953794588991
5.25d,5.25,43.75,raw,3274,50,0,12.5,3.98942280401433
5.25d,5.25,43.75,raw,3305,186,0,46.5,7.69452005197108
5.25d,5.25,43.75,raw,3335,75,0,18.75,4.8860251190292
5.25d,5.25,43.75,raw,3354,30,0,7.5,3.09019361618552
5.25d,5.25,43.75,raw,3381,16,0,4,2.25675833419103
5.25d,5.25,43.75,raw,3384,116,0,29,6.0765077797465
5.25d,5.25,43.75,raw,3388,11,0,2.75,1.87120515925478
5.25d,5.25,43.75,raw,3390,248,0,62,8.88486644658096
5.25d,5.25,43.75,raw,3392,754,1,188.5,15.4921158717129
5.25d,5.25,43.75,raw,3408,53,0,13.25,4.10736216661508
5.25d,5.25,43.75,raw,3425,126,0,31.5,6.33301236846713
5.25d,5.25,43.75,raw,3435,245,0,61.25,8.83096382707056
5.25d,5.25,43.75,raw,3441,489,0,122.25,12.4761185608295
5.25d,5.25,43.75,raw,3448,345,0,86.25,10.4793564083587
5.25d,5.25,43.75,raw,3465,51,0,12.75,4.0291195310357
5.25d,5.25,43.75,raw,3472,55,0,13.75,4.184141935942
5.25d,5.25,43.75,raw,3500,6,0,1.5,1.38197659788534
5.25d,5.25,43.75,raw,3518,156,0,39,7.04672563994593
5.25d,5.25,43.75,raw,3527,523,0,130.75,12.9025606169521
5.25d,5.25,43.75,raw,3530,193,0,48.25,7.83797218886822
5.25d,5.25,43.75,raw,3574,7,0,1.75,1.49270533036046
5.25d,5.25,43.75,raw,3579,5,0,1.25,1.26156626101008
5.25d,5.25,43.75,raw,3589,43,0,10.75,3.69963851016596
5.25d,5.25,43.75,raw,3595,68,0,17,4.65242649168128
5.25d,5.25,43.75,raw,3624,202,0,50.5,8.01864059608146
5.25d,5.25,43.75,raw,3628,480,0,120,12.3607744647421
5.25d,5.25,43.75,raw,3633,8,0,2,1.59576912160573
5.25d,5.25,43.75,raw,3648,7,1,1.75,1.49270533036046
5.25d,5.25,43.75,raw,3656,107,0,26.75,5.83602243155949
5.25d,5.25,43.75,raw,3668,696,0,174,14.8843434784312
5.25d,5.25,43.75,raw,3682,415,0,103.75,11.4934156266218
5.25d,5.25,43.75,raw,3690,32,0,8,3.19153824321146
5.25d,5.25,43.75,raw,3695,332,1,83,10.2800234539138
5.25d,5.25,43.75,raw,3705,42,0,10.5,3.65636639571573
5.25d,5.25,43.75,raw,3711,260,0,65,9.09728368293446
5.25d,5.25,43.75,raw,3717,20,0,5,2.52313252202016
5.25d,5.25,43.75,raw,3732,530,0,132.5,12.9886196217077
5.25d,5.25,43.75,raw,3750,304,1,76,9.83698151873187
5.25d,5.25,43.75,raw,3752,18,0,4.5,2.3936536824086
5.25d,5.25,43.75,raw,3763,15,0,3.75,2.18509686118416
5.25d,5.25,43.75,raw,3769,12,0,3,1.95441004761168
5.25d,5.25,43.75,raw,3784,21,0,5.25,2.58544147291321
5.25d,5.25,43.75,raw,3794,6,0,1.5,1.38197659788534
5.25d,5.25,43.75,raw,3801,44,1,11,3.74241031850956
5.25d,5.25,43.75,raw,3803,5,0,1.25,1.26156626101008
5.25d,5.25,43.75,raw,3820,211,0,52.75,8.19532708223289
5.25d,5.25,43.75,raw,3841,211,0,52.75,8.19532708223289
5.25d,5.25,43.75,raw,3844,132,0,33,6.48204481442857
5.25d,5.25,43.75,raw,3847,8,0,2,1.59576912160573
5.25d,5.25,43.75,raw,3883,8,1,2,1.59576912160573
5.25d,5.25,43.75,raw,3909,28,0,7,2.98541066072092
5.25d,5.25,43.75,raw,3913,86,0,21.5,5.23207895695449
5.25d,5.25,43.75,raw,3918,125,0,31.25,6.3078313050504
5.25d,5.25,43.75,raw,3930,8,0,2,1.59576912160573
5.25d,5.25,43.75,raw,3965,311,0,77.75,9.94959168022281
5.25d,5.25,43.75,raw,3968,19,0,4.75,2.45924537968297
5.25d,5.25,43.75,raw,3973,109,0,27.25,5.89031218137317
5.25d,5.25,43.75,raw,3974,24,0,6,2.76395319577068
5.25d,5.25,43.75,raw,4015,267,0,66.75,9.21893375673522
5.25d,5.25,43.75,raw,4023,322,0,80.5,10.1240201180747
5.25d,5.25,43.75,raw,4035,172,0,43,7.39927702033192
5.25d,5.25,43.75,raw,4038,14,0,3.5,2.11100412282238
5.25d,5.25,43.75,raw,4041,162,0,40.5,7.18096104722579
5.25d,5.25,43.75,raw,4059,454,0,113.5,12.0213430334319
5.25d,5.25,43.75,raw,4062,131,0,32.75,6.45744493511765
5.25d,5.25,43.75,raw,4069,41,0,10.25,3.61257599692178
5.25d,5.25,43.75,raw,4091,204,0,51,8.0582390620714
5.25d,5.25,43.75,raw,4104,30,0,7.5,3.09019361618552
5.25d,5.25,43.75,raw,4130,49,0,12.25,3.94932708483429
5.25d,5.25,43.75,raw,4165,252,0,63,8.95623198216277
5.25d,5.25,43.75,raw,4175,45,0,11.25,3.78469878303024
5.25d,5.25,43.75,raw,4177,112,1,28,5.97082132144185
5.25d,5.25,43.75,raw,4178,594,0,148.5,13.7504935327126
5.25d,5.25,43.75,raw,4186,7,0,1.75,1.49270533036046
5.25d,5.25,43.75,raw,4201,8,0,2,1.59576912160573
5.25d,5.25,43.75,raw,4207,8,0,2,1.59576912160573
5.25d,5.25,43.75,raw,4220,109,0,27.25,5.89031218137317
5.25d,5.25,43.75,raw,4235,6,0,1.5,1.38197659788534
5.25d,5.25,43.75,raw,4246,66,0,16.5,4.58349784423754
5.25d,5.25,43.75,raw,4250,766,0,191.5,15.6149086714199
5.25d,5.25,43.75,raw,4253,973,0,243.25,17.5987362971558
5.25d,5.25,43.75,raw,4272,11,0,2.75,1.87120515925478
5.25d,5.25,43.75,raw,4288,208,0,52,8.13685789025644
5.25d,5.25,43.75,raw,4310,43,0,10.75,3.69963851016596
5.25d,5.25,43.75,raw,4329,6,0,1.5,1.38197659788534
5.25d,5.25,43.75,raw,4351,1071,0,267.75,18.4637452349961
5.25d,5.25,43.75,raw,4357,21,0,5.25,2.58544147291321
5.25d,5.25,43.75,raw,4362,63,0,15.75,4.47811599108138
5.25d,5.25,43.75,raw,4363,248,0,62,8.88486644658096
5.25d,5.25,43.75,raw,4384,269,0,67.25,9.25339718068125
5.25d,5.25,43.75,raw,4387,19,0,4.75,2.45924537968297
5.25d,5.25,43.75,raw,4390,145,0,36.25,6.79374223065974
5.25d,5.25,43.75,raw,4434,107,1,26.75,5.83602243155949
5.25d,5.25,43.75,raw,4437,194,0,48.5,7.85825158159596
5.25d,5.25,43.75,raw,4470,359,1,89.75,10.6898666567914
5.25d,5.25,43.75,raw,4475,22,0,5.5,2.64628371420061
5.25d,5.25,43.75,raw,4487,152,0,38,6.95579633830205
5.25d,5.25,43.75,raw,4492,271,0,67.75,9.28773272418017
5.25d,5.25,43.75,raw,4495,33,0,8.25,3.24102240721429
5.25d,5.25,43.75,raw,4505,216,0,54,8.29185958731205
5.25d,5.25,43.75,raw,4507,10,0,2.5,1.78412411615277
5.25d,5.25,43.75,raw,4576,429,0,107.25,11.6856724741388
5.25d,5.25,43.75,raw,4583,506,0,126.5,12.6911308561924
5.25d,5.25,43.75,raw,4600,97,0,24.25,5.55662298161641
5.25d,5.25,43.75,raw,4604,11,0,2.75,1.87120515925478
5.25d,5.25,43.75,raw,4609,27,0,6.75,2.93161507141752
5.25d,5.25,43.75,raw,4656,5,0,1.25,1.26156626101008
5.25d,5.25,43.75,raw,4660,5,0,1.25,1.26156626101008
5.25d,5.25,43.75,raw,4662,89,0,22.25,5.32255388609241
5.25d,5.25,43.75,raw,4678,676,0,169,14.6689291722417
5.25d,5.25,43.75,raw,4681,10,0,2.5,1.78412411615277
5.25d,5.25,43.75,raw,4684,106,0,26.5,5.80868728160518
5.25d,5.25,43.75,raw,4692,33,0,8.25,3.24102240721429
5.25d,5.25,43.75,raw,4700,65,0,16.25,4.54864184146723
5.25d,5.25,43.75,raw,4736,151,0,37.75,6.93287767191607
5.25d,5.25,43.75,raw,4740,369,0,92.25,10.8377279907654
5.25d,5.25,43.75,raw,4750,139,0,34.75,6.65169709018284
5.25d,5.25,43.75,raw,4755,624,0,156,14.0934512798919
5.25d,5.25,43.75,raw,4794,21,0,5.25,2.58544147291321
5.25d,5.25,43.75,raw,4835,41,0,10.25,3.61257599692178
5.25d,5.25,43.75,raw,4838,34,0,8.5,3.28976232123977
5.25d,5.25,43.75,raw,4845,141,0,35.25,6.69938011698952
5.25d,5.25,43.75,raw,4847,37,0,9.25,3.43183125878885
5.25d,5.25,43.75,raw,4851,70,0,17.5,4.72034871941315
5.25d,5.25,43.75,raw,4870,152,0,38,6.95579633830205
5.25d,5.25,43.75,raw,4889,8,0,2,1.59576912160573
5.25d,5.25,43.75,raw,4946,70,0,17.5,4.72034871941315
5.25d,5.25,43.75,raw,4989,11,0,2.75,1.87120515925478
5.25d,5.25,43.75,raw,4998,58,0,14.5,4.29673985699156
5.25d,5.25,43.75,raw,5005,33,0,8.25,3.24102240721429
5.25d,5.25,43.75,raw,5019,58,0,14.5,4.29673985699156
5.25d,5.25,43.75,raw,5021,163,0,40.75,7.20309040953658
5.25d,5.25,43.75,raw,5027,6,0,1.5,1.38197659788534
5.25d,5.25,43.75,raw,5032,237,1,59.25,8.68558823716381
5.25d,5.25,43.75,raw,5033,5,0,1.25,1.26156626101008
5.25d,5.25,43.75,raw,5040,338,0,84.5,10.3724992904373
5.25d,5.25,43.75,raw,5046,70,0,17.5,4.72034871941315
5.25d,5.25,43.75,raw,5062,1208,0,302,19.6091392597946
5.25d,5.25,43.75,raw,5067,201,0,50.25,7.99876785029682
5.25d,5.25,43.75,raw,5084,238,1,59.5,8.70389297451101
5.25d,5.25,43.75,raw,5090,62,0,15.5,4.44243322329048
5.25d,5.25,43.75,raw,5102,7,0,1.75,1.49270533036046
5.25d,5.25,43.75,raw,5103,9,0,2.25,1.69256875064327
5.25d,5.25,43.75,raw,5114,6,0,1.5,1.38197659788534
5.25d,5.25,43.75,raw,5119,10,0,2.5,1.78412411615277
5.25d,5.25,43.75,raw,5124,106,0,26.5,5.80868728160518
5.25d,5.25,43.75,raw,5128,307,0,76.75,9.88540009602159
5.25d,5.25,43.75,raw,5134,5,0,1.25,1.26156626101008
5.25d,5.25,43.75,raw,5136,65,0,16.25,4.54864184146723
5.25d,5.25,43.75,raw,5141,258,0,64.5,9.06222658265716
5.25d,5.25,43.75,raw,5161,209,0,52.25,8.15639419182351
5.25d,5.25,43.75,raw,5180,11,0,2.75,1.87120515925478
5.25d,5.25,43.75,raw,5183,748,0,187,15.4303530376163
5.25d,5.25,43.75,raw,5187,16,0,4,2.25675833419103
5.25d,5.25,43.75,raw,5193,58,0,14.5,4.29673985699156
5.25d,5.25,43.75,raw,5198,11,0,2.75,1.87120515925478
5.25d,5.25,43.75,raw,5218,7,0,1.75,1.49270533036046
5.25d,5.25,43.75,raw,5222,286,0,71.5,9.54131162097561
5.25d,5.25,43.75,raw,5228,46,0,11.5,3.82651992866291
5.25d,5.25,43.75,raw,5237,51,0,12.75,4.0291195310357
5.25d,5.25,43.75,raw,5245,44,0,11,3.74241031850956
5.25d,5.25,43.75,raw,5248,16,0,4,2.25675833419103
5.25d,5.25,43.75,raw,5251,62,0,15.5,4.44243322329048
5.25d,5.25,43.75,raw,5259,15,0,3.75,2.18509686118416
5.25d,5.25,43.75,raw,5284,8,0,2,1.59576912160573
5.25d,5.25,43.75,raw,5299,518,0,129.5,12.840736779609
5.25d,5.25,43.75,raw,5302,5,1,1.25,1.26156626101008
5.25d,5.25,43.75,raw,5305,17,0,4.25,2.32621324584064
5.25d,5.25,43.75,raw,5311,325,0,81.25,10.1710723628205
5.25d,5.25,43.75,raw,5314,10,0,2.5,1.78412411615277
5.25d,5.25,43.75,raw,5349,92,0,23,5.41151637980601
5.25d,5.25,43.75,raw,5360,157,0,39.25,7.06927521962861
5.25d,5.25,43.75,raw,5381,155,0,38.75,7.02410366940064
5.25d,5.25,43.75,raw,5403,155,0,38.75,7.02410366940064
5.25d,5.25,43.75,raw,5410,6,0,1.5,1.38197659788534
5.25d,5.25,43.75,raw,5417,18,0,4.5,2.3936536824086
5.25d,5.25,43.75,raw,5423,150,0,37.5,6.90988298942671
5.25d,5.25,43.75,raw,5425,12,1,3,1.95441004761168
5.25d,5.25,43.75,raw,5443,274,0,68.5,9.33899934759387
5.25d,5.25,43.75,raw,5447,10,0,2.5,1.78412411615277
5.25d,5.25,43.75,raw,5449,221,1,55.25,8.38728113554194
5.25d,5.25,43.75,raw,5454,329,0,82.25,10.2334721651289
5.25d,5.25,43.75,raw,5457,10,0,2.5,1.78412411615277
5.25d,5.25,43.75,raw,5532,115,0,28.75,6.0502592432999
5.25d,5.25,43.75,raw,5534,293,0,73.25,9.65737006911564
5.25d,5.25,43.75,raw,5540,54,0,13.5,4.14592979365603
5.25d,5.25,43.75,raw,5563,510,0,127.5,12.7411946831423
5.25d,5.25,43.75,raw,5567,379,0,94.75,10.983598994121
5.25d,5.25,43.75,raw,5582,11,0,2.75,1.87120515925478
5.25d,5.25,43.75,raw,5583,357,0,89.25,10.6600482816736
5.25d,5.25,43.75,raw,5587,311,0,77.75,9.94959168022281
5.25d,5.25,43.75,raw,5592,532,0,133,13.0131033750515
5.25d,5.25,43.75,raw,5597,287,0,71.75,9.55797768017628
5.25d,5.25,43.75,raw,5602,588,0,147,13.6808703332818
5.25d,5.25,43.75,raw,5606,422,0,105.5,11.5899427077773
5.25d,5.25,43.75,raw,5620,75,0,18.75,4.8860251190292
5.25d,5.25,43.75,raw,5713,55,0,13.75,4.184141935942
5.25d,5.25,43.75,raw,5722,62,0,15.5,4.44243322329048
5.25d,5.25,43.75,raw,5730,21,0,5.25,2.58544147291321
5.25d,5.25,43.75,raw,5741,172,1,43,7.39927702033192
5.25d,5.25,43.75,raw,5744,139,0,34.75,6.65169709018284
5.25d,5.25,43.75,raw,5775,5,0,1.25,1.26156626101008
5.25d,5.25,43.75,raw,5777,44,1,11,3.74241031850956
5.25d,5.25,43.75,raw,5801,143,0,35.75,6.74672614860586
5.25d,5.25,43.75,raw,5803,12,0,3,1.95441004761168
5.25d,5.25,43.75,raw,5805,83,0,20.75,5.14001172695692
5.25d,5.25,43.75,raw,5845,401,0,100.25,11.2978876060837
5.25d,5.25,43.75,raw,5849,312,0,78,9.96557497033376
5.25d,5.25,43.75,raw,5859,340,0,85,10.4031418957202
5.25d,5.25,43.75,raw,5862,10,0,2.5,1.78412411615277
5.25d,5.25,43.75,raw,5879,63,0,15.75,4.47811599108138
5.25d,5.25,43.75,raw,5902,543,0,135.75,13.1469490071955
5.25d,5.25,43.75,raw,5915,10,0,2.5,1.78412411615277
5.25d,5.25,43.75,raw,5958,50,0,12.5,3.98942280401433
5.25d,5.25,43.75,raw,5978,21,0,5.25,2.58544147291321
5.25d,5.25,43.75,raw,5982,45,0,11.25,3.78469878303024
5.25d,5.25,43.75,raw,5991,35,0,8.75,3.33779058906227
5.25d,5.25,43.75,raw,6018,94,0,23.5,5.47002095985713
5.25d,5.25,43.75,raw,6024,148,0,37,6.8636625175777
5.25d,5.25,43.75,raw,6028,5,0,1.25,1.26156626101008
5.25d,5.25,43.75,raw,6030,26,1,6.5,2.8768136958758
5.25d,5.25,43.75,raw,6080,25,0,6.25,2.82094791773878
5.25d,5.25,43.75,raw,6083,46,0,11.5,3.82651992866291
5.25d,5.25,43.75,raw,6084,21,0,5.25,2.58544147291321
5.25d,5.25,43.75,raw,6095,341,0,85.25,10.4184294012424
5.25d,5.25,43.75,raw,6105,32,0,8,3.19153824321146
5.25d,5.25,43.75,raw,6132,109,0,27.25,5.89031218137317
5.25d,5.25,43.75,raw,6135,239,0,59.75,8.72215929675249
5.25d,5.25,43.75,raw,6136,76,0,19,4.91849075936593
5.25d,5.25,43.75,raw,6145,16,0,4,2.25675833419103
5.25d,5.25,43.75,raw,6151,174,1,43.5,7.44217173921562
5.25d,5.25,43.75,raw,6154,209,0,52.25,8.15639419182351
5.25d,5.25,43.75,raw,6171,17,0,4.25,2.32621324584064
5.25d,5.25,43.75,raw,6185,5,0,1.25,1.26156626101008
5.25d,5.25,43.75,raw,6188,112,0,28,5.97082132144185
5.25d,5.25,43.75,raw,6200,330,0,82.5,10.2490127544389
5.25d,5.25,43.75,raw,6201,34,0,8.5,3.28976232123977
5.25d,5.25,43.75,raw,6207,457,0,114.25,12.0609957294575
5.25d,5.25,43.75,raw,6210,202,0,50.5,8.01864059608146
5.25d,5.25,43.75,raw,6224,5,0,1.25,1.26156626101008
5.25d,5.25,43.75,raw,6239,14,0,3.5,2.11100412282238
5.25d,5.25,43.75,raw,6246,14,0,3.5,2.11100412282238
5.25d,5.25,43.75,raw,6257,70,0,17.5,4.72034871941315
5.25d,5.25,43.75,raw,6267,12,0,3,1.95441004761168
5.25d,5.25,43.75,raw,6281,5,0,1.25,1.26156626101008
5.25d,5.25,43.75,raw,6285,29,0,7.25,3.03825388987325
5.25d,5.25,43.75,raw,6319,498,0,124.5,12.5904060029662
5.25d,5.25,43.75,raw,6344,128,0,32,6.38307648642292
5.25d,5.25,43.75,raw,6349,56,0,14,4.22200824564475
5.25d,5.25,43.75,raw,6362,5,0,1.25,1.26156626101008
5.25d,5.25,43.75,raw,6394,191,0,47.75,7.79725517481017
5.25d,5.25,43.75,raw,6396,534,0,133.5,13.0375411493941
5.25d,5.25,43.75,raw,6402,173,0,43.25,7.42075537326193
5.25d,5.25,43.75,raw,6416,43,0,10.75,3.69963851016596
5.25d,5.25,43.75,raw,6419,1031,0,257.75,18.115669809739
5.25d,5.25,43.75,raw,6441,205,1,51.25,8.07796550300118
5.25d,5.25,43.75,raw,6456,199,0,49.75,7.95887349758585
5.25d,5.25,43.75,raw,6492,6,0,1.5,1.38197659788534
5.25d,5.25,43.75,raw,6506,1641,0,410.25,22.8549015142836
5.25d,5.25,43.75,raw,6537,18,0,4.5,2.3936536824086
5.25d,5.25,43.75,raw,6547,270,0,67.5,9.27058084855655
5.25d,5.25,43.75,raw,6551,25,0,6.25,2.82094791773878
5.25d,5.25,43.75,raw,6592,38,0,9.5,3.47789816915102
5.25d,5.25,43.75,raw,6597,203,0,50.75,8.03846421247924
5.25d,5.25,43.75,raw,6615,236,0,59,8.66724484131922
5.25d,5.25,43.75,raw,6617,18,0,4.5,2.3936536824086
5.25d,5.25,43.75,raw,6632,76,0,19,4.91849075936593
5.25d,5.25,43.75,raw,6633,64,0,16,4.51351666838205
5.25d,5.25,43.75,raw,6635,277,1,69.25,9.38998607415954
5.25d,5.25,43.75,raw,6637,70,0,17.5,4.72034871941315
5.25d,5.25,43.75,raw,6646,73,0,18.25,4.82043791490117
5.25d,5.25,43.75,raw,6649,144,0,36,6.77027500257308
5.25d,5.25,43.75,raw,6654,387,0,96.75,11.0989155304979
5.25d,5.25,43.75,raw,6660,443,0,110.75,11.8748170335134
5.25d,5.25,43.75,raw,6694,44,0,11,3.74241031850956
5.25d,5.25,43.75,raw,6714,97,0,24.25,5.55662298161641
5.25d,5.25,43.75,raw,6717,272,0,68,9.30485298336256
5.25d,5.25,43.75,raw,6749,11,0,2.75,1.87120515925478
5.25d,5.25,43.75,raw,6759,6,0,1.5,1.38197659788534
5.25d,5.25,43.75,raw,6766,35,0,8.75,3.33779058906227
5.25d,5.25,43.75,raw,6772,97,0,24.25,5.55662298161641
5.25d,5.25,43.75,raw,6782,324,0,81,10.1554125038596
5.25d,5.25,43.75,raw,6798,78,0,19.5,4.98278748516688
5.25d,5.25,43.75,raw,6809,427,0,106.75,11.6584013226719
5.25d,5.25,43.75,raw,6847,39,0,9.75,3.52336281997296
5.25d,5.25,43.75,raw,6875,5,0,1.25,1.26156626101008
5.25d,5.25,43.75,raw,6922,135,1,33.75,6.55529058355247
5.25d,5.25,43.75,raw,6935,149,0,37.25,6.88681152939332
5.25d,5.25,43.75,raw,6952,9,1,2.24999999999999,1.69256875064327
5.25d,5.25,43.75,raw,6964,158,0,39.5,7.09175309899033
5.25d,5.25,43.75,raw,6975,64,0,16,4.51351666838205
5.25d,5.25,43.75,raw,6996,47,0,11.75,3.86788891394752
5.25d,5.25,43.75,raw,7004,8,0,2,1.59576912160573
5.25d,5.25,43.75,raw,7007,261,0,65.25,9.11476166961975
5.25d,5.25,43.75,raw,7012,445,0,111.25,11.9015923032083
5.25d,5.25,43.75,raw,7017,365,0,91.25,10.7788268590364
5.25d,5.25,43.75,raw,7028,12,0,3,1.95441004761168
5.25d,5.25,43.75,raw,7034,155,0,38.75,7.02410366940064
5.25d,5.25,43.75,raw,7037,9,0,2.25,1.69256875064327
5.25d,5.25,43.75,raw,7055,371,0,92.75,10.8670588373389
5.25d,5.25,43.75,raw,7080,21,0,5.25,2.58544147291321
5.25d,5.25,43.75,raw,7086,27,0,6.75,2.93161507141752
5.25d,5.25,43.75,raw,7121,232,0,58,8.59347971398312
5.25d,5.25,43.75,raw,7127,15,0,3.75,2.18509686118416
5.25d,5.25,43.75,raw,7137,55,0,13.75,4.184141935942
5.25d,5.25,43.75,raw,7141,280,0,70,9.4406974388263
5.25d,5.25,43.75,raw,7146,531,0,132.75,13.0008672619788
5.25d,5.25,43.75,raw,7162,82,0,20.5,5.10895396995029
5.25d,5.25,43.75,raw,7189,174,0,43.5,7.44217173921562
5.25d,5.25,43.75,raw,7216,106,0,26.5,5.80868728160518
5.25d,5.25,43.75,raw,7218,40,0,10,3.56824823230554
5.25d,5.25,43.75,raw,7231,11,0,2.75,1.87120515925478
5.25d,5.25,43.75,raw,7252,448,0,112,11.9416426428837
5.25d,5.25,43.75,raw,7259,381,0,95.25,11.0125413341347
5.25d,5.25,43.75,raw,7275,396,0,99,11.2272309555287
5.25d,5.25,43.75,raw,7281,6,0,1.5,1.38197659788534
5.25d,5.25,43.75,raw,7291,16,0,4,2.25675833419103
5.25d,5.25,43.75,raw,7309,125,0,31.25,6.3078313050504
5.25d,5.25,43.75,raw,7405,94,0,23.5,5.47002095985713
5.25d,5.25,43.75,raw,7409,81,0,20.25,5.07770625192981
5.25d,5.25,43.75,raw,7436,8,0,2,1.59576912160573
5.25d,5.25,43.75,raw,7450,68,0,17,4.65242649168128
5.25d,5.25,43.75,raw,7470,15,1,3.75,2.18509686118416
5.25d,5.25,43.75,raw,7491,264,0,66,9.16699568847508
5.25d,5.25,43.75,raw,7496,458,1,114.5,12.0741843563934
5.25d,5.25,43.75,raw,7529,153,0,38.25,6.97863973752192
5.25d,5.25,43.75,raw,7531,43,0,10.75,3.69963851016596
5.25d,5.25,43.75,raw,7541,22,0,5.5,2.64628371420061
5.25d,5.25,43.75,raw,7542,77,0,19.25,4.95074350336915
5.25d,5.25,43.75,raw,7546,204,1,51,8.0582390620714
5.25d,5.25,43.75,raw,7549,199,0,49.75,7.95887349758585
5.25d,5.25,43.75,raw,7554,5,0,1.25,1.26156626101008
5.25d,5.25,43.75,raw,7555,35,0,8.75,3.33779058906227
5.25d,5.25,43.75,raw,7561,23,0,5.75,2.705758189903
5.25d,5.25,43.75,raw,7565,18,0,4.5,2.3936536824086
5.25d,5.25,43.75,raw,7570,126,0,31.5,6.33301236846713
5.25d,5.25,43.75,raw,7579,65,0,16.25,4.54864184146723
5.25d,5.25,43.75,raw,7587,27,0,6.75,2.93161507141752
5.25d,5.25,43.75,raw,7611,3242,0,810.5,32.1241443622682
5.25d,5.25,43.75,raw,7632,29,0,7.25,3.03825388987325
5.25d,5.25,43.75,raw,7667,512,0,128,12.7661529728458
5.25d,5.25,43.75,raw,7674,52,0,13,4.06842894512822
5.25d,5.25,43.75,raw,7689,187,0,46.75,7.71517651880816
5.25d,5.25,43.75,raw,7702,7,0,1.75,1.49270533036046
5.25d,5.25,43.75,raw,7738,785,0,196.25,15.8073799427443
5.25d,5.25,43.75,raw,7788,188,1,47,7.73577782789505
5.25d,5.25,43.75,raw,7792,242,1,60.5,8.77673016883152
5.25d,5.25,43.75,raw,7807,185,0,46.25,7.67380798196054
5.25d,5.25,43.75,raw,7816,83,0,20.75,5.14001172695692
5.25d,5.25,43.75,raw,7821,290,0,72.5,9.60780240186586
5.25d,5.25,43.75,raw,7825,325,0,81.25,10.1710723628205
5.25d,5.25,43.75,raw,7834,211,0,52.75,8.19532708223289
5.25d,5.25,43.75,raw,7842,225,0,56.25,8.46284375321634
5.25d,5.25,43.75,raw,7846,5,0,1.25,1.26156626101008
5.25d,5.25,43.75,raw,7858,22,0,5.5,2.64628371420061
5.25d,5.25,43.75,raw,7870,33,0,8.25,3.24102240721429
5.25d,5.25,43.75,raw,7882,159,0,39.75,7.1141599576635
5.25d,5.25,43.75,raw,7884,271,0,67.75,9.28773272418017
5.25d,5.25,43.75,raw,7897,198,0,49.5,7.93885114260184
5.25d,5.25,43.75,raw,7908,149,0,37.25,6.88681152939332
5.25d,5.25,43.75,raw,7915,9,0,2.25,1.69256875064327
5.25d,5.25,43.75,raw,7931,205,0,51.25,8.07796550300118
5.25d,5.25,43.75,raw,7933,15,0,3.75,2.18509686118416
5.25d,5.25,43.75,raw,7958,57,0,14.25,4.25953794588991
5.25d,5.25,43.75,raw,7966,83,0,20.75,5.14001172695692
5.25d,5.25,43.75,raw,7987,62,1,15.5,4.44243322329048
5.25d,5.25,43.75,raw,8019,145,0,36.25,6.79374223065974
5.25d,5.25,43.75,raw,8031,126,0,31.5,6.33301236846713
5.25d,5.25,43.75,raw,8033,153,0,38.25,6.97863973752192
5.25d,5.25,43.75,raw,8042,137,0,34.25,6.60366976818037
5.25d,5.25,43.75,raw,8049,90,0,22.5,5.35237234845831
5.25d,5.25,43.75,raw,8066,198,0,49.5,7.93885114260184
5.25d,5.25,43.75,raw,8079,49,0,12.25,3.94932708483429
5.25d,5.25,43.75,raw,8085,65,0,16.25,4.54864184146723
5.25d,5.25,43.75,raw,8131,163,0,40.75,7.20309040953658
5.25d,5.25,43.75,raw,8144,8,0,2,1.59576912160573
5.25d,5.25,43.75,raw,8156,1457,0,364.25,21.5354940544623
5.25d,5.25,43.75,raw,8172,163,0,40.75,7.20309040953658
5.25d,5.25,43.75,raw,8190,56,0,14,4.22200824564475
5.25d,5.25,43.75,raw,8192,154,0,38.5,7.00140860629515
5.25d,5.25,43.75,raw,8200,181,0,45.25,7.5903945483266
5.25d,5.25,43.75,raw,8207,12,0,3,1.95441004761168
5.25d,5.25,43.75,raw,8209,7,0,1.75,1.49270533036046
5.25d,5.25,43.75,raw,8233,45,0,11.25,3.78469878303024
5.25d,5.25,43.75,raw,8242,84,0,21,5.17088294582641
5.25d,5.25,43.75,raw,8248,51,1,12.75,4.0291195310357
5.25d,5.25,43.75,raw,8253,13,0,3.25,2.03421447256411
5.25d,5.25,43.75,raw,8255,247,0,61.75,8.86693531539485
5.25d,5.25,43.75,raw,8319,412,0,103,11.4517978111614
5.25d,5.25,43.75,raw,8331,55,0,13.75,4.184141935942
5.25d,5.25,43.75,raw,8341,153,0,38.25,6.97863973752192
5.25d,5.25,43.75,raw,8347,20,0,5,2.52313252202016
5.25d,5.25,43.75,raw,8350,12,0,3,1.95441004761168
5.25d,5.25,43.75,raw,8351,1217,0,304.25,19.6820509979441
5.25d,5.25,43.75,raw,8356,9,0,2.25,1.69256875064327
5.25d,5.25,43.75,raw,8362,5,0,1.25,1.26156626101008
5.25d,5.25,43.75,raw,8365,54,0,13.5,4.14592979365603
5.25d,5.25,43.75,raw,8370,114,0,28.5,6.02389633252035
5.25d,5.25,43.75,raw,8383,183,0,45.75,7.63221522047392
5.25d,5.25,43.75,raw,8386,120,0,30,6.18038723237103
5.25d,5.25,43.75,raw,8398,345,0,86.25,10.4793564083587
5.25d,5.25,43.75,raw,8411,51,0,12.75,4.0291195310357
5.25d,5.25,43.75,raw,8420,535,0,133.75,13.0497428751806
5.25d,5.25,43.75,raw,8437,224,1,56,8.4440164912895
5.25d,5.25,43.75,raw,8443,11,0,2.75,1.87120515925478
5.25d,5.25,43.75,raw,8453,51,0,12.75,4.0291195310357
5.25d,5.25,43.75,raw,8456,265,0,66.25,9.18434101276213
5.25d,5.25,43.75,raw,8466,1213,0,303.25,19.6496791816288
5.25d,5.25,43.75,raw,8477,225,0,56.25,8.46284375321634
5.25d,5.25,43.75,raw,8496,62,0,15.5,4.44243322329048
5.25d,5.25,43.75,raw,8503,7,0,1.75,1.49270533036046
5.25d,5.25,43.75,raw,8506,5,0,1.25,1.26156626101008
5.25d,5.25,43.75,raw,8514,23,1,5.75,2.705758189903
5.25d,5.25,43.75,raw,8521,150,0,37.5,6.90988298942671
5.25d,5.25,43.75,raw,8536,116,0,29,6.0765077797465
5.25d,5.25,43.75,raw,8568,398,0,99.5,11.2555468414977
5.25d,5.25,43.75,raw,8577,5,0,1.25,1.26156626101008
5.25d,5.25,43.75,raw,8578,142,0,35.5,6.72309481102998
5.25d,5.25,43.75,raw,8584,281,1,70.25,9.45754080179648
5.25d,5.25,43.75,raw,8591,67,0,16.75,4.61809077155419
5.25d,5.25,43.75,raw,8595,6,0,1.5,1.38197659788534
5.25d,5.25,43.75,raw,8599,88,0,22,5.29256742840123
5.25d,5.25,43.75,raw,8611,48,0,12,3.90882009522336
5.25d,5.25,43.75,raw,8614,151,0,37.75,6.93287767191607
5.25d,5.25,43.75,raw,8628,294,0,73.5,9.67383618519739
5.25d,5.25,43.75,raw,8639,196,0,49,7.89865416966859
5.25d,5.25,43.75,raw,8646,202,0,50.5,8.01864059608146
5.25d,5.25,43.75,raw,8682,8,0,2,1.59576912160573
5.25d,5.25,43.75,raw,8692,8,0,2,1.59576912160573
5.25d,5.25,43.75,raw,8722,76,0,19,4.91849075936593
5.25d,5.25,43.75,raw,8730,5,0,1.25,1.26156626101008
5.25d,5.25,43.75,raw,8749,156,0,39,7.04672563994593
5.25d,5.25,43.75,raw,8755,5,1,1.25,1.26156626101008
5.25d,5.25,43.75,raw,8757,195,0,48.75,7.8784787748549
5.25d,5.25,43.75,raw,8758,126,0,31.5,6.33301236846713
5.25d,5.25,43.75,raw,8772,389,0,97.25,11.1275579407835
5.25d,5.25,43.75,raw,8778,171,0,42.75,7.3777361390489
5.25d,5.25,43.75,raw,8787,25,0,6.25,2.82094791773878
5.25d,5.25,43.75,raw,8802,215,0,53.75,8.27264320090713
5.25d,5.25,43.75,raw,8809,32,0,8,3.19153824321146
5.25d,5.25,43.75,raw,8813,6,0,1.5,1.38197659788534
5.25d,5.25,43.75,raw,8818,23,0,5.75,2.705758189903
5.25d,5.25,43.75,raw,8820,5,0,1.25,1.26156626101008
5.25d,5.25,43.75,raw,8824,5,0,1.25,1.26156626101008
5.25d,5.25,43.75,raw,8866,5,0,1.25,1.26156626101008
5.25d,5.25,43.75,raw,8870,147,0,36.75,6.84043516664088
5.25d,5.25,43.75,raw,8888,1038,0,259.5,18.1770641705082
5.25d,5.25,43.75,raw,8901,460,0,115,12.1005184865998
5.25d,5.25,43.75,raw,8905,6,0,1.5,1.38197659788534
5.25d,5.25,43.75,raw,8914,30,1,7.5,3.09019361618552
5.25d,5.25,43.75,raw,8929,148,0,37,6.8636625175777
5.25d,5.25,43.75,raw,8932,420,0,105,11.5624457705622
5.25d,5.25,43.75,raw,8933,8,0,2,1.59576912160573
5.25d,5.25,43.75,raw,8938,96,0,24,5.52790639154137
5.25d,5.25,43.75,raw,8957,438,0,109.5,11.8076132282735
5.25d,5.25,43.75,raw,8968,6,0,1.5,1.38197659788534
5.25d,5.25,43.75,raw,9040,129,0,32.25,6.40796186924587
5.25d,5.25,43.75,raw,9051,204,0,51,8.0582390620714
5.25d,5.25,43.75,raw,9065,241,0,60.25,8.75857765680556
5.25d,5.25,43.75,raw,9071,210,0,52.5,8.17588381146626
5.25d,5.25,43.75,raw,9084,50,0,12.5,3.98942280401433
5.25d,5.25,43.75,raw,9087,244,0,61,8.81292302410755
5.25d,5.25,43.75,raw,9093,55,0,13.75,4.184141935942
5.25d,5.25,43.75,raw,9095,8,0,2,1.59576912160573
5.25d,5.25,43.75,raw,9096,17,0,4.25,2.32621324584064
5.25d,5.25,43.75,raw,9097,330,0,82.5,10.2490127544389
5.25d,5.25,43.75,raw,9120,106,1,26.5,5.80868728160518
5.25d,5.25,43.75,raw,9131,13,0,3.25,2.03421447256411
5.25d,5.25,43.75,raw,9154,247,0,61.75,8.86693531539485
5.25d,5.25,43.75,raw,9164,21,0,5.25,2.58544147291321
5.25d,5.25,43.75,raw,9166,16,0,4,2.25675833419103
5.25d,5.25,43.75,raw,9196,366,0,91.5,10.7935822757446
5.25d,5.25,43.75,raw,9221,94,0,23.5,5.47002095985713
5.25d,5.25,43.75,raw,9227,289,0,72.25,9.59122292031186
5.25d,5.25,43.75,raw,9233,14,0,3.5,2.11100412282238
5.25d,5.25,43.75,raw,9235,61,0,15.25,4.40646151205377
5.25d,5.25,43.75,raw,9237,152,0,38,6.95579633830205
5.25d,5.25,43.75,raw,9238,7,0,1.75,1.49270533036046
5.25d,5.25,43.75,raw,9255,377,0,94.25,10.9545801878159
5.25d,5.25,43.75,raw,9256,113,0,28.25,5.99741753913869
5.25d,5.25,43.75,raw,9292,169,0,42.25,7.33446458612083
5.25d,5.25,43.75,raw,9303,11,0,2.75,1.87120515925478
5.25d,5.25,43.75,raw,9324,456,0,114,12.0477926650407
5.25d,5.25,43.75,raw,9326,45,0,11.25,3.78469878303024
5.25d,5.25,43.75,raw,9330,8,0,2,1.59576912160573
5.25d,5.25,43.75,raw,9339,7,0,1.75,1.49270533036046
5.25d,5.25,43.75,raw,9340,5,0,1.25,1.26156626101008
5.25d,5.25,43.75,raw,9358,185,0,46.25,7.67380798196054
5.25d,5.25,43.75,raw,9382,33,0,8.25,3.24102240721429
5.25d,5.25,43.75,raw,9385,63,0,15.75,4.47811599108138
5.25d,5.25,43.75,raw,9390,35,0,8.75,3.33779058906227
5.25d,5.25,43.75,raw,9394,75,0,18.75,4.8860251190292
5.25d,5.25,43.75,raw,9415,64,0,16,4.51351666838205
5.25d,5.25,43.75,raw,9431,39,0,9.75,3.52336281997296
5.25d,5.25,43.75,raw,9477,284,1,71,9.50789186287878
5.25d,5.25,43.75,raw,9488,326,0,81.5,10.1867081481662
5.25d,5.25,43.75,raw,9512,9,0,2.25,1.69256875064327
5.25d,5.25,43.75,raw,9532,5,0,1.25,1.26156626101008
5.25d,5.25,43.75,raw,9538,200,0,50,7.97884560802865
5.25d,5.25,43.75,raw,9541,309,0,77.25,9.91754782346883
5.25d,5.25,43.75,raw,9547,34,1,8.5,3.28976232123977
5.25d,5.25,43.75,raw,9559,28,0,7,2.98541066072092
5.25d,5.25,43.75,raw,9563,5,0,1.25,1.26156626101008
5.25d,5.25,43.75,raw,9564,75,0,18.75,4.8860251190292
5.25d,5.25,43.75,raw,9571,125,0,31.25,6.3078313050504
5.25d,5.25,43.75,raw,9625,184,0,46,7.65303985732581
5.25d,5.25,43.75,raw,9642,365,0,91.25,10.7788268590364
5.25d,5.25,43.75,raw,9651,16,0,4,2.25675833419103
5.25d,5.25,43.75,raw,9663,19,0,4.75,2.45924537968297
5.25d,5.25,43.75,raw,9668,111,0,27.75,5.94410610322534
5.25d,5.25,43.75,raw,9675,323,0,80.75,10.1397284597451
5.25d,5.25,43.75,raw,9718,215,1,53.75,8.27264320090713
5.25d,5.25,43.75,raw,9720,53,0,13.25,4.10736216661508
5.25d,5.25,43.75,raw,9724,593,0,148.25,13.738914167684
5.25d,5.25,43.75,raw,9737,88,0,22,5.29256742840123
5.25d,5.25,43.75,raw,9745,136,0,34,6.57952464247954
5.25d,5.25,43.75,raw,9753,24,0,6,2.76395319577068
5.25d,5.25,43.75,raw,9760,13,0,3.25,2.03421447256411
5.25d,5.25,43.75,raw,9773,6,0,1.5,1.38197659788534
5.25d,5.25,43.75,raw,9781,598,0,149.5,13.7967138093789
5.25d,5.25,43.75,raw,9802,267,0,66.75,9.21893375673522
5.25d,5.25,43.75,raw,9809,6,0,1.5,1.38197659788534
5.25d,5.25,43.75,raw,9824,9,1,2.25,1.69256875064327
5.25d,5.25,43.75,raw,9835,36,0,9,3.38513750128654
5.25d,5.25,43.75,raw,9849,29,0,7.25,3.03825388987325
5.25d,5.25,43.75,raw,9863,5,0,1.25,1.26156626101008
5.25d,5.25,43.75,raw,9885,107,0,26.75,5.83602243155949
5.25d,5.25,43.75,raw,9898,54,0,13.5,4.14592979365603
5.25d,5.25,43.75,raw,9905,127,0,31.75,6.35809370372452
5.25d,5.25,43.75,raw,9908,5,0,1.25,1.26156626101008
5.25d,5.25,43.75,raw,9923,201,0,50.25,7.99876785029682
5.25d,5.25,43.75,raw,9927,30,0,7.5,3.09019361618552
5.25d,5.25,43.75,raw,9939,46,0,11.5,3.82651992866291
5.25d,5.25,43.75,raw,9944,34,0,8.5,3.28976232123977
5.25d,5.25,43.75,raw,9949,58,1,14.5,4.29673985699156
5.25d,5.25,43.75,raw,9955,115,1,28.75,6.0502592432999
5.25d,5.25,43.75,raw,9973,5,0,1.25,1.26156626101008
5.25d,5.25,43.75,raw,10042,30,0,7.5,3.09019361618552
5.25d,5.25,43.75,raw,10050,18,0,4.5,2.3936536824086
5.25d,5.25,43.75,raw,10087,74,0,18.5,4.85334230995512
5.25d,5.25,43.75,raw,10091,589,0,147.25,13.6924987844532
5.25d,5.25,43.75,raw,10101,49,0,12.25,3.94932708483429
5.25d,5.25,43.75,raw,10108,9,0,2.25,1.69256875064327
5.25d,5.25,43.75,raw,10110,13,0,3.25,2.03421447256411
5.25d,5.25,43.75,raw,10121,44,1,11,3.74241031850956
5.25d,5.25,43.75,raw,10144,306,0,76.5,9.86928696371931
5.25d,5.25,43.75,raw,10151,7,0,1.75,1.49270533036046
5.25d,5.25,43.75,raw,10158,80,0,20,5.04626504404032
5.25d,5.25,43.75,raw,10180,71,0,17.75,4.75394593143939
5.25d,5.25,43.75,raw,10181,6,0,1.5,1.38197659788534
5.25d,5.25,43.75,raw,10184,893,0,223.25,16.8597369007385
5.25d,5.25,43.75,raw,10196,71,1,17.75,4.75394593143939
5.25d,5.25,43.75,raw,10202,718,0,179.5,15.1177544059944
5.25d,5.25,43.75,raw,10206,6,0,1.5,1.38197659788534
5.25d,5.25,43.75,raw,10212,50,0,12.5,3.98942280401433
5.25d,5.25,43.75,raw,10232,286,0,71.5,9.54131162097561
5.25d,5.25,43.75,raw,10243,41,0,10.25,3.61257599692178
5.25d,5.25,43.75,raw,10251,9,0,2.25,1.69256875064327
5.25d,5.25,43.75,raw,10262,429,0,107.25,11.6856724741388
5.25d,5.25,43.75,raw,10265,27,0,6.75,2.93161507141752
5.25d,5.25,43.75,raw,10281,315,0,78.75,10.0133717671868
5.25d,5.25,43.75,raw,10284,97,0,24.25,5.55662298161641
5.25d,5.25,43.75,raw,10303,14,0,3.5,2.11100412282238
5.25d,5.25,43.75,raw,10310,818,0,204.5,16.1362166228128
5.25d,5.25,43.75,raw,10361,61,0,15.25,4.40646151205377
5.25d,5.25,43.75,raw,10369,313,0,78.25,9.98153266665628
5.25d,5.25,43.75,raw,10378,348,0,87,10.5248202071085
5.25d,5.25,43.75,raw,10382,23,0,5.75,2.705758189903
5.25d,5.25,43.75,raw,10386,63,0,15.75,4.47811599108138
5.25d,5.25,43.75,raw,10395,11,0,2.75,1.87120515925478
5.25d,5.25,43.75,raw,10398,70,0,17.5,4.72034871941315
5.25d,5.25,43.75,raw,10401,94,0,23.5,5.47002095985713
5.25d,5.25,43.75,raw,10409,1195,0,298.75,19.5033410981203
5.25d,5.25,43.75,raw,10441,33,0,8.25,3.24102240721429
5.25d,5.25,43.75,raw,10451,32,0,8,3.19153824321146
5.25d,5.25,43.75,raw,10468,94,1,23.5,5.47002095985713
5.25d,5.25,43.75,raw,10473,160,1,40,7.13649646461108
5.25d,5.25,43.75,raw,10476,220,0,55,8.368283871884
5.25d,5.25,43.75,raw,10485,82,0,20.5,5.10895396995029
5.25d,5.25,43.75,raw,10492,218,0,54.5,8.33015937350939
5.25d,5.25,43.75,raw,10505,154,0,38.5,7.00140860629515
5.25d,5.25,43.75,raw,10511,6,0,1.5,1.38197659788534
5.25d,5.25,43.75,raw,10536,60,0,15,4.37019372236832
5.25d,5.25,43.75,raw,10556,33,0,8.25,3.24102240721429
5.25d,5.25,43.75,raw,10563,7,0,1.75,1.49270533036046
5.25d,5.25,43.75,raw,10571,6,0,1.5,1.38197659788534
5.25d,5.25,43.75,raw,10572,9,0,2.25,1.69256875064327
5.25d,5.25,43.75,raw,10573,11,0,2.75,1.87120515925478
5.25d,5.25,43.75,raw,10585,32,0,8,3.19153824321146
5.25d,5.25,43.75,raw,10587,1097,0,274.25,18.6865177372248
5.25d,5.25,43.75,raw,10609,308,0,77,9.90148700673831
5.25d,5.25,43.75,raw,10628,5,0,1.25,1.26156626101008
5.25d,5.25,43.75,raw,10630,5,0,1.25,1.26156626101008
5.25d,5.25,43.75,raw,10636,132,0,33,6.48204481442857
5.25d,5.25,43.75,raw,10660,5,0,1.25,1.26156626101008
5.25d,5.25,43.75,raw,10693,58,0,14.5,4.29673985699156
5.25d,5.25,43.75,raw,10719,100,0,25,5.64189583547756
5.25d,5.25,43.75,raw,10748,38,0,9.5,3.47789816915102
5.25d,5.25,43.75,raw,10759,193,0,48.25,7.83797218886822
5.25d,5.25,43.75,raw,10775,7,0,1.75,1.49270533036046
5.25d,5.25,43.75,raw,10805,179,0,44.75,7.54834217738561
5.25d,5.25,43.75,raw,10821,118,0,29.5,6.12866760150094
5.25d,5.25,43.75,raw,10835,2200,0,550,26.4628371420061
5.25d,5.25,43.75,raw,10838,157,0,39.25,7.06927521962861
5.25d,5.25,43.75,raw,10841,464,0,116,12.153015559493
5.25d,5.25,43.75,raw,10857,7,0,1.75,1.49270533036046
5.25d,5.25,43.75,raw,10878,34,0,8.5,3.28976232123977
5.25d,5.25,43.75,raw,10882,698,0,174.5,14.9057136882568
5.25d,5.25,43.75,raw,10900,167,0,41.75,7.29093622196032
5.25d,5.25,43.75,raw,10911,15,1,3.74999999999999,2.18509686118416
5.25d,5.25,43.75,raw,10928,170,0,42.5,7.35613218010963
5.25d,5.25,43.75,raw,10951,208,1,52,8.13685789025644
5.25d,5.25,43.75,raw,10976,639,0,159.75,14.2618377943182
5.25d,5.25,43.75,raw,10982,97,1,24.25,5.55662298161641
5.25d,5.25,43.75,raw,10993,502,0,125.5,12.6408687543326
5.25d,5.25,43.75,raw,11030,269,0,67.25,9.25339718068125
5.25d,5.25,43.75,raw,11031,10,0,2.5,1.78412411615277
5.25d,5.25,43.75,raw,11033,30,0,7.5,3.09019361618552
5.25d,5.25,43.75,raw,11041,135,0,33.75,6.55529058355247
5.25d,5.25,43.75,raw,11075,526,0,131.5,12.9395131335253
5.25d,5.25,43.75,raw,11094,70,0,17.5,4.72034871941315
5.25d,5.25,43.75,raw,11104,83,0,20.75,5.14001172695692
5.25d,5.25,43.75,raw,11105,7,0,1.75,1.49270533036046
5.25d,5.25,43.75,raw,11124,11,0,2.75,1.87120515925478
5.25d,5.25,43.75,raw,11136,5,0,1.25,1.26156626101008
5.25d,5.25,43.75,raw,11151,5,0,1.25,1.26156626101008
5.25d,5.25,43.75,raw,11155,318,0,79.5,10.0609414970193
5.25d,5.25,43.75,raw,11173,75,0,18.75,4.8860251190292
5.25d,5.25,43.75,raw,11174,10,0,2.5,1.78412411615277
5.25d,5.25,43.75,raw,11177,16,1,4,2.25675833419103
5.25d,5.25,43.75,raw,11184,12,0,3,1.95441004761168
5.25d,5.25,43.75,raw,11186,21,0,5.25,2.58544147291321
5.25d,5.25,43.75,raw,11195,5,0,1.25,1.26156626101008
5.25d,5.25,43.75,raw,11198,42,0,10.5,3.65636639571573
5.25d,5.25,43.75,raw,11205,446,0,111.5,11.9149573745763
5.25d,5.25,43.75,raw,11215,292,0,73,9.64087582980234
5.25d,5.25,43.75,raw,11217,76,0,19,4.91849075936593
5.25d,5.25,43.75,raw,11226,175,0,43.75,7.46352665180231
5.25d,5.25,43.75,raw,11228,10,0,2.5,1.78412411615277
5.25d,5.25,43.75,raw,11235,181,0,45.25,7.5903945483266
5.25d,5.25,43.75,raw,11242,9,0,2.25,1.69256875064327
5.25d,5.25,43.75,raw,11274,15,0,3.75,2.18509686118416
5.25d,5.25,43.75,raw,11282,328,1,82,10.2179079399006
5.25d,5.25,43.75,raw,11291,21,0,5.25,2.58544147291321
5.25d,5.25,43.75,raw,11305,327,0,81.75,10.2023199705802
5.25d,5.25,43.75,raw,11323,5,0,1.25,1.26156626101008
5.25d,5.25,43.75,raw,11325,11,0,2.75,1.87120515925478
5.25d,5.25,43.75,raw,11342,33,0,8.25,3.24102240721429
5.25d,5.25,43.75,raw,11374,9,0,2.25,1.69256875064327
5.25d,5.25,43.75,raw,11389,97,0,24.25,5.55662298161641
5.25d,5.25,43.75,raw,11417,7,0,1.75,1.49270533036046
5.25d,5.25,43.75,raw,11421,6,0,1.5,1.38197659788534
5.25d,5.25,43.75,raw,11427,100,0,25,5.64189583547756
5.25d,5.25,43.75,raw,11434,12,0,3,1.95441004761168
5.25d,5.25,43.75,raw,11436,52,0,13,4.06842894512822
5.25d,5.25,43.75,raw,11437,61,0,15.25,4.40646151205377
5.25d,5.25,43.75,raw,11441,48,0,12,3.90882009522336
5.25d,5.25,43.75,raw,11459,73,0,18.25,4.82043791490117
5.25d,5.25,43.75,raw,11461,63,0,15.75,4.47811599108138
5.25d,5.25,43.75,raw,11462,45,0,11.25,3.78469878303024
5.25d,5.25,43.75,raw,11466,12,0,3,1.95441004761168
5.25d,5.25,43.75,raw,11491,121,0,30.25,6.20608541902532
5.25d,5.25,43.75,raw,11499,197,0,49.25,7.91877816195193
5.25d,5.25,43.75,raw,11526,5,0,1.25,1.26156626101008
5.25d,5.25,43.75,raw,11533,842,0,210.5,16.3712224395966
5.25d,5.25,43.75,raw,11535,35,0,8.75,3.33779058906227
5.25d,5.25,43.75,raw,11545,33,0,8.25,3.24102240721429
5.25d,5.25,43.75,raw,11599,7,0,1.75,1.49270533036046
5.25d,5.25,43.75,raw,11600,136,0,34,6.57952464247954
5.25d,5.25,43.75,raw,11608,226,0,56.5,8.48162922306421
5.25d,5.25,43.75,raw,11611,7,0,1.75,1.49270533036046
5.25d,5.25,43.75,raw,11642,15,0,3.75,2.18509686118416
5.25d,5.25,43.75,raw,11644,1476,0,369,21.6754559815307
5.25d,5.25,43.75,raw,11660,531,0,132.75,13.0008672619788
5.25d,5.25,43.75,raw,11663,20,0,5,2.52313252202016
5.25d,5.25,43.75,raw,11677,97,0,24.25,5.55662298161641
5.25d,5.25,43.75,raw,11681,6,0,1.5,1.38197659788534
5.25d,5.25,43.75,raw,11684,233,0,58.25,8.61198022993685
5.25d,5.25,43.75,raw,11685,10,0,2.5,1.78412411615277
5.25d,5.25,43.75,raw,11694,377,0,94.25,10.9545801878159
5.25d,5.25,43.75,raw,11698,125,0,31.25,6.3078313050504
5.25d,5.25,43.75,raw,11712,95,0,23.75,5.4990398423234
5.25d,5.25,43.75,raw,11779,29,0,7.25,3.03825388987325
5.25d,5.25,43.75,raw,11783,7,0,1.75,1.49270533036046
5.25d,5.25,43.75,raw,11789,126,0,31.5,6.33301236846713
5.25d,5.25,43.75,raw,11797,568,0,142,13.44618962206
5.25d,5.25,43.75,raw,11800,148,0,37,6.8636625175777
5.25d,5.25,43.75,raw,11805,482,0,120.5,12.3864993093524
5.25d,5.25,43.75,raw,11814,97,0,24.25,5.55662298161641
5.25d,5.25,43.75,raw,11836,130,0,32.5,6.43275098258069
5.25d,5.25,43.75,raw,11882,444,1,111,11.8882122064507
5.25d,5.25,43.75,raw,11893,540,0,135,13.1105811671049
5.25d,5.25,43.75,raw,11898,25,0,6.25,2.82094791773878
5.25d,5.25,43.75,raw,11902,464,0,116,12.153015559493
5.25d,5.25,43.75,raw,11914,730,0,182.5,15.2435631305206
5.25d,5.25,43.75,raw,11918,32,0,8,3.19153824321146
5.25d,5.25,43.75,raw,11942,193,1,48.25,7.83797218886822
5.25d,5.25,43.75,raw,11946,12,0,3,1.95441004761168
5.25d,5.25,43.75,raw,11951,8,0,2,1.59576912160573
5.25d,5.25,43.75,raw,11960,11,0,2.75,1.87120515925478
5.25d,5.25,43.75,raw,11975,36,0,9,3.38513750128654
5.25d,5.25,43.75,raw,11991,72,0,18,4.78730736481719
5.25d,5.25,43.75,raw,12014,226,0,56.5,8.48162922306421
5.25d,5.25,43.75,raw,12019,16,0,4,2.25675833419103
5.25d,5.25,43.75,raw,12033,91,0,22.75,5.38202560777306
5.25d,5.25,43.75,raw,12062,429,0,107.25,11.6856724741388
5.25d,5.25,43.75,raw,12066,23,0,5.75,2.705758189903
5.25d,5.25,43.75,raw,12068,5,0,1.25,1.26156626101008
5.25d,5.25,43.75,raw,12090,92,0,23,5.41151637980601
5.25d,5.25,43.75,raw,12092,13,0,3.25,2.03421447256411
5.25d,5.25,43.75,raw,12099,101,0,25.25,5.67003514138694
5.25d,5.25,43.75,raw,12101,93,0,23.25,5.44084730672462
5.25d,5.25,43.75,raw,12106,157,0,39.25,7.06927521962861
5.25d,5.25,43.75,raw,12124,120,0,30,6.18038723237103
5.25d,5.25,43.75,raw,12143,139,0,34.75,6.65169709018284
5.25d,5.25,43.75,raw,12182,413,0,103.25,11.4656872011191
5.25d,5.25,43.75,raw,12188,71,0,17.75,4.75394593143939
5.25d,5.25,43.75,raw,12220,5,1,1.25,1.26156626101008
5.25d,5.25,43.75,raw,12234,143,0,35.75,6.74672614860586
5.25d,5.25,43.75,raw,12238,169,0,42.25,7.33446458612083
5.25d,5.25,43.75,raw,12244,48,0,12,3.90882009522336
5.25d,5.25,43.75,raw,12279,23,0,5.75,2.705758189903
5.25d,5.25,43.75,raw,12284,29,0,7.25,3.03825388987325
5.25d,5.25,43.75,raw,12287,569,0,142.25,13.4580208514691
5.25d,5.25,43.75,raw,12322,147,0,36.75,6.84043516664088
5.25d,5.25,43.75,raw,12346,44,0,11,3.74241031850956
5.25d,5.25,43.75,raw,12358,58,0,14.5,4.29673985699156
5.25d,5.25,43.75,raw,12381,103,0,25.75,5.72589890558072
5.25d,5.25,43.75,raw,12384,16,0,4,2.25675833419103
5.25d,5.25,43.75,raw,12389,563,0,140.75,13.3868766305466
5.25d,5.25,43.75,raw,12396,156,0,39,7.04672563994593
5.25d,5.25,43.75,raw,12416,72,0,18,4.78730736481719
5.25d,5.25,43.75,raw,12425,222,0,55.5,8.40623546736597
5.25d,5.25,43.75,raw,12439,10,0,2.5,1.78412411615277
5.25d,5.25,43.75,raw,12466,123,0,30.75,6.25716517287232
5.25d,5.25,43.75,raw,12469,56,0,14,4.22200824564475
5.25d,5.25,43.75,raw,12473,160,0,40,7.13649646461108
5.25d,5.25,43.75,raw,12480,391,0,97.75,11.1561268143501
5.25d,5.25,43.75,raw,12498,40,0,10,3.56824823230554
5.25d,5.25,43.75,raw,12534,299,0,74.75,9.75574989270191
5.25d,5.25,43.75,raw,12542,7,0,1.75,1.49270533036046
5.25d,5.25,43.75,raw,12547,988,1,247,17.7338706307897
5.25d,5.25,43.75,raw,12553,49,1,12.25,3.94932708483429
5.25d,5.25,43.75,raw,12556,58,0,14.5,4.29673985699156
5.25d,5.25,43.75,raw,12617,5,0,1.25,1.26156626101008
5.25d,5.25,43.75,raw,12638,8,0,2,1.59576912160573
5.25d,5.25,43.75,raw,12645,417,0,104.25,11.5210773167547
5.25d,5.25,43.75,raw,12650,185,0,46.25,7.67380798196054
5.25d,5.25,43.75,raw,12665,66,0,16.5,4.58349784423754
5.25d,5.25,43.75,raw,12666,48,0,12,3.90882009522336
5.25d,5.25,43.75,raw,12702,9,0,2.25000000000001,1.69256875064327
5.25d,5.25,43.75,raw,12718,49,0,12.25,3.94932708483429
5.25d,5.25,43.75,raw,12735,7,1,1.75,1.49270533036046
5.25d,5.25,43.75,raw,12765,5,0,1.25,1.26156626101008
5.25d,5.25,43.75,raw,12777,192,0,48,7.81764019044672
5.25d,5.25,43.75,raw,12794,23,0,5.75,2.705758189903
5.25d,5.25,43.75,raw,12823,275,0,68.75,9.35602579627389
5.25d,5.25,43.75,raw,12835,54,0,13.5,4.14592979365603
5.25d,5.25,43.75,raw,12839,460,0,115,12.1005184865998
5.25d,5.25,43.75,raw,12843,121,0,30.25,6.20608541902532
5.25d,5.25,43.75,raw,12868,253,0,63.25,8.97398468933946
5.25d,5.25,43.75,raw,12879,6,0,1.5,1.38197659788534
5.25d,5.25,43.75,raw,12894,162,0,40.5,7.18096104722579
5.25d,5.25,43.75,raw,12940,98,0,24.5,5.58519192562006
5.25d,5.25,43.75,raw,12950,112,0,28,5.97082132144185
5.25d,5.25,43.75,raw,12956,86,0,21.5,5.23207895695449
5.25d,5.25,43.75,raw,12959,19,0,4.75,2.45924537968297
5.25d,5.25,43.75,raw,12961,46,0,11.5,3.82651992866291
5.25d,5.25,43.75,raw,12977,7,0,1.75,1.49270533036046
5.25d,5.25,43.75,raw,12979,38,0,9.5,3.47789816915102
5.25d,5.25,43.75,raw,12983,1841,0,460.25,24.2076124486567
5.25d,5.25,43.75,raw,12987,7,0,1.75,1.49270533036046
5.25d,5.25,43.75,raw,13032,65,0,16.25,4.54864184146723
5.25d,5.25,43.75,raw,13048,36,0,9,3.38513750128654
5.25d,5.25,43.75,raw,13053,246,0,61.5,8.84896784948462
5.25d,5.25,43.75,raw,13071,7,0,1.75,1.49270533036046
5.25d,5.25,43.75,raw,13080,38,1,9.49999999999999,3.47789816915102
5.25d,5.25,43.75,raw,13093,6,0,1.5,1.38197659788534
5.25d,5.25,43.75,raw,13104,55,0,13.75,4.184141935942
5.25d,5.25,43.75,raw,13117,217,0,54.25,8.31103154258739
5.25d,5.25,43.75,raw,13162,12,0,3.00000000000001,1.95441004761168
5.25d,5.25,43.75,raw,13179,23,0,5.75,2.705758189903
5.25d,5.25,43.75,raw,13181,158,0,39.5,7.09175309899033
5.25d,5.25,43.75,raw,13206,253,0,63.25,8.97398468933946
5.25d,5.25,43.75,raw,13213,67,0,16.75,4.61809077155419
5.25d,5.25,43.75,raw,13219,49,0,12.25,3.94932708483429
5.25d,5.25,43.75,raw,13235,50,0,12.5,3.98942280401433
5.25d,5.25,43.75,raw,13242,69,0,17.25,4.6865106579076
5.25d,5.25,43.75,raw,13248,15,0,3.75,2.18509686118416
5.25d,5.25,43.75,raw,13253,211,0,52.75,8.19532708223289
5.25d,5.25,43.75,raw,13263,1640,0,410,22.8479367414525
5.25d,5.25,43.75,raw,13280,189,0,47.25,7.75632441873962
5.25d,5.25,43.75,raw,13293,193,1,48.25,7.83797218886822
5.25d,5.25,43.75,raw,13297,1156,0,289,19.1824458406237
5.25d,5.25,43.75,raw,13320,6,0,1.5,1.38197659788534
5.25d,5.25,43.75,raw,13341,89,0,22.25,5.32255388609241
5.25d,5.25,43.75,raw,13365,5,0,1.25,1.26156626101008
5.25d,5.25,43.75,raw,13368,34,0,8.5,3.28976232123977
5.25d,5.25,43.75,raw,13413,11,0,2.75,1.87120515925478
5.25d,5.25,43.75,raw,13415,422,0,105.5,11.5899427077773
5.25d,5.25,43.75,raw,13419,981,0,245.25,17.6709365441195
5.25d,5.25,43.75,raw,13429,5,0,1.25,1.26156626101008
5.25d,5.25,43.75,raw,13447,14,0,3.5,2.11100412282238
5.25d,5.25,43.75,raw,13460,340,0,85,10.4031418957202
5.25d,5.25,43.75,raw,13466,82,0,20.5,5.10895396995029
5.25d,5.25,43.75,raw,13469,72,0,18,4.78730736481719
5.25d,5.25,43.75,raw,13472,264,0,66,9.16699568847508
5.25d,5.25,43.75,raw,13474,66,0,16.5,4.58349784423754
5.25d,5.25,43.75,raw,13488,137,0,34.25,6.60366976818037
5.25d,5.25,43.75,raw,13514,8,0,2,1.59576912160573
5.25d,5.25,43.75,raw,13543,50,0,12.5,3.98942280401433
5.25d,5.25,43.75,raw,13547,10,0,2.5,1.78412411615277
5.25d,5.25,43.75,raw,13551,18,0,4.5,2.3936536824086
5.25d,5.25,43.75,raw,13562,339,0,84.75,10.3878318919929
5.25d,5.25,43.75,raw,13574,170,1,42.5,7.35613218010963
5.25d,5.25,43.75,raw,13576,272,0,68,9.30485298336256
5.25d,5.25,43.75,raw,13579,208,0,52,8.13685789025644
5.25d,5.25,43.75,raw,13588,97,0,24.25,5.55662298161641
5.25d,5.25,43.75,raw,13602,244,0,61,8.81292302410755
5.25d,5.25,43.75,raw,13631,12,0,3,1.95441004761168
5.25d,5.25,43.75,raw,13651,30,0,7.5,3.09019361618552
5.25d,5.25,43.75,raw,13681,12,0,3,1.95441004761168
5.25d,5.25,43.75,raw,13705,340,0,85,10.4031418957202
5.25d,5.25,43.75,raw,13719,71,0,17.75,4.75394593143939
5.25d,5.25,43.75,raw,13723,129,0,32.25,6.40796186924587
5.25d,5.25,43.75,raw,13734,15,0,3.75,2.18509686118416
5.25d,5.25,43.75,raw,13739,171,1,42.75,7.3777361390489
5.25d,5.25,43.75,raw,13746,24,0,6,2.76395319577068
5.25d,5.25,43.75,raw,13760,8,0,2,1.59576912160573
5.25d,5.25,43.75,raw,13788,45,0,11.25,3.78469878303024
5.25d,5.25,43.75,raw,13806,6,0,1.5,1.38197659788534
5.25d,5.25,43.75,raw,13821,462,0,115.5,12.1267954306532
5.25d,5.25,43.75,raw,13837,5,0,1.25,1.26156626101008
5.25d,5.25,43.75,raw,13838,5,0,1.25,1.26156626101008
5.25d,5.25,43.75,raw,13842,469,0,117.25,12.2183197134548
5.25d,5.25,43.75,raw,13855,5,0,1.25,1.26156626101008
5.25d,5.25,43.75,raw,13857,14,0,3.5,2.11100412282238
5.25d,5.25,43.75,raw,13869,277,0,69.25,9.38998607415954
5.25d,5.25,43.75,raw,13875,11,0,2.75,1.87120515925478
5.25d,5.25,43.75,raw,13888,5,0,1.25,1.26156626101008
5.25d,5.25,43.75,raw,13893,82,0,20.5,5.10895396995029
5.25d,5.25,43.75,raw,13910,1241,0,310.25,19.8751746848697
5.25d,5.25,43.75,raw,13915,9,1,2.25,1.69256875064327
5.25d,5.25,43.75,raw,13922,6,0,1.5,1.38197659788534
5.25d,5.25,43.75,raw,13942,108,0,27,5.86323014283504
5.25d,5.25,43.75,raw,13950,363,0,90.75,10.7492552618642
5.25d,5.25,43.75,raw,13963,1106,0,276.5,18.7630150594
5.25d,5.25,43.75,raw,13967,82,0,20.5,5.10895396995029
5.25d,5.25,43.75,raw,13975,735,0,183.75,15.2956780282891
5.25d,5.25,43.75,raw,13976,11,0,2.75,1.87120515925478
5.25d,5.25,43.75,raw,14007,489,0,122.25,12.4761185608295
5.25d,5.25,43.75,raw,14009,83,0,20.75,5.14001172695692
5.25d,5.25,43.75,raw,14022,67,0,16.75,4.61809077155419
5.25d,5.25,43.75,raw,14031,11,0,2.75,1.87120515925478
5.25d,5.25,43.75,raw,14032,5,1,1.25,1.26156626101008
5.25d,5.25,43.75,raw,14034,11,0,2.75000000000001,1.87120515925478
5.25d,5.25,43.75,raw,14054,39,0,9.75,3.52336281997296
5.25d,5.25,43.75,raw,14058,33,0,8.25,3.24102240721429
5.25d,5.25,43.75,raw,14074,6,0,1.5,1.38197659788534
5.25d,5.25,43.75,raw,14077,15,0,3.75,2.18509686118416
5.25d,5.25,43.75,raw,14123,95,0,23.75,5.4990398423234
5.25d,5.25,43.75,raw,14133,242,0,60.5,8.77673016883152
5.25d,5.25,43.75,raw,14150,201,0,50.25,7.99876785029682
5.25d,5.25,43.75,raw,14155,45,0,11.25,3.78469878303024
5.25d,5.25,43.75,raw,14168,42,0,10.5,3.65636639571573
5.25d,5.25,43.75,raw,14173,244,0,61,8.81292302410755
5.25d,5.25,43.75,raw,14174,38,0,9.5,3.47789816915102
5.25d,5.25,43.75,raw,14188,85,0,21.25,5.2015709478601
5.25d,5.25,43.75,raw,14216,198,0,49.5,7.93885114260184
5.25d,5.25,43.75,raw,14228,97,0,24.25,5.55662298161641
5.25d,5.25,43.75,raw,14234,5,0,1.25,1.26156626101008
5.25d,5.25,43.75,raw,14247,444,0,111,11.8882122064507
5.25d,5.25,43.75,raw,14251,304,0,76,9.83698151873187
5.25d,5.25,43.75,raw,14267,84,0,21,5.17088294582641
5.25d,5.25,43.75,raw,14288,461,0,115.25,12.1136640836176
5.25d,5.25,43.75,raw,14294,6,0,1.5,1.38197659788534
5.25d,5.25,43.75,raw,14298,243,0,60.75,8.79484521425256
5.25d,5.25,43.75,raw,14324,5,0,1.25,1.26156626101008
5.25d,5.25,43.75,raw,14345,43,0,10.75,3.69963851016596
5.25d,5.25,43.75,raw,14356,361,0,90.25,10.7196020874074
5.25d,5.25,43.75,raw,14357,45,0,11.25,3.78469878303024
5.25d,5.25,43.75,raw,14367,159,0,39.75,7.1141599576635
5.25d,5.25,43.75,raw,14386,39,0,9.75,3.52336281997296
5.25d,5.25,43.75,raw,14397,424,0,106,11.6173745632104
5.25d,5.25,43.75,raw,14415,6,0,1.5,1.38197659788534
5.25d,5.25,43.75,raw,14420,7,0,1.75,1.49270533036046
5.25d,5.25,43.75,raw,14427,98,0,24.5,5.58519192562006
5.25d,5.25,43.75,raw,14448,67,1,16.75,4.61809077155419
5.25d,5.25,43.75,raw,14449,464,0,116,12.153015559493
5.25d,5.25,43.75,raw,14457,204,0,51,8.0582390620714
5.25d,5.25,43.75,raw,14469,43,0,10.75,3.69963851016596
5.25d,5.25,43.75,raw,14485,228,0,57,8.51907589177983
5.25d,5.25,43.75,raw,14491,16,0,4,2.25675833419103
5.25d,5.25,43.75,raw,14492,122,0,30.5,6.2316776324215
5.25d,5.25,43.75,raw,14516,30,0,7.5,3.09019361618552
5.25d,5.25,43.75,raw,14518,272,0,68,9.30485298336256
5.25d,5.25,43.75,raw,14528,26,0,6.5,2.8768136958758
5.25d,5.25,43.75,raw,14530,216,1,54,8.29185958731205
5.25d,5.25,43.75,raw,14534,108,0,27,5.86323014283504
5.25d,5.25,43.75,raw,14535,5,0,1.25,1.26156626101008
5.25d,5.25,43.75,raw,14545,234,0,58.5,8.63044108762739
5.25d,5.25,43.75,raw,14551,5,0,1.25,1.26156626101008
5.25d,5.25,43.75,raw,14554,40,0,10,3.56824823230554
5.25d,5.25,43.75,raw,14556,5,0,1.25,1.26156626101008
5.25d,5.25,43.75,raw,14587,309,0,77.25,9.91754782346883
5.25d,5.25,43.75,raw,14589,33,0,8.25,3.24102240721429
5.25d,5.25,43.75,raw,14622,10,0,2.5,1.78412411615277
5.25d,5.25,43.75,raw,14648,115,0,28.75,6.0502592432999
5.25d,5.25,43.75,raw,14652,35,0,8.75,3.33779058906227
5.25d,5.25,43.75,raw,14655,11,0,2.75,1.87120515925478
5.25d,5.25,43.75,raw,14672,651,0,162.75,14.3951288950689
5.25d,5.25,43.75,raw,14704,33,0,8.25,3.24102240721429
5.25d,5.25,43.75,raw,14706,177,0,44.25,7.50605421340207
5.25d,5.25,43.75,raw,14714,88,0,22,5.29256742840123
5.25d,5.25,43.75,raw,14724,108,0,27,5.86323014283504
5.25d,5.25,43.75,raw,14725,40,0,10,3.56824823230554
5.25d,5.25,43.75,raw,14737,15,0,3.75,2.18509686118416
5.25d,5.25,43.75,raw,14770,53,0,13.25,4.10736216661508
5.25d,5.25,43.75,raw,14787,146,0,36.5,6.81712867583072
5.25d,5.25,43.75,raw,14799,289,0,72.25,9.59122292031186
5.25d,5.25,43.75,raw,14800,99,0,24.75,5.61361547776433
5.25d,5.25,43.75,raw,14811,5,0,1.25,1.26156626101008
5.25d,5.25,43.75,raw,14813,9,0,2.25,1.69256875064327
5.25d,5.25,43.75,raw,14817,27,0,6.75,2.93161507141752
5.25d,5.25,43.75,raw,14821,138,0,34.5,6.62772693261899
5.25d,5.25,43.75,raw,14831,213,0,53.25,8.23407588968838
5.25d,5.25,43.75,raw,14841,10,0,2.5,1.78412411615277
5.25d,5.25,43.75,raw,14842,1078,0,269.5,18.5239859994043
5.25d,5.25,43.75,raw,14849,62,0,15.5,4.44243322329048
5.25d,5.25,43.75,raw,14856,90,0,22.5,5.35237234845831
5.25d,5.25,43.75,raw,14866,297,0,74.25,9.72306722164286
5.25d,5.25,43.75,raw,14869,238,0,59.5,8.70389297451101
5.25d,5.25,43.75,raw,14877,207,0,51.75,8.11727456970901
5.25d,5.25,43.75,raw,14881,18,0,4.5,2.3936536824086
5.25d,5.25,43.75,raw,14885,6,0,1.5,1.38197659788534
5.25d,5.25,43.75,raw,14895,381,1,95.25,11.0125413341347
5.25d,5.25,43.75,raw,14912,246,0,61.5,8.84896784948462
5.25d,5.25,43.75,raw,14923,116,0,29,6.0765077797465
5.25d,5.25,43.75,raw,14928,5,0,1.25,1.26156626101008
5.25d,5.25,43.75,raw,14930,60,1,15,4.37019372236832
5.25d,5.25,43.75,raw,14934,180,1,45,7.56939756606048
5.25d,5.25,43.75,raw,14944,222,0,55.5,8.40623546736597
5.25d,5.25,43.75,raw,15012,45,0,11.25,3.78469878303024
5.25d,5.25,43.75,raw,15024,17,0,4.25,2.32621324584064
5.25d,5.25,43.75,raw,15026,128,0,32,6.38307648642292
5.25d,5.25,43.75,raw,15039,5,0,1.25,1.26156626101008
5.25d,5.25,43.75,raw,15040,42,0,10.5,3.65636639571573
5.25d,5.25,43.75,raw,15050,285,0,71.25,9.52461639974967
5.25d,5.25,43.75,raw,15079,11,0,2.75,1.87120515925478
5.25d,5.25,43.75,raw,15110,100,0,25,5.64189583547756
5.25d,5.25,43.75,raw,15125,206,0,51.5,8.09764388904951
5.25d,5.25,43.75,raw,15152,312,0,78,9.96557497033376
5.25d,5.25,43.75,raw,15181,15,0,3.75,2.18509686118416
5.25d,5.25,43.75,raw,15184,44,0,11,3.74241031850956
5.25d,5.25,43.75,raw,15196,225,0,56.25,8.46284375321634
5.25d,5.25,43.75,raw,15220,75,0,18.75,4.8860251190292
5.25d,5.25,43.75,raw,15236,176,0,44,7.48482063701911
5.25d,5.25,43.75,raw,15241,150,0,37.5,6.90988298942671
5.25d,5.25,43.75,raw,15250,556,0,139,13.3033941803657
5.25d,5.25,43.75,raw,15252,99,0,24.75,5.61361547776433
5.25d,5.25,43.75,raw,15293,28,0,7,2.98541066072092
5.25d,5.25,43.75,raw,15305,5,0,1.25,1.26156626101008
5.25d,5.25,43.75,raw,15330,261,1,65.25,9.11476166961975
5.25d,5.25,43.75,raw,15331,5,1,1.24999999999999,1.26156626101008
5.25d,5.25,43.75,raw,15351,24,0,6,2.76395319577068
5.25d,5.25,43.75,raw,15363,61,0,15.25,4.40646151205377
5.25d,5.25,43.75,raw,15367,50,0,12.5,3.98942280401433
5.25d,5.25,43.75,raw,15381,79,0,19.75,5.01462670679677
5.25d,5.25,43.75,raw,15394,6,0,1.5,1.38197659788534
5.25d,5.25,43.75,raw,15403,96,0,24,5.52790639154137
5.25d,5.25,43.75,raw,15420,21,0,5.25,2.58544147291321
5.25d,5.25,43.75,raw,15435,446,0,111.5,11.9149573745763
5.25d,5.25,43.75,raw,15437,5,0,1.25,1.26156626101008
5.25d,5.25,43.75,raw,15441,1358,0,339.5,20.7909794246829
5.25d,5.25,43.75,raw,15449,8,0,2,1.59576912160573
5.25d,5.25,43.75,raw,15461,96,0,24,5.52790639154137
5.25d,5.25,43.75,raw,15472,17,1,4.25,2.32621324584064
5.25d,5.25,43.75,raw,15474,69,0,17.25,4.6865106579076
5.25d,5.25,43.75,raw,15477,48,0,12,3.90882009522336
5.25d,5.25,43.75,raw,15500,28,0,7,2.98541066072092
5.25d,5.25,43.75,raw,15501,8,0,2,1.59576912160573
5.25d,5.25,43.75,raw,15513,5,0,1.25,1.26156626101008
5.25d,5.25,43.75,raw,15525,27,0,6.75,2.93161507141752
5.25d,5.25,43.75,raw,15562,431,0,107.75,11.7128801302333
5.25d,5.25,43.75,raw,15583,48,1,12,3.90882009522336
5.25d,5.25,43.75,raw,15589,83,0,20.75,5.14001172695692
5.25d,5.25,43.75,raw,15602,163,0,40.75,7.20309040953658
5.25d,5.25,43.75,raw,15615,21,0,5.25,2.58544147291321
5.25d,5.25,43.75,raw,15631,404,0,101,11.3400702827739
5.25d,5.25,43.75,raw,15645,265,0,66.25,9.18434101276213
5.25d,5.25,43.75,raw,15651,13,0,3.25,2.03421447256411
5.25d,5.25,43.75,raw,15659,275,1,68.75,9.35602579627389
5.25d,5.25,43.75,raw,15661,34,0,8.5,3.28976232123977
5.25d,5.25,43.75,raw,15681,6,0,1.5,1.38197659788534
5.25d,5.25,43.75,raw,15685,188,0,47,7.73577782789505
5.25d,5.25,43.75,raw,15706,1279,0,319.75,20.1771738464302
5.25d,5.25,43.75,raw,15712,125,0,31.25,6.3078313050504
5.25d,5.25,43.75,raw,15722,35,0,8.75,3.33779058906227
5.25d,5.25,43.75,raw,15734,48,0,12,3.90882009522336
5.25d,5.25,43.75,raw,15736,74,0,18.5,4.85334230995512
5.25d,5.25,43.75,raw,15745,15,0,3.75,2.18509686118416
5.25d,5.25,43.75,raw,15747,5,0,1.25,1.26156626101008
5.25d,5.25,43.75,raw,15751,570,0,142.5,13.4698416889272
5.25d,5.25,43.75,raw,15759,281,0,70.25,9.45754080179648
5.25d,5.25,43.75,raw,15761,15,1,3.75,2.18509686118416
5.25d,5.25,43.75,raw,15772,155,0,38.75,7.02410366940064
5.25d,5.25,43.75,raw,15778,16,0,4,2.25675833419103
5.25d,5.25,43.75,raw,15801,287,0,71.75,9.55797768017628
5.25d,5.25,43.75,raw,15870,10,0,2.5,1.78412411615277
5.25d,5.25,43.75,raw,15882,5,0,1.25,1.26156626101008
5.25d,5.25,43.75,raw,15884,3261,0,815.25,32.2181399035596
5.25d,5.25,43.75,raw,15893,34,0,8.5,3.28976232123977
5.25d,5.25,43.75,raw,15897,114,0,28.5,6.02389633252035
5.25d,5.25,43.75,raw,15905,39,0,9.75,3.52336281997296
5.25d,5.25,43.75,raw,15952,11,1,2.75,1.87120515925478
5.25d,5.25,43.75,raw,15988,126,1,31.5,6.33301236846713
5.25d,5.25,43.75,raw,15998,478,0,119.5,12.334995970646
5.25d,5.25,43.75,raw,16007,193,0,48.25,7.83797218886822
5.25d,5.25,43.75,raw,16023,34,0,8.5,3.28976232123977
5.25d,5.25,43.75,raw,16028,22,1,5.49999999999999,2.64628371420061
5.25d,5.25,43.75,raw,16037,6,0,1.5,1.38197659788534
5.25d,5.25,43.75,raw,16039,30,0,7.5,3.09019361618552
5.25d,5.25,43.75,raw,16040,6,0,1.5,1.38197659788534
5.25d,5.25,43.75,raw,16052,96,0,24,5.52790639154137
5.25d,5.25,43.75,raw,16059,131,0,32.75,6.45744493511765
5.25d,5.25,43.75,raw,16077,415,0,103.75,11.4934156266218
5.25d,5.25,43.75,raw,16079,109,0,27.25,5.89031218137317
5.25d,5.25,43.75,raw,16106,6,0,1.5,1.38197659788534
5.25d,5.25,43.75,raw,16117,5,0,1.25,1.26156626101008
5.25d,5.25,43.75,raw,16133,262,0,65.5,9.13220620552083
5.25d,5.25,43.75,raw,16154,261,0,65.25,9.11476166961975
5.25d,5.25,43.75,raw,16172,693,0,173.25,14.8522305101075
5.25d,5.25,43.75,raw,16176,69,0,17.25,4.6865106579076
5.25d,5.25,43.75,raw,16182,333,0,83.25,10.2954937763665
5.25d,5.25,43.75,raw,16193,6,0,1.5,1.38197659788534
5.25d,5.25,43.75,raw,16195,58,0,14.5,4.29673985699156
5.25d,5.25,43.75,raw,16203,15,0,3.75,2.18509686118416
5.25d,5.25,43.75,raw,16207,185,0,46.25,7.67380798196054
5.25d,5.25,43.75,raw,16235,61,0,15.25,4.40646151205377
5.25d,5.25,43.75,raw,16240,6,0,1.5,1.38197659788534
5.25d,5.25,43.75,raw,16250,119,0,29.75,6.15458174499869
5.25d,5.25,43.75,raw,16252,8,0,2,1.59576912160573
5.25d,5.25,43.75,raw,16266,29,1,7.25,3.03825388987325
5.25d,5.25,43.75,raw,16291,23,0,5.75,2.705758189903
5.25d,5.25,43.75,raw,16327,302,0,75.5,9.80456962989732
5.25d,5.25,43.75,raw,16333,68,0,17,4.65242649168128
5.25d,5.25,43.75,raw,16349,17,0,4.25,2.32621324584064
5.25d,5.25,43.75,raw,16350,67,0,16.75,4.61809077155419
5.25d,5.25,43.75,raw,16400,188,0,47,7.73577782789505
5.25d,5.25,43.75,raw,16405,107,0,26.75,5.83602243155949
5.25d,5.25,43.75,raw,16410,266,0,66.5,9.20165364078046
5.25d,5.25,43.75,raw,16412,298,0,74.5,9.73942226637543
5.25d,5.25,43.75,raw,16414,39,0,9.75,3.52336281997296
5.25d,5.25,43.75,raw,16421,34,0,8.5,3.28976232123977
5.25d,5.25,43.75,raw,16434,329,0,82.25,10.2334721651289
5.25d,5.25,43.75,raw,16440,5,0,1.25,1.26156626101008
5.25d,5.25,43.75,raw,16468,111,0,27.75,5.94410610322534
5.25d,5.25,43.75,raw,16477,5,0,1.25,1.26156626101008
5.25d,5.25,43.75,raw,16509,22,0,5.5,2.64628371420061
5.25d,5.25,43.75,raw,16521,33,0,8.25,3.24102240721429
5.25d,5.25,43.75,raw,16528,237,0,59.25,8.68558823716381
5.25d,5.25,43.75,raw,16541,46,0,11.5,3.82651992866291
5.25d,5.25,43.75,raw,16561,5,0,1.25,1.26156626101008
5.25d,5.25,43.75,raw,16563,10,0,2.5,1.78412411615277
5.25d,5.25,43.75,raw,16600,5,0,1.25,1.26156626101008
5.25d,5.25,43.75,raw,16603,127,0,31.75,6.35809370372452
5.25d,5.25,43.75,raw,16605,28,0,7,2.98541066072092
5.25d,5.25,43.75,raw,16607,111,0,27.75,5.94410610322534
5.25d,5.25,43.75,raw,16616,438,0,109.5,11.8076132282735
5.25d,5.25,43.75,raw,16621,6,0,1.5,1.38197659788534
5.25d,5.25,43.75,raw,16632,101,0,25.25,5.67003514138694
5.25d,5.25,43.75,raw,16651,33,0,8.25,3.24102240721429
5.25d,5.25,43.75,raw,16655,23,0,5.75,2.705758189903
5.25d,5.25,43.75,raw,16657,706,0,176.5,14.9908898883874
5.25d,5.25,43.75,raw,16658,19,0,4.75,2.45924537968297
5.25d,5.25,43.75,raw,16670,6,0,1.5,1.38197659788534
5.25d,5.25,43.75,raw,16677,7,0,1.75,1.49270533036046
5.25d,5.25,43.75,raw,16690,33,0,8.25,3.24102240721429
5.25d,5.25,43.75,raw,16693,5,0,1.25,1.26156626101008
5.25d,5.25,43.75,raw,16697,6,0,1.5,1.38197659788534
5.25d,5.25,43.75,raw,16699,36,1,8.99999999999999,3.38513750128654
5.25d,5.25,43.75,raw,16701,528,1,132,12.9640896288571
5.25d,5.25,43.75,raw,16709,158,0,39.5,7.09175309899033
5.25d,5.25,43.75,raw,16711,69,0,17.25,4.6865106579076
5.25d,5.25,43.75,raw,16712,21,0,5.25,2.58544147291321
5.25d,5.25,43.75,raw,16716,25,0,6.25,2.82094791773878
5.25d,5.25,43.75,raw,16719,144,0,36,6.77027500257308
5.25d,5.25,43.75,raw,16721,5,0,1.25,1.26156626101008
5.25d,5.25,43.75,raw,16723,5,0,1.25,1.26156626101008
5.25d,5.25,43.75,raw,16728,175,0,43.75,7.46352665180231
5.25d,5.25,43.75,raw,16749,13,0,3.25,2.03421447256411
5.25d,5.25,43.75,raw,16758,112,0,28,5.97082132144185
5.25d,5.25,43.75,raw,16777,99,0,24.75,5.61361547776433
5.25d,5.25,43.75,raw,16781,79,0,19.75,5.01462670679677
5.25d,5.25,43.75,raw,16793,69,0,17.25,4.6865106579076
5.25d,5.25,43.75,raw,16806,35,0,8.75,3.33779058906227
5.25d,5.25,43.75,raw,16815,17,0,4.25,2.32621324584064
5.25d,5.25,43.75,raw,16833,67,0,16.75,4.61809077155419
5.25d,5.25,43.75,raw,16835,9,0,2.25,1.69256875064327
5.25d,5.25,43.75,raw,16845,834,0,208.5,16.2932637945036
5.25d,5.25,43.75,raw,16872,80,0,20,5.04626504404032
5.25d,5.25,43.75,raw,16893,12,0,3,1.95441004761168
5.25d,5.25,43.75,raw,16897,60,0,15,4.37019372236832
5.25d,5.25,43.75,raw,16902,431,0,107.75,11.7128801302333
5.25d,5.25,43.75,raw,16919,113,1,28.25,5.99741753913869
5.25d,5.25,43.75,raw,16921,62,0,15.5,4.44243322329048
5.25d,5.25,43.75,raw,16959,63,0,15.75,4.47811599108138
5.25d,5.25,43.75,raw,16962,174,0,43.5,7.44217173921562
5.25d,5.25,43.75,raw,16976,221,0,55.25,8.38728113554194
5.25d,5.25,43.75,raw,16978,148,0,37,6.8636625175777
5.25d,5.25,43.75,raw,16982,108,0,27,5.86323014283504
5.25d,5.25,43.75,raw,16986,19,0,4.75,2.45924537968297
5.25d,5.25,43.75,raw,17027,23,0,5.75,2.705758189903
5.25d,5.25,43.75,raw,17067,184,0,46,7.65303985732581
5.25d,5.25,43.75,raw,17099,310,0,77.5,9.93358267278101
5.25d,5.25,43.75,raw,17104,92,0,23,5.41151637980601
5.25d,5.25,43.75,raw,17123,44,0,11,3.74241031850956
5.25d,5.25,43.75,raw,17133,38,0,9.5,3.47789816915102
5.25d,5.25,43.75,raw,17143,134,0,33.5,6.53096660140197
5.25d,5.25,43.75,raw,17146,271,1,67.75,9.28773272418017
5.25d,5.25,43.75,raw,17148,97,1,24.25,5.55662298161641
5.25d,5.25,43.75,raw,17161,5,0,1.25,1.26156626101008
5.25d,5.25,43.75,raw,17184,821,0,205.25,16.1657791818672
5.25d,5.25,43.75,raw,17196,70,0,17.5,4.72034871941315
5.25d,5.25,43.75,raw,17224,9,1,2.25,1.69256875064327
5.25d,5.25,43.75,raw,17266,351,0,87.75,10.5700884599189
5.25d,5.25,43.75,raw,17271,565,0,141.25,13.4106333069636
5.25d,5.25,43.75,raw,17274,37,0,9.25,3.43183125878885
5.25d,5.25,43.75,raw,17277,91,0,22.75,5.38202560777306
5.25d,5.25,43.75,raw,17279,6,0,1.5,1.38197659788534
5.25d,5.25,43.75,raw,17283,23,0,5.75,2.705758189903
5.25d,5.25,43.75,raw,17290,52,0,13,4.06842894512822
5.25d,5.25,43.75,raw,17359,131,0,32.75,6.45744493511765
5.25d,5.25,43.75,raw,17377,64,0,16,4.51351666838205
5.25d,5.25,43.75,raw,17384,450,0,112.5,11.968268412043
5.25d,5.25,43.75,raw,17406,236,0,59,8.66724484131922
5.25d,5.25,43.75,raw,17411,43,0,10.75,3.69963851016596
5.25d,5.25,43.75,raw,17419,309,0,77.25,9.91754782346883
5.25d,5.25,43.75,raw,17422,25,0,6.25,2.82094791773878
5.25d,5.25,43.75,raw,17425,178,0,44.5,7.5272278921735
5.25d,5.25,43.75,raw,17441,7,0,1.75,1.49270533036046
5.25d,5.25,43.75,raw,17450,6,0,1.5,1.38197659788534
5.25d,5.25,43.75,raw,17470,668,0,167,14.5818724439206
5.25d,5.25,43.75,raw,17476,56,1,14,4.22200824564475
5.25d,5.25,43.75,raw,17491,189,0,47.25,7.75632441873962
5.25d,5.25,43.75,raw,17512,43,0,10.75,3.69963851016596
5.25d,5.25,43.75,raw,17518,603,0,150.75,13.8542723146626
5.25d,5.25,43.75,raw,17524,60,0,15,4.37019372236832
5.25d,5.25,43.75,raw,17529,175,0,43.75,7.46352665180231
5.25d,5.25,43.75,raw,17537,16,1,4,2.25675833419103
5.25d,5.25,43.75,raw,17574,197,0,49.25,7.91877816195193
5.25d,5.25,43.75,raw,17578,12,0,3,1.95441004761168
5.25d,5.25,43.75,raw,17583,77,0,19.25,4.95074350336915
5.25d,5.25,43.75,raw,17589,273,0,68.25,9.3219418002997
5.25d,5.25,43.75,raw,17598,13,0,3.25,2.03421447256411
5.25d,5.25,43.75,raw,17599,18,0,4.5,2.3936536824086
5.25d,5.25,43.75,raw,17614,497,0,124.25,12.5777586808359
5.25d,5.25,43.75,raw,17627,68,0,17,4.65242649168128
5.25d,5.25,43.75,raw,17636,108,0,27,5.86323014283504
5.25d,5.25,43.75,raw,17666,19,0,4.75,2.45924537968297
5.25d,5.25,43.75,raw,17707,15,0,3.75,2.18509686118416
5.25d,5.25,43.75,raw,17724,682,0,170.5,14.7338841578636
5.25d,5.25,43.75,raw,17731,357,0,89.25,10.6600482816736
5.25d,5.25,43.75,raw,17743,179,0,44.75,7.54834217738561
5.25d,5.25,43.75,raw,17749,51,0,12.75,4.0291195310357
5.25d,5.25,43.75,raw,17750,6,0,1.5,1.38197659788534
5.25d,5.25,43.75,raw,17787,15,0,3.75,2.18509686118416
5.25d,5.25,43.75,raw,17792,8,0,2,1.59576912160573
5.25d,5.25,43.75,raw,17807,1287,0,321.75,20.2401784458176
5.25d,5.25,43.75,raw,17821,203,0,50.75,8.03846421247924
5.25d,5.25,43.75,raw,17822,6,0,1.5,1.38197659788534
5.25d,5.25,43.75,raw,17823,5,0,1.25,1.26156626101008
5.25d,5.25,43.75,raw,17839,8,0,2,1.59576912160573
5.25d,5.25,43.75,raw,17840,141,0,35.25,6.69938011698952
5.25d,5.25,43.75,raw,17848,334,1,83.5,10.3109408874935
5.25d,5.25,43.75,raw,17855,29,0,7.25,3.03825388987325
5.25d,5.25,43.75,raw,17862,344,0,86,10.464157913909
5.25d,5.25,43.75,raw,17873,1016,0,254,17.9834046932924
5.25d,5.25,43.75,raw,17879,36,0,9,3.38513750128654
5.25d,5.25,43.75,raw,17896,262,0,65.5,9.13220620552083
5.25d,5.25,43.75,raw,17910,93,0,23.25,5.44084730672462
5.25d,5.25,43.75,raw,17921,43,0,10.75,3.69963851016596
5.25d,5.25,43.75,raw,17924,194,0,48.5,7.85825158159596
5.25d,5.25,43.75,raw,17928,5,0,1.25,1.26156626101008
5.25d,5.25,43.75,raw,17947,25,0,6.25000000000001,2.82094791773878
5.25d,5.25,43.75,raw,17957,7,0,1.75,1.49270533036046
5.25d,5.25,43.75,raw,17975,5,0,1.25,1.26156626101008
5.25d,5.25,43.75,raw,17985,41,0,10.25,3.61257599692178
5.25d,5.25,43.75,raw,17991,15,0,3.75,2.18509686118416
5.25d,5.25,43.75,raw,17993,254,1,63.5,8.9917023466462
5.25d,5.25,43.75,raw,17996,13,1,3.25,2.03421447256411
5.25d,5.25,43.75,raw,18000,402,0,100.5,11.3119659761636
5.25d,5.25,43.75,raw,18023,9,0,2.25,1.69256875064327
5.25d,5.25,43.75,raw,18030,125,0,31.25,6.3078313050504
5.25d,5.25,43.75,raw,18043,41,0,10.25,3.61257599692178
5.25d,5.25,43.75,raw,18061,88,0,22,5.29256742840123
5.25d,5.25,43.75,raw,18079,317,0,79.25,10.0451099506308
5.25d,5.25,43.75,raw,18083,67,0,16.75,4.61809077155419
5.25d,5.25,43.75,raw,18088,9,0,2.25,1.69256875064327
5.25d,5.25,43.75,raw,18099,131,0,32.75,6.45744493511765
5.25d,5.25,43.75,raw,18103,1616,0,404,22.6801405655478
5.25d,5.25,43.75,raw,18111,86,0,21.5,5.23207895695449
5.25d,5.25,43.75,raw,18121,6,0,1.5,1.38197659788534
5.25d,5.25,43.75,raw,18139,260,0,65,9.09728368293446
5.25d,5.25,43.75,raw,18143,105,0,26.25,5.78122288528111
5.25d,5.25,43.75,raw,18189,50,0,12.5,3.98942280401433
5.25d,5.25,43.75,raw,18211,648,0,162,14.3619220944516
5.25d,5.25,43.75,raw,18218,13,0,3.25,2.03421447256411
5.25d,5.25,43.75,raw,18221,12,0,3,1.95441004761168
5.25d,5.25,43.75,raw,18223,5,0,1.25,1.26156626101008
5.25d,5.25,43.75,raw,18262,106,0,26.5,5.80868728160518
5.25d,5.25,43.75,raw,18275,127,0,31.75,6.35809370372452
5.25d,5.25,43.75,raw,18282,328,0,82,10.2179079399006
5.25d,5.25,43.75,raw,18315,146,0,36.5,6.81712867583072
5.25d,5.25,43.75,raw,18341,94,1,23.5,5.47002095985713
5.25d,5.25,43.75,raw,18373,223,0,55.75,8.42514715711158
5.25d,5.25,43.75,raw,18392,313,0,78.25,9.98153266665628
5.25d,5.25,43.75,raw,18394,65,0,16.25,4.54864184146723
5.25d,5.25,43.75,raw,18399,13,1,3.25,2.03421447256411
5.25d,5.25,43.75,raw,18418,6,0,1.5,1.38197659788534
5.25d,5.25,43.75,raw,18424,118,0,29.5,6.12866760150094
5.25d,5.25,43.75,raw,18439,138,0,34.5,6.62772693261899
5.25d,5.25,43.75,raw,18446,6,0,1.5,1.38197659788534
5.25d,5.25,43.75,raw,18449,5,0,1.25,1.26156626101008
5.25d,5.25,43.75,raw,18468,143,0,35.75,6.74672614860586
5.25d,5.25,43.75,raw,18475,205,0,51.25,8.07796550300118
5.25d,5.25,43.75,raw,18480,23,0,5.75,2.705758189903
5.25d,5.25,43.75,raw,18488,13,0,3.25,2.03421447256411
5.25d,5.25,43.75,raw,18491,15,0,3.75,2.18509686118416
5.25d,5.25,43.75,raw,18496,110,0,27.5,5.9172702727032
5.25d,5.25,43.75,raw,18539,6,0,1.5,1.38197659788534
5.25d,5.25,43.75,raw,18540,68,0,17,4.65242649168128
5.25d,5.25,43.75,raw,18550,13,0,3.25,2.03421447256411
5.25d,5.25,43.75,raw,18553,149,1,37.25,6.88681152939332
5.25d,5.25,43.75,raw,18568,307,0,76.75,9.88540009602159
5.25d,5.25,43.75,raw,18590,92,0,23,5.41151637980601
5.25d,5.25,43.75,raw,18610,8,0,2,1.59576912160573
5.25d,5.25,43.75,raw,18616,1047,0,261.75,18.2556963941239
5.25d,5.25,43.75,raw,18626,9,0,2.25,1.69256875064327
5.25d,5.25,43.75,raw,18628,33,0,8.25,3.24102240721429
5.25d,5.25,43.75,raw,18629,143,0,35.75,6.74672614860586
5.25d,5.25,43.75,raw,18645,526,0,131.5,12.9395131335253
5.25d,5.25,43.75,raw,18651,5,0,1.25,1.26156626101008
5.25d,5.25,43.75,raw,18668,6,0,1.5,1.38197659788534
5.25d,5.25,43.75,raw,18678,226,0,56.5,8.48162922306421
5.25d,5.25,43.75,raw,18689,227,0,56.75,8.50037317790934
5.25d,5.25,43.75,raw,18706,1110,0,277.5,18.7969139399
5.25d,5.25,43.75,raw,18725,16,0,4,2.25675833419103
5.25d,5.25,43.75,raw,18727,51,0,12.75,4.0291195310357
5.25d,5.25,43.75,raw,18746,112,0,28,5.97082132144185
5.25d,5.25,43.75,raw,18749,176,0,44,7.48482063701911
5.25d,5.25,43.75,raw,18757,12,0,3,1.95441004761168
5.25d,5.25,43.75,raw,18764,5,0,1.25,1.26156626101008
5.25d,5.25,43.75,raw,18768,335,0,83.75,10.3263648914596
5.25d,5.25,43.75,raw,18784,34,0,8.5,3.28976232123977
5.25d,5.25,43.75,raw,18842,73,1,18.25,4.82043791490117
5.25d,5.25,43.75,raw,18899,117,0,29.25,6.10264341769233
5.25d,5.25,43.75,raw,18903,80,0,20,5.04626504404032
5.25d,5.25,43.75,raw,18920,68,0,17,4.65242649168128
5.25d,5.25,43.75,raw,18934,19,0,4.75,2.45924537968297
5.25d,5.25,43.75,raw,18940,15,0,3.75,2.18509686118416
5.25d,5.25,43.75,raw,18943,5,0,1.25,1.26156626101008
5.25d,5.25,43.75,raw,18944,13,0,3.25,2.03421447256411
5.25d,5.25,43.75,raw,18948,541,0,135.25,13.1227149792042
5.25d,5.25,43.75,raw,18959,5,0,1.25,1.26156626101008
5.25d,5.25,43.75,raw,18979,54,0,13.5,4.14592979365603
5.25d,5.25,43.75,raw,18989,863,0,215.75,16.5741193363814
5.25d,5.25,43.75,raw,18994,350,0,87.5,10.5550206141119
5.25d,5.25,43.75,raw,18997,344,0,86,10.464157913909
5.25d,5.25,43.75,raw,19005,664,0,166,14.5381485900385
5.25d,5.25,43.75,raw,19008,13,0,3.25,2.03421447256411
5.25d,5.25,43.75,raw,19011,16,0,4,2.25675833419103
5.25d,5.25,43.75,raw,19021,589,0,147.25,13.6924987844532
5.25d,5.25,43.75,raw,19026,11,0,2.75,1.87120515925478
5.25d,5.25,43.75,raw,19029,8,0,2,1.59576912160573
5.25d,5.25,43.75,raw,19054,69,0,17.25,4.6865106579076
5.25d,5.25,43.75,raw,19059,43,0,10.75,3.69963851016596
5.25d,5.25,43.75,raw,19068,13,0,3.25,2.03421447256411
5.25d,5.25,43.75,raw,19069,87,0,21.75,5.26241010355424
5.25d,5.25,43.75,raw,19076,445,0,111.25,11.9015923032083
5.25d,5.25,43.75,raw,19082,16,0,4,2.25675833419103
5.25d,5.25,43.75,raw,19088,6,0,1.5,1.38197659788534
5.25d,5.25,43.75,raw,19101,6,0,1.5,1.38197659788534
5.25d,5.25,43.75,raw,19114,35,0,8.75,3.33779058906227
5.25d,5.25,43.75,raw,19118,268,0,67,9.23618154310838
5.25d,5.25,43.75,raw,19146,19,0,4.75,2.45924537968297
5.25d,5.25,43.75,raw,19148,9,0,2.25,1.69256875064327
5.25d,5.25,43.75,raw,19163,11,0,2.75,1.87120515925478
5.25d,5.25,43.75,raw,19190,72,0,18,4.78730736481719
5.25d,5.25,43.75,raw,19192,320,1,80,10.0925300880806
5.25d,5.25,43.75,raw,19198,24,0,6,2.76395319577068
5.25d,5.25,43.75,raw,19210,153,0,38.25,6.97863973752192
5.25d,5.25,43.75,raw,19213,306,0,76.5,9.86928696371931
5.25d,5.25,43.75,raw,19223,23,0,5.75,2.705758189903
5.25d,5.25,43.75,raw,19252,254,0,63.5,8.9917023466462
5.25d,5.25,43.75,raw,19265,5,0,1.25,1.26156626101008
5.25d,5.25,43.75,raw,19267,13,0,3.25,2.03421447256411
5.25d,5.25,43.75,raw,19295,294,1,73.5,9.67383618519739
5.25d,5.25,43.75,raw,19298,189,0,47.25,7.75632441873962
5.25d,5.25,43.75,raw,19304,232,0,58,8.59347971398312
5.25d,5.25,43.75,raw,19317,152,0,38,6.95579633830205
5.25d,5.25,43.75,raw,19335,80,0,20,5.04626504404032
5.25d,5.25,43.75,raw,19346,197,0,49.25,7.91877816195193
5.25d,5.25,43.75,raw,19354,12,0,3,1.95441004761168
5.25d,5.25,43.75,raw,19362,117,0,29.25,6.10264341769233
5.25d,5.25,43.75,raw,19389,75,0,18.75,4.8860251190292
5.25d,5.25,43.75,raw,19420,1013,0,253.25,17.9568347629581
5.25d,5.25,43.75,raw,19428,325,0,81.25,10.1710723628205
5.25d,5.25,43.75,raw,19429,418,0,104.5,11.5348832861379
5.25d,5.25,43.75,raw,19437,208,0,52,8.13685789025644
5.25d,5.25,43.75,raw,19438,12,0,3,1.95441004761168
5.25d,5.25,43.75,raw,19460,151,0,37.75,6.93287767191607
5.25d,5.25,43.75,raw,19516,109,0,27.25,5.89031218137317
5.25d,5.25,43.75,raw,19524,47,0,11.75,3.86788891394752
5.25d,5.25,43.75,raw,19529,44,0,11,3.74241031850956
5.25d,5.25,43.75,raw,19531,105,0,26.25,5.78122288528111
5.25d,5.25,43.75,raw,19539,86,0,21.5,5.23207895695449
5.25d,5.25,43.75,raw,19552,5,0,1.25,1.26156626101008
5.25d,5.25,43.75,raw,19554,7,0,1.75,1.49270533036046
5.25d,5.25,43.75,raw,19575,24,0,6,2.76395319577068
5.25d,5.25,43.75,raw,19578,161,0,40.25,7.15876327835963
5.25d,5.25,43.75,raw,19604,108,0,27,5.86323014283504
5.25d,5.25,43.75,raw,19606,7,0,1.75,1.49270533036046
5.25d,5.25,43.75,raw,19614,234,1,58.5,8.63044108762739
5.25d,5.25,43.75,raw,19618,285,0,71.25,9.52461639974967
5.25d,5.25,43.75,raw,19623,22,0,5.5,2.64628371420061
5.25d,5.25,43.75,raw,19641,159,0,39.75,7.1141599576635
5.25d,5.25,43.75,raw,19675,16,0,4,2.25675833419103
5.25d,5.25,43.75,raw,19681,393,0,98.25,11.1846227147021
5.25d,5.25,43.75,raw,19691,11,0,2.75,1.87120515925478
5.25d,5.25,43.75,raw,19697,65,0,16.25,4.54864184146723
5.25d,5.25,43.75,raw,19712,34,0,8.5,3.28976232123977
5.25d,5.25,43.75,raw,19723,12,0,3,1.95441004761168
5.25d,5.25,43.75,raw,19756,176,0,44,7.48482063701911
5.25d,5.25,43.75,raw,19776,680,0,170,14.7122643602193
5.25d,5.25,43.75,raw,19786,16,0,4,2.25675833419103
5.25d,5.25,43.75,raw,19787,6,0,1.5,1.38197659788534
5.25d,5.25,43.75,raw,19795,99,0,24.75,5.61361547776433
5.25d,5.25,43.75,raw,19797,74,0,18.5,4.85334230995512
5.25d,5.25,43.75,raw,19804,280,0,70,9.4406974388263
5.25d,5.25,43.75,raw,19807,53,0,13.25,4.10736216661508
5.25d,5.25,43.75,raw,19811,5,0,1.25,1.26156626101008
5.25d,5.25,43.75,raw,19815,177,1,44.25,7.50605421340207
5.25d,5.25,43.75,raw,19821,73,0,18.25,4.82043791490117
5.25d,5.25,43.75,raw,19900,208,1,52,8.13685789025644
5.25d,5.25,43.75,raw,19910,115,0,28.75,6.0502592432999
5.25d,5.25,43.75,raw,19925,116,0,29,6.0765077797465
5.25d,5.25,43.75,raw,19938,83,0,20.75,5.14001172695692
5.25d,5.25,43.75,raw,19953,1256,0,314,19.9949297834936
5.25d,5.25,43.75,raw,19966,55,0,13.75,4.184141935942
5.25d,5.25,43.75,raw,19989,55,0,13.75,4.184141935942
5.25d,5.25,43.75,raw,20020,408,0,102,11.396070970426
5.25d,5.25,43.75,raw,20036,882,0,220.5,16.7555757768602
5.25d,5.25,43.75,raw,20064,260,0,65,9.09728368293446
5.25d,5.25,43.75,raw,20067,530,0,132.5,12.9886196217077
5.25d,5.25,43.75,raw,20092,312,0,78,9.96557497033376
5.25d,5.25,43.75,raw,20102,150,0,37.5,6.90988298942671
5.25d,5.25,43.75,raw,20104,7,0,1.75,1.49270533036046
5.25d,5.25,43.75,raw,20111,77,0,19.25,4.95074350336915
5.25d,5.25,43.75,raw,20115,22,0,5.5,2.64628371420061
5.25d,5.25,43.75,raw,20130,23,0,5.75,2.705758189903
5.25d,5.25,43.75,raw,20142,5,0,1.25,1.26156626101008
5.25d,5.25,43.75,raw,20147,191,0,47.75,7.79725517481017
5.25d,5.25,43.75,raw,20153,744,0,186,15.3890401039422
5.25d,5.25,43.75,raw,20160,201,0,50.25,7.99876785029682
5.25d,5.25,43.75,raw,20201,346,0,86.5,10.49453289192
5.25d,5.25,43.75,raw,20233,73,0,18.25,4.82043791490117
5.25d,5.25,43.75,raw,20237,16,0,4,2.25675833419103
5.25d,5.25,43.75,raw,20249,46,0,11.5,3.82651992866291
5.25d,5.25,43.75,raw,20268,265,0,66.25,9.18434101276213
5.25d,5.25,43.75,raw,20295,683,0,170.75,14.744682168956
5.25d,5.25,43.75,raw,20298,61,0,15.25,4.40646151205377
5.25d,5.25,43.75,raw,20324,114,0,28.5,6.02389633252035
5.25d,5.25,43.75,raw,20327,538,0,134.5,13.0862797909444
5.25d,5.25,43.75,raw,20343,243,0,60.75,8.79484521425256
5.25d,5.25,43.75,raw,20357,17,0,4.25,2.32621324584064
5.25d,5.25,43.75,raw,20373,234,0,58.5,8.63044108762739
5.25d,5.25,43.75,raw,20387,119,0,29.75,6.15458174499869
5.25d,5.25,43.75,raw,20394,94,0,23.5,5.47002095985713
5.25d,5.25,43.75,raw,20397,32,0,8,3.19153824321146
5.25d,5.25,43.75,raw,20398,279,0,69.75,9.42382397147133
5.25d,5.25,43.75,raw,20405,5,0,1.25,1.26156626101008
5.25d,5.25,43.75,raw,20408,299,0,74.75,9.75574989270191
5.25d,5.25,43.75,raw,20413,56,0,14,4.22200824564475
5.25d,5.25,43.75,raw,20432,14,0,3.5,2.11100412282238
5.25d,5.25,43.75,raw,20438,12,0,3,1.95441004761168
5.25d,5.25,43.75,raw,20439,45,0,11.25,3.78469878303024
5.25d,5.25,43.75,raw,20477,27,0,6.75,2.93161507141752
5.25d,5.25,43.75,raw,20479,14,0,3.5,2.11100412282238
5.25d,5.25,43.75,raw,20493,55,0,13.75,4.184141935942
5.25d,5.25,43.75,raw,20529,7,0,1.75,1.49270533036046
5.25d,5.25,43.75,raw,20536,109,0,27.25,5.89031218137317
5.25d,5.25,43.75,raw,20554,66,0,16.5,4.58349784423754
5.25d,5.25,43.75,raw,20568,337,0,84.25,10.3571439906925
5.25d,5.25,43.75,raw,20575,217,0,54.25,8.31103154258739
5.25d,5.25,43.75,raw,20586,53,0,13.25,4.10736216661508
5.25d,5.25,43.75,raw,20594,5,0,1.25,1.26156626101008
5.25d,5.25,43.75,raw,20602,11,0,2.75,1.87120515925478
5.25d,5.25,43.75,raw,20607,16,0,4,2.25675833419103
5.25d,5.25,43.75,raw,20620,8,0,2,1.59576912160573
5.25d,5.25,43.75,raw,20627,158,0,39.5,7.09175309899033
5.25d,5.25,43.75,raw,20628,52,0,13,4.06842894512822
5.25d,5.25,43.75,raw,20648,255,0,63.75,9.00938516086789
5.25d,5.25,43.75,raw,20683,483,1,120.75,12.3993417174772
5.25d,5.25,43.75,raw,20688,46,0,11.5,3.82651992866291
5.25d,5.25,43.75,raw,20701,5,0,1.25,1.26156626101008
5.25d,5.25,43.75,raw,20713,485,0,121.25,12.4249867122319
5.25d,5.25,43.75,raw,20719,9,0,2.25,1.69256875064327
5.25d,5.25,43.75,raw,20725,377,0,94.25,10.9545801878159
5.25d,5.25,43.75,raw,20732,54,0,13.5,4.14592979365603
5.25d,5.25,43.75,raw,20758,5,0,1.25,1.26156626101008
5.25d,5.25,43.75,raw,20782,200,1,50,7.97884560802865
5.25d,5.25,43.75,raw,20838,65,0,16.25,4.54864184146723
5.25d,5.25,43.75,raw,20851,105,0,26.25,5.78122288528111
5.25d,5.25,43.75,raw,20855,40,0,10,3.56824823230554
5.25d,5.25,43.75,raw,20863,619,1,154.75,14.0368735674211
5.25d,5.25,43.75,raw,20900,89,0,22.25,5.32255388609241
5.25d,5.25,43.75,raw,20924,5,0,1.25,1.26156626101008
5.25d,5.25,43.75,raw,20935,206,0,51.5,8.09764388904951
5.25d,5.25,43.75,raw,20969,15,0,3.75,2.18509686118416
5.25d,5.25,43.75,raw,21011,79,0,19.75,5.01462670679677
5.25d,5.25,43.75,raw,21022,19,0,4.75000000000001,2.45924537968297
5.25d,5.25,43.75,raw,21031,688,0,172,14.7985540406638
5.25d,5.25,43.75,raw,21036,6,0,1.5,1.38197659788534
5.25d,5.25,43.75,raw,21040,1098,0,274.5,18.6950328972645
5.25d,5.25,43.75,raw,21056,16,0,4,2.25675833419103
5.25d,5.25,43.75,raw,21092,12,0,3,1.95441004761168
5.25d,5.25,43.75,raw,21106,334,0,83.5,10.3109408874935
5.25d,5.25,43.75,raw,21124,100,1,25,5.64189583547756
5.25d,5.25,43.75,raw,21129,104,0,26,5.75362739175159
5.25d,5.25,43.75,raw,21161,13,0,3.25,2.03421447256411
5.25d,5.25,43.75,raw,21163,612,0,153,13.9572794750438
5.25d,5.25,43.75,raw,21196,8,0,2,1.59576912160573
5.25d,5.25,43.75,raw,21198,140,0,35,6.67558117812455
5.25d,5.25,43.75,raw,21226,265,0,66.25,9.18434101276213
5.25d,5.25,43.75,raw,21236,44,0,11,3.74241031850956
5.25d,5.25,43.75,raw,21265,750,0,187.5,15.4509680809276
5.25d,5.25,43.75,raw,21281,257,0,64.25,9.04464707709672
5.25d,5.25,43.75,raw,21286,87,0,21.75,5.26241010355424
5.25d,5.25,43.75,raw,21308,74,0,18.5,4.85334230995512
5.25d,5.25,43.75,raw,21327,25,1,6.25,2.82094791773878
5.25d,5.25,43.75,raw,21336,93,0,23.25,5.44084730672462
5.25d,5.25,43.75,raw,21338,463,0,115.75,12.1399125739478
5.25d,5.25,43.75,raw,21342,11,0,2.75,1.87120515925478
5.25d,5.25,43.75,raw,21348,66,0,16.5,4.58349784423754
5.25d,5.25,43.75,raw,21356,14,0,3.5,2.11100412282238
5.25d,5.25,43.75,raw,21364,13,0,3.25,2.03421447256411
5.25d,5.25,43.75,raw,21369,573,0,143.25,13.5052421223506
5.25d,5.25,43.75,raw,21387,17,0,4.25,2.32621324584064
5.25d,5.25,43.75,raw,21394,31,0,7.75,3.14127465715711
5.25d,5.25,43.75,raw,21453,47,0,11.75,3.86788891394752
5.25d,5.25,43.75,raw,21458,167,0,41.75,7.29093622196032
5.25d,5.25,43.75,raw,21463,8,0,2,1.59576912160573
5.25d,5.25,43.75,raw,21476,23,0,5.75,2.705758189903
5.25d,5.25,43.75,raw,21482,333,0,83.25,10.2954937763665
5.25d,5.25,43.75,raw,21486,16,0,4,2.25675833419103
5.25d,5.25,43.75,raw,21508,1071,0,267.75,18.4637452349961
5.25d,5.25,43.75,raw,21512,5,0,1.25,1.26156626101008
5.25d,5.25,43.75,raw,21567,7,0,1.75,1.49270533036046
5.25d,5.25,43.75,raw,21569,10,0,2.5,1.78412411615277
5.25d,5.25,43.75,raw,21582,429,0,107.25,11.6856724741388
5.25d,5.25,43.75,raw,21594,56,0,14,4.22200824564475
5.25d,5.25,43.75,raw,21595,141,0,35.25,6.69938011698952
5.25d,5.25,43.75,raw,21604,28,0,7,2.98541066072092
5.25d,5.25,43.75,raw,21627,268,0,67,9.23618154310838
5.25d,5.25,43.75,raw,21633,5,0,1.25,1.26156626101008
5.25d,5.25,43.75,raw,21644,92,0,23,5.41151637980601
5.25d,5.25,43.75,raw,21648,35,0,8.75,3.33779058906227
5.25d,5.25,43.75,raw,21651,65,0,16.25,4.54864184146723
5.25d,5.25,43.75,raw,21655,6,0,1.5,1.38197659788534
5.25d,5.25,43.75,raw,21667,397,0,99.25,11.241397814105
5.25d,5.25,43.75,raw,21687,839,0,209.75,16.3420315294091
5.25d,5.25,43.75,raw,21707,107,1,26.75,5.83602243155949
5.25d,5.25,43.75,raw,21714,158,0,39.5,7.09175309899033
5.25d,5.25,43.75,raw,21724,64,0,16,4.51351666838205
5.25d,5.25,43.75,raw,21745,366,0,91.5,10.7935822757446
5.25d,5.25,43.75,raw,21763,183,0,45.75,7.63221522047392
5.25d,5.25,43.75,raw,21769,230,0,57.5,8.5563586777479
5.25d,5.25,43.75,raw,21802,25,0,6.25,2.82094791773878
5.25d,5.25,43.75,raw,21822,57,0,14.25,4.25953794588991
5.25d,5.25,43.75,raw,21836,148,0,37,6.8636625175777
5.25d,5.25,43.75,raw,21845,376,0,94,10.9400419197143
5.25d,5.25,43.75,raw,21852,159,0,39.75,7.1141599576635
5.25d,5.25,43.75,raw,21901,215,0,53.75,8.27264320090713
5.25d,5.25,43.75,raw,21907,100,0,25,5.64189583547756
5.25d,5.25,43.75,raw,21950,61,0,15.25,4.40646151205377
5.25d,5.25,43.75,raw,21952,5,0,1.25,1.26156626101008
5.25d,5.25,43.75,raw,21954,176,0,44,7.48482063701911
5.25d,5.25,43.75,raw,21957,282,0,70.5,9.47435422093923
5.25d,5.25,43.75,raw,21971,782,0,195.5,15.7771458444081
5.25d,5.25,43.75,raw,21974,137,0,34.25,6.60366976818037
5.25d,5.25,43.75,raw,22001,6,0,1.5,1.38197659788534
5.25d,5.25,43.75,raw,22003,169,0,42.25,7.33446458612083
5.25d,5.25,43.75,raw,22024,56,0,14,4.22200824564475
5.25d,5.25,43.75,raw,22049,46,0,11.5,3.82651992866291
5.25d,5.25,43.75,raw,22052,194,1,48.5,7.85825158159596
5.25d,5.25,43.75,raw,22073,6,0,1.5,1.38197659788534
5.25d,5.25,43.75,raw,22096,14,0,3.5,2.11100412282238
5.25d,5.25,43.75,raw,22097,97,0,24.25,5.55662298161641
5.25d,5.25,43.75,raw,22114,41,0,10.25,3.61257599692178
5.25d,5.25,43.75,raw,22125,32,0,8,3.19153824321146
5.25d,5.25,43.75,raw,22132,685,0,171.25,14.7662545026116
5.25d,5.25,43.75,raw,22146,8,0,2,1.59576912160573
5.25d,5.25,43.75,raw,22171,640,0,160,14.2729929292222
5.25d,5.25,43.75,raw,22180,89,0,22.25,5.32255388609241
5.25d,5.25,43.75,raw,22183,239,0,59.75,8.72215929675249
5.25d,5.25,43.75,raw,22222,34,1,8.5,3.28976232123977
5.25d,5.25,43.75,raw,22225,76,1,19,4.91849075936593
5.25d,5.25,43.75,raw,22238,9,0,2.25,1.69256875064327
5.25d,5.25,43.75,raw,22239,15,0,3.75,2.18509686118416
5.25d,5.25,43.75,raw,22244,32,0,8,3.19153824321146
5.25d,5.25,43.75,raw,22254,249,0,62.25,8.90276146258923
5.25d,5.25,43.75,raw,22264,788,1,197,15.8375563239039
5.25d,5.25,43.75,raw,22269,14,0,3.5,2.11100412282238
5.25d,5.25,43.75,raw,22286,31,0,7.75,3.14127465715711
5.25d,5.25,43.75,raw,22297,472,0,118,12.2573352030019
5.25d,5.25,43.75,raw,22305,186,0,46.5,7.69452005197108
5.25d,5.25,43.75,raw,22310,99,0,24.75,5.61361547776433
5.25d,5.25,43.75,raw,22329,31,0,7.75,3.14127465715711
5.25d,5.25,43.75,raw,22364,609,0,152.25,13.9230284308382
5.25d,5.25,43.75,raw,22367,14,0,3.5,2.11100412282238
5.25d,5.25,43.75,raw,22375,450,0,112.5,11.968268412043
5.25d,5.25,43.75,raw,22397,394,0,98.5,11.1988434740563
5.25d,5.25,43.75,raw,22432,25,0,6.25,2.82094791773878
5.25d,5.25,43.75,raw,22440,15,0,3.75,2.18509686118416
5.25d,5.25,43.75,raw,22442,41,0,10.25,3.61257599692178
5.25d,5.25,43.75,raw,22459,361,0,90.25,10.7196020874074
5.25d,5.25,43.75,raw,22479,234,0,58.5,8.63044108762739
5.25d,5.25,43.75,raw,22504,28,0,7,2.98541066072092
5.25d,5.25,43.75,raw,22543,1070,0,267.5,18.4551233595621
5.25d,5.25,43.75,raw,22548,9,0,2.25,1.69256875064327
5.25d,5.25,43.75,raw,22554,32,0,8,3.19153824321146
5.25d,5.25,43.75,raw,22565,330,0,82.5,10.2490127544389
5.25d,5.25,43.75,raw,22570,55,0,13.75,4.184141935942
5.25d,5.25,43.75,raw,22587,209,0,52.25,8.15639419182351
5.25d,5.25,43.75,raw,22606,32,0,8,3.19153824321146
5.25d,5.25,43.75,raw,22611,51,0,12.75,4.0291195310357
5.25d,5.25,43.75,raw,22621,220,0,55,8.368283871884
5.25d,5.25,43.75,raw,22631,122,0,30.5,6.2316776324215
5.25d,5.25,43.75,raw,22641,6,0,1.5,1.38197659788534
5.25d,5.25,43.75,raw,22698,166,0,41.5,7.26907429501923
5.25d,5.25,43.75,raw,22708,277,0,69.25,9.38998607415954
5.25d,5.25,43.75,raw,22713,227,0,56.75,8.50037317790934
5.25d,5.25,43.75,raw,22727,14,0,3.5,2.11100412282238
5.25d,5.25,43.75,raw,22736,148,0,37,6.8636625175777
5.25d,5.25,43.75,raw,22738,9,0,2.25,1.69256875064327
5.25d,5.25,43.75,raw,22760,222,1,55.5,8.40623546736597
5.25d,5.25,43.75,raw,22762,245,1,61.25,8.83096382707056
5.25d,5.25,43.75,raw,22793,13,0,3.25,2.03421447256411
5.25d,5.25,43.75,raw,22796,129,0,32.25,6.40796186924587
5.25d,5.25,43.75,raw,22815,199,0,49.75,7.95887349758585
5.25d,5.25,43.75,raw,22833,5,0,1.25,1.26156626101008
5.25d,5.25,43.75,raw,22835,382,0,95.5,11.0269840175003
5.25d,5.25,43.75,raw,22837,17,0,4.25,2.32621324584064
5.25d,5.25,43.75,raw,22855,85,0,21.25,5.2015709478601
5.25d,5.25,43.75,raw,22858,35,0,8.75,3.33779058906227
5.25d,5.25,43.75,raw,22880,20,0,5,2.52313252202016
5.25d,5.25,43.75,raw,22886,6,0,1.5,1.38197659788534
5.25d,5.25,43.75,raw,22899,82,0,20.5,5.10895396995029
5.25d,5.25,43.75,raw,22903,43,0,10.75,3.69963851016596
5.25d,5.25,43.75,raw,22904,10,0,2.5,1.78412411615277
5.25d,5.25,43.75,raw,22909,120,0,30,6.18038723237103
5.25d,5.25,43.75,raw,22918,10,0,2.5,1.78412411615277
5.25d,5.25,43.75,raw,22924,948,0,237,17.3711764743276
5.25d,5.25,43.75,raw,22934,5,0,1.25,1.26156626101008
5.25d,5.25,43.75,raw,22941,65,0,16.25,4.54864184146723
5.25d,5.25,43.75,raw,22943,81,0,20.25,5.07770625192981
5.25d,5.25,43.75,raw,22949,1204,0,301,19.5766468774733
5.25d,5.25,43.75,raw,22984,37,0,9.25,3.43183125878885
5.25d,5.25,43.75,raw,22993,83,0,20.75,5.14001172695692
5.25d,5.25,43.75,raw,23002,150,0,37.5,6.90988298942671
5.25d,5.25,43.75,raw,23029,129,0,32.25,6.40796186924587
5.25d,5.25,43.75,raw,23034,39,0,9.75,3.52336281997296
5.25d,5.25,43.75,raw,23053,53,0,13.25,4.10736216661508
5.25d,5.25,43.75,raw,23055,28,0,7,2.98541066072092
5.25d,5.25,43.75,raw,23089,197,0,49.25,7.91877816195193
5.25d,5.25,43.75,raw,23114,164,0,41,7.22515199384357
5.25d,5.25,43.75,raw,23133,103,0,25.75,5.72589890558072
5.25d,5.25,43.75,raw,23135,119,0,29.75,6.15458174499869
5.25d,5.25,43.75,raw,23146,26,0,6.5,2.8768136958758
5.25d,5.25,43.75,raw,23152,264,0,66,9.16699568847508
5.25d,5.25,43.75,raw,23155,181,0,45.25,7.5903945483266
5.25d,5.25,43.75,raw,23159,21,0,5.25,2.58544147291321
5.25d,5.25,43.75,raw,23168,32,0,8,3.19153824321146
5.25d,5.25,43.75,raw,23177,9,0,2.25,1.69256875064327
5.25d,5.25,43.75,raw,23179,5,0,1.25,1.26156626101008
5.25d,5.25,43.75,raw,23180,43,0,10.75,3.69963851016596
5.25d,5.25,43.75,raw,23225,348,0,87,10.5248202071085
5.25d,5.25,43.75,raw,23243,236,0,59,8.66724484131922
5.25d,5.25,43.75,raw,23259,7,0,1.75,1.49270533036046
5.25d,5.25,43.75,raw,23261,278,0,69.5,9.40692023773423
5.25d,5.25,43.75,raw,23269,498,0,124.5,12.5904060029662
5.25d,5.25,43.75,raw,23272,29,0,7.25,3.03825388987325
5.25d,5.25,43.75,raw,23299,242,0,60.5,8.77673016883152
5.25d,5.25,43.75,raw,23303,56,0,14,4.22200824564475
5.25d,5.25,43.75,raw,23308,75,0,18.75,4.8860251190292
5.25d,5.25,43.75,raw,23318,43,0,10.75,3.69963851016596
5.25d,5.25,43.75,raw,23320,214,0,53.5,8.25338207302505
5.25d,5.25,43.75,raw,23324,58,0,14.5,4.29673985699156
5.25d,5.25,43.75,raw,23349,9,0,2.25,1.69256875064327
5.25d,5.25,43.75,raw,23354,6,0,1.5,1.38197659788534
5.25d,5.25,43.75,raw,23358,95,0,23.75,5.4990398423234
5.25d,5.25,43.75,raw,23368,60,1,15,4.37019372236832
5.25d,5.25,43.75,raw,23370,234,1,58.5,8.63044108762739
5.25d,5.25,43.75,raw,23381,37,0,9.25,3.43183125878885
5.25d,5.25,43.75,raw,23385,120,0,30,6.18038723237103
5.25d,5.25,43.75,raw,23393,5,0,1.25,1.26156626101008
5.25d,5.25,43.75,raw,23397,197,0,49.25,7.91877816195193
5.25d,5.25,43.75,raw,23400,7,0,1.75,1.49270533036046
5.25d,5.25,43.75,raw,23403,23,0,5.75,2.705758189903
5.25d,5.25,43.75,raw,23413,109,0,27.25,5.89031218137317
5.25d,5.25,43.75,raw,23416,38,0,9.5,3.47789816915102
5.25d,5.25,43.75,raw,23417,308,0,77,9.90148700673831
5.25d,5.25,43.75,raw,23419,33,0,8.25,3.24102240721429
5.25d,5.25,43.75,raw,23459,178,0,44.5,7.5272278921735
5.25d,5.25,43.75,raw,23491,168,0,42,7.31273279143145
5.25d,5.25,43.75,raw,23505,47,0,11.75,3.86788891394752
5.25d,5.25,43.75,raw,23514,29,0,7.25,3.03825388987325
5.25d,5.25,43.75,raw,23522,62,0,15.5,4.44243322329048
5.25d,5.25,43.75,raw,23532,404,0,101,11.3400702827739
5.25d,5.25,43.75,raw,23561,42,0,10.5,3.65636639571573
5.25d,5.25,43.75,raw,23573,5,0,1.25,1.26156626101008
5.25d,5.25,43.75,raw,23575,141,0,35.25,6.69938011698952
5.25d,5.25,43.75,raw,23593,5,0,1.25,1.26156626101008
5.25d,5.25,43.75,raw,23608,123,0,30.75,6.25716517287232
5.25d,5.25,43.75,raw,23628,39,0,9.75,3.52336281997296
5.25d,5.25,43.75,raw,23643,10,0,2.5,1.78412411615277
5.25d,5.25,43.75,raw,23669,122,1,30.5,6.2316776324215
5.25d,5.25,43.75,raw,23683,498,0,124.5,12.5904060029662
5.25d,5.25,43.75,raw,23694,115,0,28.75,6.0502592432999
5.25d,5.25,43.75,raw,23705,37,0,9.25,3.43183125878885
5.25d,5.25,43.75,raw,23706,188,0,47,7.73577782789505
5.25d,5.25,43.75,raw,23714,190,0,47.5,7.77681672504375
5.25d,5.25,43.75,raw,23730,210,0,52.5,8.17588381146626
5.25d,5.25,43.75,raw,23746,38,0,9.5,3.47789816915102
5.25d,5.25,43.75,raw,23768,9,0,2.25,1.69256875064327
5.25d,5.25,43.75,raw,23776,252,0,63,8.95623198216277
5.25d,5.25,43.75,raw,23783,16,0,4,2.25675833419103
5.25d,5.25,43.75,raw,23792,279,0,69.75,9.42382397147133
5.25d,5.25,43.75,raw,23796,17,1,4.25,2.32621324584064
5.25d,5.25,43.75,raw,23818,11,0,2.75,1.87120515925478
5.25d,5.25,43.75,raw,23827,414,0,103.5,11.4795597859887
5.25d,5.25,43.75,raw,23832,125,0,31.25,6.3078313050504
5.25d,5.25,43.75,raw,23854,8,0,2,1.59576912160573
5.25d,5.25,43.75,raw,23863,304,0,76,9.83698151873187
5.25d,5.25,43.75,raw,23867,7,0,1.75,1.49270533036046
5.25d,5.25,43.75,raw,23883,117,0,29.25,6.10264341769233
5.25d,5.25,43.75,raw,23887,71,0,17.75,4.75394593143939
5.25d,5.25,43.75,raw,23891,58,0,14.5,4.29673985699156
5.25d,5.25,43.75,raw,23897,5,0,1.25,1.26156626101008
5.25d,5.25,43.75,raw,23908,87,0,21.75,5.26241010355424
5.25d,5.25,43.75,raw,23922,12,0,3,1.95441004761168
5.25d,5.25,43.75,raw,23926,290,0,72.5,9.60780240186586
5.25d,5.25,43.75,raw,23937,63,0,15.75,4.47811599108138
5.25d,5.25,43.75,raw,23942,297,0,74.25,9.72306722164286
5.25d,5.25,43.75,raw,23962,37,0,9.25,3.43183125878885
5.25d,5.25,43.75,raw,23967,145,0,36.25,6.79374223065974
5.25d,5.25,43.75,raw,23994,8,0,2,1.59576912160573
5.25d,5.25,43.75,raw,24022,48,0,12,3.90882009522336
5.25d,5.25,43.75,raw,24031,5,0,1.25,1.26156626101008
5.25d,5.25,43.75,raw,24039,53,0,13.25,4.10736216661508
5.25d,5.25,43.75,raw,24053,317,0,79.25,10.0451099506308
5.25d,5.25,43.75,raw,24056,90,0,22.5,5.35237234845831
5.25d,5.25,43.75,raw,24057,174,0,43.5,7.44217173921562
5.25d,5.25,43.75,raw,24068,95,0,23.75,5.4990398423234
5.25d,5.25,43.75,raw,24091,21,0,5.25,2.58544147291321
5.25d,5.25,43.75,raw,24100,103,0,25.75,5.72589890558072
5.25d,5.25,43.75,raw,24106,87,0,21.75,5.26241010355424
5.25d,5.25,43.75,raw,24111,62,0,15.5,4.44243322329048
5.25d,5.25,43.75,raw,24133,45,0,11.25,3.78469878303024
5.25d,5.25,43.75,raw,24156,30,1,7.5,3.09019361618552
5.25d,5.25,43.75,raw,24160,35,1,8.75,3.33779058906227
5.25d,5.25,43.75,raw,24162,4410,1,1102.5,37.4666064392082
5.25d,5.25,43.75,raw,24166,298,1,74.5,9.73942226637543
5.25d,5.25,43.75,raw,24168,61,1,15.25,4.40646151205377
5.25d,5.25,43.75,raw,24171,115,1,28.75,6.0502592432999
5.25d,5.25,43.75,raw,24173,49,1,12.25,3.94932708483429
5.25d,5.25,43.75,raw,24176,163,1,40.75,7.20309040953658
5.25d,5.25,43.75,raw,24177,98,1,24.5,5.58519192562006
5.25d,5.25,43.75,raw,24181,242,1,60.5,8.77673016883152
5.25d,5.25,43.75,raw,24182,6,1,1.5,1.38197659788534
5.25d,5.25,43.75,raw,24184,86,1,21.5,5.23207895695449
5.25d,5.25,43.75,raw,24185,11,1,2.75,1.87120515925478
5.25d,5.25,43.75,raw,24191,419,1,104.75,11.5486727510571
5.25d,5.25,43.75,raw,24193,97,1,24.25,5.55662298161641
5.25d,5.25,43.75,raw,24195,43,1,10.75,3.69963851016596
5.25d,5.25,43.75,raw,24196,48,1,12,3.90882009522336
5.25d,5.25,43.75,raw,24198,125,1,31.25,6.3078313050504
5.25d,5.25,43.75,raw,24199,8,1,2,1.59576912160573
5.25d,5.25,43.75,raw,24202,82,1,20.5,5.10895396995029
5.25d,5.25,43.75,raw,24203,77,1,19.25,4.95074350336915
5.25d,5.25,43.75,raw,24204,181,1,45.25,7.5903945483266
5.25d,5.25,43.75,raw,24206,440,1,110,11.8345405454064
5.25d,5.25,43.75,raw,24209,5,1,1.25,1.26156626101008
5.25d,5.25,43.75,raw,24211,115,1,28.75,6.0502592432999
5d,5,48.98,raw,9,7,1,1.75,1.49270533036046
5d,5,48.98,raw,26,7,1,1.75,1.49270533036046
5d,5,48.98,raw,34,8,1,2,1.59576912160573
5d,5,48.98,raw,36,5,1,1.25,1.26156626101008
5d,5,48.98,raw,48,5,1,1.25,1.26156626101008
5d,5,48.98,raw,67,11,1,2.75,1.87120515925478
5d,5,48.98,raw,89,6,1,1.49999999999999,1.38197659788534
5d,5,48.98,raw,90,6,1,1.49999999999999,1.38197659788534
5d,5,48.98,raw,96,17,1,4.25,2.32621324584064
5d,5,48.98,raw,101,13,1,3.25,2.03421447256411
5d,5,48.98,raw,111,6,1,1.5,1.38197659788534
5d,5,48.98,raw,117,8,0,2,1.59576912160573
5d,5,48.98,raw,125,12,1,2.99999999999999,1.95441004761168
5d,5,48.98,raw,137,11,1,2.75,1.87120515925478
5d,5,48.98,raw,141,19,1,4.75,2.45924537968297
5d,5,48.98,raw,144,20,1,5,2.52313252202016
5d,5,48.98,raw,150,54,1,13.5,4.14592979365603
5d,5,48.98,raw,158,15,1,3.75,2.18509686118416
5d,5,48.98,raw,159,8,0,2,1.59576912160573
5d,5,48.98,raw,169,11,0,2.75,1.87120515925478
5d,5,48.98,raw,170,19,1,4.75,2.45924537968297
5d,5,48.98,raw,176,8,1,2,1.59576912160573
5d,5,48.98,raw,189,56,1,14,4.22200824564475
5d,5,48.98,raw,199,53,1,13.25,4.10736216661508
5d,5,48.98,raw,202,67,1,16.75,4.61809077155419
5d,5,48.98,raw,208,62,1,15.5,4.44243322329048
5d,5,48.98,raw,210,119,1,29.75,6.15458174499869
5d,5,48.98,raw,212,28,1,7,2.98541066072092
5d,5,48.98,raw,223,105,1,26.25,5.78122288528111
5d,5,48.98,raw,231,42,1,10.5,3.65636639571573
5d,5,48.98,raw,245,13,1,3.25,2.03421447256411
5d,5,48.98,raw,254,83,1,20.75,5.14001172695692
5d,5,48.98,raw,262,7,0,1.75,1.49270533036046
5d,5,48.98,raw,276,6,0,1.5,1.38197659788534
5d,5,48.98,raw,279,51,0,12.75,4.0291195310357
5d,5,48.98,raw,280,8,0,2,1.59576912160573
5d,5,48.98,raw,295,23,0,5.75,2.705758189903
5d,5,48.98,raw,302,7,0,1.75,1.49270533036046
5d,5,48.98,raw,316,105,1,26.25,5.78122288528111
5d,5,48.98,raw,322,48,0,12,3.90882009522336
5d,5,48.98,raw,390,61,0,15.25,4.40646151205377
5d,5,48.98,raw,395,186,1,46.5,7.69452005197108
5d,5,48.98,raw,399,104,0,26,5.75362739175159
5d,5,48.98,raw,401,21,0,5.25,2.58544147291321
5d,5,48.98,raw,406,10,0,2.5,1.78412411615277
5d,5,48.98,raw,408,5,0,1.25,1.26156626101008
5d,5,48.98,raw,416,120,1,30,6.18038723237103
5d,5,48.98,raw,417,27,0,6.75,2.93161507141752
5d,5,48.98,raw,427,25,0,6.25,2.82094791773878
5d,5,48.98,raw,428,164,1,41,7.22515199384357
5d,5,48.98,raw,439,146,1,36.5,6.81712867583072
5d,5,48.98,raw,476,15,0,3.75,2.18509686118416
5d,5,48.98,raw,484,250,1,62.5,8.92062058076386
5d,5,48.98,raw,496,44,0,11,3.74241031850956
5d,5,48.98,raw,503,8,0,2,1.59576912160573
5d,5,48.98,raw,515,240,1,60,8.74038744473663
5d,5,48.98,raw,521,72,0,18,4.78730736481719
5d,5,48.98,raw,532,42,0,10.5,3.65636639571573
5d,5,48.98,raw,551,70,0,17.5,4.72034871941315
5d,5,48.98,raw,555,118,0,29.5,6.12866760150094
5d,5,48.98,raw,560,159,0,39.75,7.1141599576635
5d,5,48.98,raw,579,193,1,48.25,7.83797218886822
5d,5,48.98,raw,613,433,1,108.25,11.7400247324093
5d,5,48.98,raw,645,169,0,42.25,7.33446458612083
5d,5,48.98,raw,649,7,0,1.75,1.49270533036046
5d,5,48.98,raw,652,32,0,8,3.19153824321146
5d,5,48.98,raw,671,34,0,8.5,3.28976232123977
5d,5,48.98,raw,676,121,0,30.25,6.20608541902532
5d,5,48.98,raw,683,7,0,1.75,1.49270533036046
5d,5,48.98,raw,698,337,1,84.25,10.3571439906925
5d,5,48.98,raw,706,109,0,27.25,5.89031218137317
5d,5,48.98,raw,711,272,1,68,9.30485298336256
5d,5,48.98,raw,717,255,0,63.75,9.00938516086789
5d,5,48.98,raw,738,101,0,25.25,5.67003514138694
5d,5,48.98,raw,755,69,0,17.25,4.6865106579076
5d,5,48.98,raw,773,104,0,26,5.75362739175159
5d,5,48.98,raw,784,307,1,76.75,9.88540009602159
5d,5,48.98,raw,799,24,0,6,2.76395319577068
5d,5,48.98,raw,807,41,1,10.25,3.61257599692178
5d,5,48.98,raw,814,8,0,2,1.59576912160573
5d,5,48.98,raw,817,9,0,2.25,1.69256875064327
5d,5,48.98,raw,828,29,0,7.25,3.03825388987325
5d,5,48.98,raw,840,40,0,10,3.56824823230554
5d,5,48.98,raw,850,567,1,141.75,13.4343479732442
5d,5,48.98,raw,859,47,0,11.75,3.86788891394752
5d,5,48.98,raw,890,53,0,13.25,4.10736216661508
5d,5,48.98,raw,901,166,0,41.5,7.26907429501923
5d,5,48.98,raw,904,284,0,71,9.50789186287878
5d,5,48.98,raw,911,7,0,1.75,1.49270533036046
5d,5,48.98,raw,921,30,0,7.5,3.09019361618552
5d,5,48.98,raw,925,40,0,10,3.56824823230554
5d,5,48.98,raw,932,79,0,19.75,5.01462670679677
5d,5,48.98,raw,935,45,0,11.25,3.78469878303024
5d,5,48.98,raw,939,17,0,4.25,2.32621324584064
5d,5,48.98,raw,950,40,0,10,3.56824823230554
5d,5,48.98,raw,1010,31,1,7.75,3.14127465715711
5d,5,48.98,raw,1044,62,1,15.5,4.44243322329048
5d,5,48.98,raw,1080,6,0,1.5,1.38197659788534
5d,5,48.98,raw,1100,42,0,10.5,3.65636639571573
5d,5,48.98,raw,1113,116,0,29,6.0765077797465
5d,5,48.98,raw,1131,8,0,2,1.59576912160573
5d,5,48.98,raw,1132,539,0,134.75,13.0984361147834
5d,5,48.98,raw,1147,265,0,66.25,9.18434101276213
5d,5,48.98,raw,1151,139,0,34.75,6.65169709018284
5d,5,48.98,raw,1164,117,0,29.25,6.10264341769233
5d,5,48.98,raw,1175,68,0,17,4.65242649168128
5d,5,48.98,raw,1176,5,0,1.25,1.26156626101008
5d,5,48.98,raw,1187,50,0,12.5,3.98942280401433
5d,5,48.98,raw,1214,166,0,41.5,7.26907429501923
5d,5,48.98,raw,1219,12,0,3,1.95441004761168
5d,5,48.98,raw,1244,88,0,22,5.29256742840123
5d,5,48.98,raw,1249,12,0,3,1.95441004761168
5d,5,48.98,raw,1252,363,0,90.75,10.7492552618642
5d,5,48.98,raw,1255,7,1,1.75,1.49270533036046
5d,5,48.98,raw,1262,448,0,112,11.9416426428837
5d,5,48.98,raw,1266,393,0,98.25,11.1846227147021
5d,5,48.98,raw,1272,671,0,167.75,14.6145794886245
5d,5,48.98,raw,1285,580,0,145,13.5874844613195
5d,5,48.98,raw,1291,8,0,2,1.59576912160573
5d,5,48.98,raw,1305,234,0,58.5,8.63044108762739
5d,5,48.98,raw,1306,32,0,8,3.19153824321146
5d,5,48.98,raw,1346,455,0,113.75,12.0345751156252
5d,5,48.98,raw,1359,99,0,24.75,5.61361547776433
5d,5,48.98,raw,1361,10,0,2.5,1.78412411615277
5d,5,48.98,raw,1368,6,0,1.5,1.38197659788534
5d,5,48.98,raw,1377,6,0,1.5,1.38197659788534
5d,5,48.98,raw,1379,136,0,34,6.57952464247954
5d,5,48.98,raw,1386,536,0,134,13.0619332028039
5d,5,48.98,raw,1396,13,0,3.25,2.03421447256411
5d,5,48.98,raw,1400,155,0,38.75,7.02410366940064
5d,5,48.98,raw,1402,120,0,30,6.18038723237103
5d,5,48.98,raw,1410,158,0,39.5,7.09175309899033
5d,5,48.98,raw,1413,6,0,1.5,1.38197659788534
5d,5,48.98,raw,1447,124,1,31,6.28254931431422
5d,5,48.98,raw,1453,447,1,111.75,11.9283074710604
5d,5,48.98,raw,1455,371,0,92.75,10.8670588373389
5d,5,48.98,raw,1458,32,0,8,3.19153824321146
5d,5,48.98,raw,1461,9,0,2.25,1.69256875064327
5d,5,48.98,raw,1471,421,0,105.25,11.5762024033521
5d,5,48.98,raw,1491,97,0,24.25,5.55662298161641
5d,5,48.98,raw,1507,39,0,9.75,3.52336281997296
5d,5,48.98,raw,1521,330,0,82.5,10.2490127544389
5d,5,48.98,raw,1536,29,0,7.25,3.03825388987325
5d,5,48.98,raw,1537,82,0,20.5,5.10895396995029
5d,5,48.98,raw,1564,174,0,43.5,7.44217173921562
5d,5,48.98,raw,1585,11,1,2.75,1.87120515925478
5d,5,48.98,raw,1601,165,0,41.25,7.24714641913115
5d,5,48.98,raw,1619,80,0,20,5.04626504404032
5d,5,48.98,raw,1622,15,1,3.75,2.18509686118416
5d,5,48.98,raw,1632,210,0,52.5,8.17588381146626
5d,5,48.98,raw,1669,493,0,123.25,12.5270417053911
5d,5,48.98,raw,1677,6,0,1.5,1.38197659788534
5d,5,48.98,raw,1689,34,0,8.5,3.28976232123977
5d,5,48.98,raw,1691,7,0,1.75,1.49270533036046
5d,5,48.98,raw,1693,86,0,21.5,5.23207895695449
5d,5,48.98,raw,1695,86,0,21.5,5.23207895695449
5d,5,48.98,raw,1701,239,0,59.75,8.72215929675249
5d,5,48.98,raw,1704,12,0,3,1.95441004761168
5d,5,48.98,raw,1712,9,0,2.25,1.69256875064327
5d,5,48.98,raw,1713,150,0,37.5,6.90988298942671
5d,5,48.98,raw,1722,293,0,73.25,9.65737006911564
5d,5,48.98,raw,1750,99,1,24.75,5.61361547776433
5d,5,48.98,raw,1763,178,0,44.5,7.5272278921735
5d,5,48.98,raw,1765,12,0,3,1.95441004761168
5d,5,48.98,raw,1776,691,0,172.75,14.8307832346441
5d,5,48.98,raw,1784,327,0,81.75,10.2023199705802
5d,5,48.98,raw,1788,11,0,2.75,1.87120515925478
5d,5,48.98,raw,1790,6,1,1.5,1.38197659788534
5d,5,48.98,raw,1802,121,0,30.25,6.20608541902532
5d,5,48.98,raw,1805,41,0,10.25,3.61257599692178
5d,5,48.98,raw,1844,79,0,19.75,5.01462670679677
5d,5,48.98,raw,1853,84,0,21,5.17088294582641
5d,5,48.98,raw,1872,9,0,2.25,1.69256875064327
5d,5,48.98,raw,1883,263,0,65.75,9.14961748196814
5d,5,48.98,raw,1889,43,0,10.75,3.69963851016596
5d,5,48.98,raw,1909,7,0,1.75,1.49270533036046
5d,5,48.98,raw,1910,204,0,51,8.0582390620714
5d,5,48.98,raw,1925,141,0,35.25,6.69938011698952
5d,5,48.98,raw,1939,552,0,138,13.255453865238
5d,5,48.98,raw,1951,406,0,101.5,11.3681051099389
5d,5,48.98,raw,1955,90,0,22.5,5.35237234845831
5d,5,48.98,raw,1963,12,0,3,1.95441004761168
5d,5,48.98,raw,1971,43,0,10.75,3.69963851016596
5d,5,48.98,raw,1975,9,0,2.25,1.69256875064327
5d,5,48.98,raw,1983,412,0,103,11.4517978111614
5d,5,48.98,raw,2013,82,0,20.5,5.10895396995029
5d,5,48.98,raw,2024,83,0,20.75,5.14001172695692
5d,5,48.98,raw,2037,8,0,2,1.59576912160573
5d,5,48.98,raw,2053,281,0,70.25,9.45754080179648
5d,5,48.98,raw,2056,9,0,2.25,1.69256875064327
5d,5,48.98,raw,2069,39,0,9.75,3.52336281997296
5d,5,48.98,raw,2071,21,0,5.25,2.58544147291321
5d,5,48.98,raw,2073,26,0,6.5,2.8768136958758
5d,5,48.98,raw,2076,448,0,112,11.9416426428837
5d,5,48.98,raw,2089,29,0,7.25,3.03825388987325
5d,5,48.98,raw,2093,89,1,22.25,5.32255388609241
5d,5,48.98,raw,2097,82,0,20.5,5.10895396995029
5d,5,48.98,raw,2107,14,0,3.5,2.11100412282238
5d,5,48.98,raw,2119,369,0,92.25,10.8377279907654
5d,5,48.98,raw,2127,9,0,2.25,1.69256875064327
5d,5,48.98,raw,2130,11,0,2.75,1.87120515925478
5d,5,48.98,raw,2138,233,0,58.25,8.61198022993685
5d,5,48.98,raw,2140,8,0,2,1.59576912160573
5d,5,48.98,raw,2163,201,0,50.25,7.99876785029682
5d,5,48.98,raw,2168,427,0,106.75,11.6584013226719
5d,5,48.98,raw,2188,20,0,5,2.52313252202016
5d,5,48.98,raw,2192,5,0,1.25,1.26156626101008
5d,5,48.98,raw,2193,20,0,5,2.52313252202016
5d,5,48.98,raw,2213,12,0,3,1.95441004761168
5d,5,48.98,raw,2214,433,0,108.25,11.7400247324093
5d,5,48.98,raw,2238,20,0,5,2.52313252202016
5d,5,48.98,raw,2247,56,0,14,4.22200824564475
5d,5,48.98,raw,2286,35,0,8.75,3.33779058906227
5d,5,48.98,raw,2298,35,0,8.75,3.33779058906227
5d,5,48.98,raw,2301,25,0,6.25,2.82094791773878
5d,5,48.98,raw,2304,30,0,7.5,3.09019361618552
5d,5,48.98,raw,2330,5,0,1.25,1.26156626101008
5d,5,48.98,raw,2363,32,0,8,3.19153824321146
5d,5,48.98,raw,2377,14,0,3.5,2.11100412282238
5d,5,48.98,raw,2410,136,0,34,6.57952464247954
5d,5,48.98,raw,2432,58,0,14.5,4.29673985699156
5d,5,48.98,raw,2435,177,0,44.25,7.50605421340207
5d,5,48.98,raw,2438,127,0,31.75,6.35809370372452
5d,5,48.98,raw,2439,6,0,1.5,1.38197659788534
5d,5,48.98,raw,2456,147,0,36.75,6.84043516664088
5d,5,48.98,raw,2461,261,0,65.25,9.11476166961975
5d,5,48.98,raw,2467,293,1,73.25,9.65737006911564
5d,5,48.98,raw,2478,583,0,145.75,13.6225791847634
5d,5,48.98,raw,2484,202,0,50.5,8.01864059608146
5d,5,48.98,raw,2487,239,0,59.75,8.72215929675249
5d,5,48.98,raw,2494,6,0,1.5,1.38197659788534
5d,5,48.98,raw,2497,691,0,172.75,14.8307832346441
5d,5,48.98,raw,2511,5,0,1.25,1.26156626101008
5d,5,48.98,raw,2521,115,0,28.75,6.0502592432999
5d,5,48.98,raw,2533,173,0,43.25,7.42075537326193
5d,5,48.98,raw,2541,77,0,19.25,4.95074350336915
5d,5,48.98,raw,2550,61,0,15.25,4.40646151205377
5d,5,48.98,raw,2561,8,0,2,1.59576912160573
5d,5,48.98,raw,2569,52,0,13,4.06842894512822
5d,5,48.98,raw,2572,164,0,41,7.22515199384357
5d,5,48.98,raw,2577,167,0,41.75,7.29093622196032
5d,5,48.98,raw,2586,26,0,6.5,2.8768136958758
5d,5,48.98,raw,2587,36,0,9,3.38513750128654
5d,5,48.98,raw,2589,80,0,20,5.04626504404032
5d,5,48.98,raw,2595,131,0,32.75,6.45744493511765
5d,5,48.98,raw,2630,441,0,110.25,11.8479812545029
5d,5,48.98,raw,2632,61,0,15.25,4.40646151205377
5d,5,48.98,raw,2639,124,0,31,6.28254931431422
5d,5,48.98,raw,2643,132,0,33,6.48204481442857
5d,5,48.98,raw,2647,545,0,136.25,13.1711384462455
5d,5,48.98,raw,2654,561,0,140.25,13.3630777199381
5d,5,48.98,raw,2671,10,0,2.5,1.78412411615277
5d,5,48.98,raw,2674,5,0,1.25,1.26156626101008
5d,5,48.98,raw,2679,181,1,45.25,7.5903945483266
5d,5,48.98,raw,2681,14,1,3.5,2.11100412282238
5d,5,48.98,raw,2687,6,0,1.5,1.38197659788534
5d,5,48.98,raw,2693,117,0,29.25,6.10264341769233
5d,5,48.98,raw,2708,59,0,14.75,4.33362242065961
5d,5,48.98,raw,2732,8,0,2,1.59576912160573
5d,5,48.98,raw,2733,15,0,3.75,2.18509686118416
5d,5,48.98,raw,2737,54,0,13.5,4.14592979365603
5d,5,48.98,raw,2740,6,0,1.5,1.38197659788534
5d,5,48.98,raw,2762,121,0,30.25,6.20608541902532
5d,5,48.98,raw,2764,16,0,4,2.25675833419103
5d,5,48.98,raw,2783,167,0,41.75,7.29093622196032
5d,5,48.98,raw,2789,44,0,11,3.74241031850956
5d,5,48.98,raw,2799,464,0,116,12.153015559493
5d,5,48.98,raw,2806,17,0,4.25,2.32621324584064
5d,5,48.98,raw,2812,7,0,1.75,1.49270533036046
5d,5,48.98,raw,2817,73,0,18.25,4.82043791490117
5d,5,48.98,raw,2831,242,0,60.5,8.77673016883152
5d,5,48.98,raw,2834,31,0,7.75,3.14127465715711
5d,5,48.98,raw,2843,13,1,3.25,2.03421447256411
5d,5,48.98,raw,2862,57,0,14.25,4.25953794588991
5d,5,48.98,raw,2866,197,0,49.25,7.91877816195193
5d,5,48.98,raw,2872,53,0,13.25,4.10736216661508
5d,5,48.98,raw,2875,145,0,36.25,6.79374223065974
5d,5,48.98,raw,2880,238,0,59.5,8.70389297451101
5d,5,48.98,raw,2882,53,0,13.25,4.10736216661508
5d,5,48.98,raw,2893,172,0,43,7.39927702033192
5d,5,48.98,raw,2915,36,0,9,3.38513750128654
5d,5,48.98,raw,2928,51,0,12.75,4.0291195310357
5d,5,48.98,raw,2932,29,0,7.25,3.03825388987325
5d,5,48.98,raw,2955,122,0,30.5,6.2316776324215
5d,5,48.98,raw,2957,11,0,2.75,1.87120515925478
5d,5,48.98,raw,2962,29,0,7.25,3.03825388987325
5d,5,48.98,raw,2982,111,0,27.75,5.94410610322534
5d,5,48.98,raw,2994,134,0,33.5,6.53096660140197
5d,5,48.98,raw,2995,25,0,6.25,2.82094791773878
5d,5,48.98,raw,3006,167,0,41.75,7.29093622196032
5d,5,48.98,raw,3012,69,0,17.25,4.6865106579076
5d,5,48.98,raw,3019,57,0,14.25,4.25953794588991
5d,5,48.98,raw,3031,500,0,125,12.6156626101008
5d,5,48.98,raw,3035,313,0,78.25,9.98153266665628
5d,5,48.98,raw,3052,198,0,49.5,7.93885114260184
5d,5,48.98,raw,3065,556,0,139,13.3033941803657
5d,5,48.98,raw,3074,71,0,17.75,4.75394593143939
5d,5,48.98,raw,3087,391,0,97.75,11.1561268143501
5d,5,48.98,raw,3090,9,0,2.25,1.69256875064327
5d,5,48.98,raw,3110,7,0,1.75,1.49270533036046
5d,5,48.98,raw,3114,64,0,16,4.51351666838205
5d,5,48.98,raw,3119,101,1,25.25,5.67003514138694
5d,5,48.98,raw,3126,115,0,28.75,6.0502592432999
5d,5,48.98,raw,3140,18,0,4.5,2.3936536824086
5d,5,48.98,raw,3144,33,0,8.25,3.24102240721429
5d,5,48.98,raw,3151,25,0,6.25,2.82094791773878
5d,5,48.98,raw,3159,17,0,4.25,2.32621324584064
5d,5,48.98,raw,3188,15,0,3.75,2.18509686118416
5d,5,48.98,raw,3209,66,0,16.5,4.58349784423754
5d,5,48.98,raw,3211,104,0,26,5.75362739175159
5d,5,48.98,raw,3216,43,0,10.75,3.69963851016596
5d,5,48.98,raw,3221,5,0,1.25,1.26156626101008
5d,5,48.98,raw,3227,267,0,66.75,9.21893375673522
5d,5,48.98,raw,3235,40,0,10,3.56824823230554
5d,5,48.98,raw,3238,24,0,6,2.76395319577068
5d,5,48.98,raw,3246,67,0,16.75,4.61809077155419
5d,5,48.98,raw,3264,13,0,3.25,2.03421447256411
5d,5,48.98,raw,3289,153,0,38.25,6.97863973752192
5d,5,48.98,raw,3305,70,0,17.5,4.72034871941315
5d,5,48.98,raw,3306,7,0,1.75,1.49270533036046
5d,5,48.98,raw,3316,308,0,77,9.90148700673831
5d,5,48.98,raw,3317,6,0,1.5,1.38197659788534
5d,5,48.98,raw,3318,68,0,17,4.65242649168128
5d,5,48.98,raw,3319,105,0,26.25,5.78122288528111
5d,5,48.98,raw,3323,15,1,3.75,2.18509686118416
5d,5,48.98,raw,3325,13,1,3.25,2.03421447256411
5d,5,48.98,raw,3327,7,0,1.75,1.49270533036046
5d,5,48.98,raw,3329,299,0,74.75,9.75574989270191
5d,5,48.98,raw,3335,227,0,56.75,8.50037317790934
5d,5,48.98,raw,3361,268,1,67,9.23618154310838
5d,5,48.98,raw,3374,181,0,45.25,7.5903945483266
5d,5,48.98,raw,3392,58,0,14.5,4.29673985699156
5d,5,48.98,raw,3408,15,0,3.75,2.18509686118416
5d,5,48.98,raw,3412,8,0,2,1.59576912160573
5d,5,48.98,raw,3456,129,0,32.25,6.40796186924587
5d,5,48.98,raw,3463,75,0,18.75,4.8860251190292
5d,5,48.98,raw,3465,228,0,57,8.51907589177983
5d,5,48.98,raw,3474,24,1,6,2.76395319577068
5d,5,48.98,raw,3475,230,0,57.5,8.5563586777479
5d,5,48.98,raw,3480,63,0,15.75,4.47811599108138
5d,5,48.98,raw,3488,113,0,28.25,5.99741753913869
5d,5,48.98,raw,3503,26,0,6.5,2.8768136958758
5d,5,48.98,raw,3512,17,0,4.25,2.32621324584064
5d,5,48.98,raw,3537,60,0,15,4.37019372236832
5d,5,48.98,raw,3539,81,0,20.25,5.07770625192981
5d,5,48.98,raw,3545,582,0,145.5,13.6108909979827
5d,5,48.98,raw,3547,237,0,59.25,8.68558823716381
5d,5,48.98,raw,3552,51,0,12.75,4.0291195310357
5d,5,48.98,raw,3564,123,0,30.75,6.25716517287232
5d,5,48.98,raw,3579,8,0,2,1.59576912160573
5d,5,48.98,raw,3591,14,0,3.5,2.11100412282238
5d,5,48.98,raw,3593,28,0,7,2.98541066072092
5d,5,48.98,raw,3599,59,0,14.75,4.33362242065961
5d,5,48.98,raw,3644,475,0,118.75,12.2962268984148
5d,5,48.98,raw,3664,375,1,93.75,10.9254843059208
5d,5,48.98,raw,3665,74,0,18.5,4.85334230995512
5d,5,48.98,raw,3666,133,0,33.25,6.50655168752575
5d,5,48.98,raw,3671,703,0,175.75,14.9590056483446
5d,5,48.98,raw,3698,99,1,24.75,5.61361547776433
5d,5,48.98,raw,3723,49,0,12.25,3.94932708483429
5d,5,48.98,raw,3732,258,0,64.5,9.06222658265716
5d,5,48.98,raw,3754,6,0,1.5,1.38197659788534
5d,5,48.98,raw,3763,66,0,16.5,4.58349784423754
5d,5,48.98,raw,3793,299,0,74.75,9.75574989270191
5d,5,48.98,raw,3797,90,0,22.5,5.35237234845831
5d,5,48.98,raw,3805,8,0,2,1.59576912160573
5d,5,48.98,raw,3809,5,0,1.25,1.26156626101008
5d,5,48.98,raw,3825,5,0,1.25,1.26156626101008
5d,5,48.98,raw,3827,21,0,5.25,2.58544147291321
5d,5,48.98,raw,3833,391,0,97.75,11.1561268143501
5d,5,48.98,raw,3836,115,0,28.75,6.0502592432999
5d,5,48.98,raw,3842,5,0,1.25,1.26156626101008
5d,5,48.98,raw,3844,75,0,18.75,4.8860251190292
5d,5,48.98,raw,3848,26,0,6.5,2.8768136958758
5d,5,48.98,raw,3863,75,0,18.75,4.8860251190292
5d,5,48.98,raw,3870,172,0,43,7.39927702033192
5d,5,48.98,raw,3871,99,0,24.75,5.61361547776433
5d,5,48.98,raw,3876,33,0,8.25,3.24102240721429
5d,5,48.98,raw,3886,54,0,13.5,4.14592979365603
5d,5,48.98,raw,3890,145,0,36.25,6.79374223065974
5d,5,48.98,raw,3896,18,0,4.5,2.3936536824086
5d,5,48.98,raw,3900,310,0,77.5,9.93358267278101
5d,5,48.98,raw,3902,8,0,2,1.59576912160573
5d,5,48.98,raw,3909,41,1,10.25,3.61257599692178
5d,5,48.98,raw,3915,209,0,52.25,8.15639419182351
5d,5,48.98,raw,3919,13,0,3.25,2.03421447256411
5d,5,48.98,raw,3922,152,0,38,6.95579633830205
5d,5,48.98,raw,3932,25,0,6.25,2.82094791773878
5d,5,48.98,raw,3971,9,0,2.25,1.69256875064327
5d,5,48.98,raw,3980,36,0,9,3.38513750128654
5d,5,48.98,raw,3987,5,0,1.25,1.26156626101008
5d,5,48.98,raw,3994,111,0,27.75,5.94410610322534
5d,5,48.98,raw,4007,72,0,18,4.78730736481719
5d,5,48.98,raw,4012,154,0,38.5,7.00140860629515
5d,5,48.98,raw,4019,42,0,10.5,3.65636639571573
5d,5,48.98,raw,4034,6,0,1.5,1.38197659788534
5d,5,48.98,raw,4048,106,0,26.5,5.80868728160518
5d,5,48.98,raw,4057,74,0,18.5,4.85334230995512
5d,5,48.98,raw,4065,244,0,61,8.81292302410755
5d,5,48.98,raw,4072,318,0,79.5,10.0609414970193
5d,5,48.98,raw,4102,57,1,14.25,4.25953794588991
5d,5,48.98,raw,4104,105,1,26.25,5.78122288528111
5d,5,48.98,raw,4137,32,0,8,3.19153824321146
5d,5,48.98,raw,4145,457,0,114.25,12.0609957294575
5d,5,48.98,raw,4155,41,0,10.25,3.61257599692178
5d,5,48.98,raw,4160,11,1,2.75,1.87120515925478
5d,5,48.98,raw,4168,268,0,67,9.23618154310838
5d,5,48.98,raw,4177,115,0,28.75,6.0502592432999
5d,5,48.98,raw,4180,126,0,31.5,6.33301236846713
5d,5,48.98,raw,4200,641,0,160.25,14.284139352576
5d,5,48.98,raw,4203,6,0,1.5,1.38197659788534
5d,5,48.98,raw,4207,503,0,125.75,12.6534529971248
5d,5,48.98,raw,4210,124,0,31,6.28254931431422
5d,5,48.98,raw,4216,11,0,2.75,1.87120515925478
5d,5,48.98,raw,4232,19,0,4.75,2.45924537968297
5d,5,48.98,raw,4246,268,0,67,9.23618154310838
5d,5,48.98,raw,4302,433,0,108.25,11.7400247324093
5d,5,48.98,raw,4306,11,0,2.75,1.87120515925478
5d,5,48.98,raw,4315,6,0,1.5,1.38197659788534
5d,5,48.98,raw,4323,16,0,4,2.25675833419103
5d,5,48.98,raw,4333,879,0,219.75,16.7270556272033
5d,5,48.98,raw,4341,33,0,8.25,3.24102240721429
5d,5,48.98,raw,4352,184,0,46,7.65303985732581
5d,5,48.98,raw,4363,1196,0,299,19.5114997854038
5d,5,48.98,raw,4369,10,0,2.5,1.78412411615277
5d,5,48.98,raw,4370,19,0,4.75,2.45924537968297
5d,5,48.98,raw,4384,21,0,5.25,2.58544147291321
5d,5,48.98,raw,4387,117,0,29.25,6.10264341769233
5d,5,48.98,raw,4394,213,0,53.25,8.23407588968838
5d,5,48.98,raw,4406,15,0,3.75,2.18509686118416
5d,5,48.98,raw,4424,12,0,3,1.95441004761168
5d,5,48.98,raw,4430,31,0,7.75,3.14127465715711
5d,5,48.98,raw,4434,183,0,45.75,7.63221522047392
5d,5,48.98,raw,4439,470,0,117.5,12.2313387045892
5d,5,48.98,raw,4453,23,0,5.75,2.705758189903
5d,5,48.98,raw,4455,112,0,28,5.97082132144185
5d,5,48.98,raw,4463,32,0,8,3.19153824321146
5d,5,48.98,raw,4475,37,0,9.25,3.43183125878885
5d,5,48.98,raw,4479,14,0,3.5,2.11100412282238
5d,5,48.98,raw,4490,50,0,12.5,3.98942280401433
5d,5,48.98,raw,4506,15,0,3.75,2.18509686118416
5d,5,48.98,raw,4515,226,0,56.5,8.48162922306421
5d,5,48.98,raw,4520,752,0,188,15.4715556557901
5d,5,48.98,raw,4532,149,0,37.25,6.88681152939332
5d,5,48.98,raw,4546,37,0,9.25,3.43183125878885
5d,5,48.98,raw,4588,104,0,26,5.75362739175159
5d,5,48.98,raw,4596,12,0,3,1.95441004761168
5d,5,48.98,raw,4599,106,0,26.5,5.80868728160518
5d,5,48.98,raw,4602,284,0,71,9.50789186287878
5d,5,48.98,raw,4604,214,0,53.5,8.25338207302505
5d,5,48.98,raw,4609,35,0,8.75,3.33779058906227
5d,5,48.98,raw,4614,124,0,31,6.28254931431422
5d,5,48.98,raw,4616,232,0,58,8.59347971398312
5d,5,48.98,raw,4624,8,0,2,1.59576912160573
5d,5,48.98,raw,4675,6,0,1.5,1.38197659788534
5d,5,48.98,raw,4677,10,0,2.5,1.78412411615277
5d,5,48.98,raw,4687,81,0,20.25,5.07770625192981
5d,5,48.98,raw,4695,52,0,13,4.06842894512822
5d,5,48.98,raw,4700,107,0,26.75,5.83602243155949
5d,5,48.98,raw,4704,154,0,38.5,7.00140860629515
5d,5,48.98,raw,4705,7,0,1.75,1.49270533036046
5d,5,48.98,raw,4710,140,0,35,6.67558117812455
5d,5,48.98,raw,4715,60,0,15,4.37019372236832
5d,5,48.98,raw,4720,58,0,14.5,4.29673985699156
5d,5,48.98,raw,4774,174,0,43.5,7.44217173921562
5d,5,48.98,raw,4787,143,1,35.75,6.74672614860586
5d,5,48.98,raw,4796,22,0,5.5,2.64628371420061
5d,5,48.98,raw,4817,25,0,6.25,2.82094791773878
5d,5,48.98,raw,4826,234,0,58.5,8.63044108762739
5d,5,48.98,raw,4828,95,0,23.75,5.4990398423234
5d,5,48.98,raw,4845,5,0,1.25,1.26156626101008
5d,5,48.98,raw,4860,45,0,11.25,3.78469878303024
5d,5,48.98,raw,4864,29,0,7.25,3.03825388987325
5d,5,48.98,raw,4878,1106,0,276.5,18.7630150594
5d,5,48.98,raw,4888,87,0,21.75,5.26241010355424
5d,5,48.98,raw,4906,7,0,1.75,1.49270533036046
5d,5,48.98,raw,4916,85,0,21.25,5.2015709478601
5d,5,48.98,raw,4918,40,1,10,3.56824823230554
5d,5,48.98,raw,4928,88,0,22,5.29256742840123
5d,5,48.98,raw,4935,328,0,82,10.2179079399006
5d,5,48.98,raw,4941,72,0,18,4.78730736481719
5d,5,48.98,raw,4944,80,1,20,5.04626504404032
5d,5,48.98,raw,4949,18,0,4.5,2.3936536824086
5d,5,48.98,raw,4959,120,0,30,6.18038723237103
5d,5,48.98,raw,4976,68,0,17,4.65242649168128
5d,5,48.98,raw,4981,113,0,28.25,5.99741753913869
5d,5,48.98,raw,5017,89,0,22.25,5.32255388609241
5d,5,48.98,raw,5018,2320,0,580,27.174968922639
5d,5,48.98,raw,5020,64,0,16,4.51351666838205
5d,5,48.98,raw,5040,16,0,4,2.25675833419103
5d,5,48.98,raw,5043,268,0,67,9.23618154310838
5d,5,48.98,raw,5048,49,0,12.25,3.94932708483429
5d,5,48.98,raw,5050,835,1,208.75,16.3030290119188
5d,5,48.98,raw,5079,67,0,16.75,4.61809077155419
5d,5,48.98,raw,5089,5,0,1.25,1.26156626101008
5d,5,48.98,raw,5091,10,0,2.5,1.78412411615277
5d,5,48.98,raw,5092,1168,0,292,19.2817516596047
5d,5,48.98,raw,5094,57,0,14.25,4.25953794588991
5d,5,48.98,raw,5110,77,0,19.25,4.95074350336915
5d,5,48.98,raw,5123,439,0,109.75,11.821084554079
5d,5,48.98,raw,5124,15,0,3.75,2.18509686118416
5d,5,48.98,raw,5136,652,0,163,14.4061808190732
5d,5,48.98,raw,5142,112,0,28,5.97082132144185
5d,5,48.98,raw,5148,85,0,21.25,5.2015709478601
5d,5,48.98,raw,5163,160,0,40,7.13649646461108
5d,5,48.98,raw,5170,245,0,61.25,8.83096382707056
5d,5,48.98,raw,5174,319,0,79.75,10.0767481705473
5d,5,48.98,raw,5209,109,0,27.25,5.89031218137317
5d,5,48.98,raw,5241,1047,0,261.75,18.2556963941239
5d,5,48.98,raw,5245,59,0,14.75,4.33362242065961
5d,5,48.98,raw,5255,48,0,12,3.90882009522336
5d,5,48.98,raw,5259,12,0,3,1.95441004761168
5d,5,48.98,raw,5262,112,0,28,5.97082132144185
5d,5,48.98,raw,5265,56,0,14,4.22200824564475
5d,5,48.98,raw,5268,316,0,79,10.0292534135935
5d,5,48.98,raw,5270,89,1,22.25,5.32255388609241
5d,5,48.98,raw,5276,30,0,7.5,3.09019361618552
5d,5,48.98,raw,5285,126,0,31.5,6.33301236846713
5d,5,48.98,raw,5302,156,0,39,7.04672563994593
5d,5,48.98,raw,5308,29,0,7.25,3.03825388987325
5d,5,48.98,raw,5317,546,0,136.5,13.1832165216365
5d,5,48.98,raw,5325,33,0,8.25,3.24102240721429
5d,5,48.98,raw,5338,193,1,48.25,7.83797218886822
5d,5,48.98,raw,5339,227,0,56.75,8.50037317790934
5d,5,48.98,raw,5342,568,0,142,13.44618962206
5d,5,48.98,raw,5365,142,0,35.5,6.72309481102998
5d,5,48.98,raw,5375,5,0,1.25,1.26156626101008
5d,5,48.98,raw,5379,7,0,1.75,1.49270533036046
5d,5,48.98,raw,5394,8,0,2,1.59576912160573
5d,5,48.98,raw,5405,30,0,7.5,3.09019361618552
5d,5,48.98,raw,5409,112,0,28,5.97082132144185
5d,5,48.98,raw,5424,258,0,64.5,9.06222658265716
5d,5,48.98,raw,5433,72,0,18,4.78730736481719
5d,5,48.98,raw,5437,452,0,113,11.9948350782774
5d,5,48.98,raw,5441,29,0,7.25,3.03825388987325
5d,5,48.98,raw,5453,72,0,18,4.78730736481719
5d,5,48.98,raw,5470,10,0,2.5,1.78412411615277
5d,5,48.98,raw,5473,77,0,19.25,4.95074350336915
5d,5,48.98,raw,5481,21,0,5.25,2.58544147291321
5d,5,48.98,raw,5484,7,0,1.75,1.49270533036046
5d,5,48.98,raw,5487,96,0,24,5.52790639154137
5d,5,48.98,raw,5492,51,0,12.75,4.0291195310357
5d,5,48.98,raw,5511,62,1,15.5,4.44243322329048
5d,5,48.98,raw,5512,291,0,72.75,9.62435332266449
5d,5,48.98,raw,5515,11,0,2.75,1.87120515925478
5d,5,48.98,raw,5528,223,0,55.75,8.42514715711158
5d,5,48.98,raw,5534,8,0,2,1.59576912160573
5d,5,48.98,raw,5547,91,0,22.75,5.38202560777306
5d,5,48.98,raw,5558,154,0,38.5,7.00140860629515
5d,5,48.98,raw,5560,10,0,2.5,1.78412411615277
5d,5,48.98,raw,5563,68,0,17,4.65242649168128
5d,5,48.98,raw,5567,15,0,3.75,2.18509686118416
5d,5,48.98,raw,5577,15,0,3.75,2.18509686118416
5d,5,48.98,raw,5579,202,0,50.5,8.01864059608146
5d,5,48.98,raw,5589,133,0,33.25,6.50655168752575
5d,5,48.98,raw,5598,106,0,26.5,5.80868728160518
5d,5,48.98,raw,5608,310,0,77.5,9.93358267278101
5d,5,48.98,raw,5613,7,0,1.75,1.49270533036046
5d,5,48.98,raw,5626,69,0,17.25,4.6865106579076
5d,5,48.98,raw,5632,55,0,13.75,4.184141935942
5d,5,48.98,raw,5634,288,0,72,9.57461472963438
5d,5,48.98,raw,5650,47,0,11.75,3.86788891394752
5d,5,48.98,raw,5678,68,1,17,4.65242649168128
5d,5,48.98,raw,5699,110,0,27.5,5.9172702727032
5d,5,48.98,raw,5708,58,0,14.5,4.29673985699156
5d,5,48.98,raw,5714,136,0,34,6.57952464247954
5d,5,48.98,raw,5722,98,0,24.5,5.58519192562006
5d,5,48.98,raw,5724,97,0,24.25,5.55662298161641
5d,5,48.98,raw,5733,116,0,29,6.0765077797465
5d,5,48.98,raw,5742,12,0,3,1.95441004761168
5d,5,48.98,raw,5743,150,0,37.5,6.90988298942671
5d,5,48.98,raw,5747,28,0,7,2.98541066072092
5d,5,48.98,raw,5752,376,0,94,10.9400419197143
5d,5,48.98,raw,5758,257,0,64.25,9.04464707709672
5d,5,48.98,raw,5772,57,0,14.25,4.25953794588991
5d,5,48.98,raw,5781,77,0,19.25,4.95074350336915
5d,5,48.98,raw,5802,15,1,3.75,2.18509686118416
5d,5,48.98,raw,5803,23,0,5.75,2.705758189903
5d,5,48.98,raw,5811,101,0,25.25,5.67003514138694
5d,5,48.98,raw,5819,240,0,60,8.74038744473663
5d,5,48.98,raw,5822,186,0,46.5,7.69452005197108
5d,5,48.98,raw,5841,334,0,83.5,10.3109408874935
5d,5,48.98,raw,5863,80,0,20,5.04626504404032
5d,5,48.98,raw,5872,160,0,40,7.13649646461108
5d,5,48.98,raw,5875,74,0,18.5,4.85334230995512
5d,5,48.98,raw,5876,88,0,22,5.29256742840123
5d,5,48.98,raw,5880,6,0,1.5,1.38197659788534
5d,5,48.98,raw,5891,103,0,25.75,5.72589890558072
5d,5,48.98,raw,5894,149,0,37.25,6.88681152939332
5d,5,48.98,raw,5897,6,0,1.5,1.38197659788534
5d,5,48.98,raw,5912,32,0,8,3.19153824321146
5d,5,48.98,raw,5915,16,0,4,2.25675833419103
5d,5,48.98,raw,5934,18,1,4.5,2.3936536824086
5d,5,48.98,raw,5937,367,0,91.75,10.808317548511
5d,5,48.98,raw,5964,7,0,1.75,1.49270533036046
5d,5,48.98,raw,5970,54,0,13.5,4.14592979365603
5d,5,48.98,raw,5980,54,0,13.5,4.14592979365603
5d,5,48.98,raw,5992,143,0,35.75,6.74672614860586
5d,5,48.98,raw,5996,132,0,33,6.48204481442857
5d,5,48.98,raw,5999,7,0,1.75,1.49270533036046
5d,5,48.98,raw,6049,81,0,20.25,5.07770625192981
5d,5,48.98,raw,6055,5,0,1.25,1.26156626101008
5d,5,48.98,raw,6056,384,0,96,11.0558127830827
5d,5,48.98,raw,6067,326,0,81.5,10.1867081481662
5d,5,48.98,raw,6072,18,0,4.5,2.3936536824086
5d,5,48.98,raw,6080,184,0,46,7.65303985732581
5d,5,48.98,raw,6101,174,0,43.5,7.44217173921562
5d,5,48.98,raw,6107,125,0,31.25,6.3078313050504
5d,5,48.98,raw,6114,82,0,20.5,5.10895396995029
5d,5,48.98,raw,6137,132,0,33,6.48204481442857
5d,5,48.98,raw,6141,197,1,49.25,7.91877816195193
5d,5,48.98,raw,6146,19,0,4.75,2.45924537968297
5d,5,48.98,raw,6151,47,0,11.75,3.86788891394752
5d,5,48.98,raw,6158,51,0,12.75,4.0291195310357
5d,5,48.98,raw,6166,146,0,36.5,6.81712867583072
5d,5,48.98,raw,6175,86,0,21.5,5.23207895695449
5d,5,48.98,raw,6190,6,0,1.5,1.38197659788534
5d,5,48.98,raw,6193,94,0,23.5,5.47002095985713
5d,5,48.98,raw,6195,93,0,23.25,5.44084730672462
5d,5,48.98,raw,6200,227,0,56.75,8.50037317790934
5d,5,48.98,raw,6203,44,0,11,3.74241031850956
5d,5,48.98,raw,6206,92,0,23,5.41151637980601
5d,5,48.98,raw,6208,312,0,78,9.96557497033376
5d,5,48.98,raw,6215,237,0,59.25,8.68558823716381
5d,5,48.98,raw,6217,139,0,34.75,6.65169709018284
5d,5,48.98,raw,6234,195,0,48.75,7.8784787748549
5d,5,48.98,raw,6239,819,0,204.75,16.1460768233192
5d,5,48.98,raw,6250,62,0,15.5,4.44243322329048
5d,5,48.98,raw,6256,6,0,1.5,1.38197659788534
5d,5,48.98,raw,6260,6,1,1.5,1.38197659788534
5d,5,48.98,raw,6281,122,0,30.5,6.2316776324215
5d,5,48.98,raw,6282,124,1,31,6.28254931431422
5d,5,48.98,raw,6291,73,0,18.25,4.82043791490117
5d,5,48.98,raw,6293,55,0,13.75,4.184141935942
5d,5,48.98,raw,6297,144,0,36,6.77027500257308
5d,5,48.98,raw,6298,440,0,110,11.8345405454064
5d,5,48.98,raw,6299,9,0,2.25,1.69256875064327
5d,5,48.98,raw,6328,60,0,15,4.37019372236832
5d,5,48.98,raw,6338,313,0,78.25,9.98153266665628
5d,5,48.98,raw,6343,6,0,1.5,1.38197659788534
5d,5,48.98,raw,6352,46,0,11.5,3.82651992866291
5d,5,48.98,raw,6364,92,0,23,5.41151637980601
5d,5,48.98,raw,6368,78,0,19.5,4.98278748516688
5d,5,48.98,raw,6372,67,0,16.75,4.61809077155419
5d,5,48.98,raw,6381,100,0,25,5.64189583547756
5d,5,48.98,raw,6385,156,0,39,7.04672563994593
5d,5,48.98,raw,6394,13,0,3.25,2.03421447256411
5d,5,48.98,raw,6424,161,0,40.25,7.15876327835963
5d,5,48.98,raw,6428,113,0,28.25,5.99741753913869
5d,5,48.98,raw,6433,19,1,4.75,2.45924537968297
5d,5,48.98,raw,6438,8,0,2,1.59576912160573
5d,5,48.98,raw,6487,15,0,3.75,2.18509686118416
5d,5,48.98,raw,6498,62,0,15.5,4.44243322329048
5d,5,48.98,raw,6506,167,0,41.75,7.29093622196032
5d,5,48.98,raw,6534,344,0,86,10.464157913909
5d,5,48.98,raw,6543,5,0,1.25,1.26156626101008
5d,5,48.98,raw,6552,167,0,41.75,7.29093622196032
5d,5,48.98,raw,6554,5,1,1.25,1.26156626101008
5d,5,48.98,raw,6558,81,0,20.25,5.07770625192981
5d,5,48.98,raw,6562,311,0,77.75,9.94959168022281
5d,5,48.98,raw,6575,285,0,71.25,9.52461639974967
5d,5,48.98,raw,6593,58,0,14.5,4.29673985699156
5d,5,48.98,raw,6598,66,0,16.5,4.58349784423754
5d,5,48.98,raw,6606,373,0,93.25,10.8963107310022
5d,5,48.98,raw,6609,132,0,33,6.48204481442857
5d,5,48.98,raw,6612,24,0,6,2.76395319577068
5d,5,48.98,raw,6625,155,0,38.75,7.02410366940064
5d,5,48.98,raw,6639,57,0,14.25,4.25953794588991
5d,5,48.98,raw,6651,287,0,71.75,9.55797768017628
5d,5,48.98,raw,6674,40,0,10,3.56824823230554
5d,5,48.98,raw,6675,5,0,1.25,1.26156626101008
5d,5,48.98,raw,6679,78,0,19.5,4.98278748516688
5d,5,48.98,raw,6732,214,0,53.5,8.25338207302505
5d,5,48.98,raw,6741,6,0,1.5,1.38197659788534
5d,5,48.98,raw,6766,216,0,54,8.29185958731205
5d,5,48.98,raw,6789,12,0,3,1.95441004761168
5d,5,48.98,raw,6812,96,0,24,5.52790639154137
5d,5,48.98,raw,6816,16,0,4,2.25675833419103
5d,5,48.98,raw,6826,70,0,17.5,4.72034871941315
5d,5,48.98,raw,6832,147,0,36.75,6.84043516664088
5d,5,48.98,raw,6837,51,0,12.75,4.0291195310357
5d,5,48.98,raw,6852,221,0,55.25,8.38728113554194
5d,5,48.98,raw,6868,20,0,5,2.52313252202016
5d,5,48.98,raw,6870,8,0,2,1.59576912160573
5d,5,48.98,raw,6873,193,0,48.25,7.83797218886822
5d,5,48.98,raw,6886,31,0,7.75,3.14127465715711
5d,5,48.98,raw,6896,242,0,60.5,8.77673016883152
5d,5,48.98,raw,6909,122,0,30.5,6.2316776324215
5d,5,48.98,raw,6913,20,0,5,2.52313252202016
5d,5,48.98,raw,6923,43,0,10.75,3.69963851016596
5d,5,48.98,raw,6927,74,0,18.5,4.85334230995512
5d,5,48.98,raw,6929,25,0,6.25,2.82094791773878
5d,5,48.98,raw,6931,12,1,3,1.95441004761168
5d,5,48.98,raw,6941,80,0,20,5.04626504404032
5d,5,48.98,raw,6945,251,0,62.75,8.93844401627775
5d,5,48.98,raw,6953,388,0,97,11.1132459632328
5d,5,48.98,raw,6954,22,0,5.5,2.64628371420061
5d,5,48.98,raw,6976,80,0,20,5.04626504404032
5d,5,48.98,raw,6986,49,0,12.25,3.94932708483429
5d,5,48.98,raw,6995,11,1,2.75,1.87120515925478
5d,5,48.98,raw,6996,307,1,76.75,9.88540009602159
5d,5,48.98,raw,7015,5,0,1.25,1.26156626101008
5d,5,48.98,raw,7016,15,0,3.75,2.18509686118416
5d,5,48.98,raw,7019,102,0,25.5,5.69803548521301
5d,5,48.98,raw,7021,67,0,16.75,4.61809077155419
5d,5,48.98,raw,7025,134,0,33.5,6.53096660140197
5d,5,48.98,raw,7029,33,0,8.25,3.24102240721429
5d,5,48.98,raw,7035,19,0,4.75,2.45924537968297
5d,5,48.98,raw,7039,6,0,1.5,1.38197659788534
5d,5,48.98,raw,7042,27,0,6.75,2.93161507141752
5d,5,48.98,raw,7054,22,0,5.5,2.64628371420061
5d,5,48.98,raw,7064,6,0,1.5,1.38197659788534
5d,5,48.98,raw,7072,56,0,14,4.22200824564475
5d,5,48.98,raw,7080,34,0,8.5,3.28976232123977
5d,5,48.98,raw,7098,24,0,6,2.76395319577068
5d,5,48.98,raw,7105,25,0,6.25,2.82094791773878
5d,5,48.98,raw,7107,242,0,60.5,8.77673016883152
5d,5,48.98,raw,7115,15,0,3.75,2.18509686118416
5d,5,48.98,raw,7118,25,0,6.25,2.82094791773878
5d,5,48.98,raw,7119,8,0,2,1.59576912160573
5d,5,48.98,raw,7127,64,1,16,4.51351666838205
5d,5,48.98,raw,7148,12,0,3,1.95441004761168
5d,5,48.98,raw,7160,37,0,9.25,3.43183125878885
5d,5,48.98,raw,7167,1100,1,275,18.7120515925478
5d,5,48.98,raw,7175,91,0,22.75,5.38202560777306
5d,5,48.98,raw,7184,11,0,2.75,1.87120515925478
5d,5,48.98,raw,7201,13,0,3.25,2.03421447256411
5d,5,48.98,raw,7208,16,0,4,2.25675833419103
5d,5,48.98,raw,7226,58,0,14.5,4.29673985699156
5d,5,48.98,raw,7233,5,0,1.25,1.26156626101008
5d,5,48.98,raw,7237,21,0,5.25,2.58544147291321
5d,5,48.98,raw,7279,18,0,4.5,2.3936536824086
5d,5,48.98,raw,7288,123,0,30.75,6.25716517287232
5d,5,48.98,raw,7291,8,0,2,1.59576912160573
5d,5,48.98,raw,7292,16,0,4,2.25675833419103
5d,5,48.98,raw,7312,699,0,174.75,14.9163873120293
5d,5,48.98,raw,7320,197,0,49.25,7.91877816195193
5d,5,48.98,raw,7339,92,0,23,5.41151637980601
5d,5,48.98,raw,7348,154,0,38.5,7.00140860629515
5d,5,48.98,raw,7376,189,0,47.25,7.75632441873962
5d,5,48.98,raw,7379,80,0,20,5.04626504404032
5d,5,48.98,raw,7383,92,1,23,5.41151637980601
5d,5,48.98,raw,7405,390,0,97.5,11.1418515342684
5d,5,48.98,raw,7417,82,0,20.5,5.10895396995029
5d,5,48.98,raw,7422,743,0,185.75,15.3786945295937
5d,5,48.98,raw,7423,29,0,7.25,3.03825388987325
5d,5,48.98,raw,7433,181,0,45.25,7.5903945483266
5d,5,48.98,raw,7449,501,0,125.25,12.6282719711796
5d,5,48.98,raw,7464,221,0,55.25,8.38728113554194
5d,5,48.98,raw,7483,11,0,2.75,1.87120515925478
5d,5,48.98,raw,7486,183,0,45.75,7.63221522047392
5d,5,48.98,raw,7488,410,0,102.5,11.4239683707263
5d,5,48.98,raw,7489,5,0,1.25,1.26156626101008
5d,5,48.98,raw,7491,230,0,57.5,8.5563586777479
5d,5,48.98,raw,7508,344,1,86,10.464157913909
5d,5,48.98,raw,7517,53,0,13.25,4.10736216661508
5d,5,48.98,raw,7519,66,0,16.5,4.58349784423754
5d,5,48.98,raw,7542,174,0,43.5,7.44217173921562
5d,5,48.98,raw,7545,7,0,1.75,1.49270533036046
5d,5,48.98,raw,7551,435,0,108.75,11.767106717029
5d,5,48.98,raw,7558,265,0,66.25,9.18434101276213
5d,5,48.98,raw,7573,173,0,43.25,7.42075537326193
5d,5,48.98,raw,7588,53,0,13.25,4.10736216661508
5d,5,48.98,raw,7589,339,0,84.75,10.3878318919929
5d,5,48.98,raw,7594,29,0,7.25,3.03825388987325
5d,5,48.98,raw,7623,174,1,43.5,7.44217173921562
5d,5,48.98,raw,7630,43,0,10.75,3.69963851016596
5d,5,48.98,raw,7634,187,0,46.75,7.71517651880816
5d,5,48.98,raw,7645,42,0,10.5,3.65636639571573
5d,5,48.98,raw,7648,44,0,11,3.74241031850956
5d,5,48.98,raw,7658,81,1,20.25,5.07770625192981
5d,5,48.98,raw,7666,58,0,14.5,4.29673985699156
5d,5,48.98,raw,7704,177,0,44.25,7.50605421340207
5d,5,48.98,raw,7711,36,0,9,3.38513750128654
5d,5,48.98,raw,7718,121,0,30.25,6.20608541902532
5d,5,48.98,raw,7724,53,0,13.25,4.10736216661508
5d,5,48.98,raw,7729,64,0,16,4.51351666838205
5d,5,48.98,raw,7754,142,0,35.5,6.72309481102998
5d,5,48.98,raw,7759,10,0,2.5,1.78412411615277
5d,5,48.98,raw,7760,114,0,28.5,6.02389633252035
5d,5,48.98,raw,7762,195,0,48.75,7.8784787748549
5d,5,48.98,raw,7765,89,0,22.25,5.32255388609241
5d,5,48.98,raw,7783,238,0,59.5,8.70389297451101
5d,5,48.98,raw,7788,36,0,9,3.38513750128654
5d,5,48.98,raw,7798,6,0,1.5,1.38197659788534
5d,5,48.98,raw,7812,300,0,75,9.7720502380584
5d,5,48.98,raw,7814,25,0,6.25,2.82094791773878
5d,5,48.98,raw,7828,31,0,7.75,3.14127465715711
5d,5,48.98,raw,7830,26,0,6.5,2.8768136958758
5d,5,48.98,raw,7836,28,0,7,2.98541066072092
5d,5,48.98,raw,7841,116,1,29,6.0765077797465
5d,5,48.98,raw,7849,374,0,93.5,10.9109072690009
5d,5,48.98,raw,7853,33,0,8.25,3.24102240721429
5d,5,48.98,raw,7859,58,0,14.5,4.29673985699156
5d,5,48.98,raw,7861,128,0,32,6.38307648642292
5d,5,48.98,raw,7862,455,0,113.75,12.0345751156252
5d,5,48.98,raw,7872,266,0,66.5,9.20165364078046
5d,5,48.98,raw,7901,15,0,3.75,2.18509686118416
5d,5,48.98,raw,7905,107,0,26.75,5.83602243155949
5d,5,48.98,raw,7917,161,0,40.25,7.15876327835963
5d,5,48.98,raw,7922,53,0,13.25,4.10736216661508
5d,5,48.98,raw,7928,32,0,8,3.19153824321146
5d,5,48.98,raw,7946,109,0,27.25,5.89031218137317
5d,5,48.98,raw,7967,7,0,1.75,1.49270533036046
5d,5,48.98,raw,7986,21,0,5.25,2.58544147291321
5d,5,48.98,raw,8000,7,0,1.75,1.49270533036046
5d,5,48.98,raw,8008,133,0,33.25,6.50655168752575
5d,5,48.98,raw,8009,80,0,20,5.04626504404032
5d,5,48.98,raw,8018,62,0,15.5,4.44243322329048
5d,5,48.98,raw,8035,383,0,95.75,11.0414078091696
5d,5,48.98,raw,8038,279,0,69.75,9.42382397147133
5d,5,48.98,raw,8068,88,0,22,5.29256742840123
5d,5,48.98,raw,8078,195,0,48.75,7.8784787748549
5d,5,48.98,raw,8086,154,0,38.5,7.00140860629515
5d,5,48.98,raw,8117,23,0,5.75,2.705758189903
5d,5,48.98,raw,8125,11,0,2.75,1.87120515925478
5d,5,48.98,raw,8126,215,0,53.75,8.27264320090713
5d,5,48.98,raw,8130,90,0,22.5,5.35237234845831
5d,5,48.98,raw,8133,557,0,139.25,13.3153522899085
5d,5,48.98,raw,8135,115,0,28.75,6.0502592432999
5d,5,48.98,raw,8146,10,0,2.5,1.78412411615277
5d,5,48.98,raw,8154,96,0,24,5.52790639154137
5d,5,48.98,raw,8162,152,0,38,6.95579633830205
5d,5,48.98,raw,8166,98,0,24.5,5.58519192562006
5d,5,48.98,raw,8181,129,1,32.25,6.40796186924587
5d,5,48.98,raw,8185,139,0,34.75,6.65169709018284
5d,5,48.98,raw,8207,169,0,42.25,7.33446458612083
5d,5,48.98,raw,8230,101,0,25.25,5.67003514138694
5d,5,48.98,raw,8239,204,0,51,8.0582390620714
5d,5,48.98,raw,8258,5,1,1.25,1.26156626101008
5d,5,48.98,raw,8263,180,0,45,7.56939756606048
5d,5,48.98,raw,8267,225,0,56.25,8.46284375321634
5d,5,48.98,raw,8275,76,0,19,4.91849075936593
5d,5,48.98,raw,8277,68,0,17,4.65242649168128
5d,5,48.98,raw,8279,24,0,6,2.76395319577068
5d,5,48.98,raw,8286,22,0,5.5,2.64628371420061
5d,5,48.98,raw,8298,10,0,2.5,1.78412411615277
5d,5,48.98,raw,8317,363,0,90.75,10.7492552618642
5d,5,48.98,raw,8321,14,0,3.5,2.11100412282238
5d,5,48.98,raw,8346,48,0,12,3.90882009522336
5d,5,48.98,raw,8349,16,0,4,2.25675833419103
5d,5,48.98,raw,8369,340,0,85,10.4031418957202
5d,5,48.98,raw,8373,141,0,35.25,6.69938011698952
5d,5,48.98,raw,8380,353,1,88.25,10.6001598960996
5d,5,48.98,raw,8381,7,0,1.75,1.49270533036046
5d,5,48.98,raw,8384,883,0,220.75,16.765071711755
5d,5,48.98,raw,8392,5,0,1.25,1.26156626101008
5d,5,48.98,raw,8412,7,0,1.75000000000001,1.49270533036046
5d,5,48.98,raw,8420,130,0,32.5,6.43275098258069
5d,5,48.98,raw,8423,10,0,2.5,1.78412411615277
5d,5,48.98,raw,8425,186,0,46.5,7.69452005197108
5d,5,48.98,raw,8427,7,0,1.75,1.49270533036046
5d,5,48.98,raw,8432,58,0,14.5,4.29673985699156
5d,5,48.98,raw,8433,5,0,1.25,1.26156626101008
5d,5,48.98,raw,8444,9,0,2.25,1.69256875064327
5d,5,48.98,raw,8481,85,0,21.25,5.2015709478601
5d,5,48.98,raw,8484,65,0,16.25,4.54864184146723
5d,5,48.98,raw,8489,35,0,8.75,3.33779058906227
5d,5,48.98,raw,8494,70,0,17.5,4.72034871941315
5d,5,48.98,raw,8496,10,0,2.5,1.78412411615277
5d,5,48.98,raw,8497,67,0,16.75,4.61809077155419
5d,5,48.98,raw,8501,120,0,30,6.18038723237103
5d,5,48.98,raw,8511,77,0,19.25,4.95074350336915
5d,5,48.98,raw,8513,36,0,9,3.38513750128654
5d,5,48.98,raw,8517,182,0,45.5,7.61133360755196
5d,5,48.98,raw,8523,10,0,2.5,1.78412411615277
5d,5,48.98,raw,8528,801,0,200.25,15.9676616582772
5d,5,48.98,raw,8531,128,0,32,6.38307648642292
5d,5,48.98,raw,8540,73,0,18.25,4.82043791490117
5d,5,48.98,raw,8558,20,0,5,2.52313252202016
5d,5,48.98,raw,8568,6,0,1.5,1.38197659788534
5d,5,48.98,raw,8571,25,0,6.25,2.82094791773878
5d,5,48.98,raw,8574,477,0,119.25,12.3220864998452
5d,5,48.98,raw,8579,258,0,64.5,9.06222658265716
5d,5,48.98,raw,8609,212,1,53,8.21472433323015
5d,5,48.98,raw,8618,227,0,56.75,8.50037317790934
5d,5,48.98,raw,8622,49,0,12.25,3.94932708483429
5d,5,48.98,raw,8632,803,0,200.75,15.9875838889303
5d,5,48.98,raw,8640,9,0,2.25,1.69256875064327
5d,5,48.98,raw,8656,250,0,62.5,8.92062058076386
5d,5,48.98,raw,8662,7,0,1.75,1.49270533036046
5d,5,48.98,raw,8666,116,0,29,6.0765077797465
5d,5,48.98,raw,8674,268,0,67,9.23618154310838
5d,5,48.98,raw,8677,90,0,22.5,5.35237234845831
5d,5,48.98,raw,8682,390,0,97.5,11.1418515342684
5d,5,48.98,raw,8690,62,0,15.5,4.44243322329048
5d,5,48.98,raw,8693,95,1,23.75,5.4990398423234
5d,5,48.98,raw,8698,6,0,1.5,1.38197659788534
5d,5,48.98,raw,8710,57,0,14.25,4.25953794588991
5d,5,48.98,raw,8725,102,0,25.5,5.69803548521301
5d,5,48.98,raw,8733,72,0,18,4.78730736481719
5d,5,48.98,raw,8737,26,0,6.5,2.8768136958758
5d,5,48.98,raw,8790,16,0,4,2.25675833419103
5d,5,48.98,raw,8794,107,0,26.75,5.83602243155949
5d,5,48.98,raw,8799,160,0,40,7.13649646461108
5d,5,48.98,raw,8809,223,0,55.75,8.42514715711158
5d,5,48.98,raw,8820,89,0,22.25,5.32255388609241
5d,5,48.98,raw,8827,19,0,4.75,2.45924537968297
5d,5,48.98,raw,8843,201,0,50.25,7.99876785029682
5d,5,48.98,raw,8848,25,0,6.25,2.82094791773878
5d,5,48.98,raw,8854,8,0,2,1.59576912160573
5d,5,48.98,raw,8862,246,0,61.5,8.84896784948462
5d,5,48.98,raw,8879,189,0,47.25,7.75632441873962
5d,5,48.98,raw,8893,168,0,42,7.31273279143145
5d,5,48.98,raw,8909,16,0,4,2.25675833419103
5d,5,48.98,raw,8918,733,0,183.25,15.2748534059322
5d,5,48.98,raw,8929,588,0,147,13.6808703332818
5d,5,48.98,raw,8950,6,0,1.5,1.38197659788534
5d,5,48.98,raw,8953,65,0,16.25,4.54864184146723
5d,5,48.98,raw,8955,24,0,6,2.76395319577068
5d,5,48.98,raw,8974,82,0,20.5,5.10895396995029
5d,5,48.98,raw,8982,22,0,5.5,2.64628371420061
5d,5,48.98,raw,8989,32,0,8,3.19153824321146
5d,5,48.98,raw,8991,12,0,3,1.95441004761168
5d,5,48.98,raw,8995,88,0,22,5.29256742840123
5d,5,48.98,raw,9006,214,1,53.5,8.25338207302505
5d,5,48.98,raw,9016,193,0,48.25,7.83797218886822
5d,5,48.98,raw,9020,30,0,7.5,3.09019361618552
5d,5,48.98,raw,9037,24,0,6,2.76395319577068
5d,5,48.98,raw,9039,133,0,33.25,6.50655168752575
5d,5,48.98,raw,9066,56,0,14,4.22200824564475
5d,5,48.98,raw,9071,103,0,25.75,5.72589890558072
5d,5,48.98,raw,9074,33,0,8.25,3.24102240721429
5d,5,48.98,raw,9082,127,1,31.75,6.35809370372452
5d,5,48.98,raw,9083,166,0,41.5,7.26907429501923
5d,5,48.98,raw,9128,121,0,30.25,6.20608541902532
5d,5,48.98,raw,9143,17,0,4.25,2.32621324584064
5d,5,48.98,raw,9146,739,0,184.75,15.3372424473835
5d,5,48.98,raw,9203,149,0,37.25,6.88681152939332
5d,5,48.98,raw,9226,45,0,11.25,3.78469878303024
5d,5,48.98,raw,9233,6,0,1.5,1.38197659788534
5d,5,48.98,raw,9241,94,0,23.5,5.47002095985713
5d,5,48.98,raw,9243,80,0,20,5.04626504404032
5d,5,48.98,raw,9256,311,0,77.75,9.94959168022281
5d,5,48.98,raw,9258,103,1,25.75,5.72589890558072
5d,5,48.98,raw,9267,26,0,6.5,2.8768136958758
5d,5,48.98,raw,9274,62,0,15.5,4.44243322329048
5d,5,48.98,raw,9286,140,0,35,6.67558117812455
5d,5,48.98,raw,9290,30,0,7.5,3.09019361618552
5d,5,48.98,raw,9306,39,0,9.75,3.52336281997296
5d,5,48.98,raw,9325,5,0,1.25,1.26156626101008
5d,5,48.98,raw,9327,110,0,27.5,5.9172702727032
5d,5,48.98,raw,9330,867,0,216.75,16.6124854046993
5d,5,48.98,raw,9334,203,0,50.75,8.03846421247924
5d,5,48.98,raw,9337,131,1,32.75,6.45744493511765
5d,5,48.98,raw,9352,197,0,49.25,7.91877816195193
5d,5,48.98,raw,9373,422,0,105.5,11.5899427077773
5d,5,48.98,raw,9380,75,0,18.75,4.8860251190292
5d,5,48.98,raw,9389,18,0,4.5,2.3936536824086
5d,5,48.98,raw,9405,33,0,8.25,3.24102240721429
5d,5,48.98,raw,9410,30,0,7.5,3.09019361618552
5d,5,48.98,raw,9412,17,0,4.25,2.32621324584064
5d,5,48.98,raw,9424,37,1,9.25,3.43183125878885
5d,5,48.98,raw,9425,105,1,26.25,5.78122288528111
5d,5,48.98,raw,9446,230,0,57.5,8.5563586777479
5d,5,48.98,raw,9474,6,0,1.5,1.38197659788534
5d,5,48.98,raw,9486,16,0,4,2.25675833419103
5d,5,48.98,raw,9492,93,0,23.25,5.44084730672462
5d,5,48.98,raw,9501,1174,0,293.5,19.3312132671431
5d,5,48.98,raw,9517,99,0,24.75,5.61361547776433
5d,5,48.98,raw,9522,169,0,42.25,7.33446458612083
5d,5,48.98,raw,9529,24,1,6,2.76395319577068
5d,5,48.98,raw,9533,225,0,56.25,8.46284375321634
5d,5,48.98,raw,9536,69,0,17.25,4.6865106579076
5d,5,48.98,raw,9556,71,0,17.75,4.75394593143939
5d,5,48.98,raw,9560,10,0,2.5,1.78412411615277
5d,5,48.98,raw,9575,106,0,26.5,5.80868728160518
5d,5,48.98,raw,9588,297,0,74.25,9.72306722164286
5d,5,48.98,raw,9606,218,0,54.5,8.33015937350939
5d,5,48.98,raw,9624,6,0,1.5,1.38197659788534
5d,5,48.98,raw,9632,31,0,7.75,3.14127465715711
5d,5,48.98,raw,9641,25,0,6.25,2.82094791773878
5d,5,48.98,raw,9646,471,0,117.75,12.2443438530844
5d,5,48.98,raw,9650,61,0,15.25,4.40646151205377
5d,5,48.98,raw,9659,216,0,54,8.29185958731205
5d,5,48.98,raw,9662,70,0,17.5,4.72034871941315
5d,5,48.98,raw,9671,330,0,82.5,10.2490127544389
5d,5,48.98,raw,9676,6,0,1.5,1.38197659788534
5d,5,48.98,raw,9678,80,0,20,5.04626504404032
5d,5,48.98,raw,9688,7,0,1.75,1.49270533036046
5d,5,48.98,raw,9690,154,0,38.5,7.00140860629515
5d,5,48.98,raw,9697,30,0,7.5,3.09019361618552
5d,5,48.98,raw,9705,32,0,8,3.19153824321146
5d,5,48.98,raw,9717,337,0,84.25,10.3571439906925
5d,5,48.98,raw,9722,6,0,1.5,1.38197659788534
5d,5,48.98,raw,9723,50,0,12.5,3.98942280401433
5d,5,48.98,raw,9741,15,0,3.75,2.18509686118416
5d,5,48.98,raw,9759,21,0,5.25,2.58544147291321
5d,5,48.98,raw,9760,5,0,1.25,1.26156626101008
5d,5,48.98,raw,9773,128,0,32,6.38307648642292
5d,5,48.98,raw,9778,12,0,3,1.95441004761168
5d,5,48.98,raw,9793,8,0,2,1.59576912160573
5d,5,48.98,raw,9798,34,0,8.5,3.28976232123977
5d,5,48.98,raw,9800,6,0,1.5,1.38197659788534
5d,5,48.98,raw,9805,183,0,45.75,7.63221522047392
5d,5,48.98,raw,9809,93,0,23.25,5.44084730672462
5d,5,48.98,raw,9814,112,0,28,5.97082132144185
5d,5,48.98,raw,9826,270,1,67.5,9.27058084855655
5d,5,48.98,raw,9842,81,0,20.25,5.07770625192981
5d,5,48.98,raw,9854,119,0,29.75,6.15458174499869
5d,5,48.98,raw,9880,39,0,9.75,3.52336281997296
5d,5,48.98,raw,9893,5,0,1.25,1.26156626101008
5d,5,48.98,raw,9897,49,0,12.25,3.94932708483429
5d,5,48.98,raw,9899,7,0,1.75,1.49270533036046
5d,5,48.98,raw,9902,52,0,13,4.06842894512822
5d,5,48.98,raw,9951,187,0,46.75,7.71517651880816
5d,5,48.98,raw,9959,8,0,2,1.59576912160573
5d,5,48.98,raw,9968,348,0,87,10.5248202071085
5d,5,48.98,raw,9974,129,0,32.25,6.40796186924587
5d,5,48.98,raw,9981,252,0,63,8.95623198216277
5d,5,48.98,raw,10001,173,0,43.25,7.42075537326193
5d,5,48.98,raw,10005,27,0,6.75,2.93161507141752
5d,5,48.98,raw,10009,8,0,2,1.59576912160573
5d,5,48.98,raw,10019,25,0,6.25,2.82094791773878
5d,5,48.98,raw,10021,486,0,121.5,12.4377893809681
5d,5,48.98,raw,10029,200,0,50,7.97884560802865
5d,5,48.98,raw,10032,201,0,50.25,7.99876785029682
5d,5,48.98,raw,10039,61,0,15.25,4.40646151205377
5d,5,48.98,raw,10041,65,0,16.25,4.54864184146723
5d,5,48.98,raw,10051,5,0,1.25,1.26156626101008
5d,5,48.98,raw,10054,169,0,42.25,7.33446458612083
5d,5,48.98,raw,10064,185,0,46.25,7.67380798196054
5d,5,48.98,raw,10071,145,0,36.25,6.79374223065974
5d,5,48.98,raw,10074,10,0,2.5,1.78412411615277
5d,5,48.98,raw,10086,114,0,28.5,6.02389633252035
5d,5,48.98,raw,10094,169,0,42.25,7.33446458612083
5d,5,48.98,raw,10101,97,1,24.25,5.55662298161641
5d,5,48.98,raw,10104,35,0,8.75,3.33779058906227
5d,5,48.98,raw,10114,267,0,66.75,9.21893375673522
5d,5,48.98,raw,10137,330,0,82.5,10.2490127544389
5d,5,48.98,raw,10165,254,0,63.5,8.9917023466462
5d,5,48.98,raw,10236,172,0,43,7.39927702033192
5d,5,48.98,raw,10243,452,0,113,11.9948350782774
5d,5,48.98,raw,10256,38,0,9.5,3.47789816915102
5d,5,48.98,raw,10285,53,0,13.25,4.10736216661508
5d,5,48.98,raw,10292,111,0,27.75,5.94410610322534
5d,5,48.98,raw,10298,5,0,1.25,1.26156626101008
5d,5,48.98,raw,10316,213,0,53.25,8.23407588968838
5d,5,48.98,raw,10331,251,0,62.75,8.93844401627775
5d,5,48.98,raw,10333,131,1,32.75,6.45744493511765
5d,5,48.98,raw,10337,77,0,19.25,4.95074350336915
5d,5,48.98,raw,10402,279,0,69.75,9.42382397147133
5d,5,48.98,raw,10404,313,0,78.25,9.98153266665628
5d,5,48.98,raw,10419,20,0,5,2.52313252202016
5d,5,48.98,raw,10421,342,0,85.5,10.4336945074531
5d,5,48.98,raw,10467,138,0,34.5,6.62772693261899
5d,5,48.98,raw,10508,233,0,58.25,8.61198022993685
5d,5,48.98,raw,10519,237,0,59.25,8.68558823716381
5d,5,48.98,raw,10523,165,0,41.25,7.24714641913115
5d,5,48.98,raw,10529,299,0,74.75,9.75574989270191
5d,5,48.98,raw,10532,131,0,32.75,6.45744493511765
5d,5,48.98,raw,10553,161,0,40.25,7.15876327835963
5d,5,48.98,raw,10563,291,0,72.75,9.62435332266449
5d,5,48.98,raw,10568,61,0,15.25,4.40646151205377
5d,5,48.98,raw,10574,202,0,50.5,8.01864059608146
5d,5,48.98,raw,10593,70,0,17.5,4.72034871941315
5d,5,48.98,raw,10601,32,0,8,3.19153824321146
5d,5,48.98,raw,10606,90,1,22.5,5.35237234845831
5d,5,48.98,raw,10609,371,1,92.75,10.8670588373389
5d,5,48.98,raw,10614,126,0,31.5,6.33301236846713
5d,5,48.98,raw,10623,484,0,121,12.4121708380506
5d,5,48.98,raw,10649,48,0,12,3.90882009522336
5d,5,48.98,raw,10652,15,0,3.75,2.18509686118416
5d,5,48.98,raw,10656,243,0,60.75,8.79484521425256
5d,5,48.98,raw,10657,24,0,6,2.76395319577068
5d,5,48.98,raw,10660,12,0,3,1.95441004761168
5d,5,48.98,raw,10684,19,0,4.75,2.45924537968297
5d,5,48.98,raw,10686,41,0,10.25,3.61257599692178
5d,5,48.98,raw,10689,36,0,9,3.38513750128654
5d,5,48.98,raw,10715,50,0,12.5,3.98942280401433
5d,5,48.98,raw,10722,11,0,2.75,1.87120515925478
5d,5,48.98,raw,10727,74,0,18.5,4.85334230995512
5d,5,48.98,raw,10735,416,0,104,11.5072547835032
5d,5,48.98,raw,10737,13,0,3.25,2.03421447256411
5d,5,48.98,raw,10762,218,0,54.5,8.33015937350939
5d,5,48.98,raw,10766,44,0,11,3.74241031850956
5d,5,48.98,raw,10773,356,0,89,10.6451077721848
5d,5,48.98,raw,10797,45,0,11.25,3.78469878303024
5d,5,48.98,raw,10820,58,0,14.5,4.29673985699156
5d,5,48.98,raw,10827,5,0,1.25,1.26156626101008
5d,5,48.98,raw,10829,184,0,46,7.65303985732581
5d,5,48.98,raw,10833,12,0,3,1.95441004761168
5d,5,48.98,raw,10840,23,0,5.75,2.705758189903
5d,5,48.98,raw,10859,214,0,53.5,8.25338207302505
5d,5,48.98,raw,10878,253,0,63.25,8.97398468933946
5d,5,48.98,raw,10882,141,0,35.25,6.69938011698952
5d,5,48.98,raw,10907,12,0,3.00000000000001,1.95441004761168
5d,5,48.98,raw,10914,55,0,13.75,4.184141935942
5d,5,48.98,raw,10915,117,0,29.25,6.10264341769233
5d,5,48.98,raw,10917,6,0,1.5,1.38197659788534
5d,5,48.98,raw,10931,84,0,21,5.17088294582641
5d,5,48.98,raw,10935,61,0,15.25,4.40646151205377
5d,5,48.98,raw,10944,384,0,96,11.0558127830827
5d,5,48.98,raw,10958,19,0,4.75,2.45924537968297
5d,5,48.98,raw,10964,101,0,25.25,5.67003514138694
5d,5,48.98,raw,10973,157,1,39.25,7.06927521962861
5d,5,48.98,raw,10974,107,0,26.75,5.83602243155949
5d,5,48.98,raw,10979,128,0,32,6.38307648642292
5d,5,48.98,raw,10980,17,0,4.25,2.32621324584064
5d,5,48.98,raw,10994,426,0,106.5,11.6447417968066
5d,5,48.98,raw,10996,15,0,3.75,2.18509686118416
5d,5,48.98,raw,11024,109,0,27.25,5.89031218137317
5d,5,48.98,raw,11031,6,0,1.5,1.38197659788534
5d,5,48.98,raw,11046,112,1,28,5.97082132144185
5d,5,48.98,raw,11054,253,0,63.25,8.97398468933946
5d,5,48.98,raw,11060,177,0,44.25,7.50605421340207
5d,5,48.98,raw,11071,35,0,8.75,3.33779058906227
5d,5,48.98,raw,11073,924,0,231,17.1498785661538
5d,5,48.98,raw,11086,248,0,62,8.88486644658096
5d,5,48.98,raw,11090,9,0,2.25,1.69256875064327
5d,5,48.98,raw,11102,60,0,15,4.37019372236832
5d,5,48.98,raw,11111,55,0,13.75,4.184141935942
5d,5,48.98,raw,11139,290,0,72.5,9.60780240186586
5d,5,48.98,raw,11146,16,0,4,2.25675833419103
5d,5,48.98,raw,11153,159,0,39.75,7.1141599576635
5d,5,48.98,raw,11159,27,1,6.75,2.93161507141752
5d,5,48.98,raw,11161,22,0,5.5,2.64628371420061
5d,5,48.98,raw,11185,75,0,18.75,4.8860251190292
5d,5,48.98,raw,11212,275,0,68.75,9.35602579627389
5d,5,48.98,raw,11228,162,0,40.5,7.18096104722579
5d,5,48.98,raw,11241,71,0,17.75,4.75394593143939
5d,5,48.98,raw,11249,8,0,2,1.59576912160573
5d,5,48.98,raw,11252,6,0,1.5,1.38197659788534
5d,5,48.98,raw,11255,78,0,19.5,4.98278748516688
5d,5,48.98,raw,11296,184,0,46,7.65303985732581
5d,5,48.98,raw,11301,39,0,9.75,3.52336281997296
5d,5,48.98,raw,11307,72,0,18,4.78730736481719
5d,5,48.98,raw,11317,279,1,69.75,9.42382397147133
5d,5,48.98,raw,11325,6,0,1.5,1.38197659788534
5d,5,48.98,raw,11341,6,0,1.5,1.38197659788534
5d,5,48.98,raw,11346,12,0,3,1.95441004761168
5d,5,48.98,raw,11350,29,0,7.25,3.03825388987325
5d,5,48.98,raw,11355,46,0,11.5,3.82651992866291
5d,5,48.98,raw,11357,907,0,226.75,16.991382132384
5d,5,48.98,raw,11365,7,0,1.75,1.49270533036046
5d,5,48.98,raw,11372,162,0,40.5,7.18096104722579
5d,5,48.98,raw,11387,9,0,2.25,1.69256875064327
5d,5,48.98,raw,11395,332,0,83,10.2800234539138
5d,5,48.98,raw,11400,19,0,4.75,2.45924537968297
5d,5,48.98,raw,11407,6,0,1.5,1.38197659788534
5d,5,48.98,raw,11416,181,0,45.25,7.5903945483266
5d,5,48.98,raw,11428,41,0,10.25,3.61257599692178
5d,5,48.98,raw,11435,462,0,115.5,12.1267954306532
5d,5,48.98,raw,11437,522,0,130.5,12.8902195709747
5d,5,48.98,raw,11439,19,0,4.75,2.45924537968297
5d,5,48.98,raw,11444,133,0,33.25,6.50655168752575
5d,5,48.98,raw,11466,777,0,194.25,15.7266265157155
5d,5,48.98,raw,11469,15,0,3.75,2.18509686118416
5d,5,48.98,raw,11506,17,0,4.25,2.32621324584064
5d,5,48.98,raw,11539,35,0,8.75,3.33779058906227
5d,5,48.98,raw,11541,148,0,37,6.8636625175777
5d,5,48.98,raw,11552,179,0,44.75,7.54834217738561
5d,5,48.98,raw,11555,13,0,3.25,2.03421447256411
5d,5,48.98,raw,11575,170,0,42.5,7.35613218010963
5d,5,48.98,raw,11584,86,0,21.5,5.23207895695449
5d,5,48.98,raw,11595,189,0,47.25,7.75632441873962
5d,5,48.98,raw,11602,174,0,43.5,7.44217173921562
5d,5,48.98,raw,11612,106,0,26.5,5.80868728160518
5d,5,48.98,raw,11615,721,1,180.25,15.1493045364635
5d,5,48.98,raw,11618,376,1,94,10.9400419197143
5d,5,48.98,raw,11631,193,0,48.25,7.83797218886822
5d,5,48.98,raw,11633,181,0,45.25,7.5903945483266
5d,5,48.98,raw,11637,58,0,14.5,4.29673985699156
5d,5,48.98,raw,11641,32,0,8,3.19153824321146
5d,5,48.98,raw,11642,115,0,28.75,6.0502592432999
5d,5,48.98,raw,11657,366,0,91.5,10.7935822757446
5d,5,48.98,raw,11676,8,0,2,1.59576912160573
5d,5,48.98,raw,11687,96,0,24,5.52790639154137
5d,5,48.98,raw,11709,899,0,224.75,16.916281733266
5d,5,48.98,raw,11711,87,0,21.75,5.26241010355424
5d,5,48.98,raw,11723,39,0,9.75,3.52336281997296
5d,5,48.98,raw,11734,106,0,26.5,5.80868728160518
5d,5,48.98,raw,11738,9,0,2.25,1.69256875064327
5d,5,48.98,raw,11763,68,0,17,4.65242649168128
5d,5,48.98,raw,11771,22,0,5.5,2.64628371420061
5d,5,48.98,raw,11777,45,0,11.25,3.78469878303024
5d,5,48.98,raw,11790,264,0,66,9.16699568847508
5d,5,48.98,raw,11793,193,0,48.25,7.83797218886822
5d,5,48.98,raw,11798,514,0,128.5,12.7910625633084
5d,5,48.98,raw,11800,238,0,59.5,8.70389297451101
5d,5,48.98,raw,11804,296,0,74,9.70668461991024
5d,5,48.98,raw,11805,11,0,2.75,1.87120515925478
5d,5,48.98,raw,11808,173,0,43.25,7.42075537326193
5d,5,48.98,raw,11811,45,0,11.25,3.78469878303024
5d,5,48.98,raw,11816,39,0,9.75,3.52336281997296
5d,5,48.98,raw,11817,15,0,3.75,2.18509686118416
5d,5,48.98,raw,11828,5,0,1.25,1.26156626101008
5d,5,48.98,raw,11833,5,0,1.25,1.26156626101008
5d,5,48.98,raw,11840,90,0,22.5,5.35237234845831
5d,5,48.98,raw,11849,6,0,1.5,1.38197659788534
5d,5,48.98,raw,11850,45,1,11.25,3.78469878303024
5d,5,48.98,raw,11868,258,0,64.5,9.06222658265716
5d,5,48.98,raw,11875,9,0,2.25,1.69256875064327
5d,5,48.98,raw,11885,29,1,7.24999999999999,3.03825388987325
5d,5,48.98,raw,11893,112,0,28,5.97082132144185
5d,5,48.98,raw,11929,54,0,13.5,4.14592979365603
5d,5,48.98,raw,11953,143,0,35.75,6.74672614860586
5d,5,48.98,raw,11958,5,0,1.25,1.26156626101008
5d,5,48.98,raw,11971,8,0,2,1.59576912160573
5d,5,48.98,raw,11976,16,1,4,2.25675833419103
5d,5,48.98,raw,11983,129,0,32.25,6.40796186924587
5d,5,48.98,raw,12003,131,0,32.75,6.45744493511765
5d,5,48.98,raw,12006,179,0,44.75,7.54834217738561
5d,5,48.98,raw,12027,76,0,19,4.91849075936593
5d,5,48.98,raw,12069,277,0,69.25,9.38998607415954
5d,5,48.98,raw,12093,52,0,13,4.06842894512822
5d,5,48.98,raw,12097,132,0,33,6.48204481442857
5d,5,48.98,raw,12102,265,0,66.25,9.18434101276213
5d,5,48.98,raw,12111,8,0,2,1.59576912160573
5d,5,48.98,raw,12114,19,0,4.75,2.45924537968297
5d,5,48.98,raw,12128,25,0,6.25,2.82094791773878
5d,5,48.98,raw,12137,344,0,86,10.464157913909
5d,5,48.98,raw,12155,397,0,99.25,11.241397814105
5d,5,48.98,raw,12156,33,0,8.25,3.24102240721429
5d,5,48.98,raw,12171,7,0,1.75,1.49270533036046
5d,5,48.98,raw,12180,25,0,6.25,2.82094791773878
5d,5,48.98,raw,12193,10,1,2.5,1.78412411615277
5d,5,48.98,raw,12197,221,0,55.25,8.38728113554194
5d,5,48.98,raw,12201,24,0,6,2.76395319577068
5d,5,48.98,raw,12206,474,0,118.5,12.2832766821853
5d,5,48.98,raw,12210,298,0,74.5,9.73942226637543
5d,5,48.98,raw,12227,455,0,113.75,12.0345751156252
5d,5,48.98,raw,12251,5,0,1.25,1.26156626101008
5d,5,48.98,raw,12259,120,0,30,6.18038723237103
5d,5,48.98,raw,12276,18,0,4.5,2.3936536824086
5d,5,48.98,raw,12284,116,0,29,6.0765077797465
5d,5,48.98,raw,12294,9,0,2.25,1.69256875064327
5d,5,48.98,raw,12313,24,0,6,2.76395319577068
5d,5,48.98,raw,12335,210,0,52.5,8.17588381146626
5d,5,48.98,raw,12380,10,0,2.5,1.78412411615277
5d,5,48.98,raw,12386,25,0,6.25,2.82094791773878
5d,5,48.98,raw,12397,173,0,43.25,7.42075537326193
5d,5,48.98,raw,12403,59,0,14.75,4.33362242065961
5d,5,48.98,raw,12420,260,0,65,9.09728368293446
5d,5,48.98,raw,12437,1151,0,287.75,19.1409163573101
5d,5,48.98,raw,12459,48,0,12,3.90882009522336
5d,5,48.98,raw,12467,547,0,136.75,13.195283541574
5d,5,48.98,raw,12475,142,0,35.5,6.72309481102998
5d,5,48.98,raw,12488,241,0,60.25,8.75857765680556
5d,5,48.98,raw,12494,297,0,74.25,9.72306722164286
5d,5,48.98,raw,12501,203,0,50.75,8.03846421247924
5d,5,48.98,raw,12506,20,1,5,2.52313252202016
5d,5,48.98,raw,12508,172,1,43,7.39927702033192
5d,5,48.98,raw,12518,46,0,11.5,3.82651992866291
5d,5,48.98,raw,12520,60,0,15,4.37019372236832
5d,5,48.98,raw,12524,152,0,38,6.95579633830205
5d,5,48.98,raw,12525,56,0,14,4.22200824564475
5d,5,48.98,raw,12551,207,0,51.75,8.11727456970901
5d,5,48.98,raw,12565,50,0,12.5,3.98942280401433
5d,5,48.98,raw,12571,74,0,18.5,4.85334230995512
5d,5,48.98,raw,12579,911,0,227.75,17.0288081295619
5d,5,48.98,raw,12583,31,0,7.75,3.14127465715711
5d,5,48.98,raw,12584,126,0,31.5,6.33301236846713
5d,5,48.98,raw,12602,30,0,7.5,3.09019361618552
5d,5,48.98,raw,12613,74,0,18.5,4.85334230995512
5d,5,48.98,raw,12630,61,0,15.25,4.40646151205377
5d,5,48.98,raw,12640,216,0,54,8.29185958731205
5d,5,48.98,raw,12642,8,0,2,1.59576912160573
5d,5,48.98,raw,12653,47,0,11.75,3.86788891394752
5d,5,48.98,raw,12657,40,0,10,3.56824823230554
5d,5,48.98,raw,12675,220,0,55,8.368283871884
5d,5,48.98,raw,12703,66,0,16.5,4.58349784423754
5d,5,48.98,raw,12712,142,0,35.5,6.72309481102998
5d,5,48.98,raw,12725,118,0,29.5,6.12866760150094
5d,5,48.98,raw,12726,7,0,1.75,1.49270533036046
5d,5,48.98,raw,12743,33,1,8.25,3.24102240721429
5d,5,48.98,raw,12770,92,0,23,5.41151637980601
5d,5,48.98,raw,12772,47,0,11.75,3.86788891394752
5d,5,48.98,raw,12775,533,0,133.25,13.0253279934119
5d,5,48.98,raw,12782,8,0,2,1.59576912160573
5d,5,48.98,raw,12783,47,0,11.75,3.86788891394752
5d,5,48.98,raw,12797,412,0,103,11.4517978111614
5d,5,48.98,raw,12800,109,0,27.25,5.89031218137317
5d,5,48.98,raw,12816,13,0,3.25,2.03421447256411
5d,5,48.98,raw,12826,75,0,18.75,4.8860251190292
5d,5,48.98,raw,12841,297,0,74.25,9.72306722164286
5d,5,48.98,raw,12844,418,0,104.5,11.5348832861379
5d,5,48.98,raw,12870,81,0,20.25,5.07770625192981
5d,5,48.98,raw,12878,21,0,5.25,2.58544147291321
5d,5,48.98,raw,12899,85,0,21.25,5.2015709478601
5d,5,48.98,raw,12910,29,0,7.25,3.03825388987325
5d,5,48.98,raw,12912,22,0,5.5,2.64628371420061
5d,5,48.98,raw,12920,6,0,1.5,1.38197659788534
5d,5,48.98,raw,12927,41,0,10.25,3.61257599692178
5d,5,48.98,raw,12931,45,0,11.25,3.78469878303024
5d,5,48.98,raw,12932,46,0,11.5,3.82651992866291
5d,5,48.98,raw,12938,106,0,26.5,5.80868728160518
5d,5,48.98,raw,12972,238,0,59.5,8.70389297451101
5d,5,48.98,raw,12982,19,0,4.75,2.45924537968297
5d,5,48.98,raw,12991,268,0,67,9.23618154310838
5d,5,48.98,raw,13000,868,0,217,16.6220630851748
5d,5,48.98,raw,13002,72,0,18,4.78730736481719
5d,5,48.98,raw,13006,58,0,14.5,4.29673985699156
5d,5,48.98,raw,13012,208,0,52,8.13685789025644
5d,5,48.98,raw,13036,276,0,69,9.37302131581521
5d,5,48.98,raw,13041,152,0,38,6.95579633830205
5d,5,48.98,raw,13051,128,0,32,6.38307648642292
5d,5,48.98,raw,13070,110,0,27.5,5.9172702727032
5d,5,48.98,raw,13110,370,1,92.5,10.8524033231355
5d,5,48.98,raw,13123,141,0,35.25,6.69938011698952
5d,5,48.98,raw,13129,13,0,3.25,2.03421447256411
5d,5,48.98,raw,13136,268,0,67,9.23618154310838
5d,5,48.98,raw,13141,588,0,147,13.6808703332818
5d,5,48.98,raw,13147,13,0,3.25,2.03421447256411
5d,5,48.98,raw,13166,447,0,111.75,11.9283074710604
5d,5,48.98,raw,13185,114,0,28.5,6.02389633252035
5d,5,48.98,raw,13215,69,0,17.25,4.6865106579076
5d,5,48.98,raw,13233,79,0,19.75,5.01462670679677
5d,5,48.98,raw,13238,121,0,30.25,6.20608541902532
5d,5,48.98,raw,13245,21,0,5.25,2.58544147291321
5d,5,48.98,raw,13253,77,0,19.25,4.95074350336915
5d,5,48.98,raw,13298,5,0,1.25,1.26156626101008
5d,5,48.98,raw,13300,95,0,23.75,5.4990398423234
5d,5,48.98,raw,13303,75,1,18.75,4.8860251190292
5d,5,48.98,raw,13315,123,0,30.75,6.25716517287232
5d,5,48.98,raw,13319,166,0,41.5,7.26907429501923
5d,5,48.98,raw,13323,7,0,1.75,1.49270533036046
5d,5,48.98,raw,13325,174,0,43.5,7.44217173921562
5d,5,48.98,raw,13345,443,0,110.75,11.8748170335134
5d,5,48.98,raw,13349,6,0,1.5,1.38197659788534
5d,5,48.98,raw,13369,21,0,5.25,2.58544147291321
5d,5,48.98,raw,13370,112,0,28,5.97082132144185
5d,5,48.98,raw,13393,8,0,2,1.59576912160573
5d,5,48.98,raw,13407,9,0,2.25,1.69256875064327
5d,5,48.98,raw,13429,17,0,4.25,2.32621324584064
5d,5,48.98,raw,13437,26,0,6.5,2.8768136958758
5d,5,48.98,raw,13447,708,0,177,15.0121084268041
5d,5,48.98,raw,13482,1777,0,444.25,23.7831172840861
5d,5,48.98,raw,13486,85,0,21.25,5.2015709478601
5d,5,48.98,raw,13524,10,0,2.5,1.78412411615277
5d,5,48.98,raw,13529,247,0,61.75,8.86693531539485
5d,5,48.98,raw,13547,132,0,33,6.48204481442857
5d,5,48.98,raw,13554,95,0,23.75,5.4990398423234
5d,5,48.98,raw,13561,112,0,28,5.97082132144185
5d,5,48.98,raw,13565,16,0,4,2.25675833419103
5d,5,48.98,raw,13566,5,0,1.25,1.26156626101008
5d,5,48.98,raw,13572,79,1,19.75,5.01462670679677
5d,5,48.98,raw,13574,92,0,23,5.41151637980601
5d,5,48.98,raw,13626,183,0,45.75,7.63221522047392
5d,5,48.98,raw,13639,12,0,3,1.95441004761168
5d,5,48.98,raw,13644,746,0,186.5,15.4097104156148
5d,5,48.98,raw,13651,11,0,2.75,1.87120515925478
5d,5,48.98,raw,13653,5,0,1.25,1.26156626101008
5d,5,48.98,raw,13673,41,0,10.25,3.61257599692178
5d,5,48.98,raw,13691,60,1,15,4.37019372236832
5d,5,48.98,raw,13708,146,0,36.5,6.81712867583072
5d,5,48.98,raw,13713,18,0,4.5,2.3936536824086
5d,5,48.98,raw,13725,14,0,3.5,2.11100412282238
5d,5,48.98,raw,13729,176,0,44,7.48482063701911
5d,5,48.98,raw,13740,209,0,52.25,8.15639419182351
5d,5,48.98,raw,13741,6,0,1.5,1.38197659788534
5d,5,48.98,raw,13752,37,0,9.25,3.43183125878885
5d,5,48.98,raw,13754,147,0,36.75,6.84043516664088
5d,5,48.98,raw,13759,430,0,107.5,11.6992842113964
5d,5,48.98,raw,13763,76,0,19,4.91849075936593
5d,5,48.98,raw,13767,9,0,2.25,1.69256875064327
5d,5,48.98,raw,13784,472,0,118,12.2573352030019
5d,5,48.98,raw,13790,161,0,40.25,7.15876327835963
5d,5,48.98,raw,13814,231,0,57.75,8.57493928307692
5d,5,48.98,raw,13817,306,0,76.5,9.86928696371931
5d,5,48.98,raw,13820,17,0,4.25,2.32621324584064
5d,5,48.98,raw,13825,83,1,20.75,5.14001172695692
5d,5,48.98,raw,13847,30,0,7.5,3.09019361618552
5d,5,48.98,raw,13853,45,0,11.25,3.78469878303024
5d,5,48.98,raw,13870,8,0,2,1.59576912160573
5d,5,48.98,raw,13872,46,0,11.5,3.82651992866291
5d,5,48.98,raw,13903,994,0,248.5,17.7876369106941
5d,5,48.98,raw,13909,60,0,15,4.37019372236832
5d,5,48.98,raw,13915,55,0,13.75,4.184141935942
5d,5,48.98,raw,13931,7,0,1.75,1.49270533036046
5d,5,48.98,raw,13959,125,0,31.25,6.3078313050504
5d,5,48.98,raw,13965,25,0,6.25,2.82094791773878
5d,5,48.98,raw,13969,218,0,54.5,8.33015937350939
5d,5,48.98,raw,13979,10,0,2.5,1.78412411615277
5d,5,48.98,raw,13985,71,0,17.75,4.75394593143939
5d,5,48.98,raw,13994,90,0,22.5,5.35237234845831
5d,5,48.98,raw,14008,16,0,4,2.25675833419103
5d,5,48.98,raw,14048,144,0,36,6.77027500257308
5d,5,48.98,raw,14049,11,0,2.75,1.87120515925478
5d,5,48.98,raw,14062,118,0,29.5,6.12866760150094
5d,5,48.98,raw,14089,332,0,83,10.2800234539138
5d,5,48.98,raw,14093,254,0,63.5,8.9917023466462
5d,5,48.98,raw,14099,45,0,11.25,3.78469878303024
5d,5,48.98,raw,14104,360,0,90,10.7047446969166
5d,5,48.98,raw,14123,110,0,27.5,5.9172702727032
5d,5,48.98,raw,14129,8,0,2,1.59576912160573
5d,5,48.98,raw,14141,247,0,61.75,8.86693531539485
5d,5,48.98,raw,14144,193,1,48.25,7.83797218886822
5d,5,48.98,raw,14150,272,0,68,9.30485298336256
5d,5,48.98,raw,14153,150,0,37.5,6.90988298942671
5d,5,48.98,raw,14168,6,0,1.5,1.38197659788534
5d,5,48.98,raw,14171,141,0,35.25,6.69938011698952
5d,5,48.98,raw,14222,29,0,7.25,3.03825388987325
5d,5,48.98,raw,14224,51,0,12.75,4.0291195310357
5d,5,48.98,raw,14237,98,0,24.5,5.58519192562006
5d,5,48.98,raw,14246,173,0,43.25,7.42075537326193
5d,5,48.98,raw,14251,24,0,6,2.76395319577068
5d,5,48.98,raw,14259,8,0,2,1.59576912160573
5d,5,48.98,raw,14260,1166,0,291.5,19.2652362375939
5d,5,48.98,raw,14264,17,0,4.25,2.32621324584064
5d,5,48.98,raw,14273,42,0,10.5,3.65636639571573
5d,5,48.98,raw,14278,13,0,3.25,2.03421447256411
5d,5,48.98,raw,14284,326,1,81.5,10.1867081481662
5d,5,48.98,raw,14324,110,0,27.5,5.9172702727032
5d,5,48.98,raw,14326,232,0,58,8.59347971398312
5d,5,48.98,raw,14331,7,0,1.75,1.49270533036046
5d,5,48.98,raw,14336,40,0,10,3.56824823230554
5d,5,48.98,raw,14344,266,0,66.5,9.20165364078046
5d,5,48.98,raw,14349,133,1,33.25,6.50655168752575
5d,5,48.98,raw,14358,86,0,21.5,5.23207895695449
5d,5,48.98,raw,14381,48,0,12,3.90882009522336
5d,5,48.98,raw,14382,30,0,7.5,3.09019361618552
5d,5,48.98,raw,14398,99,0,24.75,5.61361547776433
5d,5,48.98,raw,14424,29,0,7.25,3.03825388987325
5d,5,48.98,raw,14426,148,0,37,6.8636625175777
5d,5,48.98,raw,14430,14,0,3.5,2.11100412282238
5d,5,48.98,raw,14442,244,0,61,8.81292302410755
5d,5,48.98,raw,14447,17,0,4.25,2.32621324584064
5d,5,48.98,raw,14459,33,0,8.25,3.24102240721429
5d,5,48.98,raw,14461,142,0,35.5,6.72309481102998
5d,5,48.98,raw,14471,123,0,30.75,6.25716517287232
5d,5,48.98,raw,14475,28,0,7,2.98541066072092
5d,5,48.98,raw,14503,52,0,13,4.06842894512822
5d,5,48.98,raw,14509,6,0,1.5,1.38197659788534
5d,5,48.98,raw,14525,980,0,245,17.6619276541411
5d,5,48.98,raw,14531,199,0,49.75,7.95887349758585
5d,5,48.98,raw,14572,523,0,130.75,12.9025606169521
5d,5,48.98,raw,14580,321,0,80.25,10.1082873655727
5d,5,48.98,raw,14584,654,0,163.5,14.4282592700644
5d,5,48.98,raw,14587,29,1,7.25,3.03825388987325
5d,5,48.98,raw,14589,125,1,31.25,6.3078313050504
5d,5,48.98,raw,14601,33,0,8.25,3.24102240721429
5d,5,48.98,raw,14623,278,0,69.5,9.40692023773423
5d,5,48.98,raw,14629,72,0,18,4.78730736481719
5d,5,48.98,raw,14633,230,0,57.5,8.5563586777479
5d,5,48.98,raw,14650,53,0,13.25,4.10736216661508
5d,5,48.98,raw,14666,104,0,26,5.75362739175159
5d,5,48.98,raw,14680,246,0,61.5,8.84896784948462
5d,5,48.98,raw,14710,211,0,52.75,8.19532708223289
5d,5,48.98,raw,14720,265,0,66.25,9.18434101276213
5d,5,48.98,raw,14724,17,1,4.24999999999999,2.32621324584064
5d,5,48.98,raw,14735,738,0,184.5,15.3268619098509
5d,5,48.98,raw,14748,627,0,156.75,14.127289146798
5d,5,48.98,raw,14749,105,0,26.25,5.78122288528111
5d,5,48.98,raw,14751,173,0,43.25,7.42075537326193
5d,5,48.98,raw,14763,51,0,12.75,4.0291195310357
5d,5,48.98,raw,14773,193,0,48.25,7.83797218886822
5d,5,48.98,raw,14775,15,0,3.75,2.18509686118416
5d,5,48.98,raw,14779,259,0,64.75,9.07977205229304
5d,5,48.98,raw,14794,505,0,126.25,12.6785840109538
5d,5,48.98,raw,14799,197,0,49.25,7.91877816195193
5d,5,48.98,raw,14813,425,0,106.25,11.6310662292032
5d,5,48.98,raw,14827,50,0,12.5,3.98942280401433
5d,5,48.98,raw,14846,22,0,5.5,2.64628371420061
5d,5,48.98,raw,14851,198,1,49.5,7.93885114260184
5d,5,48.98,raw,14863,139,0,34.75,6.65169709018284
5d,5,48.98,raw,14878,90,0,22.5,5.35237234845831
5d,5,48.98,raw,14885,112,0,28,5.97082132144185
5d,5,48.98,raw,14894,20,0,5,2.52313252202016
5d,5,48.98,raw,14909,37,0,9.25,3.43183125878885
5d,5,48.98,raw,14912,260,0,65,9.09728368293446
5d,5,48.98,raw,14934,7,0,1.75,1.49270533036046
5d,5,48.98,raw,14937,160,0,40,7.13649646461108
5d,5,48.98,raw,14944,15,0,3.75,2.18509686118416
5d,5,48.98,raw,14951,120,0,30,6.18038723237103
5d,5,48.98,raw,14956,5,0,1.25,1.26156626101008
5d,5,48.98,raw,14995,20,0,5,2.52313252202016
5d,5,48.98,raw,14997,179,0,44.75,7.54834217738561
5d,5,48.98,raw,15004,69,0,17.25,4.6865106579076
5d,5,48.98,raw,15011,102,0,25.5,5.69803548521301
5d,5,48.98,raw,15034,204,0,51,8.0582390620714
5d,5,48.98,raw,15044,1255,0,313.75,19.9869684334733
5d,5,48.98,raw,15059,115,0,28.75,6.0502592432999
5d,5,48.98,raw,15072,346,0,86.5,10.49453289192
5d,5,48.98,raw,15076,45,0,11.25,3.78469878303024
5d,5,48.98,raw,15088,178,0,44.5,7.5272278921735
5d,5,48.98,raw,15090,328,0,82,10.2179079399006
5d,5,48.98,raw,15093,12,0,3,1.95441004761168
5d,5,48.98,raw,15109,253,0,63.25,8.97398468933946
5d,5,48.98,raw,15110,48,0,12,3.90882009522336
5d,5,48.98,raw,15118,75,0,18.75,4.8860251190292
5d,5,48.98,raw,15137,191,0,47.75,7.79725517481017
5d,5,48.98,raw,15138,6,0,1.5,1.38197659788534
5d,5,48.98,raw,15147,18,0,4.5,2.3936536824086
5d,5,48.98,raw,15164,185,0,46.25,7.67380798196054
5d,5,48.98,raw,15165,472,0,118,12.2573352030019
5d,5,48.98,raw,15172,182,0,45.5,7.61133360755196
5d,5,48.98,raw,15184,12,0,3,1.95441004761168
5d,5,48.98,raw,15192,16,0,4,2.25675833419103
5d,5,48.98,raw,15224,74,0,18.5,4.85334230995512
5d,5,48.98,raw,15238,187,0,46.75,7.71517651880816
5d,5,48.98,raw,15259,125,0,31.25,6.3078313050504
5d,5,48.98,raw,15261,40,0,10,3.56824823230554
5d,5,48.98,raw,15268,95,1,23.75,5.4990398423234
5d,5,48.98,raw,15275,218,0,54.5,8.33015937350939
5d,5,48.98,raw,15281,44,0,11,3.74241031850956
5d,5,48.98,raw,15303,179,0,44.75,7.54834217738561
5d,5,48.98,raw,15313,9,0,2.25,1.69256875064327
5d,5,48.98,raw,15317,170,1,42.5,7.35613218010963
5d,5,48.98,raw,15326,55,0,13.75,4.184141935942
5d,5,48.98,raw,15329,243,0,60.75,8.79484521425256
5d,5,48.98,raw,15341,345,0,86.25,10.4793564083587
5d,5,48.98,raw,15351,5,0,1.25,1.26156626101008
5d,5,48.98,raw,15358,74,0,18.5,4.85334230995512
5d,5,48.98,raw,15379,55,0,13.75,4.184141935942
5d,5,48.98,raw,15385,105,0,26.25,5.78122288528111
5d,5,48.98,raw,15397,339,0,84.75,10.3878318919929
5d,5,48.98,raw,15430,339,0,84.75,10.3878318919929
5d,5,48.98,raw,15434,14,0,3.5,2.11100412282238
5d,5,48.98,raw,15459,5,1,1.25,1.26156626101008
5d,5,48.98,raw,15461,116,1,29,6.0765077797465
5d,5,48.98,raw,15466,10,0,2.5,1.78412411615277
5d,5,48.98,raw,15484,65,0,16.25,4.54864184146723
5d,5,48.98,raw,15491,28,0,7,2.98541066072092
5d,5,48.98,raw,15510,21,0,5.25,2.58544147291321
5d,5,48.98,raw,15513,84,0,21,5.17088294582641
5d,5,48.98,raw,15534,37,0,9.25,3.43183125878885
5d,5,48.98,raw,15554,15,0,3.75,2.18509686118416
5d,5,48.98,raw,15584,24,0,6,2.76395319577068
5d,5,48.98,raw,15600,141,0,35.25,6.69938011698952
5d,5,48.98,raw,15603,205,0,51.25,8.07796550300118
5d,5,48.98,raw,15606,169,0,42.25,7.33446458612083
5d,5,48.98,raw,15611,120,0,30,6.18038723237103
5d,5,48.98,raw,15614,72,0,18,4.78730736481719
5d,5,48.98,raw,15615,5,0,1.25,1.26156626101008
5d,5,48.98,raw,15621,9,0,2.25,1.69256875064327
5d,5,48.98,raw,15633,95,0,23.75,5.4990398423234
5d,5,48.98,raw,15639,6,0,1.5,1.38197659788534
5d,5,48.98,raw,15643,623,0,155.75,14.0821539223409
5d,5,48.98,raw,15651,297,0,74.25,9.72306722164286
5d,5,48.98,raw,15658,24,1,6,2.76395319577068
5d,5,48.98,raw,15661,798,0,199.5,15.9377316194829
5d,5,48.98,raw,15674,764,0,191,15.5945103496203
5d,5,48.98,raw,15677,14,0,3.5,2.11100412282238
5d,5,48.98,raw,15686,456,0,114,12.0477926650407
5d,5,48.98,raw,15732,60,0,15,4.37019372236832
5d,5,48.98,raw,15736,5,0,1.25,1.26156626101008
5d,5,48.98,raw,15745,14,0,3.5,2.11100412282238
5d,5,48.98,raw,15749,9,0,2.25,1.69256875064327
5d,5,48.98,raw,15760,14,0,3.5,2.11100412282238
5d,5,48.98,raw,15773,121,1,30.25,6.20608541902532
5d,5,48.98,raw,15779,493,0,123.25,12.5270417053911
5d,5,48.98,raw,15784,7,0,1.75,1.49270533036046
5d,5,48.98,raw,15801,140,0,35,6.67558117812455
5d,5,48.98,raw,15810,356,0,89,10.6451077721848
5d,5,48.98,raw,15823,790,0,197.5,15.8576420089872
5d,5,48.98,raw,15830,90,0,22.5,5.35237234845831
5d,5,48.98,raw,15832,79,0,19.75,5.01462670679677
5d,5,48.98,raw,15841,125,0,31.25,6.3078313050504
5d,5,48.98,raw,15862,74,1,18.5,4.85334230995512
5d,5,48.98,raw,15867,9,0,2.25,1.69256875064327
5d,5,48.98,raw,15878,44,0,11,3.74241031850956
5d,5,48.98,raw,15879,31,0,7.75,3.14127465715711
5d,5,48.98,raw,15894,267,0,66.75,9.21893375673522
5d,5,48.98,raw,15898,13,0,3.25,2.03421447256411
5d,5,48.98,raw,15904,237,0,59.25,8.68558823716381
5d,5,48.98,raw,15907,24,0,6,2.76395319577068
5d,5,48.98,raw,15920,930,0,232.5,17.2054698904426
5d,5,48.98,raw,15929,70,0,17.5,4.72034871941315
5d,5,48.98,raw,15945,113,0,28.25,5.99741753913869
5d,5,48.98,raw,15950,8,0,2,1.59576912160573
5d,5,48.98,raw,15956,118,0,29.5,6.12866760150094
5d,5,48.98,raw,15962,6,0,1.5,1.38197659788534
5d,5,48.98,raw,15965,57,0,14.25,4.25953794588991
5d,5,48.98,raw,15967,84,0,21,5.17088294582641
5d,5,48.98,raw,15972,7,0,1.75,1.49270533036046
5d,5,48.98,raw,15980,74,0,18.5,4.85334230995512
5d,5,48.98,raw,15986,91,0,22.75,5.38202560777306
5d,5,48.98,raw,15992,222,0,55.5,8.40623546736597
5d,5,48.98,raw,16020,204,0,51,8.0582390620714
5d,5,48.98,raw,16035,25,0,6.25,2.82094791773878
5d,5,48.98,raw,16046,31,0,7.75,3.14127465715711
5d,5,48.98,raw,16060,127,1,31.75,6.35809370372452
5d,5,48.98,raw,16064,72,0,18,4.78730736481719
5d,5,48.98,raw,16070,18,0,4.5,2.3936536824086
5d,5,48.98,raw,16081,21,0,5.25,2.58544147291321
5d,5,48.98,raw,16097,62,0,15.5,4.44243322329048
5d,5,48.98,raw,16099,118,0,29.5,6.12866760150094
5d,5,48.98,raw,16111,75,0,18.75,4.8860251190292
5d,5,48.98,raw,16114,274,0,68.5,9.33899934759387
5d,5,48.98,raw,16116,83,0,20.75,5.14001172695692
5d,5,48.98,raw,16117,328,0,82,10.2179079399006
5d,5,48.98,raw,16121,6,0,1.5,1.38197659788534
5d,5,48.98,raw,16131,574,0,143.5,13.5170216641646
5d,5,48.98,raw,16153,7,0,1.75,1.49270533036046
5d,5,48.98,raw,16165,28,0,7,2.98541066072092
5d,5,48.98,raw,16172,90,0,22.5,5.35237234845831
5d,5,48.98,raw,16174,30,0,7.5,3.09019361618552
5d,5,48.98,raw,16189,73,0,18.25,4.82043791490117
5d,5,48.98,raw,16190,122,0,30.5,6.2316776324215
5d,5,48.98,raw,16211,252,0,63,8.95623198216277
5d,5,48.98,raw,16253,67,0,16.75,4.61809077155419
5d,5,48.98,raw,16257,35,0,8.75,3.33779058906227
5d,5,48.98,raw,16267,758,0,189.5,15.5331546611535
5d,5,48.98,raw,16272,251,1,62.75,8.93844401627775
5d,5,48.98,raw,16284,283,0,70.75,9.49113785538977
5d,5,48.98,raw,16295,346,1,86.5,10.49453289192
5d,5,48.98,raw,16297,5,0,1.25,1.26156626101008
5d,5,48.98,raw,16300,5,0,1.25,1.26156626101008
5d,5,48.98,raw,16315,40,0,10,3.56824823230554
5d,5,48.98,raw,16328,282,0,70.5,9.47435422093923
5d,5,48.98,raw,16329,7,0,1.75,1.49270533036046
5d,5,48.98,raw,16331,400,0,100,11.2837916709551
5d,5,48.98,raw,16358,17,0,4.25,2.32621324584064
5d,5,48.98,raw,16366,26,0,6.5,2.8768136958758
5d,5,48.98,raw,16372,15,0,3.75,2.18509686118416
5d,5,48.98,raw,16383,282,0,70.5,9.47435422093923
5d,5,48.98,raw,16388,6,0,1.5,1.38197659788534
5d,5,48.98,raw,16390,71,0,17.75,4.75394593143939
5d,5,48.98,raw,16404,166,0,41.5,7.26907429501923
5d,5,48.98,raw,16424,311,0,77.75,9.94959168022281
5d,5,48.98,raw,16431,150,0,37.5,6.90988298942671
5d,5,48.98,raw,16437,231,0,57.75,8.57493928307692
5d,5,48.98,raw,16443,134,0,33.5,6.53096660140197
5d,5,48.98,raw,16445,11,0,2.75,1.87120515925478
5d,5,48.98,raw,16449,56,0,14,4.22200824564475
5d,5,48.98,raw,16452,164,0,41,7.22515199384357
5d,5,48.98,raw,16459,10,0,2.5,1.78412411615277
5d,5,48.98,raw,16465,47,1,11.75,3.86788891394752
5d,5,48.98,raw,16482,270,0,67.5,9.27058084855655
5d,5,48.98,raw,16485,238,0,59.5,8.70389297451101
5d,5,48.98,raw,16497,67,0,16.75,4.61809077155419
5d,5,48.98,raw,16510,515,0,128.75,12.8034991851701
5d,5,48.98,raw,16512,5,0,1.25,1.26156626101008
5d,5,48.98,raw,16522,448,0,112,11.9416426428837
5d,5,48.98,raw,16542,145,0,36.25,6.79374223065974
5d,5,48.98,raw,16554,36,0,9,3.38513750128654
5d,5,48.98,raw,16581,221,0,55.25,8.38728113554194
5d,5,48.98,raw,16584,6,0,1.5,1.38197659788534
5d,5,48.98,raw,16586,15,0,3.75,2.18509686118416
5d,5,48.98,raw,16591,47,0,11.75,3.86788891394752
5d,5,48.98,raw,16593,154,0,38.5,7.00140860629515
5d,5,48.98,raw,16613,486,0,121.5,12.4377893809681
5d,5,48.98,raw,16624,181,0,45.25,7.5903945483266
5d,5,48.98,raw,16651,400,0,100,11.2837916709551
5d,5,48.98,raw,16663,882,0,220.5,16.7555757768602
5d,5,48.98,raw,16671,94,0,23.5,5.47002095985713
5d,5,48.98,raw,16673,14,0,3.5,2.11100412282238
5d,5,48.98,raw,16682,33,0,8.25,3.24102240721429
5d,5,48.98,raw,16708,371,0,92.75,10.8670588373389
5d,5,48.98,raw,16710,62,0,15.5,4.44243322329048
5d,5,48.98,raw,16718,393,0,98.25,11.1846227147021
5d,5,48.98,raw,16722,7,0,1.75,1.49270533036046
5d,5,48.98,raw,16727,185,1,46.25,7.67380798196054
5d,5,48.98,raw,16728,90,1,22.5,5.35237234845831
5d,5,48.98,raw,16741,61,0,15.25,4.40646151205377
5d,5,48.98,raw,16745,6,0,1.5,1.38197659788534
5d,5,48.98,raw,16747,42,0,10.5,3.65636639571573
5d,5,48.98,raw,16757,310,0,77.5,9.93358267278101
5d,5,48.98,raw,16760,66,0,16.5,4.58349784423754
5d,5,48.98,raw,16762,149,0,37.25,6.88681152939332
5d,5,48.98,raw,16765,389,0,97.25,11.1275579407835
5d,5,48.98,raw,16770,250,0,62.5,8.92062058076386
5d,5,48.98,raw,16773,8,0,2,1.59576912160573
5d,5,48.98,raw,16777,73,0,18.25,4.82043791490117
5d,5,48.98,raw,16809,82,0,20.5,5.10895396995029
5d,5,48.98,raw,16816,5,0,1.25,1.26156626101008
5d,5,48.98,raw,16822,41,0,10.25,3.61257599692178
5d,5,48.98,raw,16832,407,0,101.75,11.3820966292157
5d,5,48.98,raw,16833,76,0,19,4.91849075936593
5d,5,48.98,raw,16840,5,0,1.25,1.26156626101008
5d,5,48.98,raw,16843,19,0,4.75,2.45924537968297
5d,5,48.98,raw,16845,288,0,72,9.57461472963438
5d,5,48.98,raw,16846,76,0,19,4.91849075936593
5d,5,48.98,raw,16850,141,0,35.25,6.69938011698952
5d,5,48.98,raw,16852,15,1,3.75,2.18509686118416
5d,5,48.98,raw,16853,43,1,10.75,3.69963851016596
5d,5,48.98,raw,16860,176,0,44,7.48482063701911
5d,5,48.98,raw,16861,554,0,138.5,13.2794456565709
5d,5,48.98,raw,16864,111,0,27.75,5.94410610322534
5d,5,48.98,raw,16880,28,0,7,2.98541066072092
5d,5,48.98,raw,16884,31,0,7.75,3.14127465715711
5d,5,48.98,raw,16905,263,0,65.75,9.14961748196814
5d,5,48.98,raw,16912,51,0,12.75,4.0291195310357
5d,5,48.98,raw,16943,8,0,2,1.59576912160573
5d,5,48.98,raw,16945,93,0,23.25,5.44084730672462
5d,5,48.98,raw,16949,22,0,5.5,2.64628371420061
5d,5,48.98,raw,16962,5,0,1.25,1.26156626101008
5d,5,48.98,raw,16974,9,0,2.25,1.69256875064327
5d,5,48.98,raw,16981,106,0,26.5,5.80868728160518
5d,5,48.98,raw,16999,7,0,1.75,1.49270533036046
5d,5,48.98,raw,17006,469,0,117.25,12.2183197134548
5d,5,48.98,raw,17025,180,0,45,7.56939756606048
5d,5,48.98,raw,17033,5,0,1.25,1.26156626101008
5d,5,48.98,raw,17061,20,0,5,2.52313252202016
5d,5,48.98,raw,17086,972,0,243,17.5896904285051
5d,5,48.98,raw,17093,128,0,32,6.38307648642292
5d,5,48.98,raw,17095,104,0,26,5.75362739175159
5d,5,48.98,raw,17098,17,0,4.25,2.32621324584064
5d,5,48.98,raw,17107,36,0,9,3.38513750128654
5d,5,48.98,raw,17121,295,0,73.75,9.69027432141207
5d,5,48.98,raw,17129,134,0,33.5,6.53096660140197
5d,5,48.98,raw,17139,368,0,92,10.823032759612
5d,5,48.98,raw,17164,10,0,2.5,1.78412411615277
5d,5,48.98,raw,17175,530,0,132.5,12.9886196217077
5d,5,48.98,raw,17181,83,0,20.75,5.14001172695692
5d,5,48.98,raw,17192,201,0,50.25,7.99876785029682
5d,5,48.98,raw,17203,37,0,9.25,3.43183125878885
5d,5,48.98,raw,17212,5,0,1.25,1.26156626101008
5d,5,48.98,raw,17225,240,0,60,8.74038744473663
5d,5,48.98,raw,17227,101,0,25.25,5.67003514138694
5d,5,48.98,raw,17238,82,0,20.5,5.10895396995029
5d,5,48.98,raw,17254,202,0,50.5,8.01864059608146
5d,5,48.98,raw,17258,122,0,30.5,6.2316776324215
5d,5,48.98,raw,17272,57,0,14.25,4.25953794588991
5d,5,48.98,raw,17310,9,0,2.25,1.69256875064327
5d,5,48.98,raw,17332,186,0,46.5,7.69452005197108
5d,5,48.98,raw,17336,680,0,170,14.7122643602193
5d,5,48.98,raw,17342,21,0,5.25,2.58544147291321
5d,5,48.98,raw,17352,455,1,113.75,12.0345751156252
5d,5,48.98,raw,17363,173,0,43.25,7.42075537326193
5d,5,48.98,raw,17366,62,0,15.5,4.44243322329048
5d,5,48.98,raw,17374,35,0,8.75,3.33779058906227
5d,5,48.98,raw,17394,7,0,1.75,1.49270533036046
5d,5,48.98,raw,17397,128,0,32,6.38307648642292
5d,5,48.98,raw,17428,171,0,42.75,7.3777361390489
5d,5,48.98,raw,17430,55,0,13.75,4.184141935942
5d,5,48.98,raw,17438,28,0,7,2.98541066072092
5d,5,48.98,raw,17446,60,0,15,4.37019372236832
5d,5,48.98,raw,17460,19,0,4.75,2.45924537968297
5d,5,48.98,raw,17466,376,0,94,10.9400419197143
5d,5,48.98,raw,17489,64,0,16,4.51351666838205
5d,5,48.98,raw,17494,22,0,5.5,2.64628371420061
5d,5,48.98,raw,17504,23,0,5.75,2.705758189903
5d,5,48.98,raw,17506,100,0,25,5.64189583547756
5d,5,48.98,raw,17514,261,0,65.25,9.11476166961975
5d,5,48.98,raw,17522,549,0,137.25,13.2193845361613
5d,5,48.98,raw,17535,64,0,16,4.51351666838205
5d,5,48.98,raw,17537,100,0,25,5.64189583547756
5d,5,48.98,raw,17556,89,0,22.25,5.32255388609241
5d,5,48.98,raw,17558,9,0,2.25,1.69256875064327
5d,5,48.98,raw,17564,43,0,10.75,3.69963851016596
5d,5,48.98,raw,17568,98,0,24.5,5.58519192562006
5d,5,48.98,raw,17577,409,0,102.25,11.410028196686
5d,5,48.98,raw,17581,204,0,51,8.0582390620714
5d,5,48.98,raw,17606,221,0,55.25,8.38728113554194
5d,5,48.98,raw,17622,135,0,33.75,6.55529058355247
5d,5,48.98,raw,17624,11,0,2.75,1.87120515925478
5d,5,48.98,raw,17625,13,0,3.25,2.03421447256411
5d,5,48.98,raw,17630,197,0,49.25,7.91877816195193
5d,5,48.98,raw,17656,20,0,5,2.52313252202016
5d,5,48.98,raw,17683,541,1,135.25,13.1227149792042
5d,5,48.98,raw,17685,205,0,51.25,8.07796550300118
5d,5,48.98,raw,17692,61,0,15.25,4.40646151205377
5d,5,48.98,raw,17706,19,0,4.75,2.45924537968297
5d,5,48.98,raw,17716,16,0,4,2.25675833419103
5d,5,48.98,raw,17718,342,0,85.5,10.4336945074531
5d,5,48.98,raw,17729,148,1,37,6.8636625175777
5d,5,48.98,raw,17738,317,0,79.25,10.0451099506308
5d,5,48.98,raw,17740,8,0,2,1.59576912160573
5d,5,48.98,raw,17741,172,0,43,7.39927702033192
5d,5,48.98,raw,17745,419,0,104.75,11.5486727510571
5d,5,48.98,raw,17752,190,1,47.5,7.77681672504375
5d,5,48.98,raw,17787,110,0,27.5,5.9172702727032
5d,5,48.98,raw,17804,5,0,1.25,1.26156626101008
5d,5,48.98,raw,17805,128,0,32,6.38307648642292
5d,5,48.98,raw,17812,245,0,61.25,8.83096382707056
5d,5,48.98,raw,17818,147,0,36.75,6.84043516664088
5d,5,48.98,raw,17832,487,0,121.75,12.4505788849959
5d,5,48.98,raw,17839,31,0,7.75,3.14127465715711
5d,5,48.98,raw,17851,351,0,87.75,10.5700884599189
5d,5,48.98,raw,17854,61,0,15.25,4.40646151205377
5d,5,48.98,raw,17856,117,0,29.25,6.10264341769233
5d,5,48.98,raw,17876,241,0,60.25,8.75857765680556
5d,5,48.98,raw,17889,51,0,12.75,4.0291195310357
5d,5,48.98,raw,17897,26,0,6.5,2.8768136958758
5d,5,48.98,raw,17910,522,0,130.5,12.8902195709747
5d,5,48.98,raw,17920,14,0,3.5,2.11100412282238
5d,5,48.98,raw,17936,390,0,97.5,11.1418515342684
5d,5,48.98,raw,17953,7,0,1.75,1.49270533036046
5d,5,48.98,raw,17960,24,0,6,2.76395319577068
5d,5,48.98,raw,17967,274,0,68.5,9.33899934759387
5d,5,48.98,raw,17975,13,0,3.25,2.03421447256411
5d,5,48.98,raw,17982,39,0,9.75,3.52336281997296
5d,5,48.98,raw,17992,415,0,103.75,11.4934156266218
5d,5,48.98,raw,17994,154,1,38.5,7.00140860629515
5d,5,48.98,raw,18014,44,0,11,3.74241031850956
5d,5,48.98,raw,18023,164,0,41,7.22515199384357
5d,5,48.98,raw,18042,104,0,26,5.75362739175159
5d,5,48.98,raw,18066,542,0,135.5,13.134837582232
5d,5,48.98,raw,18070,9,0,2.25,1.69256875064327
5d,5,48.98,raw,18076,340,1,85,10.4031418957202
5d,5,48.98,raw,18096,106,0,26.5,5.80868728160518
5d,5,48.98,raw,18098,8,0,2,1.59576912160573
5d,5,48.98,raw,18124,412,0,103,11.4517978111614
5d,5,48.98,raw,18160,863,0,215.75,16.5741193363814
5d,5,48.98,raw,18171,315,0,78.75,10.0133717671868
5d,5,48.98,raw,18174,117,0,29.25,6.10264341769233
5d,5,48.98,raw,18178,18,0,4.5,2.3936536824086
5d,5,48.98,raw,18184,113,0,28.25,5.99741753913869
5d,5,48.98,raw,18216,80,0,20,5.04626504404032
5d,5,48.98,raw,18243,328,0,82,10.2179079399006
5d,5,48.98,raw,18246,63,0,15.75,4.47811599108138
5d,5,48.98,raw,18256,513,0,128.25,12.7786138376697
5d,5,48.98,raw,18278,290,0,72.5,9.60780240186586
5d,5,48.98,raw,18310,13,0,3.25,2.03421447256411
5d,5,48.98,raw,18329,72,0,18,4.78730736481719
5d,5,48.98,raw,18336,5,0,1.25,1.26156626101008
5d,5,48.98,raw,18341,439,0,109.75,11.821084554079
5d,5,48.98,raw,18343,11,0,2.75,1.87120515925478
5d,5,48.98,raw,18367,201,0,50.25,7.99876785029682
5d,5,48.98,raw,18371,85,0,21.25,5.2015709478601
5d,5,48.98,raw,18377,299,0,74.75,9.75574989270191
5d,5,48.98,raw,18389,335,0,83.75,10.3263648914596
5d,5,48.98,raw,18405,7,0,1.75,1.49270533036046
5d,5,48.98,raw,18424,408,0,102,11.396070970426
5d,5,48.98,raw,18431,8,0,2,1.59576912160573
5d,5,48.98,raw,18450,97,0,24.25,5.55662298161641
5d,5,48.98,raw,18456,80,0,20,5.04626504404032
5d,5,48.98,raw,18460,376,0,94,10.9400419197143
5d,5,48.98,raw,18508,111,0,27.75,5.94410610322534
5d,5,48.98,raw,18514,82,0,20.5,5.10895396995029
5d,5,48.98,raw,18515,12,0,3,1.95441004761168
5d,5,48.98,raw,18541,20,0,5,2.52313252202016
5d,5,48.98,raw,18546,55,0,13.75,4.184141935942
5d,5,48.98,raw,18551,49,0,12.25,3.94932708483429
5d,5,48.98,raw,18552,13,0,3.25,2.03421447256411
5d,5,48.98,raw,18569,8,0,2,1.59576912160573
5d,5,48.98,raw,18572,77,1,19.25,4.95074350336915
5d,5,48.98,raw,18585,8,0,2,1.59576912160573
5d,5,48.98,raw,18589,141,0,35.25,6.69938011698952
5d,5,48.98,raw,18594,216,0,54,8.29185958731205
5d,5,48.98,raw,18604,210,0,52.5,8.17588381146626
5d,5,48.98,raw,18624,761,0,190.25,15.5638627398813
5d,5,48.98,raw,18626,5,0,1.25,1.26156626101008
5d,5,48.98,raw,18631,331,0,82.75,10.2645298151856
5d,5,48.98,raw,18634,34,0,8.5,3.28976232123977
5d,5,48.98,raw,18644,136,0,34,6.57952464247954
5d,5,48.98,raw,18651,73,0,18.25,4.82043791490117
5d,5,48.98,raw,18659,260,1,65,9.09728368293446
5d,5,48.98,raw,18660,88,0,22,5.29256742840123
5d,5,48.98,raw,18693,150,0,37.5,6.90988298942671
5d,5,48.98,raw,18697,523,0,130.75,12.9025606169521
5d,5,48.98,raw,18709,213,0,53.25,8.23407588968838
5d,5,48.98,raw,18716,63,0,15.75,4.47811599108138
5d,5,48.98,raw,18738,60,1,15,4.37019372236832
5d,5,48.98,raw,18740,65,0,16.25,4.54864184146723
5d,5,48.98,raw,18750,33,0,8.25,3.24102240721429
5d,5,48.98,raw,18790,18,1,4.5,2.3936536824086
5d,5,48.98,raw,18791,61,0,15.25,4.40646151205377
5d,5,48.98,raw,18794,55,0,13.75,4.184141935942
5d,5,48.98,raw,18798,17,0,4.25,2.32621324584064
5d,5,48.98,raw,18817,541,0,135.25,13.1227149792042
5d,5,48.98,raw,18821,265,0,66.25,9.18434101276213
5d,5,48.98,raw,18829,179,0,44.75,7.54834217738561
5d,5,48.98,raw,18850,177,0,44.25,7.50605421340207
5d,5,48.98,raw,18878,6,0,1.5,1.38197659788534
5d,5,48.98,raw,18886,193,0,48.25,7.83797218886822
5d,5,48.98,raw,18897,32,0,8,3.19153824321146
5d,5,48.98,raw,18900,19,1,4.75,2.45924537968297
5d,5,48.98,raw,18905,40,0,10,3.56824823230554
5d,5,48.98,raw,18908,6,0,1.5,1.38197659788534
5d,5,48.98,raw,18909,53,0,13.25,4.10736216661508
5d,5,48.98,raw,18939,6,0,1.5,1.38197659788534
5d,5,48.98,raw,18957,596,0,149,13.7736230587866
5d,5,48.98,raw,18961,9,0,2.25,1.69256875064327
5d,5,48.98,raw,18968,8,0,2,1.59576912160573
5d,5,48.98,raw,18969,286,0,71.5,9.54131162097561
5d,5,48.98,raw,18978,329,0,82.25,10.2334721651289
5d,5,48.98,raw,18981,243,0,60.75,8.79484521425256
5d,5,48.98,raw,19008,28,0,7,2.98541066072092
5d,5,48.98,raw,19041,81,0,20.25,5.07770625192981
5d,5,48.98,raw,19045,93,0,23.25,5.44084730672462
5d,5,48.98,raw,19055,19,0,4.75,2.45924537968297
5d,5,48.98,raw,19060,206,0,51.5,8.09764388904951
5d,5,48.98,raw,19075,129,0,32.25,6.40796186924587
5d,5,48.98,raw,19081,207,0,51.75,8.11727456970901
5d,5,48.98,raw,19086,159,0,39.75,7.1141599576635
5d,5,48.98,raw,19105,289,0,72.25,9.59122292031186
5d,5,48.98,raw,19131,81,0,20.25,5.07770625192981
5d,5,48.98,raw,19134,295,0,73.75,9.69027432141207
5d,5,48.98,raw,19148,52,1,13,4.06842894512822
5d,5,48.98,raw,19152,479,0,119.75,12.3478919448639
5d,5,48.98,raw,19156,14,0,3.5,2.11100412282238
5d,5,48.98,raw,19172,170,0,42.5,7.35613218010963
5d,5,48.98,raw,19181,185,0,46.25,7.67380798196054
5d,5,48.98,raw,19201,282,0,70.5,9.47435422093923
5d,5,48.98,raw,19210,526,0,131.5,12.9395131335253
5d,5,48.98,raw,19246,9,0,2.25,1.69256875064327
5d,5,48.98,raw,19263,14,0,3.5,2.11100412282238
5d,5,48.98,raw,19268,316,0,79,10.0292534135935
5d,5,48.98,raw,19272,257,0,64.25,9.04464707709672
5d,5,48.98,raw,19281,249,0,62.25,8.90276146258923
5d,5,48.98,raw,19289,58,0,14.5,4.29673985699156
5d,5,48.98,raw,19301,35,0,8.75,3.33779058906227
5d,5,48.98,raw,19306,84,0,21,5.17088294582641
5d,5,48.98,raw,19316,10,0,2.5,1.78412411615277
5d,5,48.98,raw,19324,5,0,1.25,1.26156626101008
5d,5,48.98,raw,19329,50,0,12.5,3.98942280401433
5d,5,48.98,raw,19334,85,0,21.25,5.2015709478601
5d,5,48.98,raw,19337,8,0,2,1.59576912160573
5d,5,48.98,raw,19346,355,0,88.75,10.630146264057
5d,5,48.98,raw,19352,170,0,42.5,7.35613218010963
5d,5,48.98,raw,19359,38,0,9.5,3.47789816915102
5d,5,48.98,raw,19365,30,0,7.5,3.09019361618552
5d,5,48.98,raw,19367,117,0,29.25,6.10264341769233
5d,5,48.98,raw,19378,119,1,29.75,6.15458174499869
5d,5,48.98,raw,19380,80,1,20,5.04626504404032
5d,5,48.98,raw,19393,70,0,17.5,4.72034871941315
5d,5,48.98,raw,19394,5,0,1.25,1.26156626101008
5d,5,48.98,raw,19399,107,0,26.75,5.83602243155949
5d,5,48.98,raw,19409,57,0,14.25,4.25953794588991
5d,5,48.98,raw,19426,140,0,35,6.67558117812455
5d,5,48.98,raw,19428,120,0,30,6.18038723237103
5d,5,48.98,raw,19430,40,0,10,3.56824823230554
5d,5,48.98,raw,19437,100,0,25,5.64189583547756
5d,5,48.98,raw,19443,311,0,77.75,9.94959168022281
5d,5,48.98,raw,19467,530,0,132.5,12.9886196217077
5d,5,48.98,raw,19471,25,0,6.25,2.82094791773878
5d,5,48.98,raw,19505,50,0,12.5,3.98942280401433
5d,5,48.98,raw,19522,10,0,2.5,1.78412411615277
5d,5,48.98,raw,19538,167,0,41.75,7.29093622196032
5d,5,48.98,raw,19546,46,0,11.5,3.82651992866291
5d,5,48.98,raw,19558,75,0,18.75,4.8860251190292
5d,5,48.98,raw,19580,57,0,14.25,4.25953794588991
5d,5,48.98,raw,19592,66,0,16.5,4.58349784423754
5d,5,48.98,raw,19599,493,0,123.25,12.5270417053911
5d,5,48.98,raw,19603,226,0,56.5,8.48162922306421
5d,5,48.98,raw,19625,62,1,15.5,4.44243322329048
5d,5,48.98,raw,19627,55,0,13.75,4.184141935942
5d,5,48.98,raw,19630,15,0,3.75,2.18509686118416
5d,5,48.98,raw,19632,280,0,70,9.4406974388263
5d,5,48.98,raw,19636,62,0,15.5,4.44243322329048
5d,5,48.98,raw,19640,202,0,50.5,8.01864059608146
5d,5,48.98,raw,19651,546,0,136.5,13.1832165216365
5d,5,48.98,raw,19657,28,0,7,2.98541066072092
5d,5,48.98,raw,19676,184,0,46,7.65303985732581
5d,5,48.98,raw,19680,54,0,13.5,4.14592979365603
5d,5,48.98,raw,19685,365,0,91.25,10.7788268590364
5d,5,48.98,raw,19689,195,0,48.75,7.8784787748549
5d,5,48.98,raw,19698,11,0,2.75,1.87120515925478
5d,5,48.98,raw,19733,474,0,118.5,12.2832766821853
5d,5,48.98,raw,19763,60,0,15,4.37019372236832
5d,5,48.98,raw,19774,29,1,7.24999999999998,3.03825388987325
5d,5,48.98,raw,19784,40,0,10,3.56824823230554
5d,5,48.98,raw,19791,229,0,57.25,8.53773763570233
5d,5,48.98,raw,19810,41,0,10.25,3.61257599692178
5d,5,48.98,raw,19814,120,0,30,6.18038723237103
5d,5,48.98,raw,19818,231,0,57.75,8.57493928307692
5d,5,48.98,raw,19822,161,0,40.25,7.15876327835963
5d,5,48.98,raw,19827,76,0,19,4.91849075936593
5d,5,48.98,raw,19839,107,0,26.75,5.83602243155949
5d,5,48.98,raw,19847,10,0,2.5,1.78412411615277
5d,5,48.98,raw,19852,92,0,23,5.41151637980601
5d,5,48.98,raw,19857,333,0,83.25,10.2954937763665
5d,5,48.98,raw,19865,350,0,87.5,10.5550206141119
5d,5,48.98,raw,19896,38,0,9.5,3.47789816915102
5d,5,48.98,raw,19898,58,0,14.5,4.29673985699156
5d,5,48.98,raw,19904,166,0,41.5,7.26907429501923
5d,5,48.98,raw,19909,19,0,4.75,2.45924537968297
5d,5,48.98,raw,19916,81,0,20.25,5.07770625192981
5d,5,48.98,raw,19921,192,0,48,7.81764019044672
5d,5,48.98,raw,19946,551,0,137.75,13.2434416707768
5d,5,48.98,raw,19952,84,0,21,5.17088294582641
5d,5,48.98,raw,19955,89,0,22.25,5.32255388609241
5d,5,48.98,raw,19957,10,0,2.5,1.78412411615277
5d,5,48.98,raw,19958,130,0,32.5,6.43275098258069
5d,5,48.98,raw,19973,386,0,96.5,11.0845665710006
5d,5,48.98,raw,19977,139,1,34.75,6.65169709018284
5d,5,48.98,raw,19988,68,0,17,4.65242649168128
5d,5,48.98,raw,19991,45,0,11.25,3.78469878303024
5d,5,48.98,raw,20005,53,0,13.25,4.10736216661508
5d,5,48.98,raw,20014,101,0,25.25,5.67003514138694
5d,5,48.98,raw,20028,41,0,10.25,3.61257599692178
5d,5,48.98,raw,20049,63,0,15.75,4.47811599108138
5d,5,48.98,raw,20064,119,0,29.75,6.15458174499869
5d,5,48.98,raw,20073,73,0,18.25,4.82043791490117
5d,5,48.98,raw,20097,5,0,1.25,1.26156626101008
5d,5,48.98,raw,20117,77,0,19.25,4.95074350336915
5d,5,48.98,raw,20124,115,0,28.75,6.0502592432999
5d,5,48.98,raw,20139,34,0,8.5,3.28976232123977
5d,5,48.98,raw,20148,20,0,5,2.52313252202016
5d,5,48.98,raw,20165,5,0,1.25,1.26156626101008
5d,5,48.98,raw,20176,765,0,191.25,15.6047128435803
5d,5,48.98,raw,20179,87,0,21.75,5.26241010355424
5d,5,48.98,raw,20188,38,0,9.5,3.47789816915102
5d,5,48.98,raw,20190,10,0,2.5,1.78412411615277
5d,5,48.98,raw,20193,256,0,64,9.0270333367641
5d,5,48.98,raw,20196,68,0,17,4.65242649168128
5d,5,48.98,raw,20204,24,0,6,2.76395319577068
5d,5,48.98,raw,20207,57,0,14.25,4.25953794588991
5d,5,48.98,raw,20249,167,0,41.75,7.29093622196032
5d,5,48.98,raw,20252,453,0,113.25,12.0080963704185
5d,5,48.98,raw,20257,171,0,42.75,7.3777361390489
5d,5,48.98,raw,20287,10,0,2.5,1.78412411615277
5d,5,48.98,raw,20298,398,1,99.5,11.2555468414977
5d,5,48.98,raw,20303,613,0,153.25,13.9686778268619
5d,5,48.98,raw,20314,186,0,46.5,7.69452005197108
5d,5,48.98,raw,20316,158,0,39.5,7.09175309899033
5d,5,48.98,raw,20324,365,0,91.25,10.7788268590364
5d,5,48.98,raw,20329,119,0,29.75,6.15458174499869
5d,5,48.98,raw,20346,166,1,41.5,7.26907429501923
5d,5,48.98,raw,20354,37,0,9.25,3.43183125878885
5d,5,48.98,raw,20382,95,0,23.75,5.4990398423234
5d,5,48.98,raw,20400,84,0,21,5.17088294582641
5d,5,48.98,raw,20404,188,0,47,7.73577782789505
5d,5,48.98,raw,20424,61,0,15.25,4.40646151205377
5d,5,48.98,raw,20448,241,0,60.25,8.75857765680556
5d,5,48.98,raw,20455,93,0,23.25,5.44084730672462
5d,5,48.98,raw,20459,75,0,18.75,4.8860251190292
5d,5,48.98,raw,20475,735,0,183.75,15.2956780282891
5d,5,48.98,raw,20477,20,0,5,2.52313252202016
5d,5,48.98,raw,20498,7,0,1.75,1.49270533036046
5d,5,48.98,raw,20503,106,0,26.5,5.80868728160518
5d,5,48.98,raw,20516,177,0,44.25,7.50605421340207
5d,5,48.98,raw,20520,31,0,7.75,3.14127465715711
5d,5,48.98,raw,20522,55,0,13.75,4.184141935942
5d,5,48.98,raw,20573,7,0,1.75,1.49270533036046
5d,5,48.98,raw,20579,160,1,40,7.13649646461108
5d,5,48.98,raw,20590,20,0,5,2.52313252202016
5d,5,48.98,raw,20602,35,0,8.75,3.33779058906227
5d,5,48.98,raw,20606,52,0,13,4.06842894512822
5d,5,48.98,raw,20619,12,0,3,1.95441004761168
5d,5,48.98,raw,20634,31,0,7.75,3.14127465715711
5d,5,48.98,raw,20636,244,0,61,8.81292302410755
5d,5,48.98,raw,20643,250,0,62.5,8.92062058076386
5d,5,48.98,raw,20647,106,0,26.5,5.80868728160518
5d,5,48.98,raw,20669,98,0,24.5,5.58519192562006
5d,5,48.98,raw,20684,418,0,104.5,11.5348832861379
5d,5,48.98,raw,20706,254,0,63.5,8.9917023466462
5d,5,48.98,raw,20712,506,0,126.5,12.6911308561924
5d,5,48.98,raw,20734,104,0,26,5.75362739175159
5d,5,48.98,raw,20756,120,0,30,6.18038723237103
5d,5,48.98,raw,20763,5,0,1.25,1.26156626101008
5d,5,48.98,raw,20765,205,1,51.25,8.07796550300118
5d,5,48.98,raw,20768,231,0,57.75,8.57493928307692
5d,5,48.98,raw,20777,322,0,80.5,10.1240201180747
5d,5,48.98,raw,20781,166,0,41.5,7.26907429501923
5d,5,48.98,raw,20824,41,0,10.25,3.61257599692178
5d,5,48.98,raw,20825,30,0,7.5,3.09019361618552
5d,5,48.98,raw,20835,820,0,205,16.1559310060024
5d,5,48.98,raw,20837,104,0,26,5.75362739175159
5d,5,48.98,raw,20840,5,0,1.25,1.26156626101008
5d,5,48.98,raw,20848,12,1,2.99999999999997,1.95441004761167
5d,5,48.98,raw,20856,84,0,21,5.17088294582641
5d,5,48.98,raw,20862,5,0,1.25,1.26156626101008
5d,5,48.98,raw,20896,203,0,50.75,8.03846421247924
5d,5,48.98,raw,20919,650,0,162.5,14.384068479379
5d,5,48.98,raw,20952,16,0,4,2.25675833419103
5d,5,48.98,raw,20964,11,0,2.75,1.87120515925478
5d,5,48.98,raw,20976,119,0,29.75,6.15458174499869
5d,5,48.98,raw,20978,149,0,37.25,6.88681152939332
5d,5,48.98,raw,20980,352,0,88,10.5851348568025
5d,5,48.98,raw,20999,33,0,8.25,3.24102240721429
5d,5,48.98,raw,21010,10,0,2.5,1.78412411615277
5d,5,48.98,raw,21020,224,0,56,8.4440164912895
5d,5,48.98,raw,21029,353,0,88.25,10.6001598960996
5d,5,48.98,raw,21047,313,0,78.25,9.98153266665628
5d,5,48.98,raw,21066,48,0,12,3.90882009522336
5d,5,48.98,raw,21108,40,0,10,3.56824823230554
5d,5,48.98,raw,21129,30,0,7.5,3.09019361618552
5d,5,48.98,raw,21135,44,0,11,3.74241031850956
5d,5,48.98,raw,21143,441,0,110.25,11.8479812545029
5d,5,48.98,raw,21146,9,0,2.25,1.69256875064327
5d,5,48.98,raw,21150,64,0,16,4.51351666838205
5d,5,48.98,raw,21155,286,0,71.5,9.54131162097561
5d,5,48.98,raw,21161,438,0,109.5,11.8076132282735
5d,5,48.98,raw,21183,1231,0,307.75,19.7949354606739
5d,5,48.98,raw,21189,101,0,25.25,5.67003514138694
5d,5,48.98,raw,21194,13,0,3.25,2.03421447256411
5d,5,48.98,raw,21212,5,0,1.25,1.26156626101008
5d,5,48.98,raw,21216,190,1,47.5,7.77681672504375
5d,5,48.98,raw,21241,230,0,57.5,8.5563586777479
5d,5,48.98,raw,21246,119,0,29.75,6.15458174499869
5d,5,48.98,raw,21281,25,0,6.25,2.82094791773878
5d,5,48.98,raw,21288,6,0,1.5,1.38197659788534
5d,5,48.98,raw,21292,158,0,39.5,7.09175309899033
5d,5,48.98,raw,21306,89,0,22.25,5.32255388609241
5d,5,48.98,raw,21324,8,0,2,1.59576912160573
5d,5,48.98,raw,21325,72,0,18,4.78730736481719
5d,5,48.98,raw,21332,226,0,56.5,8.48162922306421
5d,5,48.98,raw,21336,27,0,6.75,2.93161507141752
5d,5,48.98,raw,21344,300,0,75,9.7720502380584
5d,5,48.98,raw,21357,16,0,4,2.25675833419103
5d,5,48.98,raw,21358,266,0,66.5,9.20165364078046
5d,5,48.98,raw,21365,19,0,4.75,2.45924537968297
5d,5,48.98,raw,21371,72,1,18,4.78730736481719
5d,5,48.98,raw,21387,112,0,28,5.97082132144185
5d,5,48.98,raw,21413,236,0,59,8.66724484131922
5d,5,48.98,raw,21454,195,0,48.75,7.8784787748549
5d,5,48.98,raw,21469,31,0,7.75,3.14127465715711
5d,5,48.98,raw,21490,356,0,89,10.6451077721848
5d,5,48.98,raw,21495,50,0,12.5,3.98942280401433
5d,5,48.98,raw,21544,1608,0,402,22.6239319523273
5d,5,48.98,raw,21549,281,0,70.25,9.45754080179648
5d,5,48.98,raw,21558,54,1,13.5,4.14592979365603
5d,5,48.98,raw,21562,155,0,38.75,7.02410366940064
5d,5,48.98,raw,21570,208,0,52,8.13685789025644
5d,5,48.98,raw,21571,150,0,37.5,6.90988298942671
5d,5,48.98,raw,21578,331,0,82.75,10.2645298151856
5d,5,48.98,raw,21608,11,0,2.75,1.87120515925478
5d,5,48.98,raw,21619,20,0,5,2.52313252202016
5d,5,48.98,raw,21624,196,0,49,7.89865416966859
5d,5,48.98,raw,21626,189,0,47.25,7.75632441873962
5d,5,48.98,raw,21664,2237,0,559.25,26.6844377005239
5d,5,48.98,raw,21666,59,0,14.75,4.33362242065961
5d,5,48.98,raw,21669,57,0,14.25,4.25953794588991
5d,5,48.98,raw,21699,108,0,27,5.86323014283504
5d,5,48.98,raw,21703,5,0,1.25,1.26156626101008
5d,5,48.98,raw,21719,135,0,33.75,6.55529058355247
5d,5,48.98,raw,21722,251,0,62.75,8.93844401627775
5d,5,48.98,raw,21735,47,0,11.75,3.86788891394752
5d,5,48.98,raw,21738,173,0,43.25,7.42075537326193
5d,5,48.98,raw,21739,6,0,1.5,1.38197659788534
5d,5,48.98,raw,21750,188,0,47,7.73577782789505
5d,5,48.98,raw,21778,352,0,88,10.5851348568025
5d,5,48.98,raw,21786,405,0,101.25,11.3540963490907
5d,5,48.98,raw,21810,117,0,29.25,6.10264341769233
5d,5,48.98,raw,21813,283,1,70.75,9.49113785538977
5d,5,48.98,raw,21814,5,0,1.25,1.26156626101008
5d,5,48.98,raw,21819,60,0,15,4.37019372236832
5d,5,48.98,raw,21823,192,0,48,7.81764019044672
5d,5,48.98,raw,21847,5,0,1.25,1.26156626101008
5d,5,48.98,raw,21855,44,0,11,3.74241031850956
5d,5,48.98,raw,21878,64,0,16,4.51351666838205
5d,5,48.98,raw,21882,27,0,6.75,2.93161507141752
5d,5,48.98,raw,21884,539,0,134.75,13.0984361147834
5d,5,48.98,raw,21886,493,0,123.25,12.5270417053911
5d,5,48.98,raw,21890,299,0,74.75,9.75574989270191
5d,5,48.98,raw,21895,153,0,38.25,6.97863973752192
5d,5,48.98,raw,21951,321,0,80.25,10.1082873655727
5d,5,48.98,raw,21958,18,0,4.5,2.3936536824086
5d,5,48.98,raw,21962,155,0,38.75,7.02410366940064
5d,5,48.98,raw,21970,60,0,15,4.37019372236832
5d,5,48.98,raw,21992,142,0,35.5,6.72309481102998
5d,5,48.98,raw,22011,7,0,1.75,1.49270533036046
5d,5,48.98,raw,22016,164,0,41,7.22515199384357
5d,5,48.98,raw,22054,166,1,41.5,7.26907429501923
5d,5,48.98,raw,22063,128,0,32,6.38307648642292
5d,5,48.98,raw,22072,5,0,1.25,1.26156626101008
5d,5,48.98,raw,22089,387,0,96.75,11.0989155304979
5d,5,48.98,raw,22091,13,0,3.25,2.03421447256411
5d,5,48.98,raw,22094,72,1,18,4.78730736481719
5d,5,48.98,raw,22113,539,0,134.75,13.0984361147834
5d,5,48.98,raw,22143,6,0,1.5,1.38197659788534
5d,5,48.98,raw,22146,304,0,76,9.83698151873187
5d,5,48.98,raw,22154,296,0,74,9.70668461991024
5d,5,48.98,raw,22170,100,0,25,5.64189583547756
5d,5,48.98,raw,22181,27,0,6.75,2.93161507141752
5d,5,48.98,raw,22187,297,0,74.25,9.72306722164286
5d,5,48.98,raw,22190,19,0,4.75,2.45924537968297
5d,5,48.98,raw,22196,11,0,2.75,1.87120515925478
5d,5,48.98,raw,22200,119,0,29.75,6.15458174499869
5d,5,48.98,raw,22219,401,0,100.25,11.2978876060837
5d,5,48.98,raw,22229,65,0,16.25,4.54864184146723
5d,5,48.98,raw,22234,350,0,87.5,10.5550206141119
5d,5,48.98,raw,22236,11,0,2.75,1.87120515925478
5d,5,48.98,raw,22261,18,0,4.5,2.3936536824086
5d,5,48.98,raw,22264,9,0,2.25,1.69256875064327
5d,5,48.98,raw,22267,15,0,3.75,2.18509686118416
5d,5,48.98,raw,22272,84,0,21,5.17088294582641
5d,5,48.98,raw,22275,371,0,92.75,10.8670588373389
5d,5,48.98,raw,22278,117,0,29.25,6.10264341769233
5d,5,48.98,raw,22282,252,0,63,8.95623198216277
5d,5,48.98,raw,22310,13,0,3.25,2.03421447256411
5d,5,48.98,raw,22313,5,0,1.25,1.26156626101008
5d,5,48.98,raw,22317,23,0,5.75,2.705758189903
5d,5,48.98,raw,22320,33,0,8.25,3.24102240721429
5d,5,48.98,raw,22327,198,1,49.5,7.93885114260184
5d,5,48.98,raw,22333,94,0,23.5,5.47002095985713
5d,5,48.98,raw,22342,262,0,65.5,9.13220620552083
5d,5,48.98,raw,22345,57,0,14.25,4.25953794588991
5d,5,48.98,raw,22348,7,0,1.75,1.49270533036046
5d,5,48.98,raw,22371,22,0,5.5,2.64628371420061
5d,5,48.98,raw,22376,26,0,6.5,2.8768136958758
5d,5,48.98,raw,22396,55,0,13.75,4.184141935942
5d,5,48.98,raw,22418,124,0,31,6.28254931431422
5d,5,48.98,raw,22423,434,0,108.5,11.7535735248377
5d,5,48.98,raw,22446,164,0,41,7.22515199384357
5d,5,48.98,raw,22457,60,0,15,4.37019372236832
5d,5,48.98,raw,22463,14,0,3.5,2.11100412282238
5d,5,48.98,raw,22466,149,0,37.25,6.88681152939332
5d,5,48.98,raw,22469,23,0,5.75,2.705758189903
5d,5,48.98,raw,22473,735,0,183.75,15.2956780282891
5d,5,48.98,raw,22480,8,0,2,1.59576912160573
5d,5,48.98,raw,22496,40,0,10,3.56824823230554
5d,5,48.98,raw,22513,5,0,1.25,1.26156626101008
5d,5,48.98,raw,22517,643,0,160.75,14.3064061460654
5d,5,48.98,raw,22520,13,0,3.25,2.03421447256411
5d,5,48.98,raw,22533,119,0,29.75,6.15458174499869
5d,5,48.98,raw,22542,214,0,53.5,8.25338207302505
5d,5,48.98,raw,22560,107,0,26.75,5.83602243155949
5d,5,48.98,raw,22567,605,0,151.25,13.8772288711109
5d,5,48.98,raw,22570,268,1,67,9.23618154310838
5d,5,48.98,raw,22577,7,0,1.75,1.49270533036046
5d,5,48.98,raw,22583,8,0,2,1.59576912160573
5d,5,48.98,raw,22605,107,1,26.75,5.83602243155949
5d,5,48.98,raw,22607,6,0,1.50000000000001,1.38197659788535
5d,5,48.98,raw,22609,201,0,50.25,7.99876785029682
5d,5,48.98,raw,22620,164,0,41,7.22515199384357
5d,5,48.98,raw,22622,69,0,17.25,4.6865106579076
5d,5,48.98,raw,22626,432,0,108,11.7264602856701
5d,5,48.98,raw,22650,875,0,218.75,16.6889529453114
5d,5,48.98,raw,22653,138,0,34.5,6.62772693261899
5d,5,48.98,raw,22697,205,0,51.25,8.07796550300118
5d,5,48.98,raw,22702,77,0,19.25,4.95074350336915
5d,5,48.98,raw,22707,424,0,106,11.6173745632104
5d,5,48.98,raw,22713,42,0,10.5,3.65636639571573
5d,5,48.98,raw,22720,160,0,40,7.13649646461108
5d,5,48.98,raw,22723,78,1,19.5,4.98278748516688
5d,5,48.98,raw,22725,34,1,8.5,3.28976232123977
5d,5,48.98,raw,22726,152,1,38,6.95579633830205
5d,5,48.98,raw,22728,85,1,21.25,5.2015709478601
5d,5,48.98,raw,22730,176,1,44,7.48482063701911
5d,5,48.98,raw,22731,219,1,54.75,8.3492433833402
5d,5,48.98,raw,22732,95,1,23.75,5.4990398423234
5d,5,48.98,raw,22733,92,1,23,5.41151637980601
5d,5,48.98,raw,22734,50,1,12.5,3.98942280401433
5d,5,48.98,raw,22735,140,1,35,6.67558117812455
5d,5,48.98,raw,22737,82,1,20.5,5.10895396995029
5d,5,48.98,raw,22738,30,1,7.5,3.09019361618552
5d,5,48.98,raw,22740,333,1,83.25,10.2954937763665
5d,5,48.98,raw,22743,8,1,2,1.59576912160573
5d,5,48.98,raw,22744,446,1,111.5,11.9149573745763
5d,5,48.98,raw,22746,6,1,1.5,1.38197659788534
5d,5,48.98,raw,22749,169,1,42.25,7.33446458612083
5d,5,48.98,raw,22757,343,1,85.75,10.4489373125232
5d,5,48.98,raw,22759,17,1,4.25,2.32621324584064
5d,5,48.98,raw,22772,400,1,100,11.2837916709551
5d,5,48.98,raw,22776,261,1,65.25,9.11476166961975
5d,5,48.98,raw,22778,230,1,57.5,8.5563586777479
5d,5,48.98,raw,22781,62,1,15.5,4.44243322329048
5d,5,48.98,raw,22782,19,1,4.75,2.45924537968297
5d,5,48.98,raw,22784,341,1,85.25,10.4184294012424
