0.467854588656786,0.440259130375504,0.420130835297698,0.407472040427199,0.402902627898643,0.407496560989474,0.422631295415631,0.449868346873809,0.490853674855245,0.547218109883066,0.62046421905098,0.711855917051495,0.822354269876907,0.95266371125241,1.10344772995838,1.27573795057204,1.47149940534968,1.69423553361754,1.94944717313042,2.24471883760259,2.58922508438548,2.9925333273636,3.46272875747092,4.00406986614412,4.61455878028512,5.2839315024311,5.99259038933523,6.71190025737458,7.40604530123425,8.03534204621391,8.56058163370678,8.94771198704575,9.17204310408365,9.22120679790828,9.09633691428338,8.81129946085495,8.39020982548081,7.86381385047481,7.26548961355261,6.62760858726694,5.97879328333765,5.34230972464366,4.73553235543359,4.17021293167755,3.65321464615402,3.18742299069766,2.77266430650285,2.4065721849218,2.08540198905943,1.80478629422636,1.56038298979652,1.34833635123946,1.16548056420621,1.00927590525125,0.877546237108041,0.768151563100422,0.678740094376507,0.606681752237667,0.549202782086461,0.503660955098618,0.467854588019568,0.440259129711305,0.420130834611355,0.407472039720655,0.402902627170047,0.407496560232447,0.422631294618991,0.449868346021986,0.490853673929578,0.547218108863996,0.620464217920774,0.71185591579717,0.822354268492626,0.952663709740906,1.10344772833111,1.27573794884806,1.47149940355396,1.69423553177902,1.94944717128125,2.24471883577833,2.5892250826267,2.9925333257183,3.46272875599634,4.00406986490664,4.61455877935757,5.28393150188658,5.99259038923827,6.71190025777071,7.40604530214057,8.03534204761209,8.56058163554121
0.482280158886548,0.454071793186304,0.432878953160887,0.418789720882664,0.412516590526938,0.41522664166182,0.428394337514648,0.453690083162288,0.492884652468478,0.547741722743559,0.619881438348321,0.710634761395887,0.820942080377425,0.951373375188344,1.10234041287124,1.27453005530694,1.4695185972063,1.69044103926082,1.9425170600354,2.23319619391904,2.57170854780821,2.96789510809057,3.43034202502216,3.96402356858811,4.56783027452139,5.23247850870023,5.93932056581392,6.66048670104134,7.3605837310939,7.99988696852144,8.53864252417442,8.94181941243736,9.18349301942562,9.25005260137849,9.14163084060421,8.87150854014357,8.46367448448752,7.94910231458212,7.3615373036167,6.73360787267438,6.0938883561471,5.46522105228482,4.86425937226885,4.30193431788547,3.78443518358969,3.31433238019907,2.89160741913144,2.5145038822469,2.18021763671245,1.88546884616002,1.62696653229337,1.40173197398124,1.20723057173326,1.04129671630073,0.901899006120354,0.786856327634176,0.693634131697558,0.619318662623817,0.560791672860398,0.515048335143271,0.479550455905857,0.452502723471877,0.432984065109736,0.420924037691718,0.41696942535399,0.422304593907611,0.438478593862445,0.467259814258007,0.510505876947114,0.570027094449927,0.64743095444174,0.743970840373626,0.860454465935584,0.997288885591448,1.15472820538495,1.33334441681011,1.5346695813809,1.76187147886448,2.02025647065982,2.31736095965748,2.66242530002268,3.06513996072446,3.53371006917926,4.07246706597212,4.67942507184613,5.34429038533526,6.04744019764061,6.76027932925284,7.44715740824414,8.068727858459,8.58631065303737
0.493861934295559,0.465317387290952,0.443386107310763,0.428232373300505,0.420635992451316,0.42181601694019,0.433286846319111,0.456756531580561,0.494041001046885,0.546959581530539,0.617190300447946,0.706104938254282,0.814642757503797,0.943309040721806,1.09237814813558,1.26233619894869,1.45452408500536,1.67185020140469,1.919366738438,2.20446370034681,2.53646019583356,2.92546239869684,3.3805085482412,3.90720052581675,4.50519187014493,5.16602264055092,5.87182047713554,6.59531088989897,7.30138695240296,7.95021091306446,8.50150020405547,8.91935810105932,9.17682402835875,9.25929794053817,9.16617480247987,8.91037586331515,8.51591059086613,8.01402502667409,7.43876988499033,6.82287861886748,6.19466628556734,5.57631942658417,4.98355516715323,4.42631599041452,3.9100164767983,3.4368844624804,3.00709608801886,2.61959445700909,2.27263192425458,1.96413317424295,1.69195403611205,1.45405274053026,1.24854596417903,1.07362843148755,0.927379288178846,0.80753782190092,0.711357667696836,0.635629282160978,0.576894710951983,0.531801909013685,0.497492832692581,0.471910822257785,0.45395478396226,0.443466545410628,0.441096173720542,0.44811115044816,0.466205010825363,0.497327042252706,0.543519590568101,0.606740810956001,0.68866387789802,0.790485281206136,0.912811192481902,1.05571096725328,1.21900833450561,1.40282285154566,1.60829048080766,1.83830052865735,2.09802185604787,2.39497174342378,2.73843024394625,3.13811344806168,3.60218151942009,4.13483528512725,4.73390997378148,5.38896749111379,6.08038074530135,6.77978830650503,7.45207312764268,8.05872783585992,8.5621635617273
0.501832752370781,0.473247409345816,0.450956491541186,0.435181004605719,0.426734482836156,0.426841059104827,0.43699467221714,0.458868162081329,0.494242296627366,0.544914829199425,0.612562889628709,0.698575559339814,0.80391612324495,0.929104330623421,1.07440514861149,1.24026589905762,1.4279669866286,1.64035622639026,1.88245715742248,2.16169932141381,2.48754265746287,2.8703584345188,3.31958098656267,3.84132463833854,4.43583186464168,5.09524191016527,5.80220348581128,6.52978681076323,7.2429661315986,7.90167153862251,8.46508634576995,8.8965613593045,9.16831055706731,9.26500843340706,9.18557424200017,8.94277831641991,8.56077173155394,8.07109673494535,7.50805141292265,6.9043665540914,6.28797818694424,5.6803168430929,5.09610084814367,4.54426274225056,4.02945392639084,3.55359051954921,3.11708000946687,2.71959772239757,2.36047556285089,2.0388536448351,1.75373247805058,1.50399219007843,1.28837428049297,1.10539974266885,0.953222865347101,0.829474275827817,0.731179926018796,0.654835317975053,0.596658908297693,0.552976718202133,0.520636531368925,0.497338047788081,0.481804694292445,0.473781227075098,0.473900895163084,0.483488231971706,0.504353061122756,0.538596241126109,0.588412359479053,0.655868298110156,0.74265494824677,0.849856760177129,0.977822948036864,1.12624076294062,1.29448264598971,1.48222725875133,1.69025903059637,1.92125547825981,2.18031463541389,2.4749725003094,2.81453065626013,3.20864136238951,3.66526475218169,4.18828133302679,4.77517635197458,5.41527928957081,6.08901224757113,6.7684762561796,7.41948613596576,8.00489284212098,8.48875304003177
0.505815190410053,0.47748120998686,0.455232780270992,0.439316598098835,0.43053811420048,0.430076275449321,0.439346002461808,0.459918346344748,0.493467652883871,0.541702622180535,0.606249230230193,0.68849646294949,0.789460357602933,0.909756225026284,1.04976945326976,1.21007368247671,1.39206905446309,1.59871577414245,1.83515420441585,2.10895574509608,2.42976940294466,2.80821823090846,3.25405281852402,3.77375191524719,4.36793548014761,5.02908223075223,5.74008210008892,6.4740895378433,7.19596284552374,7.86530354034475,8.44078384547563,8.8851365518836,9.16996082294941,9.27943859343863,9.21221148855321,8.98101927559232,8.61018154605395,8.13148561263179,7.57938748429787,6.98653674712127,6.38046405816815,5.78188954653394,5.20464342070793,4.65679510870024,4.14237654382428,3.66309697658855,3.21963977178981,2.81239379763012,2.44170163484176,2.10782140207998,1.81079430995423,1.55032823033089,1.32571385157545,1.13574369875656,0.978612443897372,0.851825639458786,0.752182081396686,0.675897947705816,0.618895330677791,0.577211394963358,0.547431482965642,0.527035272439912,0.514581883198455,0.509716878757046,0.513043413454897,0.525921987986693,0.550252285630075,0.588255260071755,0.642239622410529,0.714334479120914,0.806194070670555,0.918733186279333,1.05199210635382,1.20524094187479,1.3773928163822,1.56770903929324,1.77667323884689,2.00681451123967,2.26321333451648,2.55344201688516,2.88678500095539,3.27272872126204,3.71888105900745,4.22863504941975,4.79899688227145,5.4190319674641,6.06932679629593,6.72272926348817,7.34642248608742,7.90514453237533,8.3651259297473
0.505951055461478,0.478124222363643,0.456297223661697,0.44070149453808,0.432087030490756,0.431537868689663,0.440338723831498,0.459905763938576,0.491752999305031,0.5374504140761,0.598537172666596,0.676393247778763,0.772117290220121,0.88649580375615,1.02015461874188,1.17394734682267,1.34956267386311,1.5502345822177,1.78135173315341,2.05070991782901,2.36816713722544,2.74454793484305,3.18979748339305,3.71057217468755,4.3076329004812,4.97353720450347,5.69116662667637,6.43356123608374,7.16535205137897,7.84580982959096,8.43320091301548,8.88982366926897,9.18687297655834,9.30821511075197,9.25230595468853,9.03183665666263,8.67117867886065,8.20219484400729,7.65934282919241,7.07511341870764,6.47667587346055,5.88421176186512,5.31093067905247,4.76434220161726,4.24812941583097,3.76397634582596,3.31290546555096,2.89596627772902,2.51437141850356,2.16931082499002,1.86167655962285,1.5918418354158,1.35952744987514,1.16372383773867,1.00263134608322,0.87362499441968,0.773291206244097,0.697594761445204,0.642196731028476,0.602882884370718,0.576010534851111,0.558866271762653,0.549861587983215,0.548548580736256,0.555495922750144,0.572086722696204,0.600288504884948,0.642410925214553,0.700835380827363,0.777702952604397,0.874576913266388,0.992152511209423,1.13012622036439,1.28734046255896,1.46226702046824,1.65379250576659,1.8621544048497,2.08978053376721,2.34175156522797,2.6256463631367,2.95064696332209,3.32594036520191,3.75862486657026,4.25146532742564,4.80091445473646,5.39581360224405,6.01710133167241,6.63871306387112,7.22966283219738,7.75709298958992,8.18988629337732
0.502973326779146,0.47583789742121,0.454734997195839,0.439834861921896,0.431784228713931,0.431528133459828,0.440182470422569,0.458974439210968,0.489226898816084,0.532344638822082,0.58976289063694,0.662853502064963,0.752826530357781,0.860703756470083,0.987451948075229,1.13433408149624,1.30346948389147,1.49849822541214,1.72515512158784,1.99150167007588,2.30757444264166,2.6842921831258,3.13161724726632,3.65615521374425,4.25855862342564,4.93123204432769,5.656875177695,6.40833411246401,7.15004761431273,7.84110306133531,8.43959108275221,8.90763450864954,9.21624388975853,9.34908707229008,9.3044080850188,9.09467757476148,8.74404178486478,8.28413196248665,7.74916015240697,7.17134914663791,6.57757897385613,5.98774101066447,5.4147968080878,4.86610976470072,4.34537917691961,3.85450878071459,3.39494894796426,2.96834683896515,2.57660777025867,2.22161645878676,1.90487373886008,1.62721210205512,1.38863380144999,1.1882389197952,1.02419623832749,0.893749555648025,0.793294822704618,0.718579140197243,0.665040742139723,0.628251761041556,0.604375448807029,0.590533246412564,0.585009710921598,0.587276420003708,0.597872333912973,0.618198690884881,0.650275364454167,0.696472754797804,0.759205278615416,0.840579395511169,0.942023174382463,1.06398251822265,1.20580573841166,1.36593390721091,1.54245027258764,1.7339314017954,1.94042281836969,2.1642705134067,2.41052111071967,2.68666486196206,3.00163374246511,3.36413964390418,3.78060485740708,4.25305279968396,4.77736496905088,5.3422682577918,5.92930259708648,6.51386606885351,7.06726160843009,7.55950776592497,7.96254091997378
0.49818657752543,0.4718344651689,0.451641117217034,0.437671344358426,0.430426587158724,0.430679480305644,0.439354940132879,0.457479177132624,0.486178815827573,0.526692534809235,0.580354931849095,0.64854122040604,0.732599543634252,0.833835954429446,0.953632720759781,1.09375803934009,1.25686542253389,1.44709039834965,1.67056307133688,1.93559550238492,2.25230823271985,2.63153953027549,3.08303114209475,3.61307081041173,4.2219526975275,4.9017458836967,5.63489767407281,6.39412902543897,7.14389605612579,7.8434236443368,8.45100042229658,8.92892244155384,9.24825900852656,9.39255335964625,9.35971427212324,9.16169012747352,8.82198680435314,8.37157273874257,7.84407247213526,7.27127402210796,6.679819211424,6.08956643597482,5.5136308874823,4.9596825209589,4.43184191319782,3.93251184710279,3.46368433838403,3.02755545003286,2.62655001255632,2.26300679092655,1.9387845619753,1.65495817311352,1.41165219230406,1.20797958064,1.04203433327633,0.910924489148181,0.810874736143733,0.737445683450084,0.685888014301425,0.651594947935487,0.630567382760976,0.619789246477389,0.617441354847541,0.622933066530306,0.636785720850115,0.66042209862361,0.695906300065085,0.74564848077152,0.812064827081702,0.897193726970616,1.00230518434701,1.1275974335895,1.27210632009715,1.43394069659637,1.61088415419964,1.80128652434282,2.00504837114243,2.22441769268648,2.46431404250727,2.73197479357364,3.03587202520637,3.38402805496153,3.7820174642166,4.23103694966658,4.72642887469701,5.25696711105287,5.80507407210229,6.34798019749171,6.85968623659504,7.31347328607049,7.6846297656274
0.493343894464685,0.467783905758167,0.448558652315257,0.435591129581821,0.429206413173678,0.429985497492825,0.438658198545835,0.456059913463074,0.483141166770469,0.520998810754982,0.570890787439284,0.6342185710204,0.712493694347002,0.80734013200958,0.920602138362098,1.05461092697059,1.21261248266224,1.39927629847135,1.62112062572924,1.88663115840645,2.20585217912466,2.58930277987259,3.04621388502451,3.58226086127335,4.19714016534356,4.88246069848338,5.62045229029216,6.38392302658462,7.13771850102502,7.84167972407463,8.45479691992512,8.93997335163958,9.26861393816153,9.42419705509198,9.40412239549078,9.21944239772568,8.89252768495656,8.45317428770554,7.93400432432486,7.36613651912603,6.77596180760046,6.18350312440429,5.60237790986695,5.04097379079046,4.50421285395011,3.99527170865937,3.51681340847233,3.07156584508392,2.66234059523761,2.29173038868031,1.96173464475622,1.6734754979592,1.42704978789815,1.22148486082549,1.05474788385734,0.923794738339042,0.82468642432123,0.752818767576421,0.703283531495918,0.671325767463757,0.652813964309877,0.644622171981215,0.644852078477098,0.652871683211949,0.669200291468117,0.695290116170135,0.733247421465738,0.785510181061063,0.854479288184798,0.94211322528998,1.0495314961702,1.17672480696385,1.32249492330877,1.48472768226402,1.66102470753338,1.84960184015256,2.05024700435752,2.26505621485226,2.49867554135473,2.75786909677552,3.05039507188912,3.38335132640585,3.76130071852484,4.18455807385091,4.64799607756854,5.14062094960481,5.64600942570807,6.14353982716306,6.61022216487285,7.02286202859541,7.36027479989945
0.490431580009199,0.465634434659957,0.44734022731771,0.435305074644796,0.429660031752645,0.430790030029844,0.439242380176083,0.455691205086201,0.480952916123871,0.516029313492726,0.562145237945472,0.620763576580832,0.693585557215035,0.782574235010521,0.890056381915556,1.01894659274603,1.17309569126853,1.35769418614385,1.57958676671055,1.84730041220987,2.17058977570918,2.55937024678372,3.02204041631721,3.56336028824693,4.18221079425792,4.86967053002347,5.60787138541526,6.37002605954633,7.1218535931569,7.82439336855234,8.43792455246871,8.92645022855235,9.26202298353765,9.42813463882016,9.42151186586286,9.25194372245229,8.94017259075654,8.51430364724748,8.00551259867391,7.44395704897872,6.85567663745765,6.26094444182222,5.67410690538797,5.10456758017163,4.55834489594939,4.03961899832887,3.55185245433458,3.09832530187494,2.6821654941786,2.3060904027257,1.97208649470177,1.68117415926926,1.43329668149935,1.22730158838101,1.06096749559616,0.931065486052281,0.833484167341214,0.76346416826545,0.715960489397305,0.686099206184565,0.66964771533841,0.663399880111175,0.66540391778077,0.675006710352675,0.692739414939922,0.72009050884405,0.759208494076749,0.812555364172443,0.882516095807156,0.970983097275847,1.07896665178863,1.20632823351232,1.35175079310686,1.51303519329983,1.6877334398149,1.8740170013982,2.07157303309224,2.28225895992396,2.51026525157678,2.76163438917869,3.04314566321787,3.36074779226668,3.71785600115082,4.11388264271749,4.54332363740945,4.99559623543033,5.45565202421581,5.90523274307603,6.32453046360065,6.6939838127261,6.99597513313139
0.491389838609267,0.467358593888341,0.449928823824402,0.438676058646261,0.433532120345356,0.434693817954386,0.442551155325311,0.45766046223252,0.480762079617558,0.512827148109926,0.555107832844744,0.609176007858358,0.676952806719584,0.760753771572905,0.863388123434831,0.988341922696461,1.14004245942101,1.32414360656734,1.54771102275771,1.81914247661787,2.14766120032703,2.54227905772409,3.01024101354683,3.55510528279463,4.1747509043429,4.85969821030845,5.59214701992518,6.34607513158107,7.08859257228287,7.78254125038715,8.39009012874988,8.87684820303384,9.21585224649903,9.39073066356383,9.39744160626005,9.24422938827834,8.94980351328446,8.54012898281037,8.04451930488612,7.4918512781792,6.9076257255234,6.31231588942444,5.72106256703608,5.14442510335307,4.58968530486328,4.06217874706861,3.56627510738876,3.1058569276745,2.68436317260373,2.30458594778824,1.96841963358224,1.67668966997544,1.42909131467032,1.22420654473245,1.05955603458104,0.931678370591345,0.836266480531522,0.768406342531786,0.722936465098319,0.694897009385676,0.679991979489362,0.674969979366009,0.677852741832127,0.687982752918023,0.705909770927455,0.733157752201647,0.7719135758334,0.824663109742521,0.893788301691085,0.981152279826974,1.08772640553037,1.21335054213848,1.35672712089371,1.51572135218529,1.68796507149239,1.87165965146141,2.06638145610115,2.27364300401496,2.4969887611698,2.74150128511287,3.0127464810986,3.31534579633345,3.65148242402319,4.0196860140174,4.41418004148541,4.82493885497813,5.23842527056799,5.63882810973924,6.00953140652399,6.33454933831081,6.59973601966919
0.497807290858022,0.474647617257265,0.458064352409026,0.447447405582026,0.44253298863978,0.443345361576276,0.450148961367753,0.463432479445343,0.483926497548276,0.512646410406233,0.55094398863996,0.60055822782243,0.663665921296256,0.742945423524755,0.841674516977703,0.963874705994819,1.11449037098818,1.29954904618936,1.52620587564157,1.8025455883402,2.13702203268617,2.53746562531431,3.00968297989798,3.55578773919224,4.17251077606703,4.84981123815508,5.57012320243314,6.30852145363226,7.03396985709333,7.71164751016985,8.3061479633004,8.7851510236768,9.12301701349166,9.30369196299835,9.32238139731708,9.18565277537859,8.909937977367,8.51875024914625,8.03921044805955,7.49860799364359,6.92165418625847,6.32884574253002,5.73601907864353,5.1548603371473,4.59393884140351,4.05980227178982,3.55779600089755,3.09246778612351,2.66761107329827,2.28610861489168,1.94974795187945,1.65911625338452,1.41359592206543,1.21142822063294,1.04980386591104,0.924973146784769,0.832403328312605,0.76702526658257,0.723586904595981,0.697085956693942,0.683212123080707,0.678711872611366,0.681609290243186,0.691253655141304,0.708208709314604,0.734019688708596,0.770897399864061,0.821347947478723,0.887768720914499,0.972043646165374,1.07519181372648,1.19715201775715,1.33678793479478,1.49216944584096,1.6611179348878,1.84191522070935,2.03399928395541,2.23843069100764,2.45794134829122,2.6964659183467,2.95819382647904,3.24632128568578,3.56178699771772,3.90230308077118,4.26192805616764,4.63129097553423,4.99840181987525,5.3498378040605,5.67202050978556,5.95232309200258,6.17985215368175
0.510633533638482,0.488591824605942,0.472945031775333,0.462897602038358,0.45799819677694,0.458116385946511,0.463422697038311,0.474386912570045,0.491795194562155,0.51678325738594,0.55087859714991,0.596050839400701,0.654772347638002,0.730094147059727,0.825741067357028,0.946219154673864,1.09691169233876,1.28411403098697,1.51493428291196,1.79697416285988,2.13771713054372,2.5435925124118,3.0187545697355,3.5636976286005,4.17390496670179,4.83877982034399,5.54111498294386,6.25732102080069,6.95854540297242,7.61268874114027,8.18716658287162,8.65210114601065,8.98349096301062,9.16583598603038,9.19373470438082,9.07212775722924,8.81512535003204,8.44365856997374,7.98245346847346,7.45695986696645,6.89082479702725,6.30430141342048,5.71369079375786,5.13163261078738,4.56787920054929,4.03015348015043,3.52479484980647,3.05706924990206,2.63118815843015,2.25017669444575,1.91573918331342,1.62821297741119,1.38662396835976,1.18880872777738,1.03156079604965,0.910789347984104,0.82171103101893,0.759110246383511,0.717683457354725,0.692444571451104,0.679132027372628,0.674542544709509,0.676733339112067,0.685065444633673,0.700098968299937,0.723369828247886,0.757082807917951,0.803749605995412,0.865796325329309,0.945176534076118,1.04304184804043,1.15954249573664,1.29382702363802,1.44428227818067,1.60899660585464,1.78635654208395,1.97562616984383,2.17732789364439,2.39326876258893,2.62613176599121,2.87866914424488,3.15265678453463,3.44786003778157,3.76128561344576,4.08693356724075,4.41613326107417,4.73838047522718,5.04245291312536,5.31751314990108,5.55394347821457,5.74378064220018
0.529960414281359,0.509404589971724,0.49490474323796,0.485483062458089,0.480510040594244,0.479716579660592,0.483205207456412,0.491466350711778,0.505396251621543,0.5263169625777,0.556000663271146,0.59670754230456,0.651244314241325,0.723043370865144,0.816251478364936,0.935801802545367,1.08743176006986,1.27759847945145,1.51324134040561,1.80134676159675,2.14829085852425,2.55896862103474,3.03576390895681,3.57746228710819,4.17825112380807,4.82697906620794,5.50685111935109,6.19571616402317,6.8670504309931,7.49165726286105,8.03998677626963,8.48484415426612,8.80412952613676,8.9831717946541,9.01622883021439,8.90684335406164,8.66696242605893,8.31499434331267,7.87321455699787,7.36506539448223,6.81287309997005,6.23634167443751,5.65192899055445,5.07296149879551,4.51017957123168,3.97237059260683,3.4668350976394,2.99958114735155,2.57529028235028,2.19718159095613,1.86690580025738,1.58454766541222,1.34874309870421,1.15687157073599,1.00527555802572,0.889485560223237,0.804459487818818,0.744861545725502,0.705392979563776,0.68115788436901,0.66801845814544,0.662881125893736,0.663867994740586,0.670351339533098,0.682858858541402,0.702871601008568,0.732541996530438,0.774356700083043,0.830768383144637,0.903832375612617,0.994896216844202,1.10440485796128,1.23187765160949,1.37608825201714,1.53543072105632,1.70839761718812,1.89404832108167,2.09232122186913,2.30406277094392,2.53070499629238,2.77361885512587,3.03327382457723,3.3084156751677,3.59550068234249,3.88857466303053,4.17966856940073,4.45962587946482,4.7191410957316,4.94972053923115,5.14431298308325,5.29748829472739
0.554926701434282,0.536263620129762,0.523195683796681,0.514569586725756,0.509587918075986,0.507855506086259,0.50942355513933,0.514827316573896,0.525107538767866,0.541816864417045,0.567021221998528,0.603316030624057,0.653871417323413,0.722504678490193,0.813757002566322,0.932930810206946,1.08603635334334,1.27959922110919,1.52029791607224,1.81442462729606,2.16719083806396,2.5819247138217,3.05922917382871,3.59618397954545,4.18568477170337,4.81601828525833,5.47077433982629,6.12919307854814,6.76702547681476,7.35794141172392,7.87543933688748,8.29510171191895,8.59692332310285,8.76735049626557,8.80065558593629,8.69935448098137,8.47355641188587,8.1393686880781,7.71669554788921,7.22689867554682,6.69077846055734,6.12719770979298,5.55244889989871,4.98024715570868,4.42208641090077,3.88766583462386,3.38517282780213,2.92134216378346,2.50134159621694,2.12860555613397,1.80473902933171,1.52956068527982,1.30128456709165,1.11679361960423,0.971946746073288,0.861883600910591,0.781320125124525,0.724847497295848,0.687243194397769,0.663784899542986,0.650538249899807,0.644580045155529,0.644127748768739,0.648560880369388,0.658340124834826,0.674837519285735,0.700094888177582,0.736527100637665,0.786589625492372,0.852442804156771,0.935655955894785,1.03700594749489,1.15641729631621,1.29307009842172,1.44566422232483,1.61278389408551,1.79326979167863,1.98648372418951,2.19236182441635,2.41119298468311,2.64313390599833,2.88755851406031,3.14241502226198,3.40379657482145,3.6658965550666,3.9214196018166,4.16237408026945,4.38103781609919,4.57081546827852,4.7267351691985,4.8454607630747
0.583793704005965,0.567341388910146,0.555969944409543,0.548364012744207,0.543571791203841,0.541082449192087,0.540902607593615,0.543617576952029,0.55042000938415,0.563105575529882,0.584051186776991,0.616204966004053,0.663109978701912,0.728960816882467,0.818661854332098,0.937829564302426,1.0926755052025,1.28972076660769,1.53532737472904,1.83507241429797,2.19302663812395,2.61101802240597,3.0879617509484,3.61932316602999,4.19676118983428,4.80798791972414,5.43687982788361,6.06388922061276,6.66681196373131,7.22195597853267,7.70570389375594,8.09637327461015,8.37616898539708,8.53292915302974,8.56133775198382,8.46333716439694,8.24762735649138,7.92834327489261,7.52319544052849,7.05147499763502,6.53231863019988,5.98350842740849,5.42088845750919,4.85829015052471,4.30773721675538,3.77968173454505,3.28310037478181,2.82540153633103,2.41220949841851,2.0471500046871,1.73175410678009,1.4655410207457,1.24627012826875,1.07030459739608,0.933014643477142,0.829167641519678,0.753280914441884,0.699937183363102,0.664068321516508,0.641206891650464,0.627694706669697,0.620832227301455,0.618958134466548,0.621454459991873,0.62868220977666,0.641851920700004,0.662834062275299,0.693914450451531,0.737505949192305,0.795842848403713,0.870695703185388,0.963155359862625,1.07352840476255,1.20137028572769,1.34565312824951,1.50503126630533,1.67813752450075,1.86382105044804,2.06123872062686,2.26973613865816,2.48851042696739,2.71612024204359,2.94998132103691,3.18602740426265,3.41869808136181,3.64133220326091,3.84691091430414,4.02896068090456,4.18234455756645,4.30368695075437,4.39129763736452
0.614212374743001,0.600064912854796,0.590519433302272,0.584122987946817,0.579790187916205,0.576906134533472,0.575431634503524,0.575988131598478,0.579897580988994,0.589173526070499,0.606481318002421,0.635103228968747,0.678937157699491,0.742530373592562,0.831112707710385,0.95056231964556,1.10723216592799,1.30758763060981,1.55765372065233,1.86232326700987,2.22461951052904,2.64501973899495,3.12093088791623,3.64636985302345,4.21185999887536,4.80453001860576,5.40840020741338,6.0048659994628,6.57341586644479,7.09263138016146,7.54148615359754,7.90088520388276,8.15528649881335,8.29415653467301,8.31297992459629,8.21359245955738,8.00374115922457,7.69595444819135,7.30597196258568,6.85107855978634,6.34867270252022,5.81528660043165,5.2661045687761,4.71486633678367,4.17394933670765,3.65442361604832,3.16595517795251,2.71654773478829,2.31221296086184,1.95670190203718,1.65141046110987,1.39550915044029,1.18627393524589,1.01954587350773,0.890231625794822,0.792774935907688,0.721559299284212,0.67123131685604,0.636949129558921,0.614565028644878,0.600749739506972,0.593064069606928,0.58998566706871,0.590896447130206,0.596035355238325,0.606412297758035,0.623675359582484,0.649923594123104,0.687466583742899,0.738549815481207,0.80507855123532,0.888385133383946,0.989080560940077,1.10701984832792,1.24138819061406,1.3908881706283,1.55398213165927,1.72911958105432,1.91487147453617,2.10990302376474,2.31275828706789,2.52149361264521,2.73326959929806,2.94406212177602,3.14865020482305,3.34097118359714,3.51480841185923,3.66464256325715,3.78640582714547,3.87788120079408,3.93859794358449
0.643654602758921,0.631584132525916,0.623762261951817,0.618637471538025,0.615022773045008,0.612216007296458,0.610126873094035,0.609383203056874,0.611385898953847,0.618304290814266,0.633028720174991,0.659118333933382,0.700776542095639,0.762858076529294,0.850871117676582,0.970903836943228,1.12939997893063,1.33273541245159,1.58660392942159,1.89528171951004,2.26088537198076,2.68274730476171,3.15700498530918,3.67644651413162,4.23059945371265,4.80601619875342,5.38670773686671,5.95470887522318,6.4907954694143,6.97539560326773,7.38971595510711,7.71703967117278,7.94406377188598,8.06206620353749,8.0676699395464,7.9630224724946,7.75533193166614,7.45585672424106,7.07857952402093,6.63886026249039,6.15232884592966,5.63416487217898,5.09876007512725,4.55963192165554,4.02939913078929,3.51965559767038,3.04067180823932,2.60096143509022,2.20683398754781,1.8620770824759,1.56787541140165,1.3230009708192,1.12423237525723,0.966912292466278,0.845538428519057,0.754303503592778,0.687533156303937,0.640005134939508,0.607155682558224,0.585192223518539,0.57113640947304,0.5628223564275,0.5588737290637,0.558674077518106,0.562334901964668,0.570649692353821,0.585014488334836,0.607295170297455,0.639632911990002,0.684199730961865,0.742932458197306,0.817287809469991,0.908059852959361,1.01529376796968,1.1383120525668,1.27584709250437,1.42624954653031,1.58771514814331,1.75845697406629,1.93674944141842,2.1208016213082,2.30847508815838,2.49693482151922,2.68238039395819,2.86001441243796,3.02435043862581,3.16984538351027,3.29170710313041,3.38662815653835,3.45318658028829,3.49175088504459
0.669925173172117,0.659355679904842,0.652877375832156,0.648894695878842,0.646164169905558,0.643921582001955,0.642020915291973,0.64105723857745,0.642439939809105,0.648403066055271,0.66196462529051,0.686869700457085,0.727549210318986,0.789099634522452,0.877249143268077,0.99824146056673,1.15856446371697,1.36447974492217,1.62136892073551,1.93297643940288,2.30067456179772,2.72288200499837,3.19473368974873,3.70803772713549,4.25149391894784,4.81111153624778,5.37076241769721,5.91283731420275,6.41901085437397,6.87114108337416,7.25231012733971,7.54795441682463,7.74695958409724,7.84253862447609,7.8327106052722,7.72026064039765,7.51217987250645,7.21871563698217,6.85225714261039,6.42630483787886,5.95470857188822,5.45123936837768,4.92942642392799,4.40249985376543,3.88326368778763,3.38378198037922,2.91486798221456,2.48546966268895,2.10210808487532,1.76852315850028,1.48562362634187,1.25175353894642,1.06320787946552,0.914884518965821,0.800952158057018,0.715439468093197,0.652689285569468,0.607660727725267,0.576089820428921,0.554537569327988,0.540362933904255,0.53165993598936,0.527193932407324,0.526357446222935,0.529149335782462,0.536159577873807,0.548531481062449,0.567872518085559,0.596097968750308,0.635213991739081,0.687065252876778,0.753088214508292,0.834111836969951,0.930242759339522,1.04085728039675,1.16470292648308,1.30008860167213,1.44511353932749,1.59786484372989,1.75650603545165,1.91920400191796,2.08389549264151,2.24796787406821,2.40799238220062,2.55966605037311,2.69807278987732,2.81826364999963,2.91602370843797,2.98858885552554,3.03505601832506,3.05631525315952
0.691629178462807,0.681694407686782,0.675923241825887,0.672743636017311,0.670912848708855,0.669639367349471,0.668721928841682,0.668682555259534,0.670860461303973,0.677448547106853,0.691475639519023,0.716760412372789,0.757863087048311,0.820039686292487,0.909168575569129,1.03158815599532,1.19378117515406,1.40186950672861,1.66094094407534,1.97429102691477,2.34270626370395,2.76391855667011,3.2323251241835,3.73900716138283,4.2720201922215,4.81689439703899,5.35728087995198,5.87570664225895,6.35442891682049,6.77638900396785,7.12624016059898,7.39137062126635,7.5627884627117,7.63570860730477,7.60971284171554,7.48843835029533,7.27886754472612,6.99039766314121,6.63391884690383,6.22110297664172,5.76400607252332,5.27495607797833,4.7665834913722,4.25180157576659,3.7435742030808,3.25440529825079,2.79560767609941,2.37650615597649,2.00376958133253,1.68103531978959,1.40890750222884,1.18531234865639,1.00611288692227,0.865846573705068,0.758451928727194,0.67788462724202,0.618568575369533,0.575670100824049,0.545213410857622,0.52407523562318,0.509905410583123,0.501021112074721,0.496315394750571,0.495202562850538,0.497602509701895,0.503942276374053,0.515141895617028,0.53255142946918,0.557820427150858,0.592704133427847,0.638829821264426,0.69746264024467,0.769311532229012,0.85441232208578,0.952112002026975,1.0611605404554,1.17989361856064,1.30646065214562,1.43903024959212,1.57589507654068,1.71541991528409,1.85582774264908,1.99489098253266,2.12965956693908,2.25637888919308,2.37071058514944,2.46826475814015,2.5453240231069,2.59953591272852,2.63032553902542,2.63885600825335
0.708465424990275,0.698136739447354,0.692263294627831,0.689371658192435,0.688285073630867,0.688227715405967,0.68895159915702,0.690872690547639,0.695186917871641,0.703942918696639,0.720062633279895,0.747321354341421,0.790302668433298,0.854330433627362,0.945353655162484,1.06973553980897,1.23389614996828,1.44378323092663,1.70419711376954,2.01804989557156,2.38567718871909,2.804322659491,3.26788305297499,3.76694725327317,4.28911060778949,4.81951654816526,5.34157390220718,5.8378149272015,6.29086960171102,6.68452220925839,7.004779215127,7.24082777298399,7.38573254140217,7.43672908933231,7.39504221816668,7.26526897961016,7.05448469484551,6.77130822444273,6.42516320233891,6.02589061076046,5.58372784718296,5.10952614438483,4.61498400939628,4.11266729248722,3.61566889550908,3.13689717061082,2.68812311387525,2.27900567312908,1.91632785146834,1.6036132104334,1.34118363706973,1.12660807204976,0.955411277089488,0.821882627230632,0.719840750422006,0.643255132750172,0.586677834272397,0.545483348897341,0.51594419776834,0.495187675662892,0.481085382833826,0.472125677501901,0.467309410052265,0.466089530038805,0.468353911910308,0.474427600562685,0.485061173649926,0.501373351539799,0.524731275881448,0.55657418419206,0.59820363769135,0.650577271619363,0.714142712921327,0.788744594298499,0.873625317508382,0.967524354960436,1.06885987653584,1.17594933121534,1.28720464966933,1.40122786598093,1.51675377644772,1.63243483822124,1.74653251365145,1.85664080552227,1.95958838171522,2.05162817654096,2.12892503257861,2.18823100563034,2.22753944217244,2.24648424261777,2.24631961179982
0.721259737048177,0.709509050529074,0.702673261273562,0.699452918183115,0.698804380298178,0.700015124195875,0.702807866475152,0.707473395898499,0.715009260109609,0.727236338797257,0.746869723366204,0.77753698441761,0.823744801227408,0.89079193207243,0.98461202287844,1.11151374070852,1.27778571495757,1.48915367498627,1.75011860130289,2.0632483456369,2.42852625166911,2.84286172459112,3.29984176468727,3.78976018972497,4.29992129760388,4.81519306770198,5.31877893948128,5.79317974945722,6.2213052170526,6.58766108367231,6.87948690138531,7.08767390642946,7.20728632578127,7.23756124678636,7.18137558645609,7.04430926058537,6.83355358625446,6.55696248934088,6.2224923008895,5.83813750120438,5.41228774802169,4.95427624420483,4.47481670832266,3.9860642738748,3.50116993588393,3.03337415475685,2.59484235469005,2.19552476026194,1.84230857839731,1.53863477487891,1.2846169691886,1.07757694573802,0.912833072678637,0.784560552185632,0.686572994416027,0.612931676055046,0.558347317629193,0.518384886289185,0.489508804821607,0.469019406655791,0.454933033738279,0.445853105228287,0.440867218394269,0.43948542984425,0.441615249313934,0.447549231615487,0.457935498663372,0.473705749171656,0.495951380810636,0.525758468604477,0.564025962704267,0.611300711378998,0.667659082678065,0.732659653268823,0.805379576156617,0.884533724928914,0.968658082674644,1.05631569693014,1.14626625795725,1.23753297674268,1.3293214501747,1.42079097702834,1.51074240658164,1.59734197579605,1.6780171397715,1.7496234828147,1.80888969497387,1.85303662916673,1.88037749694078,1.89068567202856,1.88518102710776
0.731732006002175,0.717686956490868,0.709107290044053,0.704935889080348,0.704324326551772,0.706670544605186,0.711692731703426,0.719554518851542,0.731026256105082,0.747649389462722,0.771864018995652,0.807071846591695,0.857619145431649,0.928693132478574,1.02612417327648,1.15607985218352,1.32463853100211,1.53724306449861,1.79806460708449,2.10933758228295,2.47075047439863,2.87897928117031,3.32743368378895,3.80625839796037,4.30260647364731,4.80118746625735,5.28508350659464,5.73681234067238,6.13957921153779,6.47860108423586,6.74232160076231,6.92329482077443,7.01853666913122,7.02923678864438,6.95988007436969,6.81699580293853,6.60787242399409,6.3395946621226,6.01865618514784,5.65120735947948,5.24377606292906,4.80413406183522,4.34193053159365,3.86879627181495,3.39780574274228,2.942396876525,2.51501924565527,2.12585020930724,1.78187702961143,1.48651657566353,1.2397863631452,1.03890848217264,0.879154038881549,0.754730792648658,0.659561548794004,0.58786813547326,0.534539141090127,0.495304455880883,0.466762403786057,0.446313151649828,0.432048178740898,0.422636623639241,0.417234930655235,0.415427219979857,0.417187493079373,0.422840563493262,0.432998674603848,0.448458761223228,0.470062083875127,0.49853485082137,0.534336486892754,0.577544942817112,0.627799485461082,0.68431359034961,0.745959076768519,0.811412186879162,0.879339393887074,0.94858319560303,1.01829614170791,1.08796758004667,1.15730917288085,1.2260076095742,1.29340965078291,1.35825178038463,1.41855723146606,1.47178576119793,1.51523604668779,1.54660147261698,1.56450353636179,1.56881339528968,1.56063367267034
0.74207759343424,0.72513232511879,0.714211498589611,0.70855583691799,0.707562989048261,0.710782558231492,0.717956685221804,0.72913613542706,0.744863695843109,0.76638628298721,0.795839042150149,0.83635268174683,0.89205277932884,0.967940772181729,1.06965906295959,1.20314545340501,1.37418434673658,1.58786720531339,1.84799108225446,2.15644273742655,2.51263292022748,2.91304988018789,3.35099489133734,3.81655017506374,4.29681749486001,4.77645810219955,5.23854941389023,5.6657427210808,6.04164493533946,6.35226616017319,6.58729834854069,6.74095680115534,6.81216357976072,6.80398486911637,6.72242980282394,6.5749109122637,6.36878468910718,6.11038045315688,5.80477484564877,5.45632602078981,5.06972588333678,4.65115595901039,4.20910267240353,3.75450955719578,3.30017068822875,2.85951340176157,2.44509876418964,2.06722614710268,1.73296215186927,1.4457618356191,1.20567423335389,1.00998660085078,0.854093803392569,0.732386157721214,0.639006008585616,0.568398187384653,0.515645196534079,0.476620393385964,0.448010380089154,0.427260212621869,0.41248614057035,0.40238827336403,0.396179632116264,0.393530570014295,0.394515275114386,0.399539111516852,0.409232023521361,0.424305501473174,0.445388064776611,0.472867320514681,0.506768128783691,0.546691522632724,0.591824077640586,0.641016684505559,0.692920760492431,0.746163190795225,0.79953394274065,0.85214916904852,0.903546380384099,0.953668271005528,1.00271366547145,1.05087250706851,1.09801090413837,1.14341044872119,1.18566992581388,1.22283951337994,1.25277903360158,1.2736454575929,1.28435192406526,1.28483485989303,1.27602517196191
0.754501485887332,0.734362883351282,0.720749822814628,0.713240117397934,0.711512753268814,0.715299392917813,0.724393439746247,0.738758746604512,0.758734520311651,0.785291264971614,0.820265037409546,0.866502486933353,0.927872248418432,1.00913089742454,1.11565657707781,1.25307349043499,1.42679178061882,1.64148384632453,1.90052236295537,2.20541348191089,2.5552715500954,2.9463900855565,3.3719679663782,3.82205066886546,4.28374464718258,4.74175845234535,5.17930202502585,5.57932871287648,5.92602327389384,6.20634059101736,6.41131660489805,6.53684797522868,6.58370817352751,6.55673348747645,6.46333879241326,6.31173298080871,6.1093179774666,5.86171899528334,5.57270283383013,5.24495771839914,4.88142625673593,4.48670664596706,4.06802652936793,3.63544860810243,3.20122794601017,2.77850744901726,2.37972354983075,2.01514106495597,1.69185003384789,1.4133859190503,1.17994723241409,0.989046287836367,0.83636814821375,0.716629973469122,0.624298539497182,0.554102203456597,0.501338446626434,0.462016474398589,0.432887380945257,0.411412330711458,0.395706800390227,0.384484573377898,0.37700854431747,0.373039702519315,0.372767335094001,0.37670154473375,0.385521817066173,0.399891828305588,0.420268768096849,0.446744735450906,0.478952573465328,0.516055914595057,0.556822257296453,0.599764367711471,0.643325252517708,0.686079211369253,0.726919875732498,0.765201291047653,0.800797177785522,0.834046635853358,0.865576158158403,0.89602206580788,0.925719114587811,0.954450821771997,0.981355094316773,1.00504068094102,1.0238986484524,1.03651933673027,1.04207552761003,1.04053451845774,1.03261873813832
0.770847653293856,0.747516714471825,0.731117919609898,0.721588458664428,0.718906457805147,0.723002091849603,0.733741307850211,0.751031756087241,0.775048574715306,0.806527251219326,0.84703681813111,0.899151235383288,0.966465879571963,1.05344876663993,1.16515030688076,1.30680977780408,1.48339533306139,1.69910265551214,1.95683186577089,2.25766361758064,2.60036725823019,2.9809875960919,3.39257000692883,3.82509357822877,4.26568523959168,4.69918214953043,5.10907957674361,5.47884216197544,5.79346217974612,6.04104085545296,6.21408517254103,6.31019752596743,6.3319259891076,6.2857320387653,6.180278739842,6.02446126592843,5.82570879687007,5.58902920260642,5.31704742547779,5.01097748129261,4.67216984256231,4.30369990572552,3.91146849798921,3.50446419826659,3.09412086977948,2.69298337526704,2.31307999985092,1.96443670913891,1.65406767831059,1.38559391663428,1.15945074028176,0.973510614916026,0.823895909454189,0.705781451903004,0.614056856303662,0.543796308808229,0.490544084616511,0.450456719061848,0.420351078090784,0.397702588186199,0.38062404238194,0.367840826776655,0.358662154045355,0.352934085032652,0.350955045461266,0.35333749368543,0.360817099905833,0.374030727885186,0.393303050501491,0.418487478333081,0.448895963914312,0.483332821796979,0.520221590821425,0.557798263311714,0.594335356825263,0.628362504788159,0.658852894411081,0.685345402028299,0.707975481869841,0.727392967424778,0.744565502963742,0.760496348299055,0.775920307698373,0.791064388809215,0.805553539831419,0.818504789693231,0.828789138772643,0.835378507488991,0.837656983825817,0.835583632716364,0.829647754891565
0.792415120940541,0.766119694647424,0.747065539679493,0.735556259678797,0.731870268732657,0.736137994215124,0.748309712384855,0.768265266582768,0.796060045279244,0.832245954734054,0.87816964812072,0.936156749674373,1.00952584152064,1.10242623489552,1.21953305259699,1.36564824941017,1.54525052777629,1.76201842861388,2.01833943604497,2.31481715535226,2.64980331736598,3.0190009625906,3.41520419073757,3.82825276997591,4.24528121827945,4.65133033213167,5.03035107429257,5.36656420454672,5.64604121684191,5.85826585182221,5.99735858683196,6.06264215755794,6.05832928132962,5.99231414714705,5.87430184990952,5.71372789266877,5.5180177231378,5.29166322442812,5.03635524180042,4.75208679744907,4.4388383948481,4.09828541774305,3.73498515001739,3.35669396719109,2.97375936777321,2.59781374817836,2.24017708325801,1.9104027565685,1.6152913311272,1.35851135862936,1.14077903523531,0.960423173098853,0.814119787360336,0.697612142119862,0.606302822258295,0.535677184801971,0.4815706624878,0.440317846681311,0.408825098779365,0.384602045902487,0.365774162539687,0.351085801111868,0.339888362398051,0.332096467282175,0.328092231753923,0.328563972055963,0.334286725616765,0.345874184482861,0.363550312518123,0.386991982104942,0.415278282638771,0.44695753321477,0.480213219344624,0.513093127337209,0.543758569029379,0.570715304305779,0.59299566844651,0.610265899266109,0.622838425947757,0.631574614757721,0.637682231092619,0.642437864381005,0.646894128239719,0.651649251145208,0.656748109427536,0.661749051541789,0.665934256679112,0.668589693077962,0.669252102367043,0.667832328482363,0.664573379555408
0.819970128950211,0.791074413676278,0.76965450329998,0.756375601717143,0.751804021583818,0.756259311461276,0.769777370588937,0.792231201949202,0.823596107316295,0.864289238705117,0.91547857346995,0.979267047893106,1.05869799280591,1.15758257645866,1.28019035562807,1.43085629350831,1.61354668048061,1.83140309232387,2.08627096125777,2.3782217829999,2.70509881775121,3.06214125738566,3.44176204370935,3.83356279819633,4.2246610348603,4.60038269075659,4.94532792763355,5.24475146967995,5.48610845821619,5.66052312364593,5.76387470906751,5.79720142630723,5.76623108137333,5.68004520106655,5.54912811249006,5.38325926719659,5.18979348030683,4.97279202363285,4.7332255239391,4.47014666291911,4.18243376124627,3.87054384744088,3.53773974311344,3.19045299442872,2.83773699858325,2.49003955756482,2.15769403930232,1.8495466751598,1.57202460658725,1.32876777542335,1.12077083319264,0.946868857073807,0.804369280594084,0.689668584807422,0.598760639437814,0.527608232192335,0.472392487943145,0.429671889637817,0.396481958475299,0.370399940044501,0.349588072426243,0.33281962363315,0.319479991860792,0.309525502687605,0.303381208513354,0.301766772500329,0.305461972970508,0.315046383417908,0.330666136238545,0.351881716232331,0.377632168640913,0.406323342999959,0.436016079854469,0.464673105425534,0.490417630782746,0.511764186122387,0.527793081140085,0.538246767501458,0.543533133312953,0.544625884970725,0.542868528798019,0.539710687055468,0.536430816014988,0.533914003040413,0.532544581553331,0.532242149844484,0.532620301347613,0.533204614828975,0.53362488866617,0.533710067344106,0.53345758320473
0.853887549917322,0.822804751699241,0.799390593058142,0.784659269606742,0.779443689908264,0.784232600283109,0.799140189647533,0.824044421315553,0.858869810372118,0.903936234882336,0.960265941969517,1.02975744627952,1.11517953278709,1.21999375433029,1.34805070734126,1.50321184759453,1.68893249211819,1.90781708978198,2.16114957777052,2.44841249541037,2.76683800219855,3.11106281561745,3.47297454363805,3.84183224758054,4.20471864434805,4.54734511689697,4.85518098016806,5.11481988413059,5.31542528917153,5.45002718032368,5.51639986471836,5.51726669885492,5.45968135265193,5.35361727078333,5.21001927435821,5.03875725445464,4.84699515681981,4.63840495292178,4.41342208986709,4.17043174296233,3.90749540090364,3.62407767590072,3.32226399731617,3.00715240829652,2.68638283116211,2.36902595405149,2.06420924908656,1.77986791332735,1.52189643347257,1.29380479433931,1.09682173292808,0.930290894307101,0.792185822735469,0.679609450083109,0.589207916658443,0.517483251925481,0.461021224927942,0.416658421339178,0.381607269300801,0.353551131471194,0.330714125938645,0.311905567898273,0.29653080383089,0.284553032758054,0.276390190096354,0.272738799968247,0.274338683698344,0.281714731087578,0.294949446668172,0.31353973036589,0.336371658564836,0.361818265228284,0.387933531615503,0.412699424847877,0.434278639014476,0.451235182668137,0.462697439385088,0.468446176887169,0.468916444584091,0.465105917144272,0.458395808439938,0.450309214026247,0.44225381217184,0.435308732886493,0.430107618956537,0.426843258587526,0.42537711328025,0.425401924236808,0.426589015656479,0.428664966375312,0.431398833213557
0.89431742865268,0.861446336699131,0.836419689444109,0.820583811279587,0.815012965242319,0.820341725596465,0.836750839763209,0.864127754568025,0.902364275886581,0.951706102119812,1.01304795262207,1.08809115391412,1.17932719942811,1.28986276713792,1.42313121685723,1.58253439898539,1.77103851771144,1.99072610947852,2.24230766910363,2.52462010383859,2.83417847318189,3.16487699359356,3.5079392876905,3.85219217089234,4.18468821063864,4.49164984356769,4.75965717244128,4.97695998838952,5.13475435306386,5.22822832849089,5.25716477076804,5.22591269759442,5.14262941283889,5.01784832988761,4.86261440420261,4.68658585502576,4.49655994530026,4.29580183441445,4.08434270407067,3.86013449940867,3.62069520724716,3.3647450818931,3.09336681499836,2.81040308988165,2.52206413851232,2.23595385923986,1.95986067884061,1.70066213262677,1.46358389163962,1.25189578203259,1.06698387911643,0.908658455878773,0.775549275105323,0.665482594994392,0.575793789493316,0.503573957584865,0.445869133687205,0.399848976444946,0.362951459381419,0.333003324718114,0.308311967980809,0.287724701322088,0.270647630990744,0.257012053099287,0.247176280201371,0.241757625574861,0.241409266872446,0.246577002864299,0.257287069130437,0.273015277515014,0.292668510188968,0.314681784394396,0.33720384078458,0.358329352601727,0.376333020242253,0.389871321964191,0.398130576774277,0.400907686641671,0.398615301654454,0.392204827851031,0.383011372032238,0.372540204431428,0.362233738221783,0.35327005948968,0.346438339889729,0.342114884068596,0.340328545605057,0.340875683087701,0.34343168012315,0.347617267614299,0.353007110040256
0.941287182650462,0.906983521607609,0.880685267679304,0.86405172435257,0.858373396357156,0.864409116821762,0.882395380465803,0.912230897570817,0.953785050168361,1.00724058181238,1.07337013869553,1.15367571332395,1.25036631074061,1.36619428351263,1.50419001469012,1.66732512735286,1.85811261675169,2.07813801348913,2.32753178863233,2.60443274414376,2.90454085211058,3.22088401905956,3.54390902127104,3.86195304693112,4.16207490960603,4.43115604715926,4.65713452880985,4.83021927430096,4.94393203111641,4.99583078296275,4.98778033260453,4.92566402637613,4.81849982794746,4.67703624551744,4.51204485047233,4.33264734961768,4.14505986293905,3.95206870271544,3.7533688987957,3.54665592836021,3.32914104075137,3.09904549415377,2.85666107634701,2.60472726726178,2.34810770226023,2.09295737564891,1.8456901983609,1.61205243772193,1.39650493551956,1.20197392813328,1.02990569061176,0.880497965336123,0.75298399928686,0.645890973532573,0.557250154193354,0.48477151782896,0.426005390565401,0.378502917103258,0.3399715106521,0.308413730444687,0.282236539758861,0.260322895477101,0.24205847915017,0.227305197485739,0.216313629950065,0.209571822500926,0.207604810770625,0.210756529161023,0.219000158824198,0.231821942131171,0.248206026275939,0.266722628521769,0.2856943146239,0.303402272063297,0.318292569440882,0.329152972800075,0.335243167333197,0.336368105637009,0.332888206885152,0.325659907864595,0.315908031990065,0.305043897312194,0.294460103099028,0.285344431545736,0.278551999300742,0.274558395925346,0.273488271245767,0.275191063582868,0.279324772085744,0.285417231435368,0.29289624295322
0.9947043163299,0.959285857379481,0.931993270752776,0.914777200053658,0.90912159056956,0.915893573255087,0.935380274297734,0.967496070735609,1.01209625105353,1.06930618527745,1.13977542909163,1.22480065323581,1.32630436263906,1.44669153019709,1.58861335587539,1.75465010605173,1.94690451119117,2.16649465265014,2.41296981223873,2.68372967162787,2.97358363926441,3.27460490976263,3.57639539417569,3.86679055382167,4.13292516503959,4.3624971416602,4.54502859974218,4.67294017416842,4.74230262483563,4.75318249820416,4.70954015229849,4.61866773468718,4.49019561983945,4.33475952878384,4.16250915922522,3.98172122637805,3.79781074347126,3.6129808192563,3.4266044686409,3.23623554241473,3.03896336311522,2.83273010176895,2.6172597403282,2.39438979009279,2.16779927429225,1.94230634488687,1.723007442512,1.51451975049646,1.32049241853809,1.14342392092346,0.9847159844603,0.844847623392269,0.723565626520908,0.6200368946403,0.532960977186843,0.460669769674733,0.40124280587419,0.352648080766258,0.312897312366116,0.280194876900049,0.253059432450029,0.2304059786712,0.21158120267697,0.196347062737303,0.184808849827692,0.177287458584195,0.174149064539471,0.175619067910281,0.181619559378287,0.191668818187169,0.204866627360455,0.219967618942327,0.235520937444724,0.250043679190917,0.262194079453877,0.270920191061089,0.275570694649873,0.275960176775742,0.272383979178082,0.265576022104299,0.256608679520948,0.24674343097879,0.237255642725187,0.229267661206354,0.223623320085082,0.22082548431618,0.221036299699335,0.224122229420925,0.229716895022143,0.237280328061666,0.2461481886011
1.05428848414888,1.01806123572903,0.989991774164156,0.972295794881282,0.966630206438381,0.973961633535864,0.994631259091678,1.02858039065205,1.07566236898135,1.13595224243648,1.20997664409078,1.29882388714012,1.40413142751876,1.52797069603953,1.67264354318197,1.84038101803669,2.03291924155904,2.25093992196343,2.4934183449951,2.75699580183434,3.03555466309841,3.32017947491281,3.59962035161129,3.86125194191067,4.09238290406413,4.28167509893865,4.42040763450097,4.50337561587194,4.52931273744931,4.50082724138142,4.42391010001528,4.30710085275079,4.16040441407126,3.99406303020734,3.81732079774896,3.63736048734862,3.45861108716095,3.28258864722978,3.10832579070709,2.93329584812615,2.75459381120521,2.5700600093538,2.37905879575906,2.18274498569583,1.98382269412245,1.78595275290467,1.59304504622722,1.40865697401335,1.23562939457162,1.0759768378467,0.930956953690592,0.801209815796637,0.68687856298676,0.58767484322788,0.502904525494895,0.431493733645092,0.372051219868781,0.322978635881734,0.282614197244806,0.249382628726116,0.221923772083759,0.1991832993741,0.180457574831907,0.165389996079144,0.15391842484722,0.146175265058013,0.142351632790616,0.14254691305708,0.146635309636747,0.154180814121215,0.164420651981254,0.176320096298228,0.188681612747444,0.200282452712307,0.210013158945267,0.216997660071754,0.220684601718639,0.220904006841052,0.217885283874499,0.212230062155478,0.204837280690885,0.19678505320904,0.189185975468107,0.183042349218763,0.179128459737325,0.177919964086284,0.179574270274928,0.183952857884337,0.190668785256724,0.199145292793045,0.208680085668235
1.11950290883849,1.08278689003308,1.05411617084729,1.03593761892646,1.0300614433855,1.03755148200564,1.05881524720865,1.09384080854994,1.14249902410405,1.20482829824039,1.28123957021131,1.37261773303095,1.48032458438712,1.6061176042214,1.75198059839976,1.91983447850506,2.11108784031143,2.32601743466544,2.56304518671994,2.8180680946889,3.08406013134768,3.35115427467927,3.60731497922669,3.83955288806533,4.03546775745508,4.18480220285224,4.28068255085757,4.3203177433485,4.30507725836133,4.24001432083605,4.13299396356367,3.99360590737932,3.83201511169228,3.65786083174848,3.47929448016181,3.30225156913103,3.13006164183869,2.96348326807926,2.80118358027598,2.64057832543595,2.4788417668346,2.31383719469494,2.14474101212268,1.97223241942301,1.79826387882532,1.62555322234123,1.45700244610057,1.29522954501574,1.14231602740133,0.999769664103688,0.868622007798067,0.749554988647857,0.642977416113183,0.549026612034137,0.467522884699004,0.397927892237406,0.339351400010894,0.290622696151696,0.250412581756646,0.217375662596857,0.190280413462986,0.168106334419089,0.150098601466775,0.135778761174293,0.124913497539963,0.117444278332216,0.113387271635816,0.112719074181551,0.115272066846571,0.120663750381214,0.128276673039222,0.137293087944939,0.146772644401343,0.155754330531842,0.16336157073796,0.168895481520978,0.171908012209281,0.172249974384645,0.170090525197208,0.165901961785227,0.160406487577004,0.154486446764136,0.149069103205425,0.145005441854837,0.142964314276039,0.143359931480721,0.146319689620246,0.151690534417014,0.159075485732384,0.167891907337134,0.177446314422376
1.1895546591335,1.15268494177281,1.12355913972071,1.10481201308973,1.09838667323269,1.10544661149858,1.12648496010102,1.16156374836267,1.21059812867898,1.27361134836291,1.35091455147139,1.44320284573182,1.55157824840408,1.67750540881273,1.82267645491898,1.98873138680421,2.17678111396487,2.38672893375377,2.61648279445172,2.86125305853629,3.11319163887553,3.36159936158719,3.59380058726326,3.79659351210092,3.95799628600012,4.06890268058004,4.12427462907268,4.1236321438517,4.07079719863771,3.97303216634092,3.83982518512017,3.6815864385965,3.50845826200656,3.32935129840729,3.15125024426193,2.97880532418764,2.81422686452521,2.65750211525582,2.50692254453146,2.35984795849816,2.21356023700499,2.06601606912743,1.91632573064691,1.76486437031148,1.61303992760678,1.46284536673078,1.31637422703485,1.17545785772275,1.04150480514529,0.91552903192157,0.798282082388406,0.69038468210034,0.592382838607938,0.504709382981966,0.427585738443806,0.360923050770289,0.304275492310736,0.256868780861913,0.217693436715577,0.185632354378474,0.15958717298799,0.138579160566515,0.121812798502368,0.108700761446765,0.0988537770424672,0.0920389094814228,0.0881135785433821,0.0869454114757875,0.0883343811440366,0.0919549412253394,0.097331689136526,0.103854219226994,0.110824930546887,0.117527969282792,0.123304189215871,0.127620716407128,0.130128078502465,0.130700136652067,0.12945367674195,0.126742188364029,0.123120513149583,0.119279903203928,0.11596004501613,0.113851318248006,0.113503087841013,0.115253647809296,0.119190941378074,0.12514804596447,0.132731756392557,0.14138015099642,0.150443596723489
1.26349398275324,1.22677857362012,1.19730124002113,1.17783329741483,1.17042983758292,1.17635978234398,1.1962254592356,1.23019400102925,1.27825543705775,1.34044371858125,1.41699100163065,1.50842013415,1.61558929624412,1.73968498627677,1.88212050759784,2.04426678771161,2.22695293943206,2.42973970027994,2.65008243598797,2.88261187970962,3.11881782395501,3.34737419294526,3.55518971504159,3.72905187107036,3.85752764877302,3.93267949827294,3.95118834235142,3.91464226428262,3.82898322384488,3.70331785612614,3.54842233305559,3.37527271981101,3.19384126953624,3.01226767245872,2.83640635509705,2.66969798426677,2.51330981459738,2.36650792220843,2.22722467655719,2.09275781037032,1.96049123551666,1.82849638143995,1.69588596363341,1.56285455920325,1.43043667606639,1.30009875618181,1.17332331820911,1.05132250124417,0.934945954060525,0.824761669528097,0.721222396246034,0.624813162281652,0.536105580345119,0.455700662447067,0.384097213257112,0.32154962877678,0.267974898793734,0.222939341043093,0.18572025793145,0.15541434865494,0.131056239115112,0.111720056764042,0.0965898347818684,0.0849968161198287,0.076427827613822,0.0705086736858368,0.0669680430463955,0.0655873071465105,0.0661461713718534,0.0683759612567422,0.0719313327701356,0.0763875163145922,0.0812618864116933,0.0860543373948648,0.0902965732099017,0.0936017453500203,0.095708029723385,0.0965112326543593,0.0960834923625804,0.0946735327887417,0.0926857486653294,0.0906365158245013,0.0890906438876799,0.0885857832215683,0.0895554609860811,0.092263848084179,0.0967627942334512,0.102879691053192,0.110239832863601,0.11832238697184,0.12654380424766
1.34038630655403,1.30401744745404,1.27419995804458,1.25378805858009,1.24493070228003,1.24901187479209,1.2667688543982,1.29850473385339,1.34431294060195,1.40426113747152,1.47851967212767,1.56745073942861,1.67167391677909,1.79209482476084,1.92983730167306,2.08598988931332,2.26109705203098,2.45440525773543,2.66300026300489,2.88108870777648,3.09972871830057,3.30725218055577,3.49044704844702,3.63633388246753,3.73415820299517,3.77711978324454,3.76341090260079,3.69632785757028,3.58348008811692,3.4353539375325,3.26361770684894,3.07954614460147,2.89282828515257,2.71086115493906,2.53849580143014,2.37813139513533,2.23004713457198,2.09289329627826,1.96428706426527,1.8414583695948,1.72186553536712,1.60367798570439,1.48603235731563,1.36901710865516,1.25342016565671,1.14034634792139,1.03084656388351,0.925680916391608,0.825271018206491,0.729816635328144,0.639489406159087,0.554599554146763,0.475660096439239,0.403327797874511,0.338256330984745,0.280926661251601,0.231519142310802,0.189864623651057,0.155476151430476,0.127636893808915,0.105508132440835,0.088228481440608,0.074987948656408,0.0650739186511495,0.0578934375166057,0.0529760491198765,0.0499613676742909,0.0485730852779323,0.0485840686118353,0.049779296726165,0.05192495847032,0.0547518509933203,0.0579559725634423,0.06121597684437,0.0642218394701758,0.0667083524606048,0.0684873577777167,0.0694736264034148,0.0697017998691389,0.0693310386255375,0.0686356335062656,0.0679793516088353,0.0677734343318931,0.0684212361747349,0.0702554795031221,0.0734787146492522,0.0781184165518365,0.0840089012806846,0.0908080044154042,0.0980501174350138,0.105228766470698
1.41948519068739,1.38342136693294,1.3531031614892,1.33142160122167,1.32061078595292,1.32218634807407,1.33704812280657,1.36566222358689,1.40824552461934,1.46491055266828,1.53576827179699,1.62101342967443,1.72100882450726,1.83634749715935,1.96782045711174,2.11618907446455,2.28168769095097,2.46327115952364,2.65775567436727,2.85911965644418,3.05827761191256,3.2435672141502,3.40200385309355,3.52111470922735,3.59095071869878,3.60578107714715,3.56503859282225,3.47329153543159,3.33929097816881,3.17438293507714,2.9907042267073,2.79956433355822,2.61028667969474,2.4296038646914,2.26154913584402,2.10770566298959,1.96766810512625,1.83961123203369,1.72090037553673,1.60869583280853,1.50049212652287,1.39451654909612,1.28991743693475,1.18671117437633,1.08552382773909,0.987225679739286,0.892588022855713,0.802073785663364,0.715812152477562,0.633732659893854,0.555774471258383,0.482068693032815,0.413017126837558,0.349242768933013,0.291443213192085,0.240209917290341,0.195879541987057,0.158459518548469,0.12763527293609,0.102839176438665,0.0833467863259968,0.0683709150273462,0.0571355797561767,0.0489259491466406,0.0431186840819382,0.0391972870976767,0.0367559811554518,0.0354913358654245,0.0351823535345731,0.0356617505255202,0.0367845131040736,0.0384022607503708,0.040349140332704,0.0424426687676628,0.0444969724840981,0.0463436157356298,0.0478541820420284,0.0489595906313783,0.0496642675827748,0.0500533040179584,0.0502920939082285,0.0506159147874754,0.0513068053242184,0.0526564091063139,0.0549164442873961,0.0582449219154278,0.0626600296933463,0.0680167230283148,0.0740174303605368,0.0802605090888135,0.0863192226461394
1.50032246137907,1.46417763818877,1.43294107423599,1.40951395866905,1.39622470234369,1.3947491687357,1.40618088585987,1.43117055900079,1.47006504765311,1.52301292917047,1.59004301522714,1.67114595214587,1.76637538933405,1.87594263825726,2.00022457487404,2.13957687952323,2.29387461507743,2.4617952723896,2.63999495108403,2.82244530573976,3.00024092605233,3.16210973236266,3.29567084794304,3.38924413403023,3.43380744118882,3.42461117214547,3.362029756178,3.25144027793586,3.10219171067926,2.92596544367044,2.73495298637436,2.54025518639562,2.35077362453441,2.17268118392459,2.00940197997678,1.86194690358327,1.72944334077454,1.60974130938773,1.5000255506518,1.39738977233839,1.29932643683815,1.20407309109253,1.1107606900679,1.01934123443861,0.930330211474181,0.844454719350753,0.762326565978136,0.684244296293672,0.610172023138747,0.539873629832811,0.473123615375583,0.409896704713725,0.350459997508381,0.295339167813004,0.245184101077965,0.200592127610879,0.16195356809832,0.1293638811871,0.102614201402237,0.0812446816416235,0.0646288411650291,0.0520600451239722,0.0428215005351408,0.0362352552987957,0.0316946013620689,0.0286849563078195,0.0267966766066489,0.0257277002710959,0.0252741737568553,0.0253088521505068,0.0257513763766913,0.0265386735418685,0.0276026523838128,0.0288608004568336,0.0302190141559145,0.0315828576502174,0.0328717242675533,0.0340313706588443,0.0350441126470582,0.0359366307131216,0.0367863181673733,0.0377235420492741,0.0389249433318883,0.0405925598869228,0.0429164595667488,0.0460265731531054,0.0499457419077136,0.0545611939001379,0.0596286653876622,0.0648146031176974,0.0697692188464224
1.58265831812941,1.5456440315318,1.5127607012993,1.48692294328315,1.47058811767702,1.46563802641722,1.47339737097165,1.49471793121107,1.53006741297916,1.57959710468509,1.64319956627546,1.72058860619173,1.81141767017402,1.91540844698501,2.03240668338151,2.16225461607945,2.3043989835202,2.45724492683726,2.61739820212664,2.77905133927109,2.93380966900211,3.07117867466441,3.17975366993183,3.24892371029677,3.27070438760123,3.24123400480302,3.16153654305184,3.03735695245431,2.8781348618395,2.69540787333263,2.50105359064656,2.30575744737464,2.11796466984762,1.94339816043897,1.78507273895529,1.64365430397729,1.51800357968654,1.40578574969884,1.30407406908461,1.20990425588976,1.12073754854473,1.0347809924813,0.951118300431917,0.869633093516078,0.790758840066086,0.715140100407016,0.643315981754783,0.575523602772861,0.511668393869276,0.451444323768001,0.39453290349379,0.34078983797508,0.290345788495893,0.243590230575278,0.201057616294193,0.16326712526659,0.130576158741401,0.103091003877546,0.0806488398867174,0.0628593154284612,0.0491772352224997,0.0389793165825151,0.0316268131140444,0.0265093687077824,0.0230745307814117,0.0208484149611561,0.0194512550394828,0.018605322501395,0.0181320427727637,0.0179362066886417,0.0179797758246558,0.018252730204228,0.0187483598077645,0.0194493553260339,0.0203247649697215,0.0213344693331273,0.0224360059922902,0.0235900820805418,0.0247656487632579,0.0259465701754906,0.0271424193531062,0.0284008761593398,0.0298149786227626,0.0315165931868484,0.0336501899030952,0.0363302208316151,0.0395938191301413,0.0433675232653241,0.0474644339124211,0.0516188653861376,0.0555517302915302
1.666287712752,1.62724641243714,1.59169032489309,1.56258581969893,1.54258269637689,1.53383406241836,1.53794182853537,1.55597215366712,1.58849020211725,1.63559311139756,1.69695297677818,1.7719006007314,1.85956494529026,1.9590404974489,2.06950128530652,2.19015193400062,2.31993162162238,2.45697103557955,2.59792653246311,2.73742368229572,2.86788382428084,2.97994238337176,3.06350380795002,3.10926783810278,3.11037908845473,3.06377598486488,2.97087540097535,2.83741225878637,2.67249086552946,2.4871108680374,2.29254040726558,2.0988912237288,1.91413550962606,1.74364470507747,1.59019224358974,1.4542858245234,1.33468328665041,1.22898071323784,1.13420123007239,1.04733819253818,0.965808430844619,0.887764877528986,0.812225052548782,0.738999732449116,0.668455203339484,0.601188640498515,0.537720129321939,0.478293267957821,0.422830028452352,0.371027724286558,0.322535688908629,0.277129432967383,0.234813916660824,0.195824234551874,0.160537102052362,0.129336205068571,0.102484449370226,0.0800428992729891,0.0618509691595295,0.0475592612619459,0.0366905243872645,0.0287047713417107,0.0230519077836643,0.0192076603620447,0.0166972026676678,0.0151120898855471,0.0141244725868031,0.0134961463694726,0.013078855863399,0.0128028154478889,0.0126548472295836,0.012652599242314,0.0128216554031831,0.0131815620137027,0.0137406545749001,0.0144963029001422,0.0154357148758629,0.0165346832337481,0.0177569210880542,0.0190581834130168,0.0203993667967821,0.0217663715225305,0.0231885471111251,0.0247442744122303,0.0265446720663636,0.0286964673044673,0.0312550914231058,0.0341875008428659,0.0373626595739694,0.0405781265006522,0.043616816350281
1.75075735523551,1.70830163020209,1.66884808418592,1.63548514789269,1.61114372883374,1.59833064507794,1.59897916600886,1.61438215269633,1.64516942632057,1.69131100601154,1.75215440081149,1.82652128128015,1.91287574362215,2.00953823522447,2.11486895843478,2.22731491007701,2.345233089775,2.46647525969429,2.58783221323367,2.7045374624979,2.81007571434559,2.89649217744403,2.9552585119578,2.97856566245257,2.96074756813446,2.89946530171742,2.79632625134148,2.65676823353488,2.48924539236139,2.30393574536811,2.11129203563961,1.92074849196079,1.73980187482906,1.57354954355114,1.4246471482072,1.29357911357617,1.17911917363099,1.07888165356313,0.989892492256346,0.909127245150445,0.83396466453834,0.762501639447767,0.693686657933497,0.627258272603481,0.563522032349502,0.50304154325795,0.446340265717955,0.393699642896119,0.345097087236241,0.300275732828969,0.258892612041434,0.220673380083553,0.185512515771696,0.153488499459429,0.124802349367593,0.0996737252846031,0.0782387311767475,0.0604834146719532,0.0462262834276043,0.0351438491472936,0.0268191568974166,0.0207935650279385,0.0166077582603628,0.0138286929716887,0.0120666560525908,0.0109876001711443,0.0103245058444256,0.00988540288054032,0.00955457093039958,0.0092837033482478,0.00907394086975943,0.00895443397210958,0.00896336317822105,0.00913655524189644,0.00950284514286245,0.0100824048931601,0.0108833216122831,0.011894743630395,0.0130808471071737,0.0143817595340023,0.0157271704486047,0.0170608952893741,0.0183673310609966,0.0196863397957249,0.0211051696876307,0.0227265189369929,0.0246229069259695,0.0267969850115953,0.0291665148638692,0.0315834276964252,0.0338819885629968
1.83508716977251,1.78782624576904,1.74322858681125,1.70459472314953,1.67523848506698,1.65811047396056,1.65553283340979,1.66903749869989,1.69928391905181,1.74603911337657,1.80822074385297,1.88401898303981,1.97110422737662,2.06689663611191,2.16882829531751,2.27449791167467,2.38162739956394,2.48778834677161,2.58996506940246,2.68411653007293,2.76495103458699,2.82609801133935,2.86074921530369,2.86268392504312,2.82744337927607,2.75334410510205,2.64204473797326,2.49850315041406,2.33033301904111,2.14672732905641,1.95721155904603,1.77049254488189,1.59359990631081,1.43140898401821,1.28653423812824,1.15951962489899,1.0492304807794,0.953361233382763,0.86898762749544,0.793101927861633,0.723070036738098,0.656950978080785,0.593636115139919,0.53279742321127,0.474679550890375,0.419808375910221,0.368705823444988,0.321689313814132,0.278795807733786,0.239825181286911,0.204458215809607,0.172388311390678,0.143414561480724,0.117468460041637,0.0945786235417894,0.0747989207012418,0.0581343567857679,0.0444916162901628,0.0336652628392135,0.0253558621570508,0.0192049040105251,0.0148319303902558,0.0118633477623037,0.00995089731590079,0.0087834767532195,0.00809631467485894,0.00768028782694874,0.0073886868506873,0.0071381430659736,0.00690080373268948,0.0066887629693661,0.00653607058157667,0.00648357394362126,0.00657084217505316,0.00683347458215053,0.00730145566828241,0.00799375156062254,0.00890802083746828,0.0100107682704233,0.0112354453164138,0.0124954014508937,0.0137105096325154,0.014838116991516,0.0158937966012771,0.0169490839878266,0.0181039370849644,0.0194431503738246,0.0209959202513499,0.0227173017434473,0.024501335667673,0.0262216464745165
1.91759706318427,1.86440134504533,1.81361114332124,1.76882899409062,1.73384705492836,1.71214140280247,1.70647424635351,1.71862765627491,1.74926128582703,1.79787715414093,1.86288128886422,1.94174429666542,2.03125954373939,2.12787556901669,2.22804113752706,2.32847009026661,2.42623327826206,2.5186279970404,2.60285899286111,2.67565399604979,2.73299550869178,2.77014251851622,2.78203393326801,2.76403640289204,2.71286617146652,2.6274359162051,2.50937991462589,2.36309807341928,2.1952962853875,2.01413502098142,1.82818845962353,1.64543398447656,1.47244927920928,1.3139145015661,1.17243669333421,1.04865714301926,0.941573310966586,0.84900238105314,0.768113789478697,0.695959697518448,0.629932541623684,0.568085250090417,0.509272598827671,0.453106926722565,0.399765085934395,0.349716756195467,0.303456764517773,0.261311601333514,0.223355193001836,0.18943014436737,0.15923747748171,0.132444816872086,0.108769965828815,0.0880159621147618,0.0700590295772722,0.0548066235449901,0.0421501710359819,0.0319319178338943,0.02393406355996,0.0178884680518928,0.0134969055889344,0.0104529180858607,0.00845876573894866,0.00723694491465382,0.00653923846268986,0.00615549547905164,0.0059231951302956,0.00573416228280499,0.00553509987913897,0.00531949303036233,0.00511243756602769,0.00495394531468765,0.00488584387955515,0.00494606972178296,0.00516809742413551,0.00558069065301651,0.00620288662690183,0.00703311441064083,0.00803806528113335,0.00914933824974187,0.0102753407772595,0.0113277509462204,0.012253450365584,0.013057355015958,0.0138030041561015,0.0145880637257834,0.0155032300196158,0.0165928911977488,0.01783554707668,0.0191533886206526,0.0204471540043673
1.99591307566899,1.93615170190366,1.87853183597341,1.8270240714742,1.78596381696352,1.75940520448184,1.75058151094423,1.76153036189392,1.79289428452435,1.84387919105266,1.91234689153215,1.99502613168263,2.08782894611639,2.18624754198692,2.28577762077373,2.38228409408902,2.47221686455902,2.55261210308737,2.62088263444454,2.67448267539312,2.71059748149281,2.72602130492428,2.71733438973083,2.68138809753383,2.61598937155312,2.52059328505593,2.3967925363497,2.24844637050943,2.08139524162863,1.90282038258341,1.72039447601541,1.54140139004531,1.37198534039631,1.21663577310381,1.07795120799955,0.956673363974047,0.851946637176729,0.761740359543764,0.68335934280715,0.613963386638806,0.55101724595511,0.492604023292984,0.437563192231464,0.38545116222392,0.33636347767331,0.290685838722302,0.248848877580961,0.211147958138146,0.177657233803889,0.148234589696209,0.12258719665971,0.100357736903472,0.0811973847918626,0.0648059300746389,0.0509384517196037,0.0393886400162243,0.0299644780532313,0.0224686140241539,0.0166887648779953,0.0123982017918168,0.00936116437394703,0.00733983454633547,0.00610047892146592,0.00541981175591547,0.0050937372993628,0.00494853258738071,0.00485326443332312,0.00472830920299644,0.00454617740918847,0.00432252932064814,0.00409965165283099,0.0039286199815603,0.00385573540451511,0.00391723862495524,0.0041400435043096,0.00454350696452641,0.00513679777699536,0.00591029285032058,0.00682606825709195,0.00781507452138685,0.00878831524816218,0.00966158909855896,0.0103853616684165,0.0109660565399487,0.011466394147062,0.0119822319552105,0.0126040162175136,0.013380152509077,0.0142989219779913,0.0152972007560919,0.0162917864502298
2.06717692600793,2.00086908084191,1.93635005183251,1.87797814093636,1.83064250553373,1.7989770939307,1.78668128359389,1.79604109099795,1.82768004199584,1.8805210061426,1.95191919819141,2.03793014953798,2.1336844803998,2.23384133687928,2.33307387793311,2.42651371637399,2.51006636222971,2.58052318288035,2.63544811336165,2.67289061810056,2.69104609546634,2.68801575642405,2.66179143023047,2.61051405757939,2.53295074415151,2.42904986606368,2.30039452340287,2.15039908573839,1.98416888772283,1.80803766842854,1.62888177572929,1.45335415514755,1.28718438341002,1.13465787678159,0.998337925153068,0.879045390391698,0.776068661451361,0.687548676227014,0.610963142616878,0.543625424665372,0.483115975239111,0.427580025490247,0.375857205428079,0.327445772655448,0.282341815220738,0.240816540725373,0.203198118321201,0.169710067150064,0.140389356850393,0.115080722245873,0.0934826835976199,0.0752143422726507,0.0598773900291873,0.0470979849010542,0.0365467169667721,0.0279410866263277,0.0210388010847389,0.0156281693810369,0.0115183841092598,0.00853111747688745,0.00649241252315887,0.00522638394662406,0.00455206980404471,0.00428604009728348,0.00425228918561101,0.00429748184955142,0.00430803201271746,0.00422210296637499,0.00403185738811776,0.0037738132768762,0.00351013603290351,0.00330790495642908,0.00322284188100833,0.00329232222311587,0.00353604169551341,0.00395963824372164,0.00455559360727303,0.0052990610472741,0.00614246463081514,0.00701519211043838,0.00783482312081871,0.00852937633416714,0.0090629895532679,0.00945283951339096,0.00976658351943888,0.0100988695855393,0.010535091301912,0.0111186154823283,0.0118363035796964,0.012628798428455,0.0134204318794835
2.128426683998,2.05627287022107,1.98541946036326,1.92056943257664,1.86710326793073,1.83016779349859,1.81387330393715,1.82072632175617,1.85134412777428,1.90442977648006,1.97695033725391,2.06445962698803,2.1615206082295,2.26219518228904,2.36056317471001,2.45121153441091,2.52961551139013,2.5923341772471,2.63697993531248,2.66198483583983,2.66625714045619,2.64886586581655,2.60888600686381,2.54548214900204,2.45821757956738,2.34749007816869,2.21494217071226,2.06369542716151,1.89831114264061,1.72445946719534,1.54836072066686,1.376115121891,1.21305523005719,1.06323703854169,0.929145534802278,0.811643814119169,0.710148797322779,0.62298288256533,0.54782583144079,0.48218163412105,0.423779771515814,0.370849109662596,0.322235933296759,0.277372756534648,0.236137663778956,0.198661507016614,0.165140206385185,0.135695043985797,0.110298557863813,0.0887625050445545,0.0707684586311244,0.0559178401048862,0.0437829511662355,0.0339474612279586,0.0260340306228102,0.019719399052379,0.0147397123718658,0.0108877383931598,0.00800266134946614,0.00595468703210456,0.00462636714298885,0.00389577790293222,0.00362583129173338,0.00366375375796765,0.0038520569446604,0.00404772338725007,0.00414426123756428,0.00408806224925565,0.00388325857856806,0.00358243747068338,0.00326615918417439,0.00301890743512571,0.00290895073106998,0.0029781141702242,0.00324097360539016,0.00368951914805427,0.00429763921361562,0.00502225494201142,0.00580339806868271,0.00656777430365782,0.00724085636358504,0.00776658164541516,0.00812789174904621,0.00835773347051674,0.00853196442210097,0.00874433489612944,0.00907216716001797,0.00954798914303606,0.0101499638119271,0.0108154212369415,0.0114709319654395
2.17707063292485,2.1003653801632,2.02434599973834,1.95394838752639,1.89490083431631,1.8527182971463,1.83180793407464,1.83484115767346,1.86245147315959,1.91323204342262,1.98395736520442,2.06994771654996,2.16551542007878,2.264457827542,2.3605698037152,2.44813515571336,2.52233460064939,2.57949677266929,2.61714035364054,2.63380626374879,2.62874628058627,2.60158688408237,2.55209858124511,2.48016443719817,2.38596415858263,2.27030710869931,2.13498644676526,1.98301326337841,1.81862615286865,1.64703976497829,1.47397374908573,1.30505966585885,1.14524941793511,0.998338574060732,0.866683088088845,0.751142798908035,0.651238165769185,0.565471792566172,0.4917415413518,0.427764392250515,0.371437376608739,0.321081849631222,0.27554915844485,0.234196738844979,0.196771311130041,0.16324880219792,0.133678504622439,0.108065993934627,0.0863080417911012,0.0681766041257677,0.0533370961914565,0.0413841483619586,0.031882015990806,0.0244011003693026,0.018548129303824,0.0139877831906128,0.0104550108635838,0.00775665193433273,0.00576148815667671,0.00438107389355391,0.00354468699354102,0.00317552825834055,0.00317430292084747,0.00341543727687804,0.00375764196732221,0.00406520166725788,0.00423374621007527,0.0042107922270061,0.00400408564199897,0.0036741688718383,0.00331363354343017,0.00302076830047563,0.00287581216690747,0.0029270090608135,0.00318735478002255,0.00363916966764892,0.00424120224016517,0.00493450061622555,0.00564786247413571,0.00630554991235815,0.00684072650942041,0.00721305967552927,0.00742436284760861,0.00752362267725196,0.00759505455772599,0.00773112402773199,0.00799979997430045,0.00842050886125435,0.00895975571266619,0.00954853344452979,0.0101133754172445
2.21135288522636,2.13181205402712,2.05228659101843,1.97777105116695,1.91412245780455,1.8670049594443,1.84095032580051,1.83870839740392,1.86095343246741,1.90631234843832,1.97162073245007,2.05230472285952,2.14281497455079,2.23707873479254,2.3289582413014,2.41269848182511,2.48332373404714,2.53691997915497,2.57074550147089,2.58314816963396,2.57332806658518,2.54103964090689,2.48635083319315,2.40955587047312,2.31127478661606,2.19269673454725,2.05586180315622,1.90385499046086,1.74081220846566,1.57169717179266,1.40188045482605,1.23660674509083,1.08046345484218,0.936955783639042,0.808260248540125,0.69518521519748,0.597322193968293,0.513340120043371,0.441354503956422,0.379299864854974,0.325243361607679,0.277596590057733,0.235210157063945,0.197360487057208,0.163659930101622,0.133930442189756,0.108078541838006,0.0859989384060086,0.0675173539142523,0.0523712135468812,0.0402178143608899,0.0306582224294635,0.0232680120563818,0.0176282565360348,0.0133543320037295,0.0101191142672759,0.00766817563819046,0.00582414672405385,0.00447837598534701,0.00357171077663287,0.00306767289780328,0.00292545411714029,0.00307953859753574,0.00343213633755832,0.00386111167554097,0.00424054424162346,0.00446788782471547,0.00448761086397431,0.0043033669284866,0.00397389088569111,0.00359402905569384,0.00326808008263008,0.0030839055243588,0.00309591070073711,0.00331909206489936,0.00373247643401146,0.0042872730901041,0.00491575264201355,0.0055405855997698,0.00608582550966043,0.00649159955425169,0.00673029109080445,0.0068184715941832,0.00681724886328651,0.00681646180111209,0.00690614117498906,0.00714510231436962,0.00754054921975614,0.00804813790444134,0.00859279796449601,0.00910078315954578
2.2307119797695,2.15026497567816,2.06922076836627,1.99241400737022,1.9255559856168,1.87418514381341,1.84273976606893,1.83393403879252,1.84850150719464,1.88526001744945,1.94138617483619,2.01278107426196,2.09444678845857,2.18084728024395,2.26626342120296,2.34515411652754,2.4125096340076,2.46414920495125,2.49690285506193,2.50863693251884,2.4981325096458,2.46488048785379,2.4088888114789,2.33059035381566,2.23089101186388,2.11133224932115,1.97428455717704,1.82306563498011,1.66189758279714,1.49566890802545,1.32953236810206,1.16841852667851,1.01656761464409,0.877171560903936,0.752184296936834,0.642316920706303,0.547194331635354,0.465625352873577,0.39592551897965,0.336233862798901,0.284776436139189,0.24004571751617,0.200886491228423,0.166496164784,0.136362988815043,0.110172103523274,0.0877078010724391,0.0687738613309503,0.0531415717446026,0.0405267475615513,0.0305895565375958,0.0229491640377804,0.0172065745756345,0.0129698527466269,0.00987917335524913,0.00762806083444117,0.00597836187365909,0.00476607738848861,0.0038958131721068,0.00332471928736272,0.00303791625888702,0.00302168062954877,0.0032407916233631,0.00362680426883785,0.00408131247480839,0.00449299833851868,0.00476362746303638,0.00483321441951304,0.0046957454900656,0.00439934908933048,0.00403091208073367,0.00369129430721603,0.00346934440277932,0.00342326339884003,0.0035724767904915,0.00389936351791691,0.00435685736993363,0.00487806690669301,0.00538714594818755,0.00581175965142769,0.00609834116948973,0.00622747095738502,0.00622380123069347,0.00615392915519831,0.00610868812335488,0.00617411455178343,0.00640126625172725,0.00678834472076582,0.00728359545002055,0.00780815772156086,0.00828849872061714
2.23595853387232,2.15655444914033,2.07612197874544,1.99910056019565,1.93075877650261,1.87621024264406,1.83955982018993,1.82335512104508,1.82839567392136,1.85383767849192,1.89746606149959,1.95600529436676,2.02539006520725,2.10098546986636,2.17779465778011,2.2506995404444,2.31475010581216,2.36547084270318,2.39912236224158,2.41285797537865,2.40475252695343,2.37373242209185,2.31947366975212,2.24234089012813,2.14340662274962,2.02453835336673,1.88849146062119,1.73892612313811,1.58028391438493,1.41750473457299,1.25562130136231,1.09930829462347,0.95247789664478,0.817997144878681,0.697566696930675,0.591761450025844,0.500199991625898,0.42179433102431,0.355027653043211,0.298216196953744,0.249724145645567,0.20811305725301,0.172221480671561,0.141179838857227,0.114375395292879,0.0913868067733826,0.0719083628207573,0.0556819071442674,0.0424467482792614,0.0319123394520498,0.0237514577029677,0.0176084853689707,0.0131169140856167,0.00991987216475387,0.00769067072690066,0.00615006690358361,0.00507883152553053,0.0043238230133803,0.00379558623422321,0.00345730362644253,0.00330513556027443,0.00334411309727595,0.00356477343752609,0.00392749931832789,0.00436010862633976,0.00476961962477995,0.00506514674417902,0.00518303472969917,0.00510530971279216,0.0048641814862429,0.00453114858679096,0.00419563953280871,0.00394080804542554,0.00382502527990011,0.00387270743468923,0.00407444280810729,0.00439296363604161,0.00477143350097153,0.00514333244185164,0.00544421952404767,0.00562643039606714,0.00567400336829516,0.00561232735159187,0.00550605276518315,0.00544187734831597,0.00550044160831786,0.00572734037074831,0.00611636567073828,0.0066131095770525,0.00713787807791907,0.00761751927880078
2.22923631003194,2.15269729955014,2.0749710126082,1.99988205379897,1.93197746924701,1.87566356633289,1.8344826775811,1.81068564189926,1.80513117841173,1.8174300845029,1.84619199764908,1.88924305514547,1.94374656903218,2.00624127244012,2.07266963958094,2.13847846530051,2.19883676010888,2.24895420940561,2.28443411285936,2.3015786026028,2.2975894239916,2.27065598846292,2.21996620969792,2.14569447296978,2.04900324952147,1.93205744688558,1.79801159753942,1.65091405980097,1.49548845929399,1.33679118935021,1.17979102908632,1.0289465623845,0.887862319059651,0.759081699353409,0.644036555444365,0.543136736267108,0.455956439960025,0.381468163111621,0.31828055507415,0.264850816574886,0.219656036896364,0.181316434278622,0.148670250044965,0.120801947934759,0.0970300188339216,0.0768643367869377,0.0599462562025735,0.0459870423562988,0.0347167334336536,0.0258520682595295,0.0190847546333967,0.014086309384749,0.0105231685900711,0.00807453816850406,0.00644906880700702,0.00539751694356783,0.00472157839234576,0.00427888595044099,0.00398303942280415,0.00379772051580241,0.00372289017083137,0.0037747777594706,0.00396320382658882,0.00427301006567785,0.00465639134869757,0.00503913129916633,0.00533959050844041,0.00549266323773866,0.00546976961391547,0.00528679119569936,0.00499734400880175,0.00467526447860905,0.0043932947441058,0.00420621027691723,0.00414201843363268,0.00420126741918199,0.0043611567869738,0.00458119623716524,0.00481010317587151,0.00499483423717732,0.00509343023577774,0.005089470792942,0.00500277841880331,0.00488959326083691,0.00482813480911229,0.00489286632051961,0.00512671992503191,0.00552405201808835,0.00603270095429825,0.00657483121925259,0.00707705363051244
2.21377252157128,2.14170664486014,2.06858837541763,1.99745512656271,1.93191300829131,1.8754378898753,1.83082684026231,1.79992576197112,1.78363540028697,1.78209101774312,1.79486247628018,1.821047215373,1.859208233219,1.90720431924533,1.96202412726656,2.01974339336778,2.07567713685638,2.12472046193553,2.16180346173829,2.18235321047348,2.18267109829178,2.16018051199756,2.11355042061983,2.04273208923556,1.94894368950781,1.83461403732017,1.70326728916031,1.55931820048015,1.40776159987261,1.25377189401478,1.10226657206309,0.957507685896819,0.822812006976165,0.700412052860979,0.591470159466188,0.496213710579434,0.414139419085361,0.344236746964201,0.285194036412247,0.235570369187348,0.193930745250404,0.158947235827162,0.129469270640354,0.104561706508897,0.0835097277595219,0.0657925706801475,0.0510337995409392,0.038942279397427,0.0292581043394207,0.0217158327356562,0.0160293867756244,0.0118958649257818,0.00901091049005656,0.00708620988235811,0.00586385141194812,0.00512492193473141,0.00469412286266534,0.00444243964307683,0.00428804402976823,0.00419424621889541,0.00416091846591726,0.00420888019465504,0.00435907200323477,0.00461275947728182,0.00494029943252432,0.0052830378939982,0.00556873341657582,0.00573374991333156,0.00574327988243614,0.00560110722605889,0.0053456585118167,0.00503559514056787,0.00473151692699486,0.00448163488792797,0.00431466923308957,0.00423956208288649,0.00424834690293241,0.00431892649812268,0.00441793749375065,0.00450563520739081,0.00454571250960303,0.00451890390647139,0.00443540085036725,0.00433877342782854,0.00429601987836969,0.00437538705845834,0.00461989539804658,0.00502887137672449,0.00555653007938117,0.00612884571360962,0.00667095501328653
2.19345868705656,2.12722706831531,2.06030470966164,1.99484151152751,1.93337636574654,1.87832674561013,1.83163898076147,1.79468819624188,1.7683964056092,1.75344056015604,1.75038960700439,1.75965344983184,1.78122280803926,1.81428501917391,1.85686806573704,1.90566701116161,1.95614641254011,2.00291673281802,2.04029700350605,2.06292965154938,2.0663215354975,2.04723290531553,2.00389476730776,1.93607967238444,1.84506264056292,1.73349715989307,1.60520891677648,1.46489917367239,1.3177603399248,1.16903181700985,1.02355439263218,0.885394044404106,0.75759685846246,0.642104846057375,0.539821683732897,0.450785401132803,0.374389281118011,0.309600213341628,0.255142971175436,0.20964223929675,0.171729777983972,0.140126981400369,0.113709139987981,0.0915483761221186,0.0729291772654773,0.0573325641550423,0.0443923767515779,0.0338366438767193,0.0254300379832219,0.0189328537262015,0.0140834910821285,0.010602550499928,0.00821013435676088,0.00664495955599947,0.00567834622742236,0.00512015835097673,0.00481957628147212,0.00466457414056709,0.00458184816233337,0.00453644149016544,0.00452673437788376,0.00457272119395741,0.00469790450255647,0.00491022551716427,0.00518963743818217,0.0054876862221783,0.00574043424149978,0.0058887494112185,0.0058975545036376,0.00576558252041701,0.00552230397798092,0.00521517230314981,0.00489367848438416,0.0045977760942596,0.0043533956854668,0.00417382914949876,0.00406253506163343,0.00401373730887936,0.00401129241441241,0.00402887678316091,0.00403596582649446,0.00400994691792847,0.00395012753184731,0.00388589592655355,0.00387212211583857,0.00397130110409047,0.00422857141439484,0.00465121553815183,0.00520252482066545,0.00581335166543458,0.00640601825220787
2.17232830232149,2.11305252171714,2.05352531205929,1.99499373073926,1.93891501506469,1.88663618147818,1.83924342245875,1.79763153474544,1.76272744767248,1.73571745312031,1.7181127554901,1.71155084319989,1.71734205304275,1.73588535679692,1.76614436644033,1.80536775655909,1.849162977252,1.89191961652642,1.92747754175797,1.94987814119496,1.95404151706544,1.93626382046413,1.89449719904075,1.82843182882874,1.73942337349943,1.63030615137985,1.50511368787163,1.36871607921319,1.22638899133796,1.08334794507187,0.944305502505627,0.813117238608342,0.692570916764741,0.5843408468659,0.489089199494764,0.406665394417901,0.336340991711845,0.277028160303335,0.227452113680756,0.186273910422629,0.152177023031083,0.123933541960638,0.100459721431475,0.0808581250779465,0.0644377375058322,0.0507041371651287,0.0393197367770607,0.0300454290756956,0.0226802840352571,0.017016839649489,0.0128212291395771,0.00983742578949881,0.0078067768772451,0.00648988185291113,0.0056820883491146,0.00521871533485802,0.00497313152039074,0.00485282650208468,0.00479681623100375,0.00477470029224103,0.00478324324234427,0.00483766702686844,0.00495683511099471,0.00514667916854444,0.00538886434316174,0.00564005213411861,0.00584344205727674,0.00594717090187746,0.00592164565427605,0.00576776588026567,0.00551304730150531,0.0051990532957619,0.00486680253835713,0.00454757049619012,0.00426131367080285,0.0040206132514049,0.00383468063531028,0.00370907717778726,0.00364155035360418,0.00361788414976941,0.0036137473637062,0.00360457756239657,0.00358036625117434,0.00355752237664839,0.00357953614386906,0.00370370957010836,0.00397799221081581,0.00441852215559842,0.00499846093476211,0.00565366867464862,0.00630266566110625
2.15401038534084,2.10260462347399,2.05126488519311,2.00040327946724,1.95049192936123,1.90191146160683,1.85497620582828,1.81015086110895,1.76836170322185,1.73123312712199,1.70108255184017,1.68058729161823,1.6721624553631,1.67720960215322,1.69546024392396,1.72462150534838,1.76044152067998,1.79718460621285,1.82839271789021,1.84774598804941,1.84983917896736,1.83074784302912,1.78833617971996,1.72232688569098,1.63418689969488,1.52688537366787,1.40456191651986,1.27212662376289,1.13481204272442,0.99770951535742,0.86534199286319,0.741332565952601,0.628217753048982,0.527424456051663,0.439391018207682,0.363782676517352,0.299737618646471,0.246090066571589,0.201539656148262,0.164763953124543,0.134490051733438,0.109545167379263,0.0888999993450079,0.0717046484101262,0.0573084654641,0.0452536993720064,0.0352397258550357,0.0270665537172811,0.0205733729345125,0.0155906550176317,0.0119171038672302,0.0093226057828793,0.00756900348003753,0.00643497666471471,0.00573455657238103,0.00532372118783175,0.00509743303382787,0.0049827441780684,0.00493276521415947,0.00492342421423947,0.00494998079448159,0.00502053278367984,0.00514485194945918,0.00532157884278997,0.00552955018094062,0.00572797971035585,0.00586715794107698,0.00590479730195365,0.00582082209720873,0.00562324944149342,0.00534268299347992,0.00501911701375588,0.00468788859170263,0.00437214138748535,0.00408375823217311,0.00383003878382769,0.00361978845199928,0.00346360697495551,0.0033682809465133,0.00332946716603463,0.00332972783937774,0.00334554664785944,0.00336158176270874,0.00338479908615721,0.00344938954665379,0.00360781023513858,0.0039098440816077,0.00437893876947165,0.00499670189167047,0.00570303732385065,0.00641211760533922
2.14123963929671,2.09845374176837,2.05572835542421,2.01277536588771,1.96926839529735,1.92482077193536,1.87914411221278,1.83237450545758,1.78544541020283,1.74032438859192,1.69994732782655,1.6677785360509,1.64706063861342,1.6399421800175,1.64673138927851,1.66549845817201,1.69214696141926,1.72093606017171,1.74531317232349,1.7588494003031,1.75607550324696,1.73307913978083,1.68781118540057,1.62012648388608,1.53162515375736,1.42536586161939,1.30550219828498,1.17687083910771,1.04455136309345,0.913423851090734,0.78776738206076,0.670951080517389,0.565263153251387,0.47189764331354,0.391082712677515,0.322303889289587,0.264559214756637,0.216590502062997,0.177056277614068,0.144640344232668,0.118111783602953,0.0963593684455454,0.0784191243844268,0.0634994580016409,0.0509974266619181,0.0404950388934993,0.0317289828338878,0.0245385616017456,0.0188051033063606,0.0144012476800428,0.0111634030703464,0.00889125832250565,0.00736806399556303,0.00638809417328337,0.00577920717121055,0.00541265983437433,0.00520080208864191,0.00508799916020314,0.00504085004636662,0.00504165719704047,0.00508390640164969,0.00516760877982536,0.00529211802634322,0.00544781161766481,0.00561067649986251,0.00574351482918267,0.00580541359290196,0.00576546281127749,0.00561464332297842,0.00536941934259905,0.00506492987362978,0.00474138604231492,0.00443031418079001,0.00414788076740019,0.00389730313846787,0.00367758038880664,0.00349185638646127,0.0033494871357769,0.00326086179364184,0.00322871394387857,0.00324328709076586,0.00328613328740723,0.00334230525036527,0.00341467292789585,0.00353128865028479,0.00373989701349202,0.00408957428607356,0.0046071441117597,0.0052789167478028,0.00604651504393103,0.00681931477583428
2.13549579529965,2.10195585771158,2.06799743329242,2.03280604920283,1.99549678747023,1.955171648301,1.91115784837433,1.86339686750369,1.81284885933089,1.76172218470585,1.71336394466037,1.67175107716076,1.64066269051689,1.62273895634246,1.61868854428839,1.6268736424067,1.64339225883864,1.66263205851108,1.678143882347,1.68361453997523,1.67372575412864,1.64475347486851,1.59485500548729,1.52407523895584,1.43414881336502,1.32818165784531,1.21027254689439,1.0851069970648,0.957540099369195,0.83218586998431,0.713046079988218,0.603222672113785,0.504756915647769,0.418618153747075,0.344832010331591,0.282706853625576,0.231097204040951,0.188645609927678,0.153963180430023,0.125737679297574,0.10278324707824,0.0840573257696572,0.0686693165473312,0.055891623905731,0.0451704196439278,0.0361248046886203,0.0285240483467596,0.0222426031244988,0.0172023089938357,0.0133192299611568,0.010470428717562,0.00848807917185712,0.00717758372834579,0.00634699828841329,0.0058342017560068,0.00552118430451076,0.0053336093745481,0.00523017455513275,0.00518902945179633,0.00519758471410303,0.00524674138151466,0.00532827432657665,0.0054321259704769,0.0055429242850564,0.00563760201751205,0.00568671037527788,0.00566138126218307,0.00554339677249054,0.0053339693082407,0.00505581210955519,0.00474639086411394,0.00444514282825808,0.00418040402219874,0.00396288621710844,0.0037880886725549,0.0036456328179539,0.00352932633712259,0.00344176200805058,0.00339144052377101,0.00338490686138903,0.00342055771893003,0.00348930530403749,0.00358324734897988,0.00370773606066978,0.00388878633883687,0.00416964919584548,0.00459514611462615,0.00518966872941468,0.00593837368070574,0.00678069361166526,0.00762027286224087
2.13682660135041,2.11305810459178,2.08785940170323,2.06006963577038,2.02849412068633,1.99198969859721,1.94972737527667,1.90159628387328,1.84860948922156,1.79312083059372,1.73869220808738,1.68955724508596,1.6497688613848,1.62224104389877,1.60794858789894,1.60551262794342,1.61128855898038,1.61992700893885,1.6252526814913,1.62123785522324,1.60285515120489,1.56666245522404,1.51106794822341,1.4363096675497,1.34423222886617,1.23795124687335,1.12147192172785,0.999296139140662,0.876031523302242,0.756012630207252,0.642958432535087,0.539703698291878,0.448045753332762,0.368732980615211,0.301591296246394,0.245753062697332,0.199929030196013,0.162661968506388,0.13251624172453,0.108186446229484,0.0885368248691447,0.0725994970906947,0.0595622710697125,0.0487637608667633,0.0396977197859896,0.0320154586578005,0.025512093639964,0.0200905406845242,0.0157079903433882,0.0123208146645352,0.00984521008749906,0.00814493587448711,0.0070463799588113,0.00636956934493552,0.00596012620923625,0.00570846948991682,0.00555156543735649,0.00546073488066059,0.00542407671149508,0.00543254931368559,0.00547328554041286,0.00552975085894852,0.00558428273266701,0.00561971497763883,0.0056194143650836,0.00556723830874686,0.00545020926293785,0.00526362981255445,0.00501658428314022,0.0047336061659338,0.00444992362168689,0.00420134890469815,0.00401275946487326,0.00389119609669986,0.00382661752771209,0.00379991133120652,0.00379348432828179,0.0037986446278104,0.00381668682638756,0.00385419586953751,0.00391742754506418,0.00401040891926845,0.00413894733299028,0.00431801913064554,0.0045764890123723,0.00495384806412888,0.00548694470327731,0.00619095802732895,0.00704251762967927,0.00797342864002479,0.00887970559558962
2.14388076103833,2.130298863244,2.11379244071586,2.09300913429666,2.06665951879291,2.03358690752926,1.9930064389934,1.94488184256726,1.89030604193411,1.83170096930484,1.7726810432799,1.7175280285782,1.67036190033283,1.6342105957668,1.61023279329058,1.59731318399736,1.5921429370816,1.5897579694632,1.58438639556004,1.57039006347532,1.54309104121574,1.49933830422712,1.43776136074495,1.35874246248813,1.26418830133347,1.15719233732122,1.04165666912194,0.921910031530048,0.802335231347116,0.687012962281895,0.579400856606936,0.482080624491008,0.396612916576865,0.323528243816187,0.262454723207944,0.212351453659101,0.171789599670595,0.139217330468733,0.1131575941032,0.0923165936041568,0.0756125014922832,0.0621547929470879,0.0512109937128187,0.0421855516648504,0.0346174247020147,0.0281856498093909,0.0227048516624127,0.0180988219221204,0.0143520634223687,0.0114535521222601,0.00935187032387508,0.00793698640191648,0.00705250596114185,0.00652833788421306,0.00621730337522025,0.00601885064678204,0.00588233768214823,0.00579253417433057,0.00574749482951731,0.00574085622523962,0.00575479805745105,0.00576397166463752,0.00574424971311668,0.00567984151894391,0.00556520731951964,0.00540227094003318,0.00519709649012018,0.00495877668374563,0.00470145637868652,0.00444664522273239,0.004222342361756,0.00405748748647013,0.00397301882259511,0.00397426335878162,0.00404850475698663,0.00416968150460735,0.00430804228214182,0.00444013677492236,0.00455513765263614,0.00465549676139406,0.00475399703045754,0.00487029722076136,0.00502965400335099,0.00526354955244069,0.00560901464903779,0.00610332139988602,0.00677232239080028,0.00761536261564456,0.00859264594473004,0.00962190858007037,0.0105886176358927
2.1541408777067,2.15099778945502,2.14310410231436,2.12902289657152,2.10751968984788,2.07758810467273,2.03863204449278,1.9907841662877,1.93524028127653,1.87443748649398,1.81192787037668,1.75189438174163,1.69838274549307,1.65443427977239,1.62135398724916,1.5983187144962,1.5824338381951,1.56921882473361,1.55338954939899,1.52974112701466,1.49393626156969,1.44305927843181,1.37587803162978,1.29283491346593,1.19583715868278,1.08793109268223,0.972928697499092,0.855026973046039,0.73843833844182,0.627041909997901,0.524074048188676,0.431888262634563,0.351821223032891,0.284192163317506,0.228437580665771,0.183352064968622,0.147378299944676,0.118880927664096,0.0963497739216699,0.0785065767714986,0.0643231827006788,0.0529835218968753,0.0438311737928501,0.0363332161362055,0.0300711373209443,0.0247486459716508,0.0201951988022145,0.0163483392699478,0.0132103847313891,0.0107920595344156,0.00906372592848076,0.00793285327948101,0.00725463373643286,0.00686670501654471,0.00662999612709325,0.0064559134592661,0.00630982909674851,0.00619305535003864,0.00611538223197267,0.0060734356247964,0.00604374695321505,0.00599130257026623,0.00588535995557915,0.00571251552805549,0.00548031740044713,0.00521094093397653,0.00493079110333053,0.00466230048559368,0.0044222766040919,0.00422550635715135,0.00408903995189305,0.00403258319008499,0.00407297622656103,0.00421575330692883,0.00444842756304431,0.00474026367806798,0.00504960712256397,0.00533599782658453,0.00557245316895168,0.00575316086112627,0.00589512887478531,0.00603445970282328,0.00621978089300763,0.00650471585315656,0.00693953974998705,0.00756161387734668,0.0083841247636689,0.00938528005790273,0.0105017234038956,0.01163070484664,0.0126437219061966
2.16430795755046,2.171600570101,2.17220477821658,2.16464777821744,2.14781948385212,2.12094415840169,2.0836904513749,2.03641395538428,1.98043050351742,1.91816598673797,1.85304557192424,1.78906762815966,1.73012100944522,1.67920486810969,1.63775740230974,1.60527796373909,1.57934584708202,1.55602833546994,1.53057081432122,1.49820090775288,1.45487268671876,1.39781797227861,1.32583875990682,1.23934384480315,1.14018025738028,1.03133088280255,0.916543695486702,0.799939420214356,0.685626694094031,0.577344245973861,0.478153061252019,0.390207526312235,0.314637611943703,0.25156437617655,0.200247695556132,0.159336549831033,0.127165711039672,0.102033942345153,0.0824084192818381,0.0670279351571951,0.054911956876421,0.0453088769885176,0.0376284570278425,0.0313933577751956,0.0262238068560876,0.0218460583732912,0.0181014655882215,0.0149355970740793,0.0123595339309015,0.0103944585092246,0.00902111508285625,0.00815520448334706,0.00765785994279423,0.00737276673924944,0.00717052885543973,0.00697800966462386,0.00678064847765204,0.0065998684343406,0.00645972430425384,0.0063611961579956,0.00627551010440594,0.00615756961778108,0.00596912105814359,0.00569802297050484,0.0053637336451578,0.00500751373164113,0.00467489929151224,0.00440028575139188,0.00420152298652476,0.00408491466349331,0.00405500265991562,0.00412140083692654,0.00429712828851386,0.00458943261907391,0.00498837022901968,0.00546077315255759,0.00595423102594968,0.00641062975827184,0.0067844184624001,0.00705818733577013,0.00725030289513239,0.00741224445618179,0.00761737769328073,0.00794482656718852,0.00846204045872244,0.00920914464133132,0.0101866632528788,0.0113486777250491,0.0126032900456227,0.0138222508769709,0.0148601621273039
2.17075864675806,2.18811779262384,2.19698358949249,2.19584076359365,2.18369591365179,2.16000370983858,2.12470749593269,2.07840142008846,2.02253311129539,1.95951540664765,1.89262615480303,1.82564317322065,1.76225723650369,1.70539250260487,1.65660683607367,1.61573080503014,1.58084134328638,1.54857693432192,1.51471771856769,1.4748977604333,1.42530219141043,1.36322495578269,1.28741026810222,1.19815642666868,1.09720566614796,0.987472604615539,0.872672085439622,0.756902147341485,0.644227578484423,0.538299355555369,0.442041717095665,0.357435625415154,0.285423560162464,0.225948646136911,0.178119985849788,0.140471924262638,0.111262468002275,0.0887490168441255,0.0713886210935475,0.0579361132978313,0.0474467503397672,0.0392163113359663,0.0327043406406345,0.0274773244343901,0.023187985568608,0.0195825451651906,0.0165122578052687,0.0139267366519534,0.0118389771345026,0.0102718519157168,0.00920782957961741,0.00856425939381494,0.00820471161822699,0.00797827709154925,0.00776640254007177,0.00751320461472108,0.00722589117436208,0.00694751019268258,0.00671798033812981,0.00654449677738844,0.00639484735101909,0.00621504772741299,0.005959099217204,0.00561407963568604,0.00520779179318543,0.00479637866104757,0.0044407662473179,0.00418485139859623,0.00404655507496789,0.00402383365194406,0.00410931014674082,0.00430305446369781,0.00461470366373268,0.00505386487814444,0.00561436820752587,0.00626247881287253,0.00693706519970032,0.00756372748252465,0.00807827816015728,0.00844997514889581,0.00869568486366033,0.00887941740288413,0.00909764522215866,0.00945523399174295,0.0100386711856395,0.0108932762719068,0.0120085786407354,0.0133145423036523,0.0146891242387815,0.0159763894010936,0.0170128194242864
2.169985547613,2.19658373064317,2.2132401885252,2.21834914322874,2.21096676150526,2.19071529176089,2.15777134366696,2.11295360698098,2.05784947301973,1.99487569723748,1.92717453688039,1.85830010069182,1.79172517645414,1.73026755632663,1.6755706398399,1.62776656067124,1.58540682743826,1.54568083354819,1.50487858655103,1.45900446735511,1.40442551487456,1.33844060379381,1.25968149237812,1.16829607091417,1.06590574575414,0.955367074878205,0.840393005415724,0.725100673677578,0.613551967641393,0.509342403024567,0.415281472945524,0.333192730821778,0.26384856827769,0.207039360801894,0.161758458577992,0.126466956549537,0.0993862243366094,0.0787626096017323,0.0630575296918584,0.0510393391642797,0.0417833039129018,0.0346103702061209,0.0290082623854116,0.0245710810551699,0.0209745650833286,0.0179805400417279,0.0154479649366243,0.0133279861370584,0.0116317904277357,0.0103796981526174,0.00955253969332803,0.00906780614207492,0.00879171309469527,0.00857952278797662,0.00832343736087848,0.00798314410280124,0.00758477409072342,0.00719038873269279,0.00685493684236652,0.00659351513891807,0.00637408196040827,0.0061375483597208,0.00583206565591268,0.00544259700294472,0.00500079889958416,0.00457150919006954,0.0042252925255705,0.00401201143347368,0.00394896874089144,0.00402725013716621,0.00422972604356414,0.00454839192815219,0.00498972886791543,0.00556519264746072,0.00627228120361899,0.00707798230524254,0.00791527445433174,0.00869694660142209,0.00934276328871407,0.00980898936788147,0.0101086288390833,0.0103139041860325,0.0105397370324482,0.0109134687898466,0.0115398083716322,0.012470877175652,0.0136882891647936,0.0151011621868668,0.0165598647845538,0.0178825037300858,0.0188889506515772
2.15894588310533,2.19346414530131,2.21711608640242,2.2281357827425,2.22552858011586,2.20898511586207,2.17884308734856,2.13611327813126,2.08252758741377,2.02053382650689,1.95316776974473,1.88377244501916,1.81558808527905,1.7512835259174,1.69252449149961,1.63967230401033,1.59168237248685,1.54623315865489,1.50007419050714,1.44954093939667,1.39115319055659,1.32219572614175,1.24118044847813,1.14811069705581,1.04450600562467,0.933193623601325,0.81791690935013,0.702840693668799,0.592043393918045,0.489074103505205,0.396629998224578,0.316380425548237,0.248939575262441,0.193970597316481,0.150389897129376,0.116631548260194,0.0909246142311845,0.0715374635557528,0.0569516224984883,0.0459464872441592,0.037600711206828,0.0312366724097358,0.0263465718239443,0.0225333558517595,0.0194836052897051,0.0169681255643193,0.0148502824923568,0.0130809674872213,0.0116687056511574,0.0106318082667667,0.00995197122245023,0.00955098897946871,0.00930202777299267,0.0090687776364633,0.00875265879365922,0.00832337396586563,0.00781806675211089,0.00731048269361972,0.00686672460147589,0.00651077819273724,0.00621583973667168,0.00592421341639243,0.00558285780175496,0.00517508700874798,0.00473232653297048,0.00432118378347252,0.00401494814936826,0.00386510933277648,0.00388767166409434,0.00406906667637083,0.00438552410515072,0.00482293349714758,0.0053844986268874,0.00608191427362229,0.00691495888112537,0.00785193307937048,0.00882320304389728,0.00973385676223194,0.0104924676469603,0.0110446005152716,0.0113977437076192,0.011626987486442,0.0118584816954405,0.0122355265142114,0.0128774899574833,0.0138437497441374,0.0151120974870358,0.0165771132331517,0.0180683946274785,0.019384138970096,0.0203323674847743
2.13528230200182,2.17596405765978,2.20546992352068,2.22180303309336,2.2238115361037,2.21114587571753,2.18422212808341,2.14420179109672,2.09296099787373,2.03300547413592,1.96729668767739,1.89898204080293,1.83105241396983,1.76597344837998,1.70534686428173,1.64965774683541,1.59815706689751,1.548916141777,1.49907088911129,1.44524357859924,1.3840922006396,1.31289979940641,1.230092140136,1.13557569999877,1.03082121133391,0.918676189162843,0.802952679279422,0.687885164061645,0.577573470082366,0.475512118508503,0.384272738475708,0.305361699283123,0.239238733077983,0.185459869140454,0.142899310615037,0.110006785194849,0.085060306873221,0.0663812846222446,0.0524866571998756,0.0421657140705282,0.0344864864869808,0.0287519612788284,0.0244372716939862,0.0211361715417213,0.0185331949289497,0.0163999784877588,0.0145996757211319,0.0130809922458815,0.0118505360194167,0.0109284287362188,0.0103040282379537,0.00991186713939679,0.00963954939074529,0.00936276711383112,0.00898983062112513,0.00849234586884598,0.00790704347771314,0.0073085670734955,0.00676780922304751,0.00631764972263166,0.00594214300956856,0.00559313563272706,0.00522309817042652,0.00481591550131727,0.00439973048778147,0.00403626218169686,0.00379440097873038,0.00372267120482188,0.00383514228011353,0.0041162320129963,0.00453924264157904,0.00508634531265879,0.00575727860037656,0.00656175455861699,0.00749953365212346,0.00854006139726089,0.00961420047870253,0.0106250542621001,0.0114760455115598,0.0121055589718473,0.0125145290746409,0.0127750933852369,0.0130157870423715,0.0133870344409109,0.0140171143287486,0.0149719662215629,0.0162301740168191,0.0176803775516807,0.0191417679100186,0.0204025204859889,0.0212665930807715
2.09742786892475,2.14222043695891,2.17615550434092,2.19694995146204,2.2032048126834,2.19443402066382,2.1710539216957,2.13433177678833,2.08627839884975,2.02947346940601,1.96682789629656,1.90130475855707,1.83562792578643,1.77200466954159,1.71188122390351,1.65574879299207,1.60302631381392,1.55205878554049,1.50027439872538,1.44452496278816,1.381591398143,1.30877971684778,1.22448592459305,1.12859493162139,1.02260823951174,0.909463776097252,0.793092848274984,0.677825835635349,0.567787179750846,0.466403555847046,0.376101077358647,0.29820665934468,0.233020378448385,0.180000619696468,0.138001968160649,0.105519927996387,0.0809116670470854,0.0625750738070376,0.049074949567818,0.0392112184856316,0.0320326801525881,0.0268090180121584,0.0229831443513902,0.0201260564047803,0.0179094791936735,0.0160979621340218,0.0145491083666472,0.013206800005352,0.0120763953233868,0.0111843506335911,0.0105357524933619,0.0100877674027157,0.00975123418700272,0.00941836960474364,0.0090025476342144,0.00846920835041715,0.00784284987247295,0.00718745407796734,0.006571310843938,0.00603512598983014,0.00557857532800883,0.00517078576341093,0.0047765838936728,0.00438326492578769,0.00401352128168283,0.00371841107441662,0.00355600084964852,0.00356773392799768,0.00376547135579564,0.00413466713398672,0.00464995772319055,0.00529281483197295,0.00605984440942649,0.00695673217908585,0.00798062655048307,0.00910124537696781,0.0102521980291617,0.0113396381185045,0.0122676125599422,0.0129710081011327,0.0134435199746871,0.013748683464367,0.0140082567566808,0.0143700906941486,0.0149644985495114,0.0158624206598958,0.0170477913322304,0.0184129652640166,0.0197791355592008,0.0209368029609373,0.0216956882887227
2.04464579707181,2.09139883947428,2.1281866661315,2.15241054632603,2.16236516216558,2.15735709331698,2.13773760617251,2.1048322931962,2.06076249400186,2.00817848339188,1.94994868193704,1.8888576469711,1.82735123022955,1.76733893164512,1.71003828818072,1.65584225521579,1.60421296919653,1.55364084344591,1.50173400500702,1.44549494424848,1.38179368132148,1.30797326851751,1.22245560677369,1.12518755303192,1.01779516749892,0.903393678173851,0.786100646813648,0.670382969685757,0.560404385507789,0.459518445213126,0.369989492032649,0.292946913394713,0.228518244100183,0.176060084980943,0.13441201719799,0.102126018987106,0.0776512665727873,0.0594734142139593,0.0462123734807576,0.0366811148933365,0.0299074236883455,0.0251231316978738,0.0217330877510361,0.0192794067560739,0.0174150597010899,0.0158919461073595,0.0145573028324294,0.01334689541312,0.0122641190045841,0.0113444580166784,0.0106147929326488,0.0100630795675474,0.0096312732220962,0.00923303571578218,0.00878682618265497,0.00824675892347088,0.00761639676087838,0.00693980425590365,0.00627599495755188,0.00567136953110389,0.00514360878350856,0.00468408431947764,0.00427463699146924,0.003907855473285,0.0035991696166373,0.00338445011410923,0.00330600162910824,0.00339526553560278,0.00366234134281881,0.00409719747042436,0.00468055808095855,0.00539702217436056,0.00624147186508385,0.00721451188185901,0.00830850789857136,0.00949210889571912,0.0107025948743328,0.0118524425876615,0.0128505320168693,0.0136311151852139,0.014180105718396,0.0145476805523305,0.0148407864487906,0.0151958074796511,0.015738369280154,0.0165423985972156,0.0176010335770545,0.0188194936501958,0.0200333594530333,0.0210482087036701,0.0216898029897573
1.97706584285105,2.02373329136101,2.06179981368973,2.08835182594932,2.10135468676783,2.09986696749166,2.08412430177669,2.05545934816514,2.01606117997146,1.9686232001172,1.91596119131134,1.86068381472184,1.80496348321459,1.75040392871641,1.69795962743538,1.64785646478416,1.59949783007223,1.55139618608293,1.50121448528351,1.44600151769054,1.38265179080778,1.30853092990256,1.22212161251604,1.12350581267727,1.01452805461011,0.898576606567006,0.780037341920657,0.663572827841546,0.553419996665482,0.452871000344324,0.364024051722917,0.287797240707865,0.224128013936186,0.172253803888861,0.130984319801343,0.0989168682813938,0.0745856752477373,0.0565613299427187,0.0435196332973748,0.034290066440756,0.0278843397232105,0.0235015658437819,0.020512729740712,0.0184335439857395,0.0168986427156834,0.0156457624530716,0.0145089223459064,0.0134125448799278,0.0123556112896989,0.0113819930711929,0.0105420885805858,0.00985852110406416,0.00930936628761786,0.00883429765886438,0.00835944665808883,0.00782730944645071,0.0072174807558932,0.00654947390992813,0.00586843931983894,0.00522335399352575,0.0046488213361644,0.00415891630295623,0.0037532594625338,0.00342952702682171,0.00319409951337851,0.00306471368308744,0.00306507280677323,0.00321535913286179,0.0035251539754588,0.00399254964617815,0.00460917800676636,0.00536716132276259,0.0062622937835371,0.00729055025418501,0.00843840968840716,0.00967208304313704,0.010932115095054,0.0121383514741648,0.013206456685534,0.0140715659676614,0.0147114210955868,0.0151596968415554,0.0155029297275843,0.0158594562139684,0.0163448311228415,0.0170338944665471,0.0179314976251921,0.0189627616040514,0.0199877936881999,0.0208380920172163,0.0213643251387593
1.89575675304451,1.94054575620081,1.97844135955853,2.00624538124246,2.02160593756563,2.02332159480576,2.01147512441245,1.98735005761665,1.95314131448677,1.91153430928233,1.86526551938833,1.81677057624098,1.76797422050186,1.72020592360693,1.67417211024405,1.62991065313981,1.58669999414504,1.54296803864119,1.49630365153136,1.44367656248914,1.3819096027686,1.30834192534711,1.22152079658269,1.12171335026453,1.01106343893445,0.893325410086441,0.773242033264122,0.655744341690953,0.545194157849622,0.444852299125533,0.356661492766514,0.281323037301074,0.218566254925322,0.167482767002021,0.126821673213661,0.0951957308717187,0.0711998925924402,0.053474321120247,0.0407455796705293,0.031863702519284,0.0258346851177036,0.0218380249236745,0.0192234921452017,0.0174904741804617,0.0162618786162594,0.0152644471824502,0.0143192153217877,0.0133372472622982,0.0123096412476236,0.0112846986460626,0.0103330232423987,0.00951033825575967,0.00883171668294275,0.00826612171999921,0.00775214424761644,0.00722547392357423,0.00664503030470354,0.00600652792444781,0.00533932275312266,0.00469105692177629,0.00410853888701239,0.00362414286069429,0.00325184333325837,0.00299206294916263,0.00284062328978636,0.00279618318364711,0.00286345521096004,0.00305180779279343,0.00337194379733226,0.00383303691011,0.00444156690875318,0.00520132822624627,0.00611244620834524,0.00716824437490435,0.00834967965633847,0.00961969876708206,0.0109208841744682,0.0121795745680732,0.0133180278986953,0.0142725107665364,0.0150125985519085,0.0155544933598069,0.0159620351798478,0.01633225339038,0.0167674107205957,0.0173414218565711,0.0180715417569215,0.0189064422211705,0.0197367880670866,0.0204268944353944,0.020858069827789
1.80282665879371,1.84425637585388,1.88070586755572,1.90874883068197,1.92575815745801,1.93028449732427,1.9222318631172,1.9027750462602,1.87403831889877,1.83863010409573,1.79916928221918,1.75792386756553,1.71661704854292,1.67637195759194,1.63770804440241,1.60050104498582,1.56387715007042,1.52609792075021,1.48455749310864,1.43601398561229,1.37710331092475,1.30506280593018,1.21847923011789,1.11782732845354,1.00560794986208,0.886018011577789,0.764237224671273,0.645537586344702,0.534464289453389,0.434288170705609,0.346819353456199,0.272546364962531,0.2109764218594,0.161026304998494,0.121345947453309,0.0905229738453843,0.0671782656011671,0.0499985620164749,0.0377526048531496,0.0293156385169943,0.0237018301471981,0.0200891021329009,0.0178238134032445,0.016403904890148,0.0154515541441951,0.0146897052150739,0.0139301120956175,0.0130707844862646,0.0120918876863897,0.0110402552671755,0.00999933490148278,0.00905131234454021,0.0082446800959681,0.00757870211544923,0.00700998261982444,0.00647573357066644,0.00592241800627767,0.00532717200301339,0.0047040172113296,0.00409495930791223,0.00355159024163484,0.0031165439571364,0.00281180113533164,0.00263715220937058,0.0025774107310089,0.00261361086812592,0.0027335151723227,0.00293739510464663,0.00323830518792021,0.00365770715533456,0.00421874169875899,0.00493958144842708,0.0058279606913286,0.00687758348415753,0.00806577296675139,0.00935245817289855,0.0106810449245053,0.0119824781843279,0.0131840608716321,0.0142227214175424,0.0150606015806478,0.0156978479254554,0.0161768500672073,0.0165736809356378,0.0169765631630615,0.0174570669928296,0.0180435925586758,0.0187080487710119,0.0193725722464044,0.0199359937137362,0.020311695733993
1.70149231962245,1.73836013249929,1.77223268021334,1.79953402645063,1.81742747794884,1.82424716837629,1.81970349707109,1.80480468898485,1.78152257980297,1.75231178173245,1.71963037896684,1.68558678726572,1.65176133881066,1.61916109115654,1.58820920531919,1.55867820707145,1.52954717292839,1.49885789837605,1.4637108784463,1.42053342235233,1.36566314407724,1.29615407175609,1.21059151605925,1.10965625952775,0.996234539282567,0.875011898753378,0.751657934896469,0.631838129931865,0.520328741246249,0.420450196393941,0.333907879977613,0.260989898573861,0.20097565016085,0.152583894811762,0.114329483268609,0.0847343923585077,0.0624095402733819,0.04606437460312,0.0345013561700784,0.0266267183396248,0.0214782962105812,0.0182520161067654,0.0163098779483165,0.01516444147493,0.0144497443066447,0.0138944629906967,0.0133077187595999,0.0125776743545684,0.0116724233775774,0.0106315455590444,0.00954204032320199,0.00850245751213882,0.00758725496739443,0.00682399903219716,0.00619163926949748,0.00563798671669075,0.005107378743915,0.00456597808482413,0.00401452572085673,0.00348533978825458,0.00302647071082589,0.00268151319412535,0.0024734725528156,0.00239877555566731,0.0024326891601924,0.00254254454581179,0.00270315102869029,0.0029079125578944,0.00317218154914468,0.00352822472746156,0.00401451214562683,0.00466377717536745,0.00549346655730647,0.00650096779760617,0.0076630683708386,0.0089382772802054,0.01027043853314,0.0115933225338545,0.0128374466559584,0.0139399329227608,0.0148571484855822,0.0155767139828554,0.0161238201950976,0.0165570551006054,0.0169521004433383,0.0173772863348035,0.0178692787953001,0.0184192887078514,0.0189768785547984,0.0194717856499326,0.019846307095968
1.59602854718085,1.62731761555688,1.65754451410687,1.68307975385799,1.70096047866318,1.70935172730051,1.70776871034184,1.69700551915236,1.67880710141739,1.65540209925475,1.62904692736698,1.60169899615795,1.57485438836369,1.54949539720763,1.52604421691038,1.50423995385375,1.48293877163629,1.45993684365526,1.43197605119808,1.39506935286909,1.34517563298051,1.27910369993481,1.19539966242502,1.09493375149533,0.980974881313126,0.858701687383048,0.734282121453832,0.613787899286627,0.502244662900547,0.403045684183496,0.317815704421553,0.246660655102621,0.188637998065561,0.142258825592351,0.105879747346704,0.0779271416315264,0.0569740690775596,0.0417344281337473,0.0310394640028623,0.0238338379725663,0.0191945328857417,0.0163536871675257,0.0147058507716883,0.0137921579764608,0.0132698456381795,0.0128830193464442,0.0124464658781265,0.0118443619670573,0.011034379066983,0.0100450319410645,0.00895805258180291,0.00787703507475068,0.00689238013751976,0.00605477351310096,0.00536687122282542,0.00479404201717665,0.00428783210984447,0.0038110538921704,0.00335391881678745,0.00293603985013291,0.00259479052937191,0.00236679973615922,0.00227080055992329,0.00229916984100062,0.00242130550641257,0.0025966887280984,0.00279223053288036,0.00299640460333232,0.00322503732355221,0.00351680186203508,0.00392081605474252,0.00448161250909242,0.00522657957847002,0.00615954600216811,0.00726045144366906,0.00848920099236535,0.0097909788242649,0.011101591231598,0.0123535946427018,0.0134843999065752,0.0144470852323806,0.0152216105605568,0.0158220381808747,0.0162949074891628,0.0167064134178933,0.0171213023964499,0.0175807511868942,0.0180889360103413,0.0186151723059745,0.0191123012808206,0.0195444885263224
1.49151841925628,1.51630360604145,1.54179594425655,1.56442113720131,1.58118644919108,1.59014975815809,1.59064702434376,1.5832310092573,1.56936622937705,1.55100050171564,1.53015677512414,1.50864767496432,1.4879297166645,1.46903012111578,1.45244343700701,1.43793166983365,1.42425513118834,1.40896171971961,1.38841177365225,1.3581741238355,1.31380290977264,1.25184280481244,1.17078476971193,1.07166766218852,0.958111279029205,0.835744472759101,0.71118634031573,0.59087405524455,0.480058119068879,0.382200675948989,0.2988592781203,0.229979554481771,0.174416543567621,0.130482875681916,0.0963736432518351,0.0704075694183434,0.0511061248604595,0.0371791543348911,0.0274871718440161,0.0210223368931161,0.0169149274928943,0.0144481840976293,0.0130618495853658,0.0123353741707003,0.0119572231163675,0.011694818341429,0.0113768534384416,0.010890936441448,0.0101886226962023,0.00928651480156988,0.00825462941950045,0.00719128278635447,0.00619198347552684,0.00532278803596246,0.00460766404039037,0.00403246734908802,0.00356198480091417,0.00316150576852138,0.00281351558062756,0.00252364539116071,0.00231433757843361,0.00221063466926484,0.00222478275445986,0.00234684899316978,0.00254562382340378,0.00277931782988772,0.0030119199415608,0.00322807935935998,0.00344074573369003,0.00368849816899045,0.00402398453902114,0.00449837035769723,0.00514725905028202,0.0059825181201093,0.00699071790763253,0.00813662570904056,0.00936887450601342,0.010625880773272,0.0118422339043088,0.0129565139161585,0.0139214096715414,0.0147142986131734,0.0153444162929491,0.0158520832998721,0.0162975943339952,0.016742233377804,0.0172280074977018,0.0177651044242356,0.0183334851023137,0.0188992034896689,0.0194389692758624
1.39337472128338,1.41078424902228,1.43040512237109,1.44883334931778,1.46315092094807,1.47138451358152,1.47272906928033,1.46749874261882,1.45685696044063,1.44244392139883,1.42603204947553,1.40929075705874,1.3936567539327,1.38023219032898,1.36961379968941,1.36160902620157,1.35489733477909,1.34679204202753,1.33329279115316,1.30955711489621,1.27077593981404,1.21326809726241,1.13548782602193,1.03862674845366,0.926599881843641,0.805397622151659,0.681986047448321,0.563070463921384,0.454055145113655,0.358436426081952,0.277704957865595,0.211670455955274,0.159019098793606,0.117894803139179,0.0863501308677058,0.062604327766518,0.0451293587343402,0.0326328835120756,0.0240102173000152,0.0183107199099578,0.0147296301858579,0.0126119175547681,0.0114502290379544,0.0108672702963449,0.0105866263156497,0.010403837375168,0.0101680385535039,0.00977759715646453,0.00918380255494472,0.00839331328929874,0.00746127522975304,0.00647309217338002,0.00551959230963331,0.00467327508662296,0.00397377572206931,0.00342596510005783,0.00300973202816598,0.00269607495444645,0.00246233503128343,0.00230100301891391,0.00221897953443887,0.00222903898900095,0.0023378129161746,0.00253638659663787,0.00279829995992718,0.00308619763988939,0.00336497510670355,0.00361565928455612,0.00384444637441878,0.00408294984771763,0.00437964816403733,0.00478614017879546,0.00534309221974975,0.00607054648380193,0.00696416666404261,0.00799684051818987,0.0091234086409462,0.0102866733630826,0.0114244629000714,0.012478085620987,0.013402572601281,0.0141768288481706,0.0148101786430625,0.015341299519514,0.0158275361603713,0.0163270339709282,0.0168798668820053,0.0174965096280192,0.0181595103598006,0.0188387542460298,0.0195140761122965
1.30667776695557,1.31594526358763,1.32857125035478,1.34143512116823,1.35180145462666,1.35775494110346,1.35841357908835,1.35389241119448,1.34507427401519,1.33330037398206,1.32009453876357,1.30697958124089,1.295362052373,1.28640011132236,1.28076743875012,1.27829373504606,1.27756995205443,1.27569661095914,1.26837172506755,1.25043393610505,1.2168192391509,1.16371739876955,1.08960212183172,0.995812508380623,0.886487002169977,0.767852403603615,0.647070612410764,0.530970551050836,0.42500022438784,0.332629883367707,0.25527285396255,0.192630003144956,0.143264802534216,0.105200371341551,0.0763852222022427,0.0549646520274796,0.0393761380923692,0.0283346177880947,0.0207783043128196,0.0158221805342195,0.0127345384378913,0.0109282331783539,0.00995206068871318,0.00947280088243219,0.0092492692196495,0.00910647383986409,0.00891764522110153,0.00859745193196565,0.00810263301404865,0.00743360085394223,0.00663065130869728,0.00576221737672228,0.00490730296839785,0.00413656723515057,0.00349800931505495,0.00301072472808042,0.0026679482217,0.00244720068361416,0.00232302424808545,0.00227760057348143,0.00230500178548166,0.00240830491812356,0.00259130268958235,0.00284938422049809,0.00316450861829988,0.00350711559017777,0.00384500609088136,0.00415526947351509,0.00443435763975138,0.00470174300363949,0.00499560767054477,0.00536243496575393,0.00584424003517043,0.00646791703507736,0.00723905099398635,0.0081408397587784,0.0091369801215697,0.0101771429314081,0.0112045302656887,0.012165131740673,0.0130183513263477,0.0137468415449963,0.0143622816918308,0.014903667780972,0.0154266183369336,0.0159862194649675,0.016619213916574,0.0173332539762312,0.0181085878917633,0.018912512846983,0.0197207486663084
1.23544857145131,1.23605325496898,1.24072552982126,1.24672873971233,1.25161485474605,1.25362672624104,1.2518960491809,1.24641755155228,1.23785833216676,1.22730772791686,1.21606449447044,1.20549860893102,1.19694765425767,1.19155902215689,1.19000299346134,1.19206059905653,1.19619896377114,1.19932711820357,1.19692669964816,1.18365519405811,1.15435449608203,1.10522928072175,1.03486105491545,0.944743526035039,0.839160229001228,0.724428709045612,0.607728093035728,0.495839028524952,0.394121211467777,0.305944871415639,0.232630945216604,0.173801830537117,0.127953542664123,0.0930485066596821,0.0669822109258289,0.0478620762971805,0.0341130487549115,0.0244695397422946,0.0179197339350393,0.0136491155985453,0.011002581052427,0.00946273581631468,0.00863430059769366,0.00822615798017179,0.00802979867366604,0.00789803911042062,0.00772853582126079,0.00745478695601856,0.00704293205385352,0.00649106316035106,0.00582694791691951,0.00510162112951765,0.0043787713471207,0.00372130034188507,0.00317863486665984,0.00277788108940383,0.00252165759783162,0.00239313255873067,0.00236616518970803,0.00241680954020164,0.0025311991316945,0.00270705105312365,0.00294836172049692,0.00325649090877612,0.0036225121337689,0.00402490197118717,0.00443443408610843,0.00482404338480015,0.00517955796102759,0.00550641475157435,0.00582955830697918,0.00618678057749953,0.0066179831914016,0.00715437288206092,0.00781040958310125,0.00858019087160333,0.00943819596784492,0.010343617896297,0.0112476962221021,0.0121031430359392,0.0128747508300124,0.0135488157424546,0.0141383770752113,0.0146813416511922,0.0152303431084156,0.0158367074989545,0.0165337391585464,0.017326332367621,0.0181919343237681,0.0190934938897752,0.0199993800127541
1.18202202337847,1.17387767758055,1.17000752236351,1.16813539442312,1.16619476367151,1.16269301793569,1.1568895886923,1.14877428423259,1.13890520118613,1.128203894245,1.11778982493705,1.10887500847041,1.10266830323379,1.10020166502316,1.10201650139263,1.1077332606657,1.11563269263423,1.12244531071045,1.12353180259067,1.1135297649683,1.08737704750697,1.04146464847425,0.974590722248967,0.888422482445361,0.78731436300553,0.677528323662681,0.566079683577717,0.459526935238336,0.36300892446742,0.279723002459871,0.210884965637105,0.156072275985584,0.113772416888857,0.0819510347297362,0.0585049695636238,0.0415419275249705,0.0294963548628912,0.0211320605389521,0.0154899898926895,0.0118256774796155,0.00955903335044617,0.00824030046124252,0.00752739300087654,0.00716784042950783,0.00698189258120893,0.00684646168299816,0.00668097362642411,0.00643687764346035,0.00609088490409419,0.00564159779752023,0.00510768622305477,0.00452535882632102,0.00394335782596041,0.00341434642166132,0.00298429120297219,0.00268251181508952,0.0025163340899734,0.00247275330868667,0.00252666260106463,0.0026525441793836,0.00283420370576488,0.00306858515245885,0.00336198674062199,0.00372109238477782,0.00414365252158043,0.00461354935588182,0.00510311967351573,0.00558152018389989,0.00602563582260261,0.00642865937723945,0.00680295215869908,0.00717646559603681,0.00758426001900356,0.00805853486604222,0.00861998813562637,0.00927265664311865,0.0100028111824904,0.0107816304763921,0.0115711977943709,0.0123328119721458,0.0130365921763733,0.0136701667503175,0.014243849245645,0.01478973794959,0.0153535620829801,0.0159809908087176,0.0167025630532402,0.0175232902342692,0.0184217228376362,0.0193598722945544,0.0203004400028344
1.14668434704667,1.13031397466893,1.11788331038891,1.1076187105453,1.09791029465378,1.08763540945865,1.07631129036953,1.06406675229457,1.05149150759511,1.03945435525385,1.02896181081424,1.02106836671564,1.01678430050474,1.01689900380918,1.02167074058817,1.03041903313862,1.04115296632592,1.05042308039883,1.05355821066127,1.04533701344655,1.02098658957469,0.977260976498874,0.913291197998685,0.830947434156566,0.734595751448575,0.630315625172904,0.52480000189357,0.424234010568511,0.333422692183165,0.255331573977226,0.19106573820567,0.140192331003575,0.101246055597589,0.0722543985890383,0.0511641261008502,0.0361157939029828,0.0255699235084016,0.0183239840733512,0.0134685012603279,0.0103227151202778,0.00837487795144218,0.00723716891076435,0.00661607097789088,0.00629365727026471,0.00611470092154176,0.00597556798893484,0.00581277925199977,0.00559198823051399,0.00529878278864127,0.00493330227415276,0.00450856518444706,0.00405045716537653,0.003596382021369,0.00318980069407607,0.00287113087644894,0.00266761993728751,0.00258686280270629,0.00261729100800219,0.00273575261652484,0.00291906514395178,0.00315381254108753,0.00344009343596585,0.00378745777434157,0.00420554106849749,0.00469432903880976,0.00523880219897881,0.00581075150613604,0.00637658858740508,0.00690786254937043,0.00738997376252191,0.00782598182491379,0.00823475735621395,0.00864463370684842,0.00908533404757322,0.00958041131543752,0.0101420221405169,0.0107686091231483,0.0114454691114336,0.0121481063004269,0.0128478107032284,0.0135189759308404,0.0141466033249879,0.0147320020223658,0.0152943455334885,0.0158664395594685,0.0164851545002618,0.0171790312486775,0.0179577810077804,0.0188082218946976,0.0196991948118952,0.0205940670378854
1.12768925038088,1.10431990962652,1.08401260479544,1.06549673355851,1.04766775577993,1.02986849668217,1.01200905375849,0.994516967069573,0.978175333090626,0.963936174115273,0.952775660704519,0.945600121831099,0.943152449748765,0.945846661643186,0.953493098425795,0.964956382359989,0.977872798771474,0.98859357588765,0.992485009116872,0.984607114618014,0.960650605827736,0.917896053457461,0.855920491727927,0.776836893998206,0.68498821491958,0.586180592963839,0.48666802738617,0.392151926503687,0.307023688444658,0.233979136863272,0.174014995764535,0.126719483498774,0.0907197996564126,0.06415049241835,0.0450438944652671,0.0315952688487489,0.0222995333301024,0.0159855997891243,0.0117848850882935,0.00906906903065413,0.00738388943197754,0.00639472558012882,0.0058503891694397,0.00556302860185062,0.00539797038391632,0.00526648465006704,0.0051168228743457,0.00492350750273676,0.00467724997040979,0.00437899319158929,0.00403883348831652,0.00367754064653819,0.00332675888922398,0.00302440602198321,0.00280572393146555,0.00269321450752019,0.00269074182051226,0.00278514973971147,0.00295487476774894,0.00318155004751453,0.00345848089483857,0.00379212522409213,0.00419590989635663,0.00467996402655255,0.00524206710184586,0.00586400758439917,0.00651498156462195,0.00715986548337753,0.00776883387503213,0.00832448621799492,0.00882454422544011,0.00928031173287946,0.0097122615304216,0.0101448500384411,0.0106016302228283,0.0111013515732525,0.0116549886016905,0.0122637230873152,0.012918388558442,0.0136008137068406,0.014287711476405,0.0149566489941871,0.0155928723436029,0.0161947444383738,0.0167753249225991,0.0173587840501938,0.0179719743952373,0.0186341189770889,0.0193487286228591,0.0201016214160455,0.0208663511882994
1.1216786332665,1.09321019110061,1.06642511225815,1.04051363510175,1.01489378533863,0.989450201467332,0.964612599295814,0.94126683922274,0.920556297234702,0.903660200130413,0.891616351716261,0.885202246722851,0.88483456627442,0.890428105249475,0.901186550227899,0.915366082474178,0.930121068185665,0.941565962011612,0.945146178534573,0.936309880867875,0.911352877102303,0.868221473318375,0.807043398875034,0.730225891000992,0.642085512701123,0.548110452301317,0.454051653298996,0.36506544481156,0.285087068178818,0.216525728853256,0.160276390376442,0.115970628649832,0.082356489619016,0.0577017690689373,0.0401431790086906,0.0279400651888396,0.019622006753266,0.0140422955472649,0.0103613665707944,0.00798942091305582,0.00651630364254946,0.00564967184573009,0.00517299966685691,0.00492362927498774,0.00478393824502685,0.00467641937916056,0.00455635871841653,0.00440184042304503,0.00420425163333676,0.00396348317803309,0.00368841165515391,0.0033994659914397,0.00312851238217173,0.00291268386084252,0.00278374705438938,0.00275773726080951,0.00283088390607344,0.00298451619926565,0.00319666110763293,0.00345448000380684,0.00376072324802611,0.00413124692022096,0.00458498893039018,0.00513197825780352,0.0057654225254223,0.00646118821217243,0.00718433513630722,0.00789872157351794,0.00857551013611237,0.00919761186593693,0.00975993648811109,0.0102672880256418,0.0107318628936589,0.0111716784382774,0.0116093523209638,0.0120702213593502,0.0125787515838723,0.0131533149828124,0.0138007592530149,0.0145126192495376,0.0152650810366695,0.016023463912547,0.016750735906464,0.0174178093412732,0.0180121779639687,0.018541646283315,0.0190310248176482,0.0195126415389304,0.0200140193918267,0.0205477811060409,0.0211079916457123
1.12442898910979,1.09326450607533,1.06199116099533,1.03018094947412,0.997759294404644,0.965202046837465,0.933563541405647,0.904330517725303,0.879161336164617,0.859599972884256,0.846838425372256,0.84155303007712,0.843790802259276,0.852863004268834,0.867226744136109,0.884388311636949,0.900911002009664,0.912619963365962,0.915052325771186,0.904113549736269,0.876808602024392,0.831861456423897,0.770046328896797,0.694129686747122,0.608432785458014,0.518129786310146,0.428457230693524,0.344011633845964,0.268262056533425,0.2033287544264,0.150009070143486,0.107985248545719,0.0761333532428052,0.0528592892789349,0.0364057669069663,0.0250943672654241,0.0174839856799025,0.0124435059101367,0.0091505796461594,0.00704024071911291,0.00573266420064478,0.0049658760345475,0.00454931943382375,0.00434020814815322,0.00423496792759759,0.00416498921209493,0.00408964206825393,0.00398676496318351,0.00384470271664934,0.00366020202894559,0.00344161814194846,0.00321252196564722,0.0030099235467506,0.00287440711457018,0.0028359212809172,0.0029023688266521,0.00305810827207578,0.00327400870759599,0.00352409482382823,0.00380014122316993,0.00411618053088138,0.00450101214246479,0.0049828047171586,0.00557411331307413,0.00626459038252396,0.00702384346190947,0.00781177900937526,0.00859016897971947,0.00933035120788401,0.0100149949719205,0.0106358370783411,0.0111910999234769,0.0116851695968032,0.0121308975070946,0.0125520173735331,0.0129828160537415,0.0134631286082398,0.0140291130598214,0.014702515963635,0.0154818716313345,0.0163391081028757,0.0172232408592033,0.0180710972691972,0.0188226967635082,0.019437034335033,0.0199033671791245,0.0202436104278675,0.0205044720311442,0.0207415025464414,0.0210008148621364,0.0213053234336724
1.13175147432931,1.10051480836978,1.06708795487271,1.03132135089599,0.993604291806288,0.955021886201172,0.917325081484245,0.882711634156198,0.853481099761009,0.831659192718821,0.818675700023134,0.815138075879748,0.820697527738143,0.833983351454783,0.852593691272363,0.873164633041196,0.891567027483977,0.903275009421714,0.903905130987346,0.889854812931735,0.858907638680598,0.810652597032115,0.746599383274347,0.669952682065911,0.585101785916885,0.496953930531302,0.41026423251994,0.329090792114099,0.256448019730122,0.194169787305919,0.142950356814963,0.10251096382681,0.0718406300719864,0.0494681327550733,0.0337292359250523,0.0229979596605187,0.0158549752484189,0.0111775437013528,0.00815185163833117,0.00622697750290643,0.00504138472251997,0.00435203597722032,0.00398540021517008,0.00381305712375452,0.00374303203966111,0.00371484398803803,0.00369130746481969,0.00364862600448537,0.00357013952202835,0.00344789005877948,0.00328960445917206,0.00312370555583535,0.00299519206659358,0.00295059063027292,0.00301859476067912,0.00319675472169802,0.00345289918575905,0.00374179399469861,0.004028798091154,0.00430828516061146,0.00460693944828892,0.0049708449623355,0.00544339998486706,0.00604565199351408,0.00676812163426725,0.00757608604020096,0.00842348401517315,0.00926685417579423,0.0100731589063996,0.0108201306700884,0.0114928378111416,0.0120817334200676,0.0125850259727346,0.0130145039761269,0.0134003636666893,0.0137906696815963,0.0142432665504881,0.0148116503377957,0.0155291986896427,0.0163966942605858,0.0173773815421873,0.0184013278663986,0.019378813347571,0.0202201222299581,0.0208571262942369,0.0212609156553635,0.0214495309539641,0.0214824405563253,0.0214423794793544,0.0214102048139544,0.0214414892911842
1.14031936100668,1.11151630451803,1.07829740196194,1.04068148305925,0.999458596255126,0.956309869929852,0.913714833232709,0.874648450254012,0.842136080899537,0.818769607028935,0.806282340976972,0.805245022039851,0.814903824974793,0.833156797524329,0.856664146111662,0.881099913610442,0.901556813775186,0.913095012206487,0.911380953591538,0.8933112954925,0.857489119862021,0.804435287173442,0.736478240521449,0.657350980074394,0.571599126099298,0.483942002155882,0.39871676789719,0.319486295585921,0.248830777910336,0.188295974405697,0.138453150072048,0.0990311776622164,0.0690972193892414,0.0472717884444966,0.0319607651394283,0.0215768916812727,0.0147160286255008,0.0102605640216455,0.007401618182796,0.005596228557669,0.00449255308384611,0.0038570336057949,0.00352506337166468,0.00337747856732948,0.00333214412020219,0.00333740247129837,0.00336112718581189,0.00337906652101039,0.00336970771915894,0.00331977003011963,0.00323568246815689,0.00315057840368374,0.00311781731102634,0.00319007507883388,0.003393843332886,0.00371349592676759,0.00409566873355032,0.00447348316148284,0.00479882886462762,0.00506630636652415,0.00531642919643776,0.00561737988288516,0.00603518974977515,0.00660749355142082,0.00733227363871067,0.00817372711106699,0.00907879565765761,0.00999374959760475,0.0108735976111488,0.0116832918293745,0.012395565717268,0.0129914516316128,0.0134659224658171,0.0138362738109011,0.0141471005554839,0.0144667576023285,0.0148739162165885,0.0154376986873819,0.0161978627560893,0.0171510939125386,0.0182473977958741,0.0193972060230467,0.0204877810538182,0.021405880273944,0.0220624071175181,0.0224136986015949,0.0224731547922697,0.0223084764547227,0.0220233110204453,0.0217278932405766,0.021508085737886
1.14820168358057,1.12389648796487,1.09294947306469,1.05545003537588,1.01251820523949,0.96639121601135,0.920267427248434,0.877915134202427,0.843120150461665,0.819083866438471,0.807883960337528,0.810082086306772,0.824525794686442,0.848363646644703,0.877277056987058,0.905921581129134,0.928550169606517,0.939753822133209,0.9352108053657,0.912304235639258,0.87047383570823,0.811219962401724,0.737764231920803,0.654461436826965,0.566114965527157,0.477352674154987,0.392172576701428,0.313693718017233,0.2440813372012,0.18458163971848,0.135607861243787,0.0968486901860572,0.0674003686397999,0.0459342079986642,0.0308985536520778,0.0207309415119398,0.0140388836916799,0.00971157619187532,0.00694707541173156,0.00520963396606128,0.00415294630162971,0.00354667212981041,0.00322899842088659,0.00308600949194535,0.00304445753481083,0.00306327603115156,0.0031186243583872,0.00318895942970165,0.00324987359456511,0.00328310268094133,0.00329278000857661,0.00331504012841444,0.00340971470813529,0.00363369580119893,0.00400901999609085,0.00450389172869287,0.00503985795923546,0.00552400606591183,0.00589089793368681,0.00613338566330091,0.00630686794528179,0.0065061023266994,0.00682694324687068,0.00733176483633158,0.00803279724329841,0.00889641587217042,0.00986107013517726,0.0108567339473222,0.0118176162397923,0.0126869596874728,0.0134190323156411,0.013984150378857,0.0143780187516405,0.0146312613045511,0.0148117405218782,0.0150148211711232,0.0153422090322841,0.0158757945130714,0.0166553487746174,0.0176667024641441,0.0188429160030477,0.0200764535006167,0.0212387621924304,0.0222036293503996,0.0228711853077289,0.0231890626172237,0.023165577576771,0.0228697333384827,0.0224149639202468,0.0219291640117631,0.0215196706521475
1.15495305550312,1.13652920963839,1.10936109742246,1.07353940389843,1.03044824102164,0.982822283525077,0.93453068379574,0.890100782570994,0.854060507595974,0.830218574822041,0.821008465346478,0.827002520410583,0.846670613686533,0.876426415106171,0.910974634322773,0.943938704266276,0.968703276219686,0.979351973016075,0.971536088006217,0.943097220216689,0.894305825023135,0.827666049616675,0.747349508464273,0.658417145501625,0.566030066702014,0.474823764118541,0.388538413770493,0.309899623342598,0.240671168007943,0.181778656614215,0.13343120179645,0.0952195910923834,0.0662132375113251,0.0450901786608878,0.0303137456016107,0.0203348500420696,0.013772989607312,0.00953040411966403,0.00681894700806138,0.00511423167463773,0.0040759100506482,0.00347444480417128,0.00314745312268544,0.00298387491560098,0.00291914776187507,0.00292497386288291,0.00298958943949293,0.00309823780206825,0.00322662946626816,0.00335257183367927,0.00347682489807116,0.00363581041534281,0.00389234128042559,0.00430406050076088,0.0048855376727666,0.00558623280896006,0.0063002135252977,0.00690619495157016,0.0073193969940684,0.00752993518647441,0.00760896960205787,0.00768105989425047,0.00787715728324492,0.00829046351681233,0.00895249160728458,0.00983391927824127,0.0108628220573943,0.0119471956644578,0.0129925445736823,0.0139127585676576,0.0146387940796202,0.0151298569713989,0.0153865588245676,0.0154600685779883,0.0154491194701058,0.0154812726614249,0.0156821877571288,0.0161430746599706,0.0168977080716475,0.0179156066210831,0.0191112224200574,0.020363219148611,0.0215371014708249,0.0225068185271375,0.0231741033122098,0.0234853310772612,0.0234434552832484,0.0231103974930757,0.0225950707627079,0.022026737355341,0.0215202260323951
1.16123426037397,1.14928841899279,1.12671081437403,1.0935626227348,1.0514410956709,1.00351004021502,0.95423027298761,0.908808141803173,0.872444276984459,0.84950654388701,0.84276433670857,0.852810584929856,0.877772352787432,0.913377816129439,0.95340508157708,0.990482425631424,1.01713996294963,1.02694139061989,1.01547751184921,0.981006766145164,0.924597459650625,0.84974922177104,0.761609476373999,0.666005047979548,0.568538035568527,0.473940755909878,0.385771059269286,0.306407257008854,0.237220997940725,0.178792132942965,0.131076329860583,0.0935073965506567,0.0650729305427067,0.0444164690649577,0.0299927271937491,0.020258572974591,0.0138494438959621,0.00969014158695343,0.00701648604722849,0.00532323881382976,0.00428035124584381,0.00366041815335567,0.00330006274613975,0.00309037339946625,0.00297568899664638,0.00294224090039575,0.00299352645582346,0.00312537643106589,0.00331683311568375,0.00354326316763087,0.00380121105474754,0.00412440494284727,0.00457442540609226,0.00520544001943368,0.00602132571291789,0.0069510004345833,0.00786047330302322,0.00860016119289639,0.00906617555836225,0.0092461816037519,0.00922773271003601,0.0091665726573424,0.0092309887621561,0.00954764913151276,0.0101694249891539,0.0110717308685316,0.0121704078405136,0.013347495117762,0.0144747634922074,0.0154322777508066,0.0161252988311446,0.0165024555866702,0.0165724775837775,0.0164117119193084,0.0161540048561308,0.0159612994708098,0.015982508273778,0.0163149972097466,0.0169825679505451,0.0179360083744187,0.0190725495849082,0.0202634610023188,0.0213792589239907,0.0223072960473671,0.0229629317204307,0.0232984044406828,0.0233108942770478,0.0230466868835339,0.0225951828259734,0.0220691205940856,0.0215742837516334
1.16808388393793,1.16247040319478,1.14460928480406,1.11454102239235,1.0740451425875,1.02664454654885,0.977290478190036,0.931750688347309,0.895783937177027,0.87422603825235,0.870131452138827,0.884112733215771,0.91400227422154,0.954928241200439,0.999844365927556,1.04047808410918,1.06856910984679,1.07718160966299,1.06182181829704,1.02110890801935,0.956842663944344,0.873465666584554,0.777081098522478,0.674301363164081,0.57122298198467,0.472745626938758,0.382311348199765,0.301995303652964,0.232788734228342,0.174905485490001,0.128004872694024,0.0913119660838152,0.0636852086395704,0.0436996312092249,0.0297837379389955,0.0203972312245477,0.014198088276458,0.0101447931976321,0.00750872959140211,0.00581353694150694,0.00474643583039236,0.00408638257482019,0.00367100287484326,0.00339409135229549,0.00320897327251074,0.00311695789707398,0.0031383954176378,0.00328226296806533,0.0035336802257428,0.00386733402223422,0.00427533901102578,0.00478627146099039,0.00545643929904904,0.00633224748922646,0.00740375656924232,0.00857824169367068,0.00969455360536884,0.0105769219229564,0.0111045734124253,0.0112641857160779,0.0111600804744185,0.0109786747308947,0.010924643621233,0.011157097563635,0.0117492658040803,0.0126802208003658,0.0138523182938677,0.0151203230828707,0.0163212129662317,0.0173008073147099,0.0179390751657598,0.0181751136385543,0.0180269263364881,0.0175966389868333,0.017052759571544,0.0165900393339876,0.0163784027859054,0.0165193629419244,0.0170260913457983,0.017832386174204,0.0188230637160652,0.0198698895446873,0.0208585587254739,0.0217006225513845,0.0223342245598361,0.0227225949725962,0.0228563938297734,0.0227590082379944,0.0224874974483462,0.0221221292504634,0.0217439126859707
1.17608119388815,1.17608976648082,1.16253460818942,1.13547602387821,1.09686397426819,1.05051370046578,1.00175251843362,0.956764671244766,0.921716289488159,0.901782877190013,0.900224616954775,0.917661524297209,0.951691156426904,0.996962218064545,1.04575929643523,1.08906383439317,1.11794442983153,1.12502379445387,1.10571164214738,1.05891624676724,0.987063450530397,0.895432490539801,0.791004604850939,0.681145874350506,0.572461986203818,0.470067557351288,0.377347326611043,0.296121044320826,0.227022345422415,0.169893559333646,0.12407026714848,0.0885315163197113,0.061971586572565,0.0428725632519568,0.0296256714909757,0.0206939234284584,0.0147656695240649,0.0108440255394507,0.00824705487410043,0.00653707905935949,0.00542651331001101,0.00470644943567275,0.00421893593804906,0.00386159701017333,0.00359615871628721,0.00343782458977338,0.00342323548878121,0.00357529239917034,0.00388710998574938,0.00433471144469505,0.00490658412469691,0.00562491649258881,0.00653764645900381,0.00767961038598281,0.00902411248602029,0.0104559324925972,0.0117882819265068,0.0128223386128211,0.0134237919784649,0.0135804837128872,0.0134136155632135,0.0131383142007406,0.0129922604259233,0.013163217790942,0.0137415837007957,0.0147082537659589,0.0159520105917413,0.0173019923767175,0.0185633341998109,0.0195510275683226,0.020122523962899,0.0202084176341705,0.0198345694996154,0.0191250730148705,0.0182778125488431,0.0175151497537481,0.0170246035642601,0.0169114336247464,0.0171811805840948,0.0177565388385898,0.0185175723461123,0.0193447243129699,0.0201465172379186,0.0208650708780849,0.0214658319544222,0.021925102829374,0.0222260241259993,0.0223645207756649,0.0223572285840172,0.0222412265778288,0.0220611195245485
1.18468894679846,1.18930788879061,1.17935652522863,1.15497203264898,1.11827535439567,1.07331227135192,1.02566676342013,0.981778802282494,0.948046519369354,0.929828770311395,0.93048838396893,0.950629768604765,0.987683958065501,1.03597079829898,1.08730906451314,1.13214626210011,1.16105316429184,1.1663074640064,1.14322391857164,1.09091347973917,1.01228258810799,0.913284080217476,0.801637507629672,0.685374701490951,0.571583695116232,0.465618631328435,0.370860609045315,0.288931373731314,0.22014852223704,0.163999878036496,0.119491963849024,0.0853394534177812,0.0600520214963315,0.0420043247083711,0.0295449395076882,0.0211428102766675,0.0155240424694588,0.0117453999110286,0.00918045527602511,0.0074382722018824,0.00626361826776622,0.00546557910713828,0.00489442048776319,0.00445268858274397,0.00410901869017527,0.00388953797071382,0.0038444148522328,0.00400935442408243,0.00438642222056093,0.00495523030383071,0.00570267202956805,0.0066449917559393,0.00782016701858557,0.0092485675804687,0.0108840226466699,0.0125877140857414,0.0141483554170384,0.0153469607799347,0.0160389514434965,0.0162153959500082,0.0160141198507673,0.0156761747419589,0.0154676587072558,0.0155999522163464,0.0161766667912624,0.0171789118796486,0.0184832911689873,0.0198975672718922,0.0212011369918718,0.0221844111733697,0.0226866902452616,0.0226308260630129,0.0220469289479744,0.0210737305105045,0.0199294668379799,0.0188561999171765,0.0180548522736002,0.0176353739858444,0.017601440745699,0.0178733603633819,0.0183354920830935,0.0188840357087126,0.0194543055837683,0.0200200691761093,0.0205734370048198,0.0211027136736448,0.021582693317584,0.021981031234637,0.0222723108496072,0.0224471440192585,0.0225085898371324
1.1920154793394,1.20021556541235,1.19314775631548,1.17108122325034,1.13631087423515,1.09305544657108,1.04703835477355,1.00479115558377,0.972758192410605,0.956309613432027,0.958791765765769,0.980760871164043,1.0195532582025,1.06933062140301,1.12168487663328,1.16678668995389,1.1949269746713,1.19816826032882,1.17174519031282,1.11487379262022,1.03076150759343,0.925821446824758,0.808315539580742,0.686802091256868,0.56878678910032,0.459868153250356,0.363475929273458,0.281104730274007,0.212820425675032,0.157799467259126,0.114738691542358,0.0820902809235637,0.0581733694446556,0.0412495394049737,0.0296233317702573,0.0217724977743312,0.0164659980164536,0.0128196224794457,0.0102673762131447,0.00846983027189982,0.00720909052604435,0.00631708065166376,0.00565581478651876,0.00513369723050999,0.00472415695975092,0.00445994612713461,0.00440017594222399,0.00459046991757087,0.00504171308819075,0.00573935218997275,0.00667179216454326,0.00785153054602826,0.00930681405433782,0.0110419560516582,0.0129890547670384,0.0149841979337857,0.0167917399632985,0.0181741660857656,0.0189787090632986,0.0192007857052877,0.0189939487091167,0.018622032217195,0.0183748726451895,0.0184826384616438,0.019058777901371,0.0200840163212653,0.0214256152358505,0.0228759645810593,0.024196636072649,0.0251612267306378,0.025596129510146,0.0254172043942751,0.024654281661729,0.0234518197645288,0.0220376256909359,0.020664188618397,0.0195410961913089,0.0187842618426352,0.0184020683358405,0.0183216678490744,0.0184401282457254,0.0186741437101942,0.0189858012778694,0.0193767717980454,0.0198608883203983,0.0204350975351439,0.0210658299704985,0.0216958385754302,0.0222628596711915,0.022715767974115,0.0230183052563374
