5.77267089374461,5.72334720399288,5.58982612506073,5.37710720732145,5.09551561335076,4.75965520873747,4.3868791280229,3.99548965200782,3.6029299130548,3.22423032357311,2.87091620727897,2.55048866611983,2.26647995177303,2.01899069766842,1.80555529535804,1.62215933894461,1.46424306909594,1.32755191116992,1.20873447111421,1.10563202880833,1.01725603092706,0.943506042653063,0.884732598667795,0.841281373284113,0.813151013525692,0.799853940544495,0.800493848216416,0.813996212152698,0.839373173513715,0.875900462769021,0.923130288591028,0.980743304071563,1.0483217649219,1.12516561153168,1.21026014125013,1.30243533100002,1.40066805798398,1.50440411069935,1.61375432986403,1.72946243284904,1.85263391713975,1.98432336691957,2.12515003256737,2.27511940833444,2.43375753327776,2.60054152780987,2.77547748812324,2.95958930829842,3.15507712816792,3.3649872564943,3.59238474218823,3.83917918967371,4.10487601515454,4.38556471659451,4.67340802626052,4.95678139548834,5.2210694215044,5.45000112120515,5.62732078225868,5.73855865619407,5.77267089806035,5.72334720823494,5.58982612911264,5.37710721107242,5.0955156167075,4.7596552116339,4.38687913042559,3.99548965391674,3.60292991449944,3.22423032460517,2.87091620796325,2.55048866652501,2.26647995196358,2.0189906976988,1.80555529526955,1.62215933876502,1.46424306884131,1.32755191084803,1.2087344707284,1.10563202836117,1.0172560304227,0.94350604209823,0.884732598071425,0.841281372656265,0.81315101287621,0.799853939882051,0.800493847548138,0.813996211484227,0.839373172849322,0.875900462111511,0.923130287941285
5.83699272883414,5.78695468740389,5.65203301981177,5.43671739723554,5.15113446921343,4.81007320049488,4.43138040787037,4.03397901456157,3.635846496185,3.25229352213303,2.89480438460463,2.57056361321349,2.28264540631276,2.03072120013175,1.81207496915015,1.62270756012197,1.45834451991217,1.31521763276199,1.19054694222405,1.08270448527591,0.991089040034637,0.915787056601379,0.85713142551193,0.815286694361003,0.789975772906799,0.780413356767289,0.785440557392714,0.803782329993161,0.834308935035367,0.876187906892549,0.928867799432811,0.991915304470384,1.06479682749853,1.14672626950896,1.23667089163052,1.33353556565667,1.43645726485121,1.54508180604701,1.65969037435428,1.78109938244205,1.91035450310146,2.0483329188052,2.19542064576019,2.35141344040567,2.51570848659093,2.68773606516794,2.86747428567305,3.05583652187333,3.25474179909883,3.46676839342764,3.6944139344647,3.93910428031299,4.20016482399941,4.47398071565555,4.75352904082753,5.0283904983171,5.28526933877481,5.50898127106127,5.68381957222042,5.79516603412416,5.83117276213061,5.78430177281957,5.65248589040246,5.43969069687291,5.15572504095012,4.81527125889116,4.43625668462665,4.03782827286595,3.63827720520124,3.25326195912208,2.89459852708869,2.56974747006621,2.28197731089863,2.03105978648025,1.81428420526591,1.62756841855679,1.46647727979473,1.32701692562076,1.20613219674683,1.10189043765935,1.01338260199259,0.940415903294245,0.883105317991259,0.841485900321397,0.815254597910912,0.803703784275047,0.805842533515882,0.820632229878942,0.847222960921769,0.885079371596542,0.933935635179708
5.91169869268072,5.85772643771418,5.71800594553616,5.49667631295741,5.20389225749238,4.85487953054354,4.4681985681339,4.06352974288962,3.65940947555745,3.27134334871405,2.91060827838588,2.58386983278463,2.29355024542275,2.03873833284941,1.81636815406822,1.62240576052123,1.45284659344005,1.3044098727548,1.17489096422831,1.06319237845134,0.9690958450808,0.892870397022769,0.834832021859817,0.794973328136835,0.772758543687888,0.767125907065547,0.776671947986857,0.799927992653792,0.835610982046735,0.882747409407698,0.940630775529939,1.00865216249371,1.08610361801299,1.17207034741477,1.26548447318213,1.36533593502927,1.47095358287394,1.58222608467306,1.69964806460476,1.82414742867002,1.95674772747326,2.09819675905748,2.24871870613688,2.40800294924017,2.57544973007192,2.75058536918576,2.93348442393858,3.12502167953065,3.3268265941992,3.54090665829267,3.76900219331861,4.01180473260973,4.26819039340704,4.53460043411572,4.80466171478656,5.06910559302406,5.31602904724837,5.53153463144658,5.70077126998182,5.80934801317029,5.8450071854573,5.79933823134746,5.66922863219746,5.45773028290729,5.17409145792942,4.83286593432385,4.45221613210025,4.05171772564156,3.65008646727036,3.26324832914124,2.90306775299349,2.57687089827531,2.28771466820915,2.03520753073124,1.8166192701668,1.62802391268507,1.46527967606074,1.32473262461417,1.20360600885851,1.1000960419087,1.01323268915364,0.942589483743919,0.887940235072991,0.848961204638791,0.825059162529203,0.815364083176871,0.818870461617717,0.834655009407781,0.862068556904729,0.900806538453164,0.950812027379148
6.00194464116061,5.9414172216651,5.79404248308916,5.56381158419346,5.26115213824121,4.90195833212567,4.50566812621916,4.09278063395193,3.68234558576285,3.2899363655057,2.92645793021555,2.59790094396525,2.30592155841142,2.04896570663866,1.82360255269967,1.6257722382214,1.45174935392509,1.29873384609748,1.16506915322918,1.05014686617093,0.954088834368574,0.877315418983181,0.820114448478302,0.782316725215768,0.763153845024403,0.761319329479409,0.775190607443976,0.80311407180386,0.843638796520971,0.89561174640531,0.958114385283713,1.0302970714387,1.11121688744847,1.19978568910128,1.29487890008537,1.39557432772546,1.50141592249008,1.61257243007268,1.72979777854889,1.85418430244038,1.98679622283364,2.12832976120904,2.27894394957367,2.43833622957637,2.6060340222741,2.78177911077309,2.96583947258881,3.15910868918607,3.36293141130473,3.57868958050984,3.80725178992261,4.04840783350898,4.30037798728687,4.55943583166509,4.81964757041159,5.07273588105675,5.30812210818021,5.51325156332949,5.67432496697047,5.77750433906392,5.81053624059382,5.7645722821413,5.63582886849792,5.42668165846183,5.14586662775934,4.80765377067555,4.43011017438185,4.03279909136912,3.63439395345751,3.25068067229779,2.8932896940435,2.56928849881291,2.281552189748,2.0296736111079,1.8111120907365,1.62230729479121,1.45956978950478,1.31966387772336,1.20008358523409,1.09907763745668,1.01550191341979,0.948582607468709,0.897668242549555,0.862038467112769,0.840819316934122,0.833022856647077,0.837689498832844,0.854069646491393,0.881760129306217,0.92071823048854,0.971119936631508
6.11417922632117,6.04550550590256,5.88859538955426,5.6475112523302,5.33317841453299,4.96232985557022,4.55535519123105,4.13354077110267,3.71633714952706,3.31924003978544,2.95265691894361,2.62183717176327,2.32767705450924,2.0680444451503,1.83923415577271,1.63723875776776,1.45864905833564,1.30113001218228,1.16351195765071,1.04558974865981,0.947740278867592,0.870472096831396,0.814014927365677,0.778040797381515,0.761575093760526,0.763101802544736,0.780808257442163,0.812867424151819,0.857649125959362,0.913787595941686,0.980103663776547,1.05545240923684,1.13860502949988,1.22825998215377,1.32321039714049,1.42261109783822,1.52622377721426,1.63451282469684,1.74852145606035,1.8695540397219,1.99878350381362,2.13694257354424,2.2842278297689,2.44045206616404,2.60537003820488,2.77902265841443,2.96193455960637,3.15506242416443,3.35949493351284,3.57600185946818,3.80457027404288,4.04403991732497,4.29187132058517,4.5440024195572,4.79471742153343,5.03649092661792,5.25986741820192,5.45353545128473,5.60480064695773,5.70060247011925,5.72906253565861,5.6813444472782,5.55342795175939,5.34733462058978,5.07142498586578,4.73960713063829,4.36958011456228,3.98049050345759,3.59052049513704,3.21490980711649,2.86475848046583,2.54672208550153,2.26348120866644,2.01470888574572,1.79820980256443,1.61095437080841,1.44983907435334,1.31212483405686,1.19559493804116,1.09852041588189,1.01952504027286,0.957425011077384,0.911095146274271,0.879394557152713,0.861169578148444,0.855332966736003,0.860996169441872,0.877605132693912,0.905016696960788,0.943458339171529,0.993349117155504
6.25387083188116,6.17674481419269,6.00968549496866,5.75702674112026,5.43035395324939,5.04730964467575,4.62919512480748,4.19795499721136,3.7732761201996,3.37044160197675,2.99930943009662,2.66444220555926,2.36612469811021,2.10184686105064,1.86782525101738,1.66024657646331,1.47607521457878,1.31341100386102,1.17147430311361,1.05033422714586,0.950497747289545,0.872467921876724,0.816366730654925,0.781699909832683,0.767308716712615,0.771502155289707,0.792308564654116,0.827744423338034,0.87599917278162,0.935477241182153,1.00471156819076,1.08223082694308,1.16648961868743,1.25594386853237,1.34927570145688,1.44568759783525,1.54513074451795,1.64834414665491,1.75665597820794,1.87160427674848,1.99452252470693,2.1262576076307,2.26713398103413,2.41716525012424,2.57639963320841,2.74521981673828,2.92443549031973,3.1150996400973,3.31810203009494,3.53368806145573,3.7610678541208,3.99821747903655,4.24186044458987,4.48752028020663,4.72950788525769,4.96077329708168,5.17268645416793,5.35494437161742,5.49586364714374,5.58325310467901,5.60588166881767,5.555320213026,5.42773660035308,5.22515010079104,4.9557425854714,4.63306227214653,4.27425771553167,3.89774426781732,3.5208421551439,3.15789435474204,2.81919796094605,2.51083092470032,2.23521994891816,1.9921430257586,1.77982647379978,1.59586698422615,1.43783717258641,1.303565445424,1.19117157444912,1.09897493081915,1.0253777919027,0.968787684349095,0.927602410039136,0.900254964083488,0.885304289447481,0.881552771860294,0.888167025915526,0.904767728660882,0.931448241268438,0.968685106295818,1.01712865986344
6.42299618839949,6.33839832799678,6.16191194429233,5.89828789003337,5.5598356658417,5.16505361006059,4.73599375962172,4.29504412020935,3.86193599398043,3.45164403547822,3.07352094843135,2.73162780041652,2.42592328634611,2.15383713871201,1.91178509699335,1.69632946139938,1.50486854301694,1.33588447841082,1.18885588885208,1.06396089262318,0.961680908812689,0.882397446810274,0.826060545563255,0.791993505950408,0.778871057626627,0.78486080542856,0.807866466836256,0.845774147327586,0.896608449128601,0.958551442235893,1.02985138864859,1.10871135361167,1.19326553459044,1.28171315409367,1.37259441393775,1.46510907914701,1.55933260569371,1.65621126660425,1.75730638234934,1.86436942374622,1.97891287973084,2.10194862076871,2.23399367681007,2.37531786400301,2.526292305762,2.68764469916264,2.86046627203989,3.04592895769571,3.24480426457064,3.45696543347568,3.68105232449064,3.91439018589822,4.15311808647441,4.39237622711596,4.6263805208102,4.848296970548,5.04998517512448,5.22182950006487,5.35294295353218,5.43195836071827,5.44842885209252,5.39461165821212,5.26720504530974,5.06853960091311,4.80682686802569,4.49531729689266,4.15052623900016,3.7899467458617,3.42979214329391,3.08326365298252,2.75964905419924,2.4642989256415,2.19929274193626,1.96446586423943,1.75845175863206,1.5794829743216,1.42583779537712,1.29596023543481,1.18837104811143,1.10151311641361,1.03364349036713,0.982826842047505,0.947028931914626,0.924274369415652,0.912824217255487,0.911335887129828,0.918979945074623,0.935492763064721,0.961145785779633,0.996614033376965,1.0427423849182
6.61815577576492,6.52808249425555,6.34402874122362,6.07122639961713,5.72265674907312,5.31749466058421,4.87827811223827,4.42756771099676,3.98495217019515,3.56506368777487,3.17689459275621,2.82430335603611,2.50730942950912,2.22367150552425,1.97031681959759,1.74436675070844,1.54369363031742,1.36707921117529,1.21409905020523,1.08485197098429,0.979623251938603,0.898548433325039,0.841337081524996,0.807111602973988,0.794396968041261,0.801254613534062,0.825504151977813,0.864940227575793,0.917458934645946,0.981055865088044,1.05373131576233,1.1333973043602,1.2178915250553,1.30515756634365,1.3935608079017,1.48222718925297,1.57125408022252,1.66167984147503,1.75519585416157,1.85369855120077,1.95885636949694,2.07186226192851,2.19345977388422,2.32419991818682,2.46477418790556,2.61622668969178,2.77990071576848,2.95709820870364,3.14856456070537,3.35399358203404,3.57173217354144,3.79876350626356,4.03090587452352,4.26305970082929,4.48932275057808,4.70288734355264,4.89579591014227,5.05877937913195,5.18146253087237,5.25314199293543,5.26414593963008,5.20754038359259,5.08075397618003,4.88663915113951,4.63360095554013,4.33467724393374,4.00575380534326,3.66334252656274,3.32245614602472,2.99504917814051,2.68929615978286,2.40971874160357,2.15794639549281,1.93376698677349,1.73612108293428,1.56379658940466,1.41573419803895,1.29100089248405,1.18857912778114,1.10713884542242,1.04491665565039,0.99975380888897,0.969274030787145,0.95113880872676,0.943308203783615,0.94425020107671,0.953067313655735,0.969527516626474,0.993997192490061,1.02727638423755,1.07034572849206
6.82997880756479,6.73695891965584,6.5478973336138,6.26847991583227,5.91219871878574,5.49862812527741,5.05046636449767,4.59016628846484,4.13702750921149,3.70538052706755,3.30408694995885,2.93717209173918,2.60514261245872,2.3064790742913,2.03890658438274,1.80024686862603,1.58884274060508,1.40365923805429,1.24418906994023,1.11025934202087,1.00179402074853,0.918567420339745,0.859988639444375,0.824966896711531,0.811898769180961,0.818780188814726,0.843396226340527,0.883503737905465,0.936927845492397,1.00154022028334,1.07515937800477,1.15546903454231,1.24005635212173,1.32662171170445,1.41332017454106,1.4991152429011,1.58399317122556,1.6689294017989,1.75559852561778,1.84593072968103,1.94168910126552,2.04423138960853,2.15453450823927,2.27343223053106,2.40191253413301,2.54128743839898,2.69310525975437,2.85879621508134,3.03916745080282,3.23393496713677,3.44145690163689,3.65873203500195,3.88159429788657,4.10494212302235,4.32283975681719,4.52842345385731,4.71369951905915,4.86945293969934,4.98552791453458,5.05165372293239,5.05879602093502,5.0007856890948,4.87580748461303,4.6872979594492,4.4439268404787,4.15858529839895,3.84658888695306,3.52352529725168,3.20326200041783,2.89655198984095,2.61047466332931,2.34869514106933,2.11230878660147,1.90092002914633,1.71361092309583,1.5495642574025,1.40826518652579,1.28935659343906,1.19231686766181,1.11614798784024,1.05921393161417,1.01928663822443,0.993773755044721,0.980048010599037,0.975783328357742,0.97922042832174,0.989319602122742,1.00578894719629,1.02899672993696,1.05978299920989,1.09919137235197
7.04407823730381,6.95060055162652,6.75921496882593,6.4759534502536,6.11458285110484,5.69475618046844,5.23900809892173,4.76944966559981,4.30501893178302,3.85986117055155,3.44298805214692,3.05897013530539,2.70919084967792,2.39317306768479,2.10963765934798,1.85716510595312,1.63450475108253,1.44065841360131,1.27485451642472,1.1364743593252,1.02494273248935,0.93958430727451,0.879468679902002,0.843293680424121,0.829358301324354,0.835641928130908,0.859954859543272,0.900083560984185,0.953856892473098,1.01910437225809,1.09354794075614,1.17472208986266,1.26002072881161,1.34691793665675,1.43331963134475,1.51792714524316,1.60046467857594,1.68166683225391,1.76301885018776,1.84634727524819,1.93342399460108,2.02573410727745,2.12447816817514,2.23076260390644,2.34584033754579,2.47123687838673,2.60865099114011,2.7596270168967,2.92510302095364,3.10499613413564,3.29796033945814,3.50136230394597,3.71140900447906,3.92329097532255,4.13121603504443,4.3283004192472,4.50641878736228,4.65621859608856,4.76752264186492,4.83024580494316,4.83576740096614,4.7784970120496,4.65723169811448,4.47589339813994,4.24336872114942,3.97241384928716,3.67785079836574,3.37447947876977,3.07519699429101,2.78973198761333,2.52420482856422,2.28148112852511,2.06207977284649,1.86528513401877,1.69012038187344,1.53594683501673,1.40261333968735,1.29023441426688,1.1987761017383,1.12765414076668,1.07550380035258,1.04019378678335,1.01906372025348,1.00929793543366,1.00832381493735,1.01413725692647,1.02549693127134,1.04196924421563,1.0638367125382,1.09189593536617,1.12717803045626
7.24334942028845,7.15135400168013,6.95988797054384,6.67516756796775,6.31097541009142,5.88674652578203,5.4245994585727,4.94616954920443,4.47005943208585,4.01041027292422,3.57667160884767,3.17427981014672,2.80577302621336,2.47189658992675,2.17242666765329,1.90665118645435,1.67359676633835,1.47213687291275,1.30107301177465,1.15920728666105,1.04537414611343,0.958401258560538,0.897009686802034,0.859706820988735,0.844736691183929,0.85011975465412,0.873759717808608,0.913549094419401,0.967404072093101,1.03320097820167,1.10865463184694,1.19123031743798,1.27818426668608,1.36677819832138,1.45462735541621,1.5400697496097,1.62241657755235,1.70198423196297,1.77989578859062,1.8577345076348,1.9371909002183,2.01983491729069,2.10707770402234,2.20028894951424,2.30096020810034,2.41078303591683,2.53155470111218,2.66491000734931,2.81195921294402,2.97295231811912,3.14706423813045,3.33232483763599,3.52563653019842,3.72278083119547,3.91834036343432,4.10554714218581,4.27617601442953,4.42067184478786,4.52868981754814,4.59012146144956,4.59650688502369,4.54255856024196,4.42741343960471,4.25524277137577,4.03498636623296,3.77920507766594,3.50228578110124,3.21840929627655,2.93974693040106,2.67526901601113,2.43036291062264,2.20722818082177,2.00581868065371,1.8249894420193,1.66350574703414,1.5206702316323,1.39647760716199,1.29136403530003,1.20572866730423,1.13944353389524,1.09153279504614,1.06011745777147,1.04262201557325,1.03615979496033,1.0379755823742,1.04582962521913,1.05824487781598,1.07458601984464,1.09497978016657,1.12010929535963,1.15092689306544
7.41101751930291,7.32158007074383,7.13143117387884,6.84679104802027,6.48123193508312,6.05376336785365,5.58596500319928,5.09900078842008,4.61127164924925,4.13713908868317,3.68674026191441,3.26658305193543,2.88047097717828,2.53036836839359,2.21700307996755,1.94020378780956,1.6990892899137,1.49223910782165,1.3179044174564,1.17423328398754,1.05943825046723,0.971851417380498,0.909869937534076,0.871851779669669,0.85603951760265,0.860558282805448,0.883476825494063,0.922871224837285,0.976826089314323,1.04334630053856,1.12021720044529,1.20490046374089,1.29455680147769,1.38624138575663,1.4772380552866,1.56543177656785,1.64959082009452,1.7294629943598,1.80566418452461,1.87941846754775,1.95226175543064,2.0258170295402,2.10170076096674,2.1815457750811,2.26706921291427,2.36009668264271,2.46248261748312,2.57592383404266,2.70171377955267,2.84050662796535,2.99213740576704,3.15549806364711,3.32842413162201,3.50753716245209,3.68802741141446,3.86343529944266,4.02556865073076,4.16472643867588,4.27036379261078,4.33221986403813,4.34177307592431,4.2937418485319,4.18726876632133,4.02645465798165,3.8200441297777,3.58027348651254,3.32110973761201,3.05626853858136,2.79745073142029,2.55316503856947,2.32833606319577,2.12468249977286,1.94165774628243,1.7776263762778,1.6309333971628,1.50060483652187,1.38656204985799,1.28939131229027,1.20983356286958,1.14821598873723,1.10402831493486,1.07576951280313,1.06108791298518,1.05714579453867,1.06108525627652,1.07046427501814,1.08356327929858,1.09951184177844,1.1182351525411,1.14025449763378,1.16639611888827
7.53363845143043,7.44690920553797,7.25847853842076,6.97440582978806,6.60790409397031,6.17748226128111,5.70421896511966,5.20895996326774,4.71013440162318,4.22256315936105,3.75724574207835,3.32181777503076,2.92126797390708,2.55858466845121,2.23518791764844,1.95118316042093,1.705563095263,1.49646856314587,1.32153223279313,1.17824119568996,1.06421763177348,0.977347879531103,0.915761039286071,0.877723496665085,0.861536848252405,0.86549533033779,0.887900597455553,0.927081026129655,0.981355840317729,1.04891895677687,1.12767803035991,1.21513044416748,1.30836279950024,1.40422066587297,1.49962363850431,1.5919402689732,1.67930835283606,1.7608088039974,1.83645847766819,1.90705246225837,1.97393271603221,2.03876467931931,2.10337765276913,2.16967814315124,2.23960944718561,2.31511604519664,2.39808207438105,2.49023756364611,2.59304315649228,2.70756680224504,2.83434737289925,2.97322052079616,3.12307429448528,3.28152427455167,3.44454978742151,3.60619508863504,3.75848831206041,3.89173125310776,3.99525464790317,4.05861831891249,4.07309537951403,4.03315981688699,3.93763898455359,3.79022883496297,3.59919526894428,3.37627330469687,3.13497249633071,2.88864556499231,2.64873440184651,2.42355396430638,2.21782889668971,2.03299988517246,1.86812629423501,1.72108035590673,1.58968936785192,1.47254167925786,1.3693026770914,1.28054660355821,1.20724714402152,1.15014755832928,1.1092328385169,1.08346155218619,1.07081306976857,1.06860369743904,1.07395438195201,1.08426842511529,1.09759849678366,1.11283019704762,1.12966639464978,1.14844288315739,1.16983704719428
7.6032972389045,7.51866787999055,7.3314769087082,7.04749788936115,6.67953386044353,6.24565947408193,5.7666433152365,5.26329166374684,4.75435496533852,4.25533403931258,3.7781674706878,3.3315196979067,2.92130741170322,2.55118635596259,2.22289227060935,1.93648507180943,1.6906116027928,1.48287031440528,1.31027059623379,1.16969824413318,1.05827294553376,0.973524952284018,0.913394567822454,0.876124754096508,0.860137759001396,0.863955819094752,0.886169688395164,0.92541031241789,0.980271956578269,1.04916598678028,1.13013917935295,1.2207318279159,1.31795588081137,1.41843962708168,1.51872330333112,1.61563675754898,1.70666022492736,1.79018072664634,1.86559530500579,1.93326048454814,1.99432749081561,2.05051755678589,2.1038902861335,2.15664053600471,2.21094408794212,2.26885941213634,2.33228379867197,2.40295308974575,2.4824582410282,2.57223714638696,2.67348743543983,2.78695296846348,2.91256450805273,3.04896559606859,3.19301573262335,3.33941235603567,3.48059470955052,3.60706495350885,3.70818795564014,3.77341929048482,3.79378932600515,3.76337453715228,3.68044423836474,3.54800606321202,3.37358242203558,3.16821465628024,2.94486962155662,2.71656759405578,2.49462063023055,2.28734178614819,2.09946608105402,1.93234281114564,1.78476822951129,1.65418027203491,1.53787246167212,1.4339183302599,1.34161260299201,1.26139393665333,1.19436407273097,1.14161730890209,1.103617997759,1.07981419953742,1.06857798672892,1.06745350916821,1.07360782573862,1.0843379800435,1.09749515858655,1.11172976583307,1.12652230323266,1.14202212033008,1.15875952261285
7.61850635262096,7.53490509953133,7.3479081035194,7.06292930600189,6.692402274306,6.25414673801417,5.76891837686157,5.25783199448338,4.74026331268056,4.23256027839789,3.74757124054871,3.2947569521146,2.8805743598654,2.50888950659102,2.18132286168,1.89756075118293,1.65571794769152,1.45280344716214,1.28526120127343,1.14949070179624,1.04223791119484,0.960791836465481,0.902995050319814,0.867137170762958,0.851817346443983,0.855832970663488,0.878101647959046,0.917581445758734,0.973149513904899,1.04342592822405,1.12657619750109,1.2201599231734,1.3210967914772,1.42579347754218,1.53042360902773,1.63130828747395,1.7253144919357,1.81018909467825,1.88476638662551,1.94901820256716,2.00394987866108,2.05137037238044,2.09358772460604,2.13309161841167,2.17228879543991,2.21334460358516,2.25815518135021,2.30843398773506,2.36585038231423,2.43212862587397,2.5090100540175,2.59801322531931,2.69998565146389,2.81451375783266,2.93932336805603,3.06983830530141,3.19906233538643,3.31790102346176,3.4159588505889,3.48274455838365,3.50911615926649,3.4887197966799,3.41914112816038,3.30251358479601,3.14541402068731,2.95801496185464,2.75262423880041,2.54188756798248,2.33701826405558,2.14641821870559,1.97496229770856,1.82405300367074,1.69236024699022,1.57699672078482,1.47478889279165,1.38331277665184,1.30146253387243,1.22947583973908,1.16850048502522,1.11990453180055,1.08457711091794,1.06243356086116,1.0522481639035,1.05182479474264,1.0584173836264,1.06925422448651,1.08201270008741,1.09512610017957,1.10786620807539,1.12021142692297,1.13256584494631
7.58369948268016,7.49988420389589,7.31185244785054,7.0246363682665,6.65040228606854,6.20694931834894,5.71534653926533,5.19735448501533,4.673223891297,4.1602285984759,3.67199436825046,3.21845192360079,2.80614676662514,2.43867562275421,2.11713177601008,1.84055044252138,1.60639450206228,1.41110281396498,1.25066644965561,1.12115119790526,1.01907880671486,0.941619407862341,0.886607584454201,0.852442596127015,0.837944974144463,0.842217558678532,0.864519754601926,0.904132460854384,0.960190055589567,1.03147757735004,1.11622710162458,1.21197120053179,1.31551200892931,1.4230426203774,1.53041772909448,1.63353584227072,1.72876670370419,1.81334836118499,1.88568121254575,1.94546156340607,1.99362567374493,2.03210988574163,2.06347732725548,2.09049727810982,2.1157835562885,2.14158486710168,2.16977274746125,2.20200394078146,2.23996317024942,2.28555270268168,2.34089795393182,2.40809280007754,2.4886920166622,2.58304654554253,2.68964202652912,2.80462099795094,2.92164658788653,3.03220336598765,3.12635075763073,3.19385746175884,3.22556535007097,3.21477029737441,3.15837308586871,3.05756323246975,2.91785768364592,2.74842828122022,2.56079895645145,2.36714216028549,2.17851352328447,2.00339314691731,1.84683672381226,1.71038920576542,1.592720183982,1.49076031740839,1.40100454252493,1.32063461063017,1.24819745710485,1.18372769790272,1.12836988143295,1.08368829817906,1.05091441463333,1.03036381556354,1.02117308663376,1.02139430838702,1.02837812415671,1.03930475400351,1.0517003874159,1.06380176884416,1.07469178417855,1.08420119147516,1.09263817061739
7.50762012695381,7.42236257023685,7.2322137348013,6.94184943360429,6.56329262880041,6.11453959072849,5.61723853921644,5.09403312505883,4.56617576584868,4.05182271613766,3.56514903257363,3.11617962249356,2.71110211248335,2.3528192885684,2.04157406668648,1.77557408799185,1.55160361178284,1.36562187001001,1.21332356815283,1.09061247660336,0.993936757324713,0.920460897718649,0.868087525365889,0.835372829117998,0.821385545978307,0.825543597386608,0.847438876783935,0.886643653030902,0.942495919755865,1.01387635859621,1.0990119525041,1.19535225986805,1.29956018310021,1.40764259723797,1.51521868716313,1.61790072876264,1.71173682443312,1.79364858588567,1.86178473816675,1.91571260782712,1.95639257921394,1.98592312318513,2.00710732271407,2.02294780316643,2.03620957361821,2.04917450916412,2.06364745203236,2.08118228581273,2.10340703282052,2.13228218944454,2.17013913575115,2.21941896330384,2.28213401177553,2.35917030916644,2.44960751343562,2.55023656841014,2.65541619677874,2.75734055598361,2.84671826778236,2.91379627707408,2.94960451352531,2.94724982191875,2.90304999191439,2.81728832038514,2.69439907898883,2.54247973834068,2.3721598936058,2.1950104372231,2.02180659892757,1.86101535561168,1.71783666520244,1.59399069524494,1.48824890663625,1.39751498950073,1.31813001297849,1.24704535485036,1.18257837700464,1.12461245890121,1.07427292336725,1.03325118166369,1.00302409155664,0.984209939919985,0.976230614934146,0.977340243760871,0.984970036639601,0.996257590071584,1.00859434686133,1.02004003623085,1.02950853918257,1.03670519633834,1.04187064351854
7.40118998195597,7.31330833791866,7.12029756963426,6.82654903770589,6.44405217247832,5.99113642764294,5.4901527111592,4.96468489634953,4.43692897418581,3.92572744851989,3.4454858906872,3.00593422632758,2.61251667543431,2.2671333486739,1.9689955258608,1.71544490986904,1.50267181328771,1.3263195834332,1.18197824506769,1.06556662584726,0.973596973234094,0.903320133160168,0.852759548463895,0.820652603876351,0.806320165008897,0.80948157862147,0.83002872029683,0.867772432817236,0.92218366857465,0.992158877946904,1.07584559966773,1.1705600551413,1.27281815067164,1.37848963848689,1.48307026511975,1.58205618724623,1.6713851393961,1.74788777501546,1.80966872286571,1.85632604169885,1.88893601361706,1.90977848137945,1.92185509416923,1.92832364607073,1.93201221626049,1.93515741762015,1.93943362038167,1.9462314888828,1.95704327457857,1.97376712822904,1.9987659522969,2.03460529437863,2.08350824692728,2.14666188353604,2.22355734569786,2.31153261213202,2.40563497848576,2.49885056404338,2.58268955809761,2.64807232386453,2.68642638187532,2.69086798097397,2.65729821149265,2.58521150683113,2.47801543073816,2.34272122403678,2.18898711938971,2.02765485835914,1.86906801131023,1.72154094656458,1.59032639765718,1.47730349959443,1.3814144375288,1.29967848822675,1.22846887725547,1.16469528522725,1.10659685824998,1.05399152250011,1.00799585107878,0.970373161283751,0.942748788046145,0.925934837346297,0.919543969341149,0.921968417303302,0.930690388503549,0.942803035485797,0.955577059693586,0.966913632361501,0.975574053275754,0.981152427480261,0.983838121246125
7.27551979604978,7.18379220223312,6.987546890353,6.69101558933598,6.30623081052396,5.85186780893809,5.35090656411263,4.82769253976512,4.30507892032614,3.80222269879732,3.33335075231041,2.90751525697534,2.52912380937213,2.19891478044984,1.91505690726332,1.67414451195641,1.47197871045761,1.30412473444573,1.1662910544309,1.05458866409912,0.965713205900153,0.897067523699233,0.846820266550977,0.813886199438293,0.79781518625308,0.798589430478832,0.816347809206831,0.851073851168799,0.902297377381059,0.968857377942188,1.04876251220249,1.13916509239487,1.23644696498758,1.33640829661779,1.43454768284208,1.52642442329463,1.60808099965299,1.6764809828213,1.72988527587692,1.76806962488486,1.79230030549904,1.80503651840415,1.8094140710495,1.80864476997563,1.80551008703928,1.80210377974215,1.79989021793929,1.80002580414834,1.80378484510388,1.81288982588209,1.82958000574576,1.85635281643062,1.89543146694534,1.94810381500556,2.01411151506196,2.0912394777512,2.17519435440238,2.25979453663654,2.33745218531269,2.39990804354511,2.43916557570419,2.44854359043627,2.42371532380996,2.36354882931758,2.27053814976977,2.15065330794022,2.01254961154188,1.86623881838354,1.72148701428788,1.5863022312487,1.46586929588567,1.36217233589236,1.27435372365285,1.19965614577003,1.13464586521925,1.07636679094561,1.02313104054694,0.974786868473717,0.932468433120295,0.897972571067987,0.87299002688949,0.858426844990127,0.85399657896082,0.858168037926722,0.868447323804823,0.881884907294406,0.895648518000127,0.907500561715319,0.916062051471248,0.920818601197372,0.921906424648016
7.14057579534613,7.04362074560809,6.84406012272803,6.54615758169356,6.16203485213905,5.71059372071107,5.21515619946721,4.70039642595993,4.18929473802119,3.70076648750444,3.24835860597874,2.84007264794712,2.47908393553022,2.16496365598994,1.89499856087037,1.66530964399409,1.47163133148898,1.30976120435314,1.1757815057936,1.06617519652768,0.977925543769469,0.908628964235857,0.856595610746995,0.820884172819678,0.801221348702287,0.797788470068936,0.810901473777015,0.840645910909097,0.886545587907338,0.947330359779209,1.02083944565902,1.10405977842137,1.19327427037129,1.2842910107259,1.37273310800263,1.45438370667143,1.52557567355712,1.58359335438023,1.62701650515028,1.65591034614096,1.67177613848561,1.67722937664879,1.67546281770839,1.66963497812355,1.66236874280006,1.65551611851808,1.65025022873933,1.64742118511585,1.6480067527324,1.65345386461052,1.66575068251085,1.68717689419923,1.71979915325034,1.76486156252306,1.82224068740446,1.89009196661854,1.96474750089061,2.04086556453175,2.11180766769186,2.17022137278644,2.20881067146375,2.22125482135298,2.20317774154125,2.15299847979325,2.07244576282624,1.96654020868197,1.84295186382303,1.7108047048919,1.57917151022634,1.45561262559531,1.34511697699028,1.24969344879582,1.16867256709523,1.09957796422124,1.0392789591057,0.985086508518454,0.935508045993883,0.890506479055827,0.85126500070789,0.819593196086387,0.7971885943715,0.784977203857858,0.782707325089331,0.788882864434376,0.801023100996809,0.816150677709262,0.831357617997752,0.844291918099808,0.853444348570993,0.858184356577445,0.858574803278281
7.00469831994819,6.90091737775212,6.6981274104435,6.40089739203782,6.02147517906714,5.57876232591418,5.09594750940438,4.59736994288831,4.10538321181205,3.63793400315801,3.20730089317803,2.82006686963175,2.47806257771119,2.17981908880557,1.92204947614777,1.70080937804168,1.51219131998088,1.35260108718875,1.21878281565505,1.1077801745604,1.01696189079872,0.944143604279708,0.887750985171182,0.846926823420544,0.821495299284506,0.811750118390878,0.818101276396232,0.84066716719082,0.878917951519792,0.931452448552708,0.995944908123334,1.06924628818228,1.14759339625956,1.22687799463199,1.30294597851971,1.37192218778005,1.43055893662947,1.47658682910947,1.50900742059573,1.52823793754189,1.53602617189314,1.53510548297052,1.52864981255691,1.51967091715435,1.51054106863216,1.50279158561072,1.49723922565444,1.49436799839775,1.49479263083963,1.49960275458783,1.51043794487025,1.52925478366115,1.55786244529623,1.59737577853734,1.64774145457301,1.70744018647612,1.77339951963263,1.84110059012905,1.90485397528205,1.95824045959843,1.99472948698514,2.00847094489202,1.99519013859963,1.95302973305166,1.88311842957021,1.78965353308155,1.6793821491341,1.56052973897639,1.44140108977413,1.32899487915349,1.22798349035295,1.14030437789619,1.06542579354528,1.00115445121865,0.944709589361018,0.893742200238633,0.847031088917822,0.804712234055216,0.768045765239002,0.738849207314285,0.718797495663358,0.708797790336899,0.70860168992487,0.716736866607208,0.730749034615857,0.747665745322296,0.764542988237396,0.778945850810268,0.789246277852943,0.794684597862952,0.795217740312968
6.87480988746637,6.76245247427623,6.55657977383304,6.26242781465048,5.89242720421084,5.4651925598137,5.00317523766741,4.52954858325966,4.06511913987962,3.62600987893587,3.22257748782665,2.85962234634656,2.53757949262675,2.25416313689895,2.00592629928661,1.78936110483888,1.60141409517534,1.43952155055133,1.30140360120247,1.18486504244038,1.08776002404132,1.00814387352126,0.94451996314617,0.896037967296056,0.862520298842651,0.844269080638736,0.841696803905495,0.854890011207059,0.88323590673813,0.925208778840041,0.978353241896781,1.03943747346736,1.10471285582466,1.17021658619446,1.23207827940164,1.28682478594765,1.33168629284497,1.36489098512369,1.38589772261404,1.39548656965823,1.39563356074609,1.38914557918247,1.37911762027412,1.36835225467293,1.35891736595397,1.35198218619532,1.34797350171833,1.34697368139009,1.34918786803825,1.35528780550724,1.3664949243189,1.38437490735141,1.41042416954447,1.4455904621089,1.48986655325816,1.54203825218639,1.59960193636949,1.65882512986011,1.71492883346975,1.76240396106149,1.79549911203858,1.80890080616387,1.79855581203252,1.76248953043467,1.70140026947005,1.61880860435191,1.52063392464659,1.41423219336144,1.30710499410706,1.20560653273742,1.11398728689503,1.0340110521402,0.965204498652591,0.90561121539709,0.852787359070744,0.804736341079893,0.760533998228105,0.720515935615492,0.686037524891938,0.658930702842723,0.640845079344299,0.632664598215302,0.634147666192286,0.643864685662941,0.659424397363063,0.677908610983413,0.696388508698225,0.712385993140655,0.724171264142985,0.730845148648834,0.73222408034708
6.7568880170603,6.63423656856441,6.42543308448029,6.13681845949471,5.78110467023521,5.37632780342001,4.94354969551543,4.50387300790738,4.0755621183185,3.67200821680701,3.30097486636965,2.9651343958233,2.66352031781203,2.39330912596896,2.15135931606602,1.93513988143432,1.7429703009808,1.57375069255926,1.42649633961712,1.29997752915652,1.19263846012444,1.10279884328532,1.02900331992518,0.970328253058327,0.926488534594814,0.897683931130228,0.884234990560077,0.886136075059415,0.902674342222411,0.932223327311089,0.972249960211804,1.01950170159045,1.07029979046262,1.12086480022628,1.16762812381425,1.20752024378781,1.23823975205592,1.25849549397057,1.26818000182234,1.26840521883031,1.26133803428402,1.24981940666513,1.23683113593541,1.22494456280478,1.21591606551582,1.21055660910952,1.20890799132114,1.21064582225965,1.21554330621066,1.22381568751533,1.2362204509401,1.25389215701416,1.27798955668863,1.30928480067329,1.34781572673917,1.39266478120107,1.441868229359,1.49242730800455,1.54040767361839,1.5811539143292,1.60967298690949,1.62122286204554,1.61206731310848,1.58025795937906,1.52622703495617,1.45297064239131,1.36569193887988,1.2709312213366,1.17538094777629,1.08469584116243,1.00261852508822,0.930641840070785,0.868258557122232,0.813672518829953,0.764720783578174,0.719723975633555,0.678037626985689,0.640192968868774,0.607645307600992,0.582250997983196,0.56564857002767,0.558718714702959,0.561255440053209,0.571912271080082,0.588413054187559,0.607953442362857,0.627678539483714,0.645114401994501,0.658455978946205,0.666665043234295,0.66939276146916
6.65621699551511,6.5218332332661,6.31024702081472,6.02938058430029,5.69237074117107,5.31642457402296,4.92059782061636,4.52305236934173,4.13855565115123,3.77690851359393,3.44266642210078,3.13608301978693,2.85482676254614,2.59583626055242,2.35673623042348,2.13648594760715,1.93525672575891,1.75380443286329,1.59272607823659,1.45194396374905,1.33059441775967,1.22729520347076,1.14061047081589,1.06947802342265,1.01341131168619,0.972404734682979,0.94659694195397,0.935832306639091,0.939282100311503,0.955242305024875,0.981149911847793,1.01378338984546,1.04957024630008,1.08492353021804,1.11655588498526,1.14175702279778,1.15863538842801,1.16631734629363,1.1650685448964,1.15627977914258,1.14226750549824,1.12588171653342,1.10998634894853,1.09693865792748,1.08821875917441,1.08432315309319,1.0849479098372,1.08938467141553,1.09697532489548,1.10746032159799,1.12110678131665,1.13859660419477,1.16074261365021,1.18814520262615,1.22089223671801,1.25835304309838,1.29906685195051,1.34070307903877,1.38009071667548,1.41335503837859,1.4362238217055,1.44454437019164,1.43497578249606,1.4057225016749,1.35710028044431,1.29172321151952,1.21418771413126,1.13027978665762,1.04589338688974,0.965951148879273,0.893624878063158,0.830056679740813,0.774620094728266,0.725596543763066,0.681029732476389,0.639495873826634,0.600584217812248,0.564992890948827,0.534265546646845,0.510286892908807,0.494701509288225,0.488415135388733,0.491295691289134,0.502127507369353,0.518805355875179,0.538699625405373,0.559089855009516,0.577559162561898,0.592265177582439,0.602048017907779,0.606388185817924
6.57709565830347,6.43004124894295,6.2158266809349,5.94440866868336,5.62951423984764,5.28733682231293,4.93441620960614,4.58524432476103,4.25029958722109,3.93510030487107,3.64052709057936,3.36423328671142,3.10261342280175,2.85266318756127,2.61317615471102,2.38501999227654,2.17058571424834,1.9727715351165,1.79395978331343,1.63535962378066,1.49688215763876,1.37748422987918,1.27575281395632,1.19045474140506,1.12083994654253,1.06661890546863,1.02767176880271,1.0036361700198,0.993541292651232,0.99560932381042,1.00726963158565,1.02535509015045,1.0464071285138,1.06701274827121,1.08411964896707,1.09530925598342,1.09902172011709,1.0947233501448,1.08298517369403,1.06542569872437,1.04448126581233,1.0230060592788,1.00376745671634,0.988953792579162,0.979830814231903,0.976647615968395,0.978813474407064,0.985276190312142,0.99496358362588,1.00713978244487,1.02157137815567,1.03847983471631,1.05833263787087,1.08156460524859,1.10831455156084,1.13822052805006,1.17027815723916,1.20275146473132,1.23314634187948,1.25829265821587,1.27459762952865,1.27850778657849,1.26714132248446,1.23896086557978,1.19428999247462,1.13547877949608,1.06660841044272,0.992765138588728,0.919061657587626,0.849674993143757,0.787170796816381,0.732290970715772,0.684231260699799,0.641286184056728,0.601638793965701,0.564055116722871,0.528299463517675,0.495190927881705,0.466332320769519,0.44362562384256,0.428727322673066,0.422588320813945,0.42518194026397,0.435463916079087,0.451547976941395,0.471032925392584,0.491389325363701,0.510312708787078,0.525972128148087,0.537122308448611,0.543091514437594
6.52199541142915,6.3619535621443,6.14527501684895,5.88430307962009,5.59349622763146,5.28791454987168,4.98122608150673,4.68375165320445,4.40116119603073,4.13427586370425,3.8800753594785,3.633599602137,3.39013543955203,3.14700936215141,2.90448349001918,2.66559481690676,2.43514353221014,2.21828821545273,2.01926463041468,1.84061397011003,1.68306301139815,1.54594864905111,1.42791400563193,1.32756871225763,1.24388580554273,1.1762529591405,1.12423786905347,1.0872166467733,1.06403242096677,1.05280477912102,1.05093792111167,1.05530345519453,1.06253282917492,1.06934843478768,1.0728792735464,1.070934456443,1.0622195965846,1.04648097252497,1.0245483271346,0.998239493257031,0.970103654009999,0.943014812432117,0.919681253006932,0.902177906053286,0.891622548628507,0.888084417459963,0.89074470581154,0.898250119309625,0.909139411591146,0.922211634365738,0.936737871875803,0.952484875043826,0.969583404627989,0.988309665175602,1.00884896953455,1.03108188625545,1.05440737493581,1.0776085656386,1.09878460143702,1.11539842350808,1.12449662087465,1.1231278288149,1.108914745028,1.08065433938825,1.03876644371845,0.985419345208012,0.924242312408076,0.859661954411902,0.796029498896458,0.736782189469219,0.683876835370757,0.63764585532866,0.597089666239249,0.560487013766955,0.526118508966212,0.492887218931278,0.460674404472829,0.430364405249598,0.403573225011849,0.382188826838691,0.367864613546162,0.361596857875168,0.36347722940859,0.372656201173244,0.387498717474973,0.405872513351906,0.425487267494186,0.444204794960357,0.460261467773986,0.472378550748867,0.479772326400504
6.49049605003815,6.31776587752074,6.098786629662,5.84846116418779,5.58203915047328,5.31337113732247,5.05307148942895,4.80707294254275,4.576068638379,4.35612882810194,4.14041789561875,3.92156416529991,3.69400494420288,3.4556387405691,3.20836019106721,2.95743388304302,2.71003062941232,2.47347179501356,2.25373923696443,2.05463103618537,1.87766831528417,1.72259824909984,1.58818140774699,1.47293479446304,1.375598457685,1.29524764338766,1.23111412379143,1.18226404315179,1.14729338728327,1.1241560061524,1.11017180112912,1.10219752566405,1.09690552547282,1.091107620094,1.08207134663312,1.06779563924761,1.04722130745781,1.02035459464502,0.988276112036082,0.953008206458373,0.917231061787957,0.883868662225143,0.855610362883953,0.834464606640984,0.821450478939325,0.816504185591384,0.818619255956085,0.826173566145648,0.837342015511933,0.850480035580625,0.864384447884829,0.878389615531044,0.892310210726181,0.906275950354529,0.920513624676114,0.935117481121112,0.949836203454221,0.96390032160917,0.975925712300584,0.983943056820539,0.985597630131467,0.978530571428325,0.960888203274159,0.931840134843091,0.891947486773566,0.843238165190597,0.788922533288438,0.732793584893429,0.678465413610995,0.628663326994832,0.584768198570995,0.546737258061741,0.513403472681464,0.483042462921987,0.454023602896279,0.42535569214886,0.396987634523327,0.36981018698557,0.345393828292588,0.325561939320009,0.31192723977788,0.305508175013314,0.306505130681275,0.314265730070274,0.327419660139402,0.344128314143537,0.362376936253308,0.380241496673304,0.396082441240451,0.408647514567733,0.417095390917642
6.47852927584246,6.29391916441727,6.0727876141227,5.83253086232009,5.58911688182682,5.35512419700169,5.13810202380019,4.93968189561008,4.75579702788708,4.57811064022179,4.39639838288717,4.20130949345358,3.98678255425073,3.75148541182435,3.49895489688438,3.23651809074872,2.97343058735805,2.71884703212601,2.48019897681874,2.26233406862428,2.06747319676467,1.89578300675357,1.74622182392044,1.61732281192445,1.50769098203138,1.41614936073633,1.341605137783,1.28277993010809,1.2379544536115,1.20483133900759,1.18055889861164,1.16190200464987,1.14551466088005,1.1282598412914,1.10752605599578,1.08150268094003,1.04938080991261,1.0114521720967,0.969080379274768,0.924527650923954,0.880640817222874,0.840427231464516,0.806586378671708,0.781083639331443,0.764857113446646,0.757723487702146,0.758501096123256,0.765314585097808,0.775997677460643,0.788494045619024,0.801166124849041,0.812958741707279,0.823408075355869,0.832520279978867,0.840564092736818,0.847821990929015,0.854343413209103,0.859741738690407,0.863080716635379,0.862896830501111,0.857386943362855,0.8447551242396,0.823656912656354,0.79363008259281,0.755377554676071,0.710790412658832,0.662668849235442,0.614191240446297,0.568269052393635,0.526967836404796,0.49115922521532,0.460497788448564,0.433715196085178,0.409131426304559,0.385224637093123,0.36109903320213,0.336733957125363,0.31297082587537,0.291270738900338,0.273330265152061,0.260667804351875,0.254282503404024,0.254455001369223,0.260714159835958,0.271950703298622,0.286628691524718,0.303031744693057,0.31948711935591,0.334529225618697,0.346990125169822,0.356028436113599
6.47843246051569,6.28311658921599,6.05997116515333,5.82855496252795,5.60532192735661,5.40150721300053,5.22173667591526,5.06371727733871,4.91920922319419,4.77619099529753,4.62179327618239,4.44532353609928,4.24064199939761,4.00732410022092,3.75040065095083,3.47888139137498,3.20359176199074,2.93498084520615,2.68146528046974,2.4486165958573,2.23919135503772,2.05375732950996,1.89155574927002,1.75127149724768,1.63151081443933,1.53094492277997,1.44820189550848,1.38164725199927,1.32918905258335,1.28819468445719,1.25555170887923,1.22785774643176,1.20169980814346,1.17397551124666,1.1422083194481,1.10481578759362,1.06129164354004,1.01227095615002,0.959456131340098,0.905397393504549,0.853144763336559,0.805811339583955,0.766113871262345,0.735967701693766,0.716212986693913,0.706527188404792,0.705540258891195,0.711125925818305,0.720800366257629,0.732140750636282,0.743135988195968,0.752406711071592,0.759267171638274,0.763636071653791,0.765832786179381,0.766308557386524,0.765370889614897,0.762958443119836,0.758519184715554,0.751032373179843,0.739187530211602,0.72169749781178,0.697677225873332,0.666987735698141,0.630436669282231,0.589754561052503,0.547327836755205,0.505742540992393,0.467257950382304,0.433355549109136,0.404490340197926,0.380111353234424,0.358936681290368,0.339396637539338,0.320114268233492,0.3002929860763,0.279917328665972,0.259732619071388,0.241031866795157,0.225323362833759,0.213974038839182,0.207915133695146,0.207469200078249,0.212318616550016,0.221598255895388,0.234069638198761,0.248322655176666,0.262957927147289,0.276719513911108,0.288569760732894,0.297717122768935
6.48005589547918,6.27546352885155,6.05047002532852,5.82621967852718,5.61927085664752,5.43943277615801,5.28868335257821,5.16143153670023,5.04616247259971,4.9281981395906,4.79300924926188,4.62933638910386,4.43140422277591,4.19975574435243,3.94062053937351,3.66413353298408,3.38200039897775,3.10527657938278,2.84278517827387,2.60041675757661,2.38124930118586,2.18620526123195,2.01488249400728,1.86625507981786,1.73907984648711,1.63199866273912,1.54343409638127,1.47141514591496,1.41345148024963,1.36652220241287,1.32719546794822,1.29185712008828,1.25701005073178,1.21960125263759,1.17733172389276,1.12890780606665,1.07419262737512,1.01422696568587,0.951102575553738,0.887692220619927,0.82726564448119,0.773039571160907,0.727727966526417,0.693161299132679,0.670038896978627,0.65785856982645,0.655036482432676,0.659196266094835,0.667569502965748,0.677429755778214,0.686474769984111,0.693086777979336,0.696430448069381,0.696383084725888,0.693328821487824,0.687871707210607,0.680538258596354,0.67153863044261,0.660642903464386,0.647205670954135,0.6303366989615,0.609180382833662,0.583231683574268,0.552599820672248,0.518136343500125,0.481375519850933,0.444287954819221,0.408902398735366,0.376894958745975,0.349256902541584,0.326132165510606,0.306867301584311,0.290254890709539,0.274899852044992,0.259606443755146,0.243686017670371,0.227113394433687,0.210505427882875,0.19494410923931,0.181702287240371,0.171948835086768,0.166504057906599,0.165694440988404,0.169323666159082,0.1767451243393,0.187000176266407,0.198977331787548,0.211554665283972,0.223702310097991,0.234540217218394,0.243361204941686
6.47277239056725,6.26055240119206,6.03396851413612,5.8149894425664,5.61979713233811,5.45670448266952,5.32543666994215,5.21792645798821,5.12050279951625,5.01705353701938,4.89250127683705,4.73583538647063,4.54204741927702,4.3126100085318,4.05453311380126,3.77840096045612,3.49601601821599,3.21828916052951,2.95383433534664,2.70843385932594,2.48525374686141,2.28550223547649,2.10918155508392,1.95566799880986,1.82400271032792,1.71292023677674,1.62072922476521,1.54517740741688,1.483399827375,1.43199186878926,1.3872031140759,1.34521862067522,1.30248651640871,1.25605127282363,1.20385145411685,1.14494319052214,1.0796100284395,1.00933194799092,0.936603247461765,0.864613258505404,0.796829259336482,0.736536230288582,0.686399670736936,0.648113162687204,0.622183701648245,0.607888708743604,0.603412646280421,0.606144065894114,0.61308176494695,0.621279086630089,0.628243600669996,0.632218695058204,0.632299211508806,0.628368729940958,0.62088831215908,0.610596115182848,0.598196990668005,0.58411832498183,0.568389015059429,0.550666913148695,0.530399614505607,0.507070794982697,0.480458938336558,0.450832145650794,0.419018415111246,0.386323642939418,0.354313521795749,0.324512449737172,0.298098820248287,0.275676445567169,0.257181702692839,0.241949151911001,0.22891491340463,0.216903594233484,0.204923853913502,0.192400883353589,0.179293508168056,0.166075944102406,0.153600021581016,0.142880652374163,0.134863496572151,0.13023035030012,0.12928190934123,0.131912043611071,0.137661718330577,0.145823777496806,0.155562523192818,0.166019000885326,0.176385201900291,0.185945239950738,0.194092615999708
6.44786590982793,6.2299242673673,6.00216810492634,5.78654019315299,5.5983464245089,5.44438961568734,5.32265093133819,5.22354381026853,5.13247585389645,5.0331871424411,4.91116061596093,4.75638469632237,4.56491592613395,4.33900713347641,4.08594140918954,3.81602914314589,3.54038397575755,3.26905316848713,3.00987189780996,2.76812582624825,2.5468518310641,2.34746309364943,2.17037883394998,2.01544493385676,1.88208008889411,1.76921198566654,1.67513264214622,1.59739822336072,1.53285116164278,1.47778035345666,1.42819331271884,1.38015285396533,1.33013201386569,1.27534790178084,1.21403802492279,1.14564609727486,1.07088373415018,0.991646935872411,0.91078394310303,0.831735951435848,0.758096797509708,0.693150118860276,0.63944950989634,0.598497758072555,0.570569428683888,0.55470180074382,0.548856077676774,0.550228314798194,0.555661327391172,0.562090960237176,0.566947240549153,0.568437613192204,0.565662888099704,0.558551725138231,0.547643669552948,0.533782871639589,0.517805412332474,0.500298354702541,0.481484699206456,0.461252170460347,0.439301455762163,0.415360311141947,0.389392728697752,0.361739018811556,0.33314506832499,0.304671448332411,0.277508494628118,0.252746305399617,0.23116081972902,0.213069190032361,0.198288604841489,0.186206197199782,0.175939637682794,0.166549381143786,0.157251602155707,0.147584352503493,0.137491494857937,0.127309665906857,0.117668000370446,0.109329602981753,0.103017584348218,0.0992672911851439,0.098335727753471,0.10017972901558,0.104493740128819,0.110784862657912,0.118457156522203,0.12688390799818,0.135456797540976,0.143612590341315,0.150845625935983
6.40058260356157,6.17914996072885,5.95084392779833,5.73675044154805,5.55087298815572,5.39859829841095,5.27678143979321,5.17534753896712,5.08002874692002,4.9756413540299,4.84921213790457,4.69232043479188,4.50223238324345,4.28171937554919,4.03778364507238,3.77976318220071,3.51738041782821,3.25921576313362,3.01187313420066,2.77984406691643,2.56586687056586,2.37147993465918,2.19749576599703,2.04424120232644,1.91155061265296,1.79860895833236,1.70378257478293,1.62455210492297,1.55760315496012,1.49906549011324,1.44485377485874,1.39104906766553,1.33426969109077,1.27199393307736,1.20280444727008,1.1265298039713,1.04425811074587,0.958209031505007,0.871466480499928,0.787597452220106,0.710205294688836,0.642476236961221,0.586782862620961,0.544396496886564,0.515346858148436,0.498447315990669,0.49148187463664,0.491529842616858,0.495379024559361,0.49996322547058,0.50274870993955,0.502001291899576,0.496888489398118,0.487405199155488,0.474154385950809,0.458045152993795,0.4399897975469,0.420674637152888,0.400453388728553,0.379374723916834,0.35731462768602,0.334159196472746,0.309972428018525,0.28509614151967,0.260154485635142,0.235965687997604,0.213391806569425,0.193169634928931,0.17576857014887,0.161308331968304,0.149552261533236,0.139973725887187,0.131876830199716,0.124545005876107,0.117385492069675,0.110041269051548,0.102448245659344,0.0948271583431905,0.0876151268988638,0.0813547412333164,0.0765701646516173,0.0736601120256192,0.072831102479895,0.0740800542931757,0.0772192152116947,0.0819265448700937,0.0878004914991539,0.0944046424219059,0.101296195692095,0.108041210600104,0.114224282806829
6.33119989833682,6.10886795849792,5.88084045008065,5.66663576997668,5.47868186862376,5.32118942545924,5.19060113386017,5.07739727066709,4.96879672567205,4.85174823694113,4.71558848300018,4.55385966578868,4.36500713549971,4.15196438083656,3.92089896811114,3.67956551558924,3.43574182479262,3.19611239928634,2.9657603614925,2.74820911342434,2.54579803276991,2.36012525204302,2.19234402878736,2.04322061873434,1.91298702214135,1.80110779277993,1.70609801014556,1.62549048331463,1.55598490798081,1.49374781503093,1.43479970645069,1.37541897869291,1.31250873310207,1.24389249696972,1.16851678290345,1.0865462398838,0.999336232849803,0.909276458731872,0.819511152626838,0.733560867855388,0.654891147514464,0.586483172651822,0.530466746916328,0.487864802811633,0.458484932138069,0.440972626515926,0.433017962067499,0.431687569117902,0.433830566772511,0.436495459608149,0.437287553093992,0.434606067784892,0.427723271020184,0.41669985844764,0.402169934593845,0.385055359804982,0.366284838709457,0.346584555126722,0.326381664546644,0.305827458361985,0.284910150839644,0.263606908438344,0.242017640266953,0.220437767999683,0.19935187336725,0.179356672905375,0.161043967290709,0.144880011099266,0.131115256180447,0.11974362439713,0.110515585962693,0.102997015849819,0.0966571618466063,0.0909684440164018,0.0854993730886163,0.0799854945756462,0.0743657613107519,0.0687772806205548,0.0635104336150422,0.0589344080665136,0.0554126340668604,0.0532286707593128,0.0525395464659458,0.0533631707831069,0.0555942082619036,0.0590357666675649,0.0634314357359242,0.0684886482672658,0.0738914213095959,0.0793074412819222,0.0843967540164818
6.24478800282221,6.02446351624242,5.79771203779306,5.58196733853763,5.38800848747922,5.21926338108774,5.07253799835713,4.93985800831323,4.81092727421495,4.67564063148221,4.52614080116607,4.35806436950778,4.17084233062558,3.96715540894699,3.75183163695614,3.53056739954355,3.30883063428354,3.0911814206144,2.88107069956649,2.68101219527895,2.49292336495891,2.3184221095744,2.15893563258697,2.01559046789128,1.88895368075085,1.77875340733363,1.68370365954194,1.60150905322422,1.52905940466447,1.4627656734052,1.39896352024014,1.33431047784848,1.26612459506226,1.19263670388817,1.11314372303492,1.02805979574013,0.938860015651828,0.847916327221921,0.758231426128447,0.673090660262818,0.595669264623417,0.528642330750085,0.473852824025099,0.432084993987756,0.402978673966637,0.385098806685173,0.376149930219909,0.373304133966493,0.373588660253117,0.374270926914183,0.373176043978348,0.368885418618796,0.360789120029787,0.348993676919392,0.334120073015715,0.31704635141332,0.298659844545002,0.279674229070078,0.260543913225443,0.241479406934817,0.222536827391705,0.203739188705875,0.185182000622702,0.167089193423033,0.149806461488769,0.133740992005425,0.119274298638772,0.106677571364675,0.0960551581696926,0.0873276565455979,0.0802535479239903,0.0744794755030648,0.0696045576493488,0.0652469787284017,0.0611019057480094,0.0569837427343383,0.0528465389390211,0.0487785939460785,0.0449722707725904,0.0416744505389144,0.0391303196233031,0.0375340724766215,0.0369983044514684,0.0375463741932909,0.0391228903404151,0.0416127722915366,0.0448576285774563,0.048664482030641,0.0528078564339564,0.0570316288438343,0.0610576844630975
6.14978306981698,5.9345402127163,5.71017829514008,5.49175756312923,5.28853559828313,5.10367009399114,4.93510728795573,4.77728325707024,4.62315577404765,4.46609376148315,4.30126027534567,4.12629660032112,3.94130480243871,3.74829138672862,3.55033630806251,3.35077144190103,3.15259117882555,2.9582000012308,2.7694711943503,2.58798778216805,2.41529574286233,2.25302590359268,2.10281617026949,1.96605909034006,1.84356920708626,1.73529320415071,1.64016432032159,1.55614880735933,1.48047239259554,1.40996630043573,1.34145635251854,1.27212438697067,1.19979640016911,1.12313812580497,1.04175558010309,0.956207945963355,0.867936345462766,0.779112247017352,0.692408920536659,0.610707425863873,0.536762613076975,0.472865584438385,0.42055112827355,0.380395906214298,0.351944924086392,0.333783226584508,0.323743360230092,0.319215678882108,0.317506068340013,0.316179956552095,0.31333356116425,0.307751073890369,0.298931565179829,0.286994909312701,0.272501868622645,0.256235096728576,0.238992832963189,0.221436628443698,0.204016311246823,0.186974273720542,0.170408486012589,0.15436287117705,0.138908886049713,0.124191914425317,0.110431404333318,0.0978802665216936,0.0867636483041165,0.0772195497170819,0.069261582242814,0.0627725085678717,0.0575268271156616,0.0532332294305026,0.0495839604947157,0.0463016755846721,0.0431760938700748,0.0400874335717567,0.0370144719263411,0.034026225053712,0.0312589372842305,0.0288817863805555,0.0270597037634527,0.0259217827371495,0.0255428346562831,0.0259403085247375,0.0270822118333703,0.0288988019645129,0.031289822843198,0.0341249209374292,0.0372398357047385,0.0404353393722177,0.043485702548541
6.05588847637672,5.84873845462482,5.62795364433469,5.40615451351892,5.19136140034464,4.98702118937751,4.79291448415944,4.60655136619858,4.42463214380659,4.24422657468397,4.06347120397182,3.88174987215261,3.6994623419553,3.51757199748025,3.33714080365795,3.15901634987471,2.98375097688656,2.81173594745345,2.64345695479566,2.47974002704194,2.32187044422663,2.17152085170524,2.03049596881697,1.9003672519603,1.7821043540231,1.67580887815753,1.580619420724,1.4948039632066,1.41600703865572,1.34158455796578,1.26895382784919,1.19589734598633,1.12078529879603,1.04270753602523,0.96152218046684,0.877837281098443,0.792936116965576,0.708652485576639,0.627195524361219,0.550925402424175,0.482091550997898,0.422556867964924,0.373547940325576,0.33547485744836,0.307860863188902,0.289403292682339,0.278159722738439,0.271827489731899,0.268061447228134,0.264770915678893,0.260342846760012,0.253759617126605,0.244605565537209,0.232978115293443,0.219337595830978,0.204333322390741,0.188643082412441,0.172852800077325,0.157390641976977,0.142517483495513,0.128361366693376,0.114977205000457,0.102407358795729,0.090723172557515,0.0800359325771866,0.0704768209422766,0.0621578840446447,0.0551299161689859,0.0493544813586284,0.0446991607409035,0.0409566313166845,0.0378806494417343,0.0352270917275297,0.0327907197153071,0.0304301696445893,0.0280794324626639,0.0257462058304229,0.0234990226760231,0.0214465829991946,0.0197122455583455,0.0184093052290886,0.0176216114059342,0.0173936926808723,0.0177310450772829,0.0186068987643978,0.0199702920163599,0.0217494483564309,0.0238493678553633,0.0261463092186409,0.0284855660390066,0.0306887628323653
5.97201390516166,5.77563871654754,5.5596766279325,5.33442770156667,5.10704090506606,4.88176277707513,4.66072530093902,4.44490277107384,4.23491090047674,4.0314514265366,3.83536751542238,3.64741402740528,3.46792395586371,3.29655726357097,3.13225969978313,2.97346725253853,2.8184989586659,2.66601560910354,2.51540352683193,2.36696878398923,2.22188843207064,2.08193766224715,1.94907174725995,1.82497574858088,1.7106912950684,1.60639999834876,1.5113947882198,1.42422205589648,1.34294339453116,1.26544729239643,1.18974715150367,1.11421761000699,1.03774680220602,0.959805427524013,0.880447795193889,0.800268039154235,0.720327393954667,0.642060781979746,0.567158800654563,0.49741710592884,0.434551429617577,0.379988054352243,0.334659822418067,0.298847319676717,0.272107152614549,0.253313586073904,0.24081260838642,0.232660287246441,0.226893155820629,0.221775277782728,0.215975270406364,0.208650261823027,0.199439273049272,0.188386375264045,0.175825183701204,0.162252351635967,0.148212733015127,0.134209201030706,0.120643569291942,0.107791496745164,0.095808054817525,0.0847580750027171,0.0746582376654683,0.0655164332806817,0.0573550701968681,0.0502108910085338,0.0441148519221233,0.0390619981890978,0.0349868977523616,0.0317559242584401,0.0291807781218917,0.0270491533161124,0.0251613913021588,0.0233626154542639,0.0215615126017308,0.0197340077149809,0.0179140327836443,0.0161761083674223,0.0146152329716434,0.0133271110575056,0.0123921240272705,0.0118642674124817,0.011766493644456,0.0120922972017089,0.0128111711436531,0.0138750539164286,0.0152215682198103,0.0167731412349043,0.0184332981493934,0.0200846804150958,0.0215939473398066
5.90487945694507,5.72138532717414,5.51155208153011,5.28361093402862,5.04420230089347,4.79873867946315,4.55195965131848,4.30836610812482,4.07233031711903,3.84784312451714,3.63801679044856,3.44455828201122,3.26743694977145,3.10490021714063,2.95387060713639,2.81063365178912,2.67163842800302,2.53420506116469,2.39697145789092,2.25999354412529,2.12451272515878,1.99248770215324,1.86603241621896,1.74690391124127,1.63614532731404,1.5339341973161,1.43962890881974,1.35196417897521,1.26932778948086,1.19004880507831,1.11264460363307,1.03599338173564,0.959422454212341,0.88272186041761,0.806104000280353,0.730136818859976,0.655670400132528,0.583767712659329,0.515634532780444,0.452534418505224,0.39567616510165,0.346070768778547,0.304376676738145,0.270766255190325,0.24485423143298,0.225717730149403,0.212012699791291,0.202164653689968,0.194587279966944,0.187879409623264,0.180960243129242,0.173126850013769,0.164042145011325,0.153675585612971,0.142224098930996,0.130031092249097,0.11751317039069,0.10509578342957,0.0931581646649235,0.0819922215360005,0.0717808653389754,0.0626017415050418,0.0544533760329113,0.0472936704965434,0.041075149967773,0.0357626418416485,0.0313290680329142,0.027734114271485,0.02490042048945,0.0227012901793117,0.02096827529677,0.0195172765056709,0.0181824042941923,0.0168455799813682,0.0154514057432025,0.0140052904388642,0.0125586352452635,0.0111883575344568,0.00997800688697481,0.00900328517145806,0.00832302666815979,0.00797373236870622,0.00796696880658183,0.00828953243937386,0.00890621009239628,0.00976506892157233,0.0108027648822636,0.0119483243625233,0.0131240577471598,0.014245103018775,0.0152210695963771
5.8585942176045,5.68932965113817,5.486985381554,5.25805398211361,5.00895607554719,4.74642228844672,4.47774330802095,4.21065834202278,3.95281437383579,3.71090894867454,3.48976387935282,3.29162135065967,3.11589654823925,2.95948775054608,2.81758093589094,2.68474738569147,2.55606027193709,2.42796723825817,2.29874246657468,2.16846768649329,2.03861819307519,1.91141792025621,1.78915617915128,1.67363219207744,1.56582543044787,1.46581389004829,1.37289829446463,1.28585451460006,1.20323201294464,1.12362893565377,1.04590147795471,0.969287463464434,0.893445131803607,0.818422756877056,0.744582633960116,0.672509113476108,0.602923946217969,0.536623929236062,0.474438780639124,0.417193993367915,0.365659561767856,0.320470682258899,0.282026735019085,0.250391196943362,0.225227813783432,0.205802981491608,0.191064287469459,0.17978105777537,0.170709331470099,0.162740130985474,0.154998209394922,0.146880792049524,0.138047308236201,0.128381402500801,0.11794728468553,0.106949110562781,0.0956922815146243,0.084538962326183,0.0738541853123897,0.0639495296791327,0.0550376149604067,0.0472132436903178,0.0404663441840067,0.0347199916168195,0.0298757506492817,0.0258461385750231,0.0225633242168187,0.0199646266431595,0.0179688399010689,0.0164597476316466,0.0152885042788242,0.0142957185502109,0.013342734336751,0.0123388377615312,0.0112527432630812,0.0101064399585784,0.00895679873634769,0.00787434529993641,0.00692750684297103,0.00617422698576887,0.00565927209105871,0.00541229761033918,0.00544443883612827,0.00574425985264497,0.00627593447788397,0.00698292865467717,0.00779636643003593,0.00864538890270657,0.00946468602874836,0.010196777607499,0.0107902840397023
5.83510397698584,5.68056584715031,5.48707761420484,5.25976091605091,5.00499108417447,4.73072796574903,4.44643884392677,4.16248058674885,3.88900708922243,3.63464654416343,3.40529203067526,3.20333715449342,3.02757254703888,2.87377986978519,2.73587259328091,2.60729567150126,2.48234603124413,2.35712143336544,2.2299282374939,2.10113359109001,1.97258924691751,1.8468412842295,1.72635421304186,1.61292953409896,1.5074088972243,1.4096608640976,1.31878116886664,1.23340551124456,1.15204039921938,1.07334217575475,0.99630938420496,0.920378307462404,0.845430085430523,0.771728231238751,0.69981047491043,0.630365289576288,0.564119963180184,0.501761924664979,0.443898806891065,0.391046568741418,0.343624979640588,0.301938026496555,0.26613207882359,0.236140319870452,0.211638374265864,0.192037475951969,0.176528863023961,0.164174493058227,0.15401826543491,0.145187688893818,0.136961378700796,0.128796083001906,0.120324216305348,0.111339445602612,0.101785684239835,0.0917499472439445,0.0814499136279957,0.0712027401892549,0.0613696999937436,0.0522862990344681,0.0441973440954571,0.0372201931654771,0.03134723439472,0.0264831875496373,0.0224977743383436,0.0192691789963004,0.0167025482594875,0.0147209560333621,0.0132423058711146,0.012160123744565,0.0113421781542777,0.0106492288130462,0.00996357042583315,0.00921338426465129,0.00838081869268503,0.00749248455729552,0.00659933836282511,0.0057569327019262,0.00501460410061194,0.00441390499586175,0.00399162365414613,0.00377966705330759,0.00379859509856857,0.00404722580748301,0.00449472006259261,0.00508197905013477,0.00573318768725045,0.00637345481673125,0.00694395527153766,0.00740791675228265,0.00774619670390234
5.83506744544587,5.69489674357886,5.51153417511264,5.28911221201803,5.03401803766337,4.75513221461626,4.46345070384043,4.17105536253755,3.88961771512263,3.62878277339815,3.39483476421345,3.18998085414878,3.01242676857705,2.85721251890132,2.71758606308769,2.5865718000172,2.45836732974874,2.32927545658187,2.19802324244864,2.06548726129497,1.9339882002479,1.80639903651279,1.68531378822004,1.57246166761043,1.46844893368783,1.37281084878486,1.28428409251189,1.20118198802378,1.12176828555764,1.04455778331625,0.968512778800452,0.893130865077602,0.818436308692523,0.744894449264162,0.673271797216443,0.60447222061506,0.539380389839133,0.478743389255092,0.42310776031214,0.372810990050431,0.328009689710936,0.288715795585834,0.254819419828062,0.226089250603473,0.202160347971114,0.182528131257147,0.166564250023118,0.153559532478054,0.142782424170104,0.133536395544458,0.125200885830135,0.117252620641833,0.109275822391854,0.100972641200576,0.0921813901253967,0.0828957569738247,0.0732704067118992,0.0635967930486876,0.0542439959395377,0.0455771097831515,0.0378772790096095,0.0312915122664253,0.025827031080031,0.021387155791602,0.0178281955602035,0.0150100072311255,0.0128213522147306,0.0111753422924797,0.00998784225189073,0.00915747219978302,0.00856228229666606,0.00807614696456468,0.00759467965778621,0.00705651315736416,0.00644810615445077,0.00579173449064629,0.00512505360349191,0.00448421602799709,0.00389876344351245,0.00339668414661615,0.00301213682001433,0.00278578270918708,0.00275403934817572,0.00293152951650863,0.00329659989819339,0.00379005678334304,0.00432940532916996,0.00483325169994675,0.00524381921781679,0.00553705594477386,0.00571673066678823
5.85860096542253,5.7316552593128,5.55943956709163,5.34548504113917,5.0961590835854,4.82079682236464,4.53108687705504,4.23976514123743,3.95889559455295,3.69815152962714,3.46351810491039,3.25672310314571,3.07550896101567,2.91464690054254,2.76742022109385,2.62721245348552,2.48884237190349,2.34938157004487,2.20834167824805,2.06728079962404,1.92901177107304,1.79666439335463,1.67284776387038,1.55909121637399,1.45563701820438,1.3615566872995,1.2750906549253,1.19408439247813,1.11641045708621,1.04030225832696,0.96456915453767,0.888690225559758,0.812799739984568,0.737582604595376,0.664100524689699,0.593579386759691,0.527194139679045,0.465893017162226,0.410292917088424,0.360658055092422,0.31695025721931,0.278917781484358,0.246186786605796,0.21832640596649,0.194878813538264,0.17536253397972,0.159265223009048,0.146041660617854,0.135121294883652,0.125924137996019,0.117879456381342,0.110446387761375,0.103140639783978,0.0955704624916873,0.0874809397399768,0.0787933507643685,0.0696217765093247,0.0602505429939179,0.0510692047904841,0.0424805775210177,0.0348091436080957,0.0282407763227116,0.022810473511084,0.0184358544934942,0.0149754347387646,0.0122830081769005,0.0102376055804426,0.00874294604523562,0.00770849764643111,0.00703065335241776,0.00658928288186023,0.00626290666646723,0.00595244670656023,0.0055996718698722,0.00518916404757086,0.00473453589959064,0.0042583911638055,0.00377852054327568,0.00330790780146978,0.00286515340078776,0.0024855349671907,0.00222096865379764,0.00212506372169746,0.00222920793035215,0.0025223532199049,0.00294722117483194,0.00341630133679291,0.00384132462314866,0.00416159802269556,0.00435782729305079,0.0044460605383749
5.90546993836298,5.78995371102494,5.62949601327814,5.42742048496154,5.19000078185249,4.92648756833746,4.64834567991238,4.36782713899518,4.09622331814376,3.84223853103612,3.610886978472,3.40316052186932,3.21650423724971,3.04593670175785,2.88551272660661,2.72977657403424,2.57489258128409,2.41924696542745,2.26345817479479,2.10987413180902,1.96174307778574,1.82229590572173,1.69396418149078,1.57789215596591,1.47380249475253,1.38018094796792,1.29467723600151,1.21459417432476,1.13735332865164,1.06086182426132,0.983749009134656,0.905469604554738,0.826285107032291,0.747139693658987,0.669449471784966,0.594836164105734,0.524847044610718,0.460714305996969,0.403200846742755,0.352558697350826,0.30859583823937,0.270814894922532,0.23857367739719,0.211218008985289,0.188158538940169,0.168887951040148,0.152954545749818,0.139918532375777,0.129311883356691,0.120616483106281,0.113264905094023,0.106664470126802,0.100243124798135,0.0935110827629211,0.0861284625540283,0.0779600338739816,0.0690976048498772,0.0598351183869829,0.0505960856169603,0.0418318351855791,0.033920116521447,0.0270964235629145,0.0214355647341338,0.0168816917177989,0.013305914129313,0.0105625043902355,0.00852242512718121,0.0070770699226976,0.0061233040899431,0.00554750216199795,0.005223396010684,0.00502691963520244,0.00485828982791839,0.00465804769023642,0.00440672590618671,0.00410979239867743,0.00377805027089267,0.00341611695856622,0.00302592901569498,0.00262061016103597,0.00223749488489713,0.00193761976211518,0.00178791386124272,0.0018331017364558,0.0020716560695003,0.00245000855747503,0.00287901431274947,0.0032658731671063,0.00354560967555974,0.00369734806628066,0.00373916034787977
5.97462652327583,5.86825982308523,5.71963391632046,5.53226351269877,5.31226008393197,5.06826476948237,4.8106306683725,4.55003213553307,4.29587749888647,4.05496017684228,3.83069664790452,3.62311305624436,3.42952851375472,3.24571171361472,3.06719838304137,2.89046019464146,2.71369074630171,2.53708917436818,2.36264571933225,2.19353772460353,2.03331439231803,1.88507298106661,1.75080654736398,1.63104440613281,1.52482353876273,1.42995034081662,1.34345436703888,1.262113799159,1.18294704106501,1.10359791321935,1.02258318018232,0.939397549522603,0.854485677471023,0.769095099903319,0.68502737614084,0.60431946643267,0.528902382372519,0.460300447013871,0.399431626988357,0.346547723736574,0.301316860673242,0.263008691255131,0.230719369627239,0.203567767302508,0.180816277174651,0.161901542125228,0.146390910453068,0.133901098477998,0.124015605736619,0.116230596367175,0.109942514854446,0.10447879492516,0.0991640935303076,0.0934066739545611,0.0867868258637863,0.0791236329861048,0.0704999583155559,0.0612329523677799,0.0517929010137168,0.0426916101932307,0.0343714508070811,0.0271282451800661,0.0210860492305809,0.0162226552855515,0.0124255518717244,0.00954953763540756,0.00745426338293714,0.00601341229868688,0.0051051280454272,0.00460007485893377,0.00436122269650036,0.004258568547447,0.00418962124068212,0.00409327995313191,0.00394761480829306,0.00375380267682491,0.00351662072795947,0.00323396651131375,0.00290192577952991,0.00253014547776484,0.00215580406792454,0.00184319804022454,0.00166519779123502,0.00167386165180249,0.00187491540306883,0.00222063178689416,0.0026252773115317,0.00299642963335481,0.00326637398135071,0.00340899726517764,0.00343611490878474
6.06334511015016,5.96355054235259,5.8262327908066,5.6554923213965,5.45725160494485,5.23910306677595,5.00952134904989,4.77664961852634,4.54704065797231,4.32474858098129,4.1110368784925,3.90475695238771,3.70324534116351,3.50345798677419,3.30303380568379,3.10104565672719,2.89831237285839,2.69726612095278,2.50146423959928,2.31488890883469,2.14119588493574,1.98306125314453,1.84174002686276,1.71690139914991,1.60674579639582,1.50835495701627,1.41818636618091,1.33260879745665,1.24838893902693,1.16306633557389,1.07518896037275,0.984403997713102,0.891410921364793,0.797788212501636,0.705709464161662,0.617581593010975,0.535656161616774,0.461684653567317,0.396687979656657,0.34088796407456,0.293807672558337,0.254497872204027,0.221815945930372,0.194673444100758,0.172191088995143,0.153738207254993,0.138873019189819,0.127229317904876,0.118399385890388,0.111855182758706,0.106927970337285,0.102847573278321,0.0988279620629706,0.0941756231172782,0.0883956726906495,0.0812682931069399,0.0728751424005746,0.0635650739062972,0.053864547669933,0.0443560091665135,0.0355565645619314,0.0278310391991475,0.0213584623792556,0.0161520332481265,0.012113387116416,0.00909263250621362,0.0069316468214351,0.0054805294115253,0.00459473113772496,0.00412758546443726,0.00393168025892437,0.00387272660380106,0.00384784071825511,0.00379709933387823,0.00369965519787127,0.00355687809516617,0.0033726661529242,0.0031429916717505,0.00286099711530916,0.00253245173998216,0.00219014821003852,0.00189446281483407,0.00171624485053011,0.00170883906044419,0.00188318624481684,0.00219989794070127,0.00258230962064144,0.0029444402007924,0.00321935100504471,0.00337481175628923,0.00341120942326198
6.16642882557924,6.07051476747815,5.94339593543543,5.79013158380067,5.61648808142844,5.42870378544516,5.23279641810652,5.03363786588405,4.8341575351171,4.63500538385309,4.43483473836278,4.23113440681619,4.0213494088577,3.80395069103539,3.57916071169114,3.3491786627853,3.11791025954645,2.89033324157964,2.67169006037551,2.46669325565735,2.27888293432915,2.11021660333753,1.96091847652194,1.82957695581032,1.71344868014387,1.6089074232614,1.51196261202673,1.41877062000577,1.32607536895924,1.23153440218772,1.13391197546782,1.0331354209888,0.93021951126637,0.827066906606984,0.726158097509871,0.630163134298786,0.541527924088316,0.462109748568826,0.392937238455787,0.334146723521037,0.285103173701388,0.244659783021516,0.211474939374558,0.184292823794698,0.162117660036009,0.144254340348494,0.130233659277201,0.119674891942214,0.11214498090661,0.10706447212534,0.103684298002412,0.101133619496139,0.0985209288478985,0.0950591504515797,0.0901852073233046,0.0836443217725872,0.0755185179450944,0.0661895978379154,0.0562430116378455,0.0463368198267936,0.0370689529598742,0.0288783346856445,0.0220009735310262,0.0164833413735079,0.0122354564373615,0.00909520464729757,0.00687983813770865,0.00541177000788645,0.00452337717084533,0.00405367246548427,0.00384997197118436,0.00377933722228536,0.00374345334433002,0.0036873961356747,0.00359427274037086,0.00346800901276192,0.00331369116673688,0.00312684404026414,0.002897855555061,0.00262682092477293,0.00233819070308619,0.00208296626628507,0.00192443699898021,0.00191329303097106,0.00206460357565305,0.00234935949054663,0.00270425521997725,0.00305459756630352,0.00333780516403659,0.00351661850422544,0.00357840307344893
6.27595597452119,6.18127229274183,6.06271822924641,5.92663952531761,5.77874019151799,5.62375650143718,5.46489905396712,5.30329049734064,5.13772269970679,4.96498142145338,4.78077736129099,4.58107722026453,4.36345908229219,4.12809383181885,3.87807921365407,3.61906676077616,3.35833301975037,3.10357999959148,2.86177318621592,2.63825283106684,2.43623502908856,2.25670396276428,2.09861941698227,1.95933468782637,1.83512302725476,1.72173196485222,1.61490594318524,1.5108352845778,1.40650566381147,1.29993326632553,1.19028317670797,1.0778718799631,0.964056336191798,0.851013111133517,0.741416853542509,0.638047884799002,0.543380542586861,0.459226586338334,0.386508724524054,0.325215425925301,0.274543554619787,0.233179885535779,0.199636503138153,0.172542719370844,0.150821418944654,0.133722990620887,0.120737979457262,0.111445799377235,0.105363164882888,0.101845207733614,0.10006379838706,0.099061672793931,0.09786217569568,0.0956031681008249,0.0916644116326402,0.0857581602815908,0.0779619989182915,0.0686833283591883,0.0585606462328215,0.0483250453780728,0.0386555589856543,0.0300661936667451,0.0228492701292139,0.017080986584433,0.0126738258229157,0.00944708904377201,0.00718898944317842,0.00569354845114581,0.00477348719556114,0.00426003730118879,0.00400299913869745,0.00387775537180972,0.00379535116124646,0.00370803320951762,0.00360283425809613,0.00348488745501469,0.00335867508068788,0.00321758890291662,0.00304783561962388,0.00284255787382025,0.00261658311710455,0.00241022955968315,0.00227802891130302,0.0022671529319241,0.00239645598287039,0.00264756017485632,0.0029713269367237,0.00330561626390909,0.00359381263279454,0.00379543176927982,0.00388657007930691
6.38181685721951,6.28586333552127,6.17378952150699,6.0534862517356,5.93073957980767,5.80879707942946,5.68795724073249,5.56540449977512,5.43556497426588,5.29113697954277,5.12470605198978,4.93059790061017,4.706476919524,4.4542333520738,4.17990675360201,3.8926855349505,3.60328602515507,3.32215751847654,3.05794700631104,2.8165160892041,2.60060566354525,2.41006682597364,2.2424696858343,2.09387971087282,1.95962890265998,1.83497634197301,1.71561466316247,1.59802140773618,1.47967623965226,1.35916734997941,1.23620725259582,1.11156665029653,0.986926680790042,0.864646657496946,0.747449927299494,0.638052210878635,0.538779585552062,0.451246006819434,0.376160677185612,0.313311549909056,0.261727592231431,0.219968711608663,0.186458765465969,0.159767079456077,0.138770798676551,0.12267600962756,0.110922296187275,0.103029506945917,0.0984492475336514,0.0964712734253738,0.0962062060626254,0.096641290838416,0.0967493311100084,0.0956213907727153,0.0925952820962798,0.0873510041513686,0.0799513271871932,0.0708138087908873,0.0606153002403815,0.0501494758919304,0.0401707812914372,0.0312656992140403,0.0237810278603633,0.0178201455091636,0.0132947780177805,0.0100030447688812,0.0077038046970952,0.00616566902030161,0.00518776689310624,0.00460129863166014,0.00426598207105955,0.00407079922983243,0.00393821576462522,0.00382644204668503,0.00372277880606797,0.00362876388584744,0.00354370163073764,0.00345562199100302,0.00334533729734279,0.00319997998897761,0.00302745045972674,0.00286095498740399,0.00274953776148026,0.00273866323347623,0.00285058312730152,0.00307499174786735,0.00337310025011664,0.0036918097205096,0.00397891055969649,0.00419210857659306,0.00430047596562995
6.47297021709355,6.37345106771704,6.2653879127802,6.15838795858495,6.05849917927001,5.96764597118947,5.88335379186093,5.79897677198654,5.70464904939465,5.589016030859,5.44152621077703,5.25480034222817,5.02647357730218,4.75999773869526,4.46417134827472,4.15153226691257,3.8360627178244,3.53081062397324,3.24598572548808,2.98788257460994,2.75870944652772,2.55716196287251,2.3794409259233,2.22039535383687,2.07454211521078,1.93682740010276,1.80310095455507,1.67034489348676,1.53672984320136,1.40156606101305,1.26519774233299,1.12886011302208,0.99449801410699,0.864535209034732,0.741587654463927,0.628136457201723,0.526199723637914,0.437065183248644,0.361145664102227,0.297996152621133,0.246490181709268,0.205103820161504,0.172227129612258,0.146416878431873,0.126532609412302,0.111742015817985,0.101423730662206,0.0950243765084807,0.0919259598230208,0.0913658829372361,0.0924249269402171,0.0940782024657854,0.0952924834982238,0.0951468889272429,0.092955470924955,0.0883662277955855,0.081413406406681,0.0725039459206223,0.0623321163373439,0.0517377422001185,0.041540349326017,0.032393782304542,0.0246974621582733,0.0185816931116968,0.0139581479528313,0.0106057008587604,0.00825755879445023,0.00666246805162968,0.00561261457206708,0.00494551276114213,0.00453528548589016,0.00428602305505707,0.00412983031307368,0.00402634566489557,0.00395700541488292,0.00391346157110629,0.00388480092307725,0.00385105212223819,0.00378809570418234,0.00368069659538569,0.00353595469526108,0.00338709464863485,0.00328379449407262,0.00327292950811132,0.0033790126860172,0.00359452305368799,0.00388322364596256,0.00419349178490715,0.00447306662506827,0.00467834691233281,0.00477683325770384
6.53907624620764,6.43391515834712,6.32707102538054,6.22994161840535,6.1490358284604,6.08525367175282,6.03371400042924,5.98433493225157,5.92333241325646,5.83559759774622,5.7076124778369,5.53029626408145,5.30107860162226,5.02463807471085,4.71209162274029,4.37885320016204,4.04174010493839,3.71607055266257,3.41342370729153,3.14047103507397,2.89894754292559,2.68653352730643,2.49824605166624,2.32792068819245,2.16946158540383,2.01769354737973,1.86879693524192,1.72040623890254,1.57149553406166,1.4221642497048,1.27340257480764,1.12687009185561,0.984686409991908,0.849214818302405,0.722820755060474,0.607609053892361,0.505167838038364,0.416369900650416,0.341283191207108,0.27922056013954,0.228922096428278,0.188819832377876,0.157312615415493,0.132977369387016,0.114672060500236,0.101525973410514,0.0928480119354894,0.0880048300147762,0.0863141875705556,0.0869840554073441,0.0891047698831436,0.091688064029973,0.0937423969570665,0.0943716519386917,0.092885523990796,0.0889010483230165,0.0824103578194781,0.0737880907574724,0.0637229740328807,0.0530817981696584,0.042736190028652,0.0334006608519392,0.025525570662928,0.0192699124985901,0.0145492921319426,0.0111287552188458,0.00872205385724217,0.00706424025259117,0.0059456663360507,0.00521316555980628,0.0047554797296383,0.00448916762689323,0.00435108119482366,0.00429619693932587,0.0042940010478254,0.00432127154511241,0.00435385199712468,0.00436332239353537,0.00432308136276072,0.00422076007921422,0.00406992575804235,0.00391163988728757,0.00380255307828589,0.00379377664736755,0.0039101347123259,0.00414034525065757,0.00444141559575776,0.00475414528017343,0.00502056306976487,0.00519552427058183,0.00525017830751485
6.57205812180939,6.45940985036312,6.35077017293449,6.25930294809443,6.19217892657364,6.14967771867548,6.12507262393597,6.10549559468427,6.07389464729794,6.01195641922124,5.90354735372602,5.73796294572725,5.51220273455557,5.23167377882427,4.90912463592063,4.56209385916413,4.20955058757146,3.86857829480481,3.55186108616277,3.26642853508703,3.01372424215435,2.79072032471893,2.59160123031907,2.40951771140733,2.23802699000732,2.07202176588991,1.90813122520598,1.74470330497605,1.58153299235508,1.41949148138422,1.26016696435329,1.10556782232494,0.95789054801933,0.819326994048127,0.691880663956667,0.577181699221163,0.476313902855048,0.389691011019971,0.31702220895707,0.257388939915682,0.209423718193489,0.17154479820583,0.142185111539676,0.119956328361777,0.103717773580997,0.0925553266514621,0.085702190809666,0.0824458776685639,0.082053469730602,0.0837318783946575,0.086621589897292,0.0898173484044157,0.092413222606265,0.0935717598641537,0.0926174091771154,0.0891396314583677,0.0830787327872257,0.0747591224678595,0.0648433147382819,0.0542062544187968,0.0437576470477233,0.0342645935626203,0.026226030775143,0.0198319131260778,0.0150071856824018,0.0115099492513508,0.00904119363106193,0.00732728001370375,0.00615895083470627,0.0053913803821492,0.00492412074133042,0.00468061313297957,0.00459649284130856,0.00461702520424301,0.00469645051261705,0.0047954033690163,0.00487709094715005,0.00490682805080545,0.00485903268049789,0.00472880068289403,0.00454147251921486,0.00435117962913756,0.00422550847670988,0.00422118429016159,0.0043612664609945,0.0046253115029366,0.00495620054600264,0.00528007100048722,0.00552879309200827,0.00565534623639885,0.00563825075813689
6.56723421175381,6.44553981552943,6.33205343304233,6.24158578271939,6.18215271493814,6.15388406370838,6.14891312098015,6.15243777510239,6.14501669159415,6.10589678870421,6.01684113244812,5.86567303272541,5.64870517603521,5.37143995132142,5.04735917032719,4.69513029422329,4.3349660405294,3.98505054444847,3.65884298243665,3.36374505627555,3.10120147155085,2.86793426652583,2.65779476982898,2.46368725324486,2.27913829511293,2.09928694155507,1.92127073773019,1.74412785841975,1.56840499480249,1.39565676015211,1.22797628546225,1.06762840587794,0.916797073041328,0.777419607195565,0.651066731175858,0.538842043651903,0.441296723369239,0.358380649831226,0.28945781095431,0.233401522497324,0.188760343097746,0.153955453521624,0.127460320961929,0.10791847693593,0.0941825756925297,0.0852876463107329,0.080389781904484,0.0787057210731459,0.0794713093978937,0.0819216667222398,0.0852832161279707,0.088771473937862,0.0916010267687844,0.0930209679195971,0.0923885356699135,0.0892727474219439,0.083559050189478,0.0755106773924007,0.065748305114281,0.055138288585411,0.0446137961582401,0.0349844031980494,0.026793144230867,0.0202618635942859,0.0153297268749118,0.0117544639013945,0.00923009870313141,0.00747731891048609,0.00628650131073158,0.00551689414056555,0.00507246118813581,0.00487697896382572,0.00486007471175573,0.00495545445585621,0.00510335480942251,0.00525178531226983,0.00535576825380357,0.0053784485284657,0.00529821638673722,0.00511931653657635,0.00487961933596451,0.0046465918243376,0.00449873302980049,0.0044979390369896,0.00466436670407216,0.00496647824159205,0.00533062151972105,0.0056661001486229,0.00589346828725318,0.0059640969963584,0.00586531747358476
6.52387511231846,6.39199963160467,6.27088533056742,6.17678237686343,6.11869416058015,6.09708948371257,6.10374518499769,6.12290471117549,6.13377209077444,6.1140754253309,6.04411108448688,5.91044664971948,5.70843910342967,5.44296248439583,5.12718116094511,4.77971351092728,4.42093483138361,4.06933910162892,3.73877541438164,3.43705276548897,3.16599291220796,2.92264303509584,2.70113774548029,2.49466063758132,2.29706491427326,2.10390695844758,1.91284734911758,1.72352752588423,1.53711330983113,1.35570618532504,1.18178574163537,1.01777900546536,0.865785465303465,0.7274354880254,0.603833587113677,0.495543441947831,0.402590019075836,0.324481492502475,0.260266450153924,0.208637594860504,0.168076434000251,0.137009598349748,0.113941053911121,0.0975298057161418,0.0866069519844174,0.0801498044915817,0.0772417203291195,0.0770438362675148,0.0787836979932152,0.081751436060427,0.0852868021329765,0.0887520861198194,0.091506073648751,0.0929051525172546,0.0923561817591863,0.0894191463240982,0.0839290681831974,0.0760846793221891,0.0664544573608666,0.055881184735824,0.0453054887106236,0.0355661265562777,0.027242338243898,0.0205861788843471,0.0155543383968327,0.0119097618634611,0.0093442478182908,0.00757429526156897,0.00638725329222356,0.00564047013246349,0.0052351785236831,0.00508976502989476,0.00512561910031131,0.00526699308529466,0.00544592422957432,0.00560546854585487,0.00569965525771685,0.00569412750222981,0.00557229559022007,0.00534511308453713,0.00505824156824949,0.00478719135639541,0.00461720756525788,0.0046134211698815,0.00479368449323356,0.00511805472992222,0.00550020235718424,0.00583651982845355,0.0060392092012643,0.00605925379676245,0.00589184135632348
6.44524790075513,6.30270975922223,6.17186966268368,6.07012961713417,6.00755762007491,5.98541420831552,5.99590451471427,6.02333509881787,6.04665623792064,6.04307751795751,5.99213922011213,5.87941957848573,5.69906290647441,5.45455937116154,5.1576344771413,4.82558483713927,4.47777022598705,4.13212666606668,3.80246837724051,3.49705160989529,3.21849551406564,2.96481683853831,2.73112409072432,2.51146656139622,2.30041603547593,2.0941228597236,1.89076728097666,1.69047613253596,1.49487007590251,1.30643792556024,1.12791794959071,0.96180978611831,0.810072143733838,0.673998005715283,0.554216150658815,0.450759162336461,0.363150070204414,0.290489216870093,0.231544167211804,0.184851980424239,0.148835680370745,0.121918406370243,0.102613465671641,0.0895714364997824,0.0815849720440267,0.0775700758592713,0.0765479693917585,0.0776450056442859,0.0801051310544676,0.0832964466069465,0.086690526299828,0.0898110397275137,0.0921742372456749,0.0932580888604552,0.0925347436684013,0.0895700331926591,0.0841588727323868,0.0764377471014356,0.0669157276389968,0.056396946066005,0.0458106825554311,0.0360074693318029,0.027590927859977,0.0208388651146594,0.0157273718404549,0.0120297169597288,0.00944009074180696,0.00767212887208113,0.00650729927266105,0.00579518302585913,0.00542795528523293,0.00531464612927983,0.00536878571216934,0.00551033147825669,0.00567183413166508,0.00580121976490008,0.00585960955076995,0.0058191396554988,0.00566699920606731,0.00541477050504931,0.00510678986032009,0.00481712194059683,0.00463063281460041,0.00461293558006774,0.00478191903446551,0.00509592702601902,0.00546504692703208,0.00578168823943112,0.00595600256826379,0.00594057635371248,0.005735653192592
6.33830348713111,6.18556215549124,6.04403188609926,5.93190917194462,5.86031755110491,5.83167510265751,5.83932495851341,5.86859973216092,5.89926681437941,5.9090124081522,5.87734784273171,5.78916049302443,5.63716437085656,5.42274755709264,5.1551023609481,4.84894278814205,4.52143118323366,4.18906272811622,3.86517332004299,3.55849262066357,3.27285493058382,3.00790194870068,2.76042903672519,2.52596585671624,2.30022249333679,2.08014185247128,1.86443416794007,1.65359973817762,1.44955067653916,1.25500284339802,1.07282573681591,0.905504690531008,0.75480608269938,0.621660743679469,0.506217257701461,0.407989178843509,0.326022571859597,0.259041772847665,0.205563153688793,0.163986718682262,0.13267844165497,0.110042558761109,0.094576252141262,0.0848967533753248,0.0797439207183367,0.0779740841672428,0.078562950426957,0.0806273888002643,0.0834534497311983,0.086506900022503,0.0894028006803873,0.09183234460283,0.093474819050082,0.0939390686328586,0.0927766522930666,0.0895753989475048,0.0841029221050768,0.0764375843547489,0.0670218069733648,0.0566037472181024,0.0460787259632625,0.0362874563990646,0.027842687389508,0.0210415058324738,0.0158807385384237,0.0121496327654215,0.00955051762147507,0.00779684907894507,0.00666283299141671,0.00598603932127972,0.0056450457314805,0.00553737781301034,0.00557065990562108,0.00566674456138966,0.0057677117752753,0.00583576218105924,0.00584621465412449,0.00578036203515531,0.00562640657232896,0.00538884953399887,0.00509993936526529,0.004821326753815,0.00462936981078542,0.00458723324554737,0.00471604443331505,0.00498093149860954,0.00529979061576925,0.00557208459697672,0.00571349487672837,0.0056803330363619,0.00547422946850383
6.21311138838593,6.05183934800778,5.90016320203894,5.77666223620567,5.69341012024571,5.65422376875109,5.65415620938533,5.68039313568192,5.71447147189358,5.73546368019423,5.72354013993206,5.66321104118364,5.54561104858478,5.36941836589033,5.14032913012351,4.86934049727912,4.57033344190131,4.25753313204176,3.94335976333145,3.63701001802758,3.34389770938193,3.06589110153392,2.80214819387511,2.55028223511725,2.30757563085689,2.07199526978756,1.842832219921,1.62088613281401,1.40822518609317,1.20764746325671,1.02203018305664,0.853753000527355,0.704329048191938,0.574290659635503,0.463289527409895,0.370320026675168,0.293964400899061,0.23259182872792,0.184487898264978,0.147927076620922,0.121215635101134,0.10272265191475,0.0909059124232051,0.0843289773225545,0.0816705928713423,0.0817353716718279,0.0834755629040379,0.0860274046200848,0.0887458044317616,0.0912123668198297,0.0931937214725282,0.0945500372687919,0.0951244963121403,0.0946622186419611,0.0928055624278376,0.089178704381966,0.0835332741040569,0.0758917987068849,0.0666202289331089,0.0563901727750706,0.0460369105975267,0.036366680404744,0.0279839707949724,0.0211977158778422,0.0160269823439311,0.0122837315168035,0.00968593429094072,0.00795179349641165,0.00684943312726033,0.00620279799109308,0.00587463107355102,0.00575028930302995,0.00573368761927195,0.00575362749538377,0.00576849305391372,0.00576146617827377,0.00572682092905491,0.00565633329993592,0.00553640162761709,0.00535778017004844,0.00513147284938575,0.00489728426053015,0.00471591384272224,0.00464535528977728,0.00471266144133278,0.00489720365914065,0.00513475416833552,0.00534148674453752,0.0054450131048292,0.00540681830315397,0.00522641217036998
6.08201435207036,5.91525817190508,5.75567210025529,5.62177446882875,5.52639270894301,5.47484314709266,5.46428385234221,5.48438659140419,5.51922336280814,5.55001173741651,5.55818353072276,5.52818711318681,5.44952524318039,5.3177375289823,5.13429100335111,4.90556828050416,4.64128201998108,4.35268040538569,4.05086292247716,3.74543769740803,3.44365919252736,3.15010373768258,2.86686592850085,2.59418586432315,2.33134148449111,2.07758543063789,1.83289427698336,1.59835028879057,1.37608749868193,1.1688663221183,0.979452583423477,0.810017737256289,0.661740935902341,0.534697118509086,0.428002765869507,0.340113763592098,0.269145347688133,0.213119111425346,0.170100599540151,0.138244931885966,0.115795441982373,0.101073583022704,0.092481406615206,0.0885168228034308,0.087797202562317,0.0890899770534869,0.0913506232894509,0.0937663860841513,0.0957891025549414,0.097134575211058,0.0977282781998301,0.0975989741941644,0.0967516834880675,0.0950692912391067,0.0922917282269698,0.0880890019828148,0.0822034548401079,0.0746001000085016,0.065555516068852,0.0556420147004999,0.0456073452148536,0.0361977361926054,0.0279914642523374,0.021301521683966,0.0161706348181708,0.0124406213246733,0.00985376921543424,0.00814005301879944,0.00706559481356242,0.0064423057828894,0.00611757154002041,0.00596528239253241,0.00588726816232105,0.00582179015179868,0.00574642421148783,0.00566794303466524,0.00560130025732561,0.00554907773524815,0.00549439484156386,0.00541084289616304,0.0052831640803854,0.00512367303276459,0.00497263113179168,0.00488049066526533,0.00488121029978325,0.00497255340427369,0.00511410210054655,0.00524436472464057,0.00530625167388976,0.00526657497010868,0.00512007656662398
5.95838279257319,5.79052748703234,5.62687030051935,5.48542160846499,5.37949675184395,5.31587850259738,5.29403716877587,5.30654033742363,5.34053205003235,5.37993911838073,5.40793841550742,5.40922372892597,5.37173174221587,5.2876686417415,5.153849954357,4.9714743014964,4.74548084165481,4.48361689647552,4.19531447467104,3.89047675161685,3.57831398106504,3.2664107859119,2.96020591159157,2.66299445220206,2.37642412346198,2.101305650478,1.83845448244805,1.58927936754609,1.3559406409538,1.14106982390354,0.947207402313626,0.776201757287137,0.628796215209587,0.504527061379359,0.401917852721116,0.318851329415178,0.252960646461818,0.201918317116763,0.163574505457847,0.135968893620779,0.117280816370614,0.105777994163789,0.0997995372080701,0.0977755083948506,0.098270087889067,0.100034044672738,0.102056268594118,0.103608451611514,0.104268475810962,0.103905468439678,0.102611287215901,0.100581934174283,0.09797927845098,0.0948203674478994,0.0909428125678458,0.0860649344613056,0.0799205906527602,0.0724119155412938,0.063712094676215,0.0542723755925365,0.0447274985942435,0.0357399827108338,0.0278447049837668,0.0213503626065417,0.016323295137794,0.0126408426272028,0.010077767633813,0.00838390484007048,0.00733009034979965,0.00672131151533101,0.00639332144385468,0.00621102432169217,0.00607531323603125,0.00593365249036909,0.00578141275911104,0.00564711837014145,0.0055649864907299,0.00554797615316938,0.00557641115888932,0.00560743335480565,0.00559960855524311,0.00553673942671595,0.00543674955797882,0.00534058912446145,0.00528798793124186,0.00529517267963428,0.005346413712672,0.0054033049761629,0.00542383253807074,0.00537880224581946,0.00525653474469204
5.85489767605254,5.69138884133357,5.52873143840633,5.38400948226046,5.27072353837446,5.19698187351255,5.16459901649578,5.16922262357718,5.20136205519383,5.24800091742537,5.2944062272749,5.32580797242159,5.32877137875007,5.29224026919545,5.20831757987511,5.07283809507799,4.88570426016116,4.65086859470886,4.37583110900977,4.07060969143573,3.74631102938074,3.41359995642061,3.08144460855232,2.756452981534,2.44292082415096,2.14346467352027,1.85991792823438,1.59410749744401,1.34822574605472,1.12471245624739,0.925777473932718,0.752825604830342,0.606051126738082,0.484360240677811,0.385619996038952,0.307103297434829,0.245945851149806,0.199469390838742,0.165313142082333,0.14140622945741,0.125866505610363,0.116908512830169,0.112810029980561,0.111940117993904,0.112825244855587,0.11422448917009,0.115192090316002,0.115117717237397,0.113733990034423,0.111082074510926,0.107426955790713,0.103128349936582,0.0984955543294941,0.0936694019810804,0.0885771987172691,0.0829805023656492,0.0766004468404583,0.0692696867082899,0.0610466102647046,0.0522448756890059,0.0433665786082782,0.034971220271228,0.0275347019450364,0.0213517204757692,0.0165088015774658,0.012920674338447,0.0104001489455398,0.00872468483520394,0.00767859312915728,0.0070686475276675,0.00672646171346841,0.00651294699624175,0.00632952825240773,0.00613062074675708,0.00592439635128911,0.00575537043402623,0.00567274083098937,0.00569860743237677,0.0058125417872566,0.00595942041085257,0.0060760698294387,0.00612074823480213,0.00608970056938782,0.00601293673444184,0.00593327688679893,0.00588234805975812,0.00586607776541326,0.00586613794233128,0.00585259415188932,0.0057977076357295,0.00568230691206243
5.78149651113366,5.62833487653023,5.47239369372594,5.32947005110372,5.21294524509062,5.13203799394839,5.09079091064304,5.08790733308711,5.11731729741666,5.16918849271684,5.23107512757213,5.28900728131537,5.32849584843152,5.33556123994817,5.29790635812702,5.20623375763561,5.05551560600844,4.84587326176569,4.58271344475479,4.27593307533481,3.93829425837397,3.58336251733423,3.22356206963135,2.86885722080593,2.5263277432302,2.20057643187141,1.89462460936384,1.61083240764213,1.35146197638014,1.1187242549637,0.914408280002229,0.739362734184314,0.593126579945219,0.473894955738911,0.378829483821751,0.304572904652304,0.247762596640817,0.20537806398861,0.174858010740577,0.154029486822125,0.140955056309482,0.133801906951374,0.13079482829948,0.130255443836851,0.130692876887617,0.13090143185301,0.130031721288001,0.127622185590396,0.123585534975816,0.11815037405074,0.111758013838649,0.104923746552221,0.0980885167409645,0.0914986385333595,0.0851549354959827,0.0788507421865426,0.0722876567361468,0.0652245302807794,0.0576002083857722,0.0495833696511963,0.0415327609434973,0.0338917943798557,0.0270639192129034,0.0213181215217961,0.0167529381016884,0.0133169472822459,0.0108625221492164,0.0092010536000223,0.0081403984575098,0.00750108046522008,0.00712187097943784,0.00686763251874568,0.00664295788029445,0.00640614591707755,0.00617088318472719,0.00598909756742933,0.00591836917419131,0.00598764345878655,0.00617825015614121,0.00642873755784119,0.00666106262775459,0.00681328685875593,0.00686234717280719,0.0068265812153518,0.00674890894030905,0.00667222258833081,0.00661963322991342,0.00658846641036891,0.00655678165017812,0.00649515320348856,0.00637573880314166
5.74338891345567,5.60647332708863,5.46293027104568,5.32698794682535,5.21163021118342,5.12692837454285,5.07891939169037,5.06915557140946,5.09482405969571,5.14919253978187,5.22214819637861,5.30074250599784,5.36984559323697,5.41312959605882,5.41455289655852,5.36030611011498,5.24089741996561,5.05284293649735,4.7994144342813,4.49011860336658,4.13896930301053,3.76201061353209,3.37478502810437,2.99042083486374,2.61874252411246,2.26641378597725,1.93776794544299,1.63580799840361,1.36291880305963,1.12106730638104,0.911554578139542,0.734585028347835,0.588964219847717,0.472128129943212,0.380519509817317,0.310164335786373,0.257228315856804,0.218376156611121,0.19086710446678,0.172439723855507,0.16111041865361,0.155008005001962,0.152316568423759,0.1513275282036,0.15055475103719,0.148853290616539,0.14549662674652,0.140196098573037,0.133062402402673,0.124519681642943,0.115181796412424,0.105704424161713,0.0966368804770763,0.0883050151086808,0.0807603917932173,0.0738128458455861,0.0671381488876562,0.0604224405118514,0.0534897102026419,0.0463675546381475,0.0392710646798623,0.0325216054859398,0.0264392806850169,0.0212539308229288,0.0170633622300925,0.013841116281368,0.0114764096728101,0.00981888408220113,0.00871042932561014,0.00799944018253679,0.0075459624051607,0.00722919471944336,0.00696092302364984,0.00670041502492258,0.00645873373119721,0.00628524625265424,0.00623786551869429,0.00634894492834187,0.00660343027642527,0.006939329270787,0.00727085908607669,0.00752177483390154,0.00765279720053043,0.0076707037298349,0.00761647373302843,0.00754116919773257,0.00748167836474762,0.00744751018677248,0.00742125919270273,0.00736873092903605,0.00725155228437839
5.73972945686705,5.62416799287219,5.49803649322529,5.37379939600292,5.26380636185794,5.17870183393774,5.1261919782521,5.11031771071174,5.13116719648493,5.1848299648971,5.26342143785276,5.35517162977326,5.44477465012225,5.51430148557013,5.54489179387769,5.51916598766866,5.42394609732777,5.25261079106618,5.00638425540004,4.69411334499341,4.33054282766609,3.93357458564987,3.52129794704525,3.10958838324872,2.71079210820565,2.33357995592996,1.98364721379308,1.66471872873601,1.37935414783458,1.12927901101665,0.915268877754651,0.736834197201715,0.59201457209299,0.477488566939448,0.389016331043252,0.322064758054815,0.272389039045115,0.236389382877425,0.21117902691279,0.194426844429637,0.184114056217366,0.178341318206387,0.175265721252346,0.173166439528834,0.170582579413973,0.166450358775757,0.160183935394273,0.151680504467745,0.141254645094953,0.129522782687489,0.117257628840659,0.105231685055311,0.0940723813694408,0.0841536413243874,0.0755515123600889,0.0680765361674643,0.0613755879535978,0.0550702231247498,0.0488841802350994,0.042718866757357,0.0366553396042616,0.0308940428050218,0.0256642176877652,0.0211430334430325,0.0174123658400604,0.0144584595921667,0.0122016282056641,0.0105321235316449,0.00933558521145464,0.00850252564091197,0.00792897648915403,0.00751958304441556,0.00719803576524422,0.00692224683995285,0.00669296303120548,0.00654720952811492,0.00653497205124082,0.00668785953045914,0.00699511113594001,0.00739855252589137,0.00781046200504118,0.00814532501767873,0.0083506452452134,0.00842254033183908,0.00839961271413342,0.0083401937229034,0.00829398385116359,0.00828146770037101,0.0082879377812744,0.0082719048800276,0.00818181353087665
5.76348862081346,5.67301082873879,5.56816408155298,5.45953701936653,5.35865090749349,5.27643202532068,5.22185935485047,5.20097744843879,5.21625895938591,5.26616803344957,5.34479869568062,5.44162819127994,5.54163164619311,5.62610847194416,5.67446859111693,5.66692004924373,5.58760491194929,5.42742882686558,5.18578394813354,4.8706267477029,4.49686116342494,4.08350267809047,3.65044919743746,3.21572870558272,2.79382473249136,2.39523434513951,2.02697890218515,1.69353805663007,1.3976858241674,1.14092234753735,0.923492586459836,0.744209026251742,0.60036634652491,0.487943458789549,0.402106938377134,0.33786675324169,0.290661683154323,0.256698529406104,0.232988513030581,0.217153410073689,0.207150899100876,0.201063603119391,0.197035037709677,0.193348568542882,0.188584632403614,0.181772558648536,0.172472492823769,0.160765224786386,0.147159273041349,0.132445724595799,0.1175310079003,0.10327292883382,0.0903421189214528,0.0791272708877677,0.0697032081386161,0.0618681240145728,0.0552417669603457,0.0493959452148347,0.0439767713654896,0.0387827941537435,0.0337784991072614,0.0290509352693374,0.0247354843414158,0.0209457626270363,0.0177335937727185,0.0150855661429593,0.0129463521155056,0.0112474505218842,0.00992565132715725,0.0089251852414845,0.00819026382246346,0.0076602627214232,0.0072748097147726,0.00698872772128906,0.00678629434398034,0.00668422640929272,0.00671764173014494,0.00691352295328534,0.00726518113985306,0.00772089043178402,0.00819486671359332,0.0085959007814988,0.00886072829106391,0.00897619591878979,0.0089794652016614,0.00893717511537703,0.00891302253751949,0.00893927904955873,0.00900365720014193,0.00905561611931803,0.00902746285862212
5.80274941951457,5.73933314704433,5.65825924050602,5.5681972179034,5.47967953340912,5.40361371931382,5.34980157680041,5.32571380240006,5.33557032996297,5.3796285310718,5.45358094574108,5.54811209971091,5.64886505270145,5.73717787369822,5.79185564728052,5.79193744819784,5.72001096138995,5.56530308444767,5.32570388952175,5.00812547265263,4.62708424228369,4.2019363848134,3.75357649813048,3.30148845881813,2.8617981243224,2.44654677994392,2.06396755385259,1.71927908276023,1.41549121904252,1.15390383965435,0.934256419549047,0.754703408006394,0.611865793314403,0.501130268702612,0.417202553774167,0.354771959147947,0.309078126434289,0.276218596802839,0.25315200821313,0.237476640633395,0.227137602311539,0.220208734696818,0.214832199476951,0.209309142071713,0.202271234605494,0.192842254916966,0.180718791465374,0.166145422364348,0.149796905294883,0.132606010029898,0.115576740692638,0.0996148447735961,0.085398186873346,0.0732994413877915,0.0633710682241156,0.0553911502686364,0.0489592597749824,0.0436170716557509,0.038960190103968,0.0347121587657838,0.0307432134606439,0.0270398673032995,0.0236463273994605,0.0206073837979818,0.017935533174789,0.015608617349141,0.0135899047919953,0.0118511195056777,0.0103835675570643,0.0091912914073311,0.00827325535717383,0.00760852642269758,0.00715467738440975,0.00686221999350561,0.00669527396794489,0.00664554324500671,0.00672913982302439,0.00696600224459731,0.0073531935077121,0.00784681684026818,0.00836525786239387,0.00881386555644309,0.00912043957876514,0.00926400914579009,0.00928169291028635,0.00925003196877422,0.00924841665375641,0.00932223607407916,0.00946197672170263,0.00960702475378801,0.00967122871076126
5.84317926262122,5.80695986542277,5.75075031125244,5.68130702910721,5.60803489575669,5.54151501515799,5.49188944612417,5.46742434055237,5.47337939232584,5.51113745624495,5.57750714021461,5.66422405857408,5.75786324614795,5.84049549480565,5.89135380088734,5.88950004232059,5.81709206433216,5.6625212122552,5.42259209778645,5.1031218716875,4.71778885801498,4.28558544755811,3.82762003783211,3.36412479710261,2.91233134276372,2.48548648202749,2.09286566839101,1.7403704282671,1.43124981591749,1.16663335542693,0.945803252051203,0.766329759742896,0.624268163320308,0.514553449417209,0.431588555861486,0.369894643005364,0.324637402432917,0.291891039736216,0.268609372810012,0.252388062278464,0.2411683324496,0.233022942896898,0.22610325995313,0.218738459834008,0.209614738156103,0.197940840312751,0.183525522061192,0.166740307507465,0.148381713394753,0.129477463974259,0.111084421169078,0.0941163719790925,0.0792253161958091,0.0667435699252374,0.0566877328667648,0.0488147053405377,0.0427152829254963,0.03792267951596,0.0340096435612041,0.0306530203887618,0.0276529228864216,0.024912234515567,0.0223929795967288,0.0200735163644428,0.0179251997874416,0.0159135151268776,0.0140166400260176,0.0122435758183622,0.0106380541621096,0.00926248574187566,0.0081695493879087,0.00737721535953169,0.00686037685401872,0.0065647001098077,0.00643363668275548,0.00643337723132093,0.00656061989672629,0.00682811313976622,0.00723696540048746,0.00775192641270573,0.00829681926054524,0.00877505406426018,0.00910696105592002,0.00926495804538678,0.00928695825552403,0.00925988178673634,0.00927900205650509,0.00940279802808182,0.00962430977736053,0.00987241764956871,0.0100418403357305
5.87098238641516,5.86045314883141,5.8289851708629,5.78145722697896,5.72601988412063,5.67262035880536,5.63125408030524,5.61034703711301,5.61548200680362,5.64847425497537,5.70670808149472,5.78270988097914,5.86409744467859,5.93417838380125,5.97344676543725,5.96200507065459,5.8825907292203,5.72356755420472,5.48111852976715,5.16002820901842,4.77283457382112,4.33761078446154,3.8750169112188,3.40540181970691,2.94659600913277,2.51270726669358,2.11385982336968,1.75655675022832,1.44427507539722,1.17800421143556,0.956630050802499,0.777231166527209,0.635422643710799,0.525839545491464,0.442743211621359,0.380635087650637,0.334723564953056,0.301135518296289,0.276858831889874,0.259500872099018,0.247003563163877,0.23744385544586,0.22899080338799,0.220008640313904,0.209235708759915,0.195947457668418,0.180028898308939,0.161928493533545,0.142507507725308,0.122832419852777,0.103963741565822,0.0867846160290828,0.0718942207501504,0.0595691396021624,0.0497856826848895,0.0422852227325429,0.0366642016088429,0.0324684694372209,0.0292728284460346,0.0267329777243933,0.0246023351392541,0.0227196567990543,0.0209796602412992,0.0193046037832951,0.0176308335646993,0.0159136447862281,0.014144422322419,0.0123641447564922,0.0106608871572438,0.00914606760945491,0.00791737678391469,0.00702543607326084,0.00645969034671778,0.00616160157112966,0.00605693902139337,0.00609017012048146,0.00624182451812813,0.00651950533629592,0.00692935617419432,0.00744536779780497,0.00799766675479624,0.00848909627687383,0.00883404891337902,0.00899929924886622,0.00902329357962389,0.00900164813479321,0.00904287918315498,0.00921591527134781,0.00951473788080168,0.00985776425554215,0.0101222229140695
5.87543579499745,5.88788966438857,5.88013739289544,5.85522758397577,5.81993754387167,5.78328707721459,5.7546680701688,5.74207942212359,5.75076802102017,5.78233259417408,5.83419340636535,5.89933758251044,5.96638368860323,6.02015388881931,6.04296871883225,6.01672766441651,5.92555244356486,5.75847781320169,5.51153051772241,5.18862730485461,4.80103510610517,4.36555037395252,3.90190624393012,3.43007726730302,2.96807255045395,2.53055422722466,2.12830665912821,1.76834328158407,1.45434750444198,1.18719469815348,0.965436910591265,0.785755909409006,0.643449888657989,0.532995921786056,0.448657722957984,0.385043880584864,0.337500213446322,0.302263370403727,0.276380048537884,0.257474307544245,0.243487730351041,0.232503329276116,0.222713788162749,0.212522709459174,0.200714628783261,0.186608650538763,0.170124244139741,0.15173050354769,0.132290974215778,0.112851625751455,0.0944280278149942,0.0778387304732036,0.0636112088676712,0.0519604711047248,0.0428266575600408,0.0359467008403772,0.0309383595965566,0.0273786565760064,0.0248646399124504,0.0230518305022205,0.0216680121416409,0.020508318361281,0.0194192771515553,0.018283560802204,0.0170147997335463,0.0155644645675498,0.0139363989556226,0.0121957183407238,0.0104615410541873,0.00887860612437141,0.00757526960591304,0.00662502068139564,0.00602831137014584,0.00572473867072393,0.00562853852550554,0.00566958474259816,0.00581794567466609,0.0060792557292354,0.0064657059882077,0.00696068868005859,0.0075012704125276,0.00799135805634849,0.00834143702332688,0.0085137258605972,0.0085460746156025,0.00853906836469046,0.00860903486547782,0.00883010348860341,0.00919419282340697,0.00960978377265442,0.0099405761104681
5.85026192836965,5.88237734706687,5.89678053381824,5.8947362575867,5.88153789279067,5.86501499553046,5.85356302377844,5.85426566052576,5.87149482557276,5.90609556932945,5.95504970285902,6.01145779620617,6.06477686781177,6.10140248016716,6.1057614079646,6.06200643403913,5.95619254456238,5.77856173750256,5.52540743260269,5.20001785525774,4.81242106968391,4.37798670794486,3.91524866681381,3.44348649605443,2.98058460523425,2.54151683468306,2.13756282545259,1.77615603041009,1.4611570230816,1.19334488145626,0.970992158880766,0.79046756174226,0.646857956959595,0.534598823184914,0.448068980833023,0.38207841471961,0.332175733990794,0.294741426882399,0.266889821383307,0.246256690868415,0.230776205054043,0.218535404830916,0.207753763261737,0.196876684552078,0.18472811282389,0.170648075705649,0.154550065970666,0.136869754707803,0.118413670700301,0.100152377619665,0.0830138269975228,0.0677255238911745,0.0547328348161051,0.0441915230726799,0.0360159556884768,0.0299527645567167,0.0256560336868115,0.0227487248995243,0.020864963179181,0.0196759855367583,0.0189017807917885,0.0183137259667918,0.017730950573334,0.0170159819022613,0.0160748313576281,0.0148630186357733,0.013395726075637,0.011752248401567,0.0100663117151635,0.00849715135967782,0.00718723889178408,0.00622243341789798,0.00561143885293208,0.00529613144909719,0.00518740234917453,0.00520917017929676,0.00532726895164737,0.00554807876279323,0.00588983562194453,0.00634454841405904,0.0068564874445457,0.00733258777299656,0.00768220571061974,0.00786469307023187,0.00791611453332994,0.00793739752592712,0.00804580155616884,0.00831405496552004,0.0087284431797324,0.00918864825852679,0.00955046076047936
5.79354609870619,5.841991246523,5.87681337139348,5.89753022074815,5.9078515082195,5.91419836957522,5.92366598847397,5.94206885530861,5.97252944648481,6.01476642679003,6.06497222341974,6.1160563571797,6.15808834981569,6.17892449776923,6.16512432663156,6.10326362156399,5.98161777960996,5.79198710177118,5.53127773699394,5.20242457012998,4.81437596304229,4.3811038498272,3.91985897212224,3.44906754828753,2.98630264189323,2.54667518572032,2.14182412730343,1.77951697757173,1.46375513870895,1.1952278431299,0.971968342450794,0.790096848941571,0.644568043330133,0.529858760949869,0.440538440426649,0.37167671001178,0.319060153875131,0.279225303536298,0.249349193455419,0.227066542211369,0.210292500947442,0.197112932873893,0.185774972121816,0.174767552827306,0.162949200538421,0.149663398758666,0.134785601292432,0.118674546569533,0.102031935293446,0.0857093820172444,0.07051505047699,0.0570681727571319,0.045729166562865,0.0366023329145211,0.0295895280721199,0.024461258548219,0.0209203764823238,0.0186461565110473,0.0173195485131158,0.0166387553702482,0.0163303471064823,0.0161596875669505,0.0159381548226342,0.0155268035768025,0.0148382246528665,0.0138386617412232,0.0125522172912784,0.011061432669139,0.0094979620584193,0.00801738545566399,0.00676120587914042,0.00581902343067953,0.00520679358528361,0.00487397871154566,0.00473658137216709,0.00472052247707026,0.00479219628605732,0.00495964275642652,0.00524542891029137,0.00564816878525862,0.00611907744078583,0.00657025274519019,0.00691335148802286,0.00710737974219686,0.00718618825790243,0.00724701280094667,0.00740166070836842,0.00771541045574135,0.00816605031937859,0.00864638197447477,0.009010486389647
5.70647585757827,5.76840034643683,5.82201313586939,5.86510949059919,5.89972928189833,5.93071804025771,5.96366469550822,6.00290627401481,6.05012245464908,6.1037225781661,6.15892040701092,6.20822575196576,6.24209730941431,6.24964130037806,6.21939414410029,6.14029534967385,6.00290122626845,5.8007440723157,5.53159303230642,5.19830062507196,4.80896928677273,4.37632669877572,3.91639563645872,3.4467144470124,2.98444859333492,2.54472425831565,2.13942535713396,1.77656925611792,1.46025390267979,1.19107306339437,0.966845405282687,0.783486378216164,0.63586984764673,0.518563197820841,0.4263660097736,0.354632736865964,0.299397357798911,0.257348097165514,0.225711459344577,0.202105351703012,0.184413432878262,0.170714449541221,0.159283373010189,0.148655163859948,0.137722240856984,0.125822844703693,0.112775665938951,0.0988355301455769,0.0845690667430867,0.0706818046512716,0.0578435201180644,0.0465577673214399,0.0371030480976691,0.0295422125626969,0.0237770761480676,0.0196131970527487,0.016810348513444,0.0151097952726431,0.0142446387079609,0.0139474688102669,0.0139624865002035,0.0140635914911961,0.0140706215102238,0.0138580681750768,0.0133555690814546,0.0125437923465986,0.0114519219783519,0.0101554475770068,0.00876988832435532,0.00743293413226814,0.00627417546323206,0.00538158792226047,0.00477900946811516,0.00442859306553062,0.00425821299769752,0.00420123810988608,0.00422681967416799,0.00434342598224635,0.00457477818846661,0.0049232583678286,0.00534639152892086,0.00576347707396763,0.00609204336408017,0.00629375130782057,0.00640079216897083,0.0065042589698055,0.00670620868272201,0.00706066413129898,0.00753591228638317,0.00802068768135381,0.00837307075368435
5.59161556789052,5.66491863634304,5.73595589972911,5.80081663993982,5.85980066196285,5.91605919358726,5.97355751793958,6.03507759034727,6.10082814019635,6.16790743380021,6.23053104460624,6.28072829325293,6.30918437551703,6.30602564420184,6.26151620584758,6.16675487742678,6.01447657469709,5.7999750357577,5.52203531610085,5.18366142029197,4.79236305124841,4.35983582296423,3.90100435389649,3.43255353223831,2.97119457664632,2.53197357191937,2.12691259589207,1.76419094155102,1.44795055516949,1.17867435941591,0.953979169893898,0.769602683690402,0.620366218789051,0.500948446849102,0.406388611928118,0.332324700982561,0.275028761014869,0.231326971902413,0.198480703253395,0.174078599375383,0.155964715329737,0.142207911446611,0.131113039068944,0.121265872286781,0.111597194902204,0.101441190680887,0.090556031609518,0.0790843859020366,0.0674475719986093,0.0561963407357567,0.0458580356898139,0.0368224806460449,0.029293278342455,0.0233012492596359,0.0187568674237136,0.0155065550137358,0.0133696042840185,0.012150132906975,0.0116349465971085,0.0115954007150003,0.0118013704946449,0.0120461682414522,0.0121696548862558,0.0120693844902128,0.0116975487883807,0.0110495601333608,0.0101550829156446,0.00907446012430993,0.00789761579106196,0.00673577857329294,0.00570075481499438,0.00487663222768842,0.0042962560280452,0.0039377235335129,0.00374431748339621,0.0036589356045614,0.00365317310079655,0.00373346374307526,0.00392134996578591,0.00422045703140889,0.00459412684617394,0.00497054549867704,0.00527598534040635,0.00547725648778057,0.00560576761188838,0.00574554844496619,0.00598721478491487,0.00637273763433963,0.00686230978331012,0.00734428145896593,0.00768527208609296
5.45154389318344,5.53485291440659,5.6221893151142,5.7079572938323,5.79066653229101,5.87169563826011,5.9533345342592,6.03682667526586,6.12100300829986,6.20178954200484,6.2725292219517,6.32482020815081,6.3495067279238,6.33755088697791,6.28068578148683,6.17190752284508,6.00593877291735,5.77976719746631,5.49326264640825,5.14975749306917,4.75639584693722,4.32405254979432,3.86669666807917,3.40020856100953,2.94080672828852,2.50336134154249,2.09991927996565,1.73872569798948,1.42390762173105,1.15581748564015,0.93187833536397,0.747668580883829,0.597970624699057,0.477575095485199,0.381748443467431,0.306391938311674,0.247994628507636,0.203504136897386,0.170207047862214,0.14565956934574,0.127667747320874,0.114295225304049,0.103883420861364,0.0950770837115542,0.0868545320986048,0.0785554146245704,0.0698865738150887,0.0608870439518504,0.0518409654902281,0.0431527493203784,0.0352165969137748,0.0283185334796355,0.0225966478969624,0.0180568213496698,0.0146215356907089,0.0121774142759876,0.0105998453582556,0.00975198315174763,0.00947261677234545,0.00957375412835043,0.00985634538289123,0.0101404313893008,0.0102927986666081,0.010238502219601,0.00995325386356047,0.00944495489558195,0.00873944328707099,0.00787703286655456,0.00691780197153868,0.00594354692261057,0.00504668904466327,0.0043069031750777,0.00376611561064755,0.00341851594442227,0.00322255496875551,0.0031297406184403,0.00311251875058888,0.00317337430599091,0.00333003380054131,0.00358658623662848,0.00391250646493785,0.00424599864302821,0.00452334145770696,0.00471719297899392,0.0048580823609943,0.00502255351583239,0.00529002115937435,0.00569222476829349,0.00618482687065061,0.00666013653180619,0.00699656248600085
5.28843371844712,5.38079154326184,5.48332971210993,5.58881282891067,5.69393903881121,5.79826851898749,5.90240242009728,6.00611013693535,6.10699981293724,6.2000425217496,6.27792797777517,6.33197467824043,6.35321681703257,6.33334813396237,6.26536173060017,6.14390176515121,5.96546530481653,5.72861775963123,5.43432091363658,5.08635034696009,4.69165810404816,4.26046750733538,3.80590265589052,3.34306266712858,2.8876126321904,2.45413156926026,2.05456266285137,1.69711206873783,1.38583118562037,1.12092571539358,0.899637656383045,0.71740603864867,0.568983325751246,0.449262054112805,0.353709639899748,0.278458179835385,0.220186299603178,0.175948171378071,0.143054797311247,0.119039799733629,0.101686090303768,0.0890672076928602,0.0795742781165433,0.0719226286717143,0.0651500574880286,0.0586158333836019,0.0519927119790153,0.0452360877938868,0.0385144606747126,0.0321073418105537,0.0262953535382483,0.0212766277859668,0.0171343855204163,0.0138539293173666,0.0113678655913031,0.00959632850817971,0.00846195000023989,0.00787899237667061,0.00773366892543548,0.00787834176883773,0.00814809338299244,0.00839394087153161,0.00851269792667542,0.00845744171228657,0.00822535170288838,0.00783343148658211,0.00730064183502244,0.00664575548574234,0.00589921215814881,0.00511450644300232,0.00436549173616324,0.00372693272304993,0.00324773690610874,0.00293496211772892,0.00275883281255135,0.00267687803209899,0.00266123517093314,0.00271081695319603,0.00284105706887888,0.00305845950015689,0.00334017805220169,0.00363488151237512,0.00388790028644564,0.00407566615470156,0.00422552291657408,0.00440522598240539,0.00468376493493912,0.00508582592945887,0.00556732783680181,0.00602914145613834,0.00636374682661781
5.10466658989718,5.20499995358142,5.32129501342011,5.44477125585756,5.57033585143443,5.69571489761787,5.81982388781073,5.94102845024092,6.05587209842354,6.15859980894683,6.24149725001416,6.29580743748013,6.31285768030329,6.28504995346557,6.2065022577762,6.07330992164085,5.88355257918749,5.63724621257718,5.33641381152945,4.98533422544988,4.59087987000498,4.16273263431805,3.71322971044459,3.25666818025305,2.80806383285149,2.38156338321455,1.98886198796931,1.63801666544175,1.33294687888752,1.07370654120091,0.857382770020029,0.67930600061261,0.53421266592752,0.41708547418239,0.323560459117907,0.249961585082242,0.193126821834882,0.150205346849719,0.118541236219576,0.0956685901602663,0.0793755502844535,0.0677713024850306,0.0593160177435137,0.0528092878830733,0.0473601604001654,0.0423616258651603,0.0374715459717569,0.0325863164901805,0.0277870630779762,0.0232571287695705,0.019189228112204,0.015713117481062,0.0128684238892638,0.0106222505894981,0.00891181983966671,0.00767994639449154,0.00688388698734402,0.00647809357809342,0.00638933655858953,0.00650800091834602,0.00670417460970396,0.00686158568629081,0.00690753995344251,0.00682142807346897,0.0066186526242925,0.00632221591472776,0.00594291221434801,0.00547919843064737,0.00493492183500002,0.00433840384270984,0.00374624421936687,0.00322668160463335,0.00283126418373056,0.00257426379827319,0.00243269499111831,0.00236751242079725,0.00235113116749408,0.00238229121195671,0.00247900956682451,0.00265476870391278,0.00289701536701406,0.0031645998451138,0.00340878168588692,0.0036048767195829,0.00377215409634279,0.00396653557670734,0.00424658649099339,0.00463298121365803,0.00508665133462058,0.00552132824358606,0.00584531082914642
4.90407280367394,5.01057966060386,5.13838556022006,5.27733011022272,5.42060737781163,5.56412895478477,5.70513511247809,5.84063791980066,5.96623544339107,6.07563253109832,6.16093027237272,6.21349699024327,6.22508372667581,6.18882987127173,6.09990699527505,5.95572260100023,5.75578445911664,5.5014410484668,5.19572684874445,4.84344367167545,4.45144480371213,4.02892673864986,3.58744852917464,3.14044366890028,2.7021520343142,2.28612665828867,1.90366072721729,1.56255276102381,1.26654396593381,1.01554798827735,0.806542489579483,0.634797730478067,0.495060669431133,0.382398798624068,0.292585551252665,0.222096570380045,0.167898676156336,0.127227608751236,0.0974761945352641,0.0762116818067426,0.0612655138503497,0.0508155759044726,0.0434137881824075,0.0379570712139021,0.0336341122405507,0.0298814684377863,0.026357893603703,0.0229238512338045,0.0196016647023597,0.0165087465105951,0.0137773161845255,0.0114894454135436,0.00965267056656999,0.00821763296353101,0.00711948880951174,0.00631155483869084,0.00577175185610526,0.00548242644290248,0.00540245902052949,0.00545601514458899,0.0055468802575958,0.00559106885211652,0.00554514579187537,0.00541228151090839,0.00522310371146785,0.00500470559879607,0.00476014512655681,0.00447044657316495,0.00411697102335187,0.0037061614451076,0.00327799512436328,0.00289139454278171,0.00259507898021433,0.00240431892669979,0.00229827612784639,0.0022400203353089,0.00220480655577796,0.00219680897297347,0.00224342100687544,0.00237086440969993,0.0025797505161915,0.00283817868610564,0.00309890358290231,0.00332960730035425,0.00353496008778992,0.003754530977571,0.00403515175235383,0.00439529529933418,0.00480448240760808,0.00519264402956317,0.00548530985962206
4.69309779687808,4.80272911162862,4.93859737352264,5.08940896339418,5.24679144281963,5.40490661667298,5.55934211107831,5.70578243393869,5.83894448074594,5.95210752119664,6.03733832215704,6.08628150037733,6.09122213184863,6.04607540839826,5.94702472850686,5.79268644285012,5.58386974262437,5.32314804196783,5.0145085680049,4.66327107149136,4.27629714547,3.86232013640878,3.43210076248998,2.99812593454091,2.57371951160834,2.17167330477611,1.80272511774805,1.47431246532536,1.18996470402689,0.949484218369922,0.749804789650454,0.586204978665571,0.453486102086845,0.346807809257802,0.262057677370164,0.195827086090339,0.145183553911436,0.107443055584073,0.0800655881205505,0.0606873984352898,0.0472239483866019,0.0379558177269375,0.0315478506476355,0.0270033178663875,0.0235930471223346,0.0208003265663524,0.0182941521760903,0.0159166349195989,0.0136556076958397,0.0115897149454441,0.00981604422159166,0.0083885354638964,0.00729388157381394,0.00646859071135952,0.00584033706775311,0.00536231065547343,0.00502041298883121,0.00481304960443518,0.00472209679161217,0.00469955461865273,0.00467934834785233,0.00460727764966162,0.00446669057398141,0.00428192635159169,0.00409679574874953,0.00394203531787951,0.00381467912639788,0.0036817763140079,0.00350602956925269,0.00327445787580716,0.00301022368626191,0.00275992618533014,0.00256470215491189,0.00243617128356821,0.00235296295927431,0.00228069407687468,0.00220102473202574,0.0021292228055218,0.00210811521866938,0.00218133649198111,0.00236460463069607,0.0026339250699853,0.00293929395578602,0.0032347791386879,0.00350439016023307,0.00376676765532849,0.00405486077802436,0.00438518046454515,0.00473751006767054,0.00505973964720741,0.00529550347516537
4.48123214275052,4.58943698468402,4.72851316983761,4.88635444288554,5.05323811348889,5.22169525487783,5.38571046642784,5.53965858603739,5.67739648919479,5.79182323425322,5.8750414415084,5.91904841784765,5.91671684907044,5.86274224234614,5.75426431204522,5.59100330618528,5.3749444630474,5.10977619713107,4.80037142812715,4.4525505666441,4.07319903684119,3.67060184921648,3.25470038440036,2.83695745701028,2.42965046267356,2.04465377243635,1.69200769428824,1.3786972000183,1.10801764983885,0.879702228900521,0.690721711886993,0.536448615443929,0.411800214013805,0.312052258257555,0.233196918178886,0.17191511206441,0.125352349014661,0.0908999735128563,0.0661017764581694,0.0486946534211246,0.0367130089699208,0.0285674082678092,0.0230497104701646,0.0192714689623287,0.0165812655273788,0.0145056406727171,0.0127267104589509,0.0110794341292256,0.00953523628073732,0.00815537254172413,0.00702236113430577,0.00617838280175997,0.00559946923233273,0.00521147247890125,0.00493208889176977,0.00470751620286225,0.00452240461776096,0.00438152154561816,0.00428095199266898,0.00419327237170458,0.00407678396063643,0.00390246281228152,0.00367677196980654,0.00344264179877413,0.00325599477278012,0.00315196948776103,0.00312399318090728,0.0031284122651033,0.00311219738180821,0.00304444278536681,0.00293112392218331,0.0028046764961531,0.00269640290713208,0.00261280062846236,0.00253206936318182,0.00242414367266493,0.00227997138609604,0.00212902565692341,0.00203206256628793,0.00205145413306202,0.00221796527293774,0.00251412757196767,0.00288474454869292,0.00326720354209975,0.00362170056201233,0.00394326274322793,0.0042491192456805,0.00455286416120686,0.00484415791431575,0.00508862970469084,0.0052478715798843
4.280372124284,4.38121833236176,4.51734950325464,4.67621359250846,4.84701018666739,5.02081588491454,5.19010688723445,5.34798687818129,5.48746332406466,5.60105959058844,5.6809209675197,5.71939963123354,5.70993591979452,5.64794554591952,5.53141691376487,5.36102931155513,5.13978879675006,4.87236719931815,4.56444236201286,4.2223135283515,3.85291167029897,3.46410562589136,3.06502319725238,2.66605782430536,2.27834255487239,1.91270617658672,1.57836994456002,1.28178732463578,1.02600411438042,0.810730445400923,0.633060211680173,0.48855452467494,0.372321609770082,0.279793769374091,0.207075102067883,0.15092391425187,0.108549502642549,0.0774152593100416,0.0551601529651995,0.0396429610223867,0.0290388252763972,0.0219023165212448,0.0171549741854397,0.0140099422146026,0.0118831948856567,0.0103367336932154,0.00906470435400564,0.00790140641272441,0.00681406023190734,0.00586125162724846,0.00512509630195335,0.00464755912630932,0.00440198714209022,0.00430786124705212,0.00427377473208113,0.00423683705688627,0.00417590290368106,0.00409572002442277,0.00399906105243364,0.00387115253490922,0.00368707329206549,0.00343640423390207,0.00314381038093986,0.00286802789125457,0.00267657687626364,0.00261043670596539,0.0026620342853238,0.00277976714657652,0.00289691266427788,0.00296563638644803,0.0029750234366967,0.00294372870794525,0.00289443177545395,0.00283075302610081,0.00273320937475796,0.00257826008244516,0.00236679736952919,0.00214119032546489,0.00197727789326105,0.00195287137145311,0.0021112420044129,0.00244043184030998,0.00288058608302162,0.00335386333731386,0.00379811096355206,0.00418546538677447,0.0045170644435501,0.00480218561509899,0.00503829667858829,0.00520658095443914,0.00528501474376827
4.10323956341708,4.18992593374935,4.31611489660915,4.46917873305518,4.63754199753938,4.81105427752116,4.98083720887487,5.1388133414482,5.27718155936934,5.38809503370992,5.46371925951997,5.49670892272341,5.48098093981172,5.41253311782816,5.29001869202199,5.11486332764181,4.89088398288547,4.62356597750523,4.31929152831757,3.98481683833127,3.62715949475828,3.25384063073344,2.87322864339185,2.49465598802329,2.1280646622944,1.78315143536166,1.46822460042453,1.1891396585826,0.948677214002746,0.746563189172393,0.5800925806721,0.445106245374369,0.336982516118813,0.251362280449085,0.184484780697807,0.133188977571574,0.094744004211383,0.0666839722910482,0.0467475570884049,0.0329228478004833,0.023530337446458,0.0172660170315101,0.0131708160430922,0.0105448488435949,0.00885774926858662,0.0076985362101566,0.00677202326055037,0.00591652903764062,0.0051030484983548,0.00439595441775267,0.00388417472929481,0.00361509415713079,0.00356394967752438,0.00364791728198022,0.00377003591910419,0.00386069943834838,0.00389321426632452,0.00386971700417527,0.0037941722808168,0.00365675815630212,0.00344072959388098,0.00314630172160912,0.00281034035798489,0.00250413223458185,0.00230629193022132,0.0022651674172065,0.00237459978158372,0.0025772642336776,0.00279426064076915,0.00296188981618073,0.0030538231349363,0.00307773589954045,0.00305210221545704,0.00298295048687369,0.00285759826646723,0.00266079435280802,0.00240118468722553,0.00212805441454908,0.00192423334723077,0.00187535980794012,0.00203254273867148,0.00238895098837449,0.00288371579067263,0.00342980524802117,0.00394890977029391,0.00439467564881611,0.00475374228456417,0.00502992198208844,0.005225482912419,0.0053335628094534,0.00534558641149035
3.96137560719037,4.02704097201352,4.13618066849563,4.27641771193756,4.43570298980417,4.60292485521038,4.76806973488393,4.92204367871749,5.05634266495289,5.16279506948635,5.23357050458223,5.26154561197579,5.24096561788347,5.16819613732643,5.04228809908122,4.86512192956819,4.64105036579757,4.3761575152331,4.07740888380892,3.75200056680416,3.40710652029577,3.05001724439842,2.68845808598774,2.33077640226481,1.98574007537724,1.66187866879496,1.36652637046605,1.10488636300359,0.879452203538095,0.689986101703107,0.534039947448428,0.407807378492311,0.307007237469575,0.227542932264229,0.165821949061075,0.118779737816944,0.0837507529223778,0.058340559016469,0.0403854101951155,0.0279964791085553,0.0196274039642669,0.0140974150789226,0.0105455425892972,0.00833920720644366,0.00698807886478825,0.00610267789948978,0.00540005796887266,0.00472794424491429,0.00406659109304902,0.00348933178985489,0.00309248892935043,0.00292833801851944,0.00297441313067032,0.00314826190678458,0.00335220589039831,0.00351545315513235,0.00360989111215294,0.00363599136255499,0.00359591527198394,0.00347835701188953,0.00326638141317566,0.00296249201969123,0.0026091691596638,0.00228643560676503,0.002083012290531,0.00205567693432485,0.00220162383379607,0.00245964082937894,0.00274007580618385,0.00296488557924551,0.00309493381126988,0.00313140338708912,0.00309482927351082,0.00300036683801513,0.00284705876643579,0.00262879913556088,0.00235756474968188,0.00208047182016088,0.00187603801971775,0.00182765217331946,0.00198854390644534,0.00235725958097563,0.00287766119762865,0.00346252113392496,0.00402659965823109,0.0045119005417058,0.0048936686854587,0.00516970345543723,0.00534403328717784,0.00541777368931722,0.00539222638886555
3.8633755781105,3.90201935414434,3.98774763160326,4.10868025399274,4.25256833648593,4.40762880861938,4.56299555362082,4.70880598500391,4.83604041705791,4.93630881151842,5.00179672016938,5.02551288319411,5.00184005407603,4.92723179821682,4.80079423016898,4.62449897896616,4.40290172023671,4.14243430285637,3.85051288479233,3.53476991293927,3.20264193962082,2.86136120272828,2.51819447039479,2.18065303351548,1.85641673464109,1.55286885763661,1.27634424004514,1.03135158143672,0.820065354728674,0.642277976702258,0.49582004893817,0.377279054689185,0.282761875937959,0.208477566949269,0.15103471983732,0.107486707772933,0.0752444423998899,0.0519868182780007,0.0356403425802048,0.0244226539621252,0.0168959751845674,0.0119740042777731,0.00886647057992762,0.0069876056314806,0.0058768031211287,0.00516565264015788,0.00458931290608011,0.0040119772631535,0.00342709191010482,0.00291592299496149,0.00257724872643783,0.00246235770499759,0.00254748029124321,0.00275112688575072,0.00297957638536178,0.00316773523977676,0.00329249300341403,0.00335627093084151,0.00335902944993677,0.00328375545146586,0.00310657432639677,0.00282483515583237,0.00248021309527352,0.00215718152954167,0.0019527013177718,0.00193207782224436,0.00209708148927151,0.0023842074385915,0.00269475363745306,0.00293848208160968,0.00306672949528836,0.00307907684248337,0.00300431609466043,0.00287289763095547,0.00269965722839327,0.00248759867990799,0.00224693096421644,0.00201319279371359,0.00184931382935966,0.00182662775335692,0.00199513976979626,0.00235937908954192,0.00287395634148601,0.00346062846974229,0.00403659078106269,0.00453922505538612,0.00493580064293351,0.00521810839681904,0.00538969545083705,0.0054565588478501,0.00542689294744786
3.81390469328434,3.82119386239113,3.87866019361989,3.97507213338982,4.09821635582042,4.23594260118426,4.37686923886969,4.51068772917191,4.62812411885185,4.72073178781359,4.78074946145848,4.80122060277448,4.77643937122376,4.70261502310442,4.57850986757763,4.40577443938986,4.18880186660674,3.93410824740445,3.64943603585605,3.34287782389863,3.02228273315843,2.695054134619,2.36825102917942,2.04876787046272,1.74334938964387,1.45830880318214,1.19899255911983,0.96918518880475,0.770698692522127,0.603319238368853,0.465137024966796,0.353132599642361,0.26381367227309,0.193714762880445,0.13966659217161,0.0988582042210999,0.0687878716104785,0.0472089215599469,0.0321275599108277,0.0218460017399218,0.0150051283084141,0.0105810666588875,0.00782695834172004,0.00618668489083418,0.00522420207622942,0.00459677536779778,0.0040668274797917,0.00352284953788828,0.00297382267065899,0.00250479746549567,0.0022084279259304,0.0021257726214533,0.00222547749521756,0.00242569951257823,0.00264017756910889,0.00281597259109656,0.00294181528924389,0.00302705544715909,0.00307130185672733,0.00305040544140861,0.0029295622611728,0.00269559665858243,0.00238387722702149,0.00207873105736889,0.00188232012691773,0.00186720300396154,0.00204003887196114,0.00233652948339635,0.00265121963741292,0.00288456476514748,0.00298184268654142,0.00294507700083065,0.00281564437510998,0.00264312683591789,0.00246032392522716,0.0022787001770414,0.00210268798426935,0.0019494147218177,0.00185821863690407,0.00188148980330357,0.00206231022413594,0.00241171885173262,0.00289941797236561,0.00346266809040455,0.00402765274461042,0.00453197092017438,0.00493729904064617,0.00522968233025743,0.00541128698848275,0.00549181364886327,0.00548517323154246
3.81370191788805,3.78746781902042,3.81382124615793,3.88225053023299,3.98078285841777,4.09721766006954,4.22003566462219,4.3388557800359,4.44445446333522,4.52851378150832,4.58336137724799,4.60195431814005,4.57823485853273,4.50779682129332,4.38863024333754,4.22163955380286,4.0106962293695,3.76216048671996,3.48401251194539,3.18487248264488,2.87320061402213,2.55685314043552,2.24298778007879,1.93815887285539,1.64838443945062,1.37903117188483,1.13450038166391,0.917834670191391,0.730430092261221,0.572000985789804,0.440836693688646,0.334265085752434,0.249166682732959,0.182389588538882,0.130986462088202,0.0922874962529922,0.0638829468347996,0.0435986261334898,0.029508509253713,0.019977544217709,0.0136972437291554,0.00967814278732176,0.00719517561537369,0.00571081161416997,0.00481344487044366,0.00419349228690548,0.00365022859486847,0.00310286333472543,0.00257610225794508,0.00215275807789862,0.00190969029845545,0.00186803116844941,0.00198217710481935,0.00216773205585563,0.00234784234061786,0.00248632502649915,0.00258919906682446,0.0026775643087098,0.00275397623511275,0.00278851930120544,0.00273479258901222,0.00256651736794139,0.00230868716642402,0.00204071715952345,0.00186559932187227,0.00186026400640693,0.00203558651064017,0.00232805943738983,0.00262868953989748,0.00283245158664561,0.00288201106354891,0.00278428982837597,0.00259456785328685,0.00238191167919818,0.00219668944299764,0.00205777393939549,0.00196209839745734,0.00190604817019188,0.0019027578810237,0.00198337847790037,0.00218275764551805,0.00251852199961786,0.00297682815869836,0.00351248961852688,0.00406261146372145,0.00456625101109543,0.00497998837889921,0.00528433197265898,0.00548059627044461,0.00558328828476697,0.00561327244702332
3.86039278226367,3.80071216801887,3.79520231796559,3.83409949595414,3.9058696815234,3.99859562652279,4.10102186779593,4.20308308815072,4.29590671000728,4.37146264166867,4.42215996824813,4.44069891589284,4.42036478977188,4.35574299477589,4.24362806480209,4.08378586750849,3.87926062079172,3.63608055559864,3.3624388786881,3.0676069232523,2.76090036854645,2.45094763988249,2.14534536330239,1.85061797626216,1.5722991101393,1.31496380322166,1.08213473941002,0.876104505940299,0.697792756241943,0.5467535048412,0.421380286568958,0.319262858940774,0.237587994185992,0.173472689627962,0.124166397708304,0.0871288608969738,0.0600366579816362,0.040781437890804,0.0274930348361065,0.0185813913933094,0.0127679540864585,0.00907874623307031,0.00679776242713226,0.00540166274356146,0.00450627641604306,0.00384211299922322,0.00325183184813999,0.00268808955576905,0.0021890033375756,0.00182883330104004,0.00166075786925801,0.00167903280943432,0.00181935410195971,0.00199309820719867,0.00213330152611274,0.00222233707801989,0.00228609113824216,0.00236059694543031,0.00245498919666493,0.0025371475699465,0.00255156984411333,0.00245919699793251,0.0022721993239862,0.0020602906996513,0.00192166952262366,0.00193321743749864,0.00210849673245103,0.00238668458477574,0.00265966928527181,0.00282196189899483,0.00281715366752508,0.00265784121322968,0.00241124807145134,0.00216245636533416,0.00197618718925782,0.00187721799795709,0.00185574003571937,0.00188992963786286,0.00196987591504666,0.00210803708962141,0.00233214672525536,0.00266592065957931,0.003110173012281,0.00363474989144373,0.00418502944347483,0.00469928986453783,0.0051276779734703,0.00544515266080443,0.00565369911360692,0.00577543624427299,0.00584139513125736
3.94964927009946,3.85853018655974,3.8222346042981,3.83177913260235,3.876288348235,3.94448196027152,4.02577136989439,4.11076820143218,4.19119439364123,4.25938859154181,4.30775042090914,4.32848362665176,4.31387408495682,4.25711093917001,4.15341875210436,4.00111572009693,3.80221464724616,3.56233613312323,3.2899448556451,2.9951434434638,2.68837672761087,2.37937333372744,2.07650732885126,1.78658112470192,1.51488895959788,1.26537723750847,1.04076639350103,0.842597028398478,0.67124978923067,0.52601771580112,0.405282727483899,0.306784892497907,0.227923235932301,0.166013523857989,0.118455500924249,0.0828105960267523,0.0568253364699306,0.0384456441623302,0.0258461811206629,0.0174701962278234,0.0120580207976678,0.0086430169384796,0.00651457900860009,0.00516426533607495,0.00423857567480201,0.00351123495481809,0.00286912013708907,0.00229613880471302,0.00183943765700045,0.00155993390658919,0.00148357577481578,0.00157609442676843,0.00175422739274453,0.00192508322512505,0.00203083579585811,0.00207094140677233,0.0020899444372794,0.00213922373346712,0.00223730698250785,0.00235460230293683,0.00243139998628073,0.00241866128190499,0.00231485005595533,0.00217542381058747,0.00208735299584872,0.00212197289161697,0.00229349416563987,0.00254616225443713,0.00277843413403872,0.00289063032047779,0.00283108772290469,0.00261754490442347,0.00232442339562869,0.00204598392967192,0.00185546939606177,0.00178138745733066,0.0018097156875423,0.00190671203236215,0.00204708438668304,0.00223089537559686,0.00248172863967509,0.0028284611918924,0.00328253732707923,0.00382328601038137,0.00439891680342329,0.00494278351744716,0.00539634956778968,0.00572880545992843,0.00594445708439514,0.0060761161137214,0.00616870296671021
4.0761566008548,3.95696926046816,3.89227853531014,3.87395860107597,3.89205228460048,3.93628348815741,3.99710687081679,4.0661024567033,4.13572706810257,4.19865223696996,4.24707248923414,4.27238764187098,4.26552868514954,4.21794857510066,4.12302864336983,3.97746531568953,3.78217830580031,3.54242857282532,3.26709587873198,2.96733243146571,2.65498047398439,2.34116062711769,2.03531301854725,1.74477816873298,1.47482087090721,1.22890312762718,1.00901455808021,0.815944927527884,0.649478298585387,0.508548584223833,0.391408310795406,0.295829969310471,0.219321423148692,0.15931606633349,0.113306230976964,0.0789171407881509,0.0539414681942989,0.0363643621726669,0.024395564373152,0.0165057402018196,0.0114517992848372,0.00827538702283609,0.0062742987747525,0.00495798902081845,0.00400445209558969,0.00322804734763702,0.00255426957156363,0.00199159591127729,0.00159103141723482,0.00139848402982036,0.00141489582777365,0.00158212663540624,0.00180243469646563,0.00198049276957071,0.00206572032833635,0.0020699198241364,0.00205113590707991,0.00207326941122379,0.00216540544684252,0.00230529652643446,0.00243524622659886,0.00250079643098916,0.00248725793996973,0.00243198377423987,0.00240431034888822,0.00246427920882025,0.00262467290494137,0.00283765162236302,0.00301479853308248,0.00306934242871695,0.00295837898157661,0.00270341634748524,0.00237950123638003,0.00208096078408726,0.0018818362991441,0.00181143217278553,0.00185472741151482,0.00197420185092564,0.00213911251259344,0.00234525564424862,0.00261587565075017,0.00298392647917899,0.00346675888241798,0.0040470338865861,0.00467026927479009,0.00526115777435885,0.00575068242003006,0.00610197648632022,0.00632241690516357,0.00645706061079863,0.0065669543496229
4.23398814062692,4.0908528370665,4.0009174080587,3.95705318926403,3.95051705725458,3.97239522146967,4.01450042528543,4.06956554005304,4.13079022798344,4.19101396538115,4.24193548108628,4.27380744377239,4.2758873067683,4.23765885736678,4.15054589111425,4.00963019081653,3.81484599963124,3.57126962437017,3.28840478622463,2.97867046154447,2.65551697638065,2.33165484208132,2.01777275267739,1.72191267129612,1.44944677058618,1.20345297570118,0.985244699798267,0.794865426511011,0.631460379725013,0.493526163394195,0.37908765700114,0.28584806010474,0.21133220391531,0.15301667058487,0.10843110745688,0.075226086107574,0.0512149122498514,0.0344060172048966,0.0230358277202344,0.0156004721326244,0.0108766737483321,0.00792055002694245,0.00604424908178608,0.00477760406627659,0.00382716011452588,0.00303984668879103,0.00236918818441245,0.00183901412318488,0.00149986945616093,0.0013848505316602,0.00147757346300981,0.00170591646192758,0.00196565607275836,0.00216194493872879,0.00224835648571181,0.00224159878871699,0.00220486330829416,0.00220894493387103,0.00229278816883083,0.00244556545471314,0.00261808362554903,0.00275601454756252,0.00283342019858601,0.00286707378122411,0.00290340898797408,0.00298619489366519,0.00312510229004881,0.00328315020265972,0.00339150638924093,0.00338316648644138,0.00322761236806013,0.0029481920729549,0.00261329350803471,0.00230743449266613,0.00209707649961348,0.00200897568760837,0.00203017681660229,0.00212750607911352,0.00227462756472034,0.00247096588388056,0.00274295211130093,0.00312653820998744,0.00364096830495184,0.00426772903618044,0.00494651427522629,0.00559210699207576,0.00612489217382405,0.00650175954519679,0.00673220338987382,0.00687207245162092,0.00699757163214595
4.416283292521,4.25362561122115,4.14196756249613,4.0753660341117,4.04659330738222,4.04840692377885,4.07419213554421,4.1178852194559,4.17329790225884,4.23316222116586,4.28833821965661,4.32761372652597,4.33836098781144,4.30803628190131,4.22620490649071,4.08655520076365,3.8883199077483,3.6366741099552,3.34197954031157,3.01808317858132,2.68013474859832,2.34247749098247,2.01707061910841,1.71268050857203,1.43481986054869,1.18622176003527,0.967556375297566,0.778134399148039,0.616448604033479,0.4805183772792,0.368082828386581,0.276710947356182,0.203883141934402,0.147067620597711,0.10379139629218,0.0717008283596837,0.0486086696867735,0.0325325775243676,0.0217284766472859,0.0147174270307472,0.0103007448540084,0.00755611632638389,0.00581546260086269,0.00462925559575833,0.00372629957271942,0.00297473926815164,0.0023435694273089,0.00186285554376253,0.0015804560656138,0.00152210760460832,0.00166504057459177,0.00193533984529015,0.00223119826500032,0.00246079747268849,0.00257760334630103,0.00259429583975918,0.00256932913498707,0.00257328308089383,0.00265287219579086,0.00281161671845648,0.00301471875642945,0.00321380625243431,0.00337487455876545,0.00349368802525837,0.00359074567964163,0.00369027860012344,0.00379780100658833,0.00388955514264837,0.00392127307218908,0.00385083124231436,0.00366238170762473,0.0033786669904589,0.00305448514728381,0.00275556843400332,0.00253334286822303,0.00240910366615489,0.00237464320311934,0.00240802847109554,0.00249538233236424,0.00264578731567789,0.00289110295511424,0.00326908698818881,0.00379826004312884,0.00445724560324272,0.0051804370151426,0.00587497420190815,0.00645281700853402,0.00686469204151829,0.00711933380724448,0.00727842003085729,0.00742845564336896
4.61445488255155,4.43686249567172,4.30728110211821,4.22114792967216,4.17300496084955,4.15749014173401,4.16963867490098,4.20449462851478,4.25622939537788,4.31712725262384,4.37688157465153,4.42260085317246,4.43974286658011,4.41391395591285,4.33317164596099,4.19025729568996,3.984147110979,3.72046957752138,3.41065181422817,3.07001575914867,2.71532519154579,2.36239340577852,2.02427162148594,1.71030551146594,1.42606221005019,1.1739034333508,0.953871585531088,0.764577565861117,0.603891174009001,0.469368982392438,0.358462142005254,0.268591698804198,0.197175135381161,0.141653932664714,0.0995361810443515,0.0684497418378262,0.0461942748954021,0.0307865583206821,0.0204957982584997,0.0138666780861862,0.0097280833768566,0.00718394495598967,0.00558871500098468,0.00451139158450187,0.00369530379357907,0.00301843374413479,0.00245412449900329,0.0020319131728046,0.00179704902821159,0.00177464776166117,0.00194624921581854,0.00224674569089167,0.00258349849962317,0.00286852784071948,0.00305023273547894,0.00312866906795761,0.00314844348986586,0.00317321365218309,0.0032548938118368,0.0034130320002459,0.0036318189013199,0.00387424292289301,0.00410247856398743,0.00429330134714176,0.0044412425169807,0.00455007006440933,0.00462076334983341,0.00464381414478363,0.004601675687096,0.00447905118503286,0.00427478520052885,0.00400803576676143,0.00371434509482987,0.00343408217525351,0.00319863637982329,0.00302240643834042,0.00290451561730276,0.0028395115323321,0.00283139056249565,0.00290219357039093,0.00308952847038847,0.00343129347317696,0.00394386077414461,0.00460389936200285,0.00534436270188378,0.00607018623133629,0.00668918573672765,0.00714642910305595,0.00744562997229455,0.00764659544200192,0.00783809654777878
4.81740242871875,4.62979381082812,4.48657132462813,4.38469470014058,4.32062166140155,4.2909301416504,4.29221986024155,4.32040572835846,4.36968074337323,4.43153686919571,4.49426163822237,4.54324609403728,4.56224610457942,4.53546774729359,4.45007205430903,4.29850816365042,4.08006489037155,3.80120183742444,3.4745416507053,3.11676824763237,2.74596147551931,2.37901217092126,2.02967166150633,1.70754849866181,1.41806305324197,1.16312246181914,0.94215116432901,0.753125353695192,0.593376215836102,0.460076087855729,0.350449300717101,0.261811384094477,0.191544418742133,0.137080108202546,0.095916738811414,0.0656663563132475,0.0441131213902034,0.0292676280677447,0.019406943014863,0.0130960683645615,0.009190837094469,0.00682213297720047,0.00536657573946792,0.00440829249872232,0.00369842622111116,0.00311645647593259,0.00263293880280963,0.00227351121346553,0.00208224553155734,0.00208894257534455,0.0022862474201949,0.00262341270477384,0.00301930928823005,0.00338832754483812,0.00366924989113965,0.00384340599614835,0.00393558341915891,0.00399803246287139,0.00408567684160072,0.00423443938975659,0.00445011616271556,0.00471125273601564,0.00498100519735506,0.00522153925433153,0.00540457965064395,0.00551503675479686,0.00554955129218426,0.00551207178031751,0.00541036028614313,0.00525400925896197,0.00505395588559282,0.00482244911935807,0.00457208348763141,0.00431468620473865,0.00406004053209583,0.00381639392014793,0.00359303197556954,0.00340464484637801,0.0032758475380399,0.00324216962995166,0.00334526788321433,0.00362070449843543,0.0040816909338253,0.00470516950533171,0.00542826783062225,0.00616086405323968,0.00681218294806865,0.00732271517450316,0.00768668270610665,0.0079534311820429,0.00820469179952894
