0.923130288591031,0.980743304071564,1.0483217649219,1.12516561153169,1.21026014125013,1.30243533100002,1.40066805798398,1.50440411069935,1.61375432986403,1.72946243284904,1.85263391713976,1.98432336691958,2.12515003256737,2.27511940833443,2.43375753327776,2.60054152780988,2.77547748812324,2.95958930829843,3.15507712816792,3.36498725649429,3.59238474218823,3.83917918967371,4.10487601515453,4.38556471659451,4.67340802626054,4.95678139548834,5.2210694215044,5.45000112120516,5.62732078225868,5.73855865619407,5.77267089806035,5.72334720823494,5.58982612911264,5.37710721107242,5.0955156167075,4.7596552116339,4.38687913042558,3.99548965391674,3.60292991449944,3.22423032460517,2.87091620796325,2.55048866652501,2.26647995196358,2.0189906976988,1.80555529526954,1.62215933876502,1.46424306884131,1.32755191084802,1.2087344707284,1.10563202836117,1.0172560304227,0.943506042098229,0.884732598071423,0.841281372656264,0.813151012876208,0.799853939882051,0.800493847548138,0.813996211484225,0.839373172849323,0.87590046211151,0.923130287941285,0.980743303427993,1.04832176428026,1.12516561088578,1.21026014059357,1.30243533032893,1.40066805730001,1.50440411001204,1.613754329192,1.72946243221931,1.85263391658535,1.98432336647597,2.12515003226848,2.27511940820898,2.43375753334664,2.60054152808489,2.77547748860737,2.9595893089873,3.1550771290525,3.36498725756402,3.59238474343426,3.8391791910915,4.10487601674492,4.38556471836273,4.67340802821304,4.95678139762776,5.2210694238236,5.450001123682,5.62732078485289,5.73855865884734,5.77267090070032
0.927318611130713,0.989564553902719,1.06135391403661,1.14192827776332,1.23033606293752,1.32559163259014,1.42693257049866,1.53405661193204,1.64721928805425,1.76713128271233,1.89468365508201,2.03061406486455,2.1752635133692,2.32854688444095,2.49017496625467,2.66005794723519,2.83873148366188,3.02761421983253,3.22894389357689,3.44533185252721,3.6789926009056,3.93079972462172,4.19936949687057,4.48036449425718,4.76615907374397,5.04594059440261,5.30625625347414,5.53197079339976,5.70756447551348,5.81866717955676,5.85367892273756,5.80527651803898,5.67157019196417,5.45667719823594,5.17054633773656,4.82799142619388,4.44705216579615,4.04694851308074,3.64598487117943,3.25976399259332,2.89998435756312,2.573952122831,2.28478003535308,2.03212002660143,1.81320728207488,1.62398618309049,1.46012770711887,1.31780722801207,1.19417576842234,1.08751275226106,0.997097546419003,0.922878404997822,0.865049524642712,0.823659998256949,0.798361801774554,0.788357237290453,0.792535760834485,0.809724103357576,0.83893215991567,0.879485113980041,0.930984917113807,0.993123241082705,1.0654407519341,1.14715718093506,1.23717338407205,1.33427075979298,1.43744284634741,1.54622360087555,1.66086260949219,1.78225006698151,1.91159310505424,2.04995504345021,2.19783847162766,2.35499461754763,2.52056437662852,2.69353045939806,2.87332944238051,3.0603891597336,3.25635488437025,3.4638483887295,3.68574413190359,3.92409299792045,4.17893455722748,4.44727653110822,4.72248455768388,4.99423571646773,5.24907631698227,5.47152353086651,5.64557239477958,5.75642271387571,5.79221263514456
0.940950849666971,1.00689936558447,1.0816763776477,1.1644289640061,1.25426553460247,1.35042093566553,1.45246640333838,1.56045190361587,1.67489310395903,1.79658890753849,1.92634010964317,2.06469760521717,2.21186423613716,2.36781159442444,2.5325743044486,2.70659746178625,2.89097469922241,3.08744326028888,3.29808512563864,3.52478094287444,3.76853871300122,4.02883914506731,4.30311108616207,4.58639269304735,4.87118713027865,5.14751071819493,5.40315670806497,5.62423916235863,5.79609373082946,5.90457008732066,5.93764437117083,5.88714147303761,5.75024097826168,5.530401696626,5.23741581812208,4.88648109009454,4.49641344457857,4.08733508068522,3.67829689835575,3.28529154173994,2.91998841571467,2.5893258624295,2.29588932672334,2.0388521791331,1.81518714238458,1.62087150781439,1.45188250748048,1.30487144194731,1.17749101050965,1.06841126558304,0.977099971461663,0.903465678285431,0.847472338282291,0.808829432745787,0.786835369569885,0.780405458684488,0.788254016712201,0.809147732450636,0.842119708147857,0.886551431642013,0.942085799297753,1.00840978859103,1.08500956630427,1.17102020870149,1.2652605546712,1.36646398986918,1.47362711280491,1.58633411058383,1.70490868767017,1.83030498134153,1.96375068711815,2.10626365097468,2.25822656938356,2.41919913521279,2.588065652839,2.76349121564832,2.94453507353601,3.13119483705231,3.32465892641671,3.5271237742463,3.74116206040671,3.96875790831712,4.2102194772401,4.46320958579626,4.7221059631318,4.97783393760249,5.21823034133634,5.42892297212536,5.59464532099071,5.70085338640833,5.73545971979056
0.962439559017823,1.03131483193379,1.10804748168479,1.19164618108863,1.28125846822582,1.37634883954818,1.47686324942816,1.58327474741868,1.69645608666434,1.81741432346782,1.94700078203983,2.08573812966377,2.23385966843685,2.3915571198805,2.55932404941364,2.73822031614562,2.92989902188845,3.1363283658596,3.35926500958029,3.59963230748282,3.85698368772607,4.1291723053982,4.41224139548074,4.7004484669343,4.98630129704043,5.26053733512702,5.51209574235317,5.72825547899906,5.89516513971433,5.99892975798176,6.02724536873104,5.97134481698079,5.82782855078375,5.59988457587329,5.29749904996614,4.93649723119588,4.53656228118053,4.11864947853976,3.70235867503462,3.30380661573791,2.9343690015843,2.6004112913819,2.30387874246497,2.0434471361594,1.81587712198848,1.61725996682878,1.44395187532458,1.29311667236252,1.16289868620658,1.05230838313212,0.960929783955389,0.888559960158476,0.834880017312813,0.799236471183618,0.780579585690619,0.777562503595916,0.788754615760868,0.812884861913264,0.849015993064923,0.896576287745825,0.955231240093942,1.02464690571977,1.10425068568281,1.1931049271935,1.28997095389637,1.39356083157669,1.5028900473412,1.61758782278344,1.7380233769425,1.86517036879452,2.00023301936086,2.14416029641249,2.29723033781434,2.45887544931843,2.6278344538389,2.80259810668349,2.98199795913448,3.16572485376232,3.35457444352395,3.55029566438547,3.75503760386561,3.97050231513984,4.19698692187219,4.43251661640949,4.6722419016194,4.90821978737025,5.12963980507421,5.32350778561903,5.47575389566235,5.57268151972255,5.60260887113961
0.988763087279715,1.06000769867038,1.13797339928841,1.22148121926686,1.30967669071832,1.40222884933776,1.49945627949707,1.60228261831442,1.71200077600962,1.82992840419696,1.95710787889326,2.09420275512773,2.24165541044358,2.40003915179618,2.57042252911786,2.75452944779835,2.95454843178654,3.17259301272957,3.40997410635942,3.66653436484433,3.94026985621019,4.2273283719943,4.52229644455974,4.81855278212532,5.10845118005916,5.38321712485708,5.63264722405511,5.84489570464755,6.0067099465072,6.10438677517287,6.12547576558435,6.06094680385132,5.90729083452783,5.66794020543074,5.35352719709494,4.9808029990387,4.57041473492124,4.1440513208559,3.72161849270664,3.31904993807985,2.94713712342324,2.61145809935567,2.31320501363843,2.0505365450086,1.82004343617406,1.61799469609298,1.44117667864812,1.28728495049351,1.1549402052882,1.0434541244336,0.952480513586466,0.881666893351183,0.830391437655289,0.797637042899031,0.782018795200459,0.781944185919223,0.79584742031062,0.822415838084277,0.860723575308288,0.91021861639623,0.970563287409485,1.04138935274709,1.12207230030246,1.21163023997244,1.30881128107995,1.41235519252029,1.52133790995404,1.63545921930746,1.75514182122658,1.8813755235688,2.0153381680502,2.15792064925569,2.30933125512567,2.46893737593334,2.6354187937745,2.80719138970804,2.98295497163289,3.16216590058279,3.34525413616498,3.53348310005302,3.72846141212174,3.93141144777509,4.14235672086352,4.35939393717,4.57818289055269,4.79174208787082,4.99059824078807,5.16331363763445,5.29738970703411,5.38050611286791,5.40198845557564
1.0162334868364,1.08947344076364,1.16826750983184,1.25120011573017,1.33735539506339,1.42654556943111,1.51941071264268,1.61729967296176,1.72194195737778,1.83503529527734,1.95793593166326,2.09160980232894,2.23687978721976,2.39484631391294,2.56724131845987,2.75646960171512,2.96521024507744,3.19564792560313,3.44858742535859,3.72277945737526,4.014710171725,4.31890233245108,4.62854259049271,4.93609626527259,5.23358539010038,5.51239258063933,5.76273281443998,5.97318180709056,6.13073384559569,6.2217309066605,6.23369012861647,6.15768037988333,5.99061381068113,5.73674438812583,5.40784574690162,5.02191022202651,4.60064174787755,4.16635215782116,3.73900477778981,3.33405104901172,2.96142686569086,2.62572931554058,2.32729529457938,2.06373880382572,1.83149475720914,1.62703266053182,1.44757900926058,1.2913525421691,1.15743007082872,1.04540512177598,0.954993648968048,0.885702073319565,0.836626896487195,0.806412588575644,0.793357452670726,0.795626158902825,0.811500997753108,0.839593402881212,0.878944532388199,0.928978818600732,0.989325141409612,1.05957299957175,1.13906433973237,1.22681529432008,1.32161879256887,1.4223051558132,1.52806845530713,1.63872592613709,1.7547900692428,1.87729777822651,2.00743333099626,2.14607011956541,2.29339694624331,2.44877415783144,2.61088256450503,2.77811903474953,2.94909688913523,3.12306575625398,3.30009112372833,3.48091339575565,3.66651058170532,3.85747193656851,4.0533307764723,4.25199384275182,4.44936335411963,4.63920373853159,4.813276509383,4.96176110694254,5.07397454411832,5.13938077063887,5.14882368045127
1.04132290334308,1.11625248406576,1.19569549032927,1.27795986409737,1.36199796045554,1.44767233434655,1.53584565071847,1.62821070929455,1.72689560295498,1.83400222726888,1.95129003829633,2.08016455623962,2.22197902022424,2.37848149330568,2.55212584075791,2.74598602150532,2.96317236869102,3.20588141415939,3.47440650960175,3.76649088845314,4.07728176896441,4.39988499998091,4.72624861947252,5.04794862871851,5.3565006726923,5.64306737993909,5.89776671570726,6.10906058400602,6.26377285143893,6.34810515149244,6.34964138475656,6.25990811530538,6.07676258592085,5.80583703110338,5.46050698245698,5.06028225259995,4.62798878383385,4.18644801429412,3.75546069730071,3.34975002099935,2.97818771474486,2.64424887424284,2.34733845510659,2.08448872790962,1.85195221189511,1.64636363150958,1.46534295950218,1.30758559654621,1.17259545738445,1.06024979499409,0.970362220049778,0.902357870181791,0.855117960182147,0.827001776619028,0.816015699443078,0.820071510030896,0.837257840372271,0.866048081474505,0.905383626519273,0.954609934615082,1.01329090240822,1.08097254280502,1.1569917578838,1.24041420436099,1.33014187157788,1.42516227735847,1.5248495458399,1.62919344000533,1.7388470287296,1.85494545957397,1.97873453666587,2.11112885439613,2.25235542043965,2.40181727366301,2.55823225715056,2.71999887562969,2.88565229884791,3.05423642640665,3.2254478893377,3.39948858121109,3.57666464286234,3.75684557505876,3.93892669872163,4.12041444050549,4.29720133098523,4.46354757615326,4.61225980086412,4.73506298486961,4.82317470482904,4.86808959303423,4.86254341695241
1.06136928354641,1.13759889016185,1.21758007792756,1.29932421724784,1.38158213094678,1.46415355359486,1.54798600944706,1.63498373204428,1.72757966747893,1.82825101244394,1.9392038643893,2.06238215054401,2.19978622600201,2.35390198367742,2.52793617526155,2.72559920660139,2.9503660571362,3.20439958420329,3.48751518364162,3.79659452062827,4.1256920456936,4.46678076397831,4.81079583702306,5.14849404750379,5.47073841622774,5.76811265291042,6.03014001682627,6.24465677839687,6.39792681956123,6.4758479152645,6.46617102724617,6.36120585637364,6.16020606022347,5.87063481140104,5.50781476601531,5.09294958775444,4.64999252317896,4.20215573468881,3.76890481541742,3.36407300326107,2.99535409155431,2.6650379686678,2.37156148789384,2.11133398654546,1.88035676658979,1.67533121841735,1.49416107215983,1.33592753214743,1.20051754926563,1.0881088894225,0.998685211021452,0.931696105439128,0.88591552665429,0.859498426592283,0.850193725039026,0.855643791437229,0.873685527118304,0.90257369877944,0.941069201671489,0.98837722416501,1.04396725397555,1.10734767175267,1.17788653288339,1.2547550802121,1.33702824568835,1.42391280577885,1.51501863232941,1.61055836239429,1.71137529616807,1.81875658011276,1.93406864899162,2.0583277026037,2.19185227066609,2.33412532406662,2.48391810201199,2.63962906128757,2.79970584929369,2.96298312225452,3.1288004842726,3.29684686257454,3.46677978004091,3.63774253351545,3.80792670048327,3.97429415688009,4.13250744946989,4.27705523674901,4.40152638464737,4.49899410867109,4.56249787414945,4.58563133203772,4.5632313893049
1.07502070847095,1.15194124731901,1.23225122151003,1.31367515894219,1.39470694554312,1.47496592389556,1.55532348083297,1.63772368970739,1.72476092899875,1.81920443779474,1.92369653379377,2.04076890794211,2.17314320853155,2.32409942271636,2.49760446853892,2.69796052344725,2.92894099612473,3.19264113350358,3.48845124337671,3.81255959203168,4.15819473538765,4.51649885099598,4.87763907795304,5.23165230757445,5.56865305450567,5.87836665385276,6.14933210839916,6.36837281226476,6.52092088019202,6.59248888313947,6.57111601594356,6.45016666199558,6.23061833328465,5.92204743216423,5.54188857818382,5.11306455807612,4.66057024473766,4.20787263030201,3.77398029387634,3.37177028288501,3.0077531019252,2.68306102576822,2.39517890083419,2.13985878921248,1.91275029669801,1.71046899994413,1.53103573358115,1.37378295646417,1.23891541540184,1.12693070445361,1.0380756967136,0.971960125939488,0.927388524087042,0.902415153707623,0.894578661772682,0.901238886117498,0.919920434306925,0.948574873980668,0.985700037371506,1.03030163619378,1.08173085459748,1.13947101891588,1.20296250898514,1.2715389818562,1.34450763854474,1.42134713858616,1.50194602926239,1.5867759012879,1.67690547333439,1.77381328509266,1.8790308078554,1.9937205293325,2.11832896735162,2.25243932736653,2.3948779704182,2.54403278335055,2.69825556769318,2.85618315194191,3.01684190612891,3.17948378403231,3.34320865992912,3.50650732279902,3.66688536112106,3.82068968473344,3.9631812455399,4.08881843454662,4.19166740367197,4.2658569562479,4.30602897012378,4.30777626849902,4.26807602223153
1.08234193723683,1.15905365030288,1.23925935386878,1.32044268075571,1.40081221198105,1.47970267190677,1.55774514667096,1.63673148289115,1.71923762629308,1.80819256826149,1.90660802021622,2.01759560948699,2.14462165724331,2.29177854658131,2.46377959053965,2.66547003995298,2.90086387258858,3.17196681656936,3.47780244697982,3.81402504480404,4.17328016391071,4.54615036484291,4.92225925914569,5.29103505838672,5.64181096914387,5.96329675044483,6.24283018567365,6.46603090990172,6.61740851843314,6.68213329069054,6.64868967811125,6.51170395518313,6.2740528482863,5.94750217069637,5.55154875282011,5.11068133009129,4.65074024249058,4.19528063559623,3.76277205474041,3.36515504211595,3.007852580255,2.69095537080256,2.41107005381507,2.1632782995899,1.94276727290733,1.74588394154714,1.57056217736086,1.41621720640272,1.28328212992146,1.1725811361378,1.08471536697676,1.01959596195388,0.976206185980975,0.952615949808433,0.94621434733776,0.954079134940319,0.973375341758867,1.00167959717466,1.03715625896689,1.07856332443042,1.12511876557715,1.1762994790197,1.23166157928614,1.29075585451932,1.35317451085114,1.41870981511312,1.48755692611269,1.56046346741158,1.63873575926373,1.7240564145895,1.81813701981479,1.92230135606783,2.03713371370096,2.16231794641263,2.29672745992857,2.43873127025398,2.58659154391811,2.73878463089052,2.89410361847985,3.05148528458876,3.2096184012451,3.36648015320186,3.51898051858355,3.66285496829267,3.79285580151925,3.90319345992979,3.98810962808093,4.04245135188033,4.0621492295174,4.04456077600259,3.98868656643439
1.08458748386542,1.1599217794492,1.23932172153888,1.32011242089451,1.40022447922037,1.47863363875447,1.55558519633414,1.63252925658758,1.71182654143437,1.79639674376053,1.88950132620242,1.99476323341556,2.11635911297003,2.2591685237638,2.42861561368755,2.63004062730607,2.86765581166013,3.14337209666596,3.45590686129925,3.80051689137959,4.16945971557498,4.55297020789401,4.94030727155355,5.32039874443007,5.6818267901505,6.01226493379371,6.2978290206588,6.52296605589114,6.67137414087342,6.72806039363222,6.68215080730057,6.52967488036906,6.27543010662119,5.93324318560872,5.52441345898408,5.07466864426524,4.61038759040254,4.15500669948076,3.72639481417836,3.33563545813562,2.98723519051609,2.68043036565338,2.41107854686259,2.17361365497023,1.96266756441931,1.77413966635593,1.60566598286078,1.45656079934568,1.3273742098432,1.21923746378383,1.13317001965479,1.06950273878457,1.02753160663218,1.005456356281,1.00058775906708,1.00974304086971,1.02970790892767,1.05764132238918,1.09132972543007,1.12925500343966,1.17049939241016,1.21455718501541,1.26114296840399,1.31007444380821,1.36127355415832,1.41487709444943,1.4714003911481,1.53186477790183,1.59780066461554,1.67107539532031,1.75355944501356,1.84671657062396,1.95124794796272,2.06691890358459,2.19263662635805,2.32675212537308,2.46746426487582,2.61315214883991,2.76248267195768,2.91422617515333,3.06683623490811,3.21795273093896,3.36403145332734,3.50026642452009,3.6208710424044,3.71966470182196,3.79081756277521,3.82957456271411,3.83280852477168,3.79932288679612,3.72989942744093
1.08372819362899,1.15636410472674,1.2340368802835,1.31402475553717,1.39402593889813,1.47262521481306,1.54957585238538,1.62582399320217,1.70332537030941,1.78480309664815,1.87360616431777,1.97374114937439,2.08999855878726,2.22796987030189,2.39372810268746,2.59306084667078,2.83035633707931,3.10744924758394,3.42282041543153,3.77144667504756,4.1453442150442,4.53454827490799,4.9280784075415,5.31445741133237,5.68159737816059,6.01623588248132,6.30342251242146,6.52666100801442,6.66912578441545,6.71595511821133,6.65714142070939,6.49019784258178,6.22173271402813,5.86733667421234,5.44968391623613,4.99527710345383,4.53063705718511,4.07883402956193,3.65707350591024,3.2756859062808,2.93846977675983,2.64403695975179,2.38767018725936,2.16322519341483,1.9647325613134,1.78750700356744,1.62870529066445,1.48736690474705,1.36403398021346,1.26009027654456,1.176989178956,1.11554962996243,1.07547508843055,1.0551897554137,1.05200087759415,1.06251077137354,1.08314352579655,1.11063941331339,1.14240008842863,1.17663056998583,1.21229027998995,1.24891890140789,1.28642812244159,1.32494354280336,1.36475086664231,1.40635076022826,1.45057895107192,1.49871096092055,1.55246462000889,1.61384301932736,1.68482026735664,1.76694512972019,1.86098772073949,1.96676064930929,2.08319101916715,2.20862436744634,2.34124029790926,2.47939963730615,2.62175771736252,2.76706544896546,2.913711775252,3.05917780398661,3.19962917382684,3.32984046951597,3.44353779662494,3.53410769177664,3.59550269983219,3.62312189179261,3.61446468080702,3.56943473937756,3.49026937272391
1.08188247907794,1.15053238546132,1.22546410783591,1.30403617706346,1.38379418647968,1.46294903564514,1.54071140657863,1.61741176311343,1.69444367369528,1.77415127353439,1.85978304018262,1.95555083545191,2.06670085442422,2.19940605197727,2.36029287130726,2.55554376631701,2.78972013004931,3.06462833997639,3.37860309506461,3.72645592877286,4.10007765400318,4.48940314642751,4.88329236396188,5.26994113812285,5.6367027587283,5.96956195823729,6.25278048850686,6.46928382955103,6.60212624635279,6.63693947570312,6.56481343013149,6.38477316348413,6.10503546183473,5.74255051031094,5.32084058245997,4.86664289468016,4.4061732602756,3.9618583454651,3.55015958336709,3.18074664528948,2.85691397736427,2.57688719040404,2.33557688340227,2.1263816614473,1.94275467852815,1.7793644524098,1.63277119928882,1.50160228208699,1.38626664229809,1.28830973599031,1.20957299138517,1.15136218037927,1.11382334597929,1.09566394827503,1.09425662254037,1.10605636390296,1.12718457829001,1.15401060699455,1.18358946231883,1.2138816950563,1.24375448320491,1.27282374242536,1.30122871753826,1.32942971144076,1.35809444110476,1.38809193139714,1.42056476487947,1.45700877671845,1.49927548242309,1.54943391630463,1.60948321754132,1.68097992454482,1.76469876334992,1.86045879991669,1.96719694278644,2.08327613606604,2.20691005610027,2.33651963275912,2.47084666561557,2.60873724249605,2.74864632346912,2.88804246066515,3.0229581105602,3.1479027589398,3.25624343959284,3.34100526210279,3.39590735643272,3.41637956966905,3.40031568778686,3.34840066456364,3.26396486650539
1.0808275309004,1.1444469246799,1.21570091980891,1.2921533298697,1.37130142524561,1.45104831249052,1.53007699173388,1.60805915927975,1.68572509874405,1.76488730036965,1.84850194539774,1.94077307878243,2.04719050238398,2.17432272419549,2.32921428854302,2.5183762841814,2.74655286757082,3.01559858393217,3.32382119747285,3.66599615734708,4.03399831877036,4.41773768421839,4.80596636448934,5.18661544138347,5.54659931130935,5.87136860317919,6.14472931991913,6.34944835694154,6.46890083109337,6.48958253356255,6.403890015963,6.21234604136901,5.924526323858,5.55829903260255,5.13748780491485,4.68851848507608,4.23685314794575,3.80398700724952,3.40553028949923,3.05054421836601,2.74198179983037,2.47789607473204,2.25303614772777,2.06051199400435,1.89330428788979,1.74547095910385,1.61294765963118,1.49387145340161,1.38840819249292,1.29814475292847,1.22520170722046,1.17129309594866,1.1369720439068,1.12124082540152,1.12159095266607,1.13441328627583,1.15562384751583,1.18131763673087,1.20828796018519,1.23431837791301,1.25823266595545,1.27975498145851,1.29927015508433,1.31757958110978,1.33572861180793,1.35493864193777,1.37662933260842,1.40247085332485,1.43438524725834,1.4744294860308,1.52454180014537,1.58620390064713,1.66012928257696,1.74610609331828,1.84307804775203,1.94945455440056,2.06353471195274,2.18386026028178,2.30931967811461,2.43891264327132,2.57122571851781,2.70380328266579,2.832669821856,2.95223438486228,3.05569317533049,3.13588668528688,3.18641907024014,3.20276552799867,3.18309601132332,3.12862496774273,3.04342131508637
1.08173595102204,1.13970433493803,1.20658530344657,1.28025290158089,1.35827175068746,1.43834568733832,1.51871166560336,1.59841774270304,1.677503068151,1.75714830651023,1.83984676086979,1.92956977900834,2.03180174309242,2.15327335078528,2.30127038257941,2.48254308741188,2.70202742446206,2.96172034050958,3.26004767046511,3.59190049299352,3.94925875659684,4.32208259933012,4.69905972021014,5.06790884288186,5.41521809174688,5.72611698435756,5.98427790414605,6.17270752376801,6.27550640355984,6.2803568630382,6.18112240643004,5.97977495968529,5.686992911237,5.32114660303825,4.90586566350112,4.46677825663198,4.02819001978914,3.61039122850145,3.22800962929405,2.88949545368533,2.59755760330971,2.35024012941297,2.14232842264765,1.96684700815343,1.81648620456952,1.68482998397318,1.56726041410104,1.46141837712862,1.36714640740098,1.285936444939,1.22002687537126,1.17139050106064,1.14088282348096,1.12776187692649,1.1296690531053,1.14302089034455,1.16365476758981,1.18752948508571,1.21130346493135,1.23268305771103,1.2505140422891,1.26465995156303,1.27575329899847,1.28491721902608,1.29354124877862,1.30315678077779,1.31541136339455,1.33209299579573,1.35512917504987,1.3864917709139,1.42798179674715,1.48093580491116,1.5459533887551,1.62276654414079,1.71033105350957,1.80713205892602,1.91159256457596,2.02240543404696,2.13861636251056,2.25937102649863,2.38337947769817,2.5082824732393,2.6301756334433,2.74352201573891,2.8415691982871,2.91722733733909,2.96421454146109,2.97819091832888,2.95760143027077,2.90402631784719,2.82196309139891
1.08520200628921,1.13742817864413,1.19959574218633,1.26995975160436,1.34626518835632,1.4261552762175,1.50756106593189,1.58901877006406,1.66992901923711,1.75080948841709,1.83356545957501,1.92172690418615,2.0205129294274,2.13655408852836,2.27716564231104,2.44921807849296,2.6578313183076,2.90523616624623,3.19012974890361,3.50768437433499,3.8501206584798,4.20753559209869,4.56860253959927,4.9208793015975,5.25072771747721,5.54313946557878,5.7819240814465,5.95065310549373,6.03446890111491,6.02247438396423,5.91009153500706,5.70066267526457,5.40573215622302,5.04382420035587,4.63797865625847,4.21264531202279,3.79065398639802,3.39085624120884,3.02675498236198,2.70613431549236,2.43148475409893,2.20094219156862,2.00949619663164,1.85030446655665,1.71600746598964,1.59993764723632,1.49708492824137,1.40466073381315,1.32214323612153,1.25079386922174,1.19277551867281,1.15011863887568,1.12382114048098,1.11331298548208,1.11639121551883,1.12958483851679,1.14879531141386,1.17001103940597,1.18991264785497,1.20625333700381,1.21797828377812,1.22511832446922,1.22853814400573,1.22963529922755,1.23007792369139,1.23163554342662,1.23611344052516,1.24535221319648,1.26122415033292,1.28555871385836,1.31996659641985,1.36559464285453,1.42289925069388,1.49154760554498,1.57051910085452,1.65839736356721,1.75374697348773,1.85540681579373,1.96254157914492,2.07437653467443,2.18967387639828,2.30613146102284,2.4199479138941,2.52576917254408,2.6171194589096,2.68726753483958,2.7303382271454,2.74240109786697,2.72226859308549,2.67181076767343,2.59571213831142
1.09151295336055,1.13843597826735,1.19593779554651,1.26268343333861,1.33669578095161,1.41570957119189,1.49753114915431,1.58035962453053,1.66308500765641,1.74560668703123,1.82918176994796,1.91673566557614,2.01298432176203,2.12419520022608,2.25748299197002,2.41969055717465,2.61608161933785,2.84918281871868,3.11809373658857,3.41842167158577,3.74276266960741,4.08144576110071,4.42319280734059,4.75546073869218,5.06447885400481,5.33525287623174,5.55193775378542,5.69890336945799,5.76254134914874,5.73350334664469,5.60878232808073,5.39298078329799,5.09829888060734,4.74314704507187,4.34969600016077,3.94096106299154,3.53808067086228,3.15829522785504,2.813850983753,2.51177734885939,2.25431350845746,2.03972819207705,1.86334359064713,1.7186630545613,1.59854633037466,1.4963512916209,1.40690229176545,1.32710758919554,1.25608138765902,1.1947362766401,1.14496016773278,1.10861668496383,1.08665454752395,1.07856094006321,1.08227119477643,1.09450194867944,1.11136156990156,1.12904292841189,1.14441904091068,1.15542543752112,1.16118863977324,1.16192899316839,1.15871112102588,1.15313420996837,1.14704997649248,1.14236710324052,1.14095984631088,1.14465060993884,1.15520495571298,1.17427475221212,1.20325759580691,1.24309793243637,1.29410608421074,1.35589112910921,1.42746889506484,1.50753143537533,1.5947782248484,1.688157109357,1.78687786364214,1.89014223397866,1.99665660227452,2.10410028180438,2.20877101979966,2.30559327945185,2.38856666699603,2.45159365461997,2.48950362461856,2.4990282674053,2.47949115622712,2.43304521396138,2.36439761357082
1.1010232865802,1.14350533568448,1.19672284414113,1.25973770540416,1.33092256755577,1.40824992147833,1.48959873959393,1.5730440381893,1.65715079319005,1.74131607203657,1.82616496817301,1.9139265004886,2.0086321515542,2.11595726549307,2.2425927515971,2.39518573878896,2.57906099140307,2.79704683199625,3.04871822722449,3.33022251633584,3.63463563140959,3.95260531065909,4.27297422299584,4.58317526354607,4.8694080020327,5.11683058455064,5.31010602240672,5.4345582044575,5.47793626585192,5.43246777495363,5.29664978350196,5.07619705267126,4.78377035062231,4.43746423209766,4.05840294971732,3.66802718344135,3.2856741068145,2.92687665903848,2.60252943858531,2.31881726559641,2.077665833365,1.87747576545656,1.7139909843508,1.58124775193045,1.47258874308787,1.38168810194813,1.30345967652229,1.23467071652196,1.17410768578337,1.12224564930539,1.08051754376197,1.05040336380955,1.03260759358908,1.02654786589795,1.03026341533314,1.04071565398426,1.05434703718359,1.06771835619768,1.07805806735919,1.08361486727984,1.08377355623988,1.07895793138879,1.07038706238687,1.0597709634037,1.04902965146896,1.04009371644432,1.03480624730481,1.03490020906894,1.04199514250889,1.05755359010309,1.08276728589594,1.11839528066075,1.16462111384,1.22101176257689,1.28662705422069,1.36026021104914,1.44071586031119,1.52699210328007,1.61825524372081,1.71357413993365,1.81148988271421,1.90958317942435,2.00423120316945,2.09069986608514,2.16361391165272,2.21772729766933,2.24881972720554,2.25450621757484,2.23476637271524,2.19206780724251,2.13104783731957
1.11444315818755,1.15357556173806,1.20309885596824,1.26242267616411,1.33030832409704,1.40508648158806,1.48489313095815,1.56789842477519,1.65255820262018,1.73793889982835,1.82412692645698,1.91265201947888,2.00676641214421,2.11139248753265,2.23261007155742,2.37669789419438,2.54891413465216,2.75231864019158,2.98694383599103,3.24949580331363,3.5335701916752,3.83018740549532,4.12838263963182,4.41566333053517,4.67832956540452,4.90184526969754,5.07153290760288,5.17378362706085,5.19774435863749,5.13716666917371,4.99191341126552,4.768617738944,4.48019686806154,4.14425831483667,3.78076715441153,3.40953497807992,3.04807908503478,2.71021084538705,2.40544040700151,2.13905441442425,1.91261256227725,1.72463297085151,1.57134049478833,1.4474537175057,1.34702518923926,1.26430894108857,1.19455176708627,1.13454886058478,1.08281907257682,1.03934707523856,1.00497065373147,0.980604555028024,0.966537287492935,0.961997504008223,0.965085176147226,0.973042074611896,0.9827430642987,0.991250049626022,0.996282971189765,0.99651330422257,0.99164586432105,0.982311265440199,0.96982955557246,0.955923846537236,0.942460981351677,0.931271897365389,0.92406814287121,0.922428136517768,0.927799793269014,0.941464870846022,0.964439840454626,0.997336408264137,1.0402436340179,1.09270353132632,1.15381671060724,1.22245216843748,1.2974725825986,1.37785996472866,1.46265671668121,1.55071324597756,1.64032781137637,1.72892906083883,1.81295995732113,1.88806488361136,1.94958293848477,1.99325059538339,2.01594885045866,2.01631747222031,1.99509344278887,1.95509648005964,1.90085707269266
1.13287983406749,1.16974293506737,1.21620861313607,1.2719590066174,1.3361455884607,1.40753371446879,1.48465906666222,1.56597844831166,1.65005252368192,1.73582081254087,1.822991486223,1.912486430441,2.00678902586082,2.11000229960285,2.22746986461507,2.36494367712008,2.52744915080156,2.71812365930407,2.93732842599217,3.1822336494105,3.44690210353936,3.72272557887615,3.99899044075092,4.26339945201932,4.50252521031675,4.70233284179655,4.84898124429772,4.93004134944156,4.9360701493016,4.86224300421099,4.70959381782471,4.48542908946128,4.20268408180447,3.87829852863664,3.53098385667102,3.17891283625672,2.83783022491165,2.51989033554498,2.23326633730693,1.98236285652528,1.76836892710148,1.58992364285274,1.4437774730569,1.32543838473408,1.22983667769306,1.15200931253514,1.08773287608969,1.03397836827771,0.9890660904223,0.952472863553454,0.924352780300408,0.90492785906474,0.89394227722797,0.890339518416326,0.892236563256136,0.897168893987363,0.902504648330399,0.905895812251608,0.905647065304303,0.900927154394512,0.891798637122238,0.879090037630963,0.864166808659927,0.848672672181707,0.83430939058054,0.822698219286976,0.815331047381444,0.813579416749889,0.818707519978724,0.831838842759653,0.853858171816178,0.885277236762259,0.926125589877614,0.975931766665393,1.03382129573531,1.09869903926535,1.1694303639846,1.24492135870812,1.32403663458778,1.40536781736384,1.48694731883117,1.56604611612482,1.63918229599778,1.70239946829679,1.75177986594616,1.78407640333047,1.79730761231737,1.79117284692578,1.76719463002016,1.72855992260183,1.67968893329154
1.15756695655855,1.1929937111178,1.23692652829432,1.28922955595184,1.34940680475369,1.4166771418371,1.49005350750633,1.56841355611461,1.65060370487568,1.73564475693131,1.82307463862131,1.91338432280024,2.00840624777344,2.11146354855764,2.22711722152462,2.36046537433729,2.51610916723781,2.69703237355975,2.90368490776897,3.1334859001991,3.38080874032804,3.63734742692772,3.89267468642308,4.13482690666712,4.35086684644963,4.5275126701719,4.65198708707016,4.71318544918709,4.70309493929105,4.61819824412994,4.46046998817767,4.23759792026657,3.96224803563258,3.65047116700375,3.31960892886519,2.98619078764046,2.66427266522739,2.3644817746085,2.0937869339292,1.85581606012095,1.65145723439435,1.4795167061389,1.33731639208155,1.22122082505733,1.12713631966199,1.05100552109242,0.989261989322389,0.939158749732725,0.898881749581756,0.867412640204541,0.844187526127335,0.82867043630387,0.819986602753748,0.816730918079923,0.816999410167691,0.818614197194964,0.819457182789293,0.817808450882118,0.812599142256061,0.803526287464196,0.791018426112052,0.77608023177511,0.760070111926967,0.744475628997662,0.730744795779348,0.720204468647131,0.714061621136036,0.7134462622283,0.719438454777162,0.733032210131301,0.755026098837311,0.785877408772061,0.825585836778327,0.873669628373955,0.929254007001802,0.991233487292165,1.05842351181278,1.12961233068649,1.203469384955,1.27834024415394,1.35202917852168,1.42169760035574,1.48397793491926,1.53532605509691,1.57254516977015,1.59334994837616,1.59682273466195,1.58364917551795,1.55608301407516,1.51765455546783,1.4726816792636
1.18934576769237,1.2237374962123,1.26543293839261,1.31438201463761,1.37036548816322,1.43301013283386,1.5018047861476,1.57610504151466,1.6551666173777,1.73827756419376,1.82503488335338,1.91573854091645,2.01177952269717,2.11583911792425,2.23173014951923,2.36381188543002,2.51606179179951,2.69102259956893,2.8889019896978,3.10704915642304,3.33989799420405,3.5793099989516,3.81515095932542,4.0359368867259,4.22947368969291,4.38353490534435,4.48668743438315,4.52934085630877,4.50496287566536,4.41123813156674,4.25084211312987,4.03152286822988,3.76534643148744,3.467204593678,3.15291070332274,2.83732440636917,2.53290552614805,2.24892815154242,1.99136268175867,1.76325306933673,1.5653366738232,1.39668581882068,1.25525051001267,1.13828519209453,1.04270174900023,0.965386933382253,0.903481239539596,0.854575186043702,0.816770873375235,0.78859042574036,0.768767139814095,0.756001894932795,0.748780453669199,0.745320750865372,0.74366907069415,0.741910183959574,0.738422551012151,0.732102589902425,0.722497726957393,0.709819582821102,0.694840601317676,0.678707965482893,0.662727502999649,0.648176281271923,0.636191750265309,0.627755512480917,0.623753373977898,0.625058654600985,0.632575349337187,0.647195673810026,0.669670089500441,0.700437198863222,0.739487484426618,0.786326047934366,0.840051157195349,0.899505772929715,0.963416586938272,1.03043700164247,1.09906086528819,1.16744723748442,1.23326026831819,1.29364357223215,1.34540835516785,1.38543260795281,1.41118216434766,1.42121268615415,1.4155116231951,1.39559019282797,1.3643068830242,1.32546881308988,1.28329340782041
1.22807430210231,1.26130629836029,1.30077963710841,1.34643505780831,1.39822036848941,1.45606201351591,1.51984293792395,1.58936993901628,1.66436031732161,1.74451107614975,1.82969972587285,1.92030487621399,2.01754492181821,2.12367060913013,2.24184877347663,2.37565949211516,2.52826787532032,2.70146395654866,2.89483116713353,3.10526599312356,3.32695120887273,3.55173386197975,3.76975260746405,3.97014273855489,4.14171685349925,4.27362866969584,4.35609960935757,4.38127714482594,4.34419403801234,4.24366142755987,4.08283564026064,3.86920825897384,3.61390050350531,3.33034509001503,3.03263180282415,2.73389333981052,2.44507522739561,2.17428971051864,1.92675990730006,1.70520135989056,1.51041375211879,1.34187794222526,1.19823852914376,1.07764489311756,0.97798453659716,0.897052199801811,0.83267561740768,0.782790888117561,0.745451495941659,0.71877263368232,0.700840667112026,0.689639008184187,0.683040092594325,0.678887723067986,0.675159238291491,0.67016547837477,0.662733473350163,0.652322294192317,0.63904084811753,0.623562670876365,0.606955705261488,0.590466834458322,0.575312856910842,0.562530659968519,0.552924523235519,0.547115771185882,0.545662462673724,0.549184063875131,0.558421047424241,0.574184592738516,0.597201856022776,0.627914924330352,0.666317115653461,0.711897119282669,0.763708161845287,0.820517001767148,0.880945499869953,0.943522278125156,1.00661484969651,1.06828561821635,1.1261747581603,1.17752187360911,1.2193926972142,1.24909359742728,1.26467392150337,1.26537254979696,1.25187463695175,1.22630346647338,1.19194793501978,1.15279074745607,1.11293460893224
1.27218920104604,1.30362725200585,1.34063973437706,1.38306915010836,1.43089461987371,1.4841821371581,1.54305743793896,1.60767460452052,1.67819108938456,1.75479524300684,1.83783026311503,1.92801404969153,2.02667789985273,2.13588844402217,2.25831172988214,2.39674835124239,2.55339152944659,2.72898183470166,2.92209825392491,3.12879432085458,3.34267716753212,3.55538127099077,3.75727869694984,3.93824095704213,4.08832580883206,4.19836856062577,4.26054039027913,4.26895055801029,4.2203011594226,4.11449227636901,3.95498953229099,3.748758592261,3.50566528707476,3.2373970724282,2.95611833253366,2.6731582933869,2.39800963231158,2.13780399001372,1.89727444512859,1.67908376046441,1.48433165856123,1.31306647472117,1.16469126541333,1.03822901086272,0.932466507615998,0.846014727657201,0.77731802541622,0.724632355515573,0.685988066628151,0.659160123716831,0.64167527204266,0.630883715949859,0.624105897790694,0.618837967328482,0.612976917636671,0.60501468015344,0.594157144419969,0.580342296024754,0.564153417930763,0.546645032801558,0.529113577686951,0.512857829312811,0.498979042794288,0.488267204093143,0.481201789639147,0.478060748909076,0.479093456119212,0.484682413099534,0.495417840130577,0.512040386144582,0.535263113311469,0.565539894746761,0.602873009123346,0.646736985770629,0.696138801682587,0.74976925490065,0.806156928483291,0.863740673983415,0.920829155835613,0.975487770635033,1.02545082347843,1.06816400458582,1.10101659637546,1.12174182587448,1.12888529401455,1.12220220345458,1.1028566224498,1.07335569232792,1.03722643784347,0.998506347153654,0.961150824095339
1.31860966456458,1.34723916409793,1.38139754811112,1.42074894230783,1.46515348553622,1.51462296153621,1.56932584669087,1.62959966860503,1.69595420385487,1.76908470216439,1.84992494603972,1.93974586021888,2.04024876986189,2.15355533237765,2.28198954753047,2.42760411374163,2.59150715280408,2.77314891806134,2.96978333745055,3.17628660862095,3.38540900202007,3.58839585984684,3.775805820942,3.93832500444528,4.06743020173023,4.1558619708968,4.19796395164971,4.18998295341006,4.13038519547043,4.02015596381094,3.86296900530012,3.66508526773776,3.43489481577481,3.18212455137285,2.91685164254118,2.64853268731453,2.38525061236199,2.13330534082268,1.89716228073106,1.67967688559357,1.48246257916182,1.30627289926228,1.15130992789317,1.01742031159288,0.904180502562647,0.810892394411102,0.736519119637068,0.679595841325381,0.638155608244701,0.609714400551762,0.591350707165581,0.579892779158656,0.57219390757841,0.565444435848542,0.557454708028255,0.546847886106752,0.533126243065464,0.516605480931969,0.498237721658304,0.479361986863587,0.461427050493089,0.445735664496271,0.433256970190454,0.424546136427161,0.419790362837749,0.418965442987285,0.422050048863678,0.429215907653889,0.440914510533175,0.457815731732785,0.480613068799553,0.509768460613011,0.545295905095715,0.586666671591241,0.632860403508012,0.68251932621206,0.734117370474276,0.786058101689718,0.836665185971745,0.88409828375107,0.926283702952725,0.960957771713289,0.985879570169656,0.999194577772457,0.999857405636314,0.987984574886271,0.965018673926118,0.933639861274625,0.897430381549802,0.860359147511677,0.826187549357223
1.36306731475354,1.38771700805343,1.41863046060527,1.45522454649327,1.49708954735757,1.54397828160856,1.59587930650217,1.65311294463551,1.71640069626126,1.78689271317551,1.86616117754467,1.95616617631152,2.05916938682231,2.17754209963668,2.31341216095244,2.46814032414268,2.64169819095362,2.83209816706041,3.03506125565424,3.24406673573271,3.4508233150441,3.64606927758879,3.82050949932323,3.96567288717813,4.07453001162546,4.14182214912823,4.16415903390806,4.140000760662,4.06962552056133,3.95511791469468,3.80033752070111,3.61078365851411,3.39328805300414,3.15552678621389,2.90541731598204,2.65051591344997,2.39753242262576,2.1520395089648,1.91839008743909,1.69980331705794,1.49855018036914,1.3161686450873,1.15365509074404,1.01159679004187,0.890227452480465,0.789400870049597,0.708495981411592,0.646289759761963,0.600854613361235,0.569545222813768,0.549122219026203,0.536021340925732,0.526727945123029,0.518177196800246,0.508089340844224,0.495166747232452,0.479120107813047,0.460534799712926,0.440619972876508,0.420898674653882,0.402895595084624,0.387873996131866,0.376663789035372,0.369611131067558,0.36665954826131,0.367539433425472,0.372008477394803,0.380059105615264,0.392013375242081,0.408461611810577,0.430060910077195,0.457268230646606,0.490109558263179,0.528071081526771,0.570140768203831,0.614961864650927,0.661013089271047,0.706728935406649,0.750518671943185,0.79070753364027,0.825478629723815,0.852905602410235,0.871131552720528,0.878683005154817,0.874840369072238,0.859950069766135,0.835568838744155,0.804376631041045,0.769856371309218,0.735796864576697,0.705712518634586
1.40080978469173,1.42043405410502,1.44790236705496,1.4823289040753,1.52289714720361,1.56890810330753,1.61995123856314,1.67611588014644,1.73815801669333,1.80756813148173,1.88652007540184,1.97770335504435,2.08403888883157,2.20827321125731,2.35245390064649,2.51732612718136,2.70174770221624,2.90226699953336,3.11301634331013,3.32601704815118,3.53188824189644,3.72083131705263,3.88367733139377,4.01277203642416,4.10253475702798,4.14964093027773,4.15288932959794,4.11288618971725,4.03168530737983,3.91247703389488,3.75935401141402,3.57712736099077,3.37115007937234,3.14711711813523,2.91084057755813,2.66802157957712,2.42404523683052,2.18381808735315,1.95165343781134,1.73120443816663,1.52544385590955,1.33668928676584,1.16666591684778,1.01658231454091,0.887181856150407,0.778731550551949,0.690933330062839,0.622783887225836,0.572448810337677,0.537236010605624,0.513733723342054,0.498126861239459,0.486640845235082,0.476011492072398,0.463867639566206,0.448939028964194,0.431056457629517,0.410967409917877,0.390028493308476,0.369850671809636,0.351964435076434,0.33755781970618,0.327322936533283,0.321431529059926,0.319640532684691,0.321499187830721,0.326599555657169,0.334789030958914,0.34626879349449,0.361536631998331,0.381189931431127,0.405661268521189,0.4349855255101,0.468683944714795,0.505796198048871,0.545027405717855,0.584930524889041,0.624039917562131,0.660911400997971,0.694083226296306,0.722024944434171,0.743155288043217,0.755983177414224,0.759368666070142,0.752840236466282,0.736869585657111,0.71300450363728,0.6837964005005,0.652511376943215,0.622667602782182,0.597481997856805
1.42750979261088,1.44147883442744,1.46567750540428,1.49887720730559,1.53974419280122,1.58696580803771,1.63953813935885,1.69711262400267,1.76028170643051,1.83070886168651,1.91105144563159,2.0046698611941,2.11514481927392,2.24564684088706,2.39822364714751,2.57310138087991,2.76812749120212,2.97849459418018,3.1968606074213,3.41390640476775,3.61926954820194,3.802689167705,3.95513456448803,4.06969454997701,4.14207231675549,4.17064162199293,4.15612758300525,4.1010502176282,4.00909044338487,3.88451319250237,3.73173382295329,3.55505970972945,3.3585989721742,3.14629939226965,2.9220632267409,2.68987402177313,2.45387113954464,2.21832630913554,1.98750950095172,1.76547585279269,1.55583873733085,1.36160057255467,1.18508626762407,1.02797184737043,0.891353233139928,0.775779522827808,0.681198992571564,0.606824049722556,0.550983422737611,0.511065672560561,0.483642004041964,0.464795853523659,0.45060668839574,0.43767137747452,0.423529468430286,0.406889111445915,0.387616204315629,0.366517584313053,0.344994716128946,0.324659313715274,0.306987394915369,0.293065217943401,0.283455644824472,0.278195044268239,0.276912991357115,0.2790427953756,0.284067235434675,0.29172456237172,0.302105532800701,0.315603534922736,0.33273218533678,0.353877237104813,0.37907472477406,0.407896231458025,0.439472778364345,0.472629712099205,0.506060743846264,0.538462536096523,0.568585015932127,0.595204991994729,0.617079216698705,0.632948536932297,0.641644415237747,0.64230110999823,0.634623758392536,0.619129186994043,0.597270745286749,0.571384919551481,0.54444035214305,0.519618714139268,0.499798743457543
1.44015323871447,1.44849251430035,1.47011440740703,1.50342405364507,1.54649501611247,1.59728247694718,1.65403367970567,1.71577656875261,1.7827356855271,1.85654175701116,1.94014993162527,2.03744691757587,2.15258613147578,2.28914186296283,2.44921146149564,2.63261967690155,2.83638493233916,3.05458077948413,3.2786668492178,3.4982713466567,3.70230866296043,3.88023485111039,4.02320979985521,4.12496040529837,4.18221179319736,4.19465484228247,4.16451098233355,4.09582261537878,3.99362705188556,3.86316839222344,3.70927773760556,3.53601017472039,3.34657666867558,3.14354673381899,2.92923537600754,2.70613997200197,2.47727758545381,2.24630790212771,2.01740083352868,1.79490144171359,1.58291605431863,1.38496237039367,1.20378428515397,1.04134578562936,0.898934214804761,0.777258824734627,0.676451125463846,0.595946791889061,0.534314653519145,0.489154468716578,0.457177377291665,0.434517014718948,0.4172249958336,0.401825330229025,0.385776796692587,0.367723500344617,0.347488173820422,0.325841937407365,0.304137779033988,0.283911673200795,0.266535699721492,0.252976689431795,0.243681937255834,0.238592100054104,0.237265671663871,0.239081060921075,0.243465438548614,0.250084555602714,0.258933528813063,0.27029560640525,0.284581548649594,0.302108809072901,0.322902221681591,0.346589074215833,0.372417861451429,0.399377539915234,0.426354117103561,0.452254142268861,0.476053576644659,0.496775954867053,0.51344714823987,0.52508905222269,0.530798995811719,0.529921809435397,0.522275743913922,0.508362975475376,0.48948676392159,0.467716111126687,0.445673077300223,0.42616116655873,0.411694823040681
1.43769221583428,1.44121494397589,1.46152801791203,1.49666355817461,1.54406509388172,1.60088509294657,1.66451151594377,1.7331936467373,1.80659112162895,1.88607677790481,1.97467387898851,2.07659059401861,2.19640278920153,2.33801838562639,2.5036127565105,2.69274588213128,2.90185139079133,3.12422218449673,3.35052295292978,3.56975083486958,3.77047531383334,3.94213627684272,4.07617953706041,4.16685813539541,4.2116027218852,4.2109474067435,4.16806358544552,4.08800260323838,3.97677846025352,3.84043997495707,3.68428983741576,3.51239126117608,3.32745605157981,3.13112253919623,2.92452803395037,2.70899071434383,2.4865769715489,2.26037030344875,2.03436403573614,1.81303894687364,1.60079704304758,1.40145871719375,1.21797862697025,1.05241918286935,0.906100968776972,0.779779516793155,0.673712052264493,0.587563810642646,0.520212511747937,0.469587982349799,0.432687826190555,0.405842168847989,0.385194019227864,0.367267372038095,0.349458836479692,0.33031717365878,0.309554707798656,0.287822608765899,0.266343135363736,0.246511320935992,0.229556239558495,0.216315187335282,0.207136325265448,0.201901477057695,0.200147200642931,0.201249538589069,0.204627596834982,0.209910432107394,0.217017538326458,0.226125726624197,0.2375335546799,0.251474235019863,0.267946951025694,0.286629177677973,0.306894700111035,0.327916869991362,0.348802263504361,0.368693840939993,0.386808169713375,0.402410302959546,0.414767482943488,0.423135629598595,0.42681968981113,0.425315421339316,0.418501204563678,0.406821981122341,0.391397795164321,0.374002894673042,0.356888541859968,0.342460067321681,0.332858048693906
1.42131802295404,1.42161010933234,1.44239999123518,1.48135570370967,1.53528951793855,1.60052646190406,1.67353007434427,1.7516521943493,1.83381214688882,1.92090366103073,2.01577523264537,2.12272559090653,2.24657161705892,2.39145837229954,2.55965607657052,2.75060710884095,2.96043975777918,3.18206157758259,3.40581653783329,3.62056712848608,3.81498523061792,3.97881740922947,4.10392928709194,4.18500742207508,4.21987099328932,4.20940264859103,4.15713661387928,4.06856096779873,3.95021516760099,3.80870300719648,3.64978720110974,3.47775146245242,3.29518552622362,3.1032511009981,2.90234721856999,2.69296073227501,2.4764181319965,2.25529009968532,2.0333288642707,1.81499590586857,1.60478513235175,1.40660270144446,1.2234085282331,1.05718359952586,0.909135516116386,0.779959557582075,0.66997812030776,0.579076916518905,0.506486272754714,0.45055634407832,0.408692757716207,0.377552657549314,0.353485414525955,0.3330939071411,0.313744178591064,0.293874461248728,0.27303580045416,0.251690466468447,0.230861640311035,0.211750550609712,0.19541413273651,0.182556012399809,0.173442070478216,0.167926496212765,0.165562570822225,0.165764374575508,0.167980835071272,0.171836490953094,0.17719914243604,0.184153011078381,0.192887647809881,0.203545931923817,0.216089510491488,0.23023325504085,0.245467197076186,0.261146238223914,0.276599728748388,0.291209523326542,0.304428755557803,0.31574733973168,0.324641968203711,0.330557693778703,0.332955904441794,0.331434433980741,0.325892494095436,0.316691279355972,0.304752525327807,0.291547841870018,0.278953242744311,0.268974650977695,0.263385307853687
1.39430558742203,1.39355101746148,1.41693809706421,1.46179339570659,1.52432704816179,1.60005129416498,1.68448266610985,1.77399831179137,1.86663909587994,1.96262855399945,2.06441830325479,2.17617725370527,2.30278327244063,2.44851746141991,2.61575515545727,2.80396327488877,3.00924235444269,3.22451078015794,3.44026831637325,3.645742517689,3.83016123719631,3.98391417763888,4.09944657496621,4.17182659383538,4.19899766787517,4.18175189009159,4.12344390970122,4.02944594090512,3.90635652928588,3.76103376652127,3.59961071689894,3.42671459554718,3.24510774665795,3.0558692675938,2.85906813968078,2.65470498051781,2.44359543047964,2.22789033900798,2.01106916077628,1.79745096054115,1.59144841107201,1.39686730195689,1.21649867487954,1.0520918010074,0.904617628574994,0.774614100580917,0.662400292172856,0.568047752752726,0.491144534286183,0.430507886771522,0.384033801844998,0.34880940810024,0.321493152641838,0.298848249961687,0.278255526385599,0.258047541034459,0.237585087246092,0.217093330653314,0.197346037830037,0.179312245848886,0.163857802014104,0.151553409571223,0.14259817909388,0.136842179800176,0.133881415107446,0.133193736395813,0.134283036938031,0.136794397272511,0.140568488439639,0.145618833449845,0.152041749914779,0.159896228937331,0.169102157634114,0.17939823347619,0.1903712625076,0.20153624126957,0.212424322639486,0.222635642290187,0.231837210939754,0.239715955961932,0.245923469834647,0.250054248877843,0.251686002863226,0.250484321155772,0.246345953586131,0.239538165845254,0.230785667139546,0.221266144890045,0.212492739915145,0.206087022245316,0.203475397534089
1.36147434184106,1.362145670345,1.39029647331041,1.44294570547543,1.51575324480244,1.60346461801374,1.70066619451815,1.80273049413178,1.90673547550416,2.01209962851159,2.12070850407289,2.23642411522423,2.36403387101606,2.50786480318484,2.6704002681363,2.85124874318914,3.0467189750309,3.25008044723384,3.45239938276924,3.64370032479489,3.81416307482057,3.95512421308309,4.05977398249425,4.12356132040225,4.14438288713725,4.12262133594706,4.0610319842988,3.96441605113429,3.83901420403768,3.69162812936879,3.52860547802801,3.35493443125791,3.17372398975214,2.98625364082286,2.79258767772904,2.59253959632592,2.38663327356465,2.17671136068805,1.96598648237677,1.75856033733065,1.55864419867656,1.36981148429891,1.19456224157328,1.0343092296119,0.889696317934675,0.761022213670703,0.648527583290082,0.55240709440134,0.472567090146865,0.40828641637472,0.357983996467436,0.319241525469775,0.289107660471767,0.264583682334974,0.243121921262974,0.222975532097517,0.203311993502797,0.184096901392637,0.165826651264414,0.149216895278032,0.134934512123071,0.123422508699973,0.114826534118149,0.109007689056861,0.105617618593049,0.104208373618192,0.104349660066963,0.105722125339278,0.108160448412566,0.111633163856637,0.116168784455925,0.121761168286086,0.128295091642591,0.135525121357071,0.1431133104975,0.15070330354737,0.157991126671071,0.164756291297424,0.170840603790826,0.176089302504777,0.180291112378197,0.183154865128442,0.184345341014187,0.183576308439921,0.180735035772104,0.176000945735153,0.16991876664754,0.163396403447591,0.157611639615703,0.153830770918929,0.153164708231114
1.32838217951249,1.33285583706512,1.36763994340034,1.42948836108401,1.51357780824598,1.61395735626338,1.72433736727036,1.83910915533398,1.95437182021358,2.06868188212605,2.18326753079345,2.30157378940251,2.42819252281971,2.56742540905026,2.72185432828904,2.89130172938817,3.0724451210284,3.25914328061566,3.44331906638255,3.61610063244452,3.76890451300908,3.89424259726793,3.98619577439265,4.04064010246988,4.05536646691403,4.03018861493604,3.96701952402635,3.8697927065632,3.74408207527595,3.59636005824689,3.43299775296634,3.25926680536805,3.07866757903911,2.89282823438521,2.70201869476213,2.50608496391059,2.30543954382383,2.10172709080678,1.89792672062962,1.69789442646475,1.50557748075306,1.32424698143998,1.15605094729071,1.0020153758643,0.86240855959111,0.737231536894517,0.626572482096837,0.530664511218884,0.44965179139114,0.383216916131249,0.33028055962153,0.288938062140327,0.256679265061274,0.230809580790917,0.208915415211809,0.18921596796594,0.170709015422139,0.153106422827916,0.136624490295377,0.121723469189164,0.10887520680651,0.0984046721762351,0.0904151848145769,0.084786473697976,0.0812273515953943,0.0793610976911502,0.0788207766431566,0.0793266413201184,0.0807218164879475,0.0829543897226232,0.086014923749887,0.0898595927979087,0.0943551400051914,0.099273078131391,0.104333985325495,0.109277649528608,0.113921259254103,0.118174221734273,0.122002824377426,0.12536336173024,0.128140549594236,0.130125218779734,0.131048240845547,0.130664023581111,0.128857165060293,0.125739513793394,0.121706789684208,0.11743485854185,0.113806697183186,0.111773727782342,0.112170000845199
1.30041219042909,1.31059066270835,1.35325633152691,1.42494663365842,1.52043119397081,1.63315162186961,1.75603247864458,1.88256503890184,2.0079316008859,2.12986039695799,2.24892203108029,2.36811246214792,2.49177598581213,2.62413728883288,2.76784887916378,2.92296183811064,3.08658748129353,3.25328379946777,3.41596908333507,3.56702285596162,3.69923823525021,3.80642444454398,3.88365341772144,3.92730487846156,3.93511097447807,3.90632318318311,3.84196557604897,3.74499692997534,3.62016303753346,3.4734145574487,3.31095912159485,3.138210474101,2.95899429520167,2.77530557953954,2.58770704304607,2.39620003018715,2.2012054423812,2.00425657499709,1.80814052589871,1.61647110184462,1.43291638800777,1.26043118165398,1.10080897853276,0.95469419799239,0.821977514201081,0.702335566995425,0.595642284117483,0.502075458893358,0.421907654846118,0.355123909431099,0.301075730032294,0.258344405878083,0.224876247505441,0.198327450645591,0.176479231817203,0.157575556021995,0.140491326766143,0.124717441216543,0.110212333255133,0.097197896417649,0.0859663471615936,0.0767384176898771,0.0695845655033321,0.0644051638429124,0.0609598406306582,0.0589310648426553,0.0580033031913173,0.0579312584436291,0.0585730539643705,0.0598755287814329,0.0618194654128426,0.0643532610179929,0.0673487546444418,0.07060351279744,0.0738876801400688,0.0770100610430363,0.0798670834853156,0.0824469379221905,0.0847864806831899,0.0869023886161588,0.0887329709305091,0.0901207455750765,0.0908469858140243,0.0907068708964893,0.0895980457734189,0.087594364281972,0.0849829367277261,0.082254851966306,0.0800480727210376,0.0790472270120438,0.0798519338423047
1.28192715123508,1.29895104805541,1.34989517514393,1.43113281308886,1.53710710166587,1.6607562789091,1.79434374670091,1.93059982203432,2.06393087661314,2.19136129242293,2.31289361302402,2.43111779972101,2.55012769552159,2.67403481974086,2.80551225928774,2.94479369833709,3.08939165877834,3.2345431720041,3.37414693602396,3.50181824978534,3.61171349940185,3.6989413329077,3.75960035143798,3.7906559952538,3.78990774847659,3.75619289349712,3.68977966270783,3.59273067536283,3.46896104995992,3.32381349122618,3.16318600306519,2.99246962350658,2.81567553309353,2.63508101912809,2.45152001960992,2.2651764284397,2.07652902659364,1.88704610858994,1.69935259738073,1.51683560599045,1.3428982091413,1.18020574019104,1.03024175919196,0.893322867601978,0.769005289661869,0.656651268150964,0.55588211385481,0.466732972119657,0.389483747150196,0.324293021491542,0.270833975095749,0.228104801734928,0.19448714814155,0.168009714700086,0.146699311199789,0.128888140470025,0.113390890513169,0.0995315263579331,0.0870537412711427,0.0759742628598395,0.0664305009952152,0.0585558642182099,0.0523962016557581,0.0478713559505016,0.0447819029841133,0.0428540857447799,0.0418080447648509,0.0414227832999476,0.0415714256102017,0.0422112798808417,0.0433346106867921,0.0449074156483221,0.0468289465923054,0.0489351342559229,0.0510430974548724,0.0530114513895511,0.0547817328558834,0.056376333397656,0.0578537432395574,0.059244175439451,0.0605004721603984,0.0614898279646587,0.0620315311451548,0.0619647122259908,0.0612183632297457,0.0598601764043228,0.0581114633870007,0.0563288564254659,0.0549587354723564,0.0544701889305962,0.0552715434795275
1.27565436686371,1.29976497351494,1.35845231119754,1.44797883115029,1.56254377911464,1.69469886270649,1.83620214774557,1.97921415395154,2.11757538086365,2.24780813059591,2.3695104125271,2.48496884094382,2.59806055205393,2.71275617856091,2.83167729370535,2.95514126959212,3.08094665101452,3.20488008560443,3.32167581222491,3.42602920770462,3.5133110602732,3.57981842421742,3.62263932165413,3.63938787340536,3.62809704360842,3.58743214045349,3.51717156664611,3.41870953651756,3.2952683456355,3.15160617752155,2.99322955422074,2.82535641201806,2.65201333787661,2.47561302007674,2.29716085086825,2.11697227821897,1.93556754924939,1.75434991824045,1.57578714268141,1.40305009633302,1.23930197250109,1.08696819972844,0.94729776553844,0.820368917846614,0.705484207213507,0.601737484996047,0.508489302051672,0.425564932406644,0.353137094292598,0.291400678388265,0.240219884969185,0.198910829129514,0.166237638987482,0.140596570806906,0.120294263709741,0.103810135454522,0.0899673407072889,0.0779893559645675,0.0674619719780322,0.058240757213733,0.0503389976656648,0.04382096206617,0.0387149105415728,0.0349577292782699,0.0323814158108453,0.0307425236084528,0.0297832595618548,0.0292969884869566,0.0291685194401566,0.0293701918090011,0.0299172632881397,0.0308087286085075,0.0319859902952018,0.0333324864298905,0.0347117886344494,0.0360200023812481,0.0372200160809126,0.0383360007620264,0.0394114647815376,0.0404544574894546,0.04140225360157,0.0421257474591268,0.042472518324724,0.0423281031653298,0.0416675901863219,0.040579109972025,0.0392555414380398,0.037965023297216,0.0370130946656654,0.0367030680432902,0.0372934144611107
1.28242033527282,1.31299366160374,1.37804143672613,1.47376737582505,1.59421063002721,1.73166448579057,1.87756333914265,2.02372933994152,2.16369725053747,2.29374154808919,2.4132661840214,2.5243919515259,2.63083163018683,2.7363875952741,2.84353933766668,2.95255173951971,3.06133850314937,3.16603350590518,3.26197425100703,3.34468404297607,3.41050197568254,3.4567149605692,3.48129648752152,3.48253607098781,3.45886648096083,3.40906060075695,3.33274232442502,3.23095606143868,3.10646752534759,2.96356476177132,2.80735135243797,2.64276283430735,2.47368009513236,2.30248451941322,2.13021276091724,1.95721053264164,1.7839735334557,1.61179908538302,1.44297498006805,1.28045215787119,1.12717669790676,0.98539039264063,0.856196604796318,0.739543989217156,0.634586641693218,0.540224632967932,0.455580039643569,0.380229360925534,0.314145017934772,0.257431297767916,0.210010016704196,0.171401580114383,0.140677401529846,0.116572248011108,0.0976867096253652,0.0826939805092999,0.0704903653305483,0.0602676442099085,0.0515156217168202,0.0439770413110596,0.0375733737467465,0.0323169837844076,0.028223797066759,0.0252449741042003,0.0232369364870039,0.0219783363699039,0.0212260492774531,0.0207823809200977,0.0205409213232436,0.0204887403997691,0.0206660340952612,0.021108069677952,0.0218014844509657,0.0226781622362145,0.0236449966002148,0.0246271113630046,0.025594825401193,0.0265559322407526,0.0275187845008411,0.0284496613064285,0.0292535073525367,0.0297925958578439,0.0299359239239671,0.0296148491906719,0.0288573677765338,0.0277876778682924,0.0265958403129614,0.0254969541534453,0.0246984361089898,0.024382249478415,0.0246950971296534
1.30127977103824,1.33700899917334,1.40640887508921,1.50567370827278,1.62876851217689,1.76786687354391,1.91428032555925,2.05974865340642,2.19778624544942,2.3246952696638,2.43991035149919,2.54553023497612,2.64515446955469,2.74238220611274,2.83944707752616,2.93640651969958,3.03109368776234,3.11975591371877,3.19806378346969,3.2620727873233,3.30879660439776,3.33626422208389,3.34318301350683,3.32850263843026,3.29119054284192,3.23039083548818,3.1459120066057,3.03879241582426,2.91162189115791,2.76839020552706,2.61384747236136,2.45259121777308,2.28823299376616,2.12297264208898,1.95773388990449,1.79277220061657,1.6284660236771,1.46593925524551,1.30725548107985,1.15512746433552,1.01229833450841,0.88087796201385,0.761911456927021,0.65532873824517,0.560248528268465,0.475467427929536,0.399915216552358,0.332910378142999,0.274162362819318,0.223583020506939,0.181032917077317,0.146124710574685,0.118151702112334,0.0961402507516777,0.0789789317932951,0.0655637989462214,0.054916829085477,0.0462602023836648,0.0390466483091604,0.0329527099496377,0.0278382310403063,0.0236780949223473,0.0204786909210798,0.0182021911361014,0.0167250578094569,0.0158454724398399,0.0153347825335923,0.0150051819625287,0.0147592320732875,0.0145966659968484,0.0145777845263111,0.0147669847649621,0.015187666551113,0.0158113439007613,0.0165797743259882,0.0174394197020709,0.0183614209670791,0.0193319146276284,0.0203202549768955,0.0212482826084639,0.021986380090149,0.0223854356621229,0.0223319967586053,0.0217988470530319,0.0208641373498751,0.0196904946807351,0.0184762786499268,0.0174055349131856,0.0166194044908602,0.0162153438276761,0.0162620472319849
1.32998561903146,1.36915439733058,1.44056955890753,1.54046228843831,1.66281405413793,1.79982838076102,1.94290727344969,2.08397254938492,2.21680352240945,2.33799585992681,2.44722240273021,2.54668326602128,2.63989700415049,2.73021046361494,2.81949965293763,2.90745742142425,2.99164313443775,3.06818952231431,3.1328374080641,3.18188523571044,3.21272948486939,3.22388601223913,3.21462324338359,3.18449867218783,3.1330988371888,3.06014638807304,2.96592256146939,2.85176970716488,2.72037454611208,2.57562048376322,2.42199644966639,2.26376107165764,2.10418669685997,1.94518350028118,1.78744306183554,1.63101836922202,1.47607438443172,1.32348498324073,1.1750354046734,1.03317302200575,0.900443199712264,0.778864810165095,0.669498990910983,0.572354497892106,0.486618717076096,0.411075306155226,0.34452066618157,0.286031001078975,0.235023076869916,0.191148436461947,0.15411509145621,0.123531673550226,0.0988300882586309,0.0792717202737783,0.0640102034952511,0.0521744173249948,0.0429473781664467,0.0356306621819907,0.0296898560438753,0.0247758898527581,0.0207126945155958,0.0174484175892978,0.014979937235287,0.0132759930287584,0.0122297882163555,0.0116599076988954,0.0113570349747139,0.0111494343200104,0.0109525435915508,0.0107775052184431,0.0106972015892552,0.0107922319877907,0.0111067599865319,0.0116358297534855,0.0123426933143818,0.0131866763376597,0.014137350978788,0.0151629025674751,0.0162021972824129,0.0171434043535237,0.0178319837165959,0.0181126127051975,0.0178880038626578,0.0171646557620055,0.0160598266973946,0.014765318348238,0.0134859480338557,0.012384205794955,0.0115561299540415,0.011043490048137,0.0108658451758634
1.36565041594071,1.40642481320399,1.47748745639903,1.57515065416007,1.69351087009496,1.82496311045978,1.96122037900635,2.09464582318202,2.21954826113962,2.33304848557615,2.43522405592071,2.52846038402588,2.61619658798974,2.70146056193145,2.78565557625379,2.8679626978143,2.94549596190669,3.01407740746562,3.06929540748759,3.10744638075125,3.12605891179188,3.12390838539919,3.10065558462071,3.0563867402248,2.9913339454596,2.90592501127244,2.80111441345394,2.67878279413399,2.54193898802797,2.39454118437771,2.2409341075195,2.08508660285585,1.92992245505641,1.7770108612413,1.62673578250301,1.47886336430178,1.33326336983479,1.19048914654167,1.0519950706392,0.919934252170745,0.796653104162187,0.684107230039592,0.583427674550975,0.494774897229371,0.41748596524232,0.350407974543099,0.29226324534356,0.241918121609406,0.198496991148326,0.161359748896147,0.130005183267331,0.103967058579892,0.0827446956269322,0.0657764533600915,0.0524460867029668,0.0421075198731213,0.0341214615438016,0.0279016337001924,0.0229642141351337,0.0189669137839971,0.0157182941657568,0.0131471935078368,0.0112386952787237,0.00996202852192288,0.00922293728062655,0.00886131077245628,0.00869306684798155,0.00857058001003091,0.00842828912352306,0.00828944431214246,0.00823306447587091,0.00834286106326086,0.0086664082914458,0.0092041663958895,0.00992576060243552,0.0107944712260067,0.0117776256559441,0.0128333017103085,0.0138844855355046,0.0148033671355967,0.0154263828056539,0.01560135637436,0.0152469612777675,0.0143936486918024,0.0131818696850552,0.0118164731030444,0.0104989086299898,0.00937128673745037,0.00849769608081427,0.00788596930078338,0.0075301087548582
1.40538997720072,1.44606436014705,1.51461090653391,1.60746696659098,1.71895317795236,1.8418299342039,1.96834482771558,2.09154726544357,2.20650640163435,2.31105151962778,2.4057781876275,2.49329345641451,2.5769247592593,2.65929830807427,2.7412313362523,2.82126391457903,2.8959256312875,2.96057748279313,3.01049008113119,3.04177745109201,3.05191263894252,3.03975187844513,3.00519994970801,2.94877442549746,2.8713204473485,2.77400655471306,2.65855572965379,2.52752422074517,2.3843996773656,2.23336822646857,2.07876073031014,1.92435066847672,1.77276576392367,1.62524572684389,1.48184409621621,1.34199390635894,1.20521279481565,1.07167847668404,0.942471250567252,0.819424923673297,0.704682274283324,0.600150100601608,0.507059678390576,0.425765233925972,0.355802989832226,0.296135689673593,0.245460989245712,0.202475431703747,0.166034864333734,0.135209720801195,0.109268261738535,0.087627896338596,0.069802150446478,0.0553531206848459,0.0438530103413093,0.0348586085882527,0.0279075342674577,0.0225419418150644,0.0183533926719328,0.0150302333573075,0.012381557772506,0.0103222483424261,0.00882226908343064,0.00784401450828148,0.00729949834855519,0.00704799786249222,0.00693364378493633,0.00683884418911443,0.00672264826085439,0.00662257310783354,0.006620567150736,0.00679468088438008,0.0071830013910722,0.00777703771016108,0.00854021697761692,0.00943217943473894,0.010417720081314,0.011452549518087,0.012458130580875,0.0133081113351221,0.0138455251326765,0.0139303319180376,0.0134964915507432,0.0125881125948993,0.0113523115912313,0.00998995980058101,0.00868770292428684,0.0075656173529754,0.00666467152623515,0.00597498802302079,0.00548289817525606
1.44674842817527,1.48590416224542,1.55011516103037,1.63598859000626,1.73818907652014,1.8500264039643,1.96450478896816,2.07558450710904,2.17928660707778,2.27428068517599,2.36174055017663,2.44448740389441,2.52567744216836,2.60744418842925,2.68991499684932,2.77088420435278,2.84619531573809,2.91064759080617,2.95908927431927,2.98733941185838,2.99269403618671,2.97396302731653,2.9311692416913,2.86514695754008,2.77726278601157,2.66936938697585,2.54394644493542,2.40426388741527,2.25437394465408,2.09881344321032,1.94204089658896,1.78777238229777,1.63845290125176,1.49506694596542,1.35736857769157,1.22445160441259,1.09545208625777,0.970135290936865,0.849176223709181,0.734070475001657,0.62675082747509,0.529077781518537,0.442390243830242,0.367247043080008,0.303399489017827,0.249950003066704,0.205605040278038,0.168931426723266,0.138555776540997,0.11328767955584,0.0921741024238235,0.0745021785437009,0.059765637675194,0.0476053543362544,0.0377380262983947,0.0298909329633166,0.0237635117468961,0.0190280149476156,0.0153641577964667,0.0125068781609751,0.0102779885699924,0.00858311178962318,0.00737438576920685,0.00660013860910894,0.00617071825799985,0.00595917077808622,0.00583580032185321,0.00571408225417644,0.00558015953691693,0.00548785735940965,0.00552215505171538,0.00575286401146006,0.00620345521513044,0.00684979173264977,0.00764255314986834,0.00853344931189757,0.00948464354226808,0.010454548308882,0.0113727037108601,0.0121259144286534,0.0125739441419543,0.0125938035374964,0.0121322647866393,0.0112376084978483,0.0100501415824375,0.00875394956394432,0.00751325911108392,0.00642630631233389,0.00551862055684957,0.00477469180224638,0.00418507144515418
1.487787688441,1.52435270315521,1.58279842238484,1.65994686272065,1.75093240572026,1.84980087507152,1.95052575489235,2.0481769450277,2.13987862794757,2.22522545963358,2.30598627769482,2.38515834529884,2.46565444247348,2.54903006183023,2.63463972501076,2.71945951494608,2.79858609865375,2.866204779468,2.91669188523835,2.94551714794035,2.94973206694596,2.92801143661883,2.88038127747297,2.80785318538405,2.71216266273102,2.59570175539088,2.46159690310785,2.31378202828246,2.1568999721219,1.99593905510117,1.83564236252482,1.67985008147973,1.5309955280032,1.38994038473815,1.2562193051173,1.12861722495462,1.00588413777877,0.887352798273032,0.77327290378816,0.664789014075251,0.563616934831014,0.471563886256503,0.390064715974995,0.319866984417852,0.260923398773576,0.212473704528423,0.173249137871634,0.141721712656518,0.11633543992767,0.0956846646069533,0.0786261160348211,0.0643240894335836,0.0522349941522565,0.0420424852570865,0.0335646854441714,0.0266610542871411,0.0211674867650911,0.0168763640620687,0.0135580451561582,0.0110029642541935,0.00905469222474927,0.00761447923379743,0.00661594371865176,0.00598804713271567,0.0056317625150461,0.00542602222324612,0.00526082879410472,0.00507643998817467,0.0048841673910115,0.00475435199759322,0.00477681536846744,0.00501576054512298,0.00548258225537926,0.00613921161528119,0.00692425737127494,0.00778161669981665,0.00867134160058888,0.00955634106300807,0.0103774339320655,0.0110382352945208,0.0114175595597152,0.0114086594284455,0.0109663900222387,0.01013543539332,0.00904092781921434,0.00784429020923394,0.00668631513540705,0.0056477801334294,0.00474691428265564,0.00397130235748017,0.00332167962300856
1.52685981816688,1.5600814345007,1.61169936582907,1.67879276742181,1.75708718783684,1.84153966824966,1.92728280041581,2.01066049077351,2.0900099838285,2.165895725304,2.24066862480955,2.31745104760134,2.39884643350256,2.48577011557195,2.57675611561787,2.66793189402536,2.75363180691816,2.8274213977949,2.88320155614758,2.91608103890841,2.92283296546476,2.90192514876259,2.85326419296834,2.77786331301069,2.67761158339545,2.55521591379506,2.41425742809391,2.25921593528658,2.09530886101208,1.92806684767256,1.76269424205946,1.60337753988766,1.4527592758852,1.3117590613402,1.17981214720972,1.05545432002923,0.937065236402333,0.823538965184048,0.714689586799604,0.611303699976805,0.514874023004348,0.427141792703364,0.349613202643027,0.283189839625232,0.227990421724079,0.183369146997903,0.148082475183255,0.120534438497646,0.0990330886504271,0.0820100454412067,0.0681742276720484,0.0565873424033815,0.0466623456722689,0.0380974496990315,0.0307720784606386,0.0246375828566612,0.0196350093118457,0.0156587501796493,0.0125640766738498,0.0101994795539097,0.00843610129898162,0.00717580075222357,0.0063355544992858,0.00582315208517842,0.00552521033770105,0.00531939524389563,0.0051073051584451,0.00484830646114752,0.00457310174158865,0.00436595967915032,0.00432283256018631,0.00450721112692287,0.00492566113711823,0.00553393991945728,0.00626508876836365,0.00705933912844341,0.00787620562563035,0.00868252199217343,0.0094282478694918,0.0100304217477827,0.0103822869263226,0.0103875404719676,0.01000272988405,0.00926329563238201,0.00827608234677793,0.00718075183315206,0.00609987744557604,0.00510496133905443,0.00421538401164942,0.0034274936011401,0.00275298087344267
1.5622150438883,1.59157247968116,1.63561205689912,1.69170469670034,1.75626925777394,1.8253176203742,1.89528918595109,1.9639184149271,2.03081959747707,2.09753618442272,2.16697022559366,2.2423214209673,2.32584157359506,2.41778332166069,2.51586162086206,2.61537713797898,2.70993677030606,2.79252566799437,2.85660338977229,2.89693352968258,2.90999085314851,2.8939607782889,2.84848438775432,2.77435768851623,2.67334989989857,2.54819379597896,2.4026730405924,2.24164964515728,2.07087513369495,1.89651143890978,1.72441801919192,1.55937910540271,1.40450086160867,1.260973085976,1.12827774736921,1.00478134291372,0.888524301388387,0.777968042403983,0.672490614885608,0.572521063068006,0.47932670777573,0.394569391765615,0.319796556727608,0.256019502576539,0.20347537264,0.161597054444958,0.129154900028372,0.1045025355949,0.0858528293661893,0.071525049836511,0.0601241289669723,0.0506336772091852,0.0424229507943046,0.0351824595952644,0.0288172156356296,0.023331765924428,0.018739291486446,0.0150135569151127,0.0120830385047766,0.00985120138808604,0.00821889173390209,0.00709277665559949,0.00637716601310045,0.00596094616685813,0.00571603283249296,0.00551545220193661,0.00526624500793837,0.00493906007467391,0.00457639111679545,0.00427127368074298,0.00412482443534595,0.00420364744053534,0.004517240259131,0.00502485852227499,0.0056630885937875,0.00637494467415883,0.00712200292879164,0.00787360773825982,0.00858404328572512,0.00917656974827265,0.00955046157368661,0.00961159036014644,0.00931153876767715,0.00867298291086131,0.0077852536882258,0.00677154620013903,0.00574489005326147,0.0047771199983328,0.00389623870032896,0.00311012637527695,0.00243852634660059
1.59167352044783,1.61676070707608,1.6527245942217,1.69724968639219,1.7475145957672,1.80067552300606,1.85456164803008,1.90834929192103,1.96293849130184,2.02082432340747,2.08541637755993,2.15995603944031,2.24633481714283,2.34416908826072,2.4504130492185,2.55962006946936,2.66475708109014,2.75831155611483,2.83336693881612,2.88437439330741,2.9074920802066,2.90053435687046,2.86270434831536,2.79432639244912,2.69673678080262,2.5723673114161,2.42492100204371,2.25945712337055,2.08220975851633,1.90005843877337,1.71971431121535,1.54681598159375,1.38519355440977,1.23652548135022,1.10049372783432,0.975384314652458,0.858940573097533,0.749209743873257,0.645145879043046,0.546831756080197,0.455315117463069,0.372169901450037,0.298956516442219,0.236750810527171,0.18585757803795,0.145747234956686,0.115185196228412,0.0924830992366299,0.0757896160489473,0.0633531851503853,0.0537123468388829,0.0457946973691077,0.0389271348944855,0.0327747893728337,0.0272382387106854,0.0223412250404733,0.0181381595076148,0.0146585308631845,0.0118887985954601,0.00977975663356223,0.00826019652798545,0.00724396363165825,0.00662755596574593,0.00628661372803666,0.00608301756239368,0.00588717580327675,0.00560997574432354,0.00522834000988473,0.0047896283362195,0.00438915311914284,0.00412948751529638,0.00408087059065687,0.00426048161096207,0.00463864309945117,0.00516361739154189,0.00578759328356693,0.0064772140345648,0.00720331222799839,0.00791980031828124,0.00854888861089251,0.00898757744969747,0.00913629767742374,0.00893640616141095,0.00839621957242724,0.00759020529045754,0.00663149275344468,0.00563204764484516,0.00467207756269161,0.00379321645597802,0.00301516003009657,0.00236121856794011
1.61256815381987,1.63297646629464,1.66057452745231,1.69336623529849,1.72930724306608,1.76671394444778,1.80480313880522,1.84416196128071,1.88691795682696,1.93644757339626,1.99660906670141,2.07066084462395,2.16015769664417,2.26415265272218,2.37895071817967,2.49849066135135,2.61523442854818,2.72129211711742,2.80946146948347,2.87392621931666,2.91051061527867,2.91656250079399,2.89066493047153,2.83240833477228,2.74238033628971,2.62238780150581,2.47577574909961,2.30761976225488,2.12458194665728,1.93433231460692,1.74460625328082,1.56212219033343,1.39166212210136,1.23558465475046,1.09390841188063,0.964923362858011,0.846124284243089,0.735176163988536,0.630637172719618,0.532270313513568,0.440922158724456,0.358080100080811,0.285297053781156,0.22367446803125,0.173538227982297,0.134356201862242,0.104866847214403,0.0833404765755233,0.0678813546681116,0.0566963719489927,0.0482849330060723,0.0415346928861775,0.0357309028137684,0.0304997379919659,0.0257141596909085,0.021390149071857,0.0175975411357495,0.0143999311993889,0.0118255989960079,0.00986216031320059,0.00846130111386199,0.00754408126738965,0.00700358605763823,0.00670958785179793,0.00652221340466125,0.00631606431591641,0.00600927144234786,0.005584200562811,0.00508865558472875,0.00461405558215089,0.00425883381187669,0.00409376229795144,0.00414393648407665,0.00439387818171058,0.00480813040536385,0.00535233238714997,0.00600061798919133,0.00672507725697374,0.00747642709750602,0.0081711990220359,0.00869891420048632,0.00895012576504195,0.00885345053962541,0.00840295678567739,0.007661023806773,0.00673543773332858,0.00574239781961722,0.00477468771268745,0.00388927083027593,0.00311626712219594,0.00247864051974643
1.62205382470872,1.63728258538405,1.65640335831635,1.67772969307454,1.6999563141884,1.72249182199998,1.74584184764027,1.77188039657172,1.80382853022718,1.84582314442774,1.9020886665298,1.97587636592872,2.06844668962,2.17839256180385,2.30151687598163,2.43131190393915,2.55990088459512,2.67916151988585,2.78171372507518,2.86153086500064,2.91409690815883,2.93621344781401,2.92568751919452,2.88115302259897,2.80218449588494,2.68969574881752,2.54644539463966,2.37737399388951,2.18951789115968,1.99137916540212,1.7918312617492,1.59882301321878,1.41823992655321,1.25324813675375,1.10429661753724,0.969744286498133,0.846886399484337,0.733050824982911,0.626446273236213,0.526560377468297,0.434072144729968,0.350396533383352,0.27707010913199,0.215192091585014,0.165072754830453,0.126143981564305,0.0970966371485928,0.0761556610828628,0.0613909565341975,0.0509851662799132,0.0434151252989438,0.0375381912213993,0.0325979026617199,0.0281722783383492,0.0240910401953117,0.0203436797714335,0.016996404734569,0.0141294124819729,0.0117980138336808,0.0100154520278278,0.00874951028845791,0.00792664300268919,0.00743966120341033,0.00715961961865894,0.00695417612513252,0.00671114062031647,0.006362387457438,0.00589831106601107,0.00536567344408401,0.00484747965705085,0.00443222992146999,0.0041859777545742,0.00413827620051013,0.00428654623449795,0.00461200145945528,0.00509486127310443,0.0057176626412152,0.0064538695619521,0.00725029007716751,0.00801665922402266,0.00863412633492913,0.00898323561347752,0.00898071602046958,0.00860805493520954,0.00791753493300654,0.00701327266090074,0.00601648338587113,0.00503211616513333,0.00413096870666355,0.00335154308993109,0.00271470506599259
1.61772200601811,1.627143234989,1.63784383099156,1.64842610045557,1.65823445818818,1.66762122530121,1.67818836474147,1.69288193775718,1.71580676179604,1.75168485930973,1.80499158254997,1.87893180992208,1.97451077956528,2.08996761852366,2.22075545438583,2.36009322150498,2.49993573272209,2.63207697659208,2.74907299289618,2.84475718592276,2.91429421171527,2.95390794323525,2.96054707159995,2.93176421273995,2.86596987319185,2.76302987473887,2.62498090480747,2.45653076859155,2.26503835499035,2.05982858377877,1.85093339852917,1.64756593304322,1.45674945466308,1.28248664711984,1.12568308486226,0.984797361719911,0.856967234661243,0.739238577364937,0.629533862743466,0.527126489003861,0.432575667070484,0.347250481293572,0.27267498151511,0.209932239140361,0.159294318728193,0.120135392678139,0.0910846811205061,0.0703177785505874,0.0558746549593481,0.0459224388237433,0.0389239919792149,0.0337115945195509,0.0294874677303075,0.0257771260477731,0.022358894453761,0.0191849839984111,0.0163056816600681,0.0138050962553221,0.0117536819334405,0.0101805310616286,0.00906307949574441,0.00833087801411531,0.00787841213834756,0.00758347552737401,0.00732877396516682,0.00702309307502264,0.00661834948247958,0.0061165816915679,0.00556398237944856,0.00503279648188276,0.00459733681322455,0.00431393147327661,0.00421186281763469,0.00429764236691146,0.00456644579960702,0.00501131402051383,0.00562215134107863,0.00637341099537081,0.00720842498115541,0.0080316661937849,0.00871868536949619,0.00914376458986102,0.00921570829319007,0.00890652440545801,0.00825962283689105,0.00737428632394987,0.0063734792495027,0.00537002162245699,0.00444475614118772,0.00364273402828702,0.00298367834296115
1.59832683011538,1.60122652687866,1.60374428864895,1.60474602338082,1.6040984950429,1.60288658409979,1.60354176257825,1.60979425880086,1.62636014533318,1.65832232783892,1.7102550523896,1.78524815197989,1.8840635616772,2.00466426118154,2.14227479492959,2.28998163858049,2.43971143064712,2.58330037334185,2.71334574186047,2.82362454017427,2.9090467415956,2.96530791338711,2.98853589503239,2.97522967563478,2.92265404059942,2.82963438641722,2.6974789165614,2.53063718776099,2.33674146544233,2.12586441661167,1.90909823364038,1.69680819199637,1.49704427950156,1.31455347880666,1.15064004589455,1.00384733611934,0.871182689751559,0.749468669554111,0.636415387301441,0.53115379984415,0.434179848771038,0.3468518980765,0.270696411757214,0.206781178617536,0.15533462946523,0.115667885647849,0.0863466482208002,0.065499206920682,0.0511402197415328,0.0414267601546231,0.0348127418190856,0.0301093099890661,0.0264798737860674,0.0233980893927921,0.0205891299923063,0.0179634055585823,0.0155482097914159,0.0134229244379659,0.0116645104039431,0.0103109161098155,0.0093450359076839,0.00869844895593558,0.00826889353960764,0.00794415297600995,0.00762584519351543,0.00724736706345447,0.00678355661200514,0.00624994663470917,0.00569285456958671,0.00517326346932945,0.004749656021031,0.00446602651997949,0.00434809716622328,0.00440783307119444,0.00465071368163136,0.00507923947721956,0.00568799259668232,0.00645089605147725,0.00730803134780784,0.00816102343805368,0.00888441807922261,0.00935228606496233,0.00947157819189605,0.00920912711086665,0.00860052344046225,0.00773751266553607,0.00673919166420959,0.00571974629210409,0.00476517657884315,0.00392582599289226,0.0032233333241709
1.56437619123855,1.56008254958935,1.5548743011289,1.54785823124189,1.5392778658211,1.530705756741,1.52509496901127,1.52663119696459,1.54033306725219,1.57138835672245,1.624286937895,1.70189884016172,1.80470929232309,1.9304268523372,2.07410429941951,2.22876908712585,2.38639710641083,2.53894374348604,2.67912777282455,2.800763106717,2.89862322811905,2.96802759492471,3.00447113870969,3.00361395728946,2.96179613678915,2.87700027753411,2.7499471046192,2.58488339381039,2.38966824232675,2.17497537176788,1.9527320481142,1.73418952871804,1.52816205947007,1.33992314127818,1.17103016884797,1.02004657080606,0.883855442153594,0.759110124209334,0.643383143240692,0.535735354765674,0.436655675589624,0.347528696486679,0.269905388344067,0.204852900794587,0.152569331696165,0.112317325023469,0.0826142543243131,0.0615548002319506,0.0471389405698471,0.0375212823824675,0.0311526577572411,0.0268286870521901,0.0236797964109743,0.0211329574406439,0.0188630719223984,0.0167380533165323,0.0147579347947962,0.0129910030985473,0.0115145437965702,0.0103713714565831,0.00954886155515237,0.00898204019376903,0.00857414694629688,0.00822441440542743,0.0078531641431966,0.00741669060179989,0.00691046240388687,0.00636172103047759,0.00581628383275597,0.00532437822773957,0.00492970278934987,0.0046647025997026,0.00455140954958122,0.0046058894116911,0.00484141840603955,0.00526668627811574,0.00587757890917776,0.00664488817817285,0.00750457977409705,0.00835707339581361,0.00908025539318261,0.00955433404932746,0.00969114736393963,0.00945738676671937,0.00888235015899372,0.00804759188556337,0.00706242750922032,0.00603554818280411,0.00505314680576108,0.00416997349356332,0.00341331261206161
1.51838841423768,1.50647542889612,1.49428592924131,1.48115101314067,1.46754788484743,1.4552915571897,1.44754785411525,1.44862920247108,1.46354787036074,1.49733598327201,1.55420085239831,1.63665666830839,1.74482744426373,1.87611866221406,2.02538343143825,2.1855731492226,2.34870519311208,2.50686340935185,2.65293047516127,2.78085375929062,2.885441274088,2.96189432510595,3.00541722870604,3.01123516566342,2.97518606130528,2.89479288696276,2.77047132535307,2.60639695339956,2.41061128228391,2.19417677521346,1.96951648659606,1.74836550677056,1.53990845387804,1.34962019453496,1.17909108591078,1.02679605250222,0.889477823189368,0.763662784810363,0.646850841891105,0.538093959168904,0.437919376522989,0.347768309958323,0.269239844257785,0.203425840277704,0.15052524103464,0.109787683819945,0.079716902280541,0.0584027707709368,0.0438511663386812,0.034227734321776,0.0279899404211186,0.0239269145364102,0.02114557800767,0.0190349500762272,0.0172252993608106,0.0155428768645771,0.0139567276272191,0.01251802511105,0.0112992398036911,0.0103462133563453,0.00965273710163602,0.00916138509278175,0.00878442667788981,0.00843309090586974,0.00804306281492986,0.00758723713727044,0.00707463620401988,0.00653868518365254,0.0060222067503795,0.00556537320291617,0.00520003545148889,0.00495077540297241,0.004838996856494,0.00488643331918701,0.00511394875681495,0.005534649643328,0.00614297571587752,0.00690374242375488,0.00774692573858077,0.00857184841787514,0.00926238914903021,0.00970981088398529,0.00983676787294983,0.00961483080347467,0.00906926210856598,0.00826998858282793,0.00731196683436851,0.00629261708291981,0.00529389950936018,0.00437389914301209,0.00356830846746666
1.46473396518911,1.44526045932657,1.42720829880787,1.41012173468133,1.39458760899053,1.38244782520337,1.37680917362981,1.38182231706696,1.40222176972717,1.44265080002051,1.50684525897979,1.59681248448424,1.7121887786975,1.84996081135355,2.00466852168023,2.16907636287596,2.33514570708946,2.49502545956221,2.6417610277907,2.76952518139858,2.8733720852679,2.94872959697679,2.99098072448254,2.99547367150274,2.9581279725818,2.87653571062543,2.75119847692763,2.58640893593113,2.39034717347825,2.17420366398247,1.95047681682321,1.73088998073921,1.52451730673942,1.33664163982046,1.16862021769388,1.01870329930729,0.883459664738344,0.759315527320058,0.643744866538694,0.535830832509133,0.436163985708795,0.346258002673273,0.267778684610832,0.201873396408902,0.148786828899585,0.107809008012363,0.0774825601234511,0.055936116790358,0.0412126223731255,0.0315092363812624,0.0253044624485159,0.0213935836197918,0.0188725640331764,0.017103619071314,0.0156794208726299,0.0143856270685555,0.0131559632087132,0.0120177273226287,0.0110332749906065,0.0102504267634101,0.00967288140850477,0.00925654104618145,0.00892725002353273,0.00860858520992772,0.00824677190926608,0.0078226472061893,0.00734916082046866,0.00685833104997639,0.00638633055160305,0.00596380967929694,0.00561437302836912,0.00535967438080345,0.00522518753477302,0.00524179329427751,0.0054398321792696,0.00583715975342249,0.00642580934476025,0.00716283654676445,0.00797033983298794,0.00874546467912405,0.00937863465006677,0.00977467221259315,0.00987100213896178,0.00964819481006976,0.00913018933838067,0.00837546142881811,0.00746218173978388,0.00647257684808647,0.0054807397016213,0.00454631215669841,0.00371399924719827
1.40911546041601,1.38283440750222,1.36048552419205,1.34181577070864,1.32742553334625,1.31901761757345,1.3194321794848,1.33244022801445,1.36229502047815,1.4130735244334,1.48788638374445,1.58809163698919,1.71269129093184,1.85809124098005,2.01833919166683,2.18582672780878,2.35228843950568,2.50981420821724,2.65157198160871,2.77204076165964,2.86675196043292,2.93175333163974,2.96314794671448,2.95705075392151,2.91013374853277,2.82066233718099,2.6896682211129,2.52177473233166,2.32525460271253,2.11114263264177,1.89155860035336,1.67768507151635,1.47797931125185,1.29712391283253,1.13597056541514,0.992405245153326,0.862782454939557,0.743440900977101,0.631853412279751,0.527147792763561,0.429976837664324,0.341922146450914,0.264723507181336,0.199612879710757,0.146931630788157,0.106074010444229,0.0756855367308058,0.0539872196646187,0.0390978111072976,0.0292716257411062,0.023026051182956,0.0191776099618007,0.0168257327409876,0.0153183887760305,0.0142185639106003,0.0132726918711967,0.0123746789233955,0.0115207700052124,0.0107574743296425,0.0101332314887074,0.00966495517044995,0.00932753067985292,0.00906480202658738,0.00881295528787737,0.00852397495434515,0.00817825956272655,0.00778357980295952,0.0073635774666599,0.00694458470909118,0.00654831780280235,0.00619328191681703,0.00590233346633321,0.00570896580547731,0.00565650195442097,0.00578740976825493,0.0061263813908119,0.00666445163941065,0.00735140031650658,0.00810093729536156,0.00880689321283916,0.00936525397296423,0.00969440870550459,0.0097479490515327,0.00951788962329951,0.00902936400086829,0.00833085996732331,0.00748348294665334,0.0065523468757268,0.00560090984567491,0.00468774503342612,0.00386469860496195
1.35783006410188,1.32629354096474,1.3016795230419,1.28392179876797,1.27356686644886,1.27206868760684,1.281868326509,1.30622347996957,1.34878591827082,1.41296182441179,1.50113792442018,1.6139128159171,1.74951597041331,1.90359744548266,2.06950473530811,2.23903335317757,2.4034822622582,2.55472553509119,2.68598980875537,2.79212737197835,2.86937241642308,2.9147852217713,2.92573043146569,2.89973092699316,2.83487474084746,2.73069284503876,2.58917695111898,2.41548227603303,2.21792296666941,2.00710069073428,1.79432262509942,1.58973428863,1.4007107121977,1.2309683979081,1.08061708901372,0.947062231179012,0.826411161539006,0.714919709776868,0.610064521805681,0.511005521643136,0.418430179751135,0.333960946020916,0.259402603094257,0.196091089053843,0.144511063750889,0.10422414455866,0.0740439581374366,0.0523393823176784,0.0373454944942872,0.0274007685177235,0.0210802208743506,0.017237260479037,0.0149896682574317,0.0136843585748708,0.0128635501664883,0.0122372171192104,0.0116564842795435,0.0110806033374646,0.010534970897564,0.0100667044591243,0.00970770892265516,0.00945552524997803,0.00927474244251492,0.00911378270605881,0.0089264600021239,0.0086866415721813,0.00839098613643824,0.00805096235549531,0.0076821164198969,0.0072984781967923,0.00691551549967562,0.00655899271822678,0.00627145111549063,0.00610954521679447,0.00612946561737321,0.00636548700104893,0.00681117872382009,0.00741234076993738,0.00807625101197063,0.00869351703292869,0.00916428647726464,0.00941869507639237,0.00942544852340669,0.00918838601319588,0.00873547358830326,0.00810722890214016,0.00734899580177919,0.0065085878764196,0.00563698050089984,0.00478855687113366,0.00401855922311051
1.31697734407789,1.28247750696457,1.25801787530982,1.24369345418156,1.23995277140216,1.24794161469345,1.26963869199219,1.30773360255666,1.36523630892343,1.44485146915544,1.54820569808552,1.6750767927322,1.82281857617294,1.98617392437114,2.15759796144161,2.32807830811681,2.48827846306179,2.62970612718248,2.74558298978235,2.83119045493514,2.88366225601125,2.90141285171235,2.8835357029853,2.82950925971613,2.73939768492023,2.61448987966443,2.45808636503086,2.27602661739195,2.07660692247478,1.86975246265513,1.66559374398938,1.47283603207188,1.29740708447675,1.14178359739981,1.00516928863507,0.884419539679335,0.775382973166756,0.674237952211891,0.578457135510641,0.487200516874651,0.40114139940899,0.321895623221909,0.251305319996871,0.190812850613682,0.141077537713712,0.101878291845538,0.0722514263622391,0.0507614588502496,0.0357953293976389,0.0257997271013295,0.0194242396607274,0.0155735255128064,0.0133977446517371,0.0122559010377006,0.0116796060173473,0.0113477897113449,0.0110693947579714,0.0107641713767282,0.0104332717817635,0.0101206243223125,0.0098729396595667,0.00971094435753317,0.00961975670733056,0.00955821244672117,0.00947886897234442,0.00934605455425994,0.00914386935469291,0.00887239420814982,0.00853880788556814,0.00815194391688553,0.00772517079515619,0.00728581928280094,0.00688249554526965,0.00658226926103686,0.00645408324635549,0.0065438161630011,0.00685222592679877,0.00732681972741783,0.00787311399168293,0.00838063858355508,0.008753029184458,0.00892963262223387,0.00889150982397349,0.00865281365527,0.00824470396460394,0.00770153351909234,0.00705496081910659,0.00633653404635681,0.00558386416210981,0.00484421353686224,0.00417181766773496
1.29173384807154,1.25706020018508,1.23536936642459,1.22688238568394,1.23192140844842,1.2513009402055,1.2865242782534,1.33971558597733,1.41326186026074,1.50919296405071,1.62839390999619,1.76981315734705,1.92987875041753,2.10233029833351,2.27859693084503,2.44870712711504,2.60254736679719,2.73115673833985,2.82771630715991,2.88798857241742,2.91015805402021,2.89424270947931,2.84139526380397,2.75342743521221,2.63275623217657,2.4827490931942,2.30822954440536,2.11579657343874,1.91365998899698,1.71088134622254,1.51615808556126,1.33648895684282,1.17613100706067,1.03617252564345,0.914842363816551,0.808437584263923,0.712567732833106,0.623348646013202,0.538238137274957,0.45635528130711,0.378298677870501,0.30561585496568,0.240140895024969,0.183403428974647,0.136244623694587,0.0986864644086672,0.0700213838968046,0.0490412102431718,0.0343096464452478,0.0243993996051575,0.0180479288343007,0.0142230061101298,0.0121193196965323,0.011120257264185,0.0107579282814764,0.0106887442295233,0.0106848198856039,0.0106289475552588,0.0104986226340944,0.0103339389710373,0.0101947896316666,0.0101224339177149,0.010118955843868,0.0101498357010653,0.0101636771358493,0.0101149799900529,0.00997803846529349,0.00974671366559095,0.00942554463301362,0.00902206146948578,0.00854773281888827,0.00802756391628627,0.00750960425262928,0.00706459305891691,0.00677008971865412,0.00668372482972093,0.00681778185171503,0.00712824275602295,0.00752547753831032,0.00790214817643192,0.00816618340176112,0.00826407408879185,0.00818593146474229,0.00795353563434066,0.00760037935882185,0.00715570568609315,0.00663953129232495,0.00606877103278794,0.00546770287995001,0.00487442731216607,0.00433845077760866
1.28575283425379,1.25380036707816,1.237396353002,1.23684826842238,1.25233259680842,1.28432878373326,1.33387673331018,1.40256479393313,1.49220297109614,1.60420151278386,1.73875578968619,1.89401983646386,2.06550381218263,2.24592293649872,2.42563733236283,2.59366555296673,2.73907540069398,2.85242012571128,2.92685810416425,2.95869103378238,2.94725187600187,2.89429334714408,2.80318096653706,2.67821874090509,2.52431984237038,2.34703537690543,2.15276024356545,1.94883580061818,1.74330806713179,1.54425723828678,1.35881916617739,1.19217793125333,1.0468554276616,0.922539437805297,0.816516253952896,0.724580648336243,0.642157250045988,0.565329962475054,0.491537459074152,0.419819877768114,0.350640612624252,0.285411813345683,0.22590058748024,0.173682319424373,0.129758350832336,0.0943887828865087,0.0671279567674091,0.047005596144493,0.0327734466355081,0.0231404590708893,0.0169411778474425,0.0132155216215211,0.0112123169053127,0.0103497600687084,0.0101713891205792,0.0103218456587308,0.0105461145434662,0.0106977580147929,0.0107355212449822,0.0106971525492523,0.0106537153138314,0.010662167541747,0.0107354018164098,0.0108401263321166,0.010918360596222,0.0109162246127665,0.0108036835034719,0.0105763290797072,0.0102438531182542,0.00981731335309119,0.00930623933886382,0.00872817404731222,0.00812198799057241,0.00755286327953683,0.0071002019686634,0.00683113803921606,0.00677209593454539,0.00689359274568394,0.00711786775444467,0.00734619710231333,0.00749324035407939,0.00751195857094472,0.00739890665011145,0.0071806702620367,0.00689145188455757,0.00655548755362211,0.00618252634091696,0.00577643100770073,0.00534885599581789,0.00492800248960869,0.00455660763948988
1.3007062282985,1.27401972857005,1.26499033891463,1.27397619799317,1.30099442677247,1.34619056601203,1.4101544877156,1.49396462529271,1.59889282529605,1.72577970504783,1.87418796470651,2.04153644450924,2.22247620842329,2.40875740874666,2.5897351486861,2.75349138067487,2.88835960936268,2.98449884842668,3.03513389987498,3.0371788882085,2.99115924430112,2.90056782945608,2.77094653774581,2.60901697801841,2.42208457468619,2.2177635868753,2.00389756178844,1.78846007895262,1.57924977416476,1.38332013356005,1.20624576060657,1.05144325863665,0.919787031395159,0.809678928230943,0.717585767973937,0.638912233756398,0.568983158289326,0.503898773909695,0.441087957232987,0.379487184266777,0.319375295613893,0.261966280215678,0.20889454121092,0.161720787659838,0.121556817759182,0.0888644639608776,0.0634371302149547,0.0445314412240465,0.0310851029421615,0.0219467511422397,0.0160539979884002,0.012525551061364,0.0106711636714379,0.00995132416732139,0.0099300402136645,0.0102510988443832,0.0106443715524443,0.0109454907608206,0.0111027975294734,0.0111553517663057,0.011183904798663,0.0112556255662732,0.0113871133350217,0.0115404316623348,0.0116487019002243,0.0116519519865244,0.0115221525212272,0.0112650660787539,0.0109034094836659,0.0104565298394872,0.00993206600227642,0.00933527903827677,0.00868750956664266,0.00803889362516269,0.00746270687048076,0.00703118687894364,0.00678485777010876,0.00671243381164155,0.0067536409303259,0.00682383131119904,0.00684803732872435,0.00678683873007629,0.00664228908822576,0.00644384574799213,0.00622470263585,0.00600335689181239,0.00577964477621983,0.00554537534168556,0.00530059114935245,0.00506416710768208,0.00487211475042609
1.33598568713374,1.31635371248926,1.31606099734845,1.33549205541566,1.37449594017943,1.43288167572787,1.51078752674459,1.60878146955583,1.72760173075329,1.86753538203989,2.02754755099919,2.20438353570177,2.39193027709005,2.58110573253178,2.76043087636682,2.917252937681,3.0393878482339,3.11680683458892,3.14296622659136,3.11548504795785,3.0360766894328,2.90986177393357,2.74434485641411,2.54837425080658,2.33131752502735,2.1025277550873,1.87102233820298,1.64521655124279,1.43257533345542,1.23914586170816,1.06905459270353,0.924130052305876,0.803812317180468,0.705432406075889,0.624829288723149,0.557169929862858,0.49778657625518,0.442859520247941,0.389833855957472,0.33753736188836,0.28603411460159,0.236289674736106,0.189740909008535,0.147861377075604,0.111801576425971,0.0821624822092052,0.0589295638985671,0.0415575206159943,0.0291575761563884,0.0207169705087221,0.015280679101758,0.0120512794153181,0.0104034904791749,0.00984387377577578,0.009962429251267,0.0104107730288451,0.0109151383855449,0.0113052826469717,0.0115287403985361,0.0116306352960039,0.0117006913316499,0.011811496647171,0.0119772157151608,0.0121506582321721,0.0122549119304287,0.0122266846645055,0.0120456552169526,0.0117345605211615,0.0113350664422849,0.0108782801268163,0.0103701044329048,0.00980028927684975,0.00916669658204121,0.00849699582774974,0.00785102005831181,0.00730044558158399,0.0068969893842343,0.00664774753114108,0.00651266987282623,0.00642526646041103,0.00632494568750161,0.00618270072373028,0.0060071845324551,0.00583034554747439,0.00568318743078476,0.00557727272267548,0.0055018983761832,0.0054370136921976,0.00537203021548982,0.00531807290636954,0.00530634031765917
1.38860722650318,1.37681295833657,1.38571671898817,1.41571994824847,1.46650062728581,1.53752261189123,1.62845031729428,1.73930481487255,1.87024799521444,2.02097997180024,2.18986460752486,2.37302086435035,2.56368683429264,2.75214002107649,2.92633111699014,3.07318915408973,3.18034748925228,3.23789753239854,3.23975797486539,3.18436070687943,3.07456044086448,2.91689460536706,2.72047181287525,2.49580310013911,2.25381041985268,2.0051043114357,1.75948674966623,1.52556619253289,1.31038887351851,1.11906786979622,0.954479121907868,0.817138009725657,0.705350312256517,0.615656834174164,0.543501070974059,0.48398552701443,0.432567707264141,0.385581732515104,0.34053021691777,0.296148111389673,0.252276800149013,0.209600662011978,0.169302024706155,0.132691445726518,0.1008740459953,0.0745108629465301,0.0537168717962949,0.0381048611589305,0.0269412900219835,0.0193490662503937,0.0144845506734813,0.0116384459036414,0.01025207790958,0.009878079989904,0.0101336815588685,0.0106831167593058,0.0112574137481587,0.0116903296340263,0.0119367174779649,0.0120517422515179,0.0121335278013517,0.0122565862638249,0.0124288729923885,0.0125921605116088,0.0126606292962494,0.0125711327026418,0.0123154277357081,0.0119370839276311,0.0114992792478372,0.0110460619022771,0.010581635585967,0.0100792530695792,0.00951111817593576,0.00887880736675115,0.00822370171421305,0.00761119119385809,0.00709894077288292,0.00670895226920537,0.00642051179437976,0.00618695378176399,0.0059654075915955,0.00574097218480055,0.00553171181742692,0.00537332744569784,0.00529439227078336,0.00529841712524508,0.00536303591979464,0.00545598872855474,0.00555694465133812,0.00567145925601531,0.00582903809435522
1.45338412842923,1.44917963391775,1.46683303640744,1.50676505132134,1.56848541523157,1.65110102488756,1.75376421545499,1.87588191799347,2.01695384199441,2.17601202877669,2.35077490009246,2.53676166253279,2.72668562676286,2.91041700757216,3.07566953646188,3.20935654923507,3.29935047061472,3.33624167111039,3.31468323917767,3.23403090713392,3.09819662247456,2.91484980533371,2.69424373866749,2.44797394311678,2.18789673041689,1.92530355648888,1.67032566080123,1.43148595677707,1.21533237413057,1.02615009097777,0.865812719224499,0.733850844277911,0.627780618903839,0.543662512339498,0.476790428475681,0.422378312210301,0.376126053084162,0.334598177978501,0.295406187612903,0.257225011167722,0.219685542029445,0.183176595615867,0.148581569751476,0.116977436446707,0.0893388500630075,0.066303312657051,0.0480477769669364,0.0342997817169779,0.0244615330987359,0.0177888704347744,0.0135538893804392,0.0111390818417977,0.010052106577539,0.00988861722491521,0.0102905735900711,0.0109355737684669,0.0115637252738181,0.0120185642904152,0.0122666797979032,0.0123745272061445,0.0124469797327151,0.0125579323448602,0.0127080884647524,0.012829936492477,0.0128328174738808,0.0126582845084091,0.0123132422412812,0.0118627435519664,0.0113902700884646,0.0109513015703354,0.0105480070764605,0.010138398863969,0.00967094121938646,0.00912196892053507,0.00851269544013103,0.00789757789243928,0.00733369913417728,0.00685153140551936,0.00644532968742467,0.00608703529240864,0.00575323233189476,0.00544656819471176,0.0051980575018401,0.00504953854895093,0.00502794064826206,0.00512829657901749,0.00531582833204658,0.00554594157119581,0.00578968961073727,0.00604955583549802,0.0063568185652531
1.52341332276606,1.5257213412098,1.5509448400878,1.59952925237277,1.67082331589143,1.76356793161445,1.87636149933963,2.00791590011843,2.1569589968103,2.32174424510995,2.49927374264311,2.68447877172018,2.86967598353305,3.04458602926719,3.1970596699417,3.3144444920207,3.38531638539549,3.40117124635822,3.3576750184504,3.25520201588748,3.09860188091836,2.89634318129779,2.65931176978084,2.399559462255,2.1292156191114,1.85964728118575,1.60084496417459,1.36096613161436,1.1459904296467,0.959497367442494,0.802623576147467,0.674256480879803,0.571473218166978,0.49016141131313,0.4257022529331,0.373585167862005,0.329859306586032,0.291391235160174,0.255954884738673,0.222206883566978,0.189593388908455,0.158208647240234,0.128607434143415,0.101575042317839,0.0778803875923121,0.0580612456983671,0.0422944997446021,0.0303830008052438,0.0218476640404719,0.0160755752876339,0.0124587390423505,0.0104740513292589,0.00969371505320507,0.00975162142260824,0.0103099533015538,0.0110578241800209,0.0117452260247169,0.0122269227292825,0.0124810239878183,0.0125825525187878,0.0126391731614187,0.0127215485281858,0.0128240448081179,0.0128746343548723,0.0127845746842183,0.0125058153722438,0.0120625452055821,0.0115393330308699,0.0110355893863275,0.0106143940495952,0.0102751311062924,0.00996363089886248,0.00961002642309454,0.0091703264748724,0.00864726530900914,0.00808155914722664,0.00752314022894607,0.00700288473139341,0.00652309284201162,0.00607037155481809,0.00564020682407115,0.00525472719664763,0.00496079502114854,0.00480892434742976,0.00482597996376045,0.00499931791198138,0.00528240905227731,0.00561949021988696,0.00597498983545119,0.00635102710049797,0.00678362954868547
1.59085350460559,1.59813723073987,1.62932696327442,1.68489044667549,1.76402465727565,1.86510502404162,1.98614645868871,2.12509487881763,2.27980132285628,2.44762976358683,2.6247926997903,2.80564500025088,2.98223926896048,3.14441324135872,3.28053822966196,3.37885023063198,3.42908633299662,3.42403434457322,3.36061963350451,3.24029233286049,3.06868570436404,2.85471138919435,2.60936924859257,2.34455052505202,2.0720219042574,1.80265380871847,1.54585886908344,1.30917486098066,1.09795726419761,0.915203242125478,0.761567084509317,0.635615132961528,0.534311381222748,0.453651704264831,0.389316269116189,0.337212025363623,0.29382670528499,0.25638812501915,0.222879278041951,0.191979008512103,0.162979007965736,0.135689873189069,0.110322570621963,0.0873302345575673,0.0672194441322084,0.0503694719232395,0.036909157933352,0.0266866493554513,0.0193291098018735,0.0143538449479461,0.0112753370409325,0.00966538944455919,0.00915757031187572,0.00941889255030331,0.0101274605174042,0.0109818368052648,0.0117412268074654,0.0122700929184416,0.0125538678852797,0.0126694441670845,0.012720417289497,0.0127704032100016,0.0128087897127439,0.0127651958065221,0.0125609113721579,0.0121644748885619,0.011618794947747,0.0110243585593095,0.0104902717207485,0.0100821063007918,0.00979560542712363,0.00956870847421446,0.00932093192042308,0.00899570251229312,0.0085816807808558,0.00810510271112743,0.00760325495838093,0.00709929129919595,0.00659548751585939,0.00608715528045327,0.00558559982134629,0.00513181708896834,0.0047894050626416,0.00461910749827353,0.00464960943415917,0.00486289943173628,0.00520360246189661,0.00560820015579678,0.0060379732896319,0.00649759038313581,0.00702966836454544
1.64788438167816,1.65858154607774,1.69407227179358,1.75482800707852,1.83990347254147,1.94732500812765,2.07452198175595,2.21863701344443,2.37657349772714,2.54472548108221,2.71846654866588,2.89160227409607,3.05605924970171,3.20205181776994,3.3188331062042,3.39594273582961,3.42468226711054,3.39945305746238,3.31862084492594,3.18471443749387,3.00396549862966,2.78537328117555,2.53956776102617,2.27772641783167,2.01069879129065,1.74837024954868,1.49920972724844,1.26992875499314,1.06522151621395,0.887617201465297,0.737512148669637,0.613431220444963,0.512505399142785,0.431077529627133,0.365302734742144,0.311618806118751,0.267018198428164,0.229129994631325,0.19617721814987,0.166890365489537,0.140432479822254,0.116345497833527,0.0944945222276628,0.0749807148447907,0.0580164420291624,0.0437879826577466,0.0323478668650037,0.0235720993500883,0.0171867656005205,0.0128377810667773,0.0101612495801121,0.00882095950775136,0.00850706217371747,0.00891518121682669,0.00973702413043975,0.0106805231443913,0.0115142488675633,0.0121100257862918,0.0124542811275764,0.0126163990407886,0.0126866039693736,0.0127158941610694,0.0126889601399612,0.0125425224899045,0.0122153338515047,0.0116978866242419,0.0110523556766264,0.0103908277638636,0.00982553211929175,0.00941954366550765,0.00916461680980571,0.00899586601081494,0.00883088444120113,0.00860947770287401,0.00831216293280246,0.00795175552399456,0.00754922384757623,0.0071132510160922,0.00663841450333852,0.00612181913014341,0.00558524393765379,0.00508487929017271,0.00469896605142105,0.00449806235537688,0.00451423052089188,0.0047277725473974,0.00507987751608987,0.00550532926420935,0.00596747648975669,0.00647659778606685,0.00708224501602386
1.68766926642016,1.70057546973437,1.73896758851827,1.80328438546203,1.89244893107873,2.00417570910076,2.1353448935345,2.28230944015429,2.44101076553406,2.6068464592853,2.77434508704664,2.93681523717187,3.08619693325596,3.21331477215335,3.30861138741023,3.36326745057957,3.37045819192799,3.32642195742711,3.23105857642719,3.08791770494845,2.9036228293031,2.68693007839092,2.44768499148134,2.19590196039563,1.94108036349132,1.69175098754938,1.45517080555943,1.23708139188869,1.04150139590685,0.870592514139557,0.724676515785645,0.602461010556692,0.50146636280286,0.418569361668264,0.350533786920018,0.294408009427681,0.247727500146291,0.208537773391436,0.175310286836333,0.146838168944369,0.122170706125302,0.100596000773257,0.0816430512949861,0.0650632290746137,0.0507704458640123,0.038750880001722,0.0289743095611794,0.0213403325320534,0.0156709936618126,0.0117371112352819,0.00929059479636374,0.0080798214044901,0.00784475112571334,0.00830590503464215,0.0091688942220382,0.0101539533940885,0.0110414542601552,0.0117093636258693,0.0121388827089033,0.0123819939308792,0.0125053583242732,0.0125404944601091,0.0124658250259586,0.0122281902063463,0.0117885166750217,0.0111622098748667,0.0104297917103676,0.00971043477670341,0.00911382765307847,0.00869697252913351,0.00844847833492018,0.00830619537391774,0.0081943150603247,0.00805765139712242,0.00787470806439547,0.00764713458526093,0.00737803006884551,0.00705726775361074,0.00666579967314251,0.00619587600823619,0.00567289433767812,0.00516169496458821,0.00474980526752091,0.00451465665277245,0.00449227873607989,0.00466573479831391,0.00498016181727015,0.00537689261846926,0.00582793547261798,0.0063521668301127,0.00700491091189896
1.70513515066419,1.71964452721085,1.76002164059197,1.826625272708,1.9182626960247,2.03239771038929,2.16544036392239,2.31302560145502,2.47018449159368,2.63135502775861,2.79026346814338,2.93979673175486,3.07203672986878,3.17860371251471,3.25135469623611,3.28334021217564,3.26979784543429,3.20891120118918,3.10211610984145,2.95387258874092,2.7709864727775,2.56168996999369,2.33472679131679,2.09862953691718,1.86125892132514,1.62955841505384,1.40941456064311,1.20552502116649,1.02124391389716,0.858450873931954,0.717532006506151,0.597541851849756,0.496549858677365,0.412097298044818,0.341643759013774,0.282890386024572,0.233922253907578,0.193187784226829,0.159389048740151,0.131371182633931,0.108071392987711,0.0885373250660898,0.0719829839175724,0.0578340242492981,0.0457289972068028,0.0354733746277449,0.0269680429203191,0.0201432283927057,0.0149165669731284,0.0111766960722106,0.00877987971748961,0.00754695162787411,0.00725871254028312,0.00765724262267883,0.00846431794803409,0.00941782267296737,0.0103145712101528,0.0110393802476011,0.0115638577482727,0.011914496760888,0.0121255672672341,0.0122024892273544,0.0121144244680865,0.0118182898518347,0.0112979491574095,0.010593068406901,0.00979947234664968,0.00903879518073211,0.00841407696744373,0.0079748544357558,0.00770904473788059,0.00756307235017806,0.00747523430194935,0.00740246130687153,0.00732644005958712,0.00724038744853214,0.00712999642591479,0.00696489269340955,0.00670915224270439,0.00634491987526103,0.00589395193487172,0.0054212068154282,0.00501539210468938,0.00475538374443754,0.00468031900908872,0.00478028194588571,0.00501245645916148,0.00533388166823247,0.00573222862921537,0.00623751702898005,0.00690851553588348
1.69744339464315,1.71360238997982,1.75560252980279,1.82367801403642,1.91654779333839,2.0315105023395,2.16462465320933,2.31093222476455,2.46466637128628,2.61939931251512,2.76813696085949,2.90342832694679,3.0175945718897,3.10316467023077,3.15352771968854,3.1637045072775,3.13105245961253,3.05569468148504,2.94052602458803,2.79077562222931,2.61324548552168,2.41543841266928,2.20479648203488,1.98819577654584,1.77172071917473,1.56063266706657,1.35939752973475,1.17166296656267,1.00015394881131,0.84653889775201,0.711363855445217,0.594135341072666,0.49356871772262,0.407942267564822,0.335449346436176,0.274445579753243,0.223538207433861,0.181535369652959,0.14732633176637,0.119777919374214,0.0977061362792391,0.079931984739784,0.0653873672153991,0.0532166376267607,0.0428299660424211,0.0338933290574238,0.0262680067007703,0.0199291732817317,0.0148898388267417,0.0111452507876106,0.00863941846010413,0.00724962842209326,0.00678676464862146,0.00701094298493479,0.00766283050941208,0.00850380472736889,0.00935238485299181,0.0101022733362845,0.0107136404911358,0.0111829630397819,0.0115069557804921,0.0116607536027047,0.0116014174423832,0.0112936041088409,0.0107410111978479,0.0100030110255263,0.00918522403255162,0.00840681765819008,0.00776159369065377,0.00729241035366388,0.0069904319969385,0.00681642540734827,0.00672871168435712,0.00670120440118196,0.00672229445771844,0.00677934838977537,0.00684273736932782,0.00686325834665241,0.00678792616723578,0.0065857766095703,0.00626849134159015,0.00589201904115687,0.00553660256447994,0.00527530363035433,0.00514789055157303,0.00515450857774959,0.0052715628633235,0.00548011186771189,0.00578960902866524,0.00624292692621124,0.00689942643510936
1.66412291867032,1.68250825276679,1.72625459926499,1.79544531981213,1.88875596563698,2.00342658315328,2.13531199506903,2.27902489263803,2.42815639876937,2.57554467916679,2.71357585997748,2.83453112666506,2.93101452914727,2.99648367593273,3.02585465785211,3.01608378243684,2.96657936617552,2.87930081514817,2.75847213351781,2.60995015543544,2.44039937544244,2.25648524794065,2.06427780611886,1.8689665937349,1.67486481502091,1.48558184957776,1.30420774195605,1.13339194461666,0.975285173540317,0.831400863357141,0.702500345870558,0.588591869969582,0.489073402579735,0.402975584339467,0.329213656456637,0.266758142625062,0.214677533936268,0.172069750959803,0.137947544381078,0.111156117455046,0.0903766900368547,0.0742220186771746,0.0613872015100173,0.0507968223047212,0.0416972105492043,0.0336700433431865,0.0265742496414861,0.0204460563530706,0.0153910396234002,0.0114955981605488,0.00877129436467522,0.00713398336407434,0.00641333598700405,0.00638365506724972,0.00680616535741774,0.00746972468751378,0.00821806987556183,0.00895551146238394,0.00963097777616795,0.0102106772939507,0.0106538982211197,0.0109058403527814,0.0109109205588332,0.0106387626782057,0.0101073102532895,0.0093880148581249,0.00858860183038052,0.00782033301853456,0.00716613150797327,0.00666438557323684,0.00631417277382701,0.00609568900973223,0.00599119383547879,0.00599392281489536,0.00610052555388158,0.00629453680269078,0.00653418090345217,0.00675521630631007,0.00689031404832326,0.00689506227121379,0.00676654858548348,0.00654356535869653,0.00628834257437812,0.0060601954895184,0.00589568191127808,0.00580605938735659,0.0057916806467465,0.00586339020634435,0.00605643837427428,0.0064271607409767,0.00703292238597521
1.60692900514797,1.62840608111717,1.67433768632103,1.74466021942993,1.83807002558782,1.95186838711062,2.08186785464266,2.22243310282692,2.36668872367611,2.50688396912198,2.63488087346365,2.74272819333171,2.82328583085525,2.87085584230406,2.88175064166769,2.854699193577,2.79098249835955,2.69422142370665,2.56981710735501,2.42414294820051,2.26366924639874,2.09422779562987,1.92057691083417,1.74632360923631,1.57413834802502,1.40611069346547,1.24407325026792,1.08977116429393,0.944846814241598,0.810698583843123,0.688321172116625,0.578223878185034,0.48046835500616,0.394798989258997,0.320793504255551,0.257959194921717,0.20573603920063,0.163422307739699,0.130079701209248,0.104485565444244,0.0851767472636222,0.0705854566747691,0.0592274670501786,0.0498811733380787,0.0417026577787005,0.0342487318958794,0.0274125111786235,0.0213032287471192,0.0161111043148955,0.011994456218614,0.00901093265622993,0.00709791300229723,0.00609398062694641,0.00578403481604203,0.00594966066985259,0.00640756857569602,0.00702638515286224,0.00772058258342204,0.00842885224313095,0.00909074057696405,0.00963396211615473,0.00997987647636039,0.0100638313495243,0.00985937519060309,0.00939277135208444,0.00873856781981852,0.00799766693886975,0.00726750261387708,0.00661865193043187,0.00608743769428513,0.00568502519303174,0.00541460684694474,0.00528397058827798,0.00530554372680878,0.00548393587319052,0.00580015679545099,0.00620401347479763,0.00662161657720337,0.00697628133844706,0.00721239459585754,0.00731054939252972,0.00728661590647646,0.0071770472278142,0.00702021946481285,0.00684493897339047,0.00667238472778151,0.0065281768795688,0.00645500509680851,0.0065150300287212,0.00677750761962002,0.00729618926842941
1.52953361375785,1.55497438247657,1.60363474068201,1.67534116312386,1.76888951871547,1.88176309569929,2.00988868381236,2.14755949719333,2.28760544221546,2.42182406945039,2.5416272326601,2.6388213670983,2.70642142280815,2.73939055501924,2.73519403802979,2.69406220804076,2.61888607222088,2.51472853924421,2.38801944517152,2.24558836428544,2.09374341024006,1.93759861284172,1.78078080999626,1.62553211777231,1.47310576407369,1.32427805729243,1.17979180652264,1.0406058637404,0.907921026269139,0.783041302621147,0.667177849762236,0.561295023830662,0.466049613418673,0.381813097083807,0.308724822553525,0.246719288390233,0.195498325848518,0.154462605354415,0.122649425624174,0.0987303015789712,0.0811002755800981,0.0680514189408855,0.0579878486588739,0.0496207355227131,0.0420890852712928,0.0349786304007513,0.0282443728761236,0.022071344855227,0.0167197274371235,0.0123977811095341,0.00918898566386905,0.00703876843008583,0.00578828665605716,0.005230849765061,0.00516657208997012,0.00543632933069849,0.00592858826873235,0.00656420978325259,0.00727215520353336,0.00797150349686898,0.00856903438843403,0.00897384039157992,0.00912053489740952,0.00898880797847496,0.00860905081796251,0.00805060638151553,0.00739879131194804,0.00673119759747219,0.00610415100451786,0.00555327357574947,0.00510421142769793,0.00478435700196638,0.00462610286219883,0.00465878475874282,0.00489324055830088,0.00530864822561956,0.00585023744386777,0.00644057980162055,0.00699994957605941,0.00746582056652223,0.00780318562208382,0.00800252103732887,0.00806988536521002,0.00801761713547521,0.00786246709550192,0.00763243563182234,0.00737615598622285,0.00716615561844513,0.00708950573002436,0.00722680471646509,0.00762792186924567
1.43713584094088,1.46717188519867,1.51901106193693,1.59243247310498,1.68641314968924,1.79872476817756,1.9255419388998,2.06123951589834,2.19850424393131,2.32879978100988,2.44313636211907,2.53302887653661,2.59148827353669,2.61387977723306,2.59849375301066,2.54671196904482,2.46271550555961,2.35276660069659,2.22419180095079,2.08427023381948,1.93926144062666,1.79377350344543,1.6505783541759,1.51085633307253,1.37473661798846,1.24193582721013,1.11230122463033,0.986131419180283,0.864244216838758,0.747848086368644,0.638321141708571,0.536997173662917,0.445017523556575,0.363254844343366,0.292277634735295,0.232317656485102,0.183221359869682,0.144398194855442,0.114801009644958,0.092975431085112,0.0771950017792285,0.0656653856047679,0.0567527799800776,0.0491779708353425,0.0421268022439759,0.0352540376467872,0.0285897567545788,0.02238570785261,0.01695047779079,0.0125190706964347,0.00918384966679381,0.00689028689219334,0.00548076261560737,0.00475733425673319,0.00453619831674884,0.00467563349977515,0.00507492508102842,0.00565437110032344,0.00633246818923333,0.00701499741207606,0.0076011566420266,0.00800296168048542,0.00816638049765409,0.00808289545030334,0.00778577694973319,0.00733323840994282,0.00678789650680239,0.00620213238840291,0.00561551910377775,0.00506251585640063,0.00458295645787324,0.00422673577708706,0.004047468683348,0.00408748730913824,0.00436130773598586,0.00484663881940175,0.00548778825255243,0.00620978682574204,0.0069364526238009,0.00760380059252959,0.00816454257587135,0.00858482983459699,0.00883959811346576,0.00891312432752712,0.00880699137248424,0.00855178511742026,0.00821389077645933,0.00789001677909359,0.00768734119361569,0.00769535488954147,0.00796102152006681
1.33602699663699,1.37088958976243,1.42611876592517,1.50151785180797,1.59631349865394,1.70864235423099,1.83502326033778,1.97003061365394,2.10633230723473,2.23515740284483,2.34714897539103,2.43346451844488,2.48692668347572,2.50300772491846,2.48045191297283,2.42139983119189,2.33097109874573,2.21637309095747,2.08571045457357,1.94674246619311,1.80584850681818,1.66740551606207,1.53366853135817,1.40511142535956,1.28107098795194,1.16048124126499,1.04249763791717,0.926881856457377,0.81411419729608,0.705284664519979,0.601860378612217,0.505426590881283,0.417466216260994,0.339199305603918,0.27147210160633,0.214676713327076,0.168692673885915,0.132860991466805,0.106012835567051,0.0865715773414305,0.0727286748832269,0.0626676152897972,0.05479057998583,0.0478954832202215,0.0412630825508664,0.0346391040992934,0.0281255632407634,0.0220204621772435,0.0166541614278294,0.0122659191733162,0.00894460033571137,0.006633631450088,0.00518030969049907,0.00439866433070855,0.00411906963115083,0.00420930738987349,0.00456864331560788,0.00510820951495045,0.0057342381395909,0.00634594173210776,0.0068483650402799,0.00717221589365158,0.00728814102227446,0.00720714091705797,0.00696699359301089,0.00661210195755582,0.00617809640181533,0.00568834731780633,0.00516297024558274,0.00463291554181056,0.00414903874486054,0.00377916360912027,0.00359268906112281,0.00364009390013087,0.00393690175795153,0.0044597684144971,0.00515541899011028,0.00595658753177437,0.00679652116412564,0.00761537788072235,0.00835852089171078,0.00897194095334808,0.00940258601305908,0.00960808895934779,0.00957363979165693,0.00932797019530895,0.00894798770476639,0.00854623137588941,0.00824301675894327,0.0081335000987065,0.00826338689215184
1.23309645034719,1.27256164374735,1.33107604337065,1.4085276374177,1.50443205066052,1.61732604987546,1.74412424264068,1.87967981866483,2.01674126052005,2.14639446404564,2.25895705723205,2.34517966377753,2.39753006411151,2.41130482979244,2.38533436683138,2.32212053998983,2.22736065892002,2.10894476744438,1.97563450542834,1.83570557687719,1.69583897449671,1.56047350650494,1.4317044942701,1.30967119243062,1.1932611635562,1.08090830706517,0.971279141674487,0.863714930925482,0.75839161290443,0.656240515396522,0.558718819123833,0.467522844075733,0.384313650631001,0.31049040429618,0.247020661192122,0.194326361937146,0.152225880395402,0.119939567913859,0.0961672151344595,0.0792377306773695,0.0673156812177951,0.0586311841411068,0.0516897256346566,0.045418825047249,0.0392231520057187,0.0329429550311525,0.0267351150585429,0.0209158041171746,0.0158090143677157,0.0116386199097902,0.00848242583073128,0.00628442227502612,0.00490393605784283,0.00417220392772492,0.00393303107261053,0.00405675489378171,0.00443279181232351,0.00495529109803003,0.00551639801545883,0.00601421422128418,0.00637064385097523,0.00654804822342986,0.00655300375026677,0.00642338840750799,0.00620477608249578,0.00592822390930914,0.00560153273923822,0.00521769931450397,0.00477528257301942,0.00429815628438926,0.00384275411712591,0.00348802854516075,0.00331242011897193,0.00336955246219474,0.00367383300286661,0.0042017234829471,0.00490540061813312,0.00572940731327379,0.00662088278594994,0.00752891791924114,0.00839700558291857,0.00915722045040267,0.00973474586626173,0.0100650899945284,0.0101179452082077,0.00991635245193228,0.00953973269007628,0.00910661649115667,0.0087421043473106,0.0085430312457387,0.00855532604544514
1.13525727450842,1.1786830463957,1.24004912794063,1.31935996275063,1.41641990941324,1.5301553085915,1.65788354755756,1.79478111367294,1.93375954048432,2.06585892885507,2.181142624873,2.26995335462779,2.32429619944402,2.33906765583895,2.31286432830995,2.24818211159602,2.1509451513304,2.02945496355139,1.89298636164877,1.75033723732955,1.60863958220805,1.47265736600821,1.34465897014503,1.2248026612665,1.11185739533328,1.0040311712633,0.899698637774967,0.797891857566971,0.698509175488878,0.602274789993538,0.510527281007372,0.424924187864721,0.347134882369122,0.278569125044067,0.220167672179178,0.172269273759481,0.134561824787147,0.106121159533007,0.0855324304976814,0.0710771523855101,0.060956673260112,0.053513299167222,0.047410174592881,0.0417384745685021,0.0360370201189012,0.0302294553485138,0.02450230028375,0.0191602399638797,0.0144958371654706,0.0107028362474829,0.00784461446528964,0.00587056396180086,0.00465963818999951,0.00406550144291153,0.00394551793309922,0.00416807867955227,0.00460648989729284,0.00513341814160841,0.00562655709705415,0.00598694584859222,0.00616022562759892,0.0061478034337068,0.00599832400078207,0.00578091493694122,0.00555211466074434,0.00533241031942794,0.00510434968947432,0.00483218286518265,0.00449232196013769,0.00409785839950182,0.00370422470348303,0.00339357364483893,0.00324630350819066,0.0033147862743078,0.00361126013454464,0.00411359592760755,0.00478224948684958,0.00557642455601223,0.00645980444618253,0.00739365154469778,0.0083245042049252,0.00917748259190283,0.00986397098644361,0.0103040067280421,0.0104545220709349,0.010330146224618,0.0100051322074049,0.00959392164608291,0.00921751312666743,0.00896973590364493,0.0088972872159922
1.04881178137075,1.09523525711173,1.15872656276786,1.23940051917933,1.33730930351384,1.45171774873447,1.5803167837286,1.71862466318423,1.85978971821116,1.99491867221092,2.11393391282331,2.20683673780389,2.2651469331935,2.28322713486644,2.25920170732245,2.19525249383101,2.09720756663992,1.97350269066317,1.83374556795446,1.68720352378973,1.54153922326059,1.40203492115985,1.27140277815845,1.15012500648764,1.03714898522782,0.930711381138467,0.829083274928811,0.731097117787793,0.636402536884233,0.545471707011714,0.459420202002746,0.37972259936337,0.307895516614205,0.245204476950223,0.192434909932073,0.14975419747766,0.116677981282696,0.092139871641132,0.0746472773510495,0.0624917876916226,0.0539742071570726,0.0476033259930564,0.0422364647248076,0.0371432587926264,0.0319912976504057,0.0267678514928476,0.0216629440704213,0.0169451288504001,0.0128579870241109,0.00955683169169731,0.00709031183272771,0.00541743833270533,0.00444160712489849,0.00404162564987109,0.00408840202251667,0.00444682288342613,0.00497290544899351,0.00551840820186174,0.00594894971760393,0.00617152195871556,0.00615764387264213,0.00594822765566282,0.00563324778839247,0.00531266140264886,0.00505545955650426,0.00487552217607916,0.00473557020935034,0.00457575858800679,0.00435187902198624,0.00406344498386961,0.00375843464126967,0.00351435354529613,0.0034070720496362,0.00348450049051616,0.00375700757095859,0.00420635367822565,0.00480400911848101,0.00552554073481795,0.00635196787055514,0.00725798976253492,0.00819659323877249,0.00909218974797115,0.00985044939882776,0.0103833674051149,0.0106390233782973,0.0106222359052545,0.0103956685488561,0.0100605619049364,0.00972533356536448,0.00947571687002145,0.00935840173067951
0.978839688786557,1.02709893032434,1.09176332745072,1.17301576568793,1.27108402359892,1.38549386871933,1.51425854727886,1.65324084069355,1.79589508315667,1.93352064777037,2.05605041083067,2.15327582656305,2.21629708602224,2.23891012490195,2.21862684477502,2.15708582497443,2.05974198034197,1.93489344789102,1.792265762068,1.64147559570836,1.49070848048625,1.34586450169038,1.21028325627246,1.08500429522933,0.96939894081838,0.861955950034406,0.761017666455171,0.665326506013616,0.574321349994314,0.488192175290029,0.407745335407948,0.334149050704174,0.268629427801081,0.212178779387007,0.165326500934795,0.128008533089606,0.0995520873734711,0.0787705264942181,0.0641410804320853,0.054022820007286,0.0468683680848416,0.0413896120343208,0.0366542079307412,0.0321072554691468,0.0275287085220867,0.0229473848637281,0.0185362064851521,0.0145131060483175,0.0110656413748395,0.00830954084785521,0.00628035028617527,0.00494811614974208,0.00424035025287142,0.00405930606595757,0.0042881147735899,0.00478910557590154,0.00540498955845004,0.00597263046447236,0.00635117241237498,0.00645605658834657,0.00628256428252181,0.00590499123170514,0.00544710980537738,0.0050341888211979,0.00474676815887999,0.00459630141888459,0.004533024462808,0.00448010210309604,0.00437636040360773,0.00420644559186803,0.00400551180155265,0.00383962506584834,0.00377493081676485,0.0038531420687251,0.00408439651644733,0.00445762027517637,0.00495799964985402,0.00557825146014154,0.00631589478835142,0.00715828319514291,0.00806610899337245,0.00896738294784195,0.00976871076470535,0.0103808206687758,0.0107471771085141,0.0108627110134769,0.0107740956383791,0.0105623806780154,0.0103164049579424,0.0101089590520458,0.00998480352697708
0.928732785074547,0.977586949102608,1.04233322091451,1.12315532654019,1.22037046338557,1.33368099623098,1.46136620973542,1.599629609471,1.74229430853785,1.88097870859607,2.00579395367978,2.10649328040006,2.17388909160681,2.20126475907085,2.18547502726197,2.1274735520706,2.03212818436033,1.90735437228584,1.76276617975184,1.60815751873275,1.45214902150382,1.3012637686009,1.15955754442393,1.02877672585471,0.908896733395042,0.798838234984897,0.697167414481107,0.602642501311073,0.514540475480513,0.43276041338307,0.35774182108604,0.290256063647165,0.231135897426629,0.181006295493459,0.140072482988861,0.108006752227159,0.0839523544093809,0.0666356539077218,0.0545519983057928,0.0461759529396409,0.0401470975009393,0.0353959317256692,0.0311964557205767,0.0271515175659048,0.023130652711421,0.0191846066168508,0.0154578828957753,0.0121156474579935,0.00929357190329591,0.0070734335312743,0.00548046317633782,0.00449366862957359,0.00405874114737402,0.00409487765946313,0.00449421027849678,0.00511898735299823,0.00580648912196616,0.00638893164369403,0.00672714892079571,0.00674725806999812,0.0064631394660845,0.00597160604208484,0.00541777565059187,0.00494291302428246,0.00463616948999491,0.00451040805511901,0.00451152772316135,0.00455414785001524,0.00456524455454655,0.00451476430699807,0.0044211711593163,0.00433389746637552,0.0043057835524507,0.00437204876693402,0.00454527906451696,0.00482533936804881,0.00521374780028888,0.00572050814778783,0.00635759326485541,0.00712243465912853,0.00798233473552118,0.00887050605996936,0.00969854559282372,0.0103808644665673,0.0108601124502586,0.0111224831614291,0.0111968650235966,0.0111402814501211,0.0110176127592379,0.0108850636470175,0.0107830776504369
0.899986465085289,0.948223202809402,1.01192183830418,1.09119136091521,1.18635816089079,1.29723011805591,1.42230680233087,1.55812836464422,1.69893631157992,1.836773756467,1.96208075338813,2.06474310609611,2.1354421888577,2.16705613797698,2.15581327079927,2.10192526351353,2.00953627065424,1.88598843844581,1.74057607487472,1.58308231003434,1.42242600192917,1.26568539269656,1.11763651585464,0.980797972050033,0.855856139585377,0.742287794926394,0.639000904123514,0.544861918689103,0.459040422348031,0.381157097801487,0.311259429295646,0.249670566429759,0.196768419452949,0.152755871033131,0.117479589187835,0.0903411924243874,0.0703190934890158,0.0560893104875914,0.0462064880255912,0.0392932842887094,0.034191152187304,0.0300439011127372,0.0263105866538384,0.0227234255952088,0.0192160926464243,0.0158463119693144,0.0127284140400457,0.00998370890831446,0.00770940339030804,0.00596431381128665,0.00476706427835316,0.00410108273646262,0.00392041909003325,0.00415140658751205,0.00469048540573017,0.00540282322887811,0.0061298876139166,0.00671127151019965,0.00701848674954517,0.00699003061943744,0.00665160241090437,0.00610958771977851,0.00551609072456843,0.00501766892605177,0.00470828559765244,0.00460552737435564,0.00465877481590116,0.00478243783981545,0.00489705245445642,0.00495890229791209,0.00496732784717101,0.00495166909512963,0.00494950832008039,0.00499042988511178,0.0050926842597354,0.00527087019327974,0.00554518046038065,0.0059426042287252,0.0064868174733272,0.00718149184748982,0.0079973647946744,0.00887160078865581,0.00972172869454799,0.0104682969250512,0.0110559793100892,0.0114644656882774,0.0117059968108217,0.0118136177594791,0.0118274569186568,0.0117857179648186,0.0117226042604996
0.892288142219308,0.938819828408177,1.00041643803537,1.07704409199606,1.16898011145164,1.27609461578393,1.3970827094448,1.528819845709,1.66599453427976,1.80113867005757,1.92512085712921,2.02808574948884,2.10071796877651,2.13560752358493,2.12843089539032,2.07867155344492,1.98969716915414,1.86816589391664,1.72290436149192,1.56352691629034,1.39910937166941,1.23718122187237,1.08318312614278,0.940399100737363,0.810260255854311,0.692859861253916,0.587518408610458,0.49327636783351,0.409245072281426,0.334793059802045,0.269579205165353,0.213464962815419,0.166353049057369,0.128008194417135,0.0979156060333164,0.0752202419273595,0.0587639856611168,0.0472069879538041,0.0391930164681876,0.0335082870998179,0.0291920797199962,0.0255791610785005,0.022280046350625,0.0191218008690886,0.0160766902091826,0.0131989410958321,0.010577789608074,0.00830652928566525,0.00646267778804921,0.00509615139209623,0.00422369587949467,0.00382840877099769,0.00386233995827522,0.00424883779592267,0.00488390167886954,0.005638474427,0.00636720227085262,0.00692785735689834,0.00721010178173631,0.00716529201173408,0.00682377259270652,0.00628916877784071,0.00570749744182972,0.00522117083615987,0.00492570344194054,0.00484618901723953,0.00494191926729945,0.00513385015223883,0.00534049528221375,0.00550560327476259,0.00560809721391152,0.00565543252749258,0.00566945863065699,0.00567574262171636,0.00570135726292386,0.00577887064724988,0.00594890288954913,0.00625478841603093,0.00672895227568027,0.00737694188839897,0.00816840787424651,0.00904089300337194,0.00991590966465108,0.0107200478663213,0.0114016613773463,0.0119370211420957,0.0123256976668902,0.0125808499547611,0.01272110751867,0.0127682031741769,0.012749467829558
0.903847280672684,0.947802223508307,1.00643967883585,1.07953195971639,1.16727775465708,1.2695985083903,1.38538393237708,1.51184645043048,1.64412470980039,1.7752497783469,1.89654562993244,1.99846589608123,2.07177155012541,2.10885116690559,2.10491323890219,2.05877546079436,1.97305509709802,1.85370909822865,1.70903863229364,1.54840183968694,1.38093021739526,1.2145058578953,1.05515166255417,0.906859620206668,0.771776063932363,0.650607004678933,0.543101425909135,0.448501375519792,0.365890871624538,0.294414207226309,0.233363338571366,0.182154072363226,0.140227937428143,0.10692829968581,0.0814021261533158,0.0625677948266922,0.0491639379711472,0.0398643885610881,0.0334199813427719,0.0287809678045506,0.0251660841898086,0.0220678535945139,0.0192086017025787,0.0164742246409758,0.0138516814962652,0.0113841483507379,0.0091434398073908,0.00721214216963798,0.0056673503100034,0.0045644578915592,0.00392411909789958,0.00372661603974109,0.00391481309968252,0.0044020491175335,0.00508092784767961,0.00583064746651929,0.00652544177081233,0.00704817267179507,0.00731042485548664,0.00727485756156156,0.00696971695831918,0.00648620245855126,0.00595492310252835,0.00550799084023394,0.00524075675555843,0.00518797652785109,0.00532300783084018,0.00557736938725569,0.00587000678136586,0.00613279363062867,0.0063238904654737,0.00642869655590325,0.00645418562695803,0.00642390359899669,0.00637626342502848,0.00636386844806745,0.0064485143236577,0.00668886649223563,0.0071233622307754,0.00775536299755948,0.0085486478143987,0.00943635996974877,0.0103400808947118,0.0111903330230465,0.0119396799349441,0.0125645288226704,0.0130579593143725,0.0134207569388048,0.0136570066796062,0.0137765180574624,0.0138008232299682
0.931839799804972,0.972649797267142,1.02778780913122,1.09679963353562,1.17979965676711,1.27677499725748,1.38682736670423,1.50750928187105,1.63438925324493,1.76095700094828,1.87894501980018,1.97908155408385,2.05219831921929,2.09051335476673,2.08883131328808,2.04538865676202,1.96213897722851,1.84440868445776,1.70001425144178,1.53806177859229,1.36770689611141,1.19712429929216,1.03284205223616,0.879478757372372,0.739822093706882,0.615133201164837,0.505552902924705,0.4105096255688,0.329063484844303,0.26015193986482,0.202726780386895,0.155790823937426,0.118361107991913,0.089399417553573,0.0677560684907878,0.052163501914853,0.0412922314255771,0.0338538153401939,0.0287142403216992,0.0249777193705304,0.0220159979645522,0.0194423116153571,0.017051492389843,0.0147551913757457,0.012534365469873,0.010414991499545,0.00845781498067735,0.00674851571572746,0.00537903625063385,0.00442220232712475,0.0039089786971091,0.00381817593095932,0.00408208802824783,0.0046026332080714,0.00526932784658141,0.00597177991107353,0.00660652738208844,0.00708296461677785,0.00733340576571975,0.00732779144633937,0.00708645340874157,0.00668227993887462,0.00622611535334698,0.00583773885754539,0.00561240719203446,0.00559575701259853,0.00577650178097008,0.00609743495552404,0.00647809148016031,0.00683859951629048,0.00711705865340444,0.00727834282905218,0.00731665361452143,0.0072555743793947,0.00714623222870801,0.00706159619249987,0.00708392698398125,0.00728567016374423,0.00770903013337567,0.00835220179361352,0.00916927353114143,0.0100844891430348,0.0110150350362302,0.0118922320950645,0.0126725331564549,0.0133359803017946,0.013876380084892,0.0142916545803065,0.0145807638593744,0.0147484378240396,0.014813045894825
0.972827714823205,1.01030283436578,1.06181512057272,1.12666258724196,1.20487894616163,1.29653977076495,1.40098212567394,1.51610056533109,1.63785872286081,1.76013179397907,1.87496225779367,1.9732527899348,2.04583070342705,2.0847148204198,2.08433382648509,2.04242379978583,1.96039280711487,1.84306889464674,1.69790503122661,1.53384428489144,1.36010991856985,1.18516365028305,1.01598983697442,0.857754399733074,0.713793120671558,0.585831435635457,0.474326717380116,0.378842115211447,0.298388589252967,0.231696367044477,0.177397346256179,0.134117086342711,0.100494055897621,0.0751594784839821,0.0567179548646996,0.0437613752978755,0.0349265189239922,0.0289815427455842,0.0249086299991322,0.021950029967074,0.0196018056574143,0.0175630888605113,0.0156676148901773,0.0138264502153568,0.0119987550353771,0.0101881102972409,0.00844706853456234,0.00687165580736307,0.00557693855032226,0.00466048427972827,0.00416947682054639,0.00408632959536537,0.00433768298232674,0.00481884819926745,0.0054202015409657,0.00604364275359859,0.00660691061555532,0.00704183040585032,0.00729542456428023,0.00733877460638148,0.00717980223642777,0.00687120355878126,0.00650457904492081,0.00618908484028464,0.00602122541908888,0.00605738808035682,0.00629992596017676,0.00670049090082307,0.00717746712229106,0.00763928491202759,0.00800606081576126,0.0082254897828017,0.00828223646151022,0.00820174769589233,0.00804768640311737,0.00791153015948658,0.00789342431984906,0.00807726021521095,0.00850733573622339,0.00917533826644192,0.0100239048817212,0.010965660767613,0.0119099737483522,0.0127860322256293,0.0135534538251673,0.0141988083096165,0.0147234394212272,0.0151319657607673,0.0154282012732618,0.0156195457926233,0.015724753319579
1.02306723635291,1.05743914617145,1.10566379452972,1.16677088797535,1.24070727478775,1.32764673198681,1.42717508197109,1.5375263803313,1.65502323241925,1.77384901201857,1.88624457328559,1.9831612871512,2.05531013912322,2.09444025051707,2.09459477439297,2.05306677100692,1.97083417439406,1.85237875790456,1.70495047323101,1.53746972080791,1.35932515596414,1.17930848062694,1.00484802768622,0.841599245722691,0.693359286894904,0.562220994809587,0.448868192849749,0.352927799559849,0.273316570274024,0.208539999539733,0.156917970870421,0.116727446073081,0.0862717262793117,0.0639026637607032,0.0480306396478594,0.0371513981989433,0.0298990261867968,0.0251120814945402,0.0218850391019759,0.0195797281454442,0.0177894418289211,0.0162704208350655,0.0148707239852517,0.0134837986872402,0.0120378118574573,0.0105105499130055,0.00894588703353752,0.00745043940308021,0.00616277512642924,0.00520660354593792,0.00464917298609674,0.00448351892471979,0.00464002486761299,0.00501686037759615,0.00551185126814699,0.00604062798049398,0.00653790664018948,0.00694964174163984,0.00722824984553594,0.00733889191094239,0.00727436385972614,0.00706889975374811,0.00679922837619454,0.00656813020691183,0.00647508595723741,0.00658551492452447,0.00691113815991103,0.00740782686178025,0.00799016105259875,0.00855556062554566,0.00900990484130142,0.00928877009674641,0.0093713273179053,0.00928611584655169,0.00910729452034869,0.00894054326781407,0.0088991806347877,0.00907517173868012,0.00951367387478105,0.0102003495680959,0.0110673445893345,0.0120158695133565,0.0129464823363616,0.0137847315254877,0.0144928582282205,0.015065891057249,0.0155178026820643,0.0158675599935025,0.0161322788211101,0.0163289893497105,0.016480340161798
1.07870378434642,1.11061681997233,1.15633908323816,1.21460299727116,1.28523596333147,1.36848737845703,1.46418020504488,1.57087719780491,1.68523475010743,1.80169247547451,1.91260790996175,2.00887887009875,2.08099684019788,2.12036163226896,2.12059678956524,2.07857655127854,1.99493077698151,1.8739212573306,1.72274223154543,1.55043299487687,1.36665967636852,1.18061101137058,1.00017646025675,0.831473545269311,0.678701265199019,0.544244005255696,0.428934943896357,0.332398379049762,0.253408919119882,0.190221582770326,0.140841186047684,0.103213605375355,0.0753406431397686,0.0553381346177841,0.0414673035807027,0.0321662373530578,0.0260914247672655,0.0221599437474919,0.0195704104281984,0.0177845258184691,0.0164686129741855,0.0154142730879165,0.0144691045884222,0.0135019887391355,0.0124085838875549,0.0111408178279017,0.00973191379768457,0.00829412282377587,0.00698316197591012,0.00594435840716918,0.00526534339733087,0.00495599492786733,0.00496090911383998,0.00519205287541599,0.00556185540493578,0.00600022782735946,0.00645269492471457,0.00686907779492779,0.00719699557574244,0.00738942277974008,0.00742358346875145,0.00731985871237067,0.00714687123571252,0.00700637356950037,0.00700218447273509,0.00720568924213634,0.00763224322518992,0.00823653825562971,0.0089270377256198,0.00959211492941728,0.0101287563895079,0.0104666388518904,0.0105836161436621,0.0105114693863979,0.0103307713960096,0.0101546671406047,0.0101028131420626,0.010270680400433,0.0107031810473043,0.0113819840281655,0.0122324366483987,0.0131479207295008,0.0140224778417425,0.0147788994953186,0.0153823728401376,0.0158373975903448,0.0161732081900088,0.0164274695499708,0.0166358278632819,0.0168295867211445,0.0170377935846033
1.13592136010193,1.16635889941426,1.21071848984409,1.26739484015114,1.33602929776079,1.41688124965736,1.50996423889784,1.61414669636448,1.7264114092535,1.84144799661825,1.9517121876376,2.04801147526204,2.12056694677097,2.16037693769053,2.16060865442096,2.11771063678999,2.03199459647578,1.9075662131958,1.75165017825209,1.57349646531651,1.38312935497065,1.19019178711103,1.00306238052404,0.828320798702495,0.670546121239525,0.532379081062368,0.414761925594489,0.317277908920197,0.238528247454573,0.176497373119609,0.128868789227496,0.0932660265856636,0.0674118484209689,0.0492180362632658,0.0368312644987771,0.028661198128234,0.0234037521053558,0.0200559904363171,0.0179079670460477,0.0165000113246391,0.0155494089620551,0.0148670658553174,0.0142935065896581,0.0136749091170135,0.0128803273599585,0.011840243959425,0.0105761998183881,0.00919897752913873,0.00787102534411538,0.00675013055116688,0.00594043634524907,0.00547155779952635,0.00531021012828042,0.00539098380794233,0.0056462181949529,0.00601919817081087,0.00645938735591487,0.00691061884984392,0.0073071032638988,0.00758575741260478,0.00771031625925636,0.00769386056679669,0.00760459208599018,0.00754850836704539,0.00763452078946642,0.00793642803690067,0.00846764565536093,0.00917725282500211,0.00996679762954103,0.0107191010305977,0.0113285910627203,0.011725353740514,0.0118892360113393,0.0118537942309384,0.0116999161272802,0.0115394243367661,0.0114897267279979,0.0116440802731394,0.0120457796103619,0.0126753797547373,0.0134571563878281,0.0142832427098637,0.0150468276616561,0.0156717186781635,0.0161278995168745,0.0164299398547847,0.0166225968998475,0.0167628581306978,0.0169060853049169,0.0170992284018898,0.0173784967153276
1.1911282156676,1.2212789713946,1.26561296555908,1.32214070616721,1.3902217122656,1.47001853957881,1.56165212896885,1.66425789812604,1.77515374999837,1.88932285478226,1.99937648171547,2.0960820199089,2.16941925094388,2.20998904213273,2.21048632691774,2.16690844584616,2.07922475130136,1.95136947446426,1.79059403737984,1.60636553464083,1.40907936917361,1.20884850255081,1.01455693078678,0.83326195214906,0.669936950649654,0.527491196857135,0.406984993137267,0.307965369080756,0.228861053978646,0.167385020256583,0.120900513595745,0.0867155771952832,0.062288694673816,0.0453490596876404,0.0339522906929371,0.0264984440780345,0.0217308791637877,0.0187209940760198,0.0168327709072425,0.0156617886245749,0.0149548887865923,0.0145294016226574,0.0142171269881869,0.0138491201808621,0.0132791377570185,0.0124248740082915,0.0112977660470747,0.0100008785625773,0.00869216853198121,0.00753044036948858,0.00662891934006674,0.00603531486368197,0.0057413400482246,0.005708242448482,0.0058898786488884,0.00624013567298357,0.00670584674719696,0.00721719808626985,0.00768964052942001,0.00804337993992105,0.00823296635231244,0.00827152979278988,0.00823415745837905,0.00823558317660385,0.0083902905585608,0.00877178125173043,0.00938794548420209,0.0101804024274127,0.0110453136025093,0.0118647459603757,0.0125368343555888,0.0129971077532347,0.0132287692264051,0.0132636687043672,0.0131752260607207,0.0130638867527558,0.013035238416056,0.0131737697584618,0.0135191652416749,0.0140536342593195,0.0147068745315373,0.0153781723400696,0.0159681672851401,0.0164082309462573,0.0166769826779769,0.0168000605290806,0.0168364886577093,0.0168600887922238,0.0169432911751921,0.0171466299751784,0.0175121612547022
1.24121443737943,1.27230261747509,1.31795410072043,1.37575532538842,1.44467578154917,1.52464782787977,1.61578746543672,1.71744082029462,1.82727576316059,1.94064853438836,2.05044703240853,2.14753021512594,2.22174920404746,2.26337978500052,2.26466717237401,2.22113193035696,2.13233742553273,2.00195940327637,1.83718130127105,1.64759931573619,1.44391019572936,1.23665324508019,1.03520382425838,0.847111446308943,0.677781429680701,0.530443296886174,0.406330824940262,0.305004729975608,0.224759928363635,0.163064302064219,0.116977961816252,0.083506453824401,0.0598572434168443,0.0435919216419058,0.0326895764171257,0.0255500790435277,0.0209639540517425,0.0180650009505205,0.0162696978136087,0.0152037604424402,0.0146221063172954,0.0143365422229167,0.0141698925512594,0.0139472829832659,0.0135203377601696,0.0128048782408452,0.0118064920281733,0.0106170317847197,0.00938085603468519,0.00824692773743806,0.00732850294716172,0.00668584279204434,0.00633307329610168,0.00625646297965919,0.00642866378160556,0.00680955331456026,0.00733769935332052,0.00792499234303606,0.00846647215730201,0.00886789042652496,0.00908009256677272,0.00912302281527187,0.00908446488623058,0.00909126105445307,0.00926429856059422,0.00967627383548382,0.0103295073882458,0.0111600326429733,0.0120627841053319,0.012924592750724,0.0136523328544713,0.0141895147489115,0.0145213485540229,0.0146724667049256,0.0147000685636236,0.0146830308679535,0.0147056464520654,0.0148368362927699,0.0151098869808027,0.0155103626104102,0.0159791320404389,0.0164311847200824,0.0167841557159624,0.0169855353004499,0.0170284362724996,0.0169517341211073,0.0168271938960193,0.0167412113312011,0.0167778781166779,0.0170064061975732,0.0174714292211365
1.28383949088085,1.31695632194386,1.36509072618597,1.42538777072852,1.49633035686746,1.5774844861042,1.66883472651467,1.76986461897596,1.87859791908087,1.99085213986728,2.09994388960687,2.19700656231879,2.27193793244129,2.31482209338749,2.31752244773735,2.27507587649105,2.18656293089032,2.05527059563559,1.8881544440305,1.69477670113873,1.48599360886333,1.27266879965121,1.06461708868871,0.869879295564087,0.694335056544991,0.541605932387737,0.41318391568012,0.308726025961272,0.226463314180747,0.163671350130629,0.117143737643235,0.0836083467799301,0.0600394040554401,0.043844436822802,0.0329352017098069,0.0257140119768071,0.0210121987020218,0.0180100952811237,0.0161537972128694,0.0150743919920608,0.0145142304640515,0.0142677168914778,0.0141471395948509,0.0139785210018488,0.0136221758626593,0.0130019371788925,0.0121228957982802,0.0110653003909225,0.00995480903963136,0.00892295806856462,0.00807507802987284,0.00747676508012016,0.00715809042703816,0.00712410302097935,0.00735996497871874,0.0078256728913578,0.008447153919959,0.0091162461485936,0.00970891016868058,0.0101203196966587,0.0103026707905622,0.0102874122841364,0.0101783726311408,0.0101165326231535,0.0102308235924,0.0105956492551626,0.0112120055862734,0.012016257099528,0.0129086552333557,0.013786339954414,0.0145679007441526,0.0152042885298729,0.0156785983617767,0.0160012642193746,0.0162046127820102,0.0163369341995324,0.016453051915,0.0166000385818688,0.0168012889318473,0.0170456818383979,0.0172889225603523,0.01746866357409,0.0175285766147761,0.0174415049384,0.0172223598798672,0.016926913761044,0.0166389675156249,0.0164529797844606,0.0164580451556101,0.016725421043661,0.0172976481817141
1.31764691198526,1.35362253721166,1.40509310179547,1.46878146153119,1.54262340724858,1.62570599553861,1.71776044450159,1.8183208747835,1.9257487467094,2.03638765078071,2.14412311750862,2.24055214261354,2.31581923799241,2.35998753709274,2.36464652060351,2.32437445860988,2.23770812068574,2.10741171092445,1.9400312324728,1.74489734323978,1.53284387002683,1.31491800397179,1.10128967871576,0.900466746305744,0.718831983225353,0.56046647699135,0.427208942232005,0.318905580696686,0.233808332357824,0.169070165758252,0.121271106972019,0.0868992129544737,0.0627212227050999,0.0460066396495661,0.034607297866722,0.0269268348023465,0.0218279209505718,0.0185209031573101,0.0164607658315082,0.0152629772995765,0.0146399947564304,0.0143578310073177,0.0142142427361739,0.0140378290372049,0.0137024293312447,0.0131452326931225,0.0123747925188628,0.0114614939386212,0.0105118004221232,0.00963737224179205,0.00893138411513911,0.00845878425602212,0.00825803078288584,0.00834450360318836,0.00870781914368704,0.00930199233395498,0.0100373689861754,0.0107862079866363,0.0114083820799772,0.0117923211442754,0.011894585778754,0.0117594943107586,0.0115070622810467,0.0112927864015058,0.0112559751265953,0.0114780753035911,0.0119668404262102,0.0126682247698533,0.0134959562994443,0.0143624821918577,0.0151988739217185,0.0159602718206142,0.0166216000357875,0.0171717959051823,0.0176110364941901,0.0179504100902244,0.0182094493319965,0.0184083808772548,0.0185568603871165,0.0186451203022822,0.0186444957105989,0.0185193272047947,0.018246180911748,0.0178315225874808,0.0173196242076093,0.0167878887704718,0.0163327209616348,0.0160530224293132,0.0160364314051732,0.0163492176512705,0.0170266337808547
