8.56058163131438,8.94771198455686,9.17204310154199,9.22120679535697,9.09633691176193,8.81129945839805,8.3902098231186,7.86381384823446,7.2654896114598,6.62760858534653,5.97879328161276,5.34230972313328,4.73553235414964,4.17021293062232,3.65321464531916,3.18742299006523,2.7726643060483,2.40657218461802,2.08540198888094,1.80478629415231,1.56038298981225,1.34833635133621,1.16548056437956,1.00927590549901,0.877546237428242,0.76815156348994,0.678740094830429,0.606681752749378,0.549202782648162,0.503660955702044,0.467854588656785,0.440259130375506,0.420130835297699,0.4074720404272,0.402902627898643,0.407496560989475,0.422631295415632,0.449868346873809,0.490853674855246,0.547218109883062,0.620464219050977,0.711855917051493,0.822354269876909,0.952663711252415,1.10344772995838,1.27573795057203,1.47149940534968,1.69423553361752,1.94944717313042,2.2447188376026,2.58922508438548,2.99253332736359,3.46272875747093,4.00406986614413,4.6145587802851,5.2839315024311,5.99259038933522,6.71190025737456,7.40604530123425,8.03534204621391,8.56058163370678,8.94771198704574,9.17204310408365,9.22120679790827,9.09633691428338,8.81129946085495,8.39020982548082,7.86381385047482,7.26548961355261,6.62760858726694,5.97879328333765,5.34230972464366,4.73553235543359,4.17021293167755,3.65321464615402,3.18742299069766,2.77266430650285,2.40657218492181,2.08540198905943,1.80478629422636,1.56038298979652,1.34833635123947,1.16548056420622,1.00927590525125,0.877546237108049,0.768151563100422,0.678740094376503,0.606681752237665,0.549202782086464,0.503660955098614,0.467854588019568
8.50328387516953,8.91144814453605,9.15817748813861,9.22918043445436,9.12391012922137,8.85509562585968,8.44641678802716,7.92885696255573,7.33650770463314,6.70263127559888,6.05661850968386,5.42217055843956,4.81669868129,4.25167515198898,3.73354832940579,3.26486124570287,2.84532980730747,2.47277842820174,2.14392421156911,1.85502978065729,1.60242034941867,1.38282605092798,1.19350763400563,1.03216049753496,0.896660024673287,0.784765266833494,0.693914229976056,0.62120274634213,0.563563308373769,0.518080424692563,0.482330949262147,0.454641707853842,0.434198537814825,0.421006753463207,0.415749371926572,0.419610633068737,0.434115397793473,0.461000327379621,0.502102271446845,0.559234005299768,0.634035353946997,0.72781797425675,0.841462164351436,0.975444202569623,1.13006474105364,1.30590530043245,1.50446475500115,1.72884357820418,1.98426849242532,2.2782189112888,2.61994152864101,3.01923670882721,3.48455194082427,4.02060084891828,4.62589727703575,5.29070565129133,5.99592844116329,6.71334886823764,7.40743564136038,8.03861948263386,8.56763204089547,8.96022935322896,9.19147526205239,9.24879438912351,9.13322196694861,8.85864622254411,8.44926225559674,7.93582488049772,7.35149948632487,6.72810549831176,6.09334616004075,5.46928910185846,4.87202543460998,4.31218914240471,3.79592549743594,3.32595386434306,2.90251204814323,2.52412457012591,2.18823052831526,1.89172391839152,1.63141638471934,1.40437894347834,1.20810235582798,1.04044713526467,0.899425061486013,0.782917448836386,0.688463051220935,0.613216625147067,0.554108002859167,0.508150079234918,0.472789959786517
8.41308749098631,8.84053231897813,9.10854448364897,9.20108007989878,9.11602536421064,8.86499874622589,8.47116660407251,7.96557112567701,7.38276133093328,6.75659739853819,6.11695479314088,5.48773831137338,4.88624630786687,4.32361477864618,3.80590692243016,3.33541717750365,2.91188033152147,2.5334455678522,2.19740557109623,1.90073109204058,1.64045162364342,1.41388431950299,1.21869319742496,1.05277678158417,0.914035012523419,0.800114526302765,0.708250422143958,0.635288092372553,0.577898868752381,0.532925850698983,0.497747513191815,0.470549525796109,0.450437476796924,0.437391695740339,0.432114761815555,0.435844636655647,0.450187515855008,0.476985292385521,0.51819784092507,0.575763744233314,0.651424305810972,0.746532703883245,0.861917121209824,0.997890144673713,1.15448580257361,1.33195379861772,1.53145464166357,1.75580714506468,2.01006280968252,2.30165569279727,2.63991168139101,3.03480875729846,3.4950374753404,4.02559302868458,4.62529431235834,5.28472816498455,5.98513062752208,6.69861497269151,7.3899516729202,8.01981778946174,8.54912016015327,8.94372644635996,9.17878080399943,9.24179993383781,9.13395079938519,8.86927817987159,8.47208621688366,7.97307078596951,7.40503735860991,6.79905116231502,6.1816630985193,5.57350212609197,4.98915050925869,4.43793445137086,3.925146449522,3.45327359796286,3.02297393933616,2.63373923668388,2.28431653449109,1.97300371517142,1.6978938532258,1.45707094949969,1.2487122252392,1.07105440745263,0.922234993876158,0.800081187169356,0.701957472458402,0.624766140089069,0.565135858352881,0.519756221164333,0.485759056464226
8.29586186680522,8.74001362032967,9.02720527240034,9.13989980664662,9.07461867835232,8.84196771023471,8.46456632867255,7.97335144953921,7.40306503177185,6.78785217884476,6.15777134099486,5.53669287011146,4.94166002962773,4.38343314052804,3.86773702295537,3.39671828230499,2.9702481897644,2.58690296822416,2.24461724354091,1.94109370049623,1.67405312721668,1.44136402811329,1.24105271399727,1.07119046351284,0.929692892027958,0.814110774407392,0.721515186566653,0.648553636732657,0.591690982118602,0.547574381731246,0.513411649931241,0.487252986573261,0.468107326408621,0.455894457680584,0.45128608381188,0.455512899523874,0.470194972924949,0.497209939616792,0.538574993012023,0.596300336430125,0.672195255985093,0.767650634844532,0.883474939736322,1.01988768573728,1.17676143028071,1.3541444355703,1.55300059670642,1.77600338122702,2.02814177693325,2.31687562978023,2.65162373539466,3.0424868389551,3.49827218889529,4.02406749269859,4.61876781155674,5.2730496803634,5.96829014363067,6.67682285818026,7.36372356735536,7.99004026681528,8.51708138149987,8.91111058308256,9.14763664574764,9.2144954223652,9.11311461636246,8.85771250778431,8.47262212382035,7.98834017894626,7.43715785509721,6.84925781709691,6.24995974930624,5.65842765862048,5.0877479322203,4.54597043720549,4.03756640903636,3.56481266766953,3.12880012975612,2.7299968722835,2.36846847363867,2.04392810243042,1.75575483786718,1.50303212041695,1.28458296856444,1.0989514560833,0.944312963770328,0.818351266198126,0.71818575340508,0.640429392487871,0.58141254811103,0.537538699286079,0.505682167239505
8.15897259065917,8.61647072660504,8.91984163216201,9.05039284620193,9.00354880403486,8.78904280009031,8.42892827560148,7.95386388674777,7.39849857561588,6.79692885822752,6.17908647781258,5.56857946793282,4.9820805426381,4.42996976700315,3.91771129087091,3.44742032733037,3.01921566365102,2.63217342878609,2.28488999097622,1.97576991716145,1.70316206847331,1.46541298911926,1.26085030322593,1.08768584247575,0.943855107236748,0.826852045185384,0.733648312790838,0.660769672398013,0.604546898778072,0.56148676866271,0.528656842776415,0.503974659226778,0.48633052762834,0.475543061902178,0.472200728906235,0.477468654181489,0.49292051163313,0.520410393003899,0.561958050095622,0.619600681295225,0.695189037014581,0.790152341189738,0.905314692847916,1.04087577908369,1.19665452943472,1.3726298820392,1.56970930508207,1.79054946083477,2.04017337615968,2.3261131070366,2.65786332317246,3.04556107556243,3.49797834040874,4.02009373096066,4.61065556906845,5.2602243305057,5.95017177938459,6.65300164016165,7.33416017412935,7.95524091515434,8.47820293465129,8.86997147647981,9.10663499725603,9.1764559442756,9.08109334305548,8.83478207069743,8.4616467039919,7.99173863508546,7.45665447345757,6.88563501698703,6.30284965022981,5.7261976174088,5.16753641156601,4.63390738990695,4.1291703886943,3.65550805722853,3.21445994638507,2.80740415276375,2.43560795681181,2.1000637909889,1.80130298291586,1.53928550424454,1.3133672948097,1.12229365205429,0.964179030290847,0.836479254112051,0.736009709667374,0.659071238783702,0.601713442886956,0.560106630315566,0.530942790426342
8.00979624005152,8.47660555680026,8.7924483903832,8.93787291736704,8.90750950305732,8.7103666005481,8.3678960841632,7.91027461215564,7.37174071524118,6.7859895766773,6.18251786481072,5.58446669208756,5.00806223618683,4.46334458428094,3.9556328238281,3.48714805226022,3.05836630358344,2.66891399579673,2.31803145249281,2.00475128664278,1.72794622035214,1.48633612290748,1.27847051615922,1.10266407046156,0.956881193149825,0.838609276005765,0.744798781752375,0.671942489711241,0.6163188139208,0.574354686527531,0.543008660364063,0.520066494205125,0.504275476997429,0.495312123596012,0.493633401748926,0.500290192186792,0.516764212087702,0.544844530623974,0.586516758423856,0.6438160563868,0.718619585138304,0.812402672376077,0.926044045776544,1.0597978503859,1.21353533266147,1.3872911029541,1.58204008915402,1.80052100587388,2.04784213161603,2.33159494613494,2.66126689125673,3.04688369553637,3.49698810606083,4.01623856721524,4.60304548047096,5.24772146741295,5.93159506371622,6.62741641289287,7.30119087755989,7.9153286800467,8.43273742693646,8.82125629684303,9.05768876903008,9.13069219835087,9.04194768589054,8.80535741853124,8.44442855105996,7.98840257672912,7.46796100637217,6.9113929019112,6.3419319164963,5.77660829222237,5.22654016193745,4.69823762141909,4.19531891657197,3.72007452598408,3.27451233339877,2.86078541191695,2.48112711529932,2.13753349574557,1.83142212240006,1.56340262548087,1.33318559753899,1.13958428307234,0.980556303672648,0.853266125773618,0.754194125982927,0.679332736517095,0.624489548331225,0.585670235176958,0.55947121946895
7.85442557834449,8.32602196126775,8.65018275614031,8.80712285232149,8.7909832087483,8.61017131615789,8.28546193184209,7.84630307989622,7.32617294733995,6.75800009492756,6.1705486828248,5.58631949000824,5.02105911692682,4.48455173154068,3.98212152138381,3.51625153251625,3.0878860524372,2.6972386582982,2.34415313292378,2.02819070680881,1.74862040926666,1.50441251102208,1.29424650010276,1.11649429207318,0.969153313104069,0.849751284436537,0.755293002792537,0.682324736808135,0.627152387229628,0.586182209726267,0.556294312335873,0.535144022930661,0.521313734115568,0.514302776006996,0.514398724191121,0.522504987259066,0.539985665682438,0.568545795928119,0.61012248275165,0.666739356032731,0.740299888619315,0.832343095852917,0.943846308884657,1.075192647864,1.22640581889072,1.39768597736606,1.59017019453372,1.80673040646685,2.05254375671693,2.33516486839742,2.66390206476436,3.04844424237186,3.49686256907979,4.01328156963197,4.59563460432986,5.23395980833249,5.90964967150664,6.59593968685975,7.2597355689962,7.86465165979952,8.37490169712384,8.75948420936242,8.99598099543826,9.07328792992293,8.9927423243341,8.76740122104455,8.41960158322874,7.9773084976702,7.47002341898935,6.92509307488261,6.36510843853152,5.80674946019255,5.26102921838401,4.73454395594143,4.23115063508904,3.7535118582936,3.30412939210713,2.88574913729245,2.50124867369004,2.15324709931552,1.84368037475923,1.57350026438695,1.34254503741559,1.14954786689987,0.992227175885758,0.867423952212376,0.771289831518434,0.699546084893603,0.647821139184066,0.612037916730272,0.588788626552646
7.69688319766379,8.16850033712337,8.49667341309018,8.66170651242371,8.657526872097,8.49201950528352,8.18515755153536,7.76537423739736,7.26501683993398,6.71588386238164,6.14573116256777,5.57627969520572,5.02280012630692,4.49493572152344,3.99818601180697,3.53546034516894,3.10828146621152,2.71748166801849,2.36346225360142,2.04621059718841,1.76526383909465,1.51971940037665,1.30829183679245,1.12935674135792,0.980934983374281,0.860623375795051,0.765536795093777,0.692343309344444,0.637442344892915,0.597270712284561,0.568658799110504,0.549136470652712,0.53710755759567,0.531871298010304,0.533523841280843,0.542807191868803,0.560964258582709,0.589620584968064,0.630673509559152,0.686146248784618,0.757984953600714,0.84782122118666,0.956780493725481,1.08544816379147,1.23409044947674,1.40316043058633,1.59401290027274,1.80964541021759,2.05520965177071,2.33803618410058,2.66699084054549,3.05112534618919,3.49775705593511,4.01027233054924,4.58605317132531,5.21495126892347,5.87867827866333,6.55135117516741,7.20125748530572,7.79370438473125,8.29461884069142,8.67440019969895,8.91142295991207,8.9945863535515,8.9244265879132,8.71255417303709,8.3795074714988,7.9514521962631,7.45640948932927,6.9207785849504,6.36680528729215,5.81135869081586,5.26601389181597,4.73810929591639,4.23225730019029,3.75178245172703,3.29971331345447,2.87919207651983,2.49338421514526,2.14510370791289,1.83638706563498,1.56817978808788,1.34019814869307,1.15094678800289,0.997842522321977,0.877404235179991,0.785498646624009,0.71764563978469,0.66937863464078,0.636627776041068,0.616069149667621
7.53898670409347,8.00590377309575,8.33392457409188,8.50382711166801,8.50954860201625,8.35847723967914,8.06961956551123,7.67008875625731,7.1907352995962,6.66188812945838,6.11005270656713,5.55606323578847,5.01474082128813,4.49571184091089,4.00481830288793,3.54555089985385,3.12011310278867,2.72998720675491,2.37609622408432,2.05877005294115,1.77770797995978,1.53202984922269,1.32039878455464,1.14113505693847,0.992254191555335,0.871421481776058,0.775884026815615,0.702468624473949,0.647710365787475,0.608114383144721,0.58048745496593,0.56224560884118,0.551613792202474,0.547685691420598,0.550363608514496,0.560234845677525,0.578438583852857,0.60654634662615,0.646444533069021,0.700185234262343,0.769788579558231,0.857017875331738,0.963200074575702,1.08919169857961,1.23557627998304,1.40311839907429,1.59340158924862,1.80948081349037,2.05631454831034,2.34074347928834,2.67085576519919,3.05471487584442,3.49858565656144,4.00493803190651,4.57059660422219,5.18541570060758,5.83179790840126,6.48524927502027,7.11600868580697,7.69161882222566,8.18014638532632,8.55362712041001,8.79122639182044,8.88159988729453,8.82402710861142,8.62808567654104,8.31190631769219,7.89934202748654,7.41661976430102,6.88914188324558,6.3390336451067,5.78380219637282,5.23616007720159,4.70476773063144,4.19546059194976,3.71249621053065,3.25946956810397,2.83974452154997,2.45644390765409,2.11216982602931,1.80865557907892,1.54650105777461,1.32506019374238,1.14247537162797,0.995821814721434,0.881326016767516,0.794642754520205,0.731183888573453,0.686484909427454,0.656573363664488,0.638286306790244
7.38081789276541,7.83866187204484,8.1627676540486,8.33470416466321,8.34857793308147,8.21126035382213,7.94060992996825,7.56212947418396,7.10484642085421,6.59733149186313,6.06464404149098,5.52665348321822,4.99776275950202,4.48768843658147,4.00275217596513,3.54715069580482,3.1238516639167,2.73501896556214,2.38208194521827,2.06566459490635,1.78556258424728,1.54084769047852,1.33006436253851,1.15141808112823,1.00287045888535,0.882120542528021,0.786529163925712,0.713080058396925,0.658456271244305,0.6192521488357,0.59227387085612,0.574843892947004,0.565024593282635,0.561719141281536,0.564654524684897,0.574289416615579,0.591693856539351,0.618425945880474,0.656403561434618,0.707749033978521,0.77459750752867,0.858888783403241,0.96220391773188,1.085729587658,1.23042049646352,1.39737829271364,1.58838209246827,1.80642400425386,2.0560474450533,2.34328934117742,2.67509187387869,3.058168879296,3.49745091018788,3.99435615466222,4.54520729770972,5.140117672422,5.7626106967894,6.39012552343034,6.99543111129666,7.5488344954052,8.02094578119684,8.38566083155278,8.62295264453554,8.72104720732565,8.67761286507408,8.49973269498616,8.20264032910885,7.80744424635972,7.33827940589273,6.81943908553304,6.27301633642786,5.7174187563934,5.16686994258519,4.6317521845564,4.11946274001548,3.63540076015969,3.18376984042092,2.76803359425476,2.39102244774771,2.05480666467755,1.76048931511631,1.50804442453349,1.29626487896146,1.12282611212145,0.984443783854493,0.877100148166572,0.796326059940054,0.737528150718219,0.696342120473241,0.668974471469221,0.652483164144815
7.22160554011387,7.6666384470742,7.98367738143118,8.15530983508925,8.17590523208094,8.05177094763008,7.79945278353945,7.4426077059084,7.00819076020391,6.52280348900315,6.00992142076942,5.48839585128271,4.97223127479024,4.47130100897715,3.99248944725224,3.5407741304024,3.11993966423529,2.73285960424691,2.38147759699315,2.06670574183251,1.7884196921375,1.54561612037167,1.33668098974227,1.15965171674722,1.01237266834008,0.89251116546066,0.797484435238125,0.724393072914934,0.670050058838613,0.631142236195623,0.604494667010385,0.587365282659776,0.57768730266893,0.574208949111018,0.576520037691157,0.584992547593544,0.600673177619062,0.625154450198368,0.660432772023594,0.708745071521673,0.772383659386009,0.853507211877862,0.953995016333334,1.07540606032486,1.21909390696928,1.38648896242449,1.57949557909731,1.80088895162365,2.05455286673028,2.34540169312124,2.6788800235884,3.06002816062398,3.49221262997326,3.9757200593002,4.50647145563297,5.07511565361189,5.66671262354246,6.26112857820408,6.83416421068978,7.35933509571117,7.81013271379763,8.16251760205732,8.39733525438302,8.50231761734944,8.47335066920945,8.31477520415678,8.03863943918629,7.66301787999432,7.20970250876772,6.70169942905271,6.16098671348574,5.60688943356663,5.05524278676213,4.51830036848519,4.00517432158881,3.52251707250581,3.0751776424147,2.66666740430007,2.29939166671882,1.97470214117494,1.69286825287927,1.45305605100057,1.25336627498986,1.090942944799,0.962144313296143,0.862763956429774,0.788296580085592,0.734240660978641,0.696419355400441,0.671283590533323,0.656151819462903
7.06076944951424,7.49013138530356,7.79771167665597,7.96724398169282,7.99339614020953,7.88186059204114,7.64775609452412,7.31274907827407,6.9015808267006,6.43877120134352,5.94614049889224,5.44149009534852,4.93842265577849,4.4469789466902,3.97461963311232,3.52711495342351,3.10907870332074,2.72411185440531,2.37469897368243,2.06207361371079,1.78622295487797,1.54608589028705,1.33988148047202,1.16543923920452,1.02041809417339,0.902368545672617,0.808678563582504,0.736495524495027,0.682719115156365,0.644116239740942,0.617546190980798,0.600238114247145,0.590043796067919,0.585609417663258,0.586441499808981,0.59287804348242,0.605992701848197,0.627459083784247,0.659394033807112,0.704185879437071,0.764316641893627,0.842193462985348,0.940020086191201,1.05974567574739,1.20312070254837,1.37186540496704,1.56791498644055,1.79366531242476,2.05211125246678,2.34676852554187,2.68129991055083,3.05883024939009,3.4810125884635,3.94698136068351,4.4523760798963,4.98862610532633,5.54265858840911,6.09713205473431,6.63123024447959,7.12198030059108,7.54599511798629,7.88147961316306,8.11028291089995,8.21973620373494,8.20400072769785,8.06468892344502,7.81062016768331,7.45672343165745,7.02226854778045,6.52874387729427,5.99776066720104,5.44932483959923,4.9006942566687,4.3658716179854,3.85562919836294,3.3778689914173,2.93810590228037,2.53991582094211,2.18527209344274,1.87477096869903,1.60778876847378,1.38261895894209,1.19662075002108,1.04638874356885,0.927943981968923,0.836945665403485,0.768927809363337,0.71956021488565,0.684921078115434,0.661750994352801,0.647648605614627
6.89888729521044,7.31077136986979,7.60735046317809,7.7735330582808,7.80427626039412,7.70462481173986,7.48823143323444,7.17474111702877,6.78666514743701,6.34643748326559,5.87422125374492,5.38675634742276,4.89721397047443,4.41575401214095,3.9503547563118,3.50752513438192,3.09267515512457,2.71013289975067,2.36295834936076,2.05276677252692,1.7797249363751,1.54276824768457,1.33997088717995,1.16893446305715,1.02707221226366,0.911729754273911,0.820168961175356,0.749498329695822,0.696645382640884,0.658432977572906,0.63176507662029,0.613880406380857,0.602605697273952,0.596549306694525,0.595198197345629,0.598914013974758,0.608845765772752,0.626786214608475,0.655000688704751,0.69604824481747,0.752612902251615,0.827356511679634,0.922806373300189,1.04128929238302,1.18492034552311,1.35564731227124,1.55533519419977,1.78585808883814,2.0491458076472,2.34712519204453,2.68150204548209,3.05335788476583,3.4625781187559,3.90717676315315,4.38262309073093,4.8812941058332,5.39217410024767,5.90089576274239,6.39018188152351,6.8407031071173,7.23232151479556,7.54563876321193,7.76370822995762,7.87371424528552,7.86837913082261,7.74685874944809,7.51494197221045,7.18448172356032,6.77213264141622,6.29760975495818,5.78177503609022,5.24486869155177,4.70513395406291,4.17795987593863,3.67553257911719,3.20688507777386,2.7781900271259,2.39315390658844,2.05341671562845,1.75891573713994,1.50820871113861,1.29876552102596,1.12723598496862,0.989694171440287,0.88186079673217,0.799309722472157,0.737671561819384,0.692843534703118,0.661203167838056,0.639805647614615,0.626533215894233
6.73840533176967,7.1321496666318,7.41706850687643,7.57918673053335,7.61371219918228,7.52504188696062,7.32540909083343,7.03252455791425,6.66677750418787,6.24861641930007,5.79661202613302,5.32645246694035,4.850827812259,4.37992003985435,3.92210560372668,3.48452069925285,3.07329526410399,2.69345966889772,2.34867747314564,2.04101394965204,1.77090106259652,1.53734777186632,1.33832999773509,1.17122526428877,1.03316160070852,0.921207236885205,0.8324100113904,0.763755931502721,0.712138108133917,0.6744052348901,0.647510977541072,0.628739639950557,0.615950552473015,0.607781941658386,0.603767716067588,0.604349686985174,0.610793443849959,0.625035064873357,0.649496494992359,0.686902202903254,0.740122129765578,0.81204756099328,0.905494620810184,1.02312159234727,1.16734795332767,1.34027333274613,1.54360314100828,1.77859316647887,2.04601590304797,2.34613585670674,2.67866109786535,3.04263031494877,3.43620205772174,3.85633867878317,4.2984143089911,4.75581017996113,5.21958663802395,5.67832741364475,6.1182453719495,6.52361610901693,6.87757105362268,7.16323370278423,7.3651191313853,7.47064957458235,7.47157740133265,7.36507923240037,7.15430671609232,6.84825966160482,6.46097281814887,6.01014340023418,5.51543704548997,4.99675623517385,4.47273119658467,3.95960813485142,3.47059799807397,3.01564936220032,2.60154467800386,2.23220365455237,1.90909351187665,1.63167883399574,1.39787138859721,1.20445569164736,1.04747271687008,0.922547034171199,0.825152428522763,0.750822440989306,0.695324472120473,0.654816731023993,0.625998613235278,0.60624767658258,0.593722045611795
6.58398396826392,6.96007771792389,7.23354724327249,7.39140818005782,7.42906520388584,7.35030428766846,7.1660648286064,6.89231332015602,6.54753010066791,6.15036705666424,5.71792606620632,5.26487819432248,4.80337748186954,4.34350455471574,3.89387753271335,3.46210970275488,3.05493992148185,2.67804783042545,2.33570765714522,2.03048926275429,1.76316992497335,1.53291323293753,1.33765786187315,1.17458499371358,1.04052827703352,0.932237858179097,0.846487441500844,0.78007655968477,0.729811373541643,0.692537224423758,0.665257824698989,0.645332398068716,0.6307045205042,0.620105270206351,0.613177367176627,0.610492491866887,0.613462884296842,0.624175373044655,0.64519419284588,0.67937628568959,0.729729515724659,0.799314260592064,0.891164653906787,1.00819140006067,1.15303552682203,1.32786998660079,1.53417826882154,1.77256544932032,2.04265611763848,2.34310917129946,2.67173412648411,3.02565144440099,3.40141511022086,3.79502242273695,4.20177221511232,4.61598340861074,5.03063942866685,5.43705970632203,5.82471673056469,6.1813085863915,6.493167521649,6.74603671255237,6.92618039563103,7.02171910268441,7.02400991936231,6.92884710845781,6.73725679884525,6.45571313257684,6.09570666119823,5.67272124511974,5.20479289468081,4.71089358771143,4.20939236446941,3.71679452879483,3.24687197222673,2.81020624016022,2.41409392937105,2.06272969170961,1.75757597596785,1.49784261980651,1.28101542350451,1.10338414770156,0.960528541539767,0.847728759679998,0.760282405338216,0.693729015797755,0.644002323778224,0.607538460765786,0.581364494049588,0.563175569862516,0.551391464065628
6.44242671638737,6.80243906343748,7.0654872672516,7.21940880106356,7.25974594757681,7.18974088988672,7.01922204615482,6.7626733637423,6.43695238677175,6.0591667706286,5.64512112339033,5.20853516844412,4.76098804198584,4.31233973626109,3.87128844915582,3.4457612433338,3.04297382162476,2.66917350814232,2.32921833862147,2.02620258902227,1.76129991039909,1.53389301513145,1.34194507523047,1.18248777517087,1.05208534874866,0.947171439592888,0.864227522409542,0.799836962799092,0.750688495121679,0.713603942980498,0.685635732749948,0.664238956196511,0.647481826426176,0.634239593817484,0.624314202878991,0.618444837241057,0.618206325671667,0.625826172392955,0.64397490950718,0.675582988941255,0.723718188592535,0.791516860321962,0.882127512333432,0.998606321351909,1.1437175219824,1.31963487994191,1.5275936575319,1.7675865113315,2.03820256101167,2.33667602895415,2.65914326196027,3.00103566449261,3.35748549913999,3.72361314008432,4.09460133295936,4.46552734071815,4.83100016632928,5.18470862950661,5.51902023352439,5.82477133125015,6.09136229661952,6.30722309504823,6.46064763370572,6.54092192725311,6.53959680606133,6.45170240327422,6.27668324847525,6.01886340202672,5.68733127179179,5.29524319591013,4.85865941925361,4.39510836732247,3.92210857712775,3.45585482349823,3.01021129850259,2.59607690065519,2.22111653302245,1.88980816110781,1.60373399031544,1.36204212106799,1.16200851704078,0.999632518956809,0.870203973341154,0.768788457742497,0.690596561268396,0.631228316517552,0.586811416782713,0.554068145240957,0.530348266731063,0.513651088114615,0.50263967584189
6.32218745930285,6.66863795690888,6.92302681400748,7.07382449612786,7.11665153464021,7.0542893739047,6.89566485014409,6.65407315317633,6.34506951877684,5.98450537185916,5.58709689607259,5.16571757825305,4.73137316515448,4.29362159827689,3.86110913703857,3.44192807764294,3.04363388641285,2.67293392419567,2.33519977647116,2.0340176180134,1.77095847008154,1.54565202803977,1.35613257186661,1.19933838899554,1.0716200470241,0.969141098516772,0.888121823721204,0.824943869042339,0.776180600878447,0.738628237713729,0.709390923958935,0.686034285365835,0.666778643509418,0.650678696143571,0.637729151858413,0.628857598319848,0.625800750967453,0.630899539700705,0.646876259310979,0.676655254313275,0.723263142805462,0.789794340920288,0.879383906471153,0.99510742463422,1.13974644166354,1.31541442677267,1.52310862368861,1.76231148366473,2.03077659869755,2.32459482822574,2.63855175763226,2.96669437437612,3.30295461530261,3.64165770414712,3.97778019877736,4.30689752011959,4.62485170138797,4.92724300833347,5.20889346618291,5.46343682764493,5.68316599917673,5.8592246155422,5.98216819965557,6.04285335591664,6.03354232663366,5.94905229657392,5.78774651091311,5.55217270724565,5.24921009227609,4.88967589272549,4.48744882750026,4.05825522857785,3.61831508437351,3.18304709428224,2.76599140671336,2.37804700137554,2.02705535345413,1.71771389141883,1.45177116763317,1.2284406729101,1.04496178305619,0.897230491981072,0.780421804348892,0.689532384815349,0.61979329237305,0.566933121759298,0.527306701187244,0.49792883549783,0.476460874201504,0.461186173024115,0.450988258964608
6.23249787961976,6.56869043925087,6.8168119133592,6.96577544181451,7.01122011266857,6.95554657991399,6.80698269804652,6.57792114917194,6.28293326274612,5.93691296313761,5.55372603582084,5.14555371098861,4.72289383375163,4.29498992521715,3.87036524302919,3.45716881370107,3.06316905886677,2.69540396758428,2.35963968796957,2.05985721857925,1.79795985579111,1.5737983598392,1.38549341030194,1.22994154961745,1.10335616686829,1.00171646039524,0.921061143666714,0.85763288425348,0.80793196595109,0.76875430869816,0.737271802670926,0.711175090525351,0.688853591210547,0.669559579452486,0.653493781923459,0.641772510518649,0.636274653940214,0.639410665226587,0.653885595733076,0.682524943906652,0.728200392807639,0.793833917128193,0.882407808425782,0.996883299452279,1.13995358233257,1.31362345516573,1.51869100895135,1.75427580381204,2.01755383033065,2.30381712404423,2.60688113447568,2.91975609466345,3.23541579747604,3.54746907997876,3.85057393075418,4.14051118240435,4.41393049808952,4.66785934681427,4.89911448383792,5.10376702163493,5.27679562903709,5.41202853227505,5.50242634792187,5.54070245528767,5.52021253634587,5.43598312717703,5.28570209866386,5.07047914976042,4.79521465013734,4.4684842864396,4.10194356219326,3.70934843217133,3.3053550970696,2.90428556340514,2.51902636588898,2.16018166734896,1.83554352016162,1.54989226815367,1.30510110278994,1.10049343396085,0.933383360630412,0.799715636585086,0.694715576610775,0.613464173570943,0.551335834095274,0.504270525405932,0.468892301907601,0.442516568285112,0.423101202779939,0.409186838621266,0.399848057753856
6.18221555706334,6.51205504793143,6.75681241111127,6.90566217136798,6.95419731204821,6.90449573326236,6.76425348082656,6.54520769282118,6.26123455474455,5.92656256328901,5.55447023150355,5.15665829436337,4.74326472424192,4.32329847271702,3.9051722789895,3.49704149392213,3.10678244268438,2.74161725786283,2.40753777296702,2.10875246661055,1.84735654530212,1.62333023142812,1.43485061682912,1.27880471703651,1.15135156487773,1.04839927588559,0.965925970034052,0.900144815685357,0.847569530806548,0.805056500137628,0.769884091963288,0.739890955018074,0.713647853435626,0.690607675440832,0.671169087814211,0.656614317204758,0.648923664794929,0.650516861388012,0.664002118784559,0.692008120043984,0.737136672934648,0.802008258300439,0.889316241789403,1.00177858337833,1.14190175099816,1.31154427994168,1.51135879741763,1.74026762410337,1.99514717440412,2.270854547772,2.56063199946214,2.85681304047045,3.151665158553,3.43816982341438,3.71056918027802,3.96457987000885,4.1972648031758,4.40662813980297,4.59104765530821,4.74867638948761,4.876941358462,4.97225113482843,5.02999454916397,5.0448726440491,5.01154702706171,4.92551971608839,4.78409498918131,4.58723366791836,4.3381150060204,4.04327137477684,3.71224988478761,3.35685242274445,2.9900870886598,2.62500721684512,2.27361296054856,1.94595658838318,1.64953888364348,1.38903187136666,1.16631769208432,0.980799938052854,0.829918467545704,0.709779903381819,0.615807578533518,0.543319210476981,0.48796372935456,0.445985468999149,0.414326720967614,0.390612939108987,0.373079565952704,0.360490402638927,0.352073229013734
6.17855948242721,6.50635995889971,6.75103373004456,6.90184615354533,6.9542673608341,6.91007427409361,6.77654453989894,6.56494920029238,6.28871415614419,5.96168019266704,5.59682635963945,5.20564815855259,4.79816370463323,4.38332990927263,3.9695543793117,3.56501373007853,3.17761408672876,2.8146018812918,2.48197852783978,2.18394374043284,1.92256812384923,1.69779972725159,1.50778817387128,1.34941112683365,1.21884739258044,1.11205994769851,1.02511677450083,0.954351076791798,0.896420074349112,0.848341407045936,0.807569175472585,0.772130063660855,0.740790713760218,0.713196807607919,0.689916902547981,0.672352643670797,0.662523045214657,0.662781012598852,0.675551006761246,0.703168586361128,0.747860131581061,0.811830358359752,0.897364869848333,1.0068263037746,1.14244950238829,1.3059164743397,1.49778706821558,1.71694165107166,1.96021626620548,2.22237317886635,2.49645581605102,2.77446774236342,3.0482263992634,3.31020327222556,3.55418147105325,3.77561920593559,3.97168389191105,4.14098555369232,4.28308451232737,4.39787429611514,4.48495458874286,4.54311744066468,4.57006421793898,4.56244716178245,4.516274477226,4.42763959948533,4.29364946146629,4.11335984326409,3.88850663431191,3.62385652116774,3.32708628181845,3.0082054589109,2.67863406709944,2.35010766399963,2.03359471436992,1.73838481511886,1.47145310321247,1.23714926655761,1.03720761248137,0.87103498982507,0.736204689540243,0.629064911392544,0.545363330219746,0.480796110079028,0.431414565809784,0.393860485133587,0.365443530253532,0.34410669162693,0.328339285172637,0.317087191345409,0.309685530043439
6.22595082377716,6.55623147677393,6.80432015169865,6.95940793138118,7.01674665013279,6.97779149803835,6.84945683336083,6.64267747848846,6.37063028950208,6.04703331627809,5.68488003159979,5.29579909036438,4.89001769645166,4.47672036498458,4.06450112079388,3.66163232160761,3.27599599212728,2.91469129651907,2.58347180619895,2.28623184763003,2.02473313485938,1.79866509453739,1.6060119342546,1.44360379678182,1.30769327898678,1.19442268952468,1.10011594819916,1.02140499969037,0.955257934048871,0.898993141362546,0.850342914351421,0.807584083032155,0.769701624913202,0.736520223499426,0.708733775160075,0.687795283401575,0.675679261401169,0.674581545405487,0.686651710327687,0.713842914454448,0.757918041814554,0.820577036790421,0.903607722609087,1.00893226699162,1.1384477278081,1.2936337873568,1.47499579325675,1.68149283520968,1.91012844680741,2.15585097912217,2.41182582118868,2.67004081213826,2.92212160721548,3.16019117192391,3.37761493691408,3.56951172871521,3.73296663012091,3.8669309015839,3.97183645270535,4.04898852370456,4.09983601484579,4.1252555598009,4.12500535246373,4.09749674866623,4.03997762912548,3.94912936764154,3.82196996221673,3.6568629940845,3.45439222584284,3.21788611713868,2.95346392706809,2.66959200594766,2.37625122239005,2.08389174729152,1.80237292454893,1.54006166659868,1.30320561666983,1.09563318966069,0.918773949478345,0.771948987641523,0.652852490700684,0.55812959179371,0.483953798501986,0.426519018671558,0.382388575530265,0.348681285997466,0.323113974710474,0.303948246156584,0.28989874937558,0.280048069851848,0.273788740519307
6.32518541272028,6.66244066783949,6.91746018440628,7.07919286078762,7.14255542764237,7.10862218591545,6.98395118229183,6.77922490639905,6.50754190589343,6.18275821990852,5.81822226255176,5.42608850097527,5.01719372444693,4.60130403740052,4.1874540686773,3.7841265993021,3.3991386729138,3.03925779650872,2.70969939465192,2.4137105879518,2.15240987002184,1.9249526378467,1.72897609230227,1.56118942660382,1.41794864519972,1.2956883006011,1.19115658112899,1.10147813708362,1.02412444431743,0.956883955785372,0.89789782196499,0.845775952429123,0.799753844332601,0.759819318695866,0.726735533484399,0.701922392069746,0.687210940959621,0.684539748375661,0.695692021632373,0.722160450213725,0.765178971939898,0.825885438035683,0.905515998119152,1.00550095780278,1.12735644940266,1.27233780005665,1.44091224472082,1.63218899468389,1.84347530774446,2.07010493431291,2.30561248259185,2.54223866405662,2.77167420997562,2.98590546495739,3.17801937853563,3.34284309159674,3.47732662068218,3.58060942140183,3.65374964964201,3.69914208962497,3.71970933837856,3.71801580087573,3.69549814076044,3.65201068934753,3.58582821843683,3.49414071294727,3.37394268665026,3.22310384563087,3.04135264358582,2.83092401248857,2.59671569052842,2.34592716449158,2.08728132159531,1.83001470525895,1.58284754584079,1.35311778369937,1.14619892263746,0.965248987514466,0.811273263328568,0.683437777926705,0.579545251140561,0.49657574596622,0.431200425613736,0.380195195014561,0.340711355884929,0.310397061547396,0.287397576796275,0.270284250953051,0.257965229857748,0.249615285772313,0.244637338864741
6.47311320053325,6.82154357823918,7.08677279653142,7.25733072050786,7.3276649252951,7.2983860613552,7.17567754332238,6.97003305073286,6.69463484097348,6.36374505189654,5.99143139518855,5.59080283070618,5.17374668094353,4.75100066018998,4.33231858744927,3.92651750463655,3.54130304274962,3.18291009845966,2.85570299624383,2.56191531033999,2.30166394098043,2.07327179952025,1.87382507704773,1.69981683676413,1.54771623963714,1.41434737046121,1.2970422464072,1.19361186919656,1.10223136910184,1.02134184891207,0.949638756556859,0.886160090557677,0.830430401272824,0.78258442623699,0.743392660140759,0.7141490035595,0.69643473892133,0.691828421235766,0.701660658078281,0.726900575711282,0.768212878755533,0.826149871860964,0.901380753687142,0.994829274609695,1.10761342381033,1.24074784777589,1.39465613457548,1.56861712575987,1.76030126567032,1.96553844144569,2.17839845785415,2.39159024332055,2.59711783391555,2.78708592821788,2.95453147879508,3.09415554634556,3.20284142617167,3.27986147793624,3.32670890657369,3.34654775353625,3.34335313022909,3.32090293072154,3.28184584139637,3.22708419437963,3.15565018006835,3.06513169681773,2.95255345151991,2.81548659850819,2.65309607057095,2.46685464591219,2.26075353514741,2.04098001723855,1.81516830379451,1.5914208249315,1.37732134121106,1.17912854786273,1.00126632405948,0.846146729492761,0.714293401899919,0.604687761807869,0.515240508935246,0.443289458310878,0.386039738367858,0.340887659387077,0.3056027275991,0.27837733670643,0.257781903384313,0.242677495386664,0.232133806705239,0.225380490012777,0.221794754772829
6.66289539197189,7.02609963744688,7.3042764226489,7.4853510126366,7.56316229803603,7.53777388165142,7.41498136137324,7.20516414428416,6.92176601576938,6.5797412867935,6.19425742097826,5.7798161413103,5.34979545883605,4.91628191743556,4.49000386345585,4.08020736423579,3.69441171890299,3.33809651460635,3.01445088875629,2.72432835876114,2.46649353315461,2.23814859877804,2.03563198827053,1.85512591683082,1.69321503840192,1.54719658067859,1.41512929519195,1.29568807459599,1.1879389413645,1.0911492243732,1.00470865077827,0.928175216623998,0.861399181335837,0.804644786433806,0.758627628152224,0.724424022138053,0.703263178624333,0.69626870653082,0.704245226608675,0.727594245863589,0.766396920169029,0.820629055134841,0.890414200942768,0.976190388355806,1.07868710174824,1.19867142486446,1.33650242197391,1.49160488148328,1.6620044534389,1.84405711238,2.03245619963459,2.22053783985738,2.40084710970701,2.56588381163627,2.70892310286264,2.82478892113981,2.91045285275144,2.96533452836976,2.99120936684324,2.99169319242766,2.97136606704182,2.934703483716,2.88505902883684,2.82396083073014,2.7509199654083,2.66381656414598,2.5597677114808,2.43624091983921,2.29211103400754,2.12838196262395,1.94840212219668,1.75754983898664,1.56250374914294,1.37030336137705,1.18742412380086,1.01905182078043,0.868662171293833,0.73792721555669,0.626901154237277,0.534395889650485,0.458442754504682,0.396742991115563,0.347032060309112,0.30731373471853,0.275955091381457,0.251666767145522,0.233415361839074,0.220321964470286,0.21158955819305,0.206478054658577,0.204320113291027
6.88478368411928,7.26543840270607,7.55844035718418,7.75092418888669,7.83599240664813,7.81310313564381,7.68768637905261,7.47012170939486,7.17432841355536,6.8162625066937,6.41257475014254,5.97957629126229,5.53253020925046,5.08518504649087,4.64942704560466,4.23495879957422,3.84898769777119,3.49598951811346,3.17765579780566,2.8931191685411,2.6394825829201,2.41258540914427,2.20786200607639,2.02111590288211,1.8490590459774,1.68953763711783,1.54145832630433,1.40450670779432,1.27879253142743,1.16454955749873,1.06197308093505,0.971211484225639,0.892464451930098,0.826104335357581,0.772733980821814,0.733131871441926,0.708089235431003,0.698199447281085,0.703689461785466,0.72437264764244,0.759758180110932,0.809283156280838,0.872577788595544,0.949645835133317,1.04086312730156,1.14675557193991,1.26759189400099,1.40289238015518,1.55098235945627,1.70871201820503,1.87142142662575,2.03317714238184,2.1872575593141,2.32682489379013,2.44569613535491,2.53909984845272,2.60428995799316,2.64088221010643,2.65080454770902,2.63781820924636,2.60666466830385,2.56200601193599,2.50740639046243,2.4446208321134,2.3733910626275,2.29181215889362,2.19717106346406,2.08701946742369,1.9601824935076,1.81743350371423,1.66167620203207,1.49762227627761,1.33108694305763,1.16810787848193,1.01410451009065,0.873249512169085,0.74814293997398,0.639795932859865,0.547865664785109,0.471045656031075,0.407507509373561,0.355301406167157,0.312649723739026,0.278102009966408,0.250555415521767,0.229176305978833,0.213276907184819,0.202202475965864,0.195267669636106,0.191753266415159,0.190948062806861
7.12726067523264,7.52684264703567,7.83541834208577,8.03915978889368,8.13033497382576,8.10778351227803,7.97664836776129,7.74748116079502,7.43493622902694,7.05630136612376,6.63007984597794,6.17475625184483,5.70778676613781,5.24478738702344,4.7988741283137,4.38013724161678,3.99528128958582,3.64750479023769,3.33669573338846,3.05997594503384,2.81254990952974,2.58873091111304,2.38296345751064,2.19065566856715,2.00868400635047,1.83551799032163,1.67100799511891,1.51595400278191,1.3716090963877,1.23925838690074,1.11996406523262,1.01449655033045,0.923404943498154,0.847140930096228,0.786144573829403,0.74083610841189,0.71151032248181,0.69818564538021,0.700489844955206,0.717655469977386,0.748656616524238,0.792453249024376,0.848257843760918,0.915714178707936,0.994900022253831,1.08612176667471,1.18953757757763,1.30470498589493,1.43017046537536,1.56320935170815,1.69978413276521,1.8347430050833,1.96223961104052,2.0763223755374,2.1716202306576,2.24402579898986,2.29125832128735,2.31317870460147,2.31174998401743,2.29059822920994,2.25422322888083,2.20701695553009,2.15232381559665,2.0917927548255,2.02520517784566,1.95083158416036,1.86621636409647,1.7691628617518,1.65863992304484,1.53536522202089,1.40192970082888,1.2624662422735,1.12198723479434,0.985586585687508,0.857704459924817,0.741605146004084,0.639139965931595,0.550790165621515,0.475927256646372,0.413196914034399,0.360928669485405,0.317486605712844,0.281503740959691,0.25197644114629,0.228230336695933,0.209799741984293,0.196278357463396,0.187197812334052,0.181970355551566,0.179902007939111,0.180255166051375
7.37832881892874,7.7969538970171,8.12058905702427,8.33430165165409,8.42946794462695,8.40434862486982,8.26393776568153,8.01918719101737,7.68578469674167,7.28268709773412,6.83058481782763,6.35042149198195,5.86203992325223,5.38299491402031,4.92757229541963,4.50607372188691,4.12444440457261,3.78431712573498,3.48350479590773,3.2169023386982,2.97767618858643,2.75855272980264,2.5529917110995,2.35605563104845,2.16485745279018,1.97856556601254,1.79804068752492,1.62524818013345,1.46261724683496,1.31249865404102,1.17681826984685,1.05694979592339,0.953760731025182,0.8677435445815,0.799135404777011,0.747963196657842,0.714001598353499,0.696687425606177,0.695063799587105,0.707820480990239,0.73345759510953,0.770538058052771,0.817947072418942,0.875056253616967,0.941714677875708,1.01804505983376,1.10408773380878,1.19938774288492,1.30263411476423,1.41144545682846,1.52235361992309,1.63099378302449,1.73247529776108,1.82188408418267,1.89485508706578,1.94813460306775,1.98003730219938,1.99069228228609,1.98198805895582,1.95717874522278,1.92019516119978,1.8748001782151,1.82379294523825,1.76847841844554,1.7085568709618,1.64246976949117,1.56810367177447,1.4836452401318,1.38834309991408,1.28296980560087,1.16987860007758,1.05267255405717,0.935606022122255,0.822893493240642,0.718095317437311,0.623702995438082,0.540976716000241,0.470022641314833,0.41005102719948,0.359731570625413,0.317560502429151,0.282164761757788,0.252492408836289,0.227868742788022,0.20793076789861,0.192482812499784,0.181331816312255,0.174159546193916,0.170467710630654,0.169600654253379,0.170821736430037
7.62674782665728,8.06319581014503,8.4001893758768,8.62159038838102,8.71786637242172,8.68677998379558,8.53335520876502,8.26920516477556,7.91136351219179,7.48077645227452,7.00060035713358,6.49442849834866,5.98455903029255,5.4904202612897,5.02728179581796,4.60538642168194,4.22961699918889,3.89975919593951,3.61133581442833,3.35689206607521,3.12752914881118,2.91443841764812,2.71019635975065,2.50963769307197,2.31021701931264,2.11187438526384,1.91651263544846,1.72725426079812,1.54766384423036,1.38109541464827,1.23026593873485,1.09708006929598,0.982660166473715,0.88749107810894,0.811577858762561,0.754545937666032,0.715663055603771,0.69381785585238,0.687520916568794,0.694988060968822,0.714328539453806,0.743801637415948,0.78206264181124,0.828302919155832,0.88221757498947,0.943791272822987,1.01295448570573,1.08920861579545,1.1713231212675,1.25718438423555,1.34382819153872,1.42764409946332,1.5047117274682,1.57121589325009,1.62388855712215,1.66041934416471,1.67977030825683,1.68232230456662,1.6697897330749,1.64487892266222,1.61072740999729,1.57023713494366,1.5254650097157,1.47724151741062,1.42513442026036,1.36777563875069,1.3034601553829,1.23084074795835,1.14951957119233,1.06037587844352,0.965557696394767,0.868166484582793,0.771742747519761,0.679698571348647,0.594830846108302,0.519007090729938,0.453058840940143,0.396867908438591,0.349597260420879,0.309999835910315,0.276736415445508,0.248639026647135,0.224873242740694,0.204977356911251,0.18878681002194,0.176282791195069,0.167421559684731,0.162002186549003,0.159610202403842,0.159643145260011,0.161393991670231
7.86307704221274,8.31503766415764,8.66281846407421,8.88901859284094,8.98320519258941,8.94273556878382,8.77284375904684,8.4860552056298,8.10103534647253,7.64099064896857,7.13174573486375,6.59963279564637,6.06935800659693,5.56204364012904,5.09366385892227,4.67407711344381,4.30679377586311,3.98951280940107,3.7153344160838,3.47443977901731,3.25595436370729,3.04969417292368,2.84753919445875,2.64426817763906,2.43780166483608,2.22890979282613,2.02052669669804,1.81686101721277,1.62249902720677,1.44166269104618,1.27772377498997,1.13299796277501,1.00877131471454,0.905465539803052,0.822835446372377,0.760121830341218,0.716132019494216,0.689276069986734,0.677617897811844,0.678995496377921,0.691228429255712,0.712374046584889,0.740955208770704,0.776070809212806,0.817333595618365,0.864638925713896,0.917827864699031,0.976348134572157,1.03901173038925,1.103914941912,1.16853141803179,1.2299434156323,1.28515305138385,1.33141320110739,1.36653403436729,1.38913033259427,1.3987801730018,1.3960607937815,1.38243001923505,1.35994363912797,1.33083798354265,1.29705962292535,1.25985814222948,1.21956146683232,1.1756108408953,1.12685680233641,1.07203713815638,1.01029767162051,0.941607447676331,0.866955866661745,0.788291174369274,0.708236187439553,0.629671401142308,0.555297298125643,0.487271310420706,0.426981075512034,0.374974388692119,0.331033664816692,0.294362099549868,0.263835449852633,0.238268945648121,0.216646702848888,0.198269143486547,0.182791691358654,0.17015528424088,0.160440650423296,0.153699076940846,0.149817511623688,0.148458183717012,0.149082106111127,0.151034395259899
8.08044535262722,8.54496151121079,8.90060505604871,9.12869164224441,9.21789683847914,9.16523673665817,8.97628638926425,8.66467097549664,8.2508983469028,7.76061995972185,7.22243567849706,6.66540689896023,6.11650800138893,5.59830319684771,5.1271528339293,4.71220882408657,4.35534643309197,4.05202374776911,3.79289614463971,3.5658850111984,3.35834000495629,3.15895052182632,2.95914618677612,2.75384811744494,2.5415621309065,2.3239151848164,2.10481046115711,1.88940894077449,1.68313921066225,1.4908951938459,1.31651781466959,1.16257976832851,1.03042211877754,0.920345907251192,0.831848349807773,0.763822418107803,0.714686915674641,0.682469918529728,0.664899704975533,0.659552553662811,0.664071772970147,0.67641763240773,0.695072879235013,0.719121419507724,0.748155122256124,0.782024698262135,0.820508555873923,0.863007942295793,0.908363135740221,0.954843140936642,1.00029915622857,1.04242447907268,1.07904461444619,1.10836968748632,1.12917260332421,1.14088092823782,1.14358753543493,1.13798380017169,1.12521458363428,1.10665927409795,1.08365856246589,1.05723645160735,1.02788563969632,0.995485928573773,0.959395839894084,0.918706151811933,0.872592222530991,0.820665018788119,0.763222275700259,0.701332237178182,0.636735981443238,0.571606065145103,0.508230501190553,0.448699042233899,0.394650853162663,0.347118575623841,0.306478621885376,0.272501177057846,0.244484195383438,0.221446123421665,0.202344455299619,0.186277169054596,0.172623449118065,0.161091066612828,0.151661974751952,0.144459937996266,0.139588127617955,0.136994111820034,0.136405244529777,0.137347951660038,0.139231911922978
8.27501522115466,8.74903287096941,9.10986153896407,9.33753680194461,9.41982655592131,9.35340359241524,9.14421910607678,8.80707180357844,8.3644012246642,7.84436794040381,7.27834268331249,6.69801391650468,6.13242177729917,5.60529760566703,5.13309289954641,4.72400001330886,4.37810351882284,4.08859667100123,3.8438029241284,3.62961023845154,3.43188757348338,3.23850682928398,3.04071749789224,2.83377303085651,2.61685018056471,2.39240909435542,2.16520132817582,1.9411476213365,1.72628667216248,1.52594598410001,1.34422043653451,1.18376929525245,1.04587513428657,0.930664952748242,0.837381143207265,0.764619128382351,0.71049595552034,0.672769156225985,0.648955719802398,0.636496349255813,0.632976235936869,0.636361256656866,0.645177209268316,0.658556454315,0.676116776276296,0.697698896065906,0.723044441429482,0.751525066595667,0.782012292171565,0.812928014360856,0.842448296807133,0.868784519736123,0.890451374130014,0.906448674616732,0.916327990584293,0.920152479941364,0.918384934607263,0.91174024604281,0.901027140080179,0.886993664642711,0.870185572507113,0.850836842504123,0.82881778026524,0.80366749157595,0.774721097916814,0.741313067208095,0.703011216892179,0.659818040529684,0.612284715122507,0.561507406405082,0.509011354790608,0.456558012213285,0.405922832846814,0.358689325373028,0.316087829228308,0.278893193879374,0.247384566812445,0.221367515902493,0.200258303630155,0.183222894837677,0.16935251252197,0.157840841621144,0.148120125291014,0.139918662193072,0.133223513507733,0.128164701522014,0.124863703910707,0.123302209422284,0.123255842677639,0.124309875244874,0.125941122453477
8.44611697421862,8.92700094002888,9.29109905212297,9.51718516745897,9.59206539599496,9.51198171055568,9.28317474143828,8.92154592284856,8.4514029767992,7.90333371572114,7.31135144214258,6.70958265896273,6.12889372532031,5.59392879372511,5.12101356411562,4.71725432441219,4.38094677655106,4.10316106798276,3.87015256240432,3.66611971935922,3.47581926690593,3.28664194608756,3.08991424527684,2.8813693105792,2.66088105043174,2.43165474434961,2.19910961023442,1.969684177127,1.74975953677264,1.54483732690047,1.35904300310441,1.19495359655111,1.05368728132561,0.935153383462587,0.838351234295531,0.761635677229929,0.702912937244414,0.65978360853298,0.629678407248662,0.610027569661086,0.598472598192474,0.593080034145548,0.592489775205267,0.595930441830666,0.603076097481489,0.613778755894438,0.627762391664516,0.644387477507494,0.662568127715315,0.680870022093244,0.697748042948563,0.711835252718229,0.7221847015,0.72839010825771,0.730564360688188,0.729200713489818,0.72497423439879,0.718543133946022,0.710392387543985,0.700739562497416,0.689501517578857,0.676316084493592,0.66061052202861,0.641711286590128,0.61898490692326,0.591989200844804,0.560606654255521,0.525127429283939,0.486261678913516,0.44507768242224,0.40288304358021,0.361078868413294,0.32101567369481,0.283871947818003,0.250561395768882,0.221668961174302,0.197415347736022,0.17765599540196,0.161925685364537,0.149533999979778,0.139704088150849,0.131726386190395,0.125086577249761,0.119528335581712,0.115029962227209,0.111705442283402,0.109667538362569,0.10890577805811,0.10922350504825,0.110252753078012,0.111533751112559
8.59602065297723,9.08188459991347,9.44835813453646,9.67298912063773,9.7415400190557,9.64966094225895,9.40368107457471,9.02038920021996,8.52573763512553,7.95250283090833,7.33708024577981,6.71575866518222,6.12096608529772,5.57804945475682,5.10310155233552,4.70217578614881,4.37196561932176,4.1017410913368,3.8761047880736,3.67801286100499,3.49152586186141,3.30388521618403,3.10670704735697,2.89628353584849,2.67313702859216,2.44106155562698,2.2059103527683,1.97436406058286,1.7528636411512,1.54682628356623,1.36019627055533,1.1953165227981,1.05305203306941,0.933064180740733,0.83412826713414,0.754416201597006,0.691709417143377,0.643556540437236,0.607416490662152,0.580822836430595,0.561575936322621,0.547925142726223,0.538681107043287,0.533200840646199,0.531229290316962,0.532637171390576,0.537139994101875,0.544100721899493,0.552487721163623,0.56100507444944,0.568345092452993,0.57346942306623,0.575819637246854,0.5753872586148,0.572630383818081,0.568273385133427,0.563060860024731,0.557538409748921,0.551911287387637,0.546001618235487,0.539293663692015,0.531043163829771,0.52041994474026,0.50665803144012,0.489191865558632,0.467759815842851,0.442461602947826,0.413759751759967,0.382427777676767,0.349457707656137,0.315948974896371,0.283002105058499,0.251631742693796,0.22270364900153,0.196888263078127,0.174623274753472,0.156083399187862,0.141166389887462,0.129512132418042,0.120566521886771,0.11368893841467,0.108280532989607,0.103896825444411,0.100307207752683,0.0974797052570394,0.0954980283550244,0.0944432243486912,0.0942875395988569,0.0948411542857253,0.0957698370010599,0.0966719756011776
8.72931613637149,9.21905396950079,9.58792262468921,9.81231655841837,9.8768832084984,9.776493396587,9.51729509807391,9.1166394961626,8.60176045305496,8.00723462789769,7.37144447137041,6.73247194508579,6.12401108198634,5.57194280411787,5.09212881485777,4.68976122024534,4.3602975341417,4.09170036711776,3.86746752293687,3.66983873839506,3.48261496038695,3.29319028786931,3.09361909815749,2.88075330822934,2.65563975798026,2.42244610597573,2.18719038048028,1.95650785413797,1.73662492550069,1.532637308984,1.34812425762182,1.18507045194885,1.04402153042444,0.92437501019776,0.82470610787636,0.743057401411957,0.677160272971257,0.624600155471378,0.582959911086843,0.549970884279189,0.523676102042045,0.502572348913941,0.485681505748305,0.472506243251828,0.462863462988739,0.456637953422183,0.453535730225165,0.452927975453171,0.453843883987789,0.455119097922449,0.455645071343155,0.454627672818552,0.451762441638573,0.447264830500534,0.441750571744253,0.436009026535943,0.430745322826322,0.426366722587272,0.422864801671556,0.41981142239232,0.416451148427496,0.411855833438994,0.405099025373009,0.395415283327104,0.38231977070725,0.365673649541039,0.345692811925666,0.322903856801531,0.298062068086411,0.272050479188716,0.245781596144075,0.220119168564483,0.195826002293153,0.173534653815471,0.153728408584458,0.136722554443163,0.122643318326163,0.111413102486754,0.102758623847051,0.0962542987497057,0.091402415416506,0.0877325195305786,0.084890336469568,0.0826850153679634,0.0810761451473255,0.0801061282928096,0.0798045879396171,0.0801048643758709,0.0808066688930421,0.0815997117307765,0.0821374625845057
8.85191570552082,9.34490382534145,9.71661816125235,9.94244462757164,10.0059158225947,9.90098433253841,9.63335346816208,9.22056615304381,8.69068044432901,8.07955897286224,7.42704586204707,6.77254298420601,6.15066205995775,5.58766132629041,5.09924825894549,4.690066167946,4.35484285437426,4.08085559567781,3.85113968778208,3.64778942821753,3.45477733983877,3.25990644469489,3.05574930819846,2.8396460291135,2.6129846584369,2.38005537382742,2.1467624639047,1.91942285902885,1.70380531945275,1.50448670249004,1.32453724938502,1.16549320883563,1.02753894457758,0.909805292383413,0.810693544314083,0.728163264147867,0.65995568447688,0.603761584606639,0.557360080838523,0.518750256984491,0.486278068020259,0.458731342482556,0.435366200678133,0.415834491952402,0.400015440752308,0.38779439193249,0.378858546951269,0.372584859265338,0.368062696256714,0.364248434808015,0.360197013956886,0.355286798741987,0.349357546549477,0.342711418153797,0.335979316160995,0.329896771588684,0.32506201904542,0.321746320168567,0.319802609402088,0.318685841824301,0.317563951991596,0.315482129599161,0.311535938308545,0.305018037784194,0.295516176282301,0.282952934612498,0.267571211399075,0.249875094801208,0.230543859834274,0.210337460959478,0.190011466834141,0.170254401198901,0.151650412140352,0.134663514481114,0.119631973920488,0.106763874144787,0.0961301583769442,0.0876599815749191,0.0811498046946725,0.0762947337494518,0.0727438916727059,0.0701676107207316,0.0683159251174831,0.0670466706658606,0.0663106445546371,0.0660993557223537,0.0663759199161236,0.067019614835915,0.0678090463972071,0.0684535243319417,0.0686618631693744
8.9697820442647,9.46532284673608,9.84001879442774,10.0685071388056,10.1333464132101,10.0275648255479,9.75625063997923,9.33679970045138,8.79760243047476,8.17520485105044,7.51027112101245,6.84293693733159,6.20830195240781,5.6328119005082,5.13211395000498,4.71067040985598,4.36305790420197,4.07655634114339,3.83442136109291,3.61917851563227,3.41537516430932,3.21142826760078,3.00044945193589,2.78014446694425,2.55202862868678,2.32025923981069,2.09036984243596,1.86812744955612,1.65865242170702,1.46585920400525,1.29221264629074,1.13874684361698,1.00526637607203,0.890643339187507,0.7931310852335,0.710643443692529,0.640975378445133,0.581970174904662,0.531650419443142,0.488326074927384,0.450680117330237,0.417811961650649,0.389216850589836,0.364686745777602,0.344145595070538,0.327460336974094,0.314284798040056,0.30399292213517,0.295726886992923,0.288548905678704,0.281644865157663,0.274508752898825,0.267043933408393,0.259544469728796,0.252564477314927,0.246716831675204,0.242464888766941,0.239966349695656,0.239006361675208,0.239028408352139,0.2392413896709,0.238768391624031,0.236797289807785,0.232703260604964,0.226126027970691,0.216996500252884,0.205519090406691,0.192118946741455,0.177368629132273,0.161907594941716,0.146367652777934,0.131314990576506,0.117212964095369,0.104406235429228,0.0931198612938202,0.0834670691594397,0.0754601884283845,0.0690232664994619,0.0640095186660428,0.0602257478301871,0.0574645841857752,0.0555380209322374,0.0543023031705761,0.0536637946010917,0.0535607072481445,0.0539267322528495,0.0546505879370904,0.0555513061442357,0.0563837213327194,0.0568775214649716,0.0567989187080862
9.08759238429502,9.58425539124781,9.96095124515047,10.1919793296349,10.2592616131759,10.1550980228936,9.88395887996523,9.46285720569279,8.92005051853875,8.29212248876624,7.61982436937401,6.94332862750752,6.29768907706616,5.70926992874612,5.19370346427231,4.75561582778219,4.39000144390549,4.08482100968184,3.82421311427139,3.59167685265508,3.37269242310465,3.15644824357838,2.93657700939814,2.7110071319289,2.48117120942573,2.25086753936306,2.0250523161126,1.80877476092903,1.60638363792764,1.42105005353115,1.25458834193236,1.10751336504496,0.97925323250395,0.868438115856041,0.773198018168781,0.691429056235998,0.621008322726518,0.559958115332457,0.506566970207004,0.459471787791224,0.417699805121763,0.38065891270287,0.348070363537011,0.319845827622503,0.295930773434101,0.276152413309597,0.260114617771386,0.24717602557937,0.236519698131499,0.227296183203424,0.218793839881095,0.210580691833613,0.202571899254015,0.194999322125975,0.188295029539992,0.182924021305259,0.179217381768964,0.177251421631132,0.176799948581993,0.17736444236586,0.178262835302201,0.17874897102973,0.178131154261495,0.175867632048908,0.17162751002636,0.165314373829837,0.157058087721371,0.147179905089453,0.136139166781378,0.124468419613942,0.112705667694857,0.101333874867802,0.0907357410145945,0.0811709976043661,0.0727762002855258,0.0655836241648652,0.0595511730278991,0.0545944426593553,0.050614890342367,0.0475194109523022,0.0452311738003239,0.0436910155256015,0.0428501009775911,0.0426547164623074,0.0430253238454093,0.0438362521270307,0.0449034529656087,0.0459895120788975,0.0468300237182454,0.047178581364506,0.0468594575768439
9.20762586447124,9.7026831899896,10.0786561312759,10.3100816998488,10.3788022707669,10.2768194414166,10.0081899439372,9.58945747915162,9.04835712514621,8.42086806930534,7.74704161713027,7.06629893218851,6.41300658211358,5.81306893506389,5.28204568633025,4.82497652166326,4.43775409840105,4.10961452911886,3.82616383409022,3.57234726646677,3.33487965851451,3.10384121155307,2.87335396813675,2.6414378141236,2.4092689728536,2.18011734602045,1.95822570384441,1.7478338372218,1.55246951331959,1.37454408620913,1.21522700793477,1.07453217217715,0.951535309606397,0.844650111469528,0.751907095659338,0.671204825171896,0.600517198674221,0.538053120452034,0.482366257079501,0.432410469608632,0.387538417910347,0.347440468788631,0.312033821388593,0.28131963889925,0.255238181270554,0.233555819029462,0.21581075064071,0.201333481205668,0.189334229714605,0.179033875192944,0.169799654085065,0.161246130733609,0.15327335134945,0.146030611064013,0.139819605425098,0.134964296945354,0.131685122060079,0.130009448347715,0.129736477639523,0.130459331391861,0.131629259778962,0.132642209725361,0.13292523797946,0.132008196038446,0.129573769594394,0.125484097466622,0.119786922554014,0.112701130906418,0.104583393208197,0.0958768144715119,0.0870470407413286,0.0785166374303405,0.070610251426041,0.0635243335147926,0.0573270525210021,0.0519870658398644,0.0474201837948586,0.0435381690737876,0.0402855855159599,0.0376544341216284,0.0356761281306068,0.034395570462545,0.0338373235948725,0.0339741053399742,0.0347053975787276,0.0358522510356879,0.0371696664837686,0.0383765313490287,0.0391985049313618,0.0394161973467695,0.0389081277181969
9.32915755942982,9.81828967916258,10.1888266916504,10.4162640182768,10.4831169843782,10.3817323390713,10.1161563492466,9.7025354142881,9.16779671717401,8.54671952439844,7.87786252771197,7.19905829973151,6.54326083532886,5.9354252548301,5.39084937926415,4.91509133583651,4.50527354103241,4.15236012988582,3.84388543408483,3.56661826553611,3.30874949825525,3.06134773564263,2.81900304703195,2.57973425026352,2.34434679834962,2.11548466922811,1.89661810138779,1.69116138830928,1.50184080740769,1.33034996937268,1.17726484413916,1.04214927013451,0.923771217163348,0.820363603298501,0.729883283976585,0.650246533146055,0.579527773613652,0.516113578283602,0.45880068664074,0.406825817285319,0.359824040393933,0.317721269772647,0.280585627293472,0.248469737702854,0.221280422566497,0.198704470694773,0.18020201343848,0.165064813247577,0.152517484726863,0.141834819782713,0.132444600150595,0.123992090770859,0.11635417951613,0.109601313547515,0.103921129184995,0.0995225367556835,0.0965450511805695,0.0949934712395104,0.0947093808928421,0.095381996886972,0.0965883919512568,0.0978511521280558,0.0986986751912101,0.0987192283485999,0.0976045816994968,0.0951811638555175,0.0914289284941077,0.0864833340268022,0.0806172190725264,0.0741994101337794,0.067633620545699,0.0612894455155511,0.0554414691273644,0.0502348674524571,0.0456867372875661,0.0417226497941495,0.0382348771200917,0.0351414690422122,0.0324267573453065,0.030149876255954,0.0284215598429626,0.0273585064832025,0.027031981466489,0.0274270522451744,0.0284234040534855,0.0298027545111473,0.0312794075567499,0.0325473000441907,0.0333330572333959,0.033444434798485,0.032804455907126
9.44853381638441,9.92590611425236,10.284521235113,10.5016438638303,10.5613386775262,10.4570819318475,10.1934540492068,9.78640552867817,9.26187898227776,8.65294065127736,7.99591436481972,7.32621899586049,6.67463824432987,6.06460795308565,5.51084819492764,5.01937813109224,4.58870121288333,4.21178617481895,3.87840639117834,3.57742360197249,3.29868779404232,3.03434228108808,2.77945261116312,2.53199914394571,2.29237088586112,2.06256033899305,1.84527457899914,1.64314778761781,1.4581773482546,1.29142561969355,1.14296252617405,1.01198064866024,0.897004940077465,0.79613606850316,0.707288944503498,0.628412021858858,0.557676639387304,0.493624668977548,0.435255461477989,0.382033239716989,0.333811347272642,0.290686502658509,0.252820700779929,0.220274717559162,0.192894337384253,0.1702723528271,0.151783846829697,0.136675856249588,0.124178073183848,0.113606157339877,0.104435307050345,0.096334231746162,0.0891607416994155,0.0829241308736576,0.0777269323894062,0.0736966480428097,0.0709214952521833,0.069401405026786,0.0690216910472279,0.0695531568872166,0.0706735492040482,0.0720045231249341,0.0731544580330145,0.0737613260398522,0.0735323324732344,0.0722774661035884,0.0699352864817627,0.0665839449356246,0.0624318467769739,0.0577829441974373,0.0529794244422216,0.0483340838171097,0.0440698886400731,0.0402868743986342,0.0369666531878682,0.0340136933590642,0.0313180677545422,0.0288164349966908,0.0265299571368569,0.0245654280271435,0.0230815358292552,0.0222326461283733,0.0221101535714806,0.0227001142618264,0.0238684605016,0.0253771172380757,0.0269244536270956,0.0282000959179024,0.028941196030734,0.0289787907173656,0.0282656247838529
9.55991025713543,10.0186164887442,10.3576976902896,10.5570051619615,10.6030456084814,10.4912388697769,10.2272922336489,9.82723230435498,9.31593353274208,8.7243441803221,8.085918294011,7.43292035673239,6.79324470906236,6.18821416458747,5.63156468134113,5.12957225697291,4.68209297398507,4.28419454028383,3.92804470340772,3.60475989723154,3.30598089196723,3.02501249535994,2.7574419622557,2.50123349608885,2.25637869168592,2.02425184842938,1.80685430017578,1.60612281175046,1.42342776680862,1.25931126768444,1.11344657571935,0.984753955401395,0.871597924754715,0.772009744588308,0.683903522890571,0.605277773560144,0.534394003796576,0.469917635432948,0.41099587898652,0.357248214565204,0.30866554307426,0.265437249142993,0.22775398852858,0.195639117012031,0.168852604314349,0.14688485884728,0.12902602829381,0.114479014023129,0.102474750374061,0.0923614993954693,0.0836536371211688,0.076041593079487,0.0693740830964966,0.0636220741808469,0.0588347208546539,0.0550908396117099,0.0524519779536086,0.0509227031932009,0.0504239671874906,0.0507853961656123,0.0517552784240532,0.0530261224059393,0.0542683500369023,0.0551669516795595,0.0554574247377587,0.0549574989100013,0.0535926405942177,0.0514083217916995,0.0485636215885396,0.0453011879783278,0.0418961217518943,0.0385955790619656,0.035565779613749,0.0328654877130639,0.0304549500746897,0.0282382975229329,0.02612350172662,0.0240770301727259,0.0221534107180974,0.0204882525543219,0.019258960567955,0.0186269763362397,0.0186816224245105,0.0194028823513438,0.0206522407344146,0.0221928677450018,0.0237314295841643,0.0249716034038629,0.0256673531083747,0.0256658915835166,0.0249327481656501
9.656420151808,10.08919115211,10.4009285970609,10.574797997678,10.6005354517297,10.4762226430999,10.2092268623198,9.81592080867843,9.32009154479595,8.75028706538512,8.13661297804479,7.50759271293163,6.8876264891287,6.29537629709103,5.74315363087972,5.23718166207936,4.77848921171566,4.36417429647056,3.98881319208246,3.64584303512127,3.32878558063214,3.03220110115881,2.75228491456406,2.4870611821212,2.2361939903719,2.00051053692071,1.78138595027651,1.58015178171514,1.39765613377532,1.23403380985512,1.08867568498746,0.960337608643497,0.84731816956986,0.747654566667769,0.659311679217983,0.580362190039934,0.509151914248269,0.44443367192347,0.385439282964753,0.331860706463972,0.283735568326659,0.241260310805005,0.204585669337662,0.173653096620294,0.148116814063252,0.127363675428803,0.110607086044102,0.097014174117405,0.0858201205666009,0.0764032327246861,0.0683133181746749,0.0612638211149665,0.0551053911431931,0.0497920403230374,0.0453471529306151,0.0418273480245533,0.0392850983303902,0.037733091232392,0.0371165338914128,0.0373015304608089,0.0380807275440359,0.0391953855208618,0.0403661896281686,0.0413265140635419,0.0418535139492419,0.0417935815065938,0.0410813983873802,0.039747539590665,0.0379111726179683,0.035754052523177,0.0334782688242496,0.0312580204295816,0.0291994143965457,0.0273241445532986,0.0255831599591268,0.0238968002056437,0.02220599537326,0.0205143276003968,0.0189052579899808,0.0175271720143651,0.0165530484238215,0.0161285124523923,0.0163256371678988,0.0171155826263546,0.0183652164991179,0.0198569638427875,0.0213248073162503,0.0224993838791494,0.0231538697221613,0.0231433304246557,0.0224307361844794
9.73139009255711,10.1314056581614,10.408792568914,10.5505788499152,10.550301995176,10.4092154143371,10.1367225986154,9.74974164171584,9.27098425760795,8.72644087160021,8.14257812556196,7.54379806687532,6.95057933896028,6.37848665722732,5.83799460653478,5.33491340558727,4.8711598276124,4.44566821128165,4.05532508838576,3.69587831091211,3.36279017191331,3.05197972786985,2.76037102077353,2.48616540709358,2.22880216896269,1.9886485824155,1.76653153070898,1.56325506176893,1.37922965159685,1.21427708838888,1.06760745585919,0.937915000670986,0.823528446094091,0.72257203167894,0.6331201021561,0.55334973640689,0.481688900699783,0.416942618892004,0.358362885762226,0.30562925001967,0.25873359188881,0.217793806829889,0.182854418177796,0.153735090586109,0.129970795542709,0.110851210616782,0.0955291514542768,0.0831521322352029,0.0729697300158298,0.0643936818416982,0.0570095003223874,0.0505562290066089,0.0448954283052219,0.0399801134854526,0.0358275956604838,0.0324901305377481,0.030021575811964,0.0284426877509443,0.0277127677984701,0.02771775013654,0.0282768672709501,0.02916640404396,0.0301510055378637,0.0310143706034234,0.0315839185301989,0.0317468521600526,0.0314592361894368,0.030746094232487,0.029691784664832,0.0284183029393802,0.0270536298447672,0.0256981983400175,0.0243998192549832,0.0231487385268868,0.0218954406960181,0.0205861642211065,0.0192019868255417,0.0177852122065816,0.0164427819403125,0.0153242869746862,0.0145838399421937,0.0143384265834418,0.014635736952941,0.0154387542582462,0.0166274355454979,0.0180149635304777,0.0193734025339514,0.0204663208560207,0.0210852223380945,0.0210858932291164,0.0204182460255753
9.77920525482189,10.1408391717249,10.3785400839242,10.4835022992205,10.4533449514967,10.2927182186124,10.0132144250356,9.63237574469804,9.17185183623253,8.65503319834227,8.10465314177324,7.54084175379685,6.9799420220141,6.43414225137336,5.91174835979969,5.41780276132832,4.95477456922836,4.52316264802186,4.12198982695529,3.74925207200185,3.40239078224846,3.07879424038983,2.77625942011201,2.49330777838013,2.2292724280481,1.98414775050974,1.75827384116631,1.5519764660687,1.36527918526505,1.19775196889768,1.04849799004131,0.916232537217596,0.799398045521067,0.696280929997912,0.605122581193155,0.524236869798151,0.452136040572604,0.387647821495145,0.329986699236297,0.278742539566358,0.233777282610907,0.195053289889483,0.162451126781378,0.13563687422507,0.114020178883339,0.0968067394474025,0.0831113918091081,0.0720845041403229,0.063006256768614,0.0553304047413884,0.0486817486035238,0.0428278010545207,0.0376465814128831,0.0330991632869246,0.0292074736465401,0.0260283846938667,0.0236213965498613,0.0220136215536943,0.0211717276055723,0.0209922695905828,0.0213122647344134,0.0219367073277069,0.0226710620034857,0.0233488390885729,0.0238487117722177,0.0241002341338851,0.0240826202952519,0.0238176556726081,0.0233583789628713,0.022772177422328,0.0221197400098005,0.0214356323360997,0.0207173067755262,0.0199302998148317,0.0190290431144304,0.0179870132646757,0.0168235362828163,0.0156150038719244,0.0144855880169493,0.0135797278050956,0.0130277315201253,0.0129155404894415,0.0132669445514227,0.0140395897951765,0.0151304741061468,0.0163870592546362,0.0176212713726652,0.0186290042133764,0.0192173099464005,0.019238694018449,0.0186261011260702
9.79557006350231,10.1149373909822,10.3098752425488,10.3757736548257,10.314292345157,10.1333913748386,9.84675663144961,9.472489804104,9.03117100303361,8.54364219849986,8.02898723878409,7.50313305981757,6.97828830632299,6.46316087024134,5.96367081366007,5.48378947422757,5.02620363567255,4.59267583029032,4.18415362757563,3.80078862107699,3.44202559677155,3.10683340282778,2.7940360347732,2.50262841347991,2.23195977291055,1.98173112553922,1.75183774031795,1.54214682832643,1.35230983886783,1.1816677752108,1.02925352403724,0.893852626180152,0.774077109575301,0.668429969919845,0.575364127226536,0.493357336828221,0.421010388764357,0.35715290787921,0.3009180169633,0.251745726048487,0.209302100815154,0.173334338491276,0.143516101036584,0.119339417104972,0.100090372367447,0.0849090262564525,0.0728985189996779,0.0632378726762012,0.0552575871971392,0.0484653784380545,0.042531079979253,0.0372532770340375,0.0325285296951168,0.0283285821569678,0.0246826015979762,0.0216535071041541,0.0193058604450349,0.01767072731509,0.0167189694374169,0.0163550012928657,0.016431784768143,0.0167815732261279,0.017248331868209,0.0177110349346241,0.0180930556271726,0.0183587992641162,0.0185046218085606,0.0185472867690399,0.0185128310989155,0.0184245770633855,0.0182907943028676,0.018095959994217,0.0177999860189584,0.0173505080139332,0.01670547445515,0.0158588958605144,0.0148581579602266,0.0138037023144261,0.012830276428179,0.0120756615451256,0.0116497872100479,0.0116139281214872,0.0119744189197323,0.0126874427173071,0.0136669465121517,0.0147909052856709,0.0159053896265201,0.01683328103952,0.0173941549128857,0.0174373029468418,0.016881282493678
9.77716952576864,10.0524102673658,10.2040062012652,10.2313064783327,10.1396683141703,9.93998642552614,9.64771606852667,9.28131663564673,8.8602585371826,8.4029511890006,7.92505090951954,7.43852890094297,6.95164608576091,6.46969032821336,5.99610506735764,5.53357023183226,5.08469910611375,4.65223098080079,4.23882269650126,3.84667749740537,3.47725585329312,3.13120955281312,2.80853830476159,2.50886061555805,2.23166065744923,1.97641925745034,1.7426172190184,1.52966430748349,1.33682824041503,1.16321012862823,1.00776989794706,0.869370794876331,0.746809979295478,0.638826553282599,0.544103552225889,0.461295182132996,0.389092763391132,0.326316215239314,0.271991891271648,0.225374126677897,0.185893561630373,0.153047286423362,0.126279208609715,0.104900784706734,0.0880840960411536,0.0749248568018917,0.0645409645701611,0.0561652867884815,0.0491982440677897,0.0432140282617802,0.0379337673111253,0.0331890442874859,0.0288943317514307,0.0250299065162375,0.0216289571867301,0.0187565132771541,0.0164782839266377,0.0148264787230157,0.0137753481201839,0.0132383900319931,0.0130865486926465,0.0131800058058986,0.0133982836516846,0.0136581111089987,0.0139158782151922,0.0141580283140619,0.0143882215318124,0.0146152826401533,0.0148445028991074,0.0150700956342914,0.0152682646608905,0.0153939271158658,0.0153846655254589,0.0151761644514715,0.0147255361981866,0.0140349109598934,0.0131640207533067,0.0122239598187904,0.0113534441242566,0.0106855353545479,0.0103187437005557,0.0103015530796366,0.0106326428506747,0.0112705878819582,0.0121429589585442,0.0131495180454918,0.0141602596419778,0.0150176158604415,0.0155518406330067,0.0156129791435957,0.0151126661472306
9.7210130528803,9.95231086550965,10.0623882566205,10.054091839943,9.93589113306836,9.72101693199064,9.42619498909135,9.06993333888401,8.67051832896311,8.24407532070918,7.80313963121964,7.3560922177717,6.90756590439622,6.4596210202498,6.01325288632272,5.56972812837746,5.13136846798493,4.70164939384079,4.28474257787507,3.8847987852726,3.50529153188952,3.14863589235624,2.81613433767918,2.50816342776495,2.22445382749947,1.96433922014239,1.72691894077761,1.51114593310198,1.31588344127475,1.13996061885378,0.982228366769489,0.84159242588338,0.717004050363565,0.607413890367123,0.511718096608002,0.428737238423881,0.357247593022592,0.296055001510438,0.244073133565426,0.200362413518452,0.164109190878655,0.134554417101456,0.110912663740896,0.0923237433810391,0.0778626887787305,0.0666030026025628,0.0577005967194779,0.0504627957696522,0.0443755418375638,0.0390894250542923,0.0343816906628767,0.0301176973096854,0.0262275044273743,0.0226952150396392,0.0195517265227994,0.016857409848305,0.0146734206187378,0.0130299280401489,0.0119045710354159,0.0112224360856157,0.0108754176952028,0.0107523013794827,0.0107642152346314,0.0108562939615744,0.0110046295667018,0.0112038702964977,0.0114550703789759,0.0117570546656993,0.0121020928836496,0.0124718584152361,0.0128321332107821,0.0131294159112064,0.013293928608675,0.0132542870003885,0.01296076641983,0.0124094041768458,0.0116551390264183,0.0108057252538135,0.00999768603231876,0.00936262136838395,0.00899823612180478,0.00895335802016156,0.00922905414639488,0.00978916584985143,0.0105697138526754,0.0114816205854153,0.0124075761619167,0.013202647646379,0.0137079661024846,0.0137811453869797,0.0133368493167942
9.62391604234172,9.81329484577225,9.88571112955158,9.8468856728017,9.70765884969615,9.48286602602655,9.18990567657349,8.8469637866326,8.47104167631301,8.07613290606755,7.67198797117069,7.26381550370488,6.85301263075115,6.43869420059389,6.01953580031361,5.59536912729724,5.1680948058794,4.74174924354633,4.32185899323606,3.91442085954278,3.52489562990527,3.15750458541805,2.81494180475548,2.49844890268767,2.20810417603162,1.94317358301004,1.70242510880803,1.48437403031893,1.28746891868649,1.11023084626442,0.951344781052266,0.80968851208845,0.684292579373541,0.574249822421987,0.478613964228729,0.396335171309855,0.32625737795871,0.267171541551325,0.217889444047513,0.177295180915779,0.144351787535436,0.118066751503596,0.0974490284439645,0.0814909919011313,0.0691942290876471,0.0596314472233426,0.052014258896727,0.0457375081578497,0.0403811185891516,0.0356766442025297,0.0314589879349718,0.0276263801542791,0.0241213256095257,0.0209265234309727,0.0180638015064014,0.0155817157915453,0.0135309130549482,0.0119361318630851,0.0107780111635146,0.00999494482668439,0.00950157092471578,0.00921473225756325,0.00907251724093949,0.00903948522833881,0.00909972172691451,0.00924473014535376,0.0094655791871382,0.0097506257296473,0.0100867804631701,0.0104579120969079,0.0108379878650421,0.0111830384378704,0.0114286683583783,0.0115007997430103,0.0113381924088141,0.0109191783573428,0.0102796623512303,0.0095122300302567,0.00874575114909698,0.00811265317787052,0.00771814599967319,0.00762161490491531,0.00783386777226884,0.00832515040770422,0.00903438648056476,0.0098740399163548,0.0107303045405916,0.0114664213203541,0.0119367662260811,0.0120146122530048,0.011627642232455
9.48255470197977,9.63351397107803,9.67360586641414,9.61071407672835,9.45724706676693,9.22887797808757,8.94306303281068,8.6172853263552,8.26714824588421,7.9046495598358,7.53707568969355,7.16687685736898,6.79262567547513,6.41082177895504,6.01802506822951,5.61270247127906,5.19629409910177,4.77329167224548,4.35045215714177,3.93551385436696,3.53586363237606,3.15751850071743,2.80459927990986,2.4792810051729,2.18207595283794,1.91227118678562,1.66838006933716,1.44853195014892,1.25077758266061,1.07330690843219,0.914577582867284,0.77334839306236,0.648622748572454,0.539530639956703,0.445194944489704,0.364634048218665,0.296729207699678,0.24025520649622,0.19394361527024,0.1565391019828,0.126826069093638,0.103624891429188,0.0857823442120802,0.0721806254636563,0.0617768834173454,0.0536629178986394,0.0471172868904471,0.0416266482186513,0.0368646680420013,0.0326414554930891,0.0288465889936287,0.0254081387241493,0.0222776631823727,0.0194321956723159,0.0168792799907785,0.0146501098548079,0.0127800221248912,0.0112852076447229,0.010148078719462,0.00932023632510026,0.00873863480532053,0.00834593037355319,0.00810230490343777,0.00798456712617396,0.00797672295831059,0.00806022461074091,0.00821246716116986,0.00841228320410908,0.00864715793688989,0.00891325510725999,0.00920513844400606,0.00950059104001828,0.00975005489131042,0.00988146948005453,0.00982128218423617,0.00952460383266058,0.00900026788769992,0.00831805166328592,0.007594508269613,0.00696242101391674,0.00653755022137192,0.00639412544462398,0.00655539525356939,0.0069971126278849,0.00765646744022691,0.00844098814649658,0.00923515431923002,0.00990921351385263,0.0103347043945018,0.010408182441041,0.0100783863483829
9.29430237825696,9.41135113261108,9.42528035629817,9.34541036906415,9.18494217822686,8.9596728931765,8.68655757600494,8.38203338724345,8.06019958001219,7.73116974626363,7.40004403700966,7.06688700097158,6.72783899648567,6.37713106021431,6.00946371737116,5.62208536160704,5.21601538255376,4.79615539962434,4.37039327089258,3.94808868450684,3.5384441060699,3.14919463801059,2.78585725979619,2.45156111889919,2.14731856027845,1.87253424123754,1.62557217038575,1.40426575233399,1.20632131748025,1.0296009704384,0.872285771007427,0.732922577958617,0.610368754748158,0.503668070925514,0.411904792192043,0.334087750034588,0.269094467978727,0.215678618264498,0.172516763265878,0.138260632916959,0.111574189192272,0.0911516896290277,0.0757340653130592,0.0641394382821199,0.0553130508286499,0.04838394864886,0.0427030650811719,0.0378451244585766,0.0335689792536382,0.0297538602620814,0.0263362395966557,0.0232687041344168,0.0205084678410667,0.0180243635851552,0.0158071615468892,0.0138680450142573,0.0122245042652142,0.0108820566773208,0.00982310819624876,0.0090105255730355,0.00840082141171554,0.00795853360082677,0.00766108730000947,0.00749260875112767,0.00743307354018252,0.00745174455965203,0.00751231259865659,0.00758593607099808,0.00766392112580613,0.00775894199929988,0.0078911151070456,0.00806552921169844,0.00825330410209174,0.00838986658529112,0.00839352743742927,0.00819820576377045,0.00778518155108909,0.00719878520575995,0.00653940460636768,0.00593621944369617,0.00551220429187832,0.00535380793872969,0.00549437679022609,0.00591263162021997,0.00654128565324141,0.0072806674854739,0.00801286514805309,0.00861692888457821,0.00898581809112875,0.00904489985930765,0.00876873874348347
9.05869595662141,9.14684005846487,9.1409221647903,9.05102132024392,8.89045291435661,8.67454337945016,8.41929748706759,8.13983773024857,7.84867837680218,7.5541394010263,7.25936187190226,6.96234196970413,6.65714364709878,6.33607339920472,5.99226119277354,5.62193861848785,5.22580219437311,4.80915737385752,4.38092920923675,3.95194714629778,3.53305752909969,3.13356068152091,2.76026810546068,2.41723187949043,2.10600583597784,1.82621131580109,1.5761918757027,1.35361023107973,1.15591935141043,0.980690050093162,0.825802797896746,0.689516201520758,0.570431587148353,0.467386049606133,0.379316083975494,0.305139040479296,0.243682243251427,0.193668151696305,0.153739970096324,0.12250194501153,0.0985574170841428,0.0805390981798393,0.0671425807074602,0.0571712255889252,0.0495919367759952,0.043587471445784,0.0385824014985049,0.0342299865214941,0.0303594687572487,0.0269041967843524,0.0238357068857762,0.0211237222828364,0.0187277176055954,0.0166075658119424,0.0147377327047713,0.0131100906699777,0.0117246281834471,0.0105757690991082,0.00964432185515585,0.00890133041348479,0.00831832502539666,0.00787638803755314,0.00756526435029869,0.00737321265522256,0.00727553461140583,0.0072310122863869,0.00719250690007578,0.00712591156611037,0.00702706061949171,0.0069240114326492,0.00686060666042237,0.00686861019078591,0.00694209125201514,0.00702972219395154,0.00704995325042401,0.00692406966446165,0.00661201073939505,0.00613456438409993,0.00557299107961501,0.00504601974824788,0.00467514327766499,0.0045507596633611,0.00471021904906654,0.00513210184385066,0.00574441352817667,0.00644221331672604,0.0071083545066044,0.00763418728289053,0.00793720085566538,0.00797374621549721,0.00774511479242522
8.77903416848968,8.84327241246757,8.82337027057224,8.72958330008933,8.57480447134118,8.37345035215784,8.14026338392492,7.88887653496498,7.63017789579197,7.37077463465534,7.1120344638902,6.85015310995066,6.57743826090431,6.28460640575779,5.96352253986753,5.60963519797673,5.22344595362766,4.81066956220882,4.38115742050058,3.94701065229185,3.52048039894263,3.11220494009183,2.73012178170139,2.37912631128058,2.06133024703385,1.7766681749916,1.52360710323216,1.29979044038644,1.10254042878814,0.929206252782412,0.777376239648989,0.644974849243782,0.530264536564611,0.431777607791734,0.34820955564793,0.278312788602852,0.220819022267145,0.174404376969198,0.137691527159528,0.10927265008541,0.0877411782477693,0.0717259196192767,0.0599331004636604,0.0511979377206855,0.0445407820366945,0.0392128368859987,0.0347113616203529,0.0307557994928445,0.0272277902996884,0.0240966755814525,0.0213547027075717,0.0189798870857596,0.0169304550164648,0.0151578269316965,0.0136230138254103,0.0123022367872898,0.0111811868359894,0.0102448962880561,0.00947197860866611,0.00883842873015422,0.00832538472324157,0.00792420418568296,0.00763172323496042,0.00743790182513748,0.00731450585752171,0.00721381578557684,0.00708260104063096,0.00688440942935209,0.00661884800001339,0.00632478833470446,0.00606325768908361,0.00588732065060997,0.00581287712524994,0.00580658406169182,0.00579690315646281,0.00570458625826907,0.00547857167921795,0.00512118018495961,0.00469269757541393,0.00429341235636878,0.00403202428050103,0.00399194582402618,0.00420714060415155,0.00465376136004449,0.005257518654046,0.00591336939890921,0.00651030826893659,0.00695545940344773,0.00719146189351591,0.00720381761632546,0.00701767094857238
8.46343341428041,8.5083259297251,8.47938988772226,8.38659741169467,8.24203773923764,8.05893774480701,7.85060157991981,7.62909204394995,7.40367600617172,7.17933305922333,6.95582131531718,6.72777399754048,6.48603983327028,6.22007143802294,5.92077860532565,5.58306839316791,5.20737523923535,4.79981126729,4.37100518278396,3.93407608334914,3.50237635410837,3.08759220039319,2.69856660360417,2.34092259209045,2.01732696313319,1.72811944047747,1.47204074095955,1.24688076724338,1.04997456276073,0.878546200595224,0.729932670771217,0.601714810837036,0.49177093660583,0.398265139815117,0.319586354411678,0.254266187691274,0.200901727775582,0.158103802323757,0.124476005055172,0.0986183945129326,0.0791490023923663,0.0647359598482756,0.0541409041345189,0.0462699272284914,0.0402242139838924,0.035336122069016,0.0311740340541553,0.0275111712518057,0.0242634803482664,0.0214177511285685,0.0189718948024891,0.0169026954519639,0.015163341491255,0.0136977344961632,0.0124575119898424,0.0114087817887597,0.0105283048371254,0.00979543601982857,0.00918749612597081,0.00868301529493931,0.00826749396589936,0.00793603954296562,0.00768699157514707,0.00750941843386388,0.00737290876407454,0.00722782122141546,0.00702034391844969,0.00671517014095344,0.0063148619957559,0.00586350909568772,0.00543071146417456,0.00508261087241173,0.0048527585314716,0.0047279613266899,0.00465505460493476,0.00456614379926425,0.00441039276313648,0.00417820192700358,0.00390851694954319,0.00367634014052535,0.00356710788167683,0.00364720390069101,0.00394116035613572,0.00442233955870032,0.00501871926943898,0.00563192716458166,0.00616269219307744,0.00653574850453319,0.00671627117473278,0.00671325953044051,0.00656984213223156
8.12475869032698,8.15413678026916,8.11996485905021,8.03159706755953,7.90007803453831,7.7372989051484,7.55505967419487,7.36384945282673,7.17136246789387,6.9810527855313,6.79123320559999,6.59520682949607,6.38265546467058,6.14209005544149,5.86376871007376,5.54228421675858,5.17810448614366,4.77768598102848,4.35223411650969,3.91557706733292,3.48181389127824,3.06334794108014,2.66967928721713,2.30702692612214,1.97860239316558,1.68523973471495,1.42610369642366,1.19929963816113,1.00232739672724,0.832398806924924,0.686665857551737,0.562389846524007,0.45705760800911,0.368438643243194,0.29458061948387,0.233759176530113,0.184406594543039,0.145047103741139,0.114255598104077,0.0906435716721088,0.072869869662752,0.0596678375855383,0.0498848981191284,0.0425266144771863,0.0367961614015554,0.0321172504420455,0.0281280902196791,0.0246451295712647,0.0216028171817575,0.0189886866691889,0.0167922229931942,0.014979544660188,0.0134945770515252,0.0122741400521623,0.0112644128635812,0.0104272953498867,0.00973688909585649,0.0091718831591609,0.00871068389971696,0.00833335728213558,0.00802564289266608,0.00778050150893123,0.00759221444503244,0.00744583698978357,0.00730929885413573,0.00713485659523933,0.00687334562120101,0.00649449937721872,0.00600397064109601,0.00544647618016503,0.00489193623036183,0.0044104501497866,0.0040466600125042,0.0038061296675535,0.00365847610243925,0.00355568841694504,0.00345648110455299,0.00334587731961949,0.00324293706376594,0.00319367890404652,0.00325358434346196,0.00346569432773042,0.00384221133004874,0.00435554168405847,0.00494149871413668,0.00551483726787641,0.00599200079026921,0.00631453817659869,0.00646447224610869,0.00646592136060184,0.00637253313492338
7.77920060579305,7.7960765752586,7.7593382506546,7.67749261529808,7.56040036593929,7.41855795276183,7.26226298939965,7.10047610067252,6.93940153081155,6.78109483507754,6.62260784576532,6.45616220573558,6.27057508231858,6.05373768887961,5.79554483519495,5.49047042872988,5.13907027819315,4.74803808957853,4.32890241795418,3.8958484619698,3.46333971867827,3.04415468700304,2.64820362435633,2.28217737467652,1.94982868229853,1.65257678911459,1.39015683448086,1.16115213816913,0.963375515048568,0.794143151048315,0.650502194323309,0.529441759402979,0.428079008468815,0.343792348083234,0.27427898484171,0.217540950865835,0.171823537745281,0.135541991821989,0.107224542854643,0.0854845158855877,0.0690223142207569,0.056646833361252,0.0473078325955555,0.040128189738726,0.0344273123143163,0.029727499087736,0.0257358935949827,0.0223042884848688,0.0193734026685411,0.0169180578110902,0.0149073343906404,0.0132879543772163,0.01198984818893,0.0109419438446446,0.0100874208523641,0.00938866052417275,0.00882271880517183,0.00837271762756997,0.00802140058392575,0.00775089547932034,0.00754489250151861,0.0073899449066806,0.0072716222429644,0.00716770074243051,0.0070438462322558,0.00685644755558357,0.00656495952913488,0.00614783988276565,0.00561507612021186,0.00500946660320922,0.00439502475061576,0.00383753264675706,0.00338496822530063,0.00305689249810376,0.00284529903771644,0.0027256939362601,0.00267219416386533,0.00267003730742255,0.00272172890742622,0.00284474965656348,0.00306315877486571,0.00339526561710832,0.00384153714144417,0.00437672137451092,0.00494948343912185,0.00549210244097051,0.00593792718045715,0.00624181433746769,0.006394956803705,0.00642730201139313,0.00639573114063777
7.44375844664846,7.45045868353433,7.41297193954179,7.3387956678798,7.23651628216745,7.11520865774188,6.9836910452499,6.84945924207191,6.71733252323214,6.58812385792974,6.45784144973519,6.31790438860985,6.15658615997588,5.96147975570253,5.72238226237394,5.43380161418663,5.0963822187967,4.71689486103417,4.30689709447561,3.88055918224279,3.45232964966518,3.03504125893424,2.63879780785371,2.27066663178701,1.93495685702567,1.63376845736302,1.36754529594983,1.13549589143388,0.935878871321133,0.766222052923941,0.623547845847912,0.504629464653118,0.406251137549857,0.325420425615196,0.259489645860656,0.206179911753443,0.163532373820454,0.129830961930528,0.103535257276554,0.0832437190859687,0.0676898386429279,0.0557580494901419,0.0465066804976829,0.0391847795210459,0.0332357645306623,0.0282845418233342,0.0241063367020458,0.0205829446194047,0.0176529312746128,0.0152687091754436,0.0133696772158458,0.0118755797183653,0.0106972269636395,0.00975325322610082,0.00898400320634929,0.00835455720063816,0.00784839903397334,0.00745684579572586,0.00717005879702859,0.00697386848211717,0.00684977630831967,0.00677621269415768,0.00672746482514885,0.00667163137538573,0.00657086678446117,0.00638612870394756,0.00608742013454444,0.00566439848165834,0.00513299710532522,0.00453349752222348,0.00392049836630215,0.0033493729110462,0.00286409277445601,0.00249151954153926,0.00224172175653548,0.00211275518169965,0.00209632225126741,0.00218208783259294,0.0023607842983194,0.00262559447744149,0.00297252872076245,0.0033980689760604,0.0038939915722784,0.00444073748501446,0.00500280602207551,0.00553125152988235,0.00597448275750183,0.00629524418862909,0.00648590673301691,0.00657407393699531,0.00661444477880967
7.13331971205598,7.1318082631979,7.09499298939967,7.029218672353,6.94170369099833,6.84005863915032,6.73163022909608,6.62250980196468,6.51625099037172,6.41261033847655,6.30680756609675,6.18977138035675,6.0495695701493,5.87381200795978,5.65243374827055,5.38008375492105,5.05744664759385,4.69117215825126,4.29253718960956,3.87533695401485,3.45366185572171,3.04012909788764,2.64487213793898,2.27528146371185,1.93626079852983,1.63068835321419,1.35983970392507,1.12367068633767,0.920992014035329,0.749628898982854,0.606645792822196,0.488650984944284,0.392132850022205,0.313751395839456,0.250523098199955,0.199883690619113,0.159655146789013,0.127969336179973,0.103196206507658,0.0839025651703855,0.0688446847798335,0.0569786129446973,0.0474718756129576,0.0397023518303015,0.0332399227682818,0.0278129161914298,0.0232632622466089,0.0194992954083473,0.0164523415383034,0.0140463164382797,0.0121845257923752,0.0107536736398598,0.00964033157614869,0.0087490780015842,0.00801517776089755,0.00740558926432244,0.00691056537370419,0.0065308000137469,0.00626557964233554,0.00610636626358835,0.00603428787110047,0.0060209939602226,0.00603005942247842,0.00601961702429743,0.00594740205710162,0.00577793471075783,0.00549123743357532,0.00508840316516773,0.00459204850818409,0.00404035610652681,0.00347754596438671,0.00294546351448267,0.0024787950149984,0.00210520650174645,0.00184675566882542,0.00172008631576175,0.0017337867029005,0.0018846600560124,0.00215697392100211,0.0025261508806223,0.00296655580469979,0.00345815656652501,0.00398779482734364,0.00454362322157746,0.00510609544615034,0.0056430388864547,0.00611370832000725,0.0064827226851927,0.00673698079527722,0.00689623835758341,0.0070104873662179
6.85821521650069,6.85051567328412,6.81589038574129,6.7593642759391,6.68665331505151,6.60381859561325,6.51671295748597,6.43007504410939,6.34632641045627,6.26438366066924,6.17896723322406,6.08085177889975,5.95824143389264,5.79905884661563,5.59357540783642,5.33664469103191,5.02890877251058,4.67668638585155,4.29068242777066,3.88400455693632,3.47010995484251,3.06120470004905,2.66735318739123,2.29625971320629,1.9534778027073,1.64275257267138,1.3662864252141,1.12486722557085,0.917926174101357,0.743639564449384,0.59915698544687,0.480956998697063,0.385259261822837,0.308393308456842,0.247045168022875,0.198359492303172,0.159925502621465,0.129706364564369,0.105967259942012,0.0872325327418557,0.0722752369355539,0.0601205333702969,0.0500441727590183,0.0415518558350395,0.0343382313068444,0.0282327951842207,0.0231417653656879,0.0189976339968839,0.0157219888824727,0.0132073096681139,0.0113172220809047,0.00990123988511904,0.00881730613834281,0.00795166635401695,0.00723056422627522,0.00661932310191415,0.00611200931151237,0.00571662672652462,0.00544092294875553,0.00528317965667191,0.00522719846923833,0.00524208573120677,0.00528488552596362,0.00530652971234413,0.00526083108375262,0.00511418840613687,0.00485379380566231,0.00448958600754851,0.00404962158177388,0.00357023523142885,0.00308612098747063,0.00262559801579001,0.00221201547023633,0.0018695203370353,0.00162657234389887,0.00151341730318718,0.00155305741262532,0.00175059461588675,0.00208848312156046,0.00253121991885179,0.00303863668593035,0.003579791703889,0.00413956080428529,0.00471384208553466,0.00529650737845949,0.00586778997513546,0.00639247507121054,0.00683173822932258,0.00716268264845502,0.00739484471424451,0.00757376969075986
6.62298489081284,6.61156955433641,6.58113804316309,6.5351789423499,6.47772057498567,6.41314997537418,6.34578526789061,6.2790688505952,6.21444626203694,6.15023952919396,6.08098066544322,5.99762992483545,5.88885026264436,5.74313440900736,5.55124242000579,5.30825845979738,5.01468548106685,4.67632115770782,4.30306191181747,3.90709727707417,3.5010700663745,3.09666778888386,2.70385350471448,2.3306708974942,1.98337991004129,1.66665446305456,1.38367403790209,1.13609167543907,0.923978710929674,0.745876055711869,0.599031796193623,0.479809579588986,0.384174195589042,0.308133626796615,0.248044862128087,0.200755835137183,0.163613595108989,0.134403655921111,0.111281071447487,0.0927266253796459,0.0775316952118688,0.0647920614402342,0.0538910347699433,0.0444587144375607,0.0363093175013304,0.0293682752372953,0.0236022676962692,0.0189659927804009,0.0153706867649726,0.0126771007079018,0.0107083312589968,0.0092749040332174,0.008203420315057,0.00735830982551139,0.00665258097655075,0.00604496367089524,0.00552788866774284,0.00511153982858764,0.00480863604824922,0.00462378419241599,0.00454661051201169,0.00454986348317421,0.00459139071663084,0.00462091035492052,0.00459091119850528,0.00446822668714969,0.00424278355948315,0.00392817597103351,0.00355428248208167,0.00315483428327884,0.00275678016480035,0.00237755495243626,0.00203059478209072,0.00173538742020907,0.00152319161070982,0.0014332949656591,0.00149974557187085,0.00173549737157769,0.00212415914787675,0.00262473801145701,0.00318851914422322,0.00377814506484944,0.0043781529759894,0.00499065185180121,0.00561893166189159,0.00625043365137076,0.00685041038974222,0.00737271015738639,0.00778255154282016,0.00807915727616208,0.00830537080435384
6.4266612317938,6.41467775342108,6.39108205172616,6.35756301263672,6.31624633299306,6.26971370258924,6.22072366650933,6.17151040702787,6.12273427795047,6.07239179507721,6.01513834953762,5.94243258018289,5.84366788560562,5.70810200227495,5.52708001204704,5.29591156802377,5.01487131282862,4.68909622244702,4.32752515491001,3.94130806208743,3.54220278112907,3.14136270620341,2.74867569956486,2.37256883902896,2.02004598281811,1.69672455209732,1.40674909103486,1.15260641350897,0.934970472254171,0.752715759379266,0.603171289787943,0.482581615864487,0.386660702678045,0.311100827476931,0.251933382082942,0.205710156499743,0.169536165028136,0.141022005847758,0.118219314879333,0.0995747218634535,0.0839067892706951,0.0703867986726597,0.0585046917690184,0.0480088241113017,0.0388241882272887,0.0309638714711741,0.0244495618332742,0.0192562133070654,0.0152854481161239,0.0123682078032481,0.0102888358422462,0.00881980098788404,0.00775625543152919,0.00693955357812698,0.0062667495896388,0.00568543170757363,0.00518008377795807,0.00475596641292758,0.00442476174648454,0.00419467475877766,0.00406315554058217,0.00401313455168506,0.00401230867701907,0.00401754824978307,0.00398471031806623,0.00388061865749162,0.00369308985833117,0.00343268114210704,0.00312568909729632,0.00280136192229613,0.00248089952823755,0.00217517849216291,0.00189184322554051,0.00164745898777569,0.00147467004802798,0.00141816875358112,0.00151921410150582,0.00179660483999278,0.00223594560556264,0.00279402383976993,0.00341772448324046,0.00406641566108756,0.00472508806034952,0.00540020490564209,0.00610068107601694,0.00681670914718567,0.00751013082744268,0.00812494912140005,0.00861353419961908,0.00896512922794172,0.00922106195956941
6.26433694761977,6.25558872290369,6.24197948858416,6.2231196311204,6.19903437033613,6.17041351888109,6.13849202532375,6.10444466824322,6.06838087372583,6.02825267787472,5.97912431584413,5.91320396061209,5.82080313736158,5.69205356967414,5.51891645944896,5.29689637153523,5.02597508233486,4.7105625448073,4.35860006455897,3.98020047073362,3.58628116190892,3.18753190861817,2.79383590872812,2.41404771694768,2.05591477699585,1.72594951972632,1.42917566754458,1.16881097669825,0.946034663861777,0.759979959217212,0.608011865431632,0.48623855958778,0.390125201692947,0.315060114034501,0.256763719770124,0.211506514657942,0.176167016212368,0.148198294019346,0.12556747426738,0.106704921076154,0.0904694686735497,0.0761130602262361,0.0632287122701645,0.0516727964558482,0.0414681274831552,0.0327039797656479,0.0254498722258546,0.0196988183875293,0.0153445120583264,0.0121918040553858,0.00999045750618643,0.00847866745379655,0.0074232185275982,0.00664444465738562,0.00602379604795233,0.00549551394268355,0.00503099939713515,0.00462328249912541,0.00427556699298437,0.00399477507412921,0.00378602460314313,0.0036474886950309,0.00356534928436347,0.00351262968743926,0.00345452260468292,0.00335872305955986,0.00320695339463312,0.00300021585725485,0.00275545412610481,0.00249506375105396,0.00223635623596202,0.00198849775574685,0.0017586267274729,0.00156359693359309,0.00143730007801093,0.00142679732243777,0.00157639466082035,0.00190752259366156,0.00240686895113587,0.00303045145732619,0.00372349182105794,0.00444457040991991,0.00518016122066775,0.00594027511905391,0.00673725290297164,0.00756131578887766,0.00836841990538393,0.00909083234286726,0.00966665215908559,0.0100738698513038,0.010350987186772
6.12935190961485,6.12802559452314,6.12769544706127,6.12565114477467,6.11969427027327,6.10863311362326,6.09231346940128,6.07107807378693,6.04476033613793,6.01154117101362,5.96712305874141,5.90462142308165,5.81534304431621,5.69030009130735,5.52203068296869,5.30618293018442,5.04241591833276,4.73442977148413,4.38924298114829,4.01605591890046,3.62509596969189,3.22673111525893,2.83093820336278,2.44702856228512,2.08344467954596,1.74747756379681,1.44487084383557,1.17940327836076,0.952608681073153,0.76376785660444,0.610217335729426,0.487906661814448,0.392060576702227,0.317789476903554,0.260536267712758,0.216325183561052,0.181842481782557,0.154416044691231,0.131957226185167,0.112902394509449,0.0961633628776422,0.0810741631116442,0.0673219276554667,0.054855258415332,0.0437772199455542,0.0342386300031563,0.0263479855909226,0.0201137645422688,0.0154239990960648,0.0120624945345061,0.00975056046800304,0.00819845760499627,0.00715083063544447,0.00641269236631992,0.00585413491716347,0.0053975725874339,0.00499920356554408,0.00463430084951677,0.00429035659133847,0.00396676523611517,0.00367361788541266,0.00342639545004414,0.00323578250461276,0.00309840351939572,0.00299458683883831,0.00289486122443183,0.00277268830400113,0.00261488008286101,0.00242463260393558,0.00221570904288065,0.00200326083413366,0.00179904792914924,0.00161440653561531,0.00146932247108217,0.00139868185248473,0.00144886328372871,0.00166291456090034,0.00206126926888744,0.00263012707085197,0.00332551060373124,0.00409336316383277,0.00489424977873867,0.00571822944713392,0.00657980221492987,0.0074945871992686,0.00845191162810947,0.00940033656152009,0.0102581975188624,0.0109461905160772,0.0114269125982128,0.0117312970602329
6.01528685312797,6.02550072147314,6.04140470205416,6.05781844249903,6.07031956134192,6.07597464448714,6.07348671710982,6.06266759023904,6.04337167099362,6.01424886029906,5.97178769086061,5.91005530654526,5.821309249321,5.69734369686067,5.53116773194057,5.31850585991844,5.05870110501951,4.75483933773559,4.41319232476009,4.04227446580465,3.65185551707543,3.25217207315691,2.8534036720104,2.46532478013771,2.09697795926966,1.7562589112908,1.4494148287153,1.18056705082835,0.951417828329232,0.761263059996114,0.607338301508165,0.485415455031997,0.390499292853119,0.317466359689963,0.261536378985133,0.218542798781849,0.185030862035973,0.158247051663994,0.136080746225336,0.116995833475814,0.0999648873052069,0.0843984596994458,0.0700616855781955,0.056973582043818,0.0452955281591157,0.0352225051878628,0.0268917001811179,0.0203239696853033,0.0154041569458187,0.0119008413570384,0.00951430390044594,0.00793503496364978,0.00689415403647869,0.00619005056872463,0.00568930700658377,0.00530806939062711,0.00498926660234919,0.00468828937145643,0.00437167639532554,0.00402505462624309,0.00365870508142133,0.00330380685607473,0.00299734318787215,0.00276346839341285,0.00260164861923302,0.0024875517527258,0.00238636873478559,0.00226913421325378,0.00212369955932615,0.0019550397021133,0.00177793604939169,0.00160976580006265,0.00146879986763604,0.00137911838021632,0.00137512960055702,0.00149912514041734,0.00178894772427429,0.00226112576745194,0.00290055172198911,0.00366466124316178,0.00450308241635741,0.00538185263490934,0.00629773464159732,0.00727197324421801,0.00832469634887142,0.0094444464045237,0.0105711240757618,0.0116061002638586,0.0124476130784777,0.0130360469665377,0.0133871753861826
5.91713672272974,5.94243704958487,5.97675630805452,6.0124294213809,6.0429529228499,6.06391896774702,6.07322569795099,6.07049765770588,6.05589660164892,6.02872232643298,5.98630200222377,5.92358588374725,5.83362752305616,5.70881661655612,5.54247565949451,5.33032938667196,5.07144173699399,4.76843809461227,4.42708905151572,4.05551311057801,3.66329920015843,3.26076164894282,2.85838565784262,2.46639106820923,2.09429284923441,1.75038525571813,1.44117712214256,1.17089774370796,0.941224630624433,0.751336768124989,0.598302301110908,0.477706712234588,0.384368592371995,0.312989994574736,0.258637344086572,0.217022412080274,0.184610248198863,0.158613843426452,0.136932943544199,0.118074643136654,0.101071900197365,0.0853978675725404,0.0708725817914969,0.0575586933300098,0.0456508773290308,0.0353691502964105,0.0268681372575011,0.0201774870204063,0.0151811980680701,0.0116386858828807,0.0092372046854492,0.00765647544585046,0.00662379155873538,0.00594109803169446,0.00548147629555273,0.00516343146597464,0.00492244718666164,0.00469604859202999,0.00442798812144274,0.00408549642719036,0.003673398558014,0.00323371835051411,0.00282685047080949,0.00250378319509753,0.0022840502272931,0.00215014784264561,0.00206079137925647,0.00197294830650446,0.00186090451344539,0.00172283618405827,0.00157515743062414,0.00144228632369821,0.00134955747917839,0.00132358195667542,0.00139529210870545,0.00159938255099566,0.00196570736013876,0.00250585604430692,0.003204510193015,0.00402337843964033,0.00491953349185389,0.00586821814086108,0.00687597032628606,0.00797293375098359,0.00918491717686599,0.0104997063863619,0.0118470185110453,0.0131076678331608,0.014151522715477,0.0148889370769713,0.0153120403056198
5.83145594501557,5.87439566765194,5.92827339828872,5.98307194680103,6.03047580280435,6.06495696698987,6.08398528356181,6.08733214598847,6.07570288988804,6.04915009554891,6.00580113847396,5.94133148731436,5.84936095260711,5.72263633019651,5.55461091677605,5.34093357697712,5.08044449778342,4.77548876466236,4.43160492603385,4.05681788962737,3.66080970295424,3.25416553755809,2.84775659096187,2.45220963222693,2.07737318127357,1.73173625537775,1.42184291921969,1.15182043826768,0.923156452093441,0.734807268935084,0.583628438521156,0.465025681060101,0.373675650386183,0.304172055949292,0.251501843032964,0.211325303701114,0.180085927026978,0.155005479813419,0.134017940766749,0.11567943224601,0.0990734851026427,0.0837144457030216,0.0694492945144392,0.0563550619974653,0.0446337636500121,0.0345109921733387,0.0261472548159645,0.0195770144726798,0.0146854533060884,0.0112287814072947,0.00888925566785226,0.00734474038146893,0.0063280320268424,0.00565432101060082,0.0052131232798267,0.00493494423133134,0.004756138457069,0.00460210912766673,0.00439600826507469,0.00408502087606044,0.00366366166789912,0.00317813551619922,0.00270552452436618,0.00231846407613534,0.00205394701458066,0.00190156858857715,0.00181631613650801,0.00174540112682028,0.00165424237491252,0.00153811607218307,0.00141720980467552,0.00132285357615164,0.00128514377235836,0.001329482257517,0.00147935564666016,0.00175898326798164,0.00218942884381748,0.00277890956770355,0.00351533515375457,0.00436894645257744,0.00530818556609661,0.0063202918967131,0.00742302237874658,0.00865578456101383,0.0100497486335551,0.011591077084419,0.0131976061926921,0.0147265302771325,0.0160145517476504,0.0169356884934158,0.0174515877205078
5.75572643292875,5.81762060531163,5.89112530305651,5.96413021567745,6.02685181430443,6.0730139634978,6.10000159067369,6.10799816907176,6.09840357235821,6.07204267731091,6.02773675203263,5.96168334227972,5.867816929387,5.73900018667152,5.56864308315429,5.35225299397771,5.08850514671518,4.77963398321485,4.43118733869916,4.0513553281036,3.65013443442469,3.23852236927682,2.8278180895555,2.42900082317559,2.05212526900538,1.70570913173345,1.39616216542164,1.12736496531406,0.900512822875404,0.714284821465732,0.565313907337575,0.448851497634081,0.359481713391048,0.291751594063208,0.240632054506148,0.201788540198282,0.171686555303083,0.147583584750357,0.127457331858117,0.109906662705129,0.0940471464483865,0.079408036223979,0.0658338235445175,0.0533874047372784,0.0422536929308086,0.0326455731134344,0.0247182836523346,0.0185069552209807,0.0138996947381504,0.0106553217137723,0.00845896510101829,0.0069949018515435,0.00600924178021273,0.00533778923721551,0.00489397897440669,0.00462840787139718,0.00448684840923455,0.00439056053793263,0.00424787493790746,0.0039879361210049,0.00359242150814765,0.00310520077614368,0.00261135061407319,0.00219680842332504,0.00191040786441311,0.00174737743705877,0.00166168875005629,0.00159637787193445,0.00151432003311625,0.00141277776427973,0.00131765091842528,0.00126578511910293,0.00128809864592946,0.00140393659894378,0.00162546820457077,0.00196501428468822,0.00243643929890228,0.00304868897445185,0.0037981653924043,0.00466841614180889,0.005642205762597,0.00671935840482574,0.0079274262276729,0.00931261300525021,0.0109089953022841,0.0126993074910491,0.0145883312128169,0.0164085545474791,0.0179618614138128,0.0190833990195705,0.0197011711703269
5.68749202781902,5.76837662358319,5.86065851616511,5.95047251730972,6.02691651593371,6.0832784785527,6.11709853775802,6.12911914346018,6.12147980605719,6.09572405934154,6.05122947659419,5.98452080821957,5.88963191388996,5.7593477299733,5.5869020495169,5.36761520423037,5.10004555452544,4.78644231251387,4.43253049288141,4.04683232455733,3.63978499162829,3.22285924950334,2.80777146214224,2.40578583453038,2.0270644100287,1.68005190070824,1.37094215495067,1.10332023449273,0.878074962800254,0.693623153237759,0.546410027175996,0.4315783632436,0.343668828753025,0.277228806798921,0.227253892067761,0.189445598902022,0.160309943913682,0.137145018946442,0.117964258225602,0.101390963630304,0.0865478247945835,0.0729513047872243,0.0604160720176491,0.0489660834467035,0.0387482730029177,0.0299468842034408,0.0227016953806822,0.0170444442888896,0.0128678106472167,0.00993911818855447,0.0079542553340981,0.00661147783288463,0.00567597679092441,0.00500806524237912,0.00454832430791896,0.00427168771494291,0.00413967946115673,0.00407749389242218,0.0039866395869953,0.0037835909426942,0.00343785508490361,0.00298639432360109,0.00251386236407297,0.00211007646413447,0.00182844394616376,0.00166693506309296,0.00158044423412651,0.00151322318065325,0.0014319121420808,0.00134037635583895,0.0012714852164295,0.00126533609553432,0.00134915922007359,0.00153159355214932,0.00181077565210028,0.00218760141936516,0.00267240646348188,0.00328054309328465,0.00402268670889991,0.00489967080611298,0.00590953792659954,0.0070624945223341,0.00839146403098729,0.00994439908476586,0.0117542409530899,0.0137983332155689,0.015968723463406,0.0180751927352149,0.0198874360442259,0.0212039593126738,0.0219202795908758
5.6238149056526,5.72256834750207,5.83210766999297,5.93717358191711,6.02603516182343,6.09173575415415,6.1320609472707,6.14831589644557,6.14331862506441,6.11922670580646,6.07584405427432,6.00988333431336,5.91534544272021,5.78482945514451,5.61132481653921,5.38994578084359,5.11916170365258,4.80129603109068,4.44231706780323,4.05112511482912,3.63860456197606,3.21666146214422,2.79735896880192,2.39216593058812,2.01128803679704,1.66307029102533,1.35350905731297,1.08595225505698,0.861065800947534,0.677094863020255,0.530379248988824,0.416017957583027,0.328552973402895,0.262558466051351,0.213066180377437,0.175813172217078,0.147335521760926,0.124953306809886,0.106691099545057,0.091168936947343,0.0774888229012962,0.065128813004867,0.0538513816247,0.0436224240828547,0.0345347204417844,0.0267308288218608,0.0203260627667468,0.0153449283425651,0.0116864054766767,0.00913254613561515,0.00739820814208014,0.00620277466774899,0.00533438091299815,0.00467808076497378,0.00419987664157717,0.00389813225575775,0.00375239145203583,0.00369784307544274,0.00363747218314503,0.00348260127290489,0.0031942853226495,0.00280095497340055,0.00238055783978003,0.00201842788614126,0.00176537428948979,0.00161862840281435,0.0015349298025264,0.0014638556975958,0.00138069357353385,0.00129913574808938,0.00125920683671576,0.00130157052460919,0.00144570772538774,0.00168618222165712,0.00200614538738858,0.00239722031136887,0.0028708969104394,0.00345457709912056,0.00417785399498936,0.00506085093408346,0.00611548475798818,0.00735788230538831,0.00882015027549186,0.0105459497372306,0.0125630086039998,0.0148423674607243,0.0172658538227883,0.0196257809731827,0.0216662311661095,0.0231553362988287,0.0239606102909378
5.56136094805948,5.67590784131901,5.80073517611035,5.91952593630239,6.01991161115217,6.09473635765952,6.14196312941841,6.16332727460779,6.16217677067407,6.14115344632532,6.10039310760432,6.03673838577679,5.9441285395176,5.81496834252087,5.64200699141809,5.42016224425988,5.14782056925866,4.82737020426631,4.46498456306584,4.06986607191665,3.65323371510838,3.22729414416005,2.80432682097875,2.39591001943624,2.01225910655104,1.6616588683043,1.35001547875949,1.0805933912397,0.854005689988595,0.668483044370919,0.520383031040842,0.404840906322384,0.316438575177278,0.24978272502902,0.199924772462224,0.162607940440078,0.134362773380603,0.1124939475754,0.0950011897814332,0.0804692079838811,0.0679528512357096,0.0568712500192292,0.0469190278400395,0.0379913040225145,0.0301153332423534,0.0233816871653462,0.0178732272730906,0.0136034828732744,0.0104794341515858,0.00830433395395902,0.00682056818751486,0.00577563042517348,0.0049830882831231,0.00435000694151971,0.00386171764862331,0.00353405918905791,0.00336215009974127,0.00329380248064609,0.00324020387953305,0.00311540325316495,0.00287763963438216,0.00254801722258141,0.00219451761350919,0.00189220638494142,0.00168378108503613,0.00156272423936993,0.001487800567952,0.00141631107416021,0.00133489254259725,0.00126830155074181,0.00126274445146646,0.00135681548779747,0.00155939557017609,0.00184947624449144,0.00219601727412994,0.00258436606974752,0.00303134218803841,0.00358023256497872,0.00428161364021115,0.00517433076475046,0.00628092453872103,0.00761826613428021,0.00921189127450275,0.0110964339483813,0.0132921403150159,0.0157648769658819,0.018390920618712,0.020952589803777,0.0231771441727868,0.0248105372729201,0.02569799259176
5.4970513590716,5.62456796552438,5.76237198257181,5.89337794613074,6.00467202781788,6.08881824687158,6.14376280155704,6.17143843759663,6.1755179836866,6.15899239210738,6.1222770008548,6.06236279267395,5.97319017240598,5.84704713022088,5.67650919751773,5.45633406114068,5.1848179614124,4.86435372093977,4.50120307381299,4.10470195830098,3.68620004284143,3.25799424558738,2.83240063659585,2.42099440304652,2.03398087861937,1.67966417434341,1.36402382289225,1.09045573515033,0.85974601200614,0.670310494623394,0.518673001610421,0.400093067414317,0.309224872391777,0.240697811691253,0.189547060354612,0.15147401449602,0.12295359120617,0.101228997466352,0.0842364606071084,0.0704957091486651,0.0589938626382669,0.0490781425589077,0.0403671390165738,0.0326786298440001,0.0259671314347403,0.0202630519603226,0.0156093485964753,0.012004465225799,0.00936447451835914,0.00751984301933623,0.00624876428974408,0.00533345179374833,0.00461450917078177,0.00401653390633233,0.00353535402507277,0.00319477448650152,0.00299912211876355,0.00290778403621822,0.00284407272866516,0.00273120961035844,0.00253043279904746,0.0022584158026947,0.00197266411821861,0.00173526985053185,0.00157788294558346,0.00148860581321686,0.00142826520563799,0.00136280889699794,0.00129078177431943,0.00124733956559192,0.00128303402319579,0.00143227943673778,0.0016921449031379,0.00202649483461087,0.00239211877237769,0.00277081223735803,0.00318692619056932,0.00370029514400311,0.00438118717966367,0.00528418476073882,0.00643851845465804,0.00785785661116675,0.00955810007053697,0.0115634332797634,0.0138874237553103,0.0164941417215466,0.0192602331180527,0.0219658948779576,0.0243301672991335,0.0260844363437851,0.0270564139885802
5.42891294320651,5.56598829870453,5.71409648064532,5.85563105273414,5.97716239732592,6.07082390806451,6.13428768092502,6.16940449538753,6.1799434904105,6.1691113706757,6.13757533211762,6.08253471920716,5.99804392513177,5.87640069423956,5.7101127327521,5.49383712342745,5.2257762174008,4.90825201943503,4.54746744291382,4.15268375447385,3.73513542087784,3.30696124551073,2.8803048452889,2.46660769659576,2.07603875704675,1.71700407712569,1.39572971949853,1.11597040750914,0.878922797253738,0.68339581240333,0.526231336304397,0.402899625060871,0.308154196360961,0.23663037961978,0.183304874519052,0.143785573623252,0.114441851062045,0.0924136420155739,0.0755426789141896,0.0622637856773562,0.0514860266790431,0.0424811370173167,0.034791124425528,0.0281553038046357,0.0224515144759112,0.0176432243732722,0.0137259788206473,0.0106779570361387,0.00842375668186024,0.0068252238222016,0.00570295741486204,0.00487922635767279,0.00422246263430548,0.00366979186476679,0.00321809723272415,0.00288852020921215,0.00268631217370062,0.00257870664544746,0.00250203887307043,0.00239248364852135,0.00221852969780575,0.0019953289288091,0.00177097049683306,0.00159443679848925,0.00148605322687044,0.00142875069315485,0.0013859366782345,0.00133231032709491,0.00127738875378325,0.00126479379527716,0.0013473025556453,0.00155397920710859,0.00187061299111535,0.00224801572369854,0.00263333745899708,0.00300631572677161,0.00339815742478805,0.00388220572590375,0.00454385517907457,0.00544878155879307,0.00662957625888561,0.00809549186866146,0.00985375489433064,0.0119207974957497,0.0143074301653746,0.0169807815376963,0.0198235650776918,0.0226202139655396,0.0250879480518779,0.0269488530886617,0.0280157960717438
5.35665983839951,5.49941503264663,5.65470567209277,5.80463511311106,5.93528207685244,6.03820402526068,6.11055218092049,6.15382538222043,6.17166377852087,6.16735204824971,6.14177165909251,6.09237946533526,6.0134499261805,5.8974181985114,5.73684054817877,5.52635211452339,5.26408306187237,4.95223736913747,4.59683950060255,4.2068913839983,3.79328294575413,3.36775356605054,2.94206118281718,2.52736693151668,2.13375014131909,1.76976618446688,1.442021156409,1.15481628790094,0.909960761428264,0.706835967243022,0.542733634781834,0.413409683244866,0.313740193048595,0.238352234007929,0.182129559313895,0.140546725271115,0.109832492000922,0.086998340863926,0.0697774960439503,0.0565158413976055,0.0460476471519647,0.0375761661026972,0.0305737522063018,0.0247048859560058,0.0197693830499305,0.0156579107211017,0.0123105981773601,0.00967838589019065,0.0076909118900334,0.00624195828190977,0.00519754343680179,0.00442259615222773,0.00381290574278847,0.00331343563678455,0.00291407312434488,0.0026241939045456,0.00244236049176481,0.00233912085581889,0.00226249212159868,0.00216238902633636,0.00201607551146289,0.0018385471892049,0.00166959244408282,0.00154636401449931,0.00147961294827836,0.00144905718989219,0.0014220640264565,0.00138208608377649,0.0013480642637568,0.00136973605823765,0.00150032214456575,0.00176355209565757,0.00213603664151937,0.00255874003271456,0.002971608509621,0.00335215021766721,0.00373483783934975,0.00420023514569415,0.00484187755364207,0.00573124106595887,0.00690240317336535,0.0083621299098687,0.0101137647976803,0.0121720102153488,0.0145507094503591,0.0172249085832834,0.0200874254124136,0.0229305910484622,0.0254732456570658,0.0274308750005383,0.0286023987406743
5.28167606459601,5.42588268686707,5.58472949258884,5.74027201089557,5.87817128084446,5.98933616289962,6.0702237303405,6.12176419789713,6.14726271531036,6.14992637974223,6.13076598067423,6.08748284113628,6.01461778982738,5.904828806379,5.75082224468746,5.54730596768174,5.29240411463289,4.98822149009074,4.64056248268688,4.25806394151513,3.85111063904751,3.43084975339346,3.00846116266122,2.59466855560743,2.19936772896058,1.83124590637148,1.49734340036235,1.20261332759357,0.949604826361009,0.738392353071801,0.56681027958551,0.430956072320192,0.325849677158843,0.246106645950003,0.186502655784744,0.142363016769655,0.109766345116642,0.0855954147713572,0.0674835451295976,0.0537027174098375,0.0430305187987646,0.0346193267612188,0.0278857050913349,0.0224271097563232,0.017966268550088,0.0143160399360771,0.0113525669920572,0.00899037214424603,0.00715675097337137,0.00577284182670623,0.00474775072119393,0.00398744041131316,0.00341258211426965,0.002971918275393,0.00264304725229614,0.00241811018945914,0.00228438535905813,0.00221247212503256,0.00215989768767944,0.0020886715939884,0.0019833799863588,0.00185781302382504,0.00174342295609947,0.00166699467701531,0.00163249766469292,0.00161961088808477,0.00160189687607581,0.00157192171116538,0.00155660948297101,0.00160974036473149,0.00178393781056868,0.00209876974423508,0.00252493992389669,0.00299738060022531,0.00345087883270379,0.00385909438665745,0.00425408596259891,0.00471536422651031,0.00533651103320208,0.00618974568238411,0.00731028953988358,0.00870661962761379,0.0103851379863283,0.0123660576936506,0.014671862753276,0.0172888228083232,0.0201214462832446,0.0229709808744468,0.025559165787613,0.0275963534337764,0.0288682705820376
5.20635731482314,5.34760696545696,5.50595328466865,5.66367177909929,5.80616060896582,5.92371829759817,6.01204305256771,6.07135628466353,6.104447976035,6.11426389265703,6.10178806247969,6.06486004025978,5.99824215538057,5.89483262074312,5.74755870485807,5.5513078754809,5.30431730527734,5.0086967615088,4.67009425374826,4.29678651931382,3.89859327102657,3.4859530156782,3.06931570257764,2.65880887777426,2.26400755418674,1.89363553563666,1.55512221036789,1.25407287251017,0.993808319189417,0.775141681568272,0.596494327662473,0.454339388601477,0.343862669142945,0.259681623801119,0.196474693396866,0.149431714313483,0.114501064367143,0.0884632605985472,0.068882893707463,0.0539908857649218,0.0425392838458617,0.0336560174555023,0.0267213239623938,0.0212769327890814,0.0169716243721045,0.013536624084079,0.0107753844495141,0.00855485379681997,0.00678853682327357,0.00541463022287486,0.00437680930452833,0.00361538075917767,0.00307087106751092,0.00269231714036011,0.0024429997223151,0.00229700241167829,0.00223010326121047,0.00221245742701548,0.00220950755854576,0.00219238618300882,0.00214920578251761,0.00208916673556975,0.0020337540292707,0.00200022070441558,0.00198868050516186,0.00198243310564766,0.00196397628981931,0.00193576420019045,0.00193168220750131,0.00200805271879517,0.00221663083379603,0.00257482319834373,0.00305131778794965,0.00357899847224935,0.00408918587459411,0.00454937482278624,0.0049828416078041,0.00545946141507322,0.00606503763037169,0.00686823114418891,0.00790593340848575,0.00919300080372543,0.0107454720598152,0.0125949418458109,0.0147759486424981,0.0172867570985488,0.0200428996170797,0.0228541408358209,0.0254461325877607,0.0275264720708507,0.0288703144066767
5.13306334460537,5.26702003887355,5.42063132375896,5.5766739240634,5.72051264752796,5.84198281112801,5.93606785498959,6.00221809032491,6.04255587882819,6.05955578091798,6.05394984117098,6.02351783124059,5.96310761760246,5.86580498483952,5.72479354915834,5.53525241245287,5.29569542185284,5.00841901054394,4.67907877689259,4.31570628895879,3.92760125706512,3.52446201581452,3.11590862828256,2.71132414644046,2.31979262774994,1.94990903180103,1.60935201322935,1.30427665333073,1.038712784611,0.814184416224144,0.629698261691441,0.482118696108828,0.366823394072401,0.278464242113778,0.211659885737502,0.161506487803463,0.12386765020133,0.0954692437128296,0.0738545282329395,0.0572577718202909,0.0444442732145729,0.0345487079702088,0.0269374759909125,0.0211101505788196,0.016646761333812,0.0131948208962118,0.0104771908795703,0.00830117453049495,0.00655199096048548,0.00516975773948219,0.00411868883637623,0.00336210190483255,0.00285294044006446,0.00253750345944831,0.00236570386015789,0.00229711802145305,0.00230014292436757,0.00234711784358338,0.00241118676777408,0.00246943274424388,0.00250853691881076,0.00252831242387941,0.00253748012795429,0.00254385572060717,0.00254623826051376,0.00253503890275569,0.00250439860092855,0.00246755040121005,0.00246461664248715,0.00255340381591668,0.00278497841368663,0.00317687096701398,0.00369966960907026,0.00428803784578813,0.00487143726774861,0.0054091711272295,0.00591020990714886,0.00642751956708659,0.00703267792323234,0.00778735218676756,0.00873043866970846,0.00988631062544093,0.0112844761534293,0.0129703423214582,0.0149905412781579,0.017353557449172,0.0199841022096045,0.0227004338429799,0.0252348890542601,0.0272974039282347,0.0286583348413218
5.06309192792941,5.18581905620821,5.33069123750764,5.48124351132537,5.62306969372457,5.74575827942432,5.84370061728002,5.91557630910413,5.96271778607793,5.9869111646434,5.98837229814264,5.96456551860392,5.91022717924496,5.81852683236602,5.68290804219316,5.4989460792989,5.26561342979251,4.98561780646556,4.66485014228829,4.31128986486742,3.93384447067637,3.54151586736816,3.143049387773,2.74696000870231,2.3616602804102,1.99540773176292,1.65592379384181,1.34973450821133,1.08144446614197,0.853205458004515,0.664575038677124,0.512814043477886,0.393525422993049,0.301446036552051,0.231193703762853,0.177832426542533,0.137201473122664,0.10602916468516,0.0818894845765886,0.063065621086309,0.0483741041353682,0.0369861468354459,0.0282759198953827,0.0217147240829921,0.0168206278540828,0.0131576955373769,0.0103624357046225,0.00817137840065918,0.00642614056508922,0.0050511846987574,0.00401401983113914,0.00328684482975228,0.00282623225274736,0.00257325855786639,0.00246759642102001,0.00246088049091475,0.00252117881812743,0.00262783526748805,0.0027627291414809,0.00290621614959014,0.00303868188398427,0.00314571839522493,0.00322039377681366,0.00326096220173927,0.00326703087235247,0.00323904197232994,0.00318493387816643,0.00312925938405392,0.00311757014135722,0.00320815981420614,0.0034515591457957,0.00386742263425183,0.00443167042482898,0.00508421967549472,0.00575452024928214,0.0063928312497911,0.00699036859352289,0.00757838638333277,0.00820981033197271,0.00893657396621621,0.00979874593667104,0.0108303732753104,0.0120741273892674,0.0135874014735953,0.0154256486485717,0.0176041699485952,0.0200552833218526,0.0226075979217378,0.025005779500503,0.0269703758443646,0.0282756567034972
4.99605365621874,5.10436589539675,5.23720299820212,5.37904010883175,5.5159322696607,5.63744472832418,5.73753017239376,5.8141371989617,5.86772158076428,5.89918811619679,5.90798276658592,5.89099621899284,5.84264312277482,5.75605220899713,5.62490541156743,5.44525319659962,5.21668812210996,4.94254436210067,4.62918302643238,4.28475064158168,3.9179335501202,3.53713419847598,3.15023080494722,2.76478710415803,2.38838360743644,2.02872869003311,1.69335733884601,1.38895385718907,1.12052865903414,0.890751669626208,0.699683311188122,0.544985922451954,0.42253059104293,0.327203165169986,0.25369168473156,0.197096484702185,0.153293427237895,0.119064980340123,0.0920584803105589,0.0706404610592202,0.0537059325690725,0.0404837749773687,0.0303719541215943,0.0228251837381853,0.0173071648954426,0.0133016318016538,0.010356631820017,0.00813008188452069,0.00640687596433059,0.00507924076934499,0.00410095372703545,0.00343904955403329,0.00304539691507877,0.00285431623139548,0.00279957187112234,0.0028324871811588,0.00292852128721348,0.00307915938320968,0.00327632166859304,0.00350153725623015,0.00372506576782621,0.00391475911006384,0.00404632574441671,0.00410896452601051,0.00410510790487528,0.00404745271520984,0.0039589764450802,0.00387532991518336,0.00384621945857766,0.00392912438887283,0.00417377928885171,0.00460328211500453,0.00520152053541301,0.00591669314222282,0.0066805482332116,0.00743513321422631,0.00815316339336822,0.00884234179681004,0.00953467987290374,0.0102700757645099,0.0110872741649837,0.0120267588001278,0.013139932250589,0.0144907251930215,0.0161380188558555,0.0181003209602383,0.0203174326863604,0.022632547790458,0.0248107670815478,0.0265934529213454,0.0277686749951338
4.92983978913587,5.02160595974102,5.14024689746736,5.27123892256433,5.40123882969344,5.51995636536583,5.62104060097781,5.70176449936533,5.76166264765463,5.80062393189263,5.81713302139813,5.80730288032632,5.76505152967269,5.68335129912659,5.55608122263943,5.37980112139177,5.15482430464035,4.88526325040972,4.57813237762229,4.24193593707694,3.88531032332749,3.51618287686719,3.14161908861628,2.76820299891038,2.40257387406819,2.0517191875098,1.72278402237442,1.42241177572622,1.15585599427769,0.9261993881575,0.733963158579987,0.577224369773439,0.452173736829614,0.353916036650197,0.27728082977762,0.217466237937513,0.17043147254412,0.133045265441133,0.103048600077222,0.0789035501492263,0.0595912227858375,0.0444040410214389,0.0327698229140744,0.0241337266879178,0.01791259845033,0.0135161804434463,0.0104070055954389,0.00816212753260748,0.00650184901675493,0.00527412091921051,0.00440577069853276,0.00384777329307695,0.00354140139958925,0.0034141947075722,0.00339867311040132,0.00345261218431681,0.00356488938000325,0.00374247769395669,0.00398757654483417,0.00428099651328362,0.00458053911436973,0.00483505391170824,0.00500336992106143,0.00506752258934401,0.0050350582877399,0.00493250078461521,0.00479804827418595,0.00467726650116168,0.00462210493734727,0.00468749378650662,0.00492158940746978,0.00535147155604426,0.0059707551435792,0.00673846645519727,0.00759143297974671,0.00846601369716649,0.00931831263601457,0.0101334212217487,0.0109220805904117,0.0117101162647596,0.0125309345647599,0.0134255032383662,0.0144466787433172,0.0156575825301998,0.0171147914027298,0.0188375275334164,0.020774804407877,0.02279025019872,0.0246781279003446,0.0262102225893168,0.0271968377134412
4.86113646593292,4.93546124937252,5.03914349432814,5.15858062491155,5.28104201325345,5.39645014444668,5.49823075464527,5.58303313306966,5.64947096007944,5.69636327532788,5.72113959231484,5.71902383531442,5.68333049254147,5.60678880583452,5.48341732365264,5.31026112433459,5.0883665228168,4.82267519369363,4.5209441230851,4.19215637176651,3.84503567849643,3.48716367807154,3.12488702638705,2.76384535090265,2.40970274748271,2.06862910787319,1.74724259477074,1.45200018706094,1.18827625498179,0.959489723194343,0.766599835337997,0.608123033417752,0.480625134465376,0.379496104096033,0.299766755270806,0.236775391990283,0.18658611636542,0.14615687242979,0.113312182341423,0.0865930001868835,0.0650492564017821,0.0480235814720029,0.0349670030412444,0.0253158779375275,0.0184469721281033,0.0137057784782551,0.0104782582495522,0.00826557826600249,0.0067230667466418,0.00564951581764497,0.00493804534246256,0.00451807654686109,0.0043182794984219,0.00426129350546445,0.00428275659563793,0.00435141109662485,0.00447220321605565,0.00466762500774459,0.00494828818099302,0.00529216206069089,0.00564382345579324,0.00593446778755008,0.006109119210714,0.00614623175743273,0.00606118134848935,0.00589528959852847,0.00570112256446559,0.00553208482236123,0.00543995766259089,0.00547514576307589,0.00568313076132254,0.00609490576610536,0.00671478461413416,0.00751462859058849,0.00843933832861304,0.00942331668338224,0.0104099200346991,0.0113646509719803,0.0122780406771354,0.0131600633527991,0.0140339480472264,0.014933915447809,0.0159061368671561,0.0170057828930048,0.01828272467175,0.0197562546853086,0.021387678311284,0.023066825876196,0.0246239432227567,0.0258674824368615,0.0266345787058749
4.78625815514121,4.84349694428957,4.93288773387476,5.04154414179119,5.15722878985283,5.27003395561823,5.37317191836284,5.46270362356745,5.53635989709165,5.59191656540632,5.62575694128069,5.63220538815061,5.60394223809974,5.53340252904728,5.41467442906109,5.24520654680093,5.02669864338667,4.76486358021341,4.46818372532827,4.14615628360783,3.80767817751049,3.46010435459878,3.10918648747366,2.7597180953921,2.41643867219229,2.0846967475562,1.77053598486161,1.48015860135673,1.21899737864853,0.990772026845411,0.796880556429234,0.636311692213467,0.506057760294227,0.401846491293982,0.31894869381927,0.252858940825367,0.199737977166592,0.156604499617393,0.12132538583363,0.0924750473159004,0.0691303330841818,0.0506516592363351,0.0364938413157224,0.0260786988515738,0.018748736518591,0.0137982546620856,0.0105517304319073,0.00844709584499881,0.00708253898370931,0.00621087650015112,0.00569212658710749,0.0054347574220166,0.00535704674329479,0.00538044888281064,0.00544739526126736,0.0055393290594179,0.00567604192028136,0.00589191270881501,0.00620180494370626,0.00657838971313024,0.00695369438495011,0.00724500447248128,0.00738890589042168,0.00736522448930754,0.00720007419642094,0.00694987602042557,0.00667980380015126,0.00644842795995779,0.00630485416608367,0.00629318338870405,0.00645521837006979,0.00682549210086889,0.0074193142960263,0.00822268529626324,0.00919128169387429,0.0102616627478589,0.0113692593530953,0.0124641511458401,0.0135186019338619,0.0145253745437933,0.0154928336708591,0.0164416067642738,0.0174041493221902,0.0184224886273892,0.019537721598614,0.0207703499671193,0.0220972561311859,0.0234382386990626,0.0246622677099754,0.0256154785067848,0.0261614689536835
4.70201364703991,4.74361483204223,4.82060131570609,4.92052590167161,5.03143357343733,5.14345437751823,5.24953245944795,5.34515076188117,5.42721385749225,5.49253577213491,5.53653804506587,5.55271211299576,5.53313463754559,5.46992746843322,5.3571753218913,5.19261064368221,4.97844086119962,4.72100861877243,4.42941768575977,4.11363889256808,3.78277593184536,3.44405627191545,3.10277653774036,2.76303188455049,2.42876265884692,2.10458105591724,1.79599870323675,1.50897465500071,1.2489994903545,1.0200981203956,0.824126209953432,0.660577487641138,0.526908600065448,0.419215714134061,0.333022394875264,0.26396840400578,0.208276157553803,0.16297115496637,0.125897666056089,0.0955966273395288,0.0711114378598695,0.0517733193170003,0.037011467310491,0.0262222227389907,0.0187188610415635,0.0137603358685123,0.0106300033011264,0.00872190153195396,0.00759212484521476,0.0069577452232964,0.00665259977657229,0.00656984749214062,0.00662285734995888,0.0067367890981806,0.00686365030357117,0.00699686433807223,0.00716674276483498,0.00741322808399913,0.0077498258797144,0.00814154124479077,0.00850982956417961,0.00876356356730401,0.00883763303250384,0.00871867117107117,0.00844602400427338,0.00809064279129301,0.00772782347778717,0.00741847234327042,0.00720695895613913,0.00713001853595291,0.00722527009666546,0.0075303416555831,0.00807115581683687,0.00884813870943463,0.00982949384841533,0.0109574733405382,0.0121642896657386,0.0133890051872702,0.0145880195468545,0.0157362121097787,0.0168235037325555,0.017851854147154,0.0188354585892851,0.0198008566701637,0.0207807370768704,0.0217990038189972,0.0228503196041571,0.0238848473795434,0.0248079917565011,0.0254991528725879,0.0258436355067288
4.60637442370792,4.63458319949589,4.70187108681912,4.79595768884671,4.90493461838853,5.01879610838119,5.13012122287615,5.23379557751264,5.32594408315206,5.40251020481074,5.45806283397512,5.48535924664459,5.47593490612226,5.42160492555506,5.31639153305613,5.15819067238589,4.94955483507945,4.69728293766391,4.41095273648757,4.10092059506818,3.7764884115678,3.44482864896122,3.11091936773379,2.77832832889401,2.45036977630293,2.13106889184322,1.82551762596662,1.53950726647723,1.27863383331387,1.04725938522655,0.847722632829691,0.680044321878127,0.542161510308285,0.430543292776229,0.340953357417317,0.269144019069902,0.211347528289262,0.164529359592664,0.12643598711691,0.0954992142253863,0.070660868994759,0.0511693528629474,0.0363938092504007,0.0256912742990546,0.0183503077597619,0.0136120390360418,0.0107424381463516,0.00911539283959972,0.00826470864329809,0.00788646468881807,0.00779903448676356,0.00788861290580767,0.0080705285645169,0.00827860071081649,0.0084762050289211,0.00866649816205112,0.00888456690144365,0.00916883559586656,0.00952599606478022,0.00991193233909182,0.0102406854935548,0.0104190581148464,0.0103870670323724,0.0101428522746054,0.00974027952174748,0.00926315693706325,0.00879393165893,0.00839335965743768,0.00809999600812281,0.00794327816561874,0.00795686185059691,0.00818097791910963,0.00865091243929891,0.00938036799672654,0.0103502167280005,0.0115105281836251,0.0127940331681571,0.0141327790311257,0.0154699500065746,0.0167628599149304,0.0179812188532026,0.019105819851807,0.020131060248432,0.0210684433479682,0.0219443785287936,0.0227883796553766,0.0236130749035761,0.0243956879460482,0.0250713320690802,0.0255443170231552,0.0257145374987942
4.49883161696486,4.51631768908125,4.57692799918672,4.66836138269794,4.77857118744764,4.89725885068422,5.01652991719187,5.13062290652574,5.23488997242273,5.3244554726783,5.39311305047582,5.43296764726697,5.43507818856634,5.39098148588937,5.29461607335733,5.14396638971157,4.94180927813964,4.69525434611187,4.41421314979564,4.10932541057234,3.7900532042759,3.46355225365724,3.13459146038961,2.8063714627445,2.48176285632801,2.16437992167443,1.8590435277614,1.57148798527431,1.30748766192136,1.07178326056733,0.867215085889556,0.694333427859284,0.551546129935171,0.435674558165139,0.342690528878226,0.268415237225477,0.209036022156098,0.161394556736934,0.1230703589615,0.0923167208580216,0.0679105349994275,0.0489663555873453,0.0347595788863728,0.0245937909249284,0.0177368524173733,0.0134295578894439,0.010944920189261,0.00966173603560905,0.00911290392117925,0.00898963735131605,0.00910633877638523,0.00935055667940721,0.00964569064961501,0.00993802834038632,0.0102030821654276,0.0104510974212878,0.0107167207961845,0.0110311920033479,0.0113908326739735,0.0117426998698952,0.0119975470751926,0.0120662652432573,0.0118995293968459,0.0115097433230076,0.0109646799489698,0.0103581272168842,0.00977656297496393,0.00927894604668703,0.00889832631376214,0.00865822584033926,0.00858924105059344,0.00873346245840007,0.00913312028356056,0.0098122288154075,0.0107624096445469,0.0119417691016267,0.0132858766581833,0.0147230931826154,0.0161862837534019,0.017616761570822,0.0189644156461051,0.0201891095779343,0.02126664325327,0.0221959596865849,0.0230000010457073,0.0237151591967058,0.0243698901667535,0.0249622084570991,0.0254476015251152,0.0257455653168476,0.0257637417556854
4.38043775015902,4.38992078964286,4.4466895059248,4.53838094198113,4.65273974238757,4.77908688588469,4.90896582604256,5.03589269208754,5.15439427997608,5.25875076114751,5.34198409623543,5.39557642778796,5.41015801504367,5.37704021951942,5.29011811596322,5.14747490616605,4.9520813605344,4.71128812933389,4.43524724407441,4.13479107466603,3.81948305661249,3.49645815696022,3.17033613773607,2.84406757171222,2.52023317447179,2.20219997133998,1.89466581548608,1.60342255360198,1.3344960352564,1.09303885172205,0.882393931670807,0.703620016396117,0.555561936760057,0.435353757154088,0.339133960888121,0.262750464782185,0.202302258757696,0.154461384238166,0.116591840305548,0.0867185680055544,0.063405976876389,0.0455945544784163,0.0324380587891262,0.0231742295284024,0.017053357437983,0.013331290354876,0.0113102700662236,0.0103972106145123,0.0101440332405194,0.0102518279644754,0.0105408199626594,0.0109060680880534,0.0112827672045308,0.0116314473998682,0.0119395320174808,0.0122222370320366,0.0125106099266495,0.0128260830141804,0.0131541460978513,0.0134354727764375,0.0135821807238945,0.0135142015971767,0.0131959563666177,0.0126540742548805,0.0119674014389815,0.0112358047337057,0.0105469715888153,0.00995768119728793,0.0094973669886825,0.0091862412048217,0.00905314626397974,0.00914071388938952,0.00949427871701505,0.0101432459515775,0.0110859490615204,0.0122868325366956,0.013685233034971,0.0152085621997034,0.0167826524637985,0.0183357637017966,0.0198004890321449,0.0211183865459582,0.022249833188417,0.0231846380557763,0.0239447119492912,0.0245730726455615,0.0251098661962484,0.0255660703100965,0.0259079065875404,0.0260616091580394,0.0259382339782448
4.25359440279915,4.25753626599652,4.31271351977408,4.40683341644289,4.52751074161067,4.66370204525857,4.806345848688,4.94814781784013,5.08269689916887,5.20331792999956,5.30217834750728,5.37010512645591,5.3973283936041,5.37501727115765,5.29713844723714,5.16198765751474,4.9728093510487,4.73722009147431,4.46558082377631,4.16884674391226,3.85660566809342,3.53592048712822,3.21125950206819,2.88537672560369,2.56066190237346,2.24035648998115,1.92915321208578,1.63299313575979,1.35820620582595,1.11036859180988,0.8933038290163,0.70853575254107,0.555294731358428,0.430978715551346,0.331852965982585,0.253762618769818,0.192696780239105,0.145139815796934,0.108221289556117,0.079715636093378,0.057949993766016,0.0416666865779095,0.0298790687386501,0.0217496045747678,0.0165126168963503,0.0134503532747517,0.0119116797020328,0.0113504451685222,0.01135392311257,0.0116447959369683,0.0120560057093888,0.0124932461900349,0.0129042556067761,0.0132632750751216,0.0135685200808464,0.0138390318434729,0.0141017809023595,0.0143693460367401,0.0146191929926132,0.0147898910620953,0.01479937900322,0.0145795154641425,0.014108440822488,0.0134239306250659,0.0126110643627802,0.0117713688738004,0.0109917322456786,0.0103279041986999,0.00980909029883437,0.00945567240620854,0.00929602750990716,0.00937116134189714,0.00972424991628548,0.0103834787355585,0.0113481728535473,0.0125859733620617,0.0140399335905551,0.0156389565606159,0.0173056602159577,0.0189595208125058,0.0205201685567596,0.0219152287783475,0.0230939078040311,0.0240402987099887,0.0247766415977974,0.0253507160434626,0.0258089543415229,0.0261674275437462,0.0263950914993677,0.0264195526516575,0.0261545350386066
4.12166798465574,4.12208346783097,4.17710335637821,4.27479430144603,4.40286706316972,4.55004243558741,4.70667351521048,4.86457569961488,5.01625090242361,5.1538951209651,5.26867448829744,5.35068539693816,5.38977950147625,5.37710096819588,5.30687213468652,5.17780448102265,4.99358735191401,4.76220395470106,4.49424007562426,4.20071743003421,3.89115250021418,3.57244113427761,3.24883943418872,2.92289513069205,2.59684540789742,2.27387419173717,1.95874115077513,1.65758934381008,1.37707200545733,1.12317193282859,0.900147835181717,0.709928485346037,0.552069827387945,0.424185853830975,0.322639368501747,0.243262597119097,0.181939322183641,0.134978296023375,0.0992868044032891,0.0723956387228686,0.0523942167096229,0.0378203916675716,0.0275387848658037,0.0206306459462651,0.0163139671947933,0.0139034754424901,0.0128056837325975,0.0125343600225244,0.0127239192312483,0.0131270144134933,0.0135935127987272,0.0140403396165387,0.0144260956218142,0.0147363057184246,0.0149781400007029,0.015174189418631,0.0153491562239934,0.0155106175220761,0.0156331902859786,0.0156584688446434,0.0155136173512005,0.0151427347838872,0.0145345266665582,0.0137322594175617,0.0128211525846267,0.0119001987184346,0.0110547374782788,0.0103421770322522,0.00979599763712558,0.00944055075554528,0.00930459081815516,0.00942440925624184,0.0098347034988383,0.0105548595131785,0.0115786702568804,0.0128732096387391,0.0143848161669224,0.0160463227320191,0.0177814617915479,0.0195062084354979,0.0211328206385352,0.0225804036393498,0.023791593416295,0.0247476224603183,0.0254711800378577,0.0260116956675741,0.0264160903415194,0.0266987663995112,0.026826089019685,0.0267252514066979,0.0263151749161637
3.98851823831682,3.98693101713658,4.04238715455246,4.14370475609335,4.27902520902813,4.43705768290956,4.60765714272526,4.78170380791824,4.9504699832092,5.10483944391484,5.23481820841965,5.32969449713396,5.37897718427552,5.37393274238094,5.30926353815942,5.1843424600786,5.00351143901741,4.7752457039826,4.51038188458701,4.21994747979737,3.91327490071822,3.59697099474006,3.27498447182683,2.94960717855257,2.62291852157675,2.29806723186575,1.97990624838094,1.67479009131608,1.38967640620368,1.13090743339174,0.903111124623688,0.708551040086937,0.547048784892275,0.41639519949044,0.31303670093153,0.232802489462113,0.171498655719639,0.125295165227786,0.0909143197265966,0.0656741147053936,0.0474468317882044,0.0345758266318455,0.025778870368245,0.0200538760966721,0.0166004493389302,0.0147665494962161,0.0140206798635439,0.0139434267751526,0.0142237257466428,0.0146499275995241,0.0150915386299514,0.0154762289786768,0.0157706953222856,0.0159683234857129,0.0160829071126128,0.0161406611679313,0.0161669505202016,0.0161695402845509,0.016126127493582,0.0159860047320954,0.015687205657565,0.0151838375743069,0.014469583209785,0.0135860646903284,0.0126124150849242,0.0116419003998315,0.0107590365166473,0.0100267692779387,0.00948778471605316,0.00917384646384045,0.00911414568888158,0.00933644539036977,0.00986030776356189,0.0106888282241398,0.0118040564660084,0.0131690201017097,0.0147330538789573,0.0164354440223531,0.0182055797761044,0.0199616670038385,0.0216147639773724,0.0230812872791578,0.0243018496354568,0.0252570693859681,0.0259693276388043,0.0264860437975598,0.0268492468492715,0.027066603457491,0.027099267354499,0.0268750941545513,0.0263226134221175
3.85803119066965,3.85557242088282,3.91139363296369,4.0154793764943,4.15678045233861,4.32427529258697,4.50746933114723,4.69632375686444,4.88079809711637,5.05033828295188,5.19368632254214,5.29929281913666,5.3563947628491,5.35654433128386,5.29514219959225,5.17244183321306,4.99360551833936,4.76768266650526,4.50575026154941,4.21875775209822,3.91573238083375,3.60287242383483,3.28372963600533,2.96029109351246,2.63446302777616,2.30935825440023,1.98991574320877,1.68267250293872,1.39483529538524,1.13303026383733,0.902171939371641,0.704783899591654,0.540898841434376,0.408456985089045,0.303988952544391,0.22334564759049,0.162297337985084,0.116925948362669,0.08382038123383,0.0601315573679446,0.0435499079253361,0.0322471793202485,0.0248054698396836,0.0201416734674512,0.0174344957806533,0.0160617522513276,0.0155524932302299,0.0155556123493621,0.0158182562644902,0.0161685700224973,0.0164983201673934,0.0167459881539762,0.0168840534754526,0.0169103903245428,0.0168428303617307,0.0167109592831778,0.0165434140238818,0.0163528446418011,0.0161249942152029,0.0158199395726975,0.0153862142073204,0.0147838005085867,0.0140046212483282,0.0130815192680161,0.0120823792428776,0.0110931213852619,0.0101994826486298,0.00947430931869819,0.00897395090018907,0.00873997811344213,0.00880111712896109,0.00917249577521261,0.00985247153386853,0.0108215897864657,0.0120453051921675,0.0134801032266119,0.0150783925119259,0.0167882814750337,0.0185489889385968,0.0202863921004532,0.0219164128900253,0.0233585828161747,0.0245559273446181,0.0254904704872074,0.0261833920090479,0.0266767650328867,0.0270034277745156,0.0271610488646676,0.0271049862642225,0.0267662797986679,0.0260875286310601
3.7337578226605,3.73137509360387,3.78715541536059,3.89260014596471,4.03781565108315,4.21233526351812,4.4055067365063,4.60646732116039,4.80388770922779,4.98577241189133,5.13961397318509,5.25308966107575,5.31528570700045,5.31819920809444,5.2580898060995,5.13621320606112,4.95860527782354,4.73486603782878,4.47622699353762,4.19344242068251,3.89512143468306,3.58697238011803,3.27211129390279,2.9522172352297,2.62903543698425,2.30564640202032,1.98705157911276,1.67991268379339,1.39159912761434,1.1289205446765,0.896981674835223,0.698489201993369,0.533638619498276,0.400501948217484,0.295703741125431,0.215147274633782,0.154611572760932,0.110142545216286,0.0782495305036489,0.0559670113632005,0.0408466042985212,0.0309205313940542,0.0246547808070365,0.0208930272167427,0.0187921027932396,0.0177542677456788,0.0173635634772654,0.0173343934339901,0.0174728708683164,0.0176500936614379,0.0177834942625144,0.0178240883600929,0.0177494189793334,0.0175593666495299,0.017273177906807,0.0169226746798865,0.0165408542175258,0.0161479884651151,0.0157406406690683,0.0152906268937955,0.0147549547009736,0.0140946074292174,0.0132934465130519,0.0123698971280312,0.0113774505869103,0.0103948089680839,0.00951175060113646,0.00881491435242934,0.00837735836289566,0.00825125700113449,0.00846303931707162,0.00901137647686632,0.00986884465520602,0.0109893427010057,0.0123189214933575,0.013806281875709,0.015407175379779,0.0170802094090564,0.0187774928189324,0.0204369644369991,0.0219847788664911,0.023349107052165,0.0244798895727708,0.0253629434497808,0.0260180793443398,0.0264798622910604,0.0267692215684309,0.0268722305369064,0.0267390247422384,0.0263063475896619,0.0255337907767175
3.61874889574322,3.61746709350585,3.67287024050859,3.77818563688477,3.92491590124717,4.1033844553397,4.3029887350671,4.51221886521177,4.71861630877625,4.90890570498879,5.06950609973853,5.18750847688558,5.25202554574889,5.25563480567285,5.19551780902851,5.07390616813959,4.89759931553475,4.6765823446563,4.42206300468191,4.1444533525622,3.85186006388606,3.54948976301891,3.24006999070778,2.92504734055885,2.60607335609712,2.28622494793145,1.97054084218175,1.66573086987604,1.37921622416935,1.11786916909034,0.886876887507981,0.689050125845867,0.524702574693398,0.392025117162227,0.287747434754169,0.207852305447318,0.148164341991639,0.104736266962168,0.0740443813990336,0.0530544486793851,0.0392245093473789,0.0304854999614944,0.0252145349615492,0.0221964333783929,0.0205688185236698,0.0197532497739624,0.0193809543013518,0.019225876190977,0.01915132566851,0.0190735776224978,0.0189398816758194,0.018717328346692,0.0183897766413413,0.0179579282545959,0.0174399564289422,0.0168676735230223,0.0162774153683446,0.0156971700756212,0.0151345022981222,0.0145719843219213,0.0139722953380441,0.0132931836569707,0.012506061090226,0.0116119155401261,0.0106491638314055,0.00969087399642971,0.00883364289645983,0.00818035633943813,0.00782168624084084,0.00781936688856799,0.00819503849712064,0.00892799251123423,0.00996262254629321,0.0112247420747302,0.0126403852094283,0.0141502666636177,0.0157134443750661,0.0172993584394574,0.018874286157556,0.0203909977299889,0.0217901840771726,0.0230138084700826,0.0240235213154051,0.0248121996181676,0.0253995093244515,0.0258121210520398,0.0260582057045058,0.0261121107291979,0.0259197921685234,0.0254252446632377,0.024605556972622
3.51562268825601,3.51678144365165,3.57191927207163,3.67600696219606,3.82202427365691,4.00122159579474,4.20323562009878,4.41615243311303,4.62667980888135,4.82059877597307,4.98360314899588,5.10251288233783,5.16669724495981,5.16941486843466,5.1087199323073,4.98763321526702,4.81343881866866,4.59620276934918,4.34684978946113,4.07528921625228,3.78908711466121,3.49302140277003,3.18957570756231,2.88012631621987,2.56635933877612,2.25140759235546,1.94032690540149,1.63978752126489,1.35713480288522,1.09916838364611,0.871041807443951,0.675588206621446,0.513194798627195,0.382157008295503,0.279315297504588,0.200748584153981,0.142349878540098,0.100206904523797,0.0707974618454522,0.0510594098530565,0.0384014664246615,0.0306955249501395,0.0262638446211042,0.0238536927881731,0.0225911291264128,0.0219138837186036,0.0214918495256461,0.0211502244989548,0.0208052478927506,0.0204190431966544,0.0199726929675479,0.0194539601837621,0.0188558251459419,0.0181798479772953,0.0174408971524294,0.0166675726147907,0.0158965471814565,0.0151611700753644,0.0144780183810359,0.0138382721359888,0.0132077901380801,0.0125386722553848,0.011788363917226,0.0109404617689602,0.0100199154593703,0.00909652501238922,0.00827557443775362,0.00767651446891575,0.0074061182039287,0.00753298953997628,0.0080713383059989,0.00897960529932183,0.0101741140679414,0.011553795724824,0.0130258984447296,0.0145234385137304,0.0160078579040273,0.0174579389397179,0.0188532910561329,0.0201624661675154,0.0213438301628193,0.0223579007071423,0.0231831874584922,0.0238239129011816,0.0243023868626932,0.0246388932217984,0.0248298338727933,0.0248389476422454,0.0246091821821799,0.0240920684112741,0.0232802525676229
