0.242212270747723,0.248980533413186,0.258309186369343,0.27046199061463,0.286011833505265,0.305897442195777,0.331516790069704,0.364828998416819,0.408413927257477,0.465445106858399,0.539564982100767,0.634704067787948,0.754919753442403,0.904326929462574,1.08713492508589,1.30771606415936,1.57054831219927,1.87984727784665,2.23876459937086,2.64817421289694,3.10525805163829,3.6022598087096,4.12583516969582,4.65734034722555,5.17418089607538,5.6520524167061,6.06763745535011,6.40117992931959,6.63838793872506,6.77131765806897,6.79819060667849,6.72239053772118,6.55107443931518,6.29385350807728,5.96186721787198,5.5673459201313,5.12353536488974,4.64472047500558,4.14607782424034,3.64319417201313,3.15124965881999,2.68401367901939,2.25287683732116,1.86613190061438,1.5286369308998,1.24188675553827,1.00443042553981,0.812519934246133,0.660867991524998,0.54340752201001,0.453970802544922,0.386827952853689,0.337044701329371,0.300644699253338,0.274591940179915,0.256643529035403,0.245143517655925,0.23883177426959,0.23671682076863,0.238026029474598,0.242212270908553,0.248980533571193,0.258309186525009,0.270461990771262,0.286011833669625,0.305897442378289,0.331516790284156,0.364828998679548,0.408413927586167,0.465445107270746,0.539564982613227,0.634704068414918,0.75491975419591,0.904326930352544,1.08713492612064,1.30771606534593,1.57054831354348,1.87984727935197,2.23876460103685,2.64817421471654,3.10525805359483,3.60225981077424,4.12583517182552,4.65734034936295,5.17418089815088,5.65205241864272,6.0676374570709,6.40117993075687,6.63838793982971,6.77131765881793,6.79819060707864
0.227602127775683,0.23415373933501,0.243622560474595,0.256191453128427,0.272351606433831,0.29298997972175,0.319505941318531,0.353920470317883,0.398925821676167,0.457837849628593,0.534450887255472,0.632845906702499,0.757229376157023,0.911867418566503,1.10111635282734,1.32946326928861,1.60141708899387,1.92107710964707,2.29127897090197,2.7123647264404,3.1808045294242,3.6880364014874,4.21993068112102,4.75718679865867,5.27675132802147,5.75407116829777,6.16575189987357,6.49207006446779,6.71882771908233,6.8382326131572,6.84876537381218,6.75426140960405,6.56260181129124,6.28442305274262,5.9321361171481,5.51934640705013,5.06057609805827,4.57107811585907,4.06652854145628,3.56247768127635,3.07357270488732,2.61268263089813,2.19010878411526,1.81304596139934,1.4853884705916,1.20788699617703,0.978593972153099,0.793496826713116,0.647235516991709,0.533812277166745,0.447220166268403,0.381933757920338,0.333224419745682,0.297289623137337,0.271217505355777,0.252840941204312,0.240550617853868,0.233133277526629,0.229671882446754,0.22950978580418,0.23225268529521,0.237775086122754,0.246215637203663,0.257968391995452,0.27369740645509,0.294394914294592,0.321479911999525,0.356901155797964,0.403190656234001,0.463427327887339,0.541108814133844,0.639981294926537,0.763904293237155,0.916814462696501,1.10278812536513,1.32611415790712,1.59121503570386,1.90223985907945,2.26222553912232,2.67186867467698,3.12813194310034,3.62304994565242,4.14314360754121,4.66975828210426,5.18042589657454,5.65107679102575,6.05867870347645,6.38375073342444,6.61223061078218,6.73636314405335,6.75455742254178
0.214651450979522,0.221072774874085,0.230781807601239,0.24392372461008,0.260957460524736,0.282766191436544,0.310788637363938,0.347127698312124,0.394584541441893,0.456587632515756,0.537027051056372,0.640052229290681,0.769910150088389,0.93088002122599,1.12729344931774,1.36354621216463,1.64394582517528,1.97223861524476,2.3507403455423,2.77913761225994,3.25319289402496,3.76370360278673,4.29608702385531,4.83085764072871,5.34505499930222,5.81442990492214,6.21598281159943,6.53034957473118,6.7435745455073,6.84799018209634,6.8421689279456,6.73014424198029,6.52023946771188,6.22385467935893,5.85446124644946,5.42688940753923,4.95684209366792,4.46048229218178,3.95394484250145,3.45270130236669,2.97080878180306,2.52015824302418,2.10986566630138,1.74592288994303,1.43116113994033,1.16550955948118,0.946482208318734,0.769803102343989,0.630082075079977,0.521465004592394,0.438196617461519,0.375047347831209,0.327573543919142,0.292207119275202,0.266201473189946,0.247489740728812,0.234520749291314,0.226128988179773,0.221462942272599,0.21996393906742,0.221365778324173,0.225685884424042,0.23320093382982,0.244422299426847,0.260102247152046,0.281288738124595,0.309420044997969,0.346419088798711,0.394735047118921,0.457299024536089,0.537400745986784,0.638540547370657,0.764329109574038,0.918485573393419,1.10491753830771,1.32778443801185,1.5913854559616,1.899713785491,2.25559916130965,2.65950232485072,3.10818955526255,3.59363408200204,4.10251761826903,4.61660759979387,5.1140847143501,5.57164756347901,5.96700228605224,6.28123410200443,6.50058793095452,6.61735471644075,6.62980794188055
0.204537111622267,0.210975690082585,0.221030777316844,0.234851549820791,0.252918702997041,0.276170251689436,0.306137662227906,0.345043816327025,0.395812923334917,0.461970176085609,0.547451799677635,0.65638997110185,0.792948160559609,0.961254354071656,1.16541114395198,1.40948508954402,1.69732762525642,2.03209049578189,2.41538243437379,2.84614833501589,3.31949844012677,3.82580966179259,4.35042665417767,4.87418461976173,5.37478586214896,5.82884367539058,6.21422702816405,6.51226273778886,6.70939695390547,6.79807386731255,6.77679753403188,6.64953381617955,6.42472500694094,6.11419862982284,5.73217348894331,5.29443972961493,4.81767758316621,4.31882120112498,3.81438401017828,3.31972454446512,2.84830441394906,2.41104233282819,2.01587201809089,1.66757566466123,1.36790610500433,1.11595479850073,0.908691037212067,0.741587459266457,0.609257384602227,0.506042062780314,0.426499381085815,0.36575715791116,0.319710675110222,0.285069091411631,0.259282786221296,0.240407392424436,0.226963456974695,0.217837040454294,0.212233978337376,0.209672143615845,0.20998058047762,0.213280905410242,0.219950979589947,0.230591389322267,0.246026007069872,0.267350617111978,0.296016317121086,0.333906870110489,0.383363008378677,0.447130135582086,0.528245005932467,0.6299169327525,0.755466959006121,0.908358990811003,1.09229014444669,1.31123569482531,1.56929989810403,1.87023915047682,2.21660845806758,2.60861360081252,3.04289299293544,3.51154558641741,4.00172978590082,4.49606126163572,4.97385788038247,5.41306765886108,5.79253262631391,6.09415224914451,6.3045380079606,6.41589379351886,6.42606395432056
0.198131910996314,0.204757191493702,0.215250217652167,0.229800902989989,0.248963113409975,0.273788450094899,0.305957147582094,0.347854660923379,0.402548032574121,0.473649235805011,0.565096422804593,0.680923091564507,0.825088630300459,1.00140970440695,1.21356363339483,1.46506574079435,1.75908390157432,2.09797306841413,2.48249594840776,2.91081803502633,3.37748975110109,3.87270069227335,4.3820839909243,4.88724865460427,5.36705207205513,5.79944252537863,6.16355617465813,6.44169578407147,6.62085939739655,6.6936153349627,6.65828585668541,6.51855177550748,6.28268044526565,5.96258753196038,5.57288756848667,5.12999983710598,4.65130262967899,4.15429697397368,3.6557572211388,3.17089501138433,2.71260977209851,2.290922682488,1.91267354080988,1.58151448952721,1.29817869671176,1.06095683558315,0.866295602104103,0.709433656053953,0.585008242789488,0.48758242907748,0.412058058554266,0.353951567498979,0.309525456896539,0.275790174134181,0.250413362263002,0.231590225033492,0.217925798256643,0.208362953276416,0.202158492618211,0.198886204182999,0.198436411643799,0.200992577687632,0.206990452022734,0.217082593656727,0.23213703121653,0.253278916146164,0.281958307389812,0.320005121487092,0.369632502776295,0.433376134252857,0.513992950401605,0.614373607661907,0.737520486442121,0.886607573971732,1.06507499676426,1.27665175826648,1.52517316027017,1.81408749743544,2.14563177407844,2.51977275623662,2.93312488817238,3.37812155557859,3.84270899074292,4.31074015587697,4.76309328938775,5.17936797225341,5.53986755669844,5.82750938972571,6.0293274828503,6.13734465130948,6.14875266395319
0.195946604422048,0.202919023417759,0.21392364942511,0.229219192665836,0.249473326312566,0.275897969359778,0.310366009415232,0.355457371807988,0.414394449886965,0.490864344137972,0.588768737150605,0.711975920593906,0.86414572240985,1.0486594865446,1.26862056909588,1.52682968732435,1.82561111816194,2.16639160930169,2.54901363689538,2.97087157678177,3.42606158933417,3.90478791610789,4.39325294994865,4.87416846315515,5.32788748426288,5.7340108628656,6.07320991524597,6.3289650336457,6.48895304169833,6.54591426140447,6.4979548780988,6.34835178865223,6.10499520392334,5.77961321695513,5.38688918904591,4.94352844546136,4.4672907301209,3.97599503565945,3.48652481883541,3.01389996941955,2.57050812715742,2.16558971438748,1.80503699860473,1.49151397241056,1.22484832331241,1.00260733517353,0.820758926146529,0.674328203135345,0.557984575146085,0.4665170935151,0.395175485878439,0.339869286656471,0.297233120284226,0.264584410530836,0.239815332065603,0.221269559969854,0.207645296656914,0.197946779816326,0.191477566305916,0.187851077346591,0.186990365786941,0.189103220506035,0.194642332481551,0.204273437890263,0.218875663615688,0.239577032396399,0.267805406405016,0.305319335600972,0.354189598706229,0.416730069345427,0.495407974864269,0.592784964661131,0.711528328580947,0.854492342478386,1.0248114641101,1.22590148667117,1.46125365893869,1.73394482101302,2.04586855670094,2.39679096786549,2.78342246030162,3.19873613540384,3.6317440933094,4.06786052872742,4.48985837020505,4.87929635203117,5.21818767881872,5.49063360235049,5.68416112644024,5.79058378533858,5.80631948871506
0.198144324905463,0.20560056848613,0.217183685646512,0.233236568269834,0.254562803953393,0.28255839322588,0.319307901947382,0.367594569799808,0.430791927923354,0.512644798039287,0.616989187204562,0.747488359513275,0.907452115133894,1.09976472553592,1.32688350170323,1.59081736481707,1.89297568696831,2.23380727450425,2.61222270203718,3.02488343696152,3.46552178681486,3.92449028152617,4.38871960490649,4.84218795023259,5.26689565894062,5.64422838597517,5.95650757972212,6.18849622587783,6.32864957801384,6.36996932951842,6.31040723565981,6.15284383093729,5.90471963063349,5.5774084323093,5.18540857532912,4.74540115909011,4.27520931858513,3.79269823691299,3.31467962254219,2.85591482923745,2.42832361285223,2.04049364808493,1.69754192037973,1.40132007635912,1.15089869982009,0.943226761479321,0.773853946094674,0.637616481766244,0.529217092675212,0.443659540603719,0.376525304450398,0.324100296291232,0.283376372994712,0.251966648492387,0.227981472929384,0.209911753780045,0.196551073471487,0.18696721022966,0.180508357709902,0.176817745858562,0.175832343180044,0.177757622715688,0.183031568240582,0.192299650582028,0.206419467410255,0.226491957749961,0.253897145538965,0.290302849273892,0.337626429797204,0.397957999143257,0.473479959680408,0.566430263451405,0.67913716080015,0.814112243240507,0.974137159814209,1.16224692785761,1.3815150376291,1.63458957004527,1.9230046275845,2.24637034438671,2.60160629953324,2.98240040039574,3.37904872636362,3.77876277454991,4.16644018932195,4.52580537661252,4.84075510412279,5.0967118470195,5.28179388207996,5.38765870655999,5.40994795265447
0.204613449104216,0.212667396756357,0.224909188043826,0.241765080004691,0.264172595063721,0.293705614109089,0.332647276044816,0.383963915665711,0.451156091693725,0.538004143499958,0.648264099172553,0.785391280381114,0.952353383270571,1.1515523619283,1.38481612293193,1.65337755864962,1.95774737266406,2.2974179435099,2.67039982198596,3.07266494019124,3.49763090647948,3.93584144683855,4.37497837242351,4.80028042374549,5.1953635248932,5.5433571035735,5.82820872934885,6.03598358263798,6.15599361014606,6.18163301634888,6.11085412643305,5.94627418186154,5.69494636373177,5.36784654387632,4.97912977802034,4.5452028623029,4.08365917707578,3.61213457607828,3.14716626255863,2.70316168544313,2.29159126303057,1.92050241243099,1.59440600381211,1.31452533232624,1.07933780016759,0.885296818395613,0.727609184510208,0.600955270028002,0.500072659761175,0.420161535130072,0.35710655555594,0.30753798129569,0.268774133466246,0.238697695162353,0.215617972589407,0.198161565713952,0.185212543026258,0.175901298525383,0.169620216668512,0.166039165626842,0.165101045824303,0.166995442704014,0.172126665758583,0.181096315343365,0.194713506368966,0.214024048416374,0.240334634441166,0.275204151893524,0.320390010636683,0.377765341356255,0.44924456887626,0.536760159520757,0.642308772562349,0.768044885049379,0.916356244536465,1.0898347163949,1.29106815708279,1.52222459720046,1.78446507316895,2.07728042912697,2.39788564597808,2.74080567037192,3.09775802435136,3.45788469144469,3.8083263457942,4.1350781242769,4.42402321846242,4.66201866478601,4.83790262037879,4.9433104913807,4.97322150231518
0.21506893380109,0.223820239615214,0.236830656409714,0.254590964884928,0.27814485489292,0.309206806917513,0.350213367309257,0.404266440721388,0.474953226377691,0.566067754651829,0.681292561364648,0.823914296550157,0.996627867457238,1.20144307581478,1.43965692504766,1.71182126135963,2.0176312167931,2.35568935155113,2.72315325229256,3.11532813958083,3.52530746218754,3.9437745439415,4.35906198582605,4.75752333856235,5.12421722725602,5.44384995019355,5.70187559497784,5.88562665774334,5.98534154508891,5.99497390342667,5.91270409332388,5.74111638149023,5.48704700326442,5.16113516574109,4.77712420821997,4.35096277267125,3.89975965502345,3.44065646039441,2.98970038090624,2.56082106901701,2.16502310399425,1.80989359554362,1.49948339325315,1.23456137407657,1.01317831733725,0.83142659472588,0.684260979961106,0.56625286800648,0.472184537883877,0.397435407350295,0.338159280227215,0.291288750583562,0.254425804711792,0.225684569942557,0.203543444199302,0.186744625986471,0.174251810496295,0.165254256145715,0.15918898800746,0.155754277507857,0.154899623573535,0.156796379226745,0.161808279943758,0.170480572168568,0.18355592472679,0.20200365887258,0.227036839161497,0.260092249032667,0.302766837228226,0.356731051367845,0.423656946222628,0.505199085731357,0.603039541963895,0.718971151873288,0.854957530511296,1.01309712121013,1.19543648163659,1.40362114822662,1.63842508910518,1.89923954114805,2.1836208833713,2.48698639259605,2.80252071300231,3.12132101942924,3.43277779138053,3.72516401486582,3.98638393305604,4.2048158249755,4.37016607566072,4.47424471052264,4.51157744843643
0.229146940158128,0.238685811589927,0.252604990198973,0.271423956982265,0.296242093546032,0.328851401734325,0.371771939369071,0.428175044659473,0.501686661476979,0.596100115272551,0.715055075959046,0.861748810333027,1.03872517018755,1.2477510770319,1.48974971807067,1.76473714235144,2.07171054346769,2.40846202975327,2.77133049913231,3.15493825123038,3.55198261423153,3.95315510310652,4.34725040182558,4.72150412157244,5.06216838753295,5.35530098608399,5.587706241425,5.74793490440461,5.82722810658919,5.82028992596176,5.72579450440381,5.54657288394434,5.28947226703897,4.96491829482681,4.58623516720482,4.16878322762983,3.72897143715233,3.28320225524371,2.84681565037924,2.43311840847013,2.0525986569822,1.7124253448561,1.41630329162418,1.16470139875952,0.955406171568374,0.784292644454813,0.646171736495163,0.535571644887232,0.447344082875887,0.377038294037602,0.321043511966505,0.276547359646183,0.241384553712699,0.21385406760867,0.192566278311661,0.176353435534564,0.164244319243157,0.155481279855793,0.14954617812358,0.146169270638682,0.145311474739422,0.147130021469624,0.151949503377792,0.160255826735056,0.172717155265872,0.1902146550139,0.213856525890745,0.24495243163158,0.284945424261926,0.335323550370496,0.397547370306003,0.473026659601352,0.563153264346051,0.669364752008925,0.793185797870196,0.9361903252029,1.09984752989407,1.28525214941111,1.49277824292139,1.72171798771896,1.96997079759666,2.23383131292463,2.50790529051421,2.78516585085618,3.05715605395435,3.31434266997078,3.54661835372135,3.74393345862535,3.89700955033004,3.99805971071317,4.04142500578443
0.246465390795853,0.256864255678304,0.271839458872429,0.291890789896472,0.318107769697862,0.352281651357048,0.396934055346773,0.455234046877746,0.530801885546637,0.6274293617474,0.748766807072829,0.898031138788522,1.07776967661622,1.28968702808649,1.53451473262359,1.811892787231,2.12023850085904,2.45659726349302,2.81649209812981,3.19380185707245,3.58070439841989,3.96771742584057,4.34386754768134,4.69701407262831,5.01434666117535,5.28305951231216,5.49117212090984,5.62842799050231,5.68716514557104,5.66303677825464,5.55547457136619,5.36782970306163,5.10718520646855,4.78388338840143,4.41084204005264,4.00273352623783,3.57508493672115,3.14334094642497,2.72192818331204,2.32337784679977,1.95758701137055,1.63131579220605,1.34800519495632,1.10795666885818,0.908847670491024,0.746487173310627,0.615668273187205,0.510963301001765,0.427337142555488,0.360511951491066,0.307083745657001,0.264447098084919,0.230614690939068,0.204019458866767,0.183363407134145,0.167541339941889,0.155631323268237,0.146921718378011,0.140937724841692,0.137443398990337,0.136414872589212,0.138000073878817,0.142489115092697,0.150311639725879,0.162061837299818,0.178531246941873,0.20072238056103,0.229821852081722,0.26713190676212,0.31398206781459,0.371653867230279,0.441347275052307,0.524193550621097,0.621292944167001,0.733735540769353,0.86256484205662,1.0086630747825,1.17256622044494,1.35424158439264,1.55286762862255,1.76664866949235,1.99267866742175,2.22685777166275,2.46386609258419,2.69721280208886,2.91939392419556,3.12219219779227,3.29713360166191,3.43607501520518,3.53185615462032,3.57892088820256
0.266640805143776,0.277929990183564,0.294070239535041,0.315487990772495,0.343193038410574,0.378895991579295,0.425040945685675,0.484731356443091,0.561550842326452,0.659305406968809,0.781726096719517,0.932171497695997,1.11335342985107,1.32709297613834,1.5741015465966,1.85378367920333,2.16406822768363,2.5012851738298,2.86010894780514,3.23358001397584,3.61320603446972,3.98913547693382,4.35040343323269,4.68526448517385,4.98164085459376,5.22771184944235,5.41264043584767,5.52738546749166,5.56549674126334,5.52376326373285,5.40259699438444,5.20608437605901,4.94171009226706,4.6198191902745,4.25291649212904,3.85489358768621,3.44023952939534,3.02325487214924,2.61727241378041,2.2339049492658,1.88237581982402,1.56902411456485,1.29708316123211,1.06679833244118,0.87588371109265,0.720237468013156,0.594775752645404,0.494222577375589,0.413719478997362,0.349179743470064,0.297386622647516,0.2558975650721,0.222849568886972,0.196758995366817,0.176379842867657,0.160642976592379,0.148660360883808,0.139758133624352,0.13350018776033,0.12968146909419,0.128292007603068,0.129471327772884,0.133478459470306,0.140692116451907,0.15163876227502,0.16702694543995,0.187761297310867,0.214916469154808,0.2496707479625,0.293219144502383,0.346694548407143,0.41112091846168,0.487402239193263,0.576331338154527,0.678589528616829,0.794712961697589,0.925018343800047,1.06950037513344,1.22772464925002,1.39873380363268,1.58097019294132,1.77220140535355,1.96943433992636,2.16881982504722,2.36557889570866,2.55400766152541,2.72762043442289,2.87946703412253,3.00261078533248,3.09070310364579,3.13855711978651
0.289271610215533,0.301403784738895,0.318722041609182,0.341529347504556,0.370693259223985,0.407775770758421,0.455080958141207,0.515603218033141,0.592878545172389,0.690758356673098,0.813130556466926,0.963610583209377,1.14521497163388,1.36002713003379,1.60886901557046,1.89100688070977,2.20393166194031,2.54325499032345,2.90274555445667,3.27449882261145,3.64920598562856,4.01647508134157,4.36517297686385,4.6837900032238,4.96086158549503,5.18549178044273,5.34799560914997,5.44062248437827,5.45826065975921,5.39898793966572,5.26434615057581,5.0592755321395,4.79172984581338,4.47206390637657,4.11231785566894,3.72550257795762,3.32493715581093,2.92363301578848,2.53369047614732,2.16569005273669,1.82810820228517,1.52684216286171,1.26495405786919,1.04272331390085,0.858031564617301,0.707017441693582,0.58486767400243,0.486579450991481,0.407551129546644,0.343920932650635,0.292652211004854,0.251430236639268,0.218469187465519,0.192323352657922,0.1717631295943,0.155731752989245,0.143360580072063,0.134003653823112,0.12725469075729,0.122930462173956,0.121026769121393,0.121669705010937,0.125086938880903,0.131610925602591,0.141708880449763,0.156017051004494,0.175354103187816,0.200696055429678,0.233113154748673,0.273685852907604,0.323423399366173,0.383204168946422,0.453740793822256,0.535560309177767,0.628982815503296,0.734089664592543,0.850685465738696,0.978268654470846,1.11602469741898,1.26283966567606,1.41731268790665,1.57773193813242,1.74198784366726,1.90742628629563,2.07068490641591,2.22758740072069,2.37317285641713,2.5019076670246,2.60807091299675,2.68624837801493,2.73183651283975
0.313911244784096,0.32672477826473,0.345082892864964,0.36912702348171,0.399537527225464,0.437682479669028,0.485689718935727,0.546427662757073,0.623395244359506,0.720530851400256,0.841949124093866,0.991611940841864,1.17293721137142,1.3883606022648,1.6388855846899,1.92368315821935,2.23981620541997,2.58215284289727,2.94349701794061,3.31491091398072,3.68616047840475,4.04619782015432,4.38361738392831,4.68707183264691,4.94568333290513,5.149508780812,5.29009321049748,5.36108720431797,5.35883486573852,5.28279944028382,5.13570701912184,4.92335389680358,4.65411615664944,4.33827572408382,3.9873066908138,3.61323430862838,3.22810860891078,2.84356224856916,2.47038371147331,2.11805440167355,1.79425593357172,1.50442472001894,1.25147203659831,1.0357765539636,0.855493950054346,0.707137417171163,0.586304853349355,0.488390903005571,0.40914074833161,0.344964948974883,0.29301436646592,0.251080679043434,0.217419805424837,0.190587690116245,0.169341954388644,0.152617896499296,0.139552084214849,0.129514154892764,0.122114253605032,0.117176263498199,0.114687907289811,0.114751936373016,0.117560907012261,0.123403716760481,0.132695907927053,0.146011371220844,0.164092962936387,0.187827585013615,0.218187090933194,0.256149294793942,0.302617004536208,0.358348854942328,0.423903870557278,0.499595398055011,0.585449265416165,0.681170638018642,0.786133861900969,0.899411680500051,1.01984931807359,1.14616442581975,1.27703177245522,1.41110125662677,1.54691513079232,1.68272927469767,1.81629117553192,1.94466180254671,2.06416845160911,2.17054077527733,2.25922046636525,2.32577734653064,2.36633330775025
0.340055092521248,0.353247448594392,0.372319156374694,0.397230704915512,0.428454695087503,0.467148659600226,0.515258149825136,0.575535771637789,0.651471839134799,0.747135488911829,0.866919735985224,1.01518267376501,1.19578268718505,1.41153086528755,1.66361865482727,1.95111419644509,2.27063431591362,2.61627772657238,2.97985061088734,3.35134219525282,3.71954988969901,4.07273084116092,4.39918494326118,4.6877359700469,4.92814196436102,5.11150102548729,5.23070097161368,5.28090416315207,5.25998781349124,5.16881877664282,5.01125532203393,4.79383530156962,4.52520471761166,4.21541508593778,3.8752417384097,3.51563400779762,3.14732623805046,2.78055683178792,2.42479973036236,2.08843240881754,1.77833007660976,1.49945703303173,1.25457716970829,1.04420098184498,0.866826746351721,0.719442136000378,0.598172431000761,0.498921947638069,0.417872430673517,0.351763144415435,0.297954550555509,0.25434007055175,0.21919761800551,0.191060883461823,0.168653369878146,0.15088533300876,0.13688376861432,0.126018615930683,0.117899231859165,0.112338454323842,0.109299621140519,0.108850700295184,0.111144207965691,0.116426547095223,0.125066253704376,0.137580020705369,0.154638099258079,0.177038800296879,0.20565485309464,0.241362857949691,0.284967598037273,0.337128876381957,0.398290666781047,0.468612318190915,0.54790633522307,0.635598918892558,0.730736385059362,0.832055704289016,0.938118241796797,1.04747499825564,1.15880768103839,1.27098274626259,1.38297917976972,1.49369663028716,1.60170282831472,1.70501455836994,1.80100374917174,1.88648128761143,1.9579464731153,2.01193235124275,2.04534958921359
0.367154195507788,0.380272957879088,0.399535185131948,0.424723309778876,0.456108604586535,0.494650653039535,0.542134532998833,0.601228797670037,0.675453144118817,0.769043444639141,0.886694550632043,1.0331629651173,1.21272550416283,1.4285272416171,1.6818983253377,1.97176116631968,2.29426176033191,2.64272785966164,3.00798723247911,3.37898943657378,3.7436038828887,4.0894385655478,4.40455389260342,4.67801595432003,4.90030952387695,5.06367814982775,5.16245118702868,5.19336759760047,5.1558394055544,5.05205713563481,4.88685115382744,4.66728501175759,4.4020447014998,4.10075396572579,3.77336140403515,3.42969742501509,3.0792132500361,2.73083205178165,2.39280179481679,2.07246305594731,1.77591497376885,1.50764709095392,1.27025834246362,1.06438148934763,0.888873686542568,0.741245345631295,0.61822282260083,0.516304112119749,0.432184894567204,0.362991331224545,0.30632764852267,0.260201629557406,0.222910984525237,0.192957260854412,0.169017009985593,0.14996131235877,0.134891793157016,0.123160724992392,0.114357316908736,0.10826490413615,0.104807764680751,0.104010211132797,0.105981720669345,0.110927016162434,0.119168887339587,0.131165241179687,0.14750741921892,0.168894513679303,0.19608797882582,0.22985433484825,0.270900831811609,0.319804709223316,0.376932553737455,0.442352156465064,0.515749385909473,0.596376447254638,0.683062742836509,0.77430918172285,0.868461163103612,0.963919884118939,1.05932628126604,1.15364691439711,1.24611888669064,1.3360609360142,1.42261240266763,1.50449696280705,1.5799033383181,1.64653392858803,1.70180669856161,1.74313924818464,1.76822000701533
0.394652802166093,0.40710574117006,0.425860490535167,0.45054711948407,0.481267333502732,0.518820049171249,0.564871808996067,0.622049982037009,0.693939429232143,0.784960160246349,0.900096975132899,1.04445814327421,1.22266169639282,1.438093837307,1.69213749652058,1.98351403937357,2.30789112264708,2.65787115505264,3.02339471937662,3.39249209185418,3.75223569711254,4.08971190279497,4.39285894691768,4.65109104411432,4.85571243567384,5.00018385933086,5.0803100382532,5.09437986621115,5.04323351595018,4.93019301323091,4.7607995436205,4.54235095659285,4.28330508770293,3.99266594136743,3.67947577327115,3.35248664812482,3.02000460201239,2.6898272165085,2.36916440655826,2.0644615024211,1.78111343029766,1.52313846959032,1.29292726198276,1.09117561059082,0.917052897752136,0.768575534389347,0.643087410178204,0.5377216992814,0.449740863619297,0.376709030617846,0.316514897571354,0.267307802767165,0.227419723198389,0.195324179228774,0.169646705638627,0.149208466458695,0.133069711972078,0.120545923973144,0.111187040315671,0.104731218531136,0.101053989597405,0.100132796701655,0.102035396277788,0.106926941761605,0.115083241001967,0.126895854579813,0.142862629929775,0.163563768893013,0.189628889166043,0.221698655890199,0.260378059647004,0.30617409717287,0.359410171008779,0.420121174117113,0.487948477016752,0.562070199239373,0.641205596057336,0.723717807607642,0.807808654609388,0.891759953135657,0.974149327789123,1.05396468040103,1.13057142501669,1.20353856823215,1.2723848884752,1.33634116858277,1.39421886991941,1.44443403676371,1.48517053843545,1.51461236026334,1.53115342884384
0.422035525182628,0.433115021891765,0.450536035882515,0.473822521390536,0.502958617494954,0.538636184137177,0.58245375842882,0.637037860352396,0.706058506417076,0.794108165839404,0.906409996018589,1.04833252090237,1.22471540246556,1.43906186748149,1.69270950813779,1.9841357373966,2.30856131364725,2.6579721021549,3.02159374900573,3.38674680485633,3.7399233011643,4.06788519903309,4.35860843039396,4.60196793201698,4.79014670733539,4.91782157748464,4.98220090486151,4.98297074129433,4.92216230680217,4.80391999672697,4.63414748461981,4.42004050643349,4.16956334291425,3.8909572398514,3.5923654044304,3.28161391323023,2.96612274914574,2.65286891642778,2.34830884420936,2.05820294486902,1.7873496100621,1.539301761536,1.31617082283577,1.11860549641764,0.945975453790642,0.796716707161773,0.668742662462179,0.559811485812048,0.467770806748958,0.390657265179159,0.326683404939297,0.274176082563945,0.231529055639689,0.197204324676653,0.169781194940809,0.148024970687117,0.130940620202717,0.11778928064276,0.108065390636205,0.101451211020646,0.0977702864036632,0.0969564402929882,0.0990418613594448,0.104156362418141,0.112526816027872,0.124468136943565,0.140366660644599,0.160661137244414,0.185827053136517,0.21636257295257,0.252764549273522,0.295478985487533,0.344813736378493,0.400818480276741,0.463157097219351,0.531015950579951,0.603093997237621,0.677702764705316,0.752969920029302,0.827098271464694,0.898604626451771,0.966459520722417,1.03007939693109,1.08917492657301,1.14351372673007,1.19268984090273,1.23598701886802,1.27238273948588,1.30067783055882,1.31968473300744,1.3283880087533
0.448869854202943,0.457783416594427,0.472976140422839,0.493928406582785,0.520571679932597,0.553550204489402,0.594440456012547,0.645891470690108,0.711649406992644,0.796429580767962,0.905600662482895,1.04466252138303,1.21853066704883,1.43069232358398,1.6823536911964,1.97173922317554,2.29370797731958,2.63980729188219,2.99879840984222,3.35758099584876,3.70235407669731,4.01980433099703,4.29812801741678,4.52775871511587,4.7017612138404,4.81593151736864,4.86868390460446,4.86080857539637,4.79515631178167,4.6762765658948,4.51002152579783,4.30313420782075,4.06285709479397,3.79660571832801,3.51174027657869,3.21543414033795,2.91459808787214,2.61579609084395,2.32509532697118,2.0478347080652,1.78834952653064,1.54973294281456,1.33372261643891,1.14076725345033,0.970268679176181,0.820933477590597,0.691135099901553,0.579193247282973,0.483519080806034,0.402631674028954,0.335096597112024,0.279455006808534,0.234197228022797,0.197799718619726,0.168809135915219,0.14593599541061,0.128121637799985,0.114560381626839,0.104680326806449,0.0981029278901136,0.0946021657340829,0.0940761671348573,0.0965308318746992,0.102066563796557,0.110860474597425,0.12314232237653,0.13917241683521,0.159231029510224,0.183624032350515,0.212696736383574,0.246835293095415,0.286431809133268,0.331796801280725,0.383025230189512,0.439846782169583,0.501511171987888,0.566760616623127,0.633920976293017,0.701105923854806,0.766484875912602,0.828537525870894,0.886214514538537,0.938953941407747,0.986554372157738,1.02895794672725,1.06603054161606,1.09742164196497,1.12254946792034,1.14069884625845,1.15117073775562,1.15340397383084
0.474840467602583,0.480739163022017,0.492800556170331,0.510534817122556,0.533890209451851,0.563517852132809,0.601001082782582,0.649005320644401,0.711304548609041,0.792643980843824,0.898405413699113,1.03406341952061,1.20445383510189,1.41292599681875,1.66049986193941,1.94518538013922,2.26162344342548,2.60116447587713,2.95241953505524,3.30221504211207,3.63679274301987,3.94304416907485,4.20957440299984,4.42744714939207,4.59054943858014,4.69560305465773,4.74190978414037,4.73094272655876,4.66588541726916,4.55119223810371,4.39221343308548,4.19490313308907,3.9656136877636,3.71096384727883,3.43775327590528,3.15288018766445,2.86321277767236,2.5753785147363,2.29546692727387,2.02868712965386,1.77905736646244,1.549216079613,1.34041997891985,1.15274051181288,0.985408330219622,0.837208022454006,0.706816013196831,0.593003791781705,0.494684592227631,0.410840119830764,0.34039987431132,0.282148371297372,0.234707712646036,0.196600459986889,0.166362590346987,0.142660259983294,0.124372142140419,0.110621870574425,0.100767693570271,0.0943707991245682,0.0911611964052202,0.0910102570474401,0.0939066310503334,0.0999273336959123,0.109201169779284,0.12187019597113,0.138064332913825,0.157901804491419,0.181517919840867,0.209107236324916,0.240949633201988,0.277389146117513,0.318746111527099,0.365170666490709,0.416473567894456,0.471991319540015,0.530542543106105,0.590509367274126,0.650038447623999,0.707311874152805,0.760810629515275,0.809490266231415,0.852817787468732,0.890667587648169,0.92312473454072,0.950275984040277,0.972065939550845,0.988262584194135,0.998523581525634,1.00251018104848,0.999978136671807
0.499785171423529,0.501785222978138,0.509851767284768,0.523603003676302,0.543070033703594,0.56895115292492,0.602839146220409,0.647372311733291,0.706260184717265,0.784141807142389,0.88624615815426,1.01784949305526,1.18355742300736,1.38648528329633,1.62745359796795,1.9043463310937,2.2117806244078,2.54119768990004,2.88141103796133,3.21955131061417,3.54225914660698,3.83691982647723,4.09272847679984,4.30142198021937,4.45759729560923,4.55863318542626,4.60431081859589,4.59627521958322,4.53748326135513,4.43175380353686,4.28348513628451,4.09754656775803,3.87930172348882,3.63468445648088,3.37023523263062,3.09301616747221,2.81035765888347,2.52944372935728,2.25679993577385,1.99779383465014,1.75627061022933,1.53442105950336,1.3329181345694,1.15128091219139,0.988360572777199,0.842812101567924,0.713432890908661,0.599304761211573,0.499747915025549,0.414156269471868,0.341810335728029,0.281751952586495,0.232763981404622,0.193448206056715,0.162359157107552,0.138139904616733,0.119619543423306,0.10585836376077,0.0961496418192632,0.0899991860538233,0.0870987407610497,0.08729881946276,0.0905758642953295,0.0969873817909214,0.106617632842848,0.119526715047399,0.135723938931962,0.155180016022522,0.177877538309993,0.203878006834684,0.233368265750404,0.266649625408309,0.30404874737066,0.345760918130849,0.391666571973643,0.441182780222613,0.493209367900536,0.546203794954304,0.598378536866565,0.647970771220165,0.693507960413575,0.733990875179452,0.768944059020455,0.798329900611997,0.822369469417394,0.841343327571337,0.855443582121251,0.864719555299049,0.869112709823184,0.868536849652381,0.86294351159446
0.523747254904689,0.520945327317799,0.524222361524307,0.533381949319461,0.548594070269955,0.570624238785499,0.601046790037447,0.642391137683817,0.698169452167337,0.772743139719278,0.871000233026727,0.997842392093078,1.15751145269488,1.35282605607951,1.58443595927834,1.85022839097459,2.14502270295738,2.46065671959842,2.78650396064102,3.11037187147533,3.4196455950977,3.70247924790783,3.94882181155603,4.15110307118532,4.30448641767462,4.40670088625738,4.45756002608875,4.45833964206128,4.41119973823643,4.31879927802744,4.18417817574456,4.01088839064635,3.80327502392989,3.5667561328391,3.30794592345796,3.0345089104068,2.75471271723314,2.47674323444365,2.20792551514787,1.95403576356752,1.71887355114311,1.50419576475328,1.31001318234952,1.13514953345716,0.977897287426634,0.836591864754306,0.709971947025451,0.597275994571698,0.498113535329076,0.412213346994252,0.339168490731009,0.27827234757619,0.228486058337629,0.18852111460228,0.156984935054711,0.132529290436928,0.113959650418487,0.100292279095479,0.0907686873506458,0.0848472387685215,0.0821848542074343,0.082611155178728,0.0860887395104797,0.0926554116163994,0.1023559473177,0.11518219144085,0.131046654418271,0.149804809117063,0.171322353628526,0.195559989055942,0.22263294339498,0.252805299673715,0.286398541603919,0.323628152290365,0.364413241645714,0.408223687311081,0.454024646190308,0.50035060496515,0.545500345781131,0.587801955315657,0.625873407991099,0.658804042082377,0.686210108842446,0.708160616281278,0.725012333829486,0.737219762006711,0.745184189522468,0.749181209541919,0.749365929213267,0.745821357490863,0.738601491667962
0.547048145426476,0.538536024804261,0.536308106036275,0.540424854963358,0.551236985990436,0.569575299717796,0.596939635358323,0.635637870616512,0.68882360134888,0.760389735021649,0.854690135585656,0.976087199116576,1.12835163165844,1.31397677697299,1.53350264586704,1.78496991153137,2.06362891962989,2.36200303682229,2.67035042947705,2.97748634594195,3.27184408264017,3.54258593239777,3.78055256824959,3.97887110348418,4.13312321423527,4.24108847793965,4.30218729795489,4.31682496667232,4.28585499552222,4.21033120388088,4.09161768014468,3.93180050559898,3.73423765280048,3.50402308288391,3.24815313609565,2.97526367627681,2.69493309349201,2.41668185065898,2.14889716785132,1.89794405474167,1.66767487853027,1.45943807555163,1.27254689208919,1.10504620358866,0.954550607127345,0.818934021812886,0.696725562077432,0.587175031672783,0.490055129244467,0.405332976321202,0.332852813396417,0.272133096730976,0.222316393337055,0.182248207555946,0.150624965587361,0.126146730147473,0.107632062532336,0.0940828311141557,0.0847089320350418,0.0789311131998643,0.0763717594084199,0.0768330155164554,0.0802548173553779,0.0866502508142691,0.0960294534918532,0.108334943145729,0.123416075743768,0.141057694912159,0.16105656721009,0.183314335044424,0.207901271699287,0.235050266729363,0.265062473178745,0.29814188979386,0.334206732391672,0.372742551968267,0.41275448817887,0.452846555708255,0.49141559439511,0.526908171339102,0.558068934650838,0.584111426401766,0.60476998592976,0.620231008062543,0.630979299859982,0.637617958955442,0.640717750295431,0.64073077928725,0.637969859443177,0.632627855082141,0.624800461214216
0.570359440541822,0.555247102587015,0.546876043172491,0.545625301526415,0.552052681618112,0.567033391368813,0.59191745873078,0.628662912586889,0.679895776694429,0.7488532368869,0.839178264018604,0.954556735019593,1.09821344745288,1.27231683353747,1.47737388551758,1.71172339518724,1.97124506359212,2.24938320695456,2.53753563218874,2.82578092209975,3.10383392070013,3.36204889124008,3.59226194991859,3.78829345089309,3.94601464379163,4.06300477060418,4.13794429935448,4.16997349342795,4.15825840036805,4.1019408991219,4.00052213093044,3.85457466543979,3.66655210975323,3.44140448944836,3.18674210657295,2.91241051627705,2.62951010352011,2.34906325335468,2.0806417849572,1.83128566085446,1.60496041069697,1.4026467713734,1.22298099363656,1.06322375706542,0.920274251330713,0.791472977919534,0.675038090442673,0.570111839528531,0.476509963039615,0.394332876283627,0.32359839319079,0.26400588523914,0.214867970551013,0.175179711525097,0.143760238586676,0.119400302440742,0.10097407321269,0.0875048086991033,0.0781951487216801,0.0724389728599414,0.0698219715732384,0.0701075149431374,0.073198861656871,0.079075465571839,0.0877162231942714,0.0990344108317018,0.112852885517936,0.128934070441172,0.147056776763857,0.167107159911385,0.189138021440494,0.213357676123052,0.240033059738325,0.269327496346335,0.30112225985018,0.334885021073894,0.369637720335642,0.40404567657822,0.436610914548251,0.465917283586518,0.490859870874361,0.510797094607356,0.525591530060262,0.535541567193271,0.541237688008017,0.543394594224657,0.542706161926998,0.539751810225858,0.534955992448137,0.52858248652181,0.52073842057065
0.594727009133778,0.572183264444928,0.557106155416266,0.5502423899608,0.552369020063679,0.564372872239807,0.58737349455364,0.622855761956134,0.672766829519361,0.739531195917915,0.825943725771591,0.934918757899313,1.06909641963132,1.23034072479445,1.41919832070226,1.6344178685648,1.87264520462528,2.12839608631576,2.39436412452018,2.66204569437685,2.92257919876052,3.16762367385817,3.39007260784681,3.58442967030624,3.7467620409558,3.87427631415074,3.96468730529059,4.01563294813604,4.02439097478163,3.98806729478244,3.90427316879353,3.77213174061135,3.59331743931756,3.37277940337498,3.1188609258626,2.8426851913862,2.55688655999775,2.27396168357472,2.00462870553015,1.75658304643372,1.53392118344249,1.33731260669483,1.16479660897555,1.01292830155461,0.87794323217001,0.75665612403213,0.646933523415057,0.547730164981816,0.458803548829428,0.380285672969713,0.312283706017363,0.254622416892355,0.206761067443842,0.167849747660376,0.136857091243781,0.112703258279932,0.0943593300839951,0.0809058508291647,0.0715629293475109,0.0657082549008105,0.0628879613861962,0.0628141876236202,0.0653381658170915,0.0703953754221938,0.0779350715557831,0.0878586596662648,0.0999949994773553,0.114126611200914,0.130058723318321,0.147699446258155,0.167107786661057,0.18847437041703,0.212023370065959,0.237858413239829,0.265801146091889,0.295281634833766,0.325326584760123,0.354660118086278,0.381895263568411,0.405763516405884,0.425319923131903,0.440070657658288,0.449997861101954,0.455488887385868,0.457202678309123,0.455917587469435,0.452398102550639,0.447301511085497,0.441124698620605,0.434178372303359,0.426573971617023
0.621489370478484,0.590805952372982,0.568547983748068,0.555864082805711,0.553751347668041,0.56307262396205,0.584646866318074,0.619389423552137,0.668460429969029,0.73336998925976,0.81598716724146,0.918413117850505,1.04270076669888,1.1904400025943,1.3622675759611,1.55739876442693,1.77329867264194,2.00560074961019,2.2483361365552,2.49446000342935,2.73657471947115,2.96767728645697,3.18173230961463,3.37390875038386,3.54041523558523,3.67800387224796,3.78333851409485,3.8524988025905,3.88087792522475,3.86362453649182,3.79660486728468,3.67767010788656,3.50787606218863,3.29226457440166,3.03990494211932,2.76308527763645,2.47578148413334,2.19174157884957,1.92263371098765,1.67668630583709,1.45810215217125,1.26730803511988,1.10187886865724,0.957818332730493,0.830831981836841,0.717291930945072,0.614734009739824,0.521890137864646,0.438386701984839,0.364300285790618,0.299747484062618,0.244619959586949,0.19849262887381,0.160666048853242,0.130274356624796,0.106395569869993,0.0881302126097043,0.0746454399497153,0.0651996001003586,0.0591636313758665,0.0560424195013997,0.0554872018158366,0.0572849519948095,0.0613186598964669,0.067508456061805,0.0757561008198802,0.0859195287113643,0.0978311464926209,0.111353102293618,0.126440808620792,0.14317581439933,0.161737590565135,0.182306433745038,0.204921487637671,0.229340469214063,0.254954910963836,0.280799525550934,0.30566335724955,0.32827663992981,0.347521340206278,0.362608538484177,0.373178725677072,0.379308900354695,0.381439043019016,0.380250067071989,0.376530987729656,0.371063168480938,0.364534430849553,0.357480296169038,0.350243495167704,0.342945747556298
0.652051364919638,0.612729928801452,0.582944470226405,0.564262374007102,0.55789285127356,0.564644729456413,0.584990743599666,0.619225396174208,0.667676461579943,0.730910948860397,0.80986637874409,0.905847258574247,1.02034985205975,1.15472065514801,1.30970252660546,1.48496782265447,1.67876300421494,1.88777886075999,2.10731316938495,2.33171111051617,2.55498063645918,2.77141028106061,2.97599792225898,3.16454572378182,3.33338145863617,3.4788047301277,3.59647761062977,3.68104095699843,3.72620475645251,3.72543279640066,3.67315227223806,3.56622317776618,3.40527240871153,3.19547986470042,2.94651874995391,2.67156928638152,2.38557941977453,2.10315957953275,1.83659878794413,1.59444930225359,1.38095757471933,1.19638094221191,1.03799866475683,0.901471766010928,0.782170997958347,0.676168935297328,0.580744659526837,0.494415798031171,0.416638597765132,0.347371208795466,0.286674236835611,0.234453386248833,0.190365960072733,0.153849637772018,0.124206744505819,0.100686153920279,0.082535330040659,0.0690250816551531,0.0594649717003755,0.0532261095146529,0.049772830678698,0.0486915582415229,0.049699449942725,0.0526232480425139,0.0573548001159558,0.0638028508262386,0.0718660019997946,0.0814406533690221,0.0924594779843357,0.104936011987651,0.118981807122,0.134770608858783,0.152444800089172,0.171988068870931,0.193107504716855,0.215172806182215,0.237243930054506,0.258188647247633,0.276860924764781,0.292289777008225,0.303827897976285,0.311225079940222,0.314618873970403,0.314460038961123,0.31140419793149,0.306201227420885,0.299601102556807,0.292280782684921,0.284785784696918,0.27747997840872,0.270504606941541
0.687523156761594,0.639376490857064,0.601917032811202,0.577126818344973,0.566411158499266,0.570505226550569,0.589522554938722,0.623140286655427,0.67088037297552,0.732417124457165,0.807824302680116,0.897681451026759,1.00298564316242,1.12486477985324,1.26414614038017,1.42088595496068,1.59399273610085,1.78106347692725,1.97849836671562,2.18187310092715,2.38645926961212,2.58771958770624,2.78159665427301,2.96447263357581,3.13278991821716,3.28246033293316,3.40830068295925,3.50377558443069,3.56127465520215,3.5730062111762,3.53239298499475,3.43566505604739,3.2832317704817,3.08041942195509,2.83729809631543,2.56755259603221,2.28660981314799,2.00944009285657,1.7485341591453,1.51249882559931,1.3055313164837,1.12778779229349,0.976434256843345,0.847023747731844,0.734820490880228,0.635777447027368,0.547029223069442,0.466925439773434,0.394748204139036,0.33030401552721,0.273554222470213,0.224378405773049,0.182485566004934,0.147430414996969,0.118672233664582,0.0956258148949168,0.0776846845884465,0.0642248770971826,0.0546100691654228,0.0482149402411892,0.0444665967703772,0.042889619846799,0.0431340162479559,0.0449728375194507,0.0482721772017064,0.0529499969758868,0.0589468974609616,0.0662230964551069,0.0747800575021759,0.0846871370944296,0.0960851602770515,0.109145815176831,0.123984152358878,0.140546937934635,0.158515826682726,0.177266803933039,0.195910747582261,0.213411848146032,0.228753406123091,0.241103408210716,0.249935517854481,0.255078633503897,0.256694742348389,0.255206418417662,0.251204222202951,0.245359692002691,0.238354430943897,0.230822492750695,0.223296168888005,0.216150180375109,0.2095506253899
0.728298612307801,0.671549449694607,0.626565813804058,0.59571455909371,0.580570699041138,0.581786044116796,0.59913458648637,0.631733167159424,0.678392359639533,0.738015933455347,0.809945195321969,0.894150968259532,0.991207539650905,1.10204105662702,1.22751043845617,1.3679351714774,1.52271002568612,1.69012696447483,1.86746348942085,2.05130560042842,2.23798698960755,2.4239717660931,2.60601356693557,2.78099514532979,2.94547044906667,3.09506304678642,3.22396884720722,3.32483219534821,3.38919042478199,3.40852590163967,3.37577046114051,3.28693229168631,3.14242524938134,2.94770879115366,2.71299844992893,2.45204068275037,2.18019272267717,1.91223415248635,1.66040049871032,1.433056112181,1.2342360140363,1.06404878214667,0.919719433024206,0.796922956898696,0.691047874231827,0.598118960353431,0.515259378882256,0.440725308082279,0.373652869750931,0.313694977224759,0.260696165338014,0.214486329002611,0.174801323903224,0.141288343560548,0.11353988470716,0.0911146092362909,0.0735333492220766,0.0602637707390118,0.0507165877722532,0.044269734919094,0.0403184947333054,0.0383346552461531,0.0379111496969188,0.0387758389374495,0.040773851741839,0.0438321251724173,0.0479277187605844,0.05307476372004,0.059331399577491,0.0668116567727962,0.0756791478092502,0.0861050601126994,0.0981887735981002,0.111861746276657,0.12680897049632,0.142443550740597,0.157953917302626,0.172417355004468,0.184949613853389,0.194846758962289,0.201681155094568,0.205331753686434,0.205953951607465,0.203912589019943,0.199706432979515,0.193904388487632,0.187096969399873,0.179854255874873,0.172677642447777,0.165941454140273,0.15983471101222
0.773699538500875,0.709055098115535,0.657093133013097,0.620504887366685,0.600993526010905,0.599122015345374,0.614368941067213,0.64538948216608,0.690429014536668,0.747795471591532,0.816273026141402,0.895368686755114,0.985321092575978,1.0868662103419,1.20082562915453,1.32764021904131,1.46699311613325,1.61763826800658,1.77748233903277,1.94387429801511,2.11397565951222,2.28504237181342,2.45446983597668,2.61953506088401,2.77688937123106,2.92197618999284,3.04862194638098,3.14904578346651,3.21444237152587,3.23613200589696,3.20708998626029,3.12351671175807,2.9860480285662,2.80025540738854,2.57624461168772,2.32738580762345,2.0684317232367,1.81343855726156,1.5739449758085,1.35778133702126,1.16869917896207,1.0067913901524,0.869483949999367,0.752772384484057,0.652375887056474,0.564570863148887,0.486605578102764,0.416734307878701,0.354001006126734,0.297931141391676,0.248259383164954,0.20475901464231,0.167174775230266,0.13521937314016,0.108585355365807,0.0869399991521422,0.0698990382028305,0.0569968344596288,0.0476767660578285,0.0413170097335976,0.0372877631112333,0.0350210244089122,0.034067481180626,0.0341221137399542,0.0350155482281019,0.0366826028737589,0.0391283017653938,0.0424066971564653,0.0466163500952902,0.0519013888824394,0.0584391902829553,0.0663999574103385,0.0758767903325579,0.0868042597761227,0.0988950260438526,0.111624656012719,0.124279918081704,0.136062653205289,0.14622064751165,0.154166222100838,0.159550514781825,0.162279438169299,0.162480331767227,0.160443425845603,0.15656372450665,0.151298486922927,0.145138261197087,0.138578442318324,0.132077031643076,0.125995769544082,0.120537703610303
0.821826221391914,0.750506106901775,0.692580641563034,0.650971560276765,0.627448331857593,0.622475054363824,0.635289666631771,0.664206313385236,0.707078603781782,0.761819224557249,0.826849945991417,0.901369803105954,0.985372943965091,1.07941801489167,1.18422365192197,1.30021876096123,1.42719052032873,1.56413696266684,1.70935688117678,1.86071696534456,2.01596303650347,2.17291440900549,2.32941537784692,2.48300881632432,2.63041334860335,2.76699145240868,2.88644609659577,2.9809581479188,3.04187233453501,3.06088262482942,3.03150592142001,2.95051328363483,2.81895664754421,2.64249797354234,2.43090636656212,2.19679286115407,1.95384309019314,1.71493183601036,1.49052039857325,1.28764914490288,1.10966942530733,0.956666545518753,0.826366413559433,0.715234090567838,0.619481907337852,0.535788241251214,0.461651543996348,0.395420701213038,0.336117455716251,0.283186524150864,0.23627848640681,0.195116115398201,0.15944078189874,0.129002884449683,0.103556553835124,0.0828352564637252,0.0665104091138133,0.0541531210874457,0.0452223963421334,0.0390931131835844,0.0351180421237549,0.0327038994474134,0.0313752975347305,0.0308073962273114,0.0308229134301216,0.031363296044894,0.0324530789473194,0.0341728590212605,0.0366465578010922,0.0400350894455639,0.0445209639127867,0.05027134354692,0.0573780652008787,0.0657898553491944,0.0752616151195302,0.085345949668293,0.0954387594424352,0.104870428048915,0.113016681993842,0.119394957630513,0.123720140977025,0.125910460475955,0.1260547531067,0.124364305184979,0.121131397840792,0.116705054438135,0.11147773261907,0.105867431294183,0.100280571826418,0.0950541580437813,0.0903921367359287
0.869715435893934,0.793415890769034,0.731025523891185,0.685570976901365,0.658803443775044,0.651065329329875,0.661404073437648,0.687913304409255,0.728228542331643,0.780065555456501,0.841673433014857,0.912094066285234,0.991168108754158,1.07929948174559,1.1770608695917,1.28477065187736,1.40217790532732,1.52834890915201,1.66177171415066,1.80060640283718,1.94294611776659,2.08694025618661,2.23067839163451,2.37182899492577,2.50713635680245,2.63196683883008,2.74012210081298,2.82409117538564,2.87580092526868,2.8877772059657,2.85449331139119,2.77359708264023,2.64670741256217,2.47955478242281,2.2813916972799,2.06377496898741,1.83897261625502,1.61833431374084,1.41095838668689,1.22289886993351,1.0570083043353,0.913352737550671,0.790010812957008,0.68400875464441,0.592160282972048,0.511655158192082,0.440343724957314,0.376758960296435,0.319974814052719,0.269411787488504,0.224672126199069,0.18544117098591,0.15144783946651,0.122452697819352,0.0982321477553788,0.0785429922085478,0.0630739410865196,0.0514049493717341,0.0429961879562717,0.0372178850258661,0.0334140909589865,0.0309803605882525,0.029429822493009,0.0284287991711999,0.0277970397906838,0.0274809904446869,0.0275176500359846,0.0280039173355675,0.029078174014341,0.0309087529801766,0.0336768893913097,0.037543789156682,0.0426003156557852,0.0488119030878237,0.0559790831308427,0.0637340344948018,0.0715818378388455,0.0789778762790867,0.0854186233523074,0.0905170880332744,0.0940425317976823,0.0959193111022055,0.0961971403386283,0.0950139679352325,0.0925695885254606,0.0891161913128799,0.0849565959151879,0.0804337139617726,0.0758974746126013,0.0716493122703278,0.0678802133622028
0.913820996287822,0.834609254775115,0.76967086290353,0.721988618171816,0.693191261871173,0.683459827973147,0.69168476269385,0.715840419275559,0.753494541402162,0.802338121309128,0.860612634220915,0.927337064166317,1.00228774211877,1.08575384391956,1.17815589693141,1.27965470434259,1.38987681771935,1.50783505863364,1.63204644364208,1.76076746972611,1.89221512742396,2.02464040864099,2.15617646482062,2.28447922006383,2.40627727193682,2.5170167950679,2.61079213343533,2.68069105294544,2.719568859322,2.72113298410193,2.68111304861504,2.59824091935835,2.47479267156253,2.31653865047469,2.13208633886055,1.93174410259554,1.72614225924366,1.52489624949544,1.3355700757962,1.16311151999181,1.00980710773493,0.875681830107082,0.759179669684998,0.657924477533191,0.569383780093135,0.491321783895712,0.42201022784145,0.360237270284786,0.305195407929044,0.256335233872877,0.213246397898709,0.175590185747322,0.143074404972175,0.115443661421407,0.0924606358241985,0.0738682255387271,0.059341415092821,0.0484489682662961,0.0406445720772205,0.0352969095425014,0.0317514962573676,0.0294055483953897,0.0277721530807868,0.0265161168633227,0.0254563438507,0.0245416934189556,0.0238159023778847,0.0233852552948667,0.0233961352021907,0.0240191802720549,0.0254305997534062,0.0277826191364688,0.0311619325498275,0.0355465221666709,0.0407769459769933,0.0465577723271078,0.0524946729260342,0.0581585340801088,0.0631570986121405,0.0671909219248113,0.0700788873428593,0.0717517579286926,0.0722264277941462,0.0715793795951881,0.0699331959616994,0.0674584396873532,0.0643796982653261,0.0609696751526374,0.0575193828837649,0.0542862757685562,0.0514366710957452
0.950725863755592,0.870872267660606,0.805571525908522,0.75760629185021,0.728369073142239,0.717825463447877,0.724720249379708,0.746978287174513,0.782210575540066,0.828213432656501,0.883348900185608,0.946724333229381,1.01813884179991,1.0978283641491,1.18609741490141,1.28295761233844,1.38788668431932,1.49977329202708,1.61704090135657,1.73786931122999,1.86039014937541,1.98273894097615,2.10290482091152,2.2184106305686,2.3259434880892,2.42110796197265,2.49846216769934,2.55192538886698,2.57553373161948,2.56440503529927,2.51569640445832,2.42931877732995,2.30822367931964,2.15817720705374,1.98705870374146,1.80383097534626,1.61739580471033,1.43556164149721,1.26430631468593,1.10743662379711,0.966648993245179,0.841908637305431,0.732009898957559,0.635165339131711,0.549497973502665,0.473362675812033,0.405484049630563,0.344948349223099,0.29111323704915,0.243500248283903,0.20171324903656,0.165397696547062,0.134230306936633,0.107916375147715,0.0861756295463095,0.0687096907976235,0.0551601812874871,0.0450755689011493,0.0379040952028366,0.0330212987998884,0.029785999068762,0.0276085292600045,0.026010209234027,0.0246580922608326,0.0233696216739332,0.0220923063154433,0.0208714598433833,0.0198178299886478,0.0190821129830733,0.0188348851215316,0.0192455164669104,0.0204547250423675,0.0225405257456738,0.0254861431141527,0.0291619577478474,0.0333324400423096,0.0376902429164922,0.0419085125762932,0.0456950254336291,0.0488303046757394,0.0511803997411448,0.0526861078675434,0.0533412539342569,0.053175517308085,0.0522513686606619,0.0506740204950883,0.0486021155306158,0.0462443640762918,0.0438326473412476,0.0415751445768001,0.0396054844200477
0.977907041606238,0.899676354202455,0.83625305357152,0.790076521637537,0.762195367184612,0.752300143725256,0.758980969741332,0.780147814134298,0.813520083021839,0.857080849766074,0.909399414746779,0.969757805164303,1.03806240927174,1.11457771211304,1.19956643386224,1.29294624282236,1.39406538624237,1.50165451531394,1.61394631186359,1.72888706386971,1.84432750451195,1.95808859260487,2.06785384398858,2.17092437365939,2.26394924925918,2.34278355094819,2.40260481497969,2.43834354330142,2.44537824697748,2.4203478408528,2.36188153618271,2.27105298605645,2.15143319833713,2.00871772226106,1.85000847615228,1.68290776459525,1.51461157526031,1.35117200091355,1.19704118758502,1.05493586956043,0.925989333002312,0.810104731444819,0.706399650694621,0.613634935591815,0.530549388557112,0.456061237287267,0.389338828773174,0.329774414641792,0.276908985613953,0.230354178932436,0.189740000666927,0.154696241723006,0.12485712957896,0.099869858503548,0.079391159359021,0.0630658609719039,0.0504948819916248,0.0412079896392601,0.0346567229486905,0.0302360721114794,0.0273310452776907,0.025375422655523,0.0239049298425402,0.0225905806111836,0.0212463532104415,0.0198140553811449,0.0183354424971417,0.0169211473295537,0.0157229503521582,0.0149095354833358,0.0146423031763141,0.0150488007230066,0.0161947801469997,0.0180621047871557,0.0205409074361161,0.0234424151351395,0.0265312494762485,0.0295677627891338,0.0323468101414724,0.0347201176777255,0.0365979790786391,0.0379349733696535,0.0387119628464978,0.0389267314231924,0.0385987527361823,0.0377841512779267,0.036588312070721,0.0351634420197918,0.0336844626869665,0.0323083532381693,0.0311319265634484
0.994339506707682,0.919772913991038,0.860279342142339,0.817846626244104,0.793095847212194,0.785390029531212,0.793142692406015,0.814251909278693,0.846566362464608,0.888289833495556,0.93824533298527,0.995951271877936,1.06150085493275,1.13528210932533,1.21761551334433,1.30840924545389,1.40692722056692,1.51172687524757,1.620765371564,1.73161003213831,1.84165193179696,1.94822536841919,2.04858413591666,2.1397613294395,2.21840784679798,2.28073889249089,2.32269422159904,2.34034624576561,2.33049464979719,2.29130425578995,2.22280942899406,2.12713263850468,2.00834252192124,1.87197493622306,1.72432802313371,1.57169131487462,1.41966731897483,1.27270266772514,1.13387941550359,1.00495268946601,0.886572356963485,0.778603339034039,0.680461282854447,0.591397777964672,0.510697659892457,0.437778072669727,0.372202772294706,0.31364056630821,0.261801494489977,0.216381116793016,0.177030613901604,0.143356207133728,0.114938293282341,0.0913536307085733,0.0721863069690192,0.0570204839123272,0.0454195200163643,0.0369037932962823,0.0309412435897386,0.0269603058735054,0.0243845555815642,0.0226803996348602,0.0214033513373529,0.0202301122812967,0.0189698507032008,0.0175550675652731,0.0160190486446068,0.0144671346633957,0.0130477341470944,0.011924589894576,0.0112495970142511,0.0111364733138733,0.0116376300291708,0.0127304748765651,0.0143184212076559,0.0162490166194394,0.0183449818703514,0.0204382450963115,0.0223958463535197,0.0241293016205486,0.0255875226190765,0.0267402907031819,0.0275638215670353,0.0280376490751674,0.0281546268292945,0.0279379522301115,0.0274531797183197,0.0268052382750426,0.0261169302913612,0.0254953565115766,0.024999640193794
1.00075984436414,0.931482881907666,0.877563445699591,0.840481850271123,0.82038733911023,0.816282274803606,0.82637820540004,0.84854036712159,0.880730105300818,0.921364455578571,0.969530714354964,1.02502157756861,1.08818680899178,1.15963460067535,1.23985037792887,1.32882538935963,1.42578982226356,1.52911623905638,1.63640740019531,1.74472010336137,1.85083335412674,1.95146204238021,2.0433538506415,2.12327437933481,2.1879505007643,2.23407802304719,2.25848234093366,2.25845815135251,2.23222980305462,2.17940404613726,2.10126544718316,2.00079833322242,1.88240003076763,1.75134240781943,1.61311047794951,1.47277294367855,1.33451403603406,1.20139725580958,1.0753603432372,0.957386218215556,0.847767318138351,0.746383032972315,0.652933028877734,0.56709703338702,0.488617757590827,0.417318862388659,0.353077978085183,0.295777066883724,0.245250398710312,0.201247512758014,0.163420849648983,0.131339436608527,0.10452079197755,0.0824667315551908,0.0646893094289485,0.0507178574600406,0.0400883242963333,0.0323243604212341,0.0269233987093518,0.0233591694924032,0.0211035433577442,0.0196630017712854,0.0186181907203357,0.0176548257352353,0.0165783899542194,0.0153107231023061,0.0138728329890666,0.0123591793282872,0.0109087772916458,0.00967561178702564,0.00879971703035559,0.00838132302635954,0.00846146404580495,0.00901454134597365,0.00995571816052357,0.0111625061780996,0.0125041080078949,0.0138684453614241,0.0151779468728338,0.0163893375292159,0.0174808944565133,0.0184355954570712,0.0192304956951999,0.0198384730388632,0.0202409600613326,0.0204441816516059,0.0204881388519844,0.020441574868912,0.0203826187405725,0.0203726295000604,0.0204345459326119
0.999505472548373,0.936593632858717,0.889330697205035,0.858694429319284,0.84436543483618,0.844979391223273,0.858524855418987,0.882797622096098,0.91582619406188,0.956199794049809,1.00324971726429,1.05705699965994,1.11828120743076,1.1878355372906,1.26646711003937,1.3543320437381,1.45066791593359,1.5536472659041,1.66044808753208,1.76751007521049,1.8708894672173,1.96660223103168,2.05086830292141,2.12023032606232,2.17158751079089,2.2022305555972,2.20995899843078,2.19331251919285,2.15187363648576,2.08653687055976,1.99962252791786,1.89474848411995,1.77645183971627,1.64963686381259,1.5189839457136,1.38846309418383,1.26105304951667,1.13869713913327,1.02245471321727,0.912762685025422,0.809713066745977,0.713275516598723,0.623433145936214,0.540234084007216,0.46378319014832,0.394201773743406,0.331577324096115,0.275916896786437,0.227111399950645,0.184916978598455,0.148957436118218,0.118748785858922,0.0937408295243818,0.0733639312765447,0.0570674374754716,0.04433843782561,0.0346987629104893,0.0276872187196321,0.0228400327345047,0.0196829565542213,0.0177412570774778,0.0165662117290102,0.015768711047548,0.0150487725897427,0.0142125023004031,0.013172896507131,0.0119370193316254,0.0105835254500594,0.00923545078206475,0.00803121232639456,0.00709620766227495,0.00651845981819249,0.00633214147988304,0.00651388549698895,0.00699325276151277,0.00767493849115586,0.00846520063378595,0.00929283619272403,0.0101177316404054,0.0109249554352128,0.011710002040657,0.0124639854180467,0.013167380793844,0.0137954701810953,0.0143315299522435,0.0147796939574183,0.0151686894818142,0.0155432636629704,0.015946222183645,0.0163994547428171,0.0168929114345952
0.993970610624995,0.937894557766195,0.897749954732961,0.874075349307007,0.86613210628253,0.87221120167447,0.890065243498087,0.917374700343394,0.952168750100546,0.993141509509177,1.03982147872998,1.09256742970493,1.15237860407095,1.22053430346871,1.29811548692657,1.38550191486821,1.48196390498517,1.58545764527586,1.69268541600094,1.79940476149566,1.90089717298848,1.99246499716043,2.06983511119245,2.12940568335009,2.16834729477703,2.18463009210134,2.17706109711723,2.14537989177141,2.09039503380458,2.01408366849066,1.91955823051104,1.81083530622056,1.69241432088227,1.56875018116047,1.44375162478123,1.32043354787285,1.20079792624215,1.08594174737148,0.976319888610967,0.872056994831154,0.773210186317173,0.67992460688426,0.592475073114297,0.511224513799787,0.436545828102146,0.368745479609541,0.308008648670853,0.254368748493541,0.207695227036657,0.167695678547077,0.133931973412474,0.105852592362184,0.0828397367712073,0.0642624143661701,0.0495225498669504,0.0380810106384533,0.0294587392836476,0.0232181580972118,0.0189378705306031,0.0161959278025673,0.0145704859879193,0.0136586991050158,0.0131055906027528,0.0126317273598444,0.012050561607954,0.0112710193980755,0.0102872491419337,0.00915913914584787,0.00798832915080556,0.00689250591625448,0.00598021383151706,0.00532941082040987,0.00497328054594882,0.00489772674127642,0.00505135997456904,0.00536517891245501,0.00577461458417308,0.00623526741432121,0.00672704518851891,0.00724639764080078,0.00779312405868487,0.00835988404030349,0.00893083257929575,0.00948977113803511,0.010031930330133,0.0105714620451276,0.0111382816488838,0.0117647811041835,0.0124684118822189,0.0132391612947934,0.0140384900123172
0.987833672620901,0.938492042484695,0.905350630310834,0.888617277963817,0.887219473474836,0.899147855097302,0.921913736685547,0.953031101969312,0.990448896925057,1.03287909296937,1.0799779378204,1.13234621870208,1.19132448007973,1.25858782123785,1.33559108496678,1.4229694908261,1.52003791633028,1.62452785645974,1.73264882051171,1.83946870427315,1.93951366662562,2.02742738433149,2.09852907584271,2.14916913827966,2.17686879821907,2.18030904465303,2.1592645750287,2.114554898672,2.04802347642079,1.96249386176675,1.86162739072592,1.74963125400659,1.63083155932149,1.50919551880429,1.38792666612651,1.26924504428628,1.15440338334529,1.04391091059531,0.937869357316941,0.836302051438272,0.739379319543504,0.647497765164655,0.56123116102536,0.481208822237277,0.407985986727045,0.341950601376854,0.283280763758958,0.231942866547791,0.187710551970653,0.15019081452834,0.118853653784194,0.0930694941936406,0.0721574042292965,0.0554390342506571,0.0422866588003223,0.0321512670024121,0.0245640736421494,0.0191154596588577,0.0154246053275,0.0131164628900041,0.0118164737581525,0.0111648430543646,0.0108421922028631,0.0105949690702733,0.010251136987254,0.00972187338746849,0.008991782283086,0.00810179418367965,0.0071295193984843,0.0061691350452053,0.00531176125316146,0.00462817585437855,0.00415636234081741,0.00389794801843216,0.00382465641844312,0.00389285483413063,0.00406013942016359,0.00429674052949236,0.00458778451273542,0.00492687000128514,0.00530718614018211,0.00571685024545246,0.00614253681576973,0.00657943070879562,0.00704036756195399,0.00755693146139738,0.00816875781882815,0.00890504915306451,0.0097670200629313,0.0107207531128252,0.0117048100457042
0.984275541153896,0.941107990146366,0.914405866095557,0.904179630942391,0.90912847276438,0.927000184901074,0.955064623460144,0.990615974110872,1.03143386652047,1.07614790666033,1.12445454581988,1.17713726123326,1.23585019816242,1.30266064606744,1.37940496587884,1.4669819737127,1.56475700792543,1.67024745834107,1.77919855528249,1.88604747990792,1.9846587167051,2.06913677465053,2.13451646579444,2.17719712066222,2.19509062774749,2.18755098746723,2.15519913540576,2.09974127945799,2.0238177647555,1.93085205298479,1.8248374988067,1.71001729366746,1.59047364305489,1.46970734042924,1.35032346696946,1.23392085368798,1.12121655758556,1.01235512631562,0.907288980493369,0.806102093217668,0.709184547344785,0.61723206446226,0.531111664917174,0.451671902983438,0.379576783485872,0.315210708796553,0.258660866558675,0.209753206328412,0.168108139340633,0.133193041265486,0.104365254873676,0.080912378057006,0.0620977872668036,0.0472105488626024,0.0356101426713484,0.0267518892928723,0.0201855422627332,0.0155305434483031,0.0124415584341021,0.0105818197024004,0.00961527370886933,0.00921916464974032,0.00910804702575541,0.00905680215705285,0.00891313743474838,0.00859624686803911,0.00808568513552144,0.00740590018631325,0.00661140648594129,0.00577355997771137,0.00496782367239459,0.00426120594405204,0.00370093682177006,0.00330824379978162,0.00307934598286902,0.0029935002874027,0.00302396722296622,0.00314624451320186,0.00334046292702693,0.0035883430479142,0.00386993142532897,0.00416500433491335,0.0044610830541925,0.00476434764184994,0.00510568586268983,0.00553561159885148,0.0061066652515999,0.00685018671154501,0.00775830674460509,0.00878091274125409,0.00984010235815918
0.985404771720259,0.947563823692262,0.926465781716364,0.922059479127472,0.93292528970901,0.956630195195836,0.990206585630801,1.03067817955442,1.07556597257207,1.12331216855046,1.17355466199279,1.22718148034589,1.28610677498701,1.35275669560322,1.42932945752748,1.51697903446681,1.61512935842244,1.72112023036678,1.83030975525622,1.93662676447989,2.03343210351729,2.11445967327417,2.17460292243427,2.21039027900362,2.22011399180596,2.20369116613346,2.16239207127772,2.09855710776353,2.0153576977564,1.91658129057885,1.80638221908089,1.68895439720424,1.56814146847769,1.44706420683794,1.32787661051681,1.21173881602308,1.09902297489255,0.989683923731438,0.883665651983717,0.781208779027241,0.682971438832253,0.589953347454283,0.503285676021473,0.423985143065048,0.35276341092338,0.289940114379555,0.235457121142514,0.188956282121243,0.149873470909465,0.117517521051065,0.0911256093343725,0.069904654117,0.0530716116336195,0.0398961382802855,0.0297384332261913,0.0220687291271217,0.0164606932411835,0.0125622426606745,0.0100578277553386,0.00864020153102352,0.00800253208228163,0.0078515216987502,0.00793112347310349,0.00804343626245296,0.00805741965779704,0.00790350195751072,0.00756016271390131,0.00703951324739438,0.00637711047080203,0.00562564019929837,0.00484898187077748,0.00411394776154422,0.00347933513578758,0.00298622246367167,0.00265303068325595,0.00247727911137083,0.00244189798113895,0.00252171182697924,0.00268727792399566,0.00290583411792384,0.00314327562438431,0.00337045150027665,0.00357422480459408,0.00376861315946209,0.00399813503888495,0.00432801152168637,0.00482155257916567,0.00551355051130072,0.00639188703296494,0.00739722525496,0.008442052067784
0.992037674874117,0.958587079665135,0.942169731622159,0.942791799034488,0.959016149519737,0.988291520862108,1.02742435557234,1.073128586814,1.12258837984101,1.17396020917229,1.22672357716216,1.28178252357883,1.34123903739793,1.40782219920479,1.48405238263138,1.57132029606127,1.66912275281028,1.77468311740719,1.88308966840462,1.98793258858315,2.08226978040848,2.15965893537845,2.2149955482493,2.24499007937474,2.24825561056613,2.22510339997245,2.17720283345814,2.10724307195023,2.01865800584953,1.91539273868088,1.80164788613194,1.68155406751161,1.55879296553025,1.43624860107083,1.3158029478812,1.19836120421075,1.08411289203286,0.972945798654521,0.864869673808522,0.760307591678634,0.660170618221208,0.565718734837747,0.47828908622745,0.399006971032305,0.328580372505391,0.267226259984454,0.214717699319034,0.170501405066546,0.133826858342269,0.103848524535814,0.0796912805098196,0.060491400398543,0.0454304892110853,0.0337697166485771,0.0248794221570653,0.0182513507627851,0.0134859725455847,0.0102586970228942,0.00827950410271439,0.00726425583004447,0.00692803062014988,0.00699986310600212,0.00724695272760661,0.00749397849426153,0.00762844404835871,0.0075915711662512,0.00736277485835812,0.00694614452148171,0.00636426195552593,0.00565765066927357,0.00488418130323745,0.00411371062852589,0.00341660379624037,0.00285049255865386,0.00245030708731481,0.00222540629640052,0.00216316698504637,0.00223525238173766,0.00240343722987518,0.0026238045836718,0.0028521167924819,0.0030527094154004,0.00321077498903327,0.00334320700945132,0.00350036067649505,0.00375394869301178,0.00417216836987671,0.0047916561011706,0.0055989983887243,0.0065316871249999,0.00749925599501247
1.00387236804705,0.973973744068155,0.961373259218936,0.966224350401944,0.987160567288376,1.02157802473109,1.06608513791612,1.11707125470274,1.17133165705538,1.22666020868471,1.28229023273365,1.33905397398748,1.3991598926103,1.46556931145683,1.54107086531824,1.62726593462471,1.7237413133628,1.82767864213284,1.93403428810508,2.03625041127783,2.12729616775416,2.20074737843255,2.25162906829408,2.27685751294085,2.27527186694054,2.24737705382373,2.19497321098519,2.12081496607467,2.02835473628443,1.92153319328292,1.80453906355195,1.68148461806371,1.55601742369691,1.43096304778372,1.30812387003415,1.18832381915862,1.07170029046538,0.958147985724268,0.847757819912149,0.741100076233411,0.639267953073737,0.543694011730486,0.455835117887984,0.376854815082574,0.307411363736353,0.247599012062245,0.197024125441553,0.154955498317624,0.120480891568606,0.0926262723396941,0.070427367833123,0.0529685529807998,0.0394102230651071,0.0290150570823376,0.0211699647674768,0.0153916117428775,0.0113082233147185,0.00862182211667342,0.00706578525669349,0.00637604969726618,0.0062857004584624,0.00654117786140676,0.00692697096920575,0.00728383780051736,0.00751187729975773,0.00755916505537974,0.00740537728442586,0.00704960471408349,0.00650741231159693,0.00581419557254609,0.00502754613845893,0.00422272906285454,0.00347970427076347,0.00286686333478775,0.00242789750602315,0.0021768915087994,0.00210160714777735,0.00217092896283488,0.00234252096971815,0.00256856876840261,0.00280183526072902,0.00300436419332673,0.00315912927590294,0.00328037366735509,0.00341536250113994,0.00363278543525514,0.00399861107249627,0.0045486041866387,0.0052699959622778,0.00610220322126354,0.00695757553955141
1.0199803749812,0.99303022979147,0.98352503595978,0.991822669303295,1.01670485145655,1.05559192556337,1.10495141546884,1.16087357842622,1.21975573900135,1.27898988641251,1.33750171695077,1.39597638008086,1.45664722348865,1.52262817918724,1.59690982605315,1.68126680557932,1.77538496598584,1.87647355673033,1.97948919934377,2.07790678038701,2.16480439507255,2.23394752175931,2.28059279582161,2.30186438008081,2.29672172806167,2.26566808665071,2.21038935928497,2.13346186694233,2.03816252211957,1.92831792067778,1.80809373377856,1.68166407346479,1.55279004083374,1.42442050739602,1.29845907930737,1.17579800535255,1.05661967250806,0.940860278340323,0.828665275710299,0.72067564228811,0.618058810570556,0.522302416084792,0.434876596592407,0.356903353360952,0.288946120146441,0.230965967155855,0.182420223936452,0.142435453287263,0.10998091891546,0.0839963970274816,0.0634645669808563,0.0474455497847973,0.0350976436058479,0.0256967349426439,0.0186522091090704,0.0135075515583017,0.00991841654606999,0.00761243561280747,0.00634568670849794,0.00587393610074549,0.005947785867137,0.00632922767186703,0.00681596763853543,0.00725861434215813,0.00756268619426421,0.00767698071384221,0.00757828454966847,0.00726148306992709,0.00673930407398134,0.00604761768469667,0.00524814886738681,0.00442259511754971,0.00365727740065563,0.00302468402804473,0.00256939113524812,0.00230388040583694,0.00221379175544556,0.00226751117400373,0.00242497750424849,0.00264288458296602,0.00287864771585819,0.0030963912004334,0.00327653495049648,0.0034257770898203,0.00358049871828875,0.00379824359175306,0.00413683592449082,0.00462902311838258,0.00526433866597047,0.00598817012739417,0.00671995761162503
1.03945028261003,1.01513714600197,1.00815283664945,1.01908813118076,1.04694718480453,1.08927306893223,1.14249154885257,1.20247390972406,1.26526824920944,1.32787718874772,1.3888960620496,1.44880980187358,1.50980106202913,1.57504984443399,1.64766694579189,1.72954257115925,1.82044713008186,1.91765950323501,2.01623636245448,2.1098283776364,2.19177973078119,2.2561795135212,2.29859162794215,2.31634316342435,2.30842590173744,2.27518905026267,2.21802186946007,2.13915034341128,2.04155010969151,1.92887725981735,1.80529379164596,1.67512156082666,1.54236681783755,1.41025240913997,1.28092578919772,1.15545877661263,1.03414199328527,0.916960228764656,0.804065580510763,0.696076925609127,0.594115419442137,0.499596506162356,0.41389003696527,0.337992398364431,0.272325838240218,0.216709546865695,0.170473921317185,0.1326455308043,0.102126319097362,0.0778207842736853,0.0587031580026719,0.0438446105404613,0.0324266314646129,0.023754275775877,0.0172675689229003,0.0125392927775196,0.00925178168899538,0.00715670548528707,0.00603220511375652,0.0056547541251819,0.00579416173674312,0.00622893445914366,0.00676872880143253,0.00726991870414109,0.00763728643981312,0.00781394128322455,0.00776914962389202,0.00749199910559692,0.00699367926593712,0.00631322544727528,0.00551843960099357,0.00469688042025196,0.00393757287773927,0.00331124538901958,0.00285725642633777,0.00258232816886799,0.00246931250494467,0.00248924382988497,0.00261032133477963,0.00280069926381661,0.00302826760981567,0.00326229291433275,0.00348026502904041,0.00367795241906426,0.00387579790119114,0.00411523938412553,0.00444266424897815,0.00488700906947583,0.0054416215873811,0.00606057692850762,0.00667282032537717
1.06197809950155,1.04024470901687,1.03528721974911,1.04793859476544,1.07750517231457,1.12178082639234,1.17729829185344,1.23985235757455,1.30525639888054,1.37019574899584,1.43295817008827,1.49380224576877,1.55479217530461,1.61907860455975,1.68978908198665,1.76884049864783,1.85603459675767,1.94871618445591,2.04208973091014,2.13006904959319,2.20636822109833,2.26549211068785,2.30336769511315,2.31753054901563,2.30696081230573,2.27177449166156,2.21297263465935,2.13235095633959,2.03253431741339,1.91699892029954,1.78993386430762,1.65587208792516,1.51914871969045,1.38335067052097,1.25095159858974,1.1232644537545,1.00071792429444,0.883336237132945,0.771228262084028,0.664905327596287,0.565333202927531,0.473739010450277,0.391286878518096,0.318767502227634,0.256415664001893,0.20389721894933,0.160433657095791,0.124989939167011,0.0964495201844245,0.0737324757918412,0.055851573722865,0.04192868635193,0.0311991527410659,0.0230184080531282,0.0168694102099611,0.0123591274221451,0.00919648581880016,0.00715500945941519,0.00603318315465062,0.00562837309811565,0.00573161955902024,0.00614050104399333,0.00667798542104364,0.00720518370175816,0.00762267166465207,0.00786301398495642,0.00788325637298826,0.00766334100474722,0.0072111935916038,0.00656821929495757,0.00580727819074706,0.00501964878343085,0.00429369270985466,0.00369455365436006,0.00325334145444606,0.00296989343630725,0.00282550166228202,0.00279703968660466,0.00286509717464617,0.00301315179186176,0.00322222125371927,0.00346774243596829,0.00372381250870196,0.00397383629938583,0.00422058828748549,0.0044879933885822,0.00481033048920101,0.00521290279198768,0.00569368400102169,0.00621639956538536,0.0067200275618366
1.08821620425438,1.06913307063788,1.06567372841194,1.07891547862642,1.1085581943869,1.15280528983636,1.20849265245176,1.27153998544115,1.33770296788507,1.40347882740446,1.4669141764098,1.52804004680105,1.5887391609939,1.65202375804391,1.72090634166708,1.79720228710837,1.88064376445497,1.96858347691123,2.05636251891854,2.13818585154497,2.20818877222934,2.26134838351437,2.29400191996406,2.30392463532334,2.29010178052054,2.25242555624371,2.19151900935193,2.10876388215302,2.00645717007854,1.88792134733477,1.75739740519365,1.61964965445111,1.47935752229476,1.34048410980428,1.20583932860471,1.0769838037651,0.954482447429372,0.838381744801122,0.72870885477066,0.625806075804218,0.53040379139533,0.443452459587745,0.365826946199838,0.298045809059715,0.240115104967596,0.19153354535692,0.151424264413114,0.118719076721476,0.0923219593625294,0.0712116976873077,0.0544821134983826,0.0413444654410379,0.0311205484716847,0.0232411141657149,0.0172484920944236,0.0127920859440677,0.00960911977331161,0.00749283217880711,0.00625903118140048,0.00572434341392281,0.00570170288576263,0.00601019854243448,0.00648891945666619,0.00700543716108687,0.00745592290862974,0.00776029825359778,0.0078600161165881,0.00772198083701441,0.00734693200177607,0.00677483536617088,0.00607992072182742,0.0053537795742548,0.00468143424673356,0.00412108579198431,0.00369594154179578,0.00340088065840324,0.00321845012766289,0.00313406705270214,0.00314244664067738,0.00324282906679705,0.00342881966855638,0.00368124542716181,0.00397052798185989,0.00426826878465077,0.00456078919242026,0.00485580213680621,0.00517625933102964,0.00554377277106549,0.00596014066653947,0.00639759710471027,0.00680412854373243
1.11976065429153,1.10334121299322,1.10069070212183,1.11313749449956,1.14087882471712,1.18270889102361,1.23599621146301,1.29702889866905,1.36172773756368,1.42657330372208,1.48946895489802,1.55023240035242,1.61049940349103,1.67301592638169,1.74051612000531,1.81454549612203,1.89462013661775,1.97799367759995,2.06008257445518,2.13536337101233,2.19840504107506,2.24469148774313,2.27102069729819,2.27547251882477,2.2571175108368,2.21571871184849,2.15162424426143,2.06590132743085,1.96059935983479,1.83893413453779,1.70520509940009,1.56437658686554,1.42141478316183,1.28059191267915,1.14499313159279,1.01638104477979,0.895426970651197,0.782178908721214,0.676560612113676,0.578714435573846,0.48909236166249,0.40831649269053,0.336919984254066,0.27510507338277,0.222619985871792,0.178784997949186,0.142630104937506,0.11307182986243,0.0890606312617003,0.069664246150286,0.0540893603102877,0.04166799969105,0.0318374825424364,0.0241286027296977,0.0181615767583588,0.0136394925354841,0.0103321651973438,0.00805161819655095,0.00662745518169583,0.00589206274835813,0.00567859695689819,0.00582837908240699,0.00619917487656013,0.00666821030987297,0.00712981902167612,0.0074922918712256,0.00768050243015234,0.00764534120416165,0.00737578090015674,0.00690487263631748,0.00630283727298789,0.00565742242208123,0.00504834894360404,0.00452755244277725,0.00411329624273357,0.00379959445000941,0.00357391844038929,0.00343213197725895,0.00338267082182728,0.00343833990949197,0.00360267367005987,0.00386028009894229,0.00417829864669461,0.00451884907733886,0.0048549898121672,0.00518075912697986,0.00550843600887978,0.00585437186350131,0.00622109799479616,0.00658613611773484,0.00690454014994362
1.158757757319,1.14476574327724,1.14198066021036,1.15200236064323,1.17563657673144,1.21245499659819,1.26059635972446,1.31697364233156,1.37791209291546,1.44006303217519,1.50129444885084,1.56122478118493,1.62116554589875,1.68344671352734,1.75033249230192,1.8228993726383,1.90027030344764,1.97946398212603,2.05588432316468,2.12423688769117,2.17952057326218,2.21775610572324,2.23626503116757,2.23352904872156,2.20883554452712,2.161977092747,2.09319608102059,2.00340021726385,1.89450536612859,1.76967292809003,1.63324341398339,1.49030206905014,1.34598247321535,1.20473445485646,1.06980083256486,0.943059438735781,0.825236525478503,0.716358850176426,0.61624005972521,0.524819178956786,0.442261532885456,0.36884586739212,0.304745133595496,0.249828680129482,0.203576808525127,0.165129629523726,0.133429798957711,0.107389540247018,0.0860196821044488,0.0684924273239622,0.0541442483921636,0.0424463968507813,0.0329713082971725,0.0253691759015495,0.0193551079477066,0.0146984279253913,0.0112084076330279,0.00871718201976049,0.00706541651411274,0.00609672215761725,0.00566041474924968,0.00561807951207483,0.00584688924346882,0.00623673853090498,0.00668424994340564,0.00708981418612281,0.00736366421641915,0.00743995223250141,0.00729243760435062,0.00694192262002594,0.00644893105380243,0.0058930809050519,0.00534726319108372,0.0048587761140603,0.00444494793422492,0.00410362597760859,0.00383066328023793,0.00363324792809716,0.0035316857629273,0.00354888780765664,0.00369512099489105,0.00395757352846571,0.00430164972569459,0.00468365776944023,0.00506744994219012,0.00543579193880572,0.00578967111255367,0.00613652841899425,0.0064743505948919,0.00678125679024771,0.00701730561771484
1.20722060383892,1.19503031523883,1.19089327242255,1.19671965018738,1.21403187178464,1.24334834813788,1.28379178455529,1.33313275530676,1.38831981682982,1.44634477689924,1.50513106576465,1.56409329668289,1.62412099017313,1.6869579449241,1.7541895084396,1.8262126569066,1.90157602956453,1.97692973830604,2.04758364464524,2.1084381763588,2.15492803229708,2.18365258292737,2.19253574867062,2.18058019739687,2.14744913997543,2.09315356764479,2.01802705231763,1.92299211632422,1.8099511905214,1.68205413072697,1.54364130123755,1.39980552472714,1.25568937278417,1.11575068944381,0.983240068968568,0.860040521739651,0.746869144103653,0.643707153579895,0.550260358730794,0.466279194754916,0.391659269702374,0.326350471294408,0.270177599309465,0.222688785989412,0.183109276660405,0.15041283625911,0.12346770433125,0.101191656866674,0.0826615811919573,0.0671563844586963,0.0541433453006054,0.0432354225970199,0.0341459933088908,0.026654067281476,0.0205812077358694,0.0157741798575494,0.0120900206839919,0.0093847538132871,0.00750916146166458,0.00631364506206772,0.00565792367624571,0.00541911306156531,0.00549185007907077,0.00578020684479183,0.00618745260715443,0.00661167967172463,0.00695331165074126,0.007132141007444,0.00710591723863541,0.00687973214574775,0.00649982172946345,0.00603388217726495,0.00554649300555275,0.00508159463382682,0.0046588278567864,0.00428342782512648,0.0039617425774332,0.00371195601379912,0.00356370922245229,0.00354665535689239,0.00367546234344854,0.00394002970868054,0.00430687704671478,0.00473094850288094,0.00517088948791068,0.00559969516211752,0.0060049889075661,0.00638012220570677,0.00671215861282093,0.00697482318053969,0.00713174358788621
1.26623757707184,1.25480162310923,1.24790224053772,1.2478164455117,1.25687532591224,1.27667161698474,1.30746957655359,1.34806947709608,1.39620404374402,1.4493237639413,1.50545464940608,1.56376785746667,1.62460792072712,1.68894890535969,1.75748890031152,1.82975005967267,1.90355385047625,1.97508560221698,2.03952058952508,2.09195871416837,2.12830843620523,2.14581263580639,2.14309007885027,2.1197887157256,2.07610459808377,2.01244791741019,1.92942693434385,1.82813551421145,1.71056207349577,1.57986636901412,1.44032771833225,1.29691720245768,1.15461661761571,1.01771511002616,0.889316988129278,0.77119776801264,0.663999551617268,0.567633325703561,0.481701768142607,0.405788512944008,0.339549229275656,0.282637970172319,0.234566070392051,0.194596142455507,0.161733501554707,0.13481703499602,0.112664562471159,0.0942129291905817,0.0786073016592134,0.0652261295319977,0.0536550541746482,0.0436359557291246,0.0350142229697113,0.0276948626509015,0.0216090417192362,0.0166879226099424,0.01284387103093,0.00996193784089169,0.00790389575344724,0.00652343254114227,0.00568431819090286,0.0052725269468937,0.00519573456030376,0.00537168410081587,0.00571390554782636,0.00612465722761757,0.00650168068757853,0.00675598269541253,0.00683193018007125,0.00671847635247677,0.00644515580075047,0.00606498555753702,0.00563254131145756,0.00518832582862186,0.00475535073592806,0.00434730009479629,0.00398096716181834,0.00368393363114386,0.00349255766293302,0.00344086857079764,0.00354720718787163,0.00380586290865767,0.00418823770149986,0.0046523932550066,0.00515507679090518,0.00566006901758552,0.00613890084170374,0.00656565747381179,0.00691080215733313,0.00713979995926209,0.00721952356550307
1.33530244519156,1.32325760537661,1.31217787420134,1.30477441689111,1.30424881010789,1.31333362688061,1.33351029868986,1.36469116878747,1.40546662099403,1.45378640300112,1.50776346075098,1.56624147146601,1.62887366588432,1.69568031197283,1.76628634108668,1.83918712071268,1.91138337267738,1.97856741248258,2.03580750914332,2.07846763842082,2.10301321705978,2.10742183720939,2.09110557633226,2.05446860706701,1.99836702564323,1.92374923558308,1.83163365001353,1.72339416133651,1.60116344455903,1.46810360933934,1.32835838992515,1.18664960109676,1.04764255038056,0.915301726102117,0.79245223872683,0.680665820177337,0.580452780548589,0.491631386100968,0.413704223548905,0.346108420536181,0.288291691117635,0.239653008306416,0.19943791695691,0.166675484510768,0.140202997560226,0.118770523661952,0.101179927260324,0.0864060184998581,0.0736646431854631,0.0624221174123687,0.0523617147174642,0.0433306199751948,0.0352853981409134,0.0282428195214215,0.022237302011301,0.0172847314173783,0.0133568664813996,0.0103720662701802,0.00820471347606339,0.00670942088983947,0.00574823088739398,0.00520886654164096,0.00500631006830426,0.00506986440553317,0.00532576089357617,0.00568674942166639,0.00605620082748762,0.00634432122589106,0.00648792035615536,0.00646270101477459,0.00628177634236665,0.00598216582207082,0.0056065841804092,0.00519031034500303,0.00475803389156007,0.00432996374054865,0.00393094171361016,0.0035952646806591,0.00336370520708386,0.00327361598994542,0.00334782926056457,0.00358770236299497,0.00397330564677719,0.00446945961729121,0.00503324212243661,0.00561927165703785,0.00618092976614791,0.00666976761363697,0.00703656933912029,0.00723702104277506,0.00724208768664998
1.41198152253332,1.39788546911124,1.3814629289432,1.36592455360545,1.35536159394621,1.35363698853965,1.36342911082442,1.3857403464428,1.41999075362618,1.46458111646199,1.51762725194895,1.57751892171882,1.64305866974142,1.71314586090083,1.78619103308783,1.8595777361176,1.92947350159163,1.99113503554861,2.03963141320049,2.07072133785422,2.08155564518054,2.07095839605997,2.03922815123081,1.98760664798361,1.91768741821136,1.83103251369135,1.72913704675477,1.61369889476677,1.4870019448754,1.35217229994856,1.21313657647291,1.07425519082763,0.939753160418759,0.813154030920604,0.696909013689757,0.592319288419482,0.499723886748503,0.41883152874912,0.349045460384719,0.289671361814496,0.239977200088146,0.199147812086595,0.166215056392091,0.140033706493254,0.119333014269514,0.102827471918015,0.0893428149898766,0.0779140846534736,0.0678317714076514,0.0586382586289351,0.0500917755450438,0.0421171746655387,0.0347552221521257,0.0281124094707966,0.0223115706438636,0.017445796804437,0.0135443046523917,0.0105595834670161,0.00837929606049581,0.00685748589425716,0.00585031467333897,0.0052415059233733,0.00494806675646059,0.00490818694874812,0.00506206612446207,0.0053381776173389,0.00565350976532525,0.00592631513869264,0.00609369002996803,0.00612366726180893,0.00601580158666995,0.00579146055913628,0.00547984935509239,0.00510794556249486,0.00469811790975219,0.0042726953868344,0.00386037686255641,0.00349890389158564,0.00323173778867816,0.00309966261387721,0.00313172676099968,0.00333901021463151,0.00371293655015049,0.00422705091181396,0.00483969893894869,0.00549644975962879,0.00613237475707502,0.0066766450365893,0.00706117199140469,0.00723327132955609,0.00716962494662123
1.49205442721579,1.47470406925418,1.45231746180441,1.42865101894536,1.40865276888919,1.3972281869898,1.39813712672404,1.41334861752741,1.44298787745036,1.48577711163111,1.53969339887803,1.60251860859556,1.67205040371384,1.74593679598432,1.8212955854484,1.89439417589773,1.96064273029226,2.01500516006818,2.05273259697688,2.07016373692652,2.06529480676643,2.03791465496894,1.98928339761955,1.92152119313686,1.83697788968807,1.73783467756609,1.62605715758035,1.50364537840818,1.37299197545276,1.23712254746822,1.09966489606437,0.964529329372472,0.835416830433706,0.715340758445001,0.60632802574541,0.509376768172351,0.424636207794556,0.351697143605778,0.289863906353828,0.238321400285812,0.196181462825672,0.16245288148481,0.136004799160419,0.115576396201281,0.099847759385495,0.0875490128122429,0.0775673053281192,0.0690188560722181,0.0612733866604148,0.0539401886716036,0.0468334244206259,0.0399309252977149,0.0333312298664408,0.0272057247295176,0.021744968905254,0.0171041678243291,0.0133606984841964,0.0104966237223164,0.00841116208746318,0.00695683007763262,0.00598224954657502,0.00536440440956101,0.00501922612231409,0.00489169497476546,0.00493620906339538,0.00510020086347052,0.00532028752871988,0.00553053464573075,0.00567641435034506,0.00572528493199578,0.00566795480139859,0.00551215478870958,0.00527269075118557,0.00496482707747958,0.0046035078851592,0.00420755087683098,0.00380461572571122,0.00343274190746506,0.00313710925216526,0.0029628150838824,0.00294692593737214,0.0031118599920984,0.00346108506769526,0.00397664926272136,0.00461779421257484,0.00532162251268106,0.00600724605169727,0.00658556349713001,0.00697449939487045,0.00711706024498882,0.00699733417260877
1.57013662724225,1.54888599222103,1.52068984624224,1.4898592079104,1.46210875059584,1.44322640683488,1.43785721135883,1.44873185938988,1.47648274315673,1.51996750514369,1.57685137363328,1.64415262842513,1.71853865343387,1.79633100291262,1.87335022217615,1.94482501325838,2.00556287733177,2.05044464565236,2.07513358366269,2.07676157244487,2.05433703935936,2.008719118305,1.942174310026,1.85769717564087,1.75835692045557,1.64689763406506,1.52568825238839,1.39695674096252,1.26312544917439,1.1270394770162,0.99195314795593,0.861264583186374,0.738106541900161,0.624956833596255,0.52340772679008,0.434152425982154,0.357150937137394,0.291876731031831,0.237537804602493,0.193207894849053,0.157864428866073,0.130376081047657,0.109497019680023,0.0939040383526667,0.0822787409446757,0.0734081606210918,0.0662688969918838,0.0600727611330663,0.0542715581587037,0.0485356656814507,0.042723090328091,0.0368477970836059,0.0310455376448871,0.025529649908155,0.0205351618794227,0.0162584391643174,0.0128087649898199,0.0101875340369201,0.00830103628821333,0.00699989364506554,0.00612665439587761,0.0055528748418481,0.00519356803319626,0.00499967636058452,0.00493899718506045,0.00497839845812401,0.00507675504650271,0.00518886352282495,0.00527511690446415,0.00530911861470387,0.0052787470837514,0.00518152569589778,0.00501818605013034,0.00478959265917211,0.00449848785183546,0.00415480530026005,0.00378077137007882,0.00341237973966008,0.00309638303948079,0.00288342251298263,0.00281981231923294,0.00293932345673009,0.00325591301214112,0.00375781540704621,0.00440376247996126,0.00512362234118127,0.00582523768913211,0.00640867022475656,0.00678585193542018,0.00690115781625011,0.00674706850210632
1.6406489374461,1.61563327606424,1.58266839721663,1.54657596604556,1.51369016477993,1.49046302919659,1.48217221687214,1.49205523925052,1.52101586756389,1.56784168913396,1.62971693978674,1.7027702333081,1.78246627324907,1.86379448812714,1.94134919073166,2.00946811808001,2.06256619398906,2.09568541875805,2.10514352892942,2.08907116406304,2.04763283820256,1.98283016085343,1.8979411584735,1.79678751452893,1.68307620060029,1.56001450679304,1.43026876791679,1.29619081837197,1.16013702399496,1.02469103223992,0.892673611178368,0.766935512162781,0.65003069483483,0.543910002286229,0.449749631178001,0.367956879500116,0.298315864896072,0.240189870114108,0.192696315153319,0.154809390869139,0.125395374876781,0.103218965863911,0.0869642874158902,0.0752918112813639,0.066923892746709,0.0607317205098296,0.0557957593508591,0.0514278333073273,0.0471605901440645,0.0427219553616816,0.0380088849276485,0.0330638989275964,0.0280475888436295,0.0231970372716521,0.0187689242686259,0.0149767494626486,0.0119408000832209,0.00966756620391526,0.00806424366390729,0.00698036359448045,0.00625724178611556,0.00576644128970594,0.00542545792854537,0.005191554713083,0.00504389964896731,0.00496610620492122,0.00493786248969941,0.00493577414484841,0.00493894535207234,0.00493282468206815,0.00490816055678545,0.00485656733498187,0.00476632858348562,0.0046226472558345,0.0044127168205125,0.00413363742351281,0.00379918489914886,0.00344213450568528,0.00311136399003864,0.00286425516180198,0.00275674076199037,0.00283246127765835,0.00311262607706379,0.00358805842835062,0.00421518653677208,0.00491856602538054,0.00560100009984227,0.00616094730364927,0.00651364607752888,0.00661069070561838,0.00645270908456339
1.69888687999802,1.6710768996076,1.63520653666123,1.59650360859449,1.56172424691386,1.5377273928744,1.53014405148266,1.54245016713919,1.57558697618896,1.6280866356836,1.69652334928299,1.77606880027443,1.86098461099388,1.9449981114875,2.02161622048221,2.08448263916554,2.12785330956192,2.14717184161248,2.13962542970208,2.10450570733894,2.04322662949692,1.95895435338419,1.85593884042092,1.7387444690863,1.61160516912534,1.47807024316091,1.34098394131309,1.20271311760982,1.06545720016444,0.931471575178967,0.80310514948928,0.68265211151709,0.572102984554907,0.472912222424598,0.385874216232778,0.311138543524395,0.248331033393965,0.196713877051135,0.155321592623537,0.12304333025723,0.0986607257439343,0.0808724521168342,0.0683358500937424,0.0597347361613134,0.0538605722594953,0.0496824131939988,0.0463856484651752,0.0433762580999968,0.0402612827674647,0.036822999755757,0.0329972385712832,0.028854655337317,0.0245754161462466,0.0204073594828595,0.016608554850053,0.0133858651238541,0.0108487908274887,0.00899400971189929,0.00772399476392199,0.00689000226120817,0.00633996219416714,0.00595391506098009,0.00565728423967976,0.00541436843492374,0.00521219719547734,0.0050455031383666,0.00490966497264658,0.00480053214391557,0.00471671397069866,0.00465909505044415,0.00462615565059304,0.00460794724836621,0.00458280039490963,0.00452048265019322,0.00439115417633645,0.00417706605976416,0.0038821870388968,0.00353597642742648,0.00319030540408312,0.00291010008791455,0.00276046061966589,0.0027925768378685,0.00303120630467936,0.00346625697844447,0.00405062749559328,0.00470620308623619,0.00533743853842697,0.00585031266208438,0.00617191010779755,0.00626567423447368,0.00613881554579756
1.74190235176568,1.71295590856938,1.67661896379897,1.63836392429341,1.60513434071369,1.58392234011907,1.58043541697032,1.59813934945209,1.63781535641843,1.69760754912059,1.7734186814882,1.85947438538814,1.94891342229924,2.03434319153894,2.10837420357088,2.16417627039944,2.19607055778323,2.20010346882485,2.17448585201101,2.11976170747581,2.03861830713232,1.93534913659357,1.81509221333065,1.68304191627958,1.54383457128428,1.40123859991297,1.25816472477478,1.11690193016937,0.979423905902137,0.847617105835237,0.723347416626084,0.608367997370545,0.504140534250358,0.411665631408328,0.331394904849905,0.263247801469804,0.206706353769619,0.160937902403033,0.124900832909288,0.097414958316022,0.0772058690451556,0.0629452600267227,0.0533053910953828,0.0470281238174527,0.0429944431756713,0.0402754703169778,0.0381533231613027,0.0361149095697152,0.0338307069705872,0.0311326783962033,0.0279965175036688,0.024523347514593,0.0209112182045553,0.0174095119330515,0.0142610997436421,0.0116459535691449,0.00964439766677806,0.00823167172402162,0.00730293400219478,0.00671653946800813,0.00633670014238505,0.00606131084654432,0.00582912747988812,0.00561133262894448,0.00539782430183216,0.00518694522641852,0.0049825269267201,0.00479486082055962,0.00464060373374918,0.00453756938249703,0.00449514829308023,0.00450521015642378,0.00453860977051943,0.00455085081216736,0.00449521091517455,0.00433888627180396,0.0040760842545866,0.00373343730160075,0.00336640575882179,0.00304749310738956,0.00284985858967396,0.00282994857261834,0.00301330892272828,0.00338702886120227,0.00390083668740841,0.00447737084850339,0.00502888526004094,0.00547616523093376,0.005764177334889,0.0058706577747861,0.00580688928709121
1.76896114094064,1.74089757917913,1.70672000530613,1.67194257696053,1.64344460443652,1.62808400742405,1.63139475761458,1.65662794678147,1.7042659609092,1.77200313618258,1.85508898925484,1.94689632695918,2.0395973033463,2.12488038511479,2.1946821040971,2.24191615777213,2.26115656690433,2.24918912381787,2.20532119122279,2.13135578189582,2.03120135647354,1.91018257520552,1.77420338270534,1.62895739083797,1.47935782008947,1.32928162502088,1.18161647669912,1.03850899921619,0.901670260844639,0.7726093510916,0.652727093652088,0.543273972932328,0.445231883165942,0.359195869286992,0.285312410407607,0.223292731312002,0.172482713165421,0.131955419758894,0.100596329303033,0.0771697716895042,0.0603725136940795,0.0488862114003555,0.0414363269155152,0.0368529731110871,0.0341222831931604,0.0324173692277649,0.0311055296363424,0.0297388060365081,0.0280378959099605,0.025877410045877,0.0232714263669553,0.0203518576568535,0.0173323063923548,0.0144560464421035,0.0119382381412561,0.00991785926452426,0.00843476679722219,0.00743772486735839,0.00681676945251003,0.00644500543656382,0.00621244866014935,0.00604241856562213,0.00589003886069173,0.00573128437764323,0.0055529516224276,0.00534940740959763,0.00512598217025731,0.00490255075341973,0.00471146081457276,0.00458715669085494,0.00455086700185536,0.00459766719047632,0.00469233600651607,0.0047774041199321,0.00479049130440355,0.00468490253038513,0.00444603714759169,0.00409816191249585,0.0037000259373145,0.00333058137506465,0.00306936282341801,0.00297645059230699,0.00307741664404966,0.00335733014538111,0.00376540813544937,0.00422926331201207,0.00467384098743314,0.00503904503777867,0.00529023053490323,0.00541933279707751,0.00543891864542637
1.78146972753722,1.75624626260966,1.72659471872127,1.6978528273874,1.67659109242163,1.6692933698358,1.68111408815216,1.71494143804475,1.77088543614767,1.84620028873908,1.93557427333104,2.03169103510688,2.12597134158057,2.20942395895735,2.27354341984121,2.31118205851495,2.31730080366172,2.28948528947234,2.22812565829972,2.13620667592439,2.01873562875772,1.88192230219192,1.7322867125403,1.57588335429568,1.41778529912743,1.26188745296435,1.11099253251668,0.967072285518224,0.831571602291267,0.705645360037053,0.590274025666866,0.486263172984959,0.394174848657824,0.31424981286346,0.24636426528613,0.190037447163843,0.144480686153027,0.108668235174778,0.081411652171922,0.061429311902785,0.0474110065337673,0.0380786953334922,0.0322423688058574,0.0288448024410008,0.0269896416616867,0.0259516204663521,0.0251735089875527,0.0242588714596648,0.0229660177413514,0.0212030915356394,0.0190165950431631,0.0165643008694224,0.0140693171512431,0.011760969234567,0.00981833652369529,0.00833300660468994,0.00730229433555286,0.00665161831694569,0.00627310852510121,0.00606325741979005,0.00594489840394677,0.00586999361960133,0.00580890891323294,0.00573796835251686,0.00563499260122594,0.00548486195663936,0.00529025883932988,0.00507789642503523,0.00489388955381286,0.00478759218531014,0.00479035342861645,0.00489906034498959,0.0050719137587525,0.0052392317370602,0.00532482596757858,0.00527029728196036,0.00505373586966495,0.00469704986729047,0.00426064428242857,0.00382730276676269,0.00348056660106648,0.00328332857019252,0.00326270544261135,0.00340551794896264,0.00366552619532566,0.0039801783362883,0.00429039460123279,0.00455616347543197,0.00476204563579746,0.00491178000032585,0.00501683728188927
1.78242913059298,1.76153088357595,1.73811429014812,1.71713790280899,1.70465091995301,1.70656827681504,1.72751184839899,1.76991536722317,1.83350032051791,1.91514665691151,2.00912640660767,2.10764387066766,2.20161742064517,2.28163021337556,2.33895729055574,2.36654861154192,2.35982702949065,2.31716407773483,2.23994022162589,2.13217299733851,1.99979026048909,1.84970539685465,1.68888972333584,1.52362275119805,1.3590355688401,1.19897377884695,1.04612097134899,0.902270815801434,0.76862700177102,0.646038835939194,0.535131502221921,0.43633727505099,0.349865463789685,0.275655560830745,0.213346903739863,0.16228066460125,0.121533383988769,0.0899745673882603,0.0663385944765091,0.0493027399501231,0.0375637655331823,0.0299038364440479,0.0252379661850599,0.0226375237579065,0.0213320166441091,0.0206983576342701,0.0202494956118041,0.0196320436730428,0.0186323140824751,0.0171820505169745,0.0153498345382592,0.0133084602186991,0.0112799666973339,0.0094712097421181,0.00802092246324654,0.00697480426153457,0.00629474461604624,0.00589346480907307,0.00567600492601755,0.00556987868969461,0.00553318316852465,0.00554384836377167,0.00558161823005579,0.00561689115647937,0.00561413892285084,0.00554716032173797,0.00541641660283906,0.00525613752610093,0.00512541354742528,0.00508552612854887,0.00517341747020145,0.00538335075366807,0.00566434543395473,0.00593464424630341,0.00610670734583453,0.00611363961374912,0.00592824118379347,0.00556955688846902,0.00509659156619045,0.0045917097317478,0.00413915664031239,0.00380420980923063,0.0036187526465456,0.00357742227566965,0.00364533969927189,0.00377488992744056,0.00392461279990023,0.00407256083663888,0.00421825131745299,0.00437318570191976,0.00454621198606595
1.77561229256037,1.75976592991362,1.74338212391487,1.73088133989588,1.72763207737005,1.73884214097286,1.76850221089749,1.81854789930194,1.88833565272415,1.97446863004625,2.07097189657909,2.16979696177903,2.26161590595894,2.33683442186552,2.38670831776959,2.40440453853494,2.38582839944854,2.330060314226,2.2393156056736,2.11844146035438,1.97406941206004,1.81361477685587,1.64433291556468,1.47260402776335,1.30353608688475,1.14088337133035,0.987202328478402,0.844129928012,0.712674931095569,0.593446499849516,0.486791142659792,0.392845748031798,0.311536099385263,0.242553273256332,0.18533296612067,0.139053590867577,0.102659881280711,0.0749143178081406,0.0544725450707791,0.0399730534473662,0.0301257798408722,0.0237810924267105,0.0199662394934105,0.0178859348343202,0.0168975660066874,0.0164801781456523,0.0162154441194889,0.0157900308681891,0.0150127455751023,0.0138298275825552,0.0123191324110049,0.0106536236932187,0.00904069098967789,0.00765632415898837,0.00659857671281694,0.0058754211976188,0.00542748301455071,0.00517030007510785,0.00503364052660005,0.00498068451009284,0.0050016839289815,0.00509206587853664,0.00523130321991527,0.00537712434427817,0.00547906008840682,0.00550298711576369,0.0054524324620778,0.00537311562969316,0.00533718647627072,0.00541351098882076,0.00563750018420117,0.00599381938256074,0.00641823804463193,0.0068170230332131,0.0070947715668704,0.00718059826120293,0.00704477457156692,0.00670271776858219,0.00620781972218014,0.00563627797918828,0.00506859898173526,0.00457170780934128,0.00418600503417658,0.00392091107939302,0.00376029606040272,0.00367623593935741,0.00364512084672098,0.00365897840567513,0.0037261497256641,0.00386108160248721,0.00406940589113136
1.76472326503367,1.75380809930963,1.74429527564413,1.73997126548135,1.74543015145438,1.7650951777699,1.80227653481244,1.85840216330305,1.93250549264717,2.02101586835282,2.11787699534837,2.21500451346199,2.30306603024469,2.37251816877495,2.41477066169666,2.42329109710233,2.39444439957453,2.32789547060236,2.22649354818221,2.0956752307017,1.94253522353442,1.77478139185526,1.5997932842156,1.42394656200507,1.25227095472428,1.08841542401732,0.934827304744139,0.793029566954055,0.663897417611985,0.547873769358568,0.445105463166719,0.355509748853726,0.278793667133502,0.214448735276598,0.161739027912859,0.1196983020809,0.087148735481656,0.0627510619157072,0.0450863584547833,0.0327577100367308,0.0244894755516113,0.0191979720445823,0.0160169356771069,0.0142769419872223,0.0134567106485879,0.013133856200042,0.0129583183086319,0.0126573633510387,0.012060504616687,0.0111215987599259,0.00991535744706751,0.00859951360049682,0.00735320930607478,0.00631481176584545,0.0055447790068695,0.00502572121993811,0.00469451875344563,0.00448607949185867,0.00436484648878704,0.00433012384920295,0.00439624521723566,0.00456375483281649,0.00480071762077217,0.00504676090452152,0.00523831049499538,0.00534063535286355,0.0053690226154004,0.00538633569347768,0.00547765440842223,0.00571356869766962,0.0061190082817989,0.00666086978720992,0.00725754410231955,0.00780444137301647,0.00820337977150123,0.00838549210154955,0.00832216037839488,0.00802445334181734,0.00753527278665961,0.00691785997664746,0.00624346210913325,0.0055789986430512,0.00497638822987936,0.00446608904065008,0.00405729063325476,0.00374554730952144,0.00352431832922696,0.0033946771063915,0.00336722345169257,0.00345466174015485,0.00365951129793057
1.75276081461846,1.74593215698274,1.74232907972444,1.74507657238949,1.75796747530168,1.78461972782446,1.82765343430516,1.88799877633532,1.96440831494998,2.05322572527332,2.14845530059731,2.24216700751411,2.32523963592871,2.3883843649938,2.42331325021023,2.42385134176651,2.38677034285353,2.31216327761645,2.20328185525359,2.06588764158314,1.90728468103678,1.73526433743303,1.55718451453641,1.37933610967299,1.20664679059892,1.04267844837879,0.889815614851616,0.749530753395335,0.622638442252096,0.509491590255097,0.410111138325369,0.32426039672684,0.251481010666879,0.191104341017697,0.142249947617954,0.103825751690018,0.0745462648138183,0.0529840208386739,0.0376574536408801,0.0271419361326537,0.0201766368694912,0.0157355429359842,0.0130435724149339,0.0115391374552766,0.0108067168100163,0.0105130476948326,0.0103735257841138,0.0101570798739337,0.00971437935732011,0.00900294677283538,0.00808498642160926,0.00709067357071952,0.00616043668875282,0.00539128897890209,0.00481157194994275,0.00439192784934977,0.00408210804483505,0.00385009219766327,0.0037008434055803,0.00366612859840784,0.00377346117416623,0.00401543333806326,0.00433905934149884,0.00466334860949308,0.00491656871423802,0.0050728479617157,0.00516850453234172,0.00528832226144407,0.00552857791599344,0.0059543491339264,0.00657073086311052,0.00731949605522121,0.00809928302197344,0.00879785784188153,0.00932117068818543,0.00960958587477838,0.00963979132226125,0.00941789088811759,0.00897128981308762,0.00834318733867607,0.00758946703871506,0.00677432218042398,0.00596255529415519,0.0052098836292872,0.00455537982670681,0.00402040461164847,0.00361416669222784,0.00334226246268359,0.00321196684554625,0.00323049637425571,0.00339769027278289
1.74169760617622,1.73767482677548,1.73853736439136,1.74678081991777,1.76542669392674,1.79731216557264,1.84438522417583,1.90709546636883,1.98394524690155,2.07125548844236,2.16320088190958,2.25216342272303,2.32942036291574,2.38611825867265,2.41440133788756,2.40849185711645,2.36549740321174,2.28576308327873,2.17269221850797,2.03209162481401,1.8712142365933,1.69773133658295,1.51885188095982,1.34073133825177,1.16820750152578,1.00480993502895,0.852937854646673,0.71409821467813,0.589127632637022,0.478363581506555,0.381764158972581,0.298988378689124,0.229448533448123,0.172340336809491,0.126656004117663,0.0911925044555457,0.0645731292078605,0.04530105142626,0.0318505920196772,0.0227826355034135,0.0168542674820369,0.0130880565924292,0.0107807771066642,0.00945450615308363,0.00877705838374848,0.00848865492457552,0.00836284448259617,0.00820911894135562,0.00790014904123437,0.00739597373736704,0.00674159778997502,0.00603292006146627,0.00536648339362188,0.00479785661579477,0.00432967839077569,0.00393187565999836,0.00357901928616657,0.00328006442623083,0.00308122649600956,0.0030402419702989,0.00318711911254552,0.00349633118543358,0.00388843474020825,0.00426308694666427,0.00454718378687187,0.00473248140036539,0.00488286566578416,0.00510637950392678,0.00550617460210133,0.00613394429285302,0.00696714050293201,0.00791812305197724,0.00886682091778748,0.0096992312385239,0.0103336879422808,0.0107271579996154,0.0108654508698211,0.0107488874138686,0.0103847009531919,0.00978962312536795,0.00899843040082826,0.00806926574116336,0.00707933934049475,0.00611111803809204,0.00523537467835733,0.00449984265317263,0.0039280110383439,0.00352684617368031,0.00329678002610997,0.00323735724063722,0.00334621159401275
1.73245184079582,1.72987878579258,1.73366115921765,1.74573742229484,1.76842600560877,1.80383728990704,1.85328057233292,1.9167416031508,1.99248823937421,2.07685618079233,2.16427007479559,2.24755203212037,2.31854002845381,2.3689779392413,2.39155839919147,2.3809298698291,2.33445459564672,2.25254272943501,2.13848778628456,1.99785511804658,1.83758669503053,1.66504163739202,1.48717615034936,1.309993219862,1.13829204307254,0.975662968874113,0.824628903353662,0.686836475739215,0.563233995227412,0.454212746224543,0.359716474468412,0.279329898765842,0.21235144549611,0.157847510983534,0.114686337341919,0.0815601117874757,0.0570134176720393,0.0394988267358471,0.0274676556006176,0.019483522460215,0.0143287887871705,0.011068981733437,0.00905524713734718,0.00786886102964807,0.00723609475526832,0.00695097037940841,0.00683339479610007,0.00672885018788577,0.00653175497556444,0.0062055310460324,0.00577816550426302,0.00531097308728717,0.004857344766039,0.00443463215407668,0.00402557849959695,0.00360610815261395,0.00318050542793388,0.0027994221922327,0.00254622122912584,0.00249722502822833,0.0026773978414716,0.00303864620890187,0.00347553215359725,0.00387325547445215,0.00416412387823939,0.00436280243262421,0.00456188435269242,0.00488899532629067,0.00544723333365053,0.00626777397873063,0.00729623349004099,0.00841619612549825,0.0094942609476677,0.0104228870407848,0.0111410914219317,0.0116283059129848,0.0118815558865809,0.011893834861874,0.0116482625507839,0.0111304003936468,0.0103497783517943,0.0093555257055694,0.00823538247095022,0.00709728275250124,0.00604250569959443,0.00514379172485396,0.00443742050439409,0.00393036735613337,0.00361528590889262,0.00348375771152848,0.00353165774444627
1.72503210118849,1.72280445904144,1.7282037395648,1.7427002902274,1.76799517360776,1.80553928716564,1.85604266571392,1.91904111634551,1.99257223776464,2.07300556490761,2.15507240619629,2.23213886553978,2.29674311459239,2.34136885020312,2.35935805082119,2.34580304802391,2.29823159138677,2.21692716213146,2.10481142132891,1.96692675471567,1.8096575192206,1.63988122345634,1.46422923207513,1.28857310321842,1.11776446458185,0.955583198549668,0.804811209747394,0.667353660218406,0.544360673098331,0.436335910512017,0.343239235163322,0.264590002206055,0.199567735491499,0.147098081520338,0.105914456582516,0.0745995676551463,0.0516238098438672,0.035402538231359,0.0243825219911652,0.0171476363594857,0.0125160543630347,0.00959596024673563,0.00778144365794869,0.00669358166774314,0.00609488286932991,0.00581322154872062,0.00570054090531541,0.0056305879264742,0.00551744469364132,0.00532968349266173,0.00508228098827251,0.00480720124397549,0.00452049296780423,0.00420686782014927,0.00383326013973861,0.00338274087120158,0.00288661059299652,0.00243104893360918,0.00212881622227404,0.00206833769674278,0.00226693218766281,0.00265634205018467,0.00311149665497013,0.00351056748353956,0.00379626210567068,0.00400616707783688,0.00425625383786776,0.00468508116133351,0.00538726185861672,0.00636874926555422,0.00754432620301687,0.00877519835254616,0.00992410448148169,0.0108993087770286,0.0116670498144991,0.0122317993398656,0.0126009527054602,0.0127575331638237,0.0126577988045613,0.0122541960521934,0.0115297155682664,0.0105229867429095,0.0093297843051738,0.00807985183595933,0.00690084012185314,0.00588705568289101,0.00508581754385729,0.00450429865858537,0.00412885322746669,0.00394466787046059,0.00394641796814152
1.7187175663438,1.71619295983018,1.72237656346554,1.73835643129648,1.76530218337011,1.80407420886431,1.85482421556961,1.91665171919426,1.9873644120139,2.06337526577289,2.13976261612361,2.21051727857078,2.26898895193903,2.30851394791835,2.32315749011323,2.3084531770298,2.26199474333876,2.18374858193246,2.07601582106827,1.94305906357255,1.79049268422662,1.62458435850199,1.45161309506474,1.2773835699942,1.10692848467921,0.944373430758786,0.792909016502378,0.654818583787303,0.531533270945354,0.423708899369217,0.331329930021357,0.253838230747177,0.19027182442713,0.139390710142,0.0997722988188178,0.069876340570445,0.0480951499733785,0.032812103246653,0.0224810174446563,0.0157195383508618,0.0113922579349429,0.00865400820323214,0.00693769727561194,0.00589293171044775,0.00530286226324406,0.00501284937322647,0.00489292343517472,0.00483571603170346,0.00477111586461157,0.00467441684952015,0.0045536304323307,0.00442017144416257,0.00426192281557593,0.00403778362490678,0.00370096217837657,0.00323783815334103,0.00269772498730436,0.00219092347684322,0.00184974550120473,0.00177010275761913,0.00196406398580371,0.0023515743183356,0.00279865606029486,0.00318478181759194,0.00346513460803034,0.00369481450015424,0.00400228972379421,0.00452512117413469,0.00534138601036564,0.00643095931738957,0.00768445870396192,0.00895224457965167,0.0101052607210271,0.0110761434277777,0.0118613847802143,0.0124885872810493,0.0129712486679329,0.0132788486126248,0.013339840030689,0.0130751921147334,0.0124437811093163,0.0114745519213916,0.0102689204675175,0.00897294304635873,0.00773381162309812,0.0066617364069992,0.00581251320169296,0.00519443575285621,0.004790658906682,0.00458298049682027,0.00456576549037444
1.71219341658017,1.70924561748249,1.71592477978804,1.73300826886656,1.76121175771704,1.80087171452672,1.85162552135249,1.91215610982627,1.98004602336596,2.05175812254124,2.12274219562083,2.18766337815655,2.24074991202335,2.27625238253194,2.28898458432102,2.27488269530313,2.23149122259923,2.15827773825874,2.05670659682056,1.93005527748776,1.78301885589242,1.62119301331087,1.45053777936127,1.27690454447416,1.10566848128456,0.941471671485706,0.788060428902349,0.64819920877421,0.523653755234141,0.415243212174088,0.322958881437053,0.246132856039415,0.183626247659375,0.134001921038147,0.0956569698040221,0.0669118932094971,0.0460722944047059,0.0314876329805405,0.0216220168277048,0.0151331914136342,0.0109390771299163,0.00824617942503049,0.00652750194497353,0.00545787365212913,0.0048335436743438,0.00450699140388801,0.00435531489130103,0.00428085681355789,0.00422427403490935,0.00416813212597134,0.00411963726593467,0.00407968295982142,0.00401859530150304,0.00387671364787084,0.00359422666140374,0.00315392905000569,0.00261046624697641,0.0020840687984498,0.00171609184618812,0.00160709007258958,0.00176967527225363,0.00212379075691743,0.00253908979674625,0.00290395426531552,0.00318513095050005,0.0034459328181953,0.00381349207948889,0.00441191927695331,0.00529705274089678,0.00642621822660339,0.00767720771877745,0.00890411651846272,0.00999833464856738,0.0109226845099404,0.011702393513027,0.0123817568654604,0.0129733346130195,0.013429431015899,0.0136522564690021,0.0135369038821796,0.0130244391449886,0.0121374080531997,0.0109809142559925,0.00971046670225231,0.00848365268115189,0.0074186862101473,0.0065758775062346,0.00596523362496959,0.00557026917855551,0.00537309811197697,0.00536909974457717
1.70365503949213,1.70058588588154,1.70794716736767,1.72626290242021,1.75586541235113,1.79663569581648,1.84775079388577,1.90751079908895,1.97328836090639,2.0416001947221,2.10826832346191,2.16863351667643,2.21780011113688,2.25091456200084,2.2634892634941,2.2517699029933,2.21311563662988,2.14633169365888,2.0518842195349,1.93194192577365,1.79022570662329,1.63168912613961,1.46208330819856,1.28747269552637,1.11376168220423,0.94627901893622,0.789452376555937,0.646595649752763,0.519823122631707,0.410091195679748,0.317351011122975,0.240774209032101,0.179001992384948,0.130369265770737,0.0930733296375958,0.0652838800662745,0.0452126447572944,0.0311701749334253,0.0216273725447294,0.0152803284367839,0.0111005753488178,0.00834830315836135,0.00653923705671017,0.00537504685961154,0.00466417339827996,0.00426207468611643,0.00404614035087686,0.00392095553174415,0.00383252030915041,0.00376977464923786,0.00374381085056669,0.00375414019517961,0.00376386148456442,0.00370198154171884,0.00349621575460984,0.00311846185637388,0.00261555390843132,0.00210333222053893,0.00172213329332083,0.00157520499325331,0.00168233291994487,0.00197540164925764,0.00233930158433518,0.00267707146149954,0.00296404898690588,0.00326122612570748,0.00368101215250327,0.00432396174251937,0.00522161574024559,0.00631596928856099,0.0074856510587108,0.00860304407335293,0.00958972052834613,0.010440318336423,0.0112028315602292,0.0119285680893445,0.012621059732541,0.0132131120293252,0.0135852930167878,0.0136160765158945,0.0132381594457376,0.0124728164879556,0.011427202731081,0.0102584713907714,0.00912377920070762,0.00813958878314314,0.00736513780836289,0.00681155321881988,0.00646558258300302,0.00631317080327513,0.00635231808305987
1.69096664142869,1.68832924992065,1.69687393880984,1.7169232996519,1.74849953576978,1.79110859657408,1.84354074974209,1.90376814149151,1.96898140292539,2.03574741644967,2.1002238536931,2.15835835738651,2.20603221416322,2.23916104016772,2.25380669850927,2.24636245426329,2.2138431941428,2.15425761495334,2.06698850395363,1.95308062698833,1.81534617130228,1.65823802809581,1.48749479583426,1.30961198797943,1.13122549314117,0.958505391542652,0.796649193721066,0.649540709414911,0.519608378535418,0.407878874605818,0.314187400271526,0.237479331899546,0.176130170603062,0.128222208376074,0.0917441769227586,0.0647141933088392,0.0452503150320677,0.0316213217900421,0.0222983436201041,0.0160074246283373,0.0117662942232595,0.00888456613318897,0.00692015578493815,0.00560360154522599,0.0047578537807198,0.00424172346330584,0.00393024595038255,0.00372527806084649,0.00357311506763885,0.00346671906065278,0.00342329942833441,0.00344766069119723,0.00350438157479468,0.00351805909775114,0.00340554175935531,0.00312261050677803,0.0026976717039557,0.00223009766077223,0.00185042037006936,0.00166247419722193,0.00169817314150073,0.00191048461472609,0.00220805347548228,0.00251201798494444,0.0028027646477661,0.00313004853357129,0.00358167790536468,0.00422891852022216,0.00508074977048042,0.00607293243073209,0.00709783096477479,0.00805745027842673,0.00890863911759346,0.00967489961865119,0.0104178756114738,0.0111852621216617,0.0119646834170418,0.0126697580042059,0.0131670337391667,0.0133301319923056,0.0130943532652199,0.0124853931077996,0.0116107240022008,0.0106209044704317,0.00966122745982904,0.00883582533592817,0.00819613844943189,0.00775240065086544,0.00749603167334666,0.0074193163690521,0.00752431899217479
1.67196511541344,1.67036741679957,1.68072373313501,1.703214321534,1.7376395226829,1.78323373857553,1.83850188568742,1.90116792978035,1.96827881872183,2.03643170340554,2.10203161879764,2.16147595473427,2.21120765632673,2.24765919222482,2.26718162035188,2.26608056595782,2.24084877803957,2.18860452798089,2.10765361323118,1.99802574033588,1.86182225098004,1.70325394728009,1.52832765542305,1.34423125631613,1.15853777660381,0.978385345465398,0.809783070497206,0.657152496352392,0.523153692164572,0.408779635103383,0.313650713477033,0.236410604995777,0.175124681474126,0.127606814058725,0.0916409525295793,0.0651056652029899,0.0460357886031981,0.0326613093679987,0.0234477893826727,0.0171390712303596,0.0127849182967635,0.00973248619375264,0.00757492568935347,0.00606989984502992,0.00505652516530303,0.00439920323524421,0.00397101611388595,0.00366877746877065,0.00343505419234172,0.00326338350827569,0.00317651005893127,0.00318778363275485,0.00326932543728396,0.00334753310976657,0.00333170117215964,0.00316001850233222,0.00283648483792958,0.00243592671892584,0.00207226724312051,0.00184706281157879,0.00180605455981122,0.00192785134794421,0.00214917864076949,0.00241056893092438,0.00269476316523769,0.0030350577116745,0.00349007367928419,0.00410103070310165,0.00485887905482084,0.00570176489993304,0.00654504435516721,0.00732612728025499,0.0080366770353711,0.0087223354547373,0.00944827877437732,0.0102496067476646,0.0110943620215789,0.0118805756258119,0.0124705615633699,0.0127454373745052,0.0126534453818957,0.0122294109092792,0.0115788998971589,0.0108380066303715,0.0101296967361829,0.00953608530296535,0.00909423368539046,0.00881060355455812,0.00868116045515354,0.00870549051110391,0.00889037251742394
1.64493113486127,1.64487778790921,1.65764107783558,1.68333540339452,1.72165154703645,1.77168553784202,1.83178913648073,1.89954136901282,1.9718889551458,2.0454153823725,2.11662495884346,2.18211327394418,2.23855129578414,2.28251290137451,2.3102736580207,2.3177525700994,2.30073352683652,2.25539896681197,2.17907962911751,2.07102149171351,1.93293756854463,1.76915927240891,1.58631048512588,1.39255932565929,1.19661097126449,1.00666168800879,0.829525262286716,0.670080784655395,0.53109885592895,0.413409589908485,0.316307657854081,0.238058010048176,0.176376745736255,0.128802496975937,0.0929286002728409,0.0665163037291123,0.0475364907155574,0.034189702197282,0.0249331453171157,0.0185154845667146,0.0139999805659038,0.0107526646603028,0.00838755210758557,0.00668152670173683,0.00548798802357636,0.00467861625473767,0.0041266505555197,0.00372400732275163,0.00340705830409721,0.0031660054592741,0.00302594914380122,0.00300824155200735,0.00309521703331676,0.00321988474384004,0.00328878428379403,0.0032251884493856,0.0030082231521851,0.00268505293327259,0.00234882781538026,0.00209536827298878,0.00198245657998439,0.00201402318289118,0.00215500433548405,0.00236492949386176,0.00262782153729452,0.00295966632158992,0.00339068505139503,0.00393543893094467,0.00457249194824214,0.00524844451368131,0.00590550987406539,0.00651599110038167,0.00710094904901647,0.00771945235874159,0.00843143438287465,0.00925410236156225,0.010136431460258,0.0109673103960493,0.0116150619876425,0.0119788674498468,0.0120274126315138,0.01180705245846,0.0114186546533221,0.0109774583932185,0.0105764909940218,0.0102691407887655,0.0100734262211263,0.00998944282372721,0.0100164596588356,0.0101606194667314,0.0104326731344913
1.60914115555093,1.61094298708827,1.62657227541586,1.65617441169692,1.69946774428056,1.75557071609791,1.82283995196243,1.89882946239908,1.9804279904921,2.06413468931219,2.14634920485231,2.22353180667554,2.29215018172428,2.34844732835899,2.3881816643363,2.40654614432362,2.3984346658839,2.35909940226016,2.28508332031006,2.17518119760884,2.03113618575059,1.85783561212985,1.66290779959918,1.45579211858615,1.24649570164373,1.04432179592799,0.856838032781483,0.689264911206773,0.544340162619952,0.422593660123604,0.322885951848553,0.243034449090021,0.180376305959714,0.132176153983096,0.0958568480404774,0.0690890347434021,0.0498028140563403,0.0361822614847317,0.0266762944657975,0.0200264795123313,0.0152894519697633,0.0118271555617774,0.00925402576752976,0.00735206957774664,0.00598249017041175,0.00502399074731058,0.00435273436783062,0.00385802307126082,0.00346951413291041,0.00317046278341711,0.00298321533672452,0.00293299514368012,0.00301125242076733,0.00316019917046177,0.00328894326661366,0.0033118856263282,0.0031879394437988,0.00293854062544779,0.0026350472750796,0.00236429184922063,0.00219177775278844,0.00214251198395363,0.00220636423491247,0.00236020163230113,0.00258975895277801,0.00289644523239899,0.00328683964689616,0.00375461803046576,0.00427104249717086,0.00479361857894792,0.0052898219367588,0.00576108230645927,0.00624938668227543,0.00681873499305964,0.00751820779960362,0.00834636474881131,0.00923742804058274,0.0100789202022177,0.0107536930997076,0.0111855732855525,0.0113667231386889,0.0113544390388806,0.011241887361329,0.0111197446174099,0.0110480475919318,0.0110495570695471,0.0111221490017676,0.0112585020465259,0.0114595901027497,0.0117358769971611,0.0120996244464813
1.56532508659987,1.56907275760269,1.58784158822602,1.62191908114798,1.67120380722025,1.7350131848598,1.8118798032263,1.89945856257245,1.99461662891205,2.09367698893513,2.19269362158143,2.28760837707788,2.37419977406094,2.44785849074033,2.50335138618873,2.53479810502887,2.53604183891455,2.50145539051335,2.42704186636224,2.31153973668657,2.15719097282029,1.96990177379889,1.75869319250906,1.53454390272833,1.30889462471418,1.09216254287483,0.892583504660435,0.715582749049935,0.563717514736667,0.437089349306511,0.334033192394667,0.251868096538963,0.187536621207283,0.138038412266112,0.100648019800183,0.0729708587951053,0.0529174004425141,0.0386674197862957,0.0286623891361362,0.021626326787504,0.0165898239513442,0.0128866043722196,0.0101078998663411,0.0080224558474376,0.00648888742199505,0.0053904516051485,0.00460900628115068,0.00403521679183577,0.00359358427401379,0.00325781802819879,0.00304146147601808,0.0029666982021187,0.0030294472093253,0.0031809352653905,0.00333745302883304,0.00341239293734977,0.00335286168094844,0.00316077591312899,0.00288792413992123,0.00261005831402031,0.00239507200827182,0.00228248208142481,0.00228154284332574,0.00238376969275758,0.00257769506397053,0.00285471472729928,0.00320431928942372,0.00360553661286322,0.00402582936069967,0.00443270600372861,0.00481339226455395,0.00518981632200205,0.005615900677891,0.00615422351455343,0.00684134286528705,0.00766042622088256,0.00853747540077271,0.00936566673476832,0.010047208842819,0.010531798754509,0.0108330795864656,0.0110158960386323,0.0111631781983092,0.0113409116866982,0.0115785644583064,0.0118720377253154,0.0122023435850525,0.0125560150638827,0.0129344676055455,0.0133492423803088,0.0138100689084244
1.51583769644799,1.52141417510774,1.54339302152648,1.58231554973905,1.63841125670074,1.71136957987601,1.80006546193924,1.90237480661722,2.01517303879553,2.1345086523547,2.25584400181398,2.37421796958335,2.48423816990578,2.57993298589933,2.65462280926633,2.70103337509369,2.71182743714741,2.68057989335818,2.60302611671376,2.47825512533951,2.30947183120395,2.10404196148365,1.87273015565153,1.62827606214048,1.38363873970371,1.15031754240071,0.937107015449179,0.749494448304797,0.589719593853518,0.457350011555047,0.350130864306906,0.26485735441409,0.198080105349571,0.146551974891838,0.107422309806747,0.0782522959759505,0.056947940136891,0.0416922692570849,0.0309183753753287,0.0233231004358944,0.0178936119991822,0.0139128908835287,0.0109254453185925,0.00866689796481424,0.00698064717069918,0.00575022196458288,0.00486545138580585,0.0042233095124275,0.00374647367209149,0.00339799013889852,0.00317677053300774,0.00309365818377871,0.00314184897607446,0.00327873746054845,0.00343077480628456,0.00351829899406572,0.00348680238138561,0.00332765044528005,0.00307796419877557,0.00280202939548321,0.00256516775825446,0.0024141221822653,0.00237082783239465,0.00243781740230452,0.00260707797142559,0.00286445710577141,0.00318863497480493,0.00354929910479174,0.00391193971663276,0.00425119673497018,0.00456711934476108,0.00489349515922764,0.00528896807780628,0.00581152864621554,0.00648704115019501,0.00728891278676493,0.00814153001395598,0.00894810994145366,0.00963031710896443,0.0101595586838579,0.010564660115765,0.0109127913621991,0.011275295207693,0.0116970849282406,0.012184598856772,0.0127157122129959,0.0132617412845026,0.0138065539686168,0.0143513970455162,0.0149052415484652,0.0154703153030212
1.46442476578883,1.47152707811096,1.49657150944775,1.54044824463458,1.60384543790037,1.68697217724929,1.7891890197712,1.90869750817744,2.04240877408186,2.18601366187021,2.33417187295694,2.48068832630355,2.61858531882821,2.74009203856645,2.83669654910016,2.89946543409725,2.91978523376394,2.89052253996837,2.80739887837256,2.6702191877551,2.48355674362941,2.25660934607912,2.00216692305545,1.73488939874906,1.46928968956913,1.21788564483171,0.989907999783385,0.790768226030128,0.622270692751776,0.483371369289536,0.371192412353287,0.282007795565983,0.211999919559663,0.157705027630458,0.116173637621243,0.0849406170961612,0.0619165913701164,0.0452896107684619,0.0334802156774656,0.0251484574291811,0.0192232306641965,0.0149177181439967,0.0117089788660614,0.00928081233255235,0.00744828841666667,0.00608957208190863,0.00510357403547557,0.00439832978908444,0.00389895440249663,0.0035582687042231,0.00335606881251349,0.0032839673883035,0.00332445966979882,0.00343658708482393,0.00355807573275968,0.0036228567051933,0.00358471403714745,0.0034341794299059,0.00320001526988672,0.00293616229409435,0.00270152498232165,0.00254324908880318,0.00248902617781607,0.0025479963069872,0.00271507786299567,0.00297358934214478,0.00329611239903865,0.00364684499408405,0.00399013816372989,0.0043047782971154,0.00459779427497864,0.00490848742440026,0.0052960964922914,0.00581393082277722,0.00648106810186178,0.00726706661947214,0.00809947746154766,0.00889237390582825,0.00958259918511153,0.0101551481466303,0.0106452630210789,0.0111168261753464,0.0116298520186197,0.0122147642958756,0.0128659090883974,0.0135549640678385,0.0142528250150284,0.0149453439714095,0.015633486966673,0.0163201967069174,0.0169953585339097
1.41560051505094,1.42375400933068,1.45148643237182,1.50009937521339,1.57082546410883,1.66449668098812,1.78106468089257,1.91914037064284,2.07570370269926,2.24604381423933,2.42388092651511,2.60155924737019,2.77022381716421,2.91999160746789,3.0402392219091,3.12018208320967,3.14986387190851,3.12151477504598,3.03103719821321,2.87922852100244,2.67233243998519,2.42164870409062,2.14218463389493,1.85061104840513,1.56298546105799,1.29275860590924,1.04947213447777,0.838335415718126,0.660620586100035,0.514620531676346,0.396828542264905,0.303025387301389,0.229069800923972,0.171326144460253,0.126780212442614,0.0929601812039553,0.067788077344083,0.0494550534959292,0.0363622882615217,0.0271233577599177,0.02059671694494,0.0159111014864152,0.0124598589135839,0.00985925601559001,0.00788368755364788,0.00639912075011808,0.00531255420135401,0.00454612671525501,0.0040312813121875,0.00371223360499058,0.00354738330357784,0.00350347700111225,0.00354570014013492,0.00363018840338106,0.00370570379081769,0.00372431428734382,0.00365593026489291,0.00349859928618867,0.00327869974091397,0.00304156494676364,0.00283698984614875,0.002706819809636,0.00267813725901955,0.00276195668783204,0.00295438364133341,0.00323741474191475,0.00358040147390445,0.00394469021767357,0.00429430553085144,0.00461062265624432,0.00490449849931861,0.00521773887588169,0.00560913578115715,0.00612916728919534,0.00679425597338154,0.00757447433221899,0.00840249561459716,0.00920084304357362,0.00991457877489805,0.0105326932157455,0.0110880197498091,0.0116365907708946,0.0122288887843025,0.0128887866740399,0.0136102012690885,0.0143704544505776,0.0151488624650522,0.0159374823800168,0.0167368940147815,0.0175412262726484,0.0183244852769994
1.37379199697984,1.38236133364237,1.41215590530151,1.46490806922886,1.54242646310493,1.64621294024471,1.77686980519237,1.93347918474038,2.11313757295774,2.31074731284945,2.51905612253124,2.72886084212436,2.92929659673681,3.10821069563882,3.25271688147825,3.35006714167681,3.38891573408742,3.36088812041902,3.26217195411575,3.09471127376648,2.86658968415934,2.59135609567774,2.28632921273248,1.97021482609082,1.66057037924152,1.371683751725,1.1132890762407,0.89028320520846,0.703328371459446,0.550022340270309,0.426242424790593,0.327322137112354,0.248857890447036,0.187101650659129,0.139020090612074,0.102161704136299,0.0744700933874141,0.0541382539978231,0.0395410913319249,0.0292370211597067,0.0220049648936431,0.0168794120581619,0.0131590135260635,0.0103807854398962,0.00826756623382763,0.00666503943844052,0.00548425968423488,0.00466130128348657,0.00413601837213196,0.00384610740037371,0.0037288756532195,0.00372423135388772,0.00377674371253273,0.00383680413911937,0.00386354015256529,0.0038293876156742,0.00372492560091502,0.00356093212417793,0.00336533036536019,0.00317604141707523,0.00303183012687559,0.00296497288076814,0.00299685885184114,0.00313612650528519,0.00337778479718711,0.00370243801932035,0.00407773517764592,0.00446419655692323,0.00482701951999542,0.00515068041090475,0.00544968067582265,0.00576828354836115,0.00616576377695123,0.00669192836791892,0.00736325948538924,0.0081521495383907,0.00899566978410812,0.00982061935173625,0.0105731026114862,0.0112378278476819,0.011838583778633,0.0124210462264444,0.0130289392875898,0.0136869140710882,0.0143980296593485,0.0151541613971641,0.0159490200037566,0.0167831262645856,0.0176560271643009,0.0185512285148726,0.0194255499811586
1.34248746733983,1.35070586855556,1.38170378617721,1.43761686372506,1.52080326940641,1.63342222319,1.77673886378191,1.95034820735564,2.15153125956693,2.37488702328404,2.61227400447094,2.85300880624001,3.08425598685995,3.29160093999294,3.459875654965,3.57433509164645,3.62221070248966,3.59450299080628,3.48768445266998,3.30486332235364,3.05598858887455,2.75687673304101,2.42715404527674,2.0875251750038,1.75697779612397,1.45054239206243,1.17804299388587,0.943973589709447,0.748326373425715,0.587984640054759,0.458231599448936,0.354007387687778,0.270716544078326,0.204569010311512,0.152569578116007,0.112324638365555,0.0818175800381904,0.0592471866026812,0.0429584999148367,0.031449114745878,0.0234133505397671,0.0177869624594422,0.0137686366803129,0.0108089770668223,0.00857036467301969,0.00686901551403389,0.00561255800347554,0.00474670397703103,0.00421889385795057,0.00396202706242861,0.0038950113372857,0.00393314776198073,0.00400145650029911,0.0040446391248123,0.00403191657241292,0.00395618635358708,0.00382942566175436,0.00367622118371655,0.00352681019111709,0.00341149965608367,0.0033565270204241,0.00338198777543289,0.0035004690612308,0.00371544071113979,0.00401904633650944,0.00439011996336752,0.00479556284703678,0.00519695243759348,0.00556292300092905,0.00588323157516779,0.0061778850682964,0.00649514296758001,0.00689605683208852,0.00743076064932534,0.00811618095086607,0.00892627485620169,0.00980014709515468,0.010664852270332,0.0114624966024198,0.0121687206126658,0.0127952488773547,0.0133772690317374,0.0139546801426877,0.0145579630473159,0.0152047564270918,0.0159055371356818,0.01667004906917,0.0175066983451342,0.0184124783565251,0.0193595059961272,0.0202886704598183
1.3236160415273,1.3306583372446,1.36184372353273,1.41963961213047,1.50687340648868,1.62629404319693,1.77979766622836,1.96751501340781,2.1869982704325,2.43269007636344,2.69575090765052,2.96422713946668,3.22351244644253,3.45709295535506,3.64762555403181,3.7784107448289,3.83523883351844,3.80841829652908,3.69460782356724,3.49796703669783,3.23019701743178,2.90927567423106,2.55703944632836,2.19610067371008,1.84678924680096,1.52479284923407,1.23994649268079,0.996276805441836,0.793065375461927,0.626471791382861,0.491209235672145,0.381876862800626,0.293757032764243,0.223090754128068,0.166984728256991,0.12314970772269,0.0896361828049156,0.0646604717827143,0.0465403563582202,0.0337122571813802,0.0247862527371681,0.0186009067975862,0.0142558424836033,0.0111131814875922,0.00876865450956565,0.00699950843043052,0.0056995810668985,0.00481593428130433,0.00429953105032838,0.00407917722650468,0.00405974661617697,0.00413784347003399,0.00422418659425136,0.0042608596414111,0.00422761069291583,0.00413606922813592,0.00401671043060915,0.00390487997168834,0.00383062674739187,0.00381493280051726,0.00387046107311676,0.00400444285209045,0.00422008550520009,0.00451514958489058,0.00487856375224451,0.00528752909263805,0.00570910462091778,0.00610769947718875,0.00645784975444813,0.00675730341114034,0.00703394441470538,0.00734152538304353,0.00774317396489102,0.008288422094108,0.00899271743717939,0.00982906899214205,0.0107359842222698,0.0116384934765487,0.0124732012744427,0.013206280424611,0.0138382280349155,0.0143956328063713,0.0149169420274828,0.0154404541552176,0.0159990946000153,0.0166208446420848,0.0173287727098605,0.0181358527790274,0.019034143237372,0.0199844454715056,0.0209150993247338
1.31729491938802,1.32240729156129,1.35275841563276,1.4110392025245,1.50042189157435,1.62413152625643,1.78462478127525,1.9825705607616,2.21588691177135,2.4790501935473,2.76279336011586,3.05421254331561,3.33725877949943,3.59361173474522,3.80397246444664,3.94980693799905,4.015475413835,3.99050414888808,3.87156843787362,3.66366120695867,3.38000215287988,3.04051041498509,2.66904508844052,2.28997975242226,1.92487975481292,1.59001574814393,1.29518376546643,1.04391179342563,0.834756746751385,0.663159215137497,0.523287619200397,0.409445018107061,0.316850901647262,0.241842267186628,0.18168834959864,0.134252765918053,0.0976861000083209,0.0702412188831129,0.0502186245971776,0.0360001894746572,0.0261188755280115,0.0193243939312691,0.0146248240461312,0.0112974027441588,0.00886875108511564,0.00706881577653964,0.00576604821628496,0.00489793465326904,0.00441230165530873,0.00423330066906615,0.00425678582234018,0.00436880040237925,0.00447375806507785,0.00451620120391943,0.00448717859145664,0.00441379203218767,0.0043392667001999,0.00430352903183348,0.00433161617150535,0.0044326923926877,0.00460570933611816,0.00484654841511986,0.00515120133567315,0.00551368949573657,0.00592111319510453,0.0063499595105638,0.00676832729443058,0.00714472559366369,0.0074613626795967,0.00772592680295101,0.00797564915064758,0.00827006600348178,0.00867309825231842,0.00923096919338445,0.00995422074853033,0.0108117981289182,0.0117398011903148,0.0126613378903875,0.0135095441041944,0.014244527345053,0.0148593689973569,0.015375192165435,0.0158305006856663,0.0162707018705463,0.0167409870724927,0.0172819817686722,0.0179243996139472,0.0186807084616903,0.0195351010516416,0.0204375202127868,0.0213081323705752
1.32195362881157,1.32462805702842,1.35332928470327,1.41083630086565,1.50051013823301,1.62590369454691,1.78993041169439,1.99377427145039,2.23580321483208,2.51072798363011,2.80916040309213,3.11762809153419,3.41905142268305,3.69369355040918,3.92061687971857,4.07965648448942,4.15380866650007,4.13174280650681,4.00995338712987,3.79398199690052,3.49824096927266,3.14427026927725,2.75767550252023,2.36438334821064,1.98706087247253,1.64249375907495,1.34041930975871,1.08387592338244,0.870718513496891,0.695696760359064,0.552465921490778,0.435069347773811,0.338705738751845,0.259854178259972,0.195992283478304,0.145177107228672,0.105691194456848,0.0758468113320226,0.0539436415914669,0.0383229767647647,0.0274550880412024,0.0200161773969337,0.0149369122521435,0.0114191671500814,0.00892270562508252,0.00712483811017647,0.00585816217437657,0.00503928929362824,0.0046051398836208,0.00447363329577539,0.00453622849109769,0.00467681637479822,0.00480203146952193,0.00486416447614604,0.00486582136549163,0.00484504235559391,0.00485040082943627,0.00491880161931152,0.00506482871972891,0.00528383678338656,0.00556249789678524,0.00588912360481736,0.00625707926723101,0.00666067752835285,0.00708790093366687,0.00751587600007478,0.00791421858505553,0.00825574961931598,0.00853065338515832,0.00875685535400753,0.00898073959013962,0.00926637009122298,0.0096758727111818,0.0102485423534096,0.010986251735799,0.0118511768888798,0.0127764248722072,0.0136852007880784,0.0145114685527256,0.0152147746624773,0.0157860206949198,0.0162444086037273,0.016629386216761,0.0169914157331903,0.0173833670465186,0.0178523415368585,0.0184302283883341,0.0191236002851791,0.0199057460612766,0.0207159977673378,0.021470248485326
1.33473864253639,1.33489310703268,1.36156123006505,1.41745812598236,1.50595935827966,1.63077475740707,1.79514257686852,2.00070629730325,2.24633478908633,2.52714650236493,2.83392456496706,3.15301688963342,3.46675867376834,3.75444720656196,3.99390574346134,4.16363398513997,4.2454151677618,4.22704739128249,4.10466908542648,3.88406459916157,3.58045321300236,3.21659164048798,2.81946839206887,2.41628403594567,2.03063342755987,1.679745048747,1.37330415779111,1.11391298517079,0.898793614474757,0.722067850117921,0.576924929224226,0.457180333467987,0.358034661475388,0.276129239476557,0.209171487094963,0.155434964196949,0.113357334165164,0.0813320595921311,0.0576783706078418,0.0407170378877842,0.0288764795855189,0.0207807092269927,0.0153026563458076,0.0115836591100253,0.00902392806794095,0.00724729055087479,0.00604350685176847,0.00529916941257558,0.00493330051471402,0.00485562980158089,0.00495666796477495,0.00512494464452712,0.00527606493141738,0.00537363969881813,0.00543063487578455,0.00549052666215183,0.00559955615391013,0.0057845277851413,0.00604541171170303,0.00636358563075667,0.00671691991032369,0.00709186732320674,0.00748530487532778,0.00789686986281128,0.00831852196767378,0.00872913123224009,0.00909945005482382,0.00940543737977415,0.00964380567918194,0.00984115172313457,0.0100511558458128,0.0103399825590284,0.0107648741088746,0.0113547579864855,0.0120997781760506,0.0129535976713642,0.0138466823630202,0.0147050504805343,0.0154681456780465,0.0161004936522533,0.0165958935551801,0.0169750089535945,0.0172791664793948,0.0175622610551957,0.0178811418291261,0.0182844710268013,0.0188001886819236,0.0194246128461461,0.0201173829713873,0.0208067427485222,0.0214064504383966
1.35205521998071,1.35016363165375,1.37502189704957,1.42912437381026,1.51568269261184,1.6383827330148,1.80063370180103,2.00444536984616,2.24918570022556,2.53049191558296,2.83955019099959,3.16287256911976,3.48263915706073,3.77765556857806,4.02496907689146,4.20213450248063,4.28998139793503,4.27552144719163,4.15443015122146,3.93245178290443,3.62520190944404,3.25618676562922,2.85333232830562,2.44475652280302,2.05475519777801,1.70091004157668,1.39287878456712,1.13292352179819,0.917753965173615,0.740970894504203,0.595369773814575,0.474572708619064,0.373788587201093,0.289814030406494,0.220578982712851,0.164573429393353,0.120399102948729,0.0865469225956399,0.0613765425074126,0.0432116395960459,0.0304634628674041,0.0217285082495287,0.0158446929673225,0.0119110823738012,0.009279936893348,0.00752579485717752,0.00639369072397117,0.00573525508960238,0.00544711427175659,0.00542924555849025,0.00557308583592808,0.00577563625051986,0.00596472701506504,0.00611572668226001,0.00624873016433541,0.0064066380099404,0.00662671813885762,0.00692082500369492,0.00727295250459514,0.00765301804714089,0.00803560170864865,0.00841214182035782,0.00878944861257572,0.0091771938716744,0.00957374476357645,0.0099599687180883,0.0103063508882182,0.0105895683093987,0.010809964721856,0.0109997713547089,0.0112169408145515,0.0115267853221433,0.0119788640927199,0.0125892833560464,0.0133346744143393,0.0141594622759997,0.0149921210767213,0.0157635917233045,0.0164221195778478,0.0169411765976814,0.0173213212696252,0.0175877171148142,0.0177852991940863,0.0179716673510885,0.0182066293504623,0.018538455973008,0.0189886852947318,0.019540856143721,0.0201387863593868,0.0206982431907716,0.0211306356722754
1.37012052900328,1.36723795351908,1.39117267864632,1.44404981386926,1.52874954214245,1.64875726802063,1.80748687590347,2.00718407741367,2.24764970994024,2.52506424621303,2.83115266688415,3.15284804621124,3.47254748259804,3.76902596370674,4.019056669121,4.19972568234082,4.2912841981733,4.2801639796367,4.16157183131297,3.94098906108078,3.63402630172196,3.26443533897562,2.86056747827079,2.45102758727359,2.06052684714765,1.70688184974781,1.39975304940442,1.14119208246033,0.927564372086829,0.752102205041131,0.607310600762255,0.486663255692471,0.385374845381836,0.300368641468352,0.229763906752957,0.172244124637677,0.126568315840485,0.0913329085636039,0.0649560491764402,0.0457874042759207,0.0322456382370456,0.0229237746138253,0.0166468275222492,0.0124903546478733,0.00977272307090299,0.00802779593468881,0.00695950785322225,0.00638479639008255,0.00617693084042711,0.00622558317584766,0.00642340396891783,0.00667620383151779,0.00692308016823251,0.0071479749912432,0.00737289165425181,0.00763427843171632,0.00795588523297786,0.00833310007745339,0.00873612938326468,0.00912875092876772,0.0094892196417074,0.00982082028865991,0.0101456717798993,0.0104866871527454,0.0108496567523748,0.0112166436401036,0.0115557203877117,0.0118412099957993,0.0120734438633553,0.0122864378191723,0.0125387708255303,0.012891857046427,0.0133853976755217,0.0140214301576335,0.0147626094594256,0.0155442093987926,0.0162931711400739,0.0169461567923064,0.0174614482713818,0.0178232569382927,0.018041272487506,0.0181479587519725,0.0181947854159949,0.0182457400804478,0.0183656926049965,0.0186038076737934,0.0189755698286503,0.0194511499558047,0.0199571408529797,0.0203948646216656,0.0206711975599209
1.38545601415063,1.38310716113518,1.40756788434853,1.46046944937307,1.5442205898418,1.66195036540622,1.81691228017408,2.01142868809662,2.24560301583527,2.5160878227206,2.8151680320937,3.1303406831779,3.44450102585039,3.7368062029179,3.98426305248112,4.16402485570773,4.25624103159254,4.24709071356775,4.13142073712408,3.91431175794173,3.61100999944678,3.24500514607297,2.84452251506676,2.43816688103911,2.05072526053913,1.70009606498856,1.39596500632442,1.14032078545921,0.929386955059178,0.75621810359813,0.613162865071395,0.493607768175146,0.392771474604264,0.307664112906355,0.236544179985832,0.178248933335072,0.131674766442943,0.0955229926323828,0.0682828148133915,0.0483486399774891,0.0341665437834122,0.0243450884693262,0.0177139386555152,0.0133411867029114,0.0105254372994303,0.00877139162512567,0.00775026054372896,0.00724956130826893,0.0071218932557649,0.00724730850736958,0.00751861109136409,0.00784751572637676,0.00817955405872436,0.00850093436565766,0.00882902738875108,0.00918883551536775,0.0095887932072027,0.0100099928540666,0.0104145004730469,0.0107675022992349,0.0110583858018896,0.0113080252420689,0.0115571320009035,0.0118428426980565,0.0121777169508154,0.0125433809443647,0.0129032031705654,0.0132262038874065,0.0135090586721444,0.0137834556297157,0.0141046001998046,0.0145268596236281,0.0150783151802623,0.0157465975150494,0.0164809788682447,0.0172083478178066,0.0178544372310183,0.0183613752284204,0.0186970443444733,0.0188564912197288,0.0188598080782235,0.0187494553655936,0.0185873010627252,0.0184481159035536,0.0184060134101267,0.0185144119151732,0.0187849267619781,0.0191752392078115,0.0195942819946775,0.0199272255727177,0.0200735293021165
1.39529773561011,1.39523416206207,1.42198196091451,1.47659469986206,1.56091408441496,1.67759459046467,1.82958202099966,2.01910213061295,2.24637850994541,2.50837582082464,2.79784485240091,3.10286541930735,3.40700018315648,3.69012163389404,3.92994509762831,4.10424586400199,4.1936133844311,4.18439822673553,4.07130372370671,3.858969588976,3.56198834010531,3.20311424928326,2.80989489352827,2.41042210423525,2.02918220230995,1.68396842234866,1.38449391125421,1.13282934046923,0.925271806479595,0.754911118481073,0.614096977740621,0.496208243704712,0.396475630137823,0.311957889927514,0.240998286349181,0.182540822271484,0.135591431065044,0.098948119805457,0.0711763180216424,0.050726116861404,0.0360825545508551,0.0258801969593585,0.0189634373030203,0.0144038295527973,0.0114923867571866,0.00971726675992363,0.0087285253188768,0.00829330691762886,0.00824910202577178,0.00846804273104398,0.00884102139751813,0.009280337167271,0.00973039196013842,0.0101714563017127,0.0106094661388198,0.011054548300048,0.0115009482034262,0.0119209813730085,0.012276925873799,0.0125441692055001,0.0127301828742753,0.0128772311619771,0.0130452871291419,0.0132842979418712,0.0136114287157709,0.014005820391101,0.0144242596142501,0.0148282154572357,0.0152075290807018,0.0155874302215593,0.0160153598187521,0.0165350821189032,0.0171612416098619,0.0178671813881865,0.0185902189373272,0.0192504901526299,0.0197733868955024,0.0201062894901608,0.0202258625817848,0.0201375345349363,0.0198726246785965,0.0194860732785963,0.0190539818403332,0.0186663149591863,0.0184105884906044,0.0183478542912714,0.0184883259271586,0.0187788250424148,0.0191114090997999,0.0193547682766714,0.019399052097826
1.39792295754394,1.40179512070415,1.43255074190851,1.49063813749773,1.57729526062644,1.69463588620991,1.84518441840667,2.03090092864971,2.25191451556777,2.50527271582848,2.78399825460414,3.07665462964775,3.36752177287812,3.63741739599603,3.8651683296273,4.02969675158897,4.11258918848638,4.1008475329974,3.98933287292185,3.78230112920648,3.49349439701955,3.1445310776384,2.761773306603,2.37230068391975,1.99991066707667,1.66207752095099,1.36851356318842,1.12149200215637,0.917586402812278,0.750135151689261,0.611657070184803,0.495618775994561,0.397287385792466,0.3137449822296,0.243372850798099,0.185176977807673,0.138242569445736,0.101450113751501,0.0734379225522179,0.0527127099372949,0.0377995398786594,0.0273595582342299,0.0202537487585127,0.0155623443016316,0.0125780699018678,0.0107848385743394,0.00982449740783115,0.00945481899778761,0.00950525112500114,0.00984215545798825,0.0103518024650009,0.0109404809332875,0.0115427321608714,0.0121243279246768,0.0126738133518552,0.0131849956078658,0.0136416800997766,0.0140154176757318,0.0142786509915576,0.0144259756629333,0.0144886781463663,0.0145319671270544,0.0146331857160343,0.0148515480140321,0.0152054673382362,0.015669395287393,0.0161922430729775,0.0167264792834432,0.0172524487696904,0.0177847751847433,0.0183582732614465,0.0190019608293566,0.0197149333939091,0.0204566483256263,0.0211548083870177,0.0217257995730374,0.0220970780035186,0.0222224800113606,0.0220877163450604,0.0217087470130316,0.021128953656592,0.0204175556805849,0.0196673014102004,0.0189857107352654,0.0184755263790023,0.0182067492955102,0.0181894774303846,0.018361433023068,0.0186000479349489,0.0187595490536604,0.0187213208324924
1.39287738213305,1.40189759691633,1.43797478331362,1.50099104094315,1.59161069928413,1.71140070616277,1.86239470917122,2.04613833034144,2.26244180041155,2.50816416937038,2.77633340850368,3.05580012426772,3.33149880477544,3.58530726510355,3.79746398870628,3.9484867387175,4.02147868296553,4.00458082326921,3.89316558283004,3.69124970087056,3.41163447922633,3.07450744602998,2.70462353689445,2.32760428485984,1.96618666384642,1.63729637518598,1.3505798798543,1.10859010697321,0.908343061781957,0.743617034678713,0.607263447717768,0.492942162111019,0.395999580983189,0.313535886241872,0.243939640420189,0.186242896268464,0.139581070046964,0.102897912543488,0.074892412159448,0.0541185155498829,0.0391324503821676,0.0286141622838008,0.0214368131665153,0.0166903641412669,0.0136761936099867,0.011885225809994,0.0109637731059639,0.0106712401271624,0.01083604457795,0.011320712683618,0.0120039269960313,0.0127793368931056,0.0135633546406901,0.0142998037801465,0.0149555847030708,0.01550875399528,0.0159383195278537,0.0162243983291164,0.0163599540942748,0.0163671710241355,0.0163053739184841,0.0162622536105676,0.0163285867485762,0.0165676771793556,0.0169948716632088,0.017577466904602,0.0182554366163746,0.0189712013911931,0.0196932208943732,0.0204213582298151,0.021172706120255,0.021957156559351,0.0227562064902768,0.023516447434442,0.0241596006225536,0.024603214856831,0.0247815171030292,0.0246583461125612,0.0242306864925166,0.0235263350119831,0.0226015527734628,0.0215402410442568,0.0204514872606579,0.0194590615865686,0.0186788287095992,0.0181877091032589,0.017994984810977,0.0180308531511586,0.0181619215596937,0.0182326936191734,0.018119360448151
